0.00115369199956597,29.1277029564977,0.324743954707101,3.95865738483532,25.7310229658646,3.64827088802948,5.03435867507665,1453.05451061362,198.945654854996,1704.55814293413,269.736974313987,119.261399202457,3043.27284900733,87740.5685381405,15.5847889047318
0.00119160823693975,29.1376853930929,0.320772855198677,3.81339388470009,25.7916850631586,3.60133766189416,5.03779942967895,1447.14012356716,197.345031479409,1704.61304844531,268.87832986843,119.253578857648,3041.67680918489,87390.3428816505,15.5906677541463
0.00122820058470127,29.129096553974,0.316604571529063,3.64770432574284,25.8654661304862,3.55140613671526,5.04086999673865,1443.00405727658,195.751796730188,1706.45383898059,268.227019813524,119.369154850004,3043.0726496231,87033.0776403972,15.5965609115818
0.00126604828787676,29.0978648895659,0.312403999579279,3.46436531274248,25.9499443052541,3.49881885074967,5.04367168642907,1443.47381269,194.130364482486,1709.41813442379,267.68510720326,119.561496620172,3046.32450491266,86708.9658734285,15.6024688081704
0.00130699738652196,29.0492539461651,0.308356899634161,3.27413026553284,26.0358685118032,3.44291277848201,5.04686661223616,1446.39627754564,192.432731266604,1712.40118731692,267.099317794388,119.752575172563,3049.54018204005,86440.9762495439,15.6083916084125
0.00135091119415641,28.9980864712281,0.304593803981963,3.08837297886278,26.1142375184362,3.38247527617419,5.05118035700992,1449.56143074718,190.622005192959,1714.70400370906,266.380296102901,119.893288533002,3051.52530719049,86248.54177414,15.6143294628832
0.00139635769824436,28.9644074455832,0.301077220822465,2.91690948765638,26.1792920451541,3.31561486116962,5.05723749258898,1451.84060042063,188.663784499338,1716.04468309433,265.500385700695,119.964262670994,3051.79690442642,86105.1454640966,15.6202813525413
0.00144183721555201,28.9575285029902,0.297746154987428,2.76378843220382,26.230256183629,3.24086523909454,5.06529865191994,1453.08305978621,186.563906888504,1716.56365208576,264.488076048066,119.975535771435,3050.60584575826,85994.0782711327,15.6262463437472
0.00148461874804751,28.974732649466,0.294633448879878,2.62905225559336,26.2701483183652,3.15752801973154,5.07528740590212,1453.63558873859,184.363685516218,1716.62085790922,263.399776521995,119.952188015133,3048.58776118995,85872.6305282,15.6322227549649
0.00151931683620594,29.0093870655192,0.291885026317711,2.51505185524043,26.3064639458148,3.06557964346664,5.08678308849336,1454.05718146466,182.121797447183,1716.73592394677,262.320314256081,119.930432974063,3046.65043336666,85688.3918406953,15.6382084779318
0.00154375806054789,29.0567558445982,0.289499734840391,2.42853940525191,26.3477744126624,2.96567431185943,5.09922160723836,1454.8071256647,179.888848050098,1717.3465028633,261.328424867968,119.940867687662,3045.55283697626,85489.2124330143,15.6442040844979
0.00155888615437831,29.1143338267364,0.287414520701229,2.37250794183729,26.3957839016822,2.85906953643177,5.11233277405341,1455.87583915986,177.673458317912,1718.37393630847,260.418367998396,119.978125995989,3045.16024658914,85302.2740678955,15.6502098638153
0.00156730901763489,29.1800165402341,0.285514981105231,2.34225596019956,26.448309303265,2.74784602954522,5.12593062622577,1457.06341879738,175.460656017896,1719.54128324935,259.544293052809,120.023219950056,3044.9957021219,85100.5624060293,15.6562245004659
0.0015733528379158,29.2484263907423,0.283609992039196,2.32430297126992,26.5058260218243,2.63519234548357,5.13950547090497,1458.38710864726,173.244315575907,1720.84725681188,258.692316628515,120.076537655576,3045.05753029107,84839.4565527267,15.6622458738009
0.00158123001168646,29.3110399548348,0.281630966915793,2.30110746668072,26.5711489032659,2.5249800093316,5.15231665808085,1460.02260132091,171.029096550911,1722.48882150402,257.87368331356,120.152214676536,3045.68532315813,84560.7262210455,15.6682744587057
0.00159288178287798,29.3637024553021,0.279583821791556,2.26380149439185,26.6437042762953,2.41995418062743,5.16399234865557,1461.90505614232,168.808406355827,1724.38848818313,257.067028908701,120.245204886031,3046.74486434775,84290.5255608385,15.6743105933269
0.00160824379239915,29.4072808053404,0.27754796127713,2.21415705037757,26.7195279095442,2.32126703632841,5.1745970712907,1463.76900679952,166.569338158929,1726.23901910449,256.227738245147,120.334444228708,3047.70804820033,84072.0791971937,15.6803554170366
0.00162442436949035,29.4430184599955,0.275701457047596,2.16331669763218,26.791095471886,2.22833508093028,5.18465751687942,1465.20113553655,164.303925779504,1727.56200295072,255.295380710418,120.386715235026,3047.76173131355,83959.4169833842,15.6864108067821
0.0016370525720052,29.4697149620673,0.274138014947938,2.12683759390271,26.8505796723033,2.13902239026094,5.19493940162977,1465.84200284724,162.019567700499,1727.94432381692,254.224693258912,120.373120743684,3046.21517473424,83900.0785964169,15.6924746251336
0.00164393410461638,29.4863478383683,0.272873278647824,2.11256787843808,26.8968164780747,2.05141749587487,5.20578517499422,1465.78713855694,159.742132246769,1727.50724199531,253.042967843209,120.30210836626,3043.29292497191,83858.1217674241,15.6985448416778
0.00164498504058076,29.4935135428071,0.271897527342226,2.11864780739414,26.9336072992133,1.96453249861277,5.21711285322907,1465.40559187737,157.496434626892,1726.6884999074,251.815931784542,120.204304456251,3039.75325837698,83806.1801096548,15.7046197260821
0.00164193186149484,29.4925371295258,0.271198118883612,2.1352581897423,26.9668613751029,1.87832168732706,5.2285870016526,1465.09725452051,155.288583120331,1725.95579887086,250.611450189458,120.112575619156,3036.3940703784,83717.6789456629,15.7106975482977
0.00163839981512387,29.4845025785741,0.270689366796697,2.14895776029635,27.0017184998272,1.79363844543575,5.2397964101412,1465.12537498459,153.1037808034,1725.61157285802,249.474872491101,120.048396851564,3033.72186330488,83617.2565779726,15.7167785989472
0.00163668391798034,29.4702920378627,0.270279855562269,2.15228220479023,27.0389035699724,1.71183240754048,5.25050951747637,1465.45202157815,150.923160843716,1725.60500915336,248.399475846952,120.00854955693,3031.64102726274,83522.1098105597,15.7228630811675
0.00163506164367606,29.448999856187,0.270286975925423,2.1497432256823,27.0714838693183,1.6340890610935,5.26095912903263,1465.64610601549,148.731124212059,1725.42406290624,247.316264433613,119.957530499634,3029.27958482965,83607.3776181576,15.7289578846277
0.00162322767542324,29.4110587670448,0.271750194810869,2.17137950607953,27.0741934609482,1.55898552952264,5.27282546228516,1464.32413871123,146.494717714465,1723.43001671092,246.026017331222,119.781225055539,3023.86931025377,84147.5251082539,15.7350733217905
0.00159292630853737,29.3363251289172,0.275208977524865,2.26762443673679,27.0139198971824,1.4813539462086,5.28878548738807,1459.71861109751,144.181072474122,1717.53547369494,244.30133001162,119.334601425431,3011.90309674972,84918.9833664702,15.7411973830956
0.00154802970135877,29.2113358876882,0.28070821691967,2.46259819362379,26.8848690791034,1.39876642548489,5.30952597006374,1451.91664457461,141.837595826531,1707.85574418366,242.197381156698,118.626569097504,2993.62742986689,85746.823095294,15.7473209688807
0.00147726736702474,29.0382700222798,0.290387676060723,2.76514849612714,26.6995875931096,1.31131320881816,5.33433125825216,1442.34897300819,139.573839290297,1696.08508209169,239.975109646489,117.775676183487,2971.99473683796,86749.5817214777,15.753445985505
0.0013471415510571,28.8360291669022,0.312669229086019,3.26252599662444,26.4640083753325,1.21078178718697,5.36426853067009,1432.07023537538,137.524197355186,1683.4315991577,237.962856099116,116.865395317589,2949.26259758567,88174.0205679455,15.7595758671741
0.00118156616247443,28.6357614496067,0.35794446669535,4.1364364061906,26.1800436890497,1.07972660381511,5.40221778835181,1420.41842153323,135.729023305132,1669.04696376477,236.377152508628,115.835711051543,2924.27240642544,89785.3581829667,15.7657027003925
0.000469715809716571,28.458674269297,0.464012933461503,5.47390505705521,25.872511141344,0.898813717249972,5.44955789347519,1406.76226774651,134.150038837908,1652.16358033219,235.274430351568,114.633619558268,2895.81311257334,91428.7209085659,15.7718232767306
4.79996975370488e-08,28.3219671023282,0.921063912644825,7.1884420694997,25.769598933912,0.528300941769436,5.51064389445001,1409.45804722903,134.112786729131,1654.45132098467,237.338073615071,114.759776390291,2901.22604439674,102491.027824663,15.7779120157257
2.53693998153755e-08,28.2233664978204,3.53297137118385,9.08607706291257,25.5952649248376,0.102589164473295,5.58098051209278,1401.44705060035,134.100319994518,1644.03213969665,237.233865121482,113.998807555058,2885.02358333104,104754.396554412,15.78402911802
8.27684811184549e-09,28.1463158466797,11.6414038871535,11.0543066616264,24.8160711831206,0.0162887098466283,5.63329505200421,1391.58092447003,136.362894895069,1631.0597449414,233.628542182581,113.037261149651,2864.54160182733,107122.248387501,15.7901393887472
9.4458950873025e-10,28.0960913155031,21.0398618560469,13.0570705029338,23.7938173779545,0.00836297481752436,5.68820302413518,1382.77669961273,141.198570456291,1618.98817109161,229.770223946012,112.100038923526,2847.46946127651,109425.622775311,15.7962417878538
1.53002238720618e-11,28.0791368545602,29.3298562860028,15.0270230238747,22.7400726612926,0.0070434038687742,5.74663914153039,1371.2725787175,147.501530496224,1603.49136098895,226.826888630536,110.899490352591,2826.68258402848,111085.675846918,15.8023334913754
9.64415296007381e-14,28.1151896315259,36.3759954753913,16.7911124759794,21.7834675461331,0.0054667037199808,5.80098512619774,1365.29114382776,154.845040314563,1594.36533448691,225.705134517564,110.135140350936,2818.07137034914,111639.448531879,15.8084130962803
2.34966803442426e-16,28.2266518019227,42.3350511429421,18.2151034202779,20.9795268511758,0.0037506539819714,5.84688533536355,1366.66291422601,162.659906736714,1593.83189017471,226.031498746705,109.975595355692,2824.5217606667,111790.961072192,15.8144849676046
3.22724118910263e-19,28.4079694996524,47.5059524891014,19.3416289510501,20.2967067355234,0.00223683045212143,5.8857957087217,1372.169023846,170.785885367638,1598.07805406886,226.949774396335,110.1556617692,2839.29474343591,111748.804981292,15.820549955484
1.98030005021132e-22,28.6393261640269,52.070426814695,20.2528140439144,19.6972389210337,0.00116547053475312,5.92008296177635,1377.61001109822,179.022104256114,1602.16193386359,227.745898933228,110.328155747555,2853.87465302197,111404.964713978,15.8266069017662
4.0314852587126e-26,28.9012050602906,56.0524839281661,20.989054325784,19.170560808602,0.000525234672596237,5.9506880328407,1383.03291926261,186.948467887959,1606.2299639627,228.536203656024,110.503405631203,2868.19340085071,110687.503379333,15.8326546683648
-2.35381419105665e-25,29.180044684728,59.4875914673233,21.5683782041025,18.7142246876526,0.000211047683429368,5.97786139501991,1389.24132625345,194.0206000826,1611.34209578843,229.503657480263,110.757518748221,2883.58353428473,109825.850222845,15.8386938246406
-8.44568615026204e-25,29.470557702158,62.536063840865,22.0164440851551,18.3140522146189,7.98907471929772e-05,6.00221937467505,1395.92014269626,200.229089065578,1617.12944601478,230.5106012227,111.064159691655,2899.36140364151,108914.222325816,15.8447243013097
-8.75571025186184e-25,29.7644266505983,65.3916663034043,22.3586522442434,17.9548347428545,2.63080802199637e-05,6.02436567812496,1402.60034901753,205.826963840016,1623.00915230908,231.374315593944,111.3806273141,2914.68912459494,107950.498313457,15.8507454294018
-6.74548638138537e-25,30.0314618251177,68.2046488257692,22.6179639688135,17.6273604529847,7.31518114137459e-06,6.04468995391915,1409.18725646345,211.003860638073,1628.91319586782,232.075319517148,111.700248145527,2929.55850311468,106934.073907056,15.8567565028732
-5.01757175969139e-25,30.2347751163504,71.0708805959357,22.8173801479845,17.3248511254713,1.84760926798738e-06,6.06355571712282,1415.62195314852,215.82316257606,1634.85724972692,232.68730080245,112.022888761909,2944.03108748454,105956.274200297,15.8627575839212
4.1004775321938e-05,30.4105532287561,74.0243129269909,23.3421529614132,16.8359872201859,0.00244664467551743,6.09448001225652,1398.22763438791,218.80478223104,1613.0550398097,230.172162186744,110.426691541215,2910.53042975821,95833.2097041355,15.8687725315989
5.94122685100745e-05,30.5646797237187,67.9901157546254,23.9225064941811,16.5195524864829,0.0145066963686493,6.12982645165994,1385.77590128432,222.317427817472,1597.18403523839,235.425545552484,109.268815543785,2891.55936481094,95108.717518804,15.874754621945
0.00013712068104965,30.6960970470717,52.0592232584353,24.2029653019361,16.6308952267728,0.0381353672422271,6.15337895733218,1387.37559240016,225.992548128971,1598.09178443684,250.477815939589,109.32499715931,2905.41038876433,94641.4260186511,15.8807274812532
0.000146323649846006,30.8441337132736,35.7517316817525,24.0482514789664,17.0329310016112,0.0766977812272363,6.15354381054593,1394.17831840961,229.17701918951,1605.34093120198,266.972881266562,109.867404759731,2929.83940014262,94303.3722228814,15.8866896517331
0.000151900377708683,31.0238984646208,22.98562944543,23.5902707102249,17.5245789198805,0.126963219765861,6.13703361711159,1400.49693262708,231.667892904232,1612.1585196931,281.01422666069,110.409729614411,2951.5218291877,94044.2495356884,15.8926401596926
0.000157884907094513,31.2248265375081,13.8394343971003,22.994614953812,17.9810991330851,0.190841523869823,6.11287026118412,1404.84856225276,233.563065415608,1616.74857985718,291.895905721823,110.811883888423,2967.24361009893,93686.9940110605,15.8985766992291
0.000165745039502094,31.4214552515873,7.65161854278697,22.3588254285187,18.3734304265045,0.272890579380039,6.08457368307195,1408.42316253451,235.106625465591,1620.47384669183,300.055652804197,111.158948952826,2979.65326309474,93065.6832590812,15.9044967698427
0.000177985016717737,31.5891402927575,3.90613434811473,21.7292223373964,18.7114203486994,0.384981202786882,6.05140807355941,1412.76734584063,236.548359519503,1625.11989454145,306.118403121128,111.570194636428,2992.19680971717,92420.2091872946,15.910402009144
0.000192505912726468,31.7237065367076,2.18798585469104,21.1156464687329,19.0002847400382,0.536289056904819,6.01256998166772,1417.77823779433,237.936804339071,1630.56472779104,310.445089208434,112.035751756404,3004.9306543561,91837.6170865788,15.9162929358732
0.000202336470315154,31.8322744845714,1.57122033317371,20.5252647801766,19.2638162881713,0.701901141488458,5.9715755442315,1422.4408901763,239.169107856624,1635.62616410731,313.648734732685,112.474725705334,3016.24127339548,91505.4718551906,15.9221715522466
0.000209783775307673,31.9165858163186,1.29267778629259,19.949676571158,19.5031599546672,0.861957792524331,5.93224628425109,1425.18594357559,240.061616266066,1638.45608266545,316.032171693295,112.760554759791,3023.20873336454,91615.0116229703,15.9280401653965
0.000217268753652692,31.9674192883988,1.1194387280966,19.3605631626565,19.6949439015378,1.01647833878025,5.89618136680453,1424.86875947381,240.425271631504,1637.69169876292,317.482926353132,112.799345156637,3023.44721688735,91882.2684869987,15.9338947210458
0.000225605257119816,31.9786009078091,0.98878647455236,18.7450091941352,19.8352385593827,1.16894350696103,5.86324300638412,1422.18608539525,240.255588242226,1634.13880354932,318.147090347054,112.646808687641,3018.34329004226,92176.9486747901,15.93973281849
0.00023475470832506,31.9552227373633,0.884163530369513,18.1165331211478,19.9342422995153,1.32120446954079,5.83271361688945,1418.68553716632,239.730335449301,1629.61222800946,318.361180729623,112.427954004093,3011.14832124337,92503.008240053,15.9455538679888
0.000244069382599166,31.9154438495824,0.803775002396928,17.5187413244578,20.0031278871438,1.47077667919308,5.80441365142366,1415.58542908701,239.065271915449,1625.56710608578,318.436421719831,112.242896309045,3004.53192668758,92887.1006165031,15.9513575914231
0.000253388685043168,31.8826173009943,0.743480816641507,17.0076058933431,20.0502901321939,1.61239228722591,5.77869696968979,1412.81555511727,238.310775386438,1621.98081715845,318.444697513121,112.08969781203,2998.50013966662,93288.5432713584,15.9571429709386
0.000262928321184235,31.8655681412937,0.696439018914982,16.6007765904005,20.0808521873331,1.74413615442086,5.75556235902434,1409.85095550521,237.427378137644,1618.2619897957,318.324758511227,111.92706545236,2992.02040200542,93689.3110187788,15.9629092640349
0.000271614361928907,31.858382295567,0.660643289721871,16.2883829371081,20.1014548169585,1.86541537389323,5.73469940156216,1407.03362717404,236.490293037608,1614.78160553416,318.179779994774,111.780132173964,2985.82591450409,93985.0414645147,15.9686549463951
0.000276915714480512,31.8456004640096,0.640296406392401,16.0831454949472,20.1302303234115,1.9718796740294,5.7157902567726,1404.8838346383,235.634726788501,1612.11783993516,318.202965342702,111.686744816072,2981.08145885915,94072.1728418689,15.9743785823803
0.000278445652843988,31.8108805428619,0.63390006242674,16.0255321596046,20.1897860849463,2.05582083455687,5.69883451917906,1404.4116979676,235.122818057423,1611.42477306869,318.747920555061,111.723968622028,2980.06713811447,94094.4006181774,15.9800810582402
0.000277692035026773,31.7510523997245,0.636698315100972,16.122398859364,20.2845589474499,2.11482792356389,5.68393433966224,1405.00999093376,234.928739863201,1611.9924383032,319.747993546968,111.841521443833,2981.58014718737,94104.146730068,15.9857624089482
0.000276422067622094,31.6772372045612,0.644388626092077,16.3385896030828,20.4019978350753,2.15394680031876,5.670914144087,1405.5321589764,234.905116287514,1612.48152224053,320.920519641447,111.947541637457,2983.18549458744,94274.6851100824,15.9914237443959
0.000276611837305266,31.6217168964647,0.652529587135359,16.6008077443033,20.5141909435281,2.18149566108435,5.6598311728191,1404.65695952841,234.976881676071,1611.31299759632,321.843013999997,111.933511912402,2982.05558092084,94754.3579688607,15.9970658290329
0.000277008585988207,31.6279996568876,0.663722259118604,16.8173462399438,20.5956054037152,2.20409132678547,5.65075809054673,1401.53886967389,235.177443995403,1607.44074643278,322.131660284638,111.72709617504,2976.33910001741,95293.3348809934,16.0026857401488
0.000277299050044428,31.7087006993078,0.676424368710557,16.9498919788294,20.6506630179322,2.22147655094532,5.64330812294936,1397.08528679901,235.610724439589,1601.90676792747,321.898633988742,111.401233738796,2967.87076351324,95797.1270067531,16.0082820682264
0.000277681924456443,31.8415091260732,0.690903230159782,17.0198308162054,20.6901074551982,2.23192786091552,5.63724591241403,1392.5202843504,236.343866658423,1596.15811340179,321.469250162497,111.057088748843,2959.21506435046,96425.5224708995,16.013855535543
0.000278449415532683,31.9680069305699,0.710959378536045,17.0777661255906,20.7086799565794,2.23144554591725,5.63361387000816,1388.02933927309,237.321338628862,1590.43710167379,320.992547393255,110.710913224559,2950.79277343312,97346.1372349197,16.0194066893323
0.000279875595304238,32.0160584347017,0.735672134553125,17.1653100551461,20.6941588604324,2.21558054491827,5.63384128640493,1382.45917536919,238.283888314764,1583.4340284364,320.290726695886,110.269934720971,2940.1687805108,98317.5887608907,16.0249330902045
0.000282105303541244,31.9669862866291,0.762613578435079,17.2851451279512,20.6477406259499,2.18657749874211,5.63762521360669,1375.40607449041,239.094516771792,1574.69977948467,319.288122691251,109.702638325281,2926.45733411491,99253.7802461224,16.0304336551282
0.000285250585889589,31.8505373588507,0.787745729036531,17.4195341567681,20.5797722109909,2.14929124681084,5.64375482167519,1367.12839770498,239.783607194736,1564.54483716021,318.024303718035,109.031261863242,2910.19989339464,100018.950424472,16.0359072326547
0.000289409673721663,31.7188395357049,0.803968067622067,17.5462778814233,20.5055677605098,2.11079365404749,5.65039663503575,1358.50893056364,240.531845063295,1554.01875580591,316.659145106956,108.330508679537,2893.30734656098,100503.618430213,16.0413529485985
0.000294578002576921,31.618731474964,0.810930305393466,17.650947634907,20.4363552374909,2.0779023836711,5.65594879945264,1350.76913300687,241.609624573711,1544.56525249601,315.427545614376,107.702970356436,2878.43868963231,100888.885020396,16.0467714243583
0.000300378757520757,31.5581362676645,0.81269088101923,17.7333707752943,20.3713570603579,2.05102965190225,5.66039954566229,1344.06794859648,243.075804819895,1536.3629075855,314.365119202717,107.161435712747,2865.95176118357,101224.433070938,16.0521624997193
0.000306140638343284,31.518961244284,0.808633397844522,17.788523584092,20.3114426021813,2.02849143701907,5.66397346421413,1338.44691743186,244.817216128355,1529.44507874132,313.500943218242,106.708401367871,2855.84269477425,101332.249234137,16.0575248553628
0.000311131887491156,31.4723539411344,0.795899089170739,17.7840480260999,20.2711283054253,2.01171626412683,5.66570872589729,1334.75106285978,246.588566976699,1524.80425295926,313.040923115782,106.414898371998,2849.64711967019,101072.724864057,16.0628573425615
0.000315477773250286,31.3929047940987,0.776303614001376,17.6820520560063,20.2647275560306,2.00430396145074,5.6643275355083,1333.688623448,248.115022114324,1523.28857409452,313.153596021343,106.342250758844,2848.61410142433,100694.524730732,16.0681606542577
0.00031920426345756,31.2783834075399,0.753323070073772,17.4850627509994,20.2888890894466,2.00681904614421,5.65992679178823,1334.77452995851,249.334767187654,1524.33432754176,313.733044040489,106.451258494105,2851.72436569865,100275.62852678,16.073434706967
0.000321381967777149,31.1426909765475,0.725505500249509,17.2140522409897,20.3438772382387,2.01875889522553,5.65255681256288,1337.77425565427,250.374331357222,1527.64839145004,314.723409050351,106.721526651632,2858.57969137617,99464.7421985971,16.0786771217101
0.000320479858784592,31.0090806038608,0.691531435056146,16.8848611077032,20.4562895865568,2.04342733616268,5.64029100526749,1344.23860544401,251.556008777785,1534.9832707772,316.461671318204,107.277870533869,2872.48562281213,98004.5320708365,16.0838854443171
0.000316844603253606,30.897912602813,0.657232008023943,16.5124825236355,20.6521786730499,2.08567430754719,5.62101084658743,1355.66543625012,253.197860875006,1548.02077777204,319.277292079779,108.240383463946,2896.63200495866,96451.0121815257,16.0890616135153
0.000311133175387093,30.8102669992086,0.626681031820475,16.112569285123,20.9205481216248,2.14379992673986,5.59553756114667,1370.90503632538,255.241586577483,1565.42237038014,322.91796390676,109.514737914287,2928.66490829616,94981.2100212227,16.0942061602679
0.00030450674369932,30.7385776898748,0.599579823890043,15.692741445437,21.2369019162033,2.21529311522924,5.56553287264249,1388.03593161078,257.437731519544,1584.99281940814,326.94686261695,110.945713725892,2964.56736335788,93666.1264754714,16.0993192536933
0.000298320788279613,30.678636136188,0.574117717819021,15.2572111505351,21.5774774698064,2.30041937370343,5.53219321222638,1405.51943426089,259.546889116466,1604.99161306209,330.981863153523,112.409921307433,3001.09009025128,92552.6804824383,16.1044011451667
0.000292593626157477,30.6313143804321,0.550342293014412,14.8103162265984,21.9246790676423,2.40072341360883,5.49617706385743,1422.44257681567,261.41097202774,1624.39675830134,334.763492670334,113.834523594334,3036.28352838938,91564.8687532866,16.1094510143918
0.000287189128763936,30.5968904695978,0.52899228178559,14.3547388508596,22.2732154770934,2.51589789150365,5.45778403639126,1438.5322277512,262.973782320006,1642.9026627695,338.207757461184,115.197858861302,3069.55422309521,90672.5245376954,16.1144682726337
0.000283935723453738,30.5737809337543,0.510788055874328,13.8926701498875,22.6218819406294,2.64622649713278,5.41707306072382,1450.53900155186,263.701873886272,1656.77571635301,340.578531488939,116.236541346298,3094.00747402805,89836.9035529195,16.1194521364467
0.00028207021991269,30.5601629766565,0.495229756814426,13.4259166022549,22.9690332907285,2.79458901320976,5.37379276361154,1457.13347917641,263.358615311924,1664.46725827091,341.586739472311,116.841828701565,3106.79608412796,89020.0117190075,16.1244016659783
0.000280992654402464,30.5547235464231,0.481429153430333,12.9576804065987,23.3187049284573,2.95766100413866,5.32822185703345,1461.37748819689,262.395803588036,1669.45491560098,341.954096275311,117.260085942769,3114.35748645829,88267.6891149405,16.1293170372657
0.000280894391069655,30.5562276843659,0.468919506856823,12.4930856317828,23.6723477870698,3.12913011190578,5.28118404131766,1465.28905162991,261.148494093992,1674.03609987538,342.16040842146,117.653216730144,3120.96929496975,87597.9595824292,16.1341982808312
0.000282517403260325,30.5634422040079,0.457634469161022,12.0356564010748,24.024127606588,3.30424524592016,5.23368691575223,1469.25654432952,259.74178377175,1678.65960446351,342.304955067847,118.051721868061,3127.50973578332,87122.4747013384,16.1390472646078
0.00028705831316018,30.5750715185881,0.447439565592088,11.5809566661747,24.3555318562294,3.47954274809063,5.18725945490958,1472.38866642414,258.119720843717,1682.32904050356,342.189209052249,118.383795489285,3132.18282789141,86978.9082361383,16.1438668552919
0.000294639176428516,30.5902120173083,0.43793501233035,11.1141610720428,24.6441052383923,3.6510529082572,5.14370740892483,1473.56019867987,256.146975705576,1683.80068228942,341.557045378068,118.560411628451,3132.68378435106,86996.6030167733,16.1486539906585
0.000304919677841595,30.6087673574304,0.428914699141695,10.6244406735044,24.8849715241837,3.81638086484465,5.10364082164835,1472.84240983984,253.809990990137,1683.18566616949,340.4238152005,118.588991939293,3129.17240677261,87078.245364861,16.1534062505138
0.000317726417728384,30.63022370843,0.420384521680206,10.1155111822621,25.0855332139033,3.973752618574,5.06691510159417,1471.03912491266,251.215161152373,1681.40032629469,338.976725250215,118.53410577585,3123.33111155809,87215.9027465399,16.1581229041238
0.000333311089350754,30.6510305209844,0.412407971135735,9.60467000522105,25.2529379177103,4.12056742561788,5.03352931922388,1468.7334035177,248.466106550681,1679.09001833275,337.359834281527,118.44118025419,3116.38629729275,87425.6069726902,16.1628037148924
0.000352047105381321,30.6649108836727,0.404911720169352,9.11352563283257,25.3902394268809,4.2535354851611,5.00380941756309,1466.23493278741,245.632420218678,1676.59027022983,335.657419906526,118.333823287478,3108.9979163398,87681.5934233344,16.1674477300542
0.000374507553948348,30.6688208946697,0.397804179037871,8.65377278485992,25.4995514381428,4.36984684886993,4.97805797251351,1463.70944441955,242.752746780349,1674.08110789214,333.915476038007,118.224339621488,3101.52085357965,87966.0669548349,16.1720541457739
0.000400473192255888,30.6640094317879,0.390735144878333,8.22411420592078,25.588948823457,4.46788549975966,4.9560646189402,1461.31195316052,239.83875117784,1671.73742451703,332.170664193047,118.124280937753,3094.27078729528,88055.0499683734,16.1766191576905
0.000428281644959347,30.6538919443368,0.383312081501614,7.80907470725088,25.6875121273741,4.5499981957891,4.93586772831135,1460.41452131782,237.028862120516,1671.12973050921,330.723884065813,118.144327346451,3090.08197063664,87681.5576833241,16.1811382757204
0.000458289284375659,30.641580717098,0.375754868421233,7.39041259745087,25.8300128437797,4.62208382130513,4.91468568479914,1462.75051249797,234.524931925667,1674.23169133095,329.950517303342,118.424046810236,3092.54267009576,87150.9081507784,16.1856151520055
0.000492052319889134,30.6281140465085,0.368337609713846,6.96745844318679,26.0183227166644,4.68573991803452,4.89220751868262,1467.35827422902,232.222214648631,1679.92456028073,329.630597415891,118.883070559802,3099.63630943473,86617.3620183233,16.1900518325417
0.000530924109087249,30.6133480304486,0.361264461242003,6.54920903964107,26.2322023249958,4.73981010140508,4.86976487433176,1472.39807791899,229.91499593914,1686.09398541171,329.354172804275,119.370291501635,3107.5334450825,86199.1673926644,16.1944502390321
0.000576094748796403,30.5977136298942,0.354653514414089,6.14477983167136,26.4435339692104,4.78131581068115,4.84938910383328,1476.26857306614,227.420872268125,1690.90652840663,328.767721999222,119.754640876651,3112.90704857701,86014.0309200254,16.1988127546411
0.000626864991689809,30.5823801301551,0.348406966824619,5.75884128613463,26.627997004304,4.80554260361759,4.83312902406098,1477.99850186389,224.617944255061,1693.2547800319,327.660141733877,119.95667385728,3113.73699930525,85955.1719871664,16.2031373933302
0.000681844435027776,30.5659351158509,0.342447861981519,5.39066254610287,26.7778147955622,4.80944015331996,4.82184977332323,1477.75956875512,221.514391001078,1693.34332263491,326.072121386558,119.990416818415,3110.38042578926,86010.6489121556,16.2074234439525
0.000739366626723073,30.5414485596049,0.336805882634364,5.03877742537588,26.892835368008,4.79091351694356,4.81584735102152,1476.04462350425,218.17049455784,1691.73958673247,324.117583473048,119.895814901726,3103.86999284518,86178.7752817115,16.2116703753676
0.00079671266785506,30.4970817294423,0.33155721624805,4.7018750874833,26.9773879480539,4.74818243512121,4.81512721309937,1473.36587334742,214.661757063192,1689.03157633833,321.922666306928,119.714159578804,3095.29141901086,86346.5983102322,16.2158755936891
0.000851785666815204,30.4243942007133,0.326582258094467,4.37802584346624,27.0455124984944,4.68138365980027,4.81888023920075,1470.63700726804,211.114812689653,1686.27213504409,319.7047314807,119.519721153213,3086.57489103882,86408.3306810088,16.2200367778984
0.00090360272890912,30.329001361953,0.321754472892746,4.06664289326742,27.1153655532404,4.59324495036314,4.82568660211422,1468.89155536015,207.666693154724,1684.65023372055,317.695493462916,119.396938509449,3079.88921663169,86355.8702322321,16.2241534407476
0.000953308069827982,30.2244269452215,0.317032017545064,3.77019924807166,27.1964380679698,4.48688602671925,4.83455315317071,1468.64521242145,204.394653588051,1684.75167185632,316.00159287888,119.387841369525,3076.31098570378,86298.8580418772,16.2282271635025
0.00100428598500917,30.1214996229454,0.312370987831135,3.49489705092045,27.2809090662966,4.36460572134092,4.84558510062196,1468.95669189561,201.20365808661,1685.47335160782,314.408549686073,119.414609888129,3073.86605122976,86339.0545997892,16.2322594677687
0.00105668192346875,30.0256386231186,0.307835291243133,3.24766985554904,27.3525268828322,4.22838470305759,4.85940847363441,1468.72887197124,197.982889601263,1685.52482354277,312.665281869746,119.386161796568,3070.24813829355,86430.8839465312,16.2362492782378
0.00110924360109953,29.9371543580888,0.303513835211308,3.03002648632168,27.4034825963537,4.08021644273975,4.87617416214613,1467.69361606904,194.70894446572,1684.58425304824,310.708694388643,119.280274214395,3064.88952647384,86541.7461601831,16.2401956139662
0.00115782548281015,29.8541957511461,0.299878621982507,2.84454416976818,27.4321460462192,3.92121310321384,4.89583335711263,1465.99155471663,191.407670194264,1682.81499103718,308.583030162612,119.109156572671,3058.1004290791,86755.1160956397,16.244099387919
0.0011905967101955,29.7782892423632,0.298003865792324,2.71862025922456,27.4320930413776,3.74852904245834,4.91924369181115,1463.28723333725,188.078605181479,1679.83341308752,306.277702353134,118.846088834301,3049.25137252558,87194.1801797009,16.2479619376388
0.0011992538352078,29.7165320828087,0.298029322281278,2.70374144181506,27.3958132768488,3.5558802883284,4.94786194098642,1459.03784027711,184.715570597421,1675.01477807361,303.778483978902,118.447327466198,3037.31738789842,87726.7068562246,16.2517805825247
0.00118591071759448,29.674104094127,0.299640290005503,2.82156480194837,27.327886386987,3.34264257138704,4.98155883041552,1453.64511933588,181.383060528819,1668.82665391383,301.219904849825,117.947076118441,3023.18273447595,88270.5551864644,16.2555536151236
0.00114442463154058,29.6457267887476,0.304886347001965,3.07623381123598,27.2339989314023,3.11229284390667,5.0195213843133,1447.75431269849,178.165193304163,1662.01232638708,298.757436006895,117.39922739767,3008.20876128906,89026.0416621351,16.2592829031355
0.00105454218497241,29.5999047667677,0.321312948812595,3.55608104892284,27.1060340026784,2.85692555200169,5.0636162686925,1440.5873415466,175.081375531491,1653.64803254491,296.408669701311,116.738724604156,2990.94247534127,90280.9135998735,16.2629702940937
0.00093666462589521,29.4842104507726,0.355822080647372,4.44044787408282,26.9385340964856,2.55598980508421,5.11764131174263,1430.4920477395,172.126452501157,1641.78794345483,294.19681050596,115.827825005454,2968.26996936815,91713.7346694956,16.2666111676857
0.000311536591281271,29.2760160346909,0.433288100928754,5.79706684645224,26.7648704894598,2.18612484993253,5.18295711264151,1417.97980427352,169.4055687945,1627.01633985476,292.374984005666,114.709325867127,2941.37264864201,93145.791447005,16.2702036353652
2.84679216719034e-09,29.0208880564005,0.655118701741466,7.54161405271815,26.9053735157753,1.57524393268695,5.26296892065767,1425.93244204263,169.17299815381,1635.74865106186,295.346109518751,115.244086583031,2957.32100565772,104215.913253092,16.2737352382532
1.0348906219814e-09,28.7830204774117,1.30642488871649,9.49300229471314,27.1708008461935,0.68187426449848,5.37408506617295,1419.43817530626,168.45733320116,1627.68842618309,296.10541860706,114.587225219489,2944.47782465865,106983.662409214,16.2772386888292
1.09767281521569e-10,28.6196300760974,5.49264942515222,11.4855872688601,26.7566183904522,0.095587112703779,5.4807884887015,1404.97967329541,169.527719579138,1609.88717089187,294.062358763713,113.241029760778,2915.88514900882,110004.548928558,16.2806925641354
2.33963387511003e-12,28.5678188762896,15.1408743699106,13.2570526138496,25.5891109554013,0.0266202384341225,5.55434881377257,1389.75098924051,173.113467827534,1590.70720666311,288.516439708913,111.782895310636,2885.15107421153,112980.735450451,16.2840959578834
9.80370196290429e-15,28.6037562997811,24.2688338981964,14.8609509165462,24.3230387823162,0.0210952430950837,5.62619623279073,1373.0862654972,178.176307714176,1569.63634420194,283.396900207803,110.173131477672,2852.85576925018,114860.154111041,16.2874468191148
1.13904231333243e-17,28.6695168197267,31.731824515801,16.2318090054086,23.2106251277021,0.01680899655931,5.69092034556071,1365.46320841745,184.499079877614,1558.93027379293,281.380563414087,109.290827129214,2840.18165753904,114900.914632148,16.2907444870378
-4.6109444233271e-21,28.7135186862314,38.0119798137199,17.3277401404059,22.3341804481975,0.0121076818226802,5.74237636025402,1365.49229348509,191.19850380411,1557.11812331865,281.358232381252,109.038465572707,2843.34005525259,114443.921027737,16.2939925331655
-1.01222443075978e-23,28.7301630710443,43.7333543585308,18.2162577733065,21.6260008812852,0.00751660781362623,5.7836569679562,1369.58113823488,198.189735133163,1560.01078221426,282.038506937408,109.11807857784,2854.7393506116,113825.012041079,16.2971916263146
-1.41094690831379e-22,28.73653152556,49.1643865732963,18.9525303194955,21.0143313524566,0.00369837792539518,5.81893024191012,1375.51623415559,205.521401441778,1565.00165534652,282.856419992258,109.344683474583,2869.89183483366,113127.648058256,16.3003417294914
-2.44808647334878e-22,28.7501714487947,54.187500259313,19.5551989682701,20.4623720146576,0.00134797515502822,5.85083633450164,1382.33664656408,212.835643927793,1571.01106249878,283.804811773357,109.646941678381,2886.7633330827,112410.216879474,16.3034427437032
-2.59087187049167e-22,28.7812256183077,58.5321510865172,20.0295204472517,19.9561323154004,0.000435128262745839,5.88088550954386,1389.66831231254,219.599270716053,1577.67603680648,285.09136002647,110.006111508976,2904.45319117473,111609.659803862,16.3064942435865
-2.3098575464194e-22,28.8274957571527,62.2013428196574,20.3883789162676,19.4927686348869,0.000144651201388733,5.90942311755544,1397.68164924704,225.765946825106,1585.20420405234,286.761601404567,110.436617118965,2923.28265465757,110743.439053734,16.3094960096227
-1.96529044564673e-22,28.8811172027512,65.488747846837,20.6479504632558,19.0759856359615,4.14887841930182e-05,5.93576994489619,1407.06026367939,231.543174846158,1594.36454337699,288.696715931227,110.988234548428,2944.58910840103,109477.506267267,16.3124467096407
-1.69089376954382e-22,28.9319646503769,68.6828416455461,20.8279120078212,18.727300319336,9.08503451966448e-06,5.95831216220115,1419.76529149234,237.11780101204,1607.39365644248,291.097514329558,111.81555286739,2972.26672621586,107594.529084786,16.3153449686299
-1.49418676469741e-22,28.9716782592437,71.9728442174142,20.9626236688454,18.4581299082275,2.00563612854421e-06,5.97630374443487,1436.7518120167,242.56933213852,1625.36540317395,294.155294822344,112.992581867912,3008.24439931705,105693.193655232,16.3181920951908
3.24063675082765e-05,28.994649836661,75.5065374434591,21.3949538692167,18.0127848112039,0.00208704315283445,6.00594506621251,1426.40936774196,245.140101265679,1612.09549058395,292.215669142166,111.980212630589,2988.32817824506,94733.346521469,16.3210003409032
4.36128587982159e-05,29.0158172833478,70.3966553912071,21.8943893802583,17.7547921536055,0.0116941111606187,6.03846765719341,1418.56818879301,247.959015787451,1601.82905859078,297.335632552954,111.200999723497,2977.63599882195,93442.4731227977,16.3237481580266
0.000100218572892041,29.047969104199,55.3377524725925,22.1624591177127,17.9306550764392,0.0296555382346943,6.05883172260799,1423.31289961099,251.104180200095,1606.35990878349,312.40074518117,111.502065214368,2996.95455180494,92839.696835524,16.3264482632386
0.000105877748677402,29.1026905540676,39.5429671523762,22.0519855681514,18.3921824862892,0.059499313661458,6.05673604860026,1431.0973206224,253.760448579875,1614.75135005808,328.803977506361,112.111777573018,3022.75861569461,92511.5357443558,16.3290988762452
0.000108782545651717,29.1815244856916,27.1088411816026,21.6630829645009,18.9428190699058,0.0974801280944235,6.03849771005426,1436.84516563979,255.634573539498,1621.06378256354,342.510257643483,112.600719009388,3042.8399615621,92288.2343209245,16.3316989336687
0.000111401255558715,29.2743723449429,18.1475908714226,21.1494743558409,19.4596614733098,0.143824299884346,6.01341033085614,1440.05648411728,256.854083548921,1624.60724866961,353.014727646276,112.908031415193,3055.93782452078,92041.3904279402,16.3342475631715
0.000114387951159865,29.3541773388053,11.8799355027998,20.5956329911121,19.9119443363595,0.198838461172003,5.98585500043304,1442.16472593642,257.690510569154,1626.96684879226,360.922297022116,113.137182969283,3065.22141586406,91661.2526454029,16.3367439782992
0.000118482233758183,29.3863600441304,7.53653004229703,20.0303675050036,20.3126436709248,0.264252355888913,5.95655053528351,1444.54153632442,258.377874629265,1629.70539666223,366.983752243816,113.394021208551,3073.85473882416,91290.1846814251,16.3391887112384
0.000124616968278524,29.3613472101814,4.64169604928631,19.4585691568926,20.6709409295085,0.34481706928748,5.92511568669742,1447.26743099861,258.979322287967,1632.91646716658,371.599434502877,113.683493913212,3082.27480655841,90983.4980927907,16.3415819307303
0.000132432704578029,29.2928775017765,2.92341637705904,18.8788154521573,20.9904222893279,0.445167566143207,5.89113037370201,1450.08186290804,259.459399802684,1636.29868549883,374.999133246457,113.984043867671,3090.10539182925,90582.9949880375,16.3439226218307
0.000139638502924274,29.2083494710431,2.02832402349763,18.2921818353036,21.292544301949,0.560629907455748,5.85471287609781,1453.60724331883,259.835606749791,1640.54544244643,377.678349284556,114.345135170873,3098.79562874659,89910.9009828174,16.3462095068495
0.000145498230204155,29.1365109944957,1.54767033896682,17.7029291840917,21.6065546478806,0.682649334966492,5.81623817000775,1458.66467093248,260.184561805112,1646.56432588766,380.195938489344,114.831665832404,3110.23369386804,89193.7503368591,16.3484435408347
0.000150687040017726,29.0871879888786,1.25100513536055,17.1167232891505,21.9369208076452,0.809136401020576,5.77618750456006,1464.71196643367,260.488810691423,1653.72107515699,382.602974170873,115.399127633229,3123.41658045682,88526.9770752883,16.3506251956045
0.000156029191024326,29.0545009135185,1.05255097443124,16.5396403620321,22.2691334644956,0.942361393193067,5.73516540123182,1470.4286273009,260.655290241143,1660.50956761227,384.628201804877,115.941054293052,3135.66286169014,88145.3507864211,16.3527560491489
0.000162024586909135,29.027077107652,0.922670107318971,15.9875099275182,22.5721363179876,1.08216371368407,5.69491803996702,1473.78170686863,260.542695103861,1664.60621947694,385.795054638991,116.293040974971,3142.80570878643,88323.6159994715,16.3548380714251
0.000168474867427978,28.9949707855752,0.836582372994875,15.4841689557391,22.8146811480873,1.22213241786103,5.6581015388083,1473.06504957435,260.003244683582,1664.05682532809,385.739149852805,116.316662406654,3141.34350221055,88719.720537663,16.3568686641547
0.000175423785691898,28.9546897373389,0.773179170455832,15.0356665719954,22.9958761652416,1.35841021098997,5.62534975567744,1469.05039078974,259.059839628153,1659.74652151551,384.702003503065,116.074261953639,3132.87416194528,89146.97402948,16.3588462168032
0.000182197220045071,28.9082743686371,0.724531600674831,14.6407593551198,23.1372087733328,1.48868753953695,5.5958203049384,1464.16025060331,257.951856502104,1654.44602618087,383.325276014578,115.760911178094,3122.46142521488,89467.2561762543,16.3607697988747
0.000187276773975139,28.8614657947253,0.692504200016276,14.3311765406808,23.2725107239806,1.60714028945502,5.56855129924759,1460.40671676269,256.947768708671,1650.47011642519,382.20442566858,115.539003014665,3114.41330110194,89561.4422618088,16.3626387963638
0.000190244454899547,28.8207995582077,0.675855307856616,14.1712888083609,23.433767453074,1.70540665308921,5.54312392758685,1459.09166721975,256.327399325353,1649.32708700108,381.817598368199,115.513802996279,3111.66212065692,89578.870737914,16.3644539680883
0.000191777866319813,28.7885832021075,0.670086780905129,14.1862761228168,23.6287635728225,1.77917316570859,5.51976957097217,1459.87120131453,256.144905216353,1650.62628386873,382.168165687926,115.657165176606,3113.61374843913,89593.8882346829,16.3662156454962
0.00019300923353639,28.7631006684302,0.673465623985341,14.351379002484,23.8405580564173,1.83153195416088,5.49890216405192,1460.57083671408,256.164271951227,1651.86711233953,382.706985361288,115.792682210396,3115.70980360023,89886.8318563792,16.3679250232307
0.00019515712635637,28.7401326964578,0.686005664509082,14.6123425761592,24.0250066216521,1.86696876173744,5.48214114325384,1458.69406803192,256.215910293861,1650.13250538131,382.728940400374,115.713301270419,3112.70223499458,90785.0440265033,16.3695831263236
0.000197542571845973,28.7154844554717,0.708619742034388,14.895599707005,24.1347331573847,1.88639711396222,5.47170466023701,1452.20270223303,256.192401623347,1643.00664809879,381.584965720924,115.246064442524,3100.2511689506,91902.6705184491,16.37118773979
0.000199101974152123,28.6884267532612,0.742594890617852,15.147535465113,24.1680556708304,1.88921011575783,5.46754726890787,1442.2416935881,256.187717744717,1631.77021765418,379.454709752097,114.480711778514,3080.63298452465,93039.1001923419,16.372737892548
0.000199950583595991,28.6597164433949,0.781997740786733,15.358244365527,24.1515896670982,1.87321135958636,5.46846947273759,1432.04021396161,256.496789060137,1620.14089794071,377.149896820939,113.681055253744,3060.57851697499,94144.0900207449,16.3742334543353
0.000200779667625979,28.6264790313862,0.820177001451394,15.5285620298981,24.1069695984816,1.84001047081082,5.47315253350285,1423.66498788518,257.250706133145,1610.56067318938,375.256675074977,113.022727899578,3044.45517262625,95197.4327218111,16.3756744430758
0.000202189126281791,28.5824277151593,0.854671544793823,15.6454067461109,24.0413232471667,1.79603526027285,5.48039078153598,1416.69890642769,258.250025431123,1602.65946879417,373.721703348837,112.483296414777,3031.41378181257,96200.0968556099,16.3770609181854
0.000204164293531077,28.5261066550666,0.886545327400001,15.705122221951,23.9549459547504,1.74692329878659,5.4894487469533,1410.1361593651,259.310673724262,1595.32354717047,372.316637396529,111.985409879214,3019.34786800321,97145.6098709072,16.3783929058069
0.000206658196839622,28.4582577327628,0.920966839484813,15.7224158632156,23.8444235307348,1.69458451508831,5.50030994835065,1403.60406341555,260.422386528474,1588.09254056201,370.959650435253,111.495753907931,3007.47460654387,98206.1934158476,16.3796706874648
0.000210242049430164,28.3698850408149,0.968406905789702,15.7377206415397,23.6943158312597,1.63714107103359,5.51416637609662,1394.85662767326,261.304962759884,1578.35272078376,369.101373018891,110.828081823816,2991.03766986768,99541.3049096968,16.3808944013931
0.000214818663207061,28.2449853579946,1.02968853317918,15.7933475110363,23.4901480041436,1.57289984980149,5.53212611643398,1381.87692771976,261.618460859266,1563.76952037821,366.244747674694,109.816536453395,2965.71012525971,100874.951622884,16.3820636028645
0.000220350552511961,28.0822418296321,1.09681836993935,15.8856651005913,23.2417369726052,1.50488691564014,5.55322212657512,1365.9529103775,261.44178777817,1545.81058588209,362.692926395236,108.565144134824,2934.12035927768,102102.904926379,16.383178197359
0.000226209969162774,27.897855712464,1.15159279756184,15.979548413004,22.9795013821243,1.43709853849695,5.57517287043777,1349.80271951209,261.056800228465,1527.59930352152,359.103561856133,107.295267016053,2901.93763749877,102780.263437644,16.3842378535462
0.000231682502448517,27.7297818966193,1.16724585503109,16.0221785269014,22.7582407364641,1.37738477751256,5.59378046568083,1337.3148393799,260.869133153218,1513.61960617324,356.429664553124,106.324812358203,2877.29654023664,102587.854520059,16.3852424401157
0.00023723445128992,27.6162603879769,1.14440693192624,15.9785102027566,22.6178759277368,1.33436377961288,5.60555657936662,1331.06181056622,261.203889640733,1506.84626111108,355.298441470684,105.864639912374,2865.62714650175,102143.988482352,16.3861925473805
0.000242610958782419,27.5571370388947,1.10376499124588,15.8603519684171,22.5461746046898,1.30728516359992,5.61127908177729,1329.60493800775,261.96744533571,1505.63033084565,355.356078337111,105.797933867459,2863.97105345039,101632.325688463,16.38708834644
0.000247310618242361,27.5310786891956,1.04995392889009,15.6844313916232,22.524587489925,1.29372474254509,5.6123335238079,1331.12878270518,262.959092000192,1507.87420172827,356.155433562355,105.976720740228,2868.51719233082,100849.952694232,16.3879296865513
0.000251214668673571,27.5102638214328,0.977681883674011,15.4414940545169,22.5586283259304,1.29658676440504,5.60794517831334,1335.72981680069,264.151046232049,1513.65641355435,357.686260902333,106.407585163292,2879.38786411323,99647.0993807541,16.3887164558165
0.00025444215163275,27.4709965057056,0.897954612114795,15.114584143571,22.6589270660393,1.32124315492878,5.59664640730388,1344.03642115208,265.611662102738,1523.66494009995,360.042306091883,107.139908995583,2897.82853650646,98374.2384397094,16.3894489374549
0.000256473187597144,27.4103380706399,0.825723610295124,14.7140970349409,22.8168660319239,1.36590343489258,5.57912011383745,1355.23086927625,267.27652220682,1536.9641131211,363.001739067692,108.107293498348,2922.13829094913,97144.477157111,16.390127253628
0.000257148767319159,27.3375570564643,0.766944751995919,14.26344321289,23.0162678601447,1.42572922722205,5.55697622306926,1367.97301203761,268.994947168662,1552.04348158192,366.249763483075,109.202546291637,2949.54733015698,96070.3386591496,16.3907515371221
0.000256469871129726,27.2633077506386,0.722955939061239,13.7890480575268,23.238537891168,1.49482173956549,5.53215502152055,1380.86227379502,270.562494160178,1567.33903892319,369.476426113344,110.314587587849,2977.15122143123,95240.5252188193,16.391321907735
0.000254850624564337,27.1952366997613,0.689375358583615,13.3132299602418,23.4690433478651,1.56701911476191,5.50642311458015,1392.86549128906,271.787602324856,1581.7080373945,372.466105723722,111.362091584098,3002.79521302103,94525.5830241249,16.3918382960058
0.000252924070563464,27.1350430036744,0.661821413633275,12.8434315695459,23.7037597492342,1.64022887714735,5.48032093437236,1403.89606212505,272.643072806808,1595.0579423543,375.199314911589,112.338364387855,3026.29256028349,93884.219350652,16.3923007047182
0.000251371268520531,27.0805217001003,0.636727996901709,12.3769326081463,23.9433311704033,1.71482134380064,5.45372635010551,1414.30697343822,273.206715921736,1607.77333281263,377.733250506996,113.270543309167,3048.37298246834,93249.7412335303,16.3927091289648
0.000251090049289537,27.0286986441309,0.610667765151889,11.8996401963309,24.1901684595346,1.79382053382909,5.42598840135394,1424.65361881985,273.577251265934,1620.46045794628,380.145091157525,114.201729993142,3070.16055095024,92560.9326781876,16.393063584681
0.000252198282468075,26.9771294250932,0.584724648075187,11.3934713085687,24.4440962003938,1.88182102264733,5.39635621760102,1435.34851385773,273.824486435063,1633.564831574,382.464479422404,115.163741232111,3092.46642170534,91917.711604619,16.3933642092264
0.000254529668430149,26.9245271630946,0.560926397400742,10.8583489252621,24.6991859438374,1.97858146103676,5.36517227629805,1446.16560377687,273.95148669575,1646.8187587177,384.614601764768,116.137116880058,3114.81761356703,91356.3391502263,16.393611090933
0.00025912356278683,26.8712290266315,0.539938091405828,10.3056790222087,24.9492555376458,2.08128098567944,5.33323406453128,1455.37345834689,273.695823483908,1658.2480662131,386.174547782246,116.981053080694,3133.55392372052,90829.3494730018,16.3938042693222
0.00026672919051464,26.8200182014927,0.521287450553823,9.74360623388101,25.1907405016116,2.19106409664844,5.30064731953904,1460.27676534807,272.562338725673,1664.77637453012,386.47422553523,117.47722207108,3142.90164911715,90279.5353438806,16.3939437993454
0.000277254502401727,26.7746930559012,0.504241080583599,9.17499188652738,25.42600760785,2.30728792029381,5.26739868923806,1462.76225453378,270.791989652623,1668.55155989718,386.016181805786,117.77853229717,3146.8384542466,89767.6877763314,16.3940297940793
0.0002913969590798,26.7360313799837,0.488570652291485,8.60456075244685,25.6559069669892,2.4250838839632,5.23415032429231,1464.69243380564,268.691140513266,1671.69495139784,385.294582075572,118.034916441104,3149.34107479125,89315.7199977989,16.394062341561
0.00030995733441255,26.7028262155948,0.474011875923177,8.03833403892697,25.8819468710732,2.53873099513207,5.20166218153336,1466.89788496562,266.434127997753,1675.1536344824,384.536645241348,118.312136606981,3152.21527424299,88798.749676678,16.3940415288648
0.00033358106952646,26.6749333041713,0.460286167080142,7.47976510687968,26.1168627200356,2.64420888722997,5.16982428788268,1470.14281271793,264.140094489896,1679.80637420787,383.949812520774,118.671226378295,3157.09773285952,88072.713736103,16.3939675369458
0.000363960271146428,26.6532339015969,0.44744714160546,6.93142001689593,26.3763791156867,2.73978719735763,5.13803659473828,1474.9905679775,261.8753393049,1686.30503528783,383.685128621354,119.157261222962,3165.18144042306,87309.6408812862,16.3938405472633
0.000402707056002295,26.6371271870181,0.435572892942032,6.40070190140667,26.6583675305656,2.82220113792967,5.10693055474932,1480.8496169233,259.578886886062,1693.97202909004,383.593123299981,119.720216416942,3175.22945386917,86590.9333224702,16.3936606871227
0.000450041979052279,26.6250658939585,0.424867958968555,5.89757167881954,26.9492738568455,2.8864949757679,5.07802787527025,1486.67355515413,257.141108329475,1701.60417648447,383.407706439402,120.272282121324,3185.04786335999,85988.5355352801,16.3934280147885
0.000503860154659735,26.6153382794816,0.415632748055519,5.43336454399279,27.2313604526257,2.92647392775206,5.05327027141242,1491.47137765217,254.456852690122,1708.06516397012,382.887184055607,120.730260771065,3192.56694407775,85576.5748333232,16.393142481367
0.000559998618087245,26.6066745666793,0.407738796795202,5.01805578602775,27.4904548812728,2.93556634639515,5.03444311123791,1494.64846264487,251.459319539951,1712.67863861903,381.903767433017,121.044051636666,3196.55716448004,85261.5850243895,16.3928041994714
0.000614177124824531,26.5988560895728,0.400932776079046,4.6534256925546,27.7256796862768,2.91092763380106,5.02200895184775,1496.47925743987,248.184996179188,1715.76058689388,380.544415231124,121.235444744156,3197.60932147336,84988.3856284717,16.392413332948
0.000663756025051193,26.59233190799,0.394954538498105,4.33502507984668,27.943056167544,2.85417919682282,5.01536965193434,1497.58358622315,244.725694664375,1718.0146438889,378.970979497558,121.355057030545,3197.03621732619,84759.863323586,16.3919699825556
0.000708452793456088,26.5883262890224,0.389528771615945,4.0582498024014,28.1458439389307,2.77015551494571,5.01360729635381,1498.32942132455,241.165360575748,1719.8479757146,377.268971171976,121.433184262677,3195.62363550706,84597.9646552074,16.3914741858516
0.000748450822267477,26.5887347931233,0.384642552613267,3.82044867019019,28.3328548933176,2.66531361761911,5.01581816208407,1498.78162547064,237.563271083835,1721.31774367462,375.440133606483,121.475605151317,3193.5226459304,84478.676922685,16.3909260916894
0.000784234725227756,26.5945077236338,0.380359886231706,3.61724435460135,28.503627931495,2.54596827931149,5.02109624155742,1498.99029413979,233.955886752158,1722.47221774568,373.492290780676,121.487538232865,3190.85122306432,84386.1028214629,16.3903258686255
0.000815718360670669,26.6057619154895,0.376799896781873,3.44166818960063,28.6604491711732,2.41708192489403,5.02859755880353,1499.07896854103,230.360779831052,1723.45430860016,371.466481899565,121.480772094634,3187.87968488678,84280.1405962129,16.3896738082112
0.000841892942432619,26.624248154062,0.374202693095873,3.28359834418587,28.8106097668878,2.28173757411043,5.03748991836034,1499.32487168396,226.787703491403,1724.594182387,369.459178958049,121.48023790077,3185.20218494864,84108.8581987177,16.3889703305518
0.000864203066131102,26.6538505693718,0.37252434072298,3.13190394651903,28.9630741653497,2.1417915707861,5.04704689764081,1500.00155371238,223.235619805644,1726.22332466375,367.576007667147,121.510760206586,3183.40861854753,83921.2949485641,16.3882154826474
0.000884788050332768,26.6963846248562,0.37164964915381,2.98133789382069,29.1190366371678,1.99909646297548,5.05697242822506,1500.99707172825,219.681650110102,1728.22068226162,365.81045191762,121.564648696551,3182.27755912854,83749.4061299293,16.3874092904714
0.000905280293003917,26.7500427637287,0.371574176512292,2.83366739549468,29.2723506342443,1.85588452196382,5.06731212777186,1501.94227197254,216.098736406819,1730.15747214765,364.072013709664,121.612027026836,3181.04287263297,83642.8920743951,16.3865516185072
0.000925966875313854,26.8083177538267,0.372427540508073,2.69906109291837,29.4109962792264,1.71401616941779,5.07849251147088,1502.31885437941,212.461648692794,1731.42376445843,362.225540376421,121.609778572225,3178.62539428171,83664.7171989924,16.3856421525258
0.000944920776209045,26.8612062273806,0.374393387552821,2.59316186198172,29.5224548763046,1.57413792739932,5.09113928435482,1501.69016130057,208.75858986896,1731.49991664507,360.15893298034,121.52092351146,3174.11826874091,83754.0153849149,16.3846813110272
0.000960250998407705,26.9026076192602,0.377682622275368,2.52379691322682,29.6036536778067,1.43662213509987,5.10537229798366,1500.14170598543,205.017372313858,1730.47585283256,357.892105678527,121.35192566924,3167.70556848291,83865.8386320253,16.3836695677123
0.000970346846490532,26.9318289003054,0.383022771727675,2.49136549195891,29.653736681861,1.30206711734327,5.12116807437987,1497.90681408297,201.272238847011,1728.61558939095,355.49033257898,121.121987331574,3159.88318963771,84142.4631374424,16.3826061906325
0.000972406285815622,26.9480545318588,0.392248774156587,2.50292018455867,29.6547924850439,1.16961580051724,5.13976141851081,1494.20841891402,197.455710569355,1724.99459980434,352.81460878764,120.76712177629,3149.04069279549,84829.809750863,16.3814897978805
0.000964918339608885,26.9459783559124,0.406902153601883,2.57376247451605,29.5787350039777,1.03623531302984,5.163345308365,1487.72752686588,193.441118182563,1718.03402683804,349.640949573388,120.178223602472,3132.43352145764,85717.1019291898,16.3803222110141
0.000948789200354991,26.9212442858701,0.428234530336018,2.70514404944681,29.4222085480801,0.902965622620155,5.19203731388531,1478.82404465888,189.26283303421,1708.11804463581,346.109598122326,119.384638413333,3110.81543257098,86644.8513767181,16.3791048688566
0.000914610602794297,26.877406823489,0.461013831635311,2.90299988006373,29.2004735848408,0.772982666705411,5.224525246208,1469.09113671635,185.121069599383,1697.09826660521,342.621476589273,118.51779229824,3087.56473913129,87661.8379241587,16.3778378469873
0.000839739633656924,26.8369319837937,0.52360684641169,3.26202574715474,28.9277786608391,0.641184742364225,5.26097783295983,1459.39711937458,181.309663472225,1686.01697922118,339.540462171331,117.650372369944,3064.7792261458,88895.229276435,16.3765209268486
0.000734053543050365,26.8386896753234,0.65464163099571,3.96918906652977,28.6124045491457,0.497312286479845,5.30300045373319,1449.18418297138,178.123529506089,1674.27481793379,337.076515148377,116.739416565472,3041.80684703959,90209.8461238977,16.3751550249733
0.000228092469901882,26.9028121547699,1.00648236203764,5.11248628518145,28.2664147411855,0.334224694332252,5.35100270404642,1438.13721529275,175.692142292176,1661.52822945162,335.27108499434,115.761774906506,3018.20171048627,91521.7244896708,16.3737406820321
2.3524866926179e-09,27.01985028915,2.97758249608763,6.59357849290651,28.0334253621039,0.11161107089377,5.3992206234107,1445.34260722631,175.941449357691,1669.85466706928,337.463089265127,116.260836335307,3033.0803192418,102402.578904871,16.3722838385859
7.66220651994484e-10,27.1565620254434,9.86467806968801,8.15970222886582,27.5376330923551,0.0172173098832857,5.43886127200629,1438.36622491883,175.889842530826,1661.49245638992,334.059322024086,115.60819608782,3017.61233752181,104839.429590434,16.3707700554858
9.54573107594048e-11,27.2913783847337,19.4842283569522,9.79105866442323,26.6361780812045,0.00591662574847781,5.4879406308575,1425.57035095845,178.00191264401,1645.88885265447,328.105941877803,114.435811046126,2990.85607631923,107497.358122949,16.3692086408647
2.14832054842424e-12,27.4116213685585,28.493857301214,11.4042859091239,25.5134891951065,0.00469763068643207,5.55109820474437,1412.88252736088,182.952253047051,1629.8565524844,323.393035539925,113.216563428246,2966.62355626273,110099.908102805,16.3676003534934
9.18400250484094e-15,27.516506669741,36.3067527702557,12.8998569260526,24.3509709688133,0.00353172195951041,5.61863526730327,1398.07454788192,189.547238652744,1610.99627627691,319.417284127976,111.789058347408,2939.73187158421,111876.307165789,16.3659463682484
-3.71736905047029e-17,27.6015971333872,43.0322299771753,14.1804546986604,23.306488909913,0.00226884064449265,5.67990291663841,1391.18588195775,197.359791425351,1601.25728880203,317.768023294872,110.993626714258,2929.90580056376,112239.771288796,16.3642474108741
3.94531777747959e-22,27.6608580607868,48.6991868751115,15.2092320015825,22.4513260988212,0.00128834829476636,5.73024371845181,1391.80183669732,205.291228661435,1600.4175961065,317.938345159201,110.818433248509,2935.49474920043,112156.620522485,16.3625021917001
-1.05518095906225e-22,27.698582392206,53.4939368709475,16.0478079354271,21.7394576926256,0.000655041860086156,5.77245636329801,1394.46523604528,212.988389498382,1602.13319795068,318.548558042689,110.820203472116,2945.17729924105,111903.924942504,16.3607105569444
-2.1661299312756e-21,27.7225202032863,57.6423403619866,16.7466463460838,21.1216545610849,0.000292022568788244,5.80961184581655,1397.79870820567,220.683786325436,1604.68911306836,319.278204999881,110.879511487766,2956.24421756644,111278.654395563,16.3588731815193
-3.01498392812889e-21,27.7420259794567,61.3963772534019,17.310944630293,20.5915137166239,0.000113713522675973,5.8421074347917,1403.46682358617,228.296479292309,1609.93726253583,320.492609466064,111.130051801429,2971.89770467729,110138.274544138,16.3569907935035
-2.67530971955224e-21,27.7658397502814,65.0219948979905,17.7408026387229,20.1525444000121,3.40197115557438e-05,5.86958489723366,1412.81156897201,235.497269388984,1619.40379556093,322.433607109479,111.682889298417,2994.52280096461,108847.327223622,16.3550632354775
-2.10367458424132e-21,27.7951772400287,68.6624360419878,18.0616467444199,19.785637378473,7.29839952727081e-06,5.89299418554076,1425.00803699762,242.245238589752,1632.13894273017,324.847044883786,112.47020584251,3022.39768636608,107535.985478874,16.3530906404209
-1.68705034029945e-21,27.8300577228906,72.3347679383512,18.3076042221546,19.4595627405397,1.50110384130698e-06,5.91406182735913,1438.13666239455,248.611629803985,1645.95498502397,327.308721626933,113.335358121762,3051.76208150407,106622.653224079,16.3510722202318
-1.44268987909418e-21,27.8813802168485,75.9543459360858,18.5167133062103,19.1255029383425,3.61388492667507e-07,5.93552030683718,1446.98764954953,254.202642462356,1654.92173431734,328.731067903662,113.863326943502,3072.02460902037,106455.891093353,16.3490069521414
-1.29040555456978e-21,27.9651024237496,79.3537092104211,18.7076449988775,18.7456387840654,8.75786658261443e-08,5.95946025015158,1447.22008069927,258.420714869671,1654.15077339049,328.22790113837,113.71556098006,3074.22465706778,106497.89886661,16.3468964300967
3.03968119498739e-05,28.0985151734753,82.4552610317578,19.1614118128555,18.1158319592565,0.00193472429091474,5.9993220366787,1420.09804808274,259.759463536215,1622.0276094513,322.30605080036,111.391447327484,3020.18867487371,97356.4950941349,16.3447333973819
3.98511417857475e-05,28.2592688642314,76.4539311948992,19.6443870131592,17.6314910908315,0.0107300750430626,6.0444748758184,1398.70458727338,261.608309600794,1596.83467011592,324.264010549944,109.56686348642,2982.27460355332,97105.1409139249,16.3425352952596
9.22568048500903e-05,28.3984614461928,60.2530229273587,19.8845899257682,17.5971379146395,0.024959912179186,6.07744170113011,1395.72267522421,264.055772126344,1593.34301519404,337.978479928383,109.287244808073,2986.68488458218,96220.4808267729,16.3402955458699
0.000101638272604893,28.4861731678473,43.4562630159191,19.7604451535621,17.9108021461775,0.050108513819828,6.08511993957965,1403.45519372299,266.569667264277,1602.54065530286,355.095531341152,109.921505732669,3013.51804963029,95260.4267036531,16.3380131729118
0.000104833507810657,28.5241684202375,30.6384454028907,19.3677037067367,18.3844648633074,0.0801912482324154,6.07252786427466,1414.11171900563,268.836060694809,1615.2651843668,370.474509398989,110.821786896187,3044.74358594208,94404.5189022082,16.3356879255968
0.000106654558807623,28.5311592867034,21.6070661450394,18.8667379286615,18.8709432518134,0.114679088374583,6.05078415969725,1424.17178612367,270.79998576678,1627.35242335055,383.01196918882,111.687865088351,3072.98256270641,93694.5883110649,16.3333198938115
0.000108334552362702,28.5303914373578,15.3336181346394,18.3466952750399,19.31215002846,0.153540319505589,6.02609366764842,1432.70082004447,272.479618453462,1637.68751996465,392.841003060985,112.436073333504,3096.54431903703,93147.8895991773,16.3309092257948
0.000110451026514931,28.5419149600638,10.9353756990078,17.8447179416954,19.7020127897098,0.196987273557383,6.0005590070626,1438.53869305769,273.696691348415,1644.92900358729,400.103191608212,112.970865043719,3113.21114328431,92690.1165386568,16.3284564831742
0.000113176603648309,28.5706505460576,7.80121514732436,17.3669701819962,20.0538223869224,0.245437248305961,5.97438877795035,1441.93610889291,274.416206554294,1649.37311782652,405.32634546658,113.312159581255,3123.74737966125,92283.3062979029,16.3259621578124
0.000116800459543756,28.6102933382103,5.55396862658538,16.9070909222993,20.3801504728974,0.299678441973163,5.94736979164553,1444.17703500567,274.765525556175,1652.50713474006,409.229728967703,113.56297313276,3131.08065047599,91930.0606731371,16.3234265723536
0.000121550899639713,28.6495802220656,3.97658801292471,16.4534778083472,20.6855765122376,0.361092224818709,5.91943792124128,1446.04315087493,274.818991333881,1655.23543346638,412.248681726374,113.786325874332,3136.9886896481,91641.0389369729,16.3208499989694
0.000127261526873466,28.677526184419,2.91784936731542,15.9944481835137,20.97030355393,0.430271812463124,5.89080631175776,1447.77228720352,274.587653394418,1657.82918924073,414.57516116692,114.001620031258,3142.03605428891,91386.2007892,16.3182329357004
0.000133569679941979,28.6908526361334,2.22495598983332,15.5293104635818,21.2360370170412,0.506339237204453,5.86180526176751,1449.44894665052,274.095984523996,1660.37994791109,416.343359483749,114.215252367437,3146.47354899025,91154.3399666807,16.3155758125772
0.000140487992179418,28.6937531003327,1.76830993546899,15.0657027041306,21.4812535275012,0.588500064110219,5.83286531673062,1450.82763736717,273.372952634214,1662.60861971755,417.592587810119,114.407135817523,3149.89191119862,91119.6289057633,16.3128779289851
0.0001480679850344,28.6973812931047,1.47286274227415,14.6140193946995,21.6907997938663,0.674882463090465,5.80522082610498,1450.7052528844,272.369122923194,1663.17884664187,418.089501309314,114.483006451642,3149.91851884276,91480.4778962828,16.3101383618191
0.000155880518059848,28.715486687858,1.28318204609449,14.1823528953108,21.8472295558261,0.760189075079623,5.78070707303116,1447.76161295322,270.984944287859,1660.65956395675,417.589988826434,114.342083270223,3143.95745829759,91985.2981930225,16.3073590478867
0.00016386189086298,28.7525019384704,1.15172244290694,13.7711718917729,21.9530115675584,0.841256165174028,5.7597458117719,1442.67518661754,269.3096487933,1655.86464086498,416.371397176999,114.040631478807,3133.5374780875,92518.3928512603,16.304541184491
0.00017186807852945,28.803493308042,1.05740795290888,13.3891427153178,22.0212874511939,0.916444372255492,5.74188566438215,1436.86117078602,267.540710267947,1650.3778981288,414.860097632262,113.688952634127,3121.65526375353,93068.6461689436,16.3016852748772
0.000179020409680916,28.8571564998765,0.999107580442992,13.0935099600263,22.0654033424502,0.981633110386979,5.7270295668633,1431.09511757365,265.87913967883,1644.9775582009,413.319914086053,113.34211685975,3109.95481188064,93641.2345132798,16.2987917065062
0.000184688192269482,28.9008148302561,0.97329937327559,12.9766285357969,22.0969943451064,1.02941210678317,5.71570022080824,1426.1577443547,264.600122789,1640.42809682476,412.06553329886,113.054700258486,3100.15725290819,94222.4644524079,16.2958609622574
0.000189147401523153,28.9303514971341,0.971004719115698,13.0657245132363,22.1216863565187,1.0566608158134,5.70807600979848,1421.87976530033,263.72701324655,1636.49116088624,411.115028036357,112.810696720089,3091.93409942291,94800.4552069829,16.2928935119757
0.000193433609499365,28.9546583721356,0.989085798851481,13.3163104673757,22.1288931417765,1.06688791651023,5.70417726799737,1416.8117982445,263.042589411687,1631.52988362479,410.077378325516,112.49604825358,3082.21817740891,95764.5470922742,16.2898880739744
0.000198953706101195,29.0084166155088,1.02769219731253,13.6295093305765,22.0742873561009,1.06388024776908,5.70573940612099,1408.59004891167,262.33246972272,1622.85964879111,408.268777710504,111.923614952385,3066.0698994649,97517.9997928583,16.2868438344926
0.000205662537348684,29.1411832331179,1.08135961216106,13.872920470742,21.9113449536571,1.04968012725469,5.71482683193728,1394.41855287065,261.285701422449,1607.27629039693,404.845748321694,110.871143628219,3037.55617298354,99464.6915718244,16.2837641554527
0.00021327530547461,29.3645116192859,1.14664741814388,13.9822974708484,21.6493784059581,1.02931149932635,5.7301350072728,1374.49216322204,259.78985812634,1585.01510697706,399.806819156948,109.356096039924,2996.96661394337,101359.956375634,16.2806503279002
0.000221057887564189,29.6498404888838,1.2242343241641,13.9808779527436,21.3305285369802,1.00420043982932,5.74916632483411,1351.75000810293,258.102043514539,1559.45980224817,393.958829088554,107.61275532699,2950.45261046731,102967.964374395,16.2775031942225
0.000228539274087715,29.9393844045819,1.31285298133378,13.9219795077058,21.0038306107486,0.973340339376526,5.76942229380367,1329.74105929675,256.613543478512,1534.65084092893,388.280425651304,105.916759354567,2905.4572954003,104118.624859686,16.2743232936008
0.000236125525464187,30.1769125610462,1.41288103098263,13.8473887029326,20.7002266038039,0.937237596532236,5.789189538706,1310.71381255686,255.614944236864,1513.10633081447,383.38145955807,104.43651242272,2866.6786065126,105074.401147386,16.2711102143914
0.000243875909765637,30.3561463111339,1.52490967454061,13.7689870768738,20.4191694262313,0.896282944352184,5.80850512961554,1294.86483078278,255.173487757645,1495.04654070635,379.343192625126,103.186865557886,2834.57555712484,105903.507743173,16.2678641524427
0.000250733598111846,30.4947865660109,1.63212391543838,13.6743286596896,20.1642865304767,0.852171313628371,5.82700027494658,1282.07431440846,255.213866603891,1480.39381454617,376.18236322897,102.166702550705,2808.94084102791,106120.019612653,16.2645865512067
0.000255327061695346,30.5991114252767,1.69994902090234,13.5391717648554,19.9734341870511,0.810730458542672,5.84181139904597,1274.10060653539,255.765079755294,1471.29967912547,374.43405090965,101.531606135783,2793.52141967597,105407.47912111,16.2612785858602
0.000258219666687165,30.6659745002258,1.71965844882439,13.3503293402397,19.8793983282522,0.778000109380089,5.85024723432833,1272.57419230074,256.915723256629,1469.75393231177,374.571241413221,101.424114828925,2791.81765589265,104452.647101399,16.2579393587155
0.000259472348267203,30.6995062139131,1.71079012435734,13.1148790222335,19.8685625855438,0.753452374734054,5.85304829287264,1276.02836278915,258.531718967228,1474.05757417856,376.16624679,101.725767414136,2800.72957664669,103439.937405996,16.2545689444172
0.000258969410466498,30.709586354007,1.67885439855812,12.8440870339005,19.9212705947639,0.735608741641188,5.8514427146711,1282.71086420561,260.42004687078,1482.14504452887,378.70169368251,102.291722823614,2816.48991000294,102252.859114492,16.2511681871855
0.000256870207982028,30.7163739621189,1.6166136890365,12.556599270546,20.0350817352213,0.725380227719029,5.84537529533747,1292.19070188651,262.442962867471,1493.50206043605,382.029576691867,103.087040774454,2838.08688612669,100819.688702,16.2477379649995
0.000253958353403049,30.7424048240257,1.52789704442175,12.2750157605312,20.2119079583975,0.724796428045027,5.83437623381056,1304.45379998764,264.502770918872,1508.11536439182,386.116215117183,104.112544608494,2865.4052423107,99384.5730639838,16.2442782019649
0.000250586940468061,30.7903539329159,1.42838554343855,12.0054334911057,20.4415149059809,0.733430325784673,5.81901093135452,1318.69201315009,266.516950313765,1525.04906262549,390.711351867146,105.302864689228,2896.72183797768,98030.8300003549,16.240789115721
0.000247720091364439,30.8503544137075,1.32910348143171,11.7394621539882,20.7050752654759,0.750559409923538,5.80039026360271,1333.67402062322,268.407034373369,1542.87482688327,395.448770905195,106.557273747887,2929.452589946,96975.5571726108,16.2372701867924
0.000246841039230159,30.9093758493549,1.23257351853191,11.4562539298583,20.9708409618032,0.776350913468979,5.7801971257159,1347.58702850223,270.040473287601,1559.49103320692,399.777937162282,107.727881001574,2959.77506789612,96393.1666157524,16.2337207183058
0.000248010542409241,30.9559105759851,1.13756167232059,11.1295459493702,21.2083003618499,0.811240688417289,5.75998744585495,1358.90589238276,271.279912269342,1573.13624692926,403.212064360732,108.690818796883,2984.44646670696,95994.7099671468,16.230142203677
0.000250832313377694,30.9875590563912,1.04778430994908,10.7549669005276,21.4129414991575,0.855093157753101,5.74002054081217,1367.79994405749,272.13460375648,1584.01365659311,405.777661070274,109.460154306665,3003.81303469225,95683.1989250594,16.2265355501512
0.00025424594091271,31.0084938114893,0.964844831035787,10.3476809446964,21.6002725723863,0.905282293093914,5.71986716162598,1375.50857996922,272.721432756386,1593.56054628472,407.848759473418,110.136310345874,3020.50616776555,95111.4106397469,16.2229030801412
0.000257037772712994,31.0233286037127,0.887472883917203,9.92157105117805,21.8084951917944,0.959837610105489,5.69776531952533,1384.52739653312,273.274814580014,1604.67328568433,410.171438040187,110.921449306472,3039.82131998579,93981.0513790665,16.2192474099835
0.000259778998775572,31.0357395504354,0.819572128466357,9.48561868121861,22.0719813341073,1.01916426202238,5.67180615944755,1396.98548852333,274.019434642496,1619.81750626938,413.376947800091,111.987367210838,3066.2860573303,92792.3562692091,16.2155668520586
0.000263263511478605,31.0486475178321,0.763267413618548,9.0507060887959,22.3832896531356,1.08118835877494,5.6427278891739,1412.13973545522,274.911534504171,1638.11608788159,417.26594032436,113.272155622008,3098.34190805468,91715.9062298346,16.2118608073513
0.00026850180123774,31.0635887139059,0.716882984193503,8.62241088231579,22.7171204616779,1.14395050009567,5.61223357290065,1428.20124402904,275.778692138653,1657.48513066369,421.325755356084,114.629922655323,3132.19514656109,90812.8805328674,16.2081290709014
0.000276567525078945,31.0822480953846,0.678135134823408,8.19750877243565,23.0491441830828,1.20651595343185,5.58180907735772,1443.65504736131,276.448717108517,1676.16761178129,425.106136382789,115.937922921994,3164.61149583773,90124.0429132657,16.2043713890351
0.000288227129033373,31.1067335563291,0.645614022639161,7.76808508376908,23.3634075151935,1.26748925078668,5.55252291519802,1457.40426104388,276.759564009383,1692.895620925,428.268797731167,117.107534428074,3193.21794464894,89550.4909242536,16.200588796972
0.00030580829111072,31.1373770726315,0.618910805697043,7.33173852344874,23.654963339842,1.32708195688125,5.52461915261393,1465.92051329213,276.09148879148,1703.56200906374,429.785313893487,117.852225868351,3210.31600367619,89042.9628771917,16.1967821546164
0.000329568243880498,31.1703383387064,0.597060796691198,6.89578386268679,23.9202717829858,1.38578254775483,5.49823785938985,1468.89162732833,274.412364703941,1707.79800115282,429.551372055906,118.144497362837,3215.22683706379,88731.6195900458,16.1929503605872
0.000360304764066191,31.1887787842656,0.579181823065216,6.48141753874294,24.1470803798306,1.43763931737035,5.4749344083852,1468.59405284856,272.174682696703,1708.24927393101,428.218928845901,118.165184276327,3212.94252986258,88785.0027270626,16.1890915687514
0.000397300591415011,31.1646182985073,0.564381937618675,6.11486233270834,24.317462690784,1.47458131591522,5.45690819913618,1466.04069484089,269.588688252747,1706.0954638696,426.092650501557,117.99305194047,3205.70037804993,88985.752442535,16.1852086107341
0.000438138872761343,31.0851827178927,0.552238250439988,5.80546373243989,24.4313315225878,1.49198631417335,5.44487965684828,1462.34007189924,266.801840181623,1702.63191447104,423.512708090353,117.717070799218,3195.89746572001,89221.6660612751,16.1813034691006
0.000478492759492953,30.9601072737017,0.5420064674759,5.54599142347053,24.5081796917523,1.4877635418324,5.43809638500249,1458.98582778702,263.990798209553,1699.60103411144,420.936406377815,117.459392162189,3186.74593294468,89203.1652771275,16.1773799310963
0.000512889298136877,30.8194777150607,0.532897262521631,5.31534785671012,24.5921242654925,1.46294021179552,5.43394469973386,1458.55373319548,261.445678705146,1700.01774683524,419.128211409601,117.432733588675,3183.77068867818,88626.498408847,16.1734423143925
0.000541046280699591,30.6993561080297,0.5253223165432,5.09139188552155,24.7270978754494,1.42265138283613,5.42922807396969,1462.74272211987,259.336227936225,1705.87459004249,418.593806469702,117.77923259725,3190.60575245788,87890.8780942221,16.169487551116
0.000565379164511167,30.6122846581426,0.519515775434968,4.87000518757111,24.9129959842212,1.37232096765662,5.42320244891411,1469.49766599425,257.392008175231,1714.75843300954,418.763035715205,118.332408364275,3202.83376995525,87184.8460041002,16.1655139594592
0.000588661640130892,30.5501511549984,0.515451870432463,4.65521461667636,25.1235921920062,1.31678926955435,5.41667439305621,1476.34025771759,255.346073386866,1723.75475815734,418.931361450366,118.889350921131,3215.15594038111,86670.7790256801,16.1615193564011
0.000613910760092287,30.4961434011105,0.513060164316631,4.44766892016858,25.3228550019188,1.25931578316584,5.41121933157375,1481.21494303582,253.020311482943,1730.44222488916,418.508500416145,119.281082227832,3223.20204748475,86513.7377501836,16.1575007003997
0.000641506912064178,30.4339721747992,0.512074476257058,4.24018269391661,25.480119974272,1.20052282895128,5.40847131653316,1482.95404260117,250.347674640288,1733.44194268954,417.159168219775,119.411517881311,3224.51201319649,86512.5245431342,16.1534611032731
0.000670804216950024,30.3573491617434,0.512305585887768,4.02388759821523,25.59178879753,1.14050719455259,5.40860219605513,1482.21228346093,247.427379359595,1733.52089442252,415.066088226513,119.334512940295,3220.50270401252,86548.7814037772,16.1494031925281
0.000700943050050979,30.2690618079783,0.513665321423002,3.79695707870648,25.6717406227832,1.07896690324359,5.41086022864529,1480.43238225079,244.408062727581,1732.3725913777,412.638948355454,119.16852693881,3214.25085057455,86545.3135937848,16.1453289064293
0.00073077897626506,30.1772198185994,0.516155275852928,3.56636942400354,25.7385245123653,1.01522841354774,5.41429629672318,1479.03266293495,241.384779630127,1731.65406181178,410.283208591951,119.029631772806,3208.73703863025,86435.886886529,16.1412399925766
0.000759945890961082,30.0908992709726,0.519951676040393,3.34412665427133,25.8059344805151,0.949071499292867,5.41818076687746,1478.82196018473,238.348676889767,1732.29846086152,408.233049337327,118.98372754871,3205.60458844835,86287.3097160015,16.1371359946866
0.000788380525347532,30.0139376189827,0.525481642302872,3.13920054107265,25.8752087490576,0.88051335586643,5.42247406640314,1479.65106861381,235.244963928456,1734.11938888063,406.457312257544,119.018287549549,3204.50207352281,86138.5793204324,16.1330167426854
0.000816542688485677,29.9460730925918,0.533332340039117,2.95543871400406,25.9382966933053,0.810354588236122,5.42755655322727,1480.73639649289,232.016506401574,1736.19477058691,404.750482116414,119.069283232567,3203.78457459995,86068.156387189,16.1288813000683
0.000844984682924356,29.8890397852911,0.544066078139552,2.7973814405058,25.9797361273188,0.740048313438198,5.43412609218764,1481.16067555575,228.645087239685,1737.45000279874,402.868631396743,119.062110231914,3201.56566885354,86171.9003452967,16.1247283101329
0.000872388905839048,29.8491357603544,0.558225851343875,2.67159524015772,25.9840473212824,0.670935124276727,5.44287465968759,1480.19285966535,225.142218154849,1737.03114248817,400.618924774773,118.937947336261,3196.36522474482,86353.6740583395,16.1205600073254
0.000897148543076416,29.8303752261472,0.576152722651403,2.57826844923703,25.9490492091291,0.604568564037065,5.45369016491787,1477.96812125834,221.566628621569,1735.10236209948,398.042861131841,118.708770468913,3188.5127431072,86555.3319461439,16.1163781518939
0.000917746568224936,29.831226220116,0.598149521343524,2.51203954995468,25.881507375995,0.542271840888874,5.46597843539741,1475.18214873919,217.994090008314,1732.48454889892,395.332124644564,118.431798758766,3179.49527465661,86764.7778388952,16.1121835870059
0.000932635170060758,29.8452446955615,0.624741352910459,2.46681894229529,25.7890420224803,0.484820356941519,5.47919060672219,1472.32761123864,214.439206905388,1729.76055289525,392.630864672373,118.147451025849,3170.34291257666,86982.2022320971,16.1079768813202
0.000941926305539761,29.8640999003857,0.655982821126203,2.438187748714,25.6770058407566,0.432591166795391,5.4929825173852,1469.75524867876,210.888773334772,1727.3490738181,390.05190753982,117.884386091038,3161.7806723804,87204.5528416885,16.1037586429895
0.000947322454980894,29.8834675863381,0.690993989314111,2.42284563744978,25.5483733433777,0.386370540743484,5.50706763700185,1467.5033134967,207.321999542023,1725.29844640238,387.613666113736,117.646178154206,3153.87956769105,87428.0311724834,16.0995294898307
0.000948478512372444,29.9040262232296,0.728717498445421,2.42382542986751,25.4022292084329,0.346988015705301,5.52135551254666,1465.07292305838,203.695124607222,1723.02022190122,385.183640063735,117.393158049197,3145.58556032684,87755.6762485033,16.0952884594069
0.000937967256801611,29.9306682969094,0.771239884030335,2.47136741746491,25.2285620752948,0.313315467306108,5.5366007738988,1461.61076493649,199.974535742398,1719.50462551809,382.564212301122,117.056637481254,3135.14041228241,88325.0802994908,16.0910343297281
0.000912139812176208,29.9704681277197,0.823348276769464,2.61897678944824,25.0155026989003,0.282524717599863,5.55398817082504,1456.47429208759,196.170302002972,1713.99080983669,379.659126832325,116.584965790689,3121.27785470313,88980.8715984417,16.0867701981239
0.000875507193788447,30.0268410144659,0.886987011326815,2.88717831580761,24.7662406567194,0.254310961636282,5.57342750817982,1450.07024328838,192.36036500494,1706.96106393936,376.615214403571,116.011930507613,3104.91580319684,89633.2693441004,16.082497988141
0.000822741696828862,30.0937079074545,0.968150383343897,3.27506219342354,24.4928519738868,0.229101571368211,5.59415203794275,1443.36255148207,188.667186309239,1699.55748674915,373.693026065416,115.415927338885,3088.12813252087,90334.7783439448,16.0782176695336
0.00073616687892789,30.1407240995269,1.10737463472159,3.85048782333438,24.2060834895237,0.2026380088155,5.6163850922066,1436.78928154321,185.250870279981,1692.29551592841,371.140447689365,114.830577398097,3072.00813310594,91170.6632085262,16.0739290007305
0.000628962100901474,30.1188018913497,1.38909594735322,4.75251547942818,23.9131906665144,0.170509402894093,5.64088110487349,1429.94307173814,182.263367041998,1684.68564652574,369.127375518492,114.220250127085,3055.99144340145,92030.6514200841,16.0696337530077
0.000162108834532728,30.0079004807424,2.05510059160151,6.02184789707401,23.6264266412249,0.127632018345184,5.66741854126915,1422.7211533751,179.759028171529,1676.60077324283,367.597005871535,113.577119230359,3039.88568537315,92857.8100772091,16.0653329570643
1.58715388654518e-09,29.8306364547681,5.07420455553666,7.51785862688147,23.477566328347,0.0418931708093128,5.68941725532038,1437.34440866741,180.088888754334,1694.23482089455,370.848049667314,114.683882134255,3069.97735695739,103444.547419439,16.061041618324
4.52864601923946e-10,29.6456950883927,12.5147950017236,9.10848916875944,23.1113587433208,0.00530057465442252,5.7118960601571,1433.76930844632,179.447206042231,1690.12073074149,367.466096658909,114.318401130757,3060.73189147563,106008.631797267,16.0567181623492
3.06038737847871e-11,29.5096782211249,21.5929826674251,10.8413378439592,22.3474155665038,0.00137831435650497,5.75216477981592,1418.38955824075,180.160460716778,1671.68271122478,360.803477862261,112.955258624944,3027.83640850059,108921.678335296,16.0523915039655
4.39592680646647e-13,29.4502426424231,29.8218226226105,12.5695261299942,21.3477769088767,0.00110118132028193,5.80836449660114,1401.41318433222,183.366720208491,1650.97457381722,355.139126860035,111.410154303337,2993.99593869351,111804.297120554,16.0480640494629
8.9902209475527e-16,29.4510523847869,36.9344207089824,14.159857221776,20.2956611162673,0.000843709942152681,5.86923049200795,1382.50913503528,188.131744586286,1627.72368040278,350.064156635477,109.674643272443,2957.76261551155,114064.457685778,16.0437374613123
-1.74095744674873e-18,29.4855879234201,43.1263426506246,15.5184807431632,19.3226229506312,0.00057381917449411,5.9258541423213,1367.98410153848,194.06422215838,1609.47450763763,346.451688589657,108.275308708969,2931.38966003373,115272.054959212,16.039412284505
-2.3560231608149e-18,29.5376767161549,48.5210567358986,16.6076897623086,18.4764001079899,0.000331777519404577,5.97507915567991,1356.8582296029,200.43394632005,1595.09215204122,343.633343348721,107.145410140939,2912.10806943529,116138.548968175,16.0350859595538
-1.06825263273052e-18,29.6027798760665,53.3349143779103,17.4787437734014,17.7237350134786,0.00015481013026078,6.01882353736953,1348.28477227947,207.295885383845,1583.5776229634,341.234073706866,106.214548563646,2898.13253346977,116835.364333495,16.03075828574
-6.38332141561723e-19,29.6760977057996,57.7388869072917,18.1754430535885,17.0330788030547,4.76687226234946e-05,6.05898556677388,1341.62760933904,214.657266780257,1574.21257393445,339.077897857391,105.430790176437,2888.18965392572,117221.118187901,16.0264301488199
-5.64789941019893e-19,29.735471035161,61.7448871303769,18.6979324550892,16.4008564676077,5.71207688241278e-06,6.09587656437122,1337.45584335288,221.961096349117,1567.75801949114,337.382288549437,104.850670650689,2883.15795152136,117199.962251401,16.0221023346498
-5.55838143283766e-19,29.7552176608608,65.294775649507,19.0386228658501,15.8302773736828,4.11675194824579e-07,6.12942072497342,1336.13658706702,228.478546359615,1564.73461695553,336.319605336234,104.516782392007,2883.37887098795,116955.248710108,16.0177748791243
-5.21553409617265e-19,29.7386266674132,68.4435918446031,19.2199573166517,15.3138490795059,5.09213274938462e-08,6.16007162380564,1337.18984460401,234.225206634306,1564.57072133898,335.828837386319,104.38853683484,2887.9142694587,116555.945792952,16.0134481559693
-4.64485317879834e-19,29.7036743546184,71.3280729389312,19.2804022493864,14.850865857466,8.613664048354e-09,6.18785908277718,1340.77165885828,239.547493639985,1567.41485445115,336.014337093364,104.471182743,2897.34230764189,115536.201524449,16.0091242163031
-4.04892045243858e-19,29.6715940873377,74.1508902145842,19.2832134939666,14.4628825255258,1.58033177774763e-09,6.21159187529883,1349.0589010144,244.807407852339,1575.81439388105,337.460891452257,104.934022060074,2916.37242044556,113652.048293339,16.0048048997923
-3.53745367024021e-19,29.657240214217,77.1165039542997,19.3032807529981,14.1590725963905,3.10638981344224e-10,6.2307738315373,1363.23935075691,250.234932222697,1591.14846019103,340.457095937339,105.867780482099,2947.56897773995,111686.081091205,16.0004887632873
3.99753164369983e-05,29.6557377322696,79.9684118202388,19.6538005230418,13.693501534603,0.00214369554053272,6.26082451230996,1347.30756371527,252.427461297895,1570.98796783623,336.601687045106,104.412842875597,2915.41644620652,100624.961505341,15.9961614581963
5.34449960580604e-05,29.6670539320756,74.1355449692855,20.0730432161017,13.4248322916407,0.0120690296943278,6.29277656560681,1336.09264088867,255.018224900647,1556.56226477754,340.208043606988,103.364304522462,2897.12479842841,99109.7740189821,15.9918500563122
0.000116134189697443,29.7047264424049,58.7532911139926,20.3020317320721,13.5682406645819,0.0270475163958968,6.31415890438732,1342.53486387615,258.440125719541,1563.36942183664,355.127137789028,103.781321155064,2919.99389594384,98049.1360742525,15.9875407752372
0.000130373247035084,29.7876549372947,42.861229482964,20.2157473537835,13.967675204231,0.0523517124923955,6.31564364436568,1354.97472350479,261.613334469253,1577.66030553758,372.100223598671,104.730817690795,2955.64869995545,97186.4587875584,15.983235021521
0.000133649995352723,29.916135993078,30.8996139390215,19.8813284669032,14.4570167020639,0.0816413913638781,6.30099286517946,1366.95174644631,264.14450677006,1591.67932962336,386.679140953167,105.681504724973,2988.79319494205,96438.7813158052,15.9789336750221
0.000134219186564324,30.0760257871068,22.5955592045343,19.4452442867487,14.9329429153296,0.113477189916244,6.27910068686934,1377.31450989063,266.125997649144,1603.9353686404,398.639424203724,106.524745239187,3017.05337669875,95588.4914545478,15.9746385406138
0.000133150351195686,30.2474278340379,16.8732280504073,18.9862020756839,15.3787702114293,0.146629199581622,6.25426460651908,1387.67940589393,267.854680625142,1616.26606572565,408.735692775598,107.379252292066,3044.08462501547,94454.2537192484,15.970351631194
0.000131435232047086,30.4136254915593,12.8225121149385,18.5286762771556,15.8161052249568,0.180281649752739,6.22737752263078,1399.80034076705,269.622255060413,1630.71463855792,417.791628923169,108.379472936196,3073.88278497566,93339.6486143819,15.9660719286915
0.000129726971944051,30.5715693511278,9.83780048092256,18.0788375240871,16.2557231675676,0.214134243491379,6.19884817226329,1413.48877070602,271.474302068458,1647.05186339911,426.109864868379,109.508354628458,3106.29964800561,92345.1695207933,15.9617991768093
0.000128337063668141,30.7236877693881,7.54627040663266,17.6382478024028,16.6978979271272,0.248524677976722,6.16908872534324,1427.85621356156,273.301144592247,1664.23734679813,433.758868547426,110.695309444766,3139.62392649304,91380.8479237105,15.9575345675901
0.000127439538403637,30.8649533083608,5.72061761100266,17.205717409021,17.1453391410986,0.284700931838444,6.13807829183376,1442.66263601841,275.00678364569,1682.00772268798,440.8963824477,111.922524498238,3173.44421615713,90344.0106960795,15.9532798098145
0.000127591186920957,30.9842563064083,4.24150233353245,16.7780112509752,17.6023795495197,0.325633851611648,6.1053316426337,1458.13132404232,276.56099396683,1700.64694006552,447.686714258365,113.208951790554,3208.27754139589,89357.9764697204,15.9490345240272
0.000129937925791097,31.0793573365908,3.08047201472088,16.3519615200215,18.0645143786376,0.376304329345006,6.07039041445748,1472.04546515319,277.617633919345,1717.56261662179,453.455332441395,114.380319027453,3239.29751557162,88467.8163687551,15.9447986545141
0.000134907785478248,31.1574090747751,2.24064918833222,15.9246039356259,18.5172223075353,0.444024496309888,6.03291614880943,1480.40703367217,277.604195842119,1728.05632421705,456.963649122576,115.120973643001,3257.80333100339,87898.8950734997,15.9405692817346
0.000141781948021643,31.2339016687545,1.69641092709979,15.4997675013471,18.9358031030543,0.529975483115149,5.99404094605801,1483.42868803261,276.698657665095,1732.33645685854,458.294054226702,115.443819743551,3264.33733112388,87923.9573590892,15.936341894647
0.000149324473378223,31.3262589543717,1.36422662905837,15.0867977698769,19.2954667579235,0.627240813144481,5.95624400006215,1481.70619668649,275.045760562495,1731.05510009187,457.743863269085,115.392321035438,3260.26173632365,88197.5178152523,15.932121493832
0.000157254516883571,31.4392391340992,1.14911482702017,14.6874926283851,19.5952863830978,0.729961908728976,5.92066908351405,1477.02683659942,272.829462858836,1726.29772317915,455.987560845924,115.107151935315,3249.47093167607,88530.1125255967,15.9279117501317
0.000164850070198403,31.5656120689751,1.00180484989091,14.3076727260809,19.8540446776565,0.83351326284858,5.88715298617044,1472.10580908739,270.411605885881,1721.25990881197,453.937835426558,114.802913254394,3237.90116825296,88707.8705878891,15.9237161469969
0.000170382844371605,31.6879784779158,0.906841114091958,13.9914292830653,20.107672103505,0.930269118182851,5.85504404533526,1469.24374490928,268.231064929088,1718.64944619771,452.4070421602,114.660515476217,3230.70412639018,88520.7501865013,15.9195378898459
0.000173406997511907,31.786880890126,0.852227382504605,13.8149643760083,20.3938062109465,1.01125017240563,5.82383418367554,1470.05876453242,266.768675511147,1720.35794157757,452.050619816977,114.805556122748,3231.66949831127,88224.2338306521,15.9153744720158
0.000174850568075054,31.8575120249303,0.823979926716049,13.8103500649309,20.7206439634448,1.07230032460359,5.7937626358996,1473.54852450929,266.038622475098,1725.19180451677,452.667019066895,115.156937965291,3238.78358673674,87944.9694383618,15.911224674516
0.000175910536293279,31.9076899258471,0.8125956042437,13.9550597731021,21.070073045505,1.11696999277342,5.76522992307818,1477.13120231841,265.687803793166,1730.09991521204,453.481499864688,115.509666318953,3246.43879115252,87921.0545427897,15.9070855740526
0.00017792808050188,31.9541652348827,0.81130248153498,14.1989247860187,21.4030868757222,1.15149816311001,5.73928413413039,1478.34599464022,265.411726054415,1732.13987404984,453.686312555433,115.665496653863,3249.23925542711,88431.7213245118,15.9029538227859
0.000180847649307155,32.0153681635198,0.813795619255124,14.4786011003923,21.6776675009313,1.18041864122979,5.71733262727887,1475.35788538748,265.002983647438,1729.08170133124,452.617255470739,115.473447679522,3243.10374099568,89159.0525785746,15.8988348992457
0.000183777864657288,32.0965152898974,0.818503758191796,14.7443748163869,21.8855360505508,1.2066682959254,5.69925126025005,1469.01651641204,264.500731356703,1721.90903182297,450.441793696746,114.99992207006,3229.74798177498,89920.7747147993,15.8947322139583
0.000185883178819434,32.1909195366732,0.832791825829297,14.9838012147999,22.0420529990797,1.22804529199501,5.68445675061017,1461.3844659794,264.092802978538,1713.07970050613,447.763686280562,114.411149834265,3213.59261752816,90801.5005928851,15.8906456010479
0.000187426195230128,32.2834335383234,0.862228852192569,15.2062273022004,22.1559675664598,1.23753058875584,5.6734713270343,1453.32835201291,263.842703103186,1703.65421960353,444.888807152252,113.779779644326,3196.54249760658,91947.2882054236,15.8865745598166
0.000189033732105791,32.3543411049494,0.900989966170379,15.4106801254379,22.2227550872945,1.23007389596119,5.66732112772403,1445.04264177467,263.698754769003,1693.90106711539,441.937332163996,113.126133840738,3179.03782758234,93166.1931580599,15.8825216717423
0.000191157419444793,32.3940211327541,0.943837005198429,15.5864688883798,22.2426999140108,1.20869247167941,5.66567329422542,1436.45902103271,263.549526647026,1683.76395356089,438.926124123676,112.448338022672,3160.90148710626,94360.5749414447,15.8784881651324
0.000194109634317321,32.4067458373005,0.989502967832378,15.7310039590341,22.218329505265,1.17930684717783,5.6676479080047,1427.43296987506,263.353061667785,1673.08131432713,435.823505344263,111.735533646052,3141.81886790879,95637.3833548853,15.8744737169704
0.000198426073783217,32.4069196411786,1.03406410477761,15.849434277961,22.142163009633,1.14556194249209,5.67316677310319,1418.09753110336,263.186564874564,1662.05642676771,432.660823615225,110.999202580998,3122.16034748627,97122.2540330264,15.8704781987511
0.000204851192178576,32.4104278943111,1.07175144144986,15.9390022023209,22.0023929738269,1.11091350881777,5.68234904735833,1406.84132745858,262.804365672595,1648.88631677066,428.935746672616,110.115497529579,3098.49111706966,98620.5086608609,15.8665032179639
0.000213622084019364,32.421854928932,1.10046155515836,15.9883159225039,21.8020000423698,1.08117750380439,5.69418921440904,1391.86109701352,261.85590649586,1631.48311708627,424.087964480167,108.943679071508,3066.84656633798,100044.958532964,15.8625495252603
0.000224098444670715,32.4363899352073,1.11322145539399,15.9840046598461,21.5616627269577,1.05844785236561,5.70725773874565,1374.60152397456,260.47634572532,1611.51221055677,418.53028357164,107.597033065537,3030.26608767675,101135.347811191,15.8586183543215
0.000235693893112394,32.4447452524734,1.1001018540948,15.8975391200411,21.319141183455,1.0437362040787,5.71933047169165,1358.29448460848,259.021478625679,1592.69884244556,413.200871163081,106.328610396446,2995.59710313361,101682.137882219,15.8547105815378
0.000248527716155007,32.4393022975176,1.0642495637517,15.701344327138,21.1051544818746,1.03920943004385,5.72839391930915,1345.47313778834,257.789626649658,1577.93829932887,408.826008348789,105.335395676017,2968.19230593018,102006.777192155,15.8508253629215
0.000262418412555036,32.4207861205831,1.0162903896659,15.402298880773,20.9208513230185,1.04382903333014,5.73453313929894,1336.21798759859,256.83729040248,1567.30789930793,405.435310445522,104.622643167984,2948.24672576132,102206.290499242,15.8469627915198
0.000276582362597667,32.393364376671,0.958771215442736,15.0216250244604,20.7654119002654,1.05652328465414,5.73795869125014,1329.85940181495,256.087546199363,1560.06415693791,402.848634217609,104.139427668801,2934.37466570958,101995.008528441,15.8431242884327
0.000289704388333412,32.3583870040093,0.891855397478809,14.5822404355286,20.6609706152879,1.07936017306667,5.73713136589604,1327.26759691813,255.631796759964,1557.30240202416,401.317565539622,103.957670940503,2928.5024981473,101171.285056144,15.8393111258864
0.000301335307762428,32.3148963012354,0.825036723943645,14.1091838052528,20.6296609993008,1.11513721514555,5.73037829214859,1329.49211310956,255.6337778648,1560.30481969535,401.129269492023,104.161365665127,2932.94630720067,100187.302786326,15.8355224658243
0.000311047242629312,32.2642369272026,0.766194711300883,13.6182921332398,20.6635524539995,1.16190384729871,5.71839147633463,1335.5403762138,256.016391619924,1567.89477131791,401.987912911966,104.670837217749,2945.59141470026,99188.5712201858,15.831758331563
0.000318478313384644,32.208485309928,0.716891547864289,13.1153834628072,20.7469084661685,1.21664197884162,5.70247902128139,1343.95842694091,256.592291608532,1578.34388880375,403.47810403041,105.371283425035,2963.29272516163,98171.4414859994,15.8280192698426
0.000323161591967626,32.1469030842204,0.676755082057108,12.6086518989583,20.8717918737299,1.2767227055252,5.68348021693689,1353.87575254283,257.188519804731,1590.64492361497,405.376022162365,106.198109402536,2984.16529052156,97128.3670062127,15.8243058701562
0.000325616674653002,32.0767752497359,0.643635770319905,12.1111438384916,21.0351378721096,1.33996017619286,5.66190754509651,1364.84292793932,257.680308786316,1604.3046679561,407.587841091423,107.121346192174,3007.24972708682,96126.2528523149,15.8206183667143
0.00032673963267501,31.9982916716865,0.615329494291946,11.6301797725775,21.2305388205732,1.4054315439058,5.63825330145624,1376.43628768738,258.021536649368,1618.82135118289,409.987678221784,108.107457124276,3031.63463426563,95193.9710271951,15.8169570860608
0.000327481785957345,31.912108028495,0.590051772728353,11.1648251929727,21.4498009843399,1.47317485336558,5.61295054249049,1388.2995419556,258.207145735774,1633.73986393288,412.439308363673,109.124258514466,3056.52703476619,94327.3575920466,15.8133224969111
0.000328865938175816,31.8120317432998,0.566228088797346,10.702564854781,21.6853784472681,1.54420720064619,5.58623647718894,1400.24401610166,258.212826471146,1648.77733791047,414.837693081488,110.151443727031,3081.4302669016,93518.070674823,15.8097150969047
0.00033129288915206,31.6871354117647,0.543773099647167,10.2260809058841,21.9304322450711,1.61984917265349,5.55825672635536,1412.16471509224,257.989805071114,1663.7458322309,417.100678804938,111.175862329331,3105.99806361423,92787.8661803711,15.8061351875268
0.000334936962699823,31.5354009831175,0.523145347959319,9.73374642711964,22.178944065227,1.69946776866635,5.52942292207838,1423.86730515149,257.520337593261,1678.3999883608,419.155828204194,112.180478965531,3129.7908939669,92143.2035100977,15.8025831255209
0.000339514257165974,31.3654429192557,0.504229003648486,9.23462675688479,22.4308231294577,1.78054333859803,5.50010482991115,1435.37889147203,256.845226628349,1692.79873417057,421.024064289351,113.168604335568,3152.92845740388,91404.1073724658,15.7990606715795
0.000344488429517611,31.1989458030939,0.486624749013443,8.73362782251963,22.7015807845041,1.86112180852812,5.46969826315261,1447.62723547637,256.117138287726,1708.09505439891,422.992069584094,114.217408346548,3177.50419901454,90388.882071909,15.7955700914955
0.000350851146981537,31.0612457131383,0.470523660152702,8.2303343380313,23.0091774728096,1.94130315957827,5.43715479574804,1461.69971624037,255.513524940879,1725.63132708032,425.380075095337,115.416819265146,3205.95255376977,89357.6207707672,15.7921103049301
0.000360719753488722,30.9579374915857,0.456051116542821,7.72917698757083,23.3493150182612,2.01948239465968,5.40294125677025,1476.89239890961,254.967355936746,1744.58511520005,427.980658820303,116.710413783441,3236.77701373922,88414.5878816293,15.7886808284459
0.000378342703955269,30.8805119657231,0.443082607852902,7.23734636204814,23.7039201385335,2.09619272014224,5.36803746263643,1488.35996153252,253.745609939803,1759.19773610011,429.403117488504,117.709520855558,3259.40715884554,87550.3417660665,15.7852820763699
0.000404129409787826,30.819234845827,0.431138512206374,6.76503215503704,24.0573390621173,2.17300402134233,5.33314181297428,1495.08799245644,251.706674673839,1768.23683968163,429.346133346852,118.329817433391,3271.60602708854,86735.2591708399,15.7819147879786
0.000438055427787389,30.7684076597683,0.420035300012905,6.3260056138904,24.4056417412203,2.24509382241366,5.29917716427649,1499.54671490577,249.225845255764,1774.60435036028,428.50755913934,118.764794585778,3278.72226246297,85983.5349069382,15.7785792103277
0.000479187072944651,30.7254637002437,0.409857153470823,5.92984520907465,24.7486717434569,2.30444049104867,5.26732574497712,1503.46087093308,246.567030575714,1780.33128806285,427.386935327299,119.149106685137,3284.50311567165,85299.6151857307,15.7752756064424
0.000525521041216047,30.6881150043487,0.400862879741296,5.57967556268506,25.0816939692362,2.34409121550737,5.23890413491279,1507.22679572164,243.823428995333,1785.87935645557,426.115047498809,119.511958253661,3289.83760263567,84830.8325846857,15.7720016224708
0.000575099010211278,30.649192496599,0.39337071520638,5.27219647106544,25.383887313193,2.35930285562442,5.21585187829513,1509.82483088177,240.94373075752,1790.02048093963,424.427557077924,119.769480012378,3292.57897823492,84785.7844640763,15.7687530110585
0.000624766945937731,30.5976338883311,0.387402629972676,4.99530439856635,25.6278993466405,2.34669116526907,5.2002760806498,1509.84092333759,237.837550618425,1791.04944917215,421.956645544408,119.806962733818,3289.73454408198,84944.9682017182,15.7655335800234
0.000672385970089105,30.5291469512383,0.382751683440024,4.73243837004211,25.8097675507807,2.30770542212313,5.19221279912052,1507.40691335674,234.541612288647,1789.11170619749,418.766561888752,119.635744022252,3281.610939801,85162.7788984542,15.7623467947539
0.000715978053770161,30.4473128263998,0.379036693244738,4.47291004939203,25.9480217722101,2.2469116733557,5.18992315976641,1504.00978302187,231.209073402546,1785.98049745418,415.289675260623,119.377046432092,3271.40876582348,85237.2147453153,15.7591965868632
0.000752982489464693,30.3609223228286,0.375837745889888,4.21536303645279,26.079649220996,2.16956619054302,5.19048387390672,1501.87490948729,228.036978193803,1784.32393461656,412.150441318679,119.211647391205,3263.89253644967,84943.0783088707,15.7560870825997
0.000784207279126632,30.2786507938508,0.372966285117543,3.96704402769512,26.2414946306463,2.08118292078152,5.19095421224597,1503.0309159848,225.197984104682,1786.58123528247,409.902921764693,119.303814504789,3263.39696702286,84514.040304478,15.753015492625
0.000812712482168947,30.2023266861074,0.370491157367545,3.73790590428656,26.4384761003466,1.98491387807853,5.19061217942791,1506.70045010614,222.583603773764,1791.83169969957,408.330020272965,119.591635774529,3268.23991021844,84091.1963869439,15.74997984458
0.00084041405733504,30.1297009424305,0.368607703126043,3.53262937305503,26.6528789411556,1.88308034922416,5.19019440116686,1510.94379705048,219.993033151787,1797.75542055074,406.903602799126,119.919445716654,3274.26324159321,83760.2426944349,15.7469787309875
0.000868588453535053,30.0594221887053,0.367544311863256,3.34967939059334,26.8608298939574,1.77717139815012,5.1909178120992,1514.27220806437,217.292480831722,1802.57108878993,405.226422113248,120.167726582527,3278.29495458845,83598.7446193763,15.7440106118517
0.000897169855550846,29.9932220580397,0.367403869164475,3.18342996776133,27.0432490445388,1.66768485208737,5.19384975222556,1515.88289881238,214.410470147981,1805.32467630801,403.095253285196,120.272430465501,3278.6379307677,83528.0099455456,15.7410771273747
0.000925728927726379,29.9335408814571,0.368211996011361,3.02723458073343,27.1958009652059,1.55550431998488,5.19912155825742,1515.9883762112,211.370974347579,1806.27501543518,400.578030567025,120.25129189193,3275.76007702735,83491.6188283485,15.7381799195886
0.000954292609214068,29.8801324198601,0.370055082724336,2.87882778110416,27.3217628533269,1.44216927858403,5.2063159027735,1515.18862039179,208.242566485522,1806.13739068328,397.840656851141,120.15312474951,3270.9524628769,83536.3281795117,15.7353185698951
0.00098256813621735,29.8263276356489,0.373177025929436,2.74787454882285,27.4181470288925,1.32912189154209,5.21540420612061,1513.56733780703,205.054017086354,1805.00274640344,394.914783810306,119.98560568293,3264.40755447064,83759.27802229,15.7324916803467
0.00100805165025423,29.7605702749797,0.377828703869204,2.65364114472318,27.4758276936407,1.21693020082696,5.22685008168838,1510.76714158532,201.789963249857,1802.43291503626,391.725038562796,119.721696781926,3255.38050081774,84068.6588387262,15.7297016630611
0.00102861338187186,29.6768462583646,0.384214323889364,2.6055690175951,27.4939229774443,1.1065443707564,5.24057273089524,1506.9020895493,198.46473237667,1798.5601627865,388.316887809302,119.372031127471,3244.12398473811,84395.1677926523,15.7269505010152
0.00104265763802806,29.5761940113661,0.392911888972361,2.60282920457285,27.4738426983777,0.999589590351408,5.25626284763522,1502.44625831587,195.132518619974,1793.94846217588,384.822317594814,118.974881965001,3231.65730437184,84890.3213282658,15.7242364666405
0.00104798102280174,29.46239108968,0.405529804909025,2.65252376308421,27.3991462717029,0.896381073797993,5.27489616244952,1496.95185413275,191.777399432687,1788.03971860641,381.155691653131,118.492914384404,3217.04349555093,85821.5496337641,15.7215570945168
0.00104399353156937,29.3413112180631,0.423530136729109,2.77202161313458,27.2424150658778,0.795577856181344,5.29838734127774,1488.74810226074,188.244319343641,1778.79278673208,376.958930995291,117.790575236758,3196.73248038132,86957.2897791914,15.7189173705271
0.00103191922453359,29.2203950171367,0.447552446501387,2.96165494461841,27.0014175190953,0.699595240597546,5.32657621060203,1477.67202587446,184.49538334571,1765.99357420543,372.237519032422,116.855023914627,3170.371949411,88131.2287488199,15.7163200103115
0.000997093456314513,29.1024330720489,0.481828095641788,3.22575723652461,26.6958987806494,0.610606537494903,5.35800501760256,1465.71039503694,180.740578150615,1752.04735217737,367.525231877861,115.846945746616,3142.24705438942,89335.7787159124,15.7137651791826
0.000909075594691359,28.9790267376797,0.54656098438142,3.66517460628128,26.3532951964175,0.520016233903755,5.39262149210315,1454.63273326909,177.263627348407,1739.18447350131,363.473168941102,114.91218549988,3116.43417425779,90612.5890666465,15.7112526649062
0.000784390695555545,28.8341138430967,0.6831412066225,4.47542633985957,25.9965886538171,0.41508056535568,5.43165916726206,1444.12128194575,174.198373839433,1727.19716502277,360.416368912758,114.032864167478,3092.79231403304,91905.8617543403,15.7087829670969
0.000216557142053865,28.6610044455468,1.05109938837184,5.73790410752412,25.6400508087337,0.287572079040921,5.47554929094028,1433.31157612735,171.518953038091,1715.11896347679,358.264212475041,113.144732444602,3069.6684357363,93176.7231215223,15.7063563796174
2.16186058683483e-09,28.5067843115703,3.15424172624516,7.33403375347682,25.4182534373799,0.0920776590338407,5.51977588194875,1443.55267525096,171.349669989302,1728.42353338142,361.219367840815,113.935463354013,3091.71898490425,104101.374301132,15.7039813254422
6.29387107901561e-10,28.3510833299652,10.2334052073734,9.0619639552968,24.9293923636274,0.0129133275148032,5.55766144788959,1437.68094643449,170.780783372194,1722.04581628283,357.866067986698,113.433693816982,3078.65847153373,106748.557920607,15.7016358642062
5.41973408243614e-11,28.1647509562258,19.8443809861183,10.9580254027018,24.0379729092274,0.00398271397063988,5.60722904643371,1423.02916539451,172.540261057557,1704.29549135908,351.231243287661,112.166079909493,3047.82790220568,109623.922428504,15.6993348512972
9.66281279152795e-13,27.9714286421582,28.7523532912901,12.9165029918422,22.936824058498,0.00310517080156711,5.67070680119512,1407.92521944101,177.526780932693,1685.03245897646,345.71553528225,110.785229375083,3018.28160204667,112400.832364049,15.6970791349532
1.38885933567318e-15,27.7973319623246,36.4602295984999,14.7901191196438,21.8122020639485,0.00233738899982294,5.73749172227855,1390.06673914988,184.295098888582,1661.81816422194,340.711497234056,109.136843567258,2984.50299599052,114302.640570617,15.6948697890991
1.96169885713958e-19,27.6865789280865,43.0939875391903,16.4140333548132,20.8105880170525,0.00155613211293834,5.79749326552285,1375.32132623357,191.772728266289,1642.18636730192,336.961287803924,107.727125885916,2957.79462299291,114785.25204676,15.6927071752218
-5.46658959489673e-24,27.6781427203581,48.7288584748467,17.6986846171183,19.9881168918022,0.000871142181512065,5.84691792001447,1367.10210213152,199.237575089271,1630.57395929028,334.912332964775,106.853393112174,2944.71862141105,114828.87670718,15.6905895800365
-3.47821107350731e-22,27.7587127924344,53.6111246615624,18.7153535382925,19.296288443381,0.000397064583457181,5.88871879762264,1364.39386596907,206.853264397936,1625.7227420527,334.177620399577,106.430096061927,2943.19038628996,114697.655133461,15.6885168007485
-9.32627468804948e-22,27.8982270812409,57.9716068299844,19.543181476369,18.6904755092663,0.000146378634592157,5.92568655256103,1365.08325019994,214.778939183351,1624.96231970836,334.200498207897,106.279007540173,2948.8376014874,114138.847158469,15.6864895410049
-9.85223726698147e-22,28.0770616829157,61.9811439588217,20.2109520324028,18.1685261447625,3.38110019609045e-05,5.95794090945426,1369.39830134278,222.686875098708,1628.56543796828,335.011223924517,106.419337251762,2961.86740937478,112991.867355665,15.6845084258665
-8.07366467151497e-22,28.2859858754967,65.7632670215726,20.7381849182474,17.7344820571074,3.3183441081182e-06,5.98519121041051,1377.8811080848,230.082474044051,1637.25233738981,336.723554533079,106.900366158677,2983.07873698071,111683.361424619,15.6825731499516
-6.34026072494736e-22,28.5187202242454,69.4022463725102,21.1567796878357,17.367996556862,3.34094958578951e-07,6.00862287402738,1389.28437179563,236.940297056189,1649.51623996071,339.01037262645,107.621378323979,3009.86901133593,110355.878842914,15.6806837912123
-5.23226922213811e-22,28.7646495592751,72.9557057934862,21.4935482262993,17.0452385339559,5.93528784258427e-08,6.02961375491284,1402.05710946278,243.415929320084,1663.46003762507,341.548326021956,108.454884018531,3039.16919506307,109104.080454838,15.6788404692093
-4.58086844374825e-22,28.9973940021634,76.4673226294233,21.7721870097814,16.7491558408279,1.34172104043416e-08,6.04912614464508,1415.16299860049,249.596920287653,1677.8147216938,344.171087674608,109.316260884292,3068.94543299233,107878.346583886,15.6770435673929
-4.13527070709861e-22,29.1881616269534,79.9726117486964,22.0139724667808,16.4726220965264,3.36032148549643e-09,6.06754915933957,1428.36669069032,255.498296408102,1692.28588200584,346.864404514083,110.18657020703,3098.7409715918,106674.45310265,15.6752933933323
3.51551948875764e-05,29.3492427550919,83.4040958711267,22.5752633829012,16.0047939624997,0.00190996649839881,6.09892074855318,1413.49000520314,258.582615529914,1673.17589853303,343.466123723493,108.852621249426,3069.39143150647,96294.4655571289,15.6735834949638
4.64547848128721e-05,29.5022183956378,78.0731458924366,23.2028667041038,15.703684437476,0.0105890948833842,6.1344008793936,1402.06180460797,262.063195873555,1658.36711570166,347.317216784663,107.819555366121,3051.43009590917,95342.7257541009,15.6719269653469
0.000105438578371333,29.6379280863079,62.6071957939748,23.6023752284564,15.8079086703966,0.0240824731512012,6.16041051934656,1405.70966904148,266.034019574379,1661.99213896129,362.237064207879,108.031494699056,3069.55501264054,94750.9718092921,15.6703170709693
0.000117535121478253,29.7538431956246,46.2301056675773,23.6517720322097,16.1812100085637,0.0474632831906932,6.16617807580622,1414.37965976046,269.615302176967,1671.96402832023,379.361711310019,108.689201640135,3098.6103729185,94333.6700487607,15.6687544589699
0.000120803210295085,29.8496878211906,33.7628544093414,23.4238658527596,16.6535093364754,0.0750166745717631,6.15502111897045,1422.29153213581,272.53648906323,1681.2120445969,393.949700433883,109.318904350198,3124.40036704016,94015.9556953503,15.6672395818266
0.000122219850056396,29.9262816021524,25.1187973302195,23.0707039393765,17.1073982687089,0.105548642046997,6.13636599005877,1428.19301724189,274.911475367144,1688.12497557499,405.42270193129,109.805280569269,3144.16543425967,93734.6552692996,15.6657728618567
0.000122939814172806,29.9781527629768,19.1991895126552,22.6730290260696,17.5073476638435,0.138057417658685,6.11551398604381,1432.76394008441,276.948251592699,1693.49200308124,414.298522568799,110.1941263755,3159.63635085853,93434.4523567475,15.6643546967389
0.000123580757891018,29.9949331564172,14.9927887659539,22.2529123175482,17.8609221675997,0.171616360397132,6.09418249214721,1436.89576142172,278.81296061546,1698.40706660394,421.288791144398,110.554009203536,3173.08314737842,93179.7768001515,15.6629851782659
0.000124444334564581,29.9748550493911,11.8417590075871,21.8166919856032,18.1815355662028,0.205473462902062,6.07281841090329,1440.83230201086,280.552291735681,1703.17307454031,426.940729981647,110.903511564112,3185.34235846187,92988.7696270961,15.661664501435
0.000125647304453919,29.9249403299395,9.38071714687297,21.3719895061363,18.4784651257042,0.239200382018605,6.05158148018927,1444.53556598111,282.127838143275,1707.72827816801,431.643162581761,111.238371679752,3196.53037435914,92789.4941140139,15.6603930814961
0.000127173750488437,29.8594954352082,7.42119759709997,20.931071376547,18.7609020770992,0.272794963973343,6.03038265025654,1448.26255388064,283.471855442532,1712.33305723717,435.723806547805,111.576213976913,3207.23685107601,92505.2023560266,15.659171337236
0.00012940790392165,29.7950082217404,5.86469713061521,20.507817484229,19.0367926515163,0.307250616110293,6.00894411436493,1451.69068128678,284.413164875856,1716.54563256743,439.206883386182,111.888777727505,3216.68159404177,92218.6874501661,15.6579993005978
0.000132506001436609,29.7372015437963,4.62885650879121,20.108189439355,19.30661750235,0.344313277462872,5.98716108040701,1454.35719707747,284.886314086379,1719.79483841385,442.007247228233,112.138455841822,3223.86763931828,91958.5396326888,15.6568771177521
0.000136651546265982,29.6828954722781,3.64909899931341,19.7310715947212,19.5665414037202,0.385773990453911,5.96505693587251,1456.470584919,285.014791261709,1722.35329182318,444.217642815395,112.342385423456,3229.36124016344,91793.4603644291,15.6558048493046
0.000141862563243707,29.6275000485644,2.90086011581948,19.3782271680982,19.8088502280044,0.432841573132292,5.94289197882911,1457.82755339354,284.878475604879,1724.0561361261,445.806818429119,112.488703181446,3232.89147080621,91793.7730125959,15.6547825663417
0.000147615939748202,29.5687762823636,2.36097955687797,19.0565361494024,20.0277438991988,0.484365295965725,5.92118880685133,1458.05027278078,284.492227614107,1724.55742575188,446.727088005714,112.5538810426,3233.82384212864,91848.1868370727,15.6538107447874
0.000153537605632869,29.5067299269826,1.9740846987934,18.7665282693133,20.22664800616,0.538693096915193,5.90008189188228,1457.42626900454,283.900609119152,1724.23489870855,447.142213525611,112.562768536129,3232.86924329276,91907.8318739524,15.652889708133
0.000159274967205618,29.4430474547549,1.69523824533,18.5103001275642,20.4126235364332,0.594462682012914,5.87944258730861,1456.65604778335,283.211258813979,1723.87899105831,447.313422017567,112.567754724006,3231.55162430259,91973.0092310243,15.6520196569339
0.000164033749120196,29.3821007420946,1.51037946296741,18.3219431049238,20.592857909986,0.648282456591195,5.85944089479892,1455.92270572752,282.519938868345,1723.60444334591,447.35992337316,112.577295765518,3230.26295241769,92052.8843196736,15.6512007672405
0.00016719250777783,29.3298608927018,1.40377324825217,18.2611307094153,20.7746628645721,0.694010399452579,5.84069605584221,1455.41941649616,281.980199362159,1723.52276528338,447.450072474063,112.59996301589,3229.472769751,92139.1862930816,15.6504332403263
0.000169090109671752,29.2888390406492,1.34743819642698,18.3455720461926,20.9614108014633,0.728770622135575,5.82351598471758,1455.0215220617,281.616528275214,1723.4455414442,447.626889888179,112.62385629397,3228.95090123553,92229.0915335768,15.6497172613372
0.00017060312651074,29.2555117460802,1.32165959864943,18.5467053480133,21.1465844473746,0.754362395833912,5.80795941795011,1454.3383471766,281.392091685277,1722.9453819169,447.792121357184,112.61971082127,3227.90535221925,92552.0173002145,15.6490527067426
0.000173139483326301,29.2139550006696,1.31315011921065,18.8048303245999,21.3030861171668,0.774057767060402,5.79489997283083,1451.85924861276,281.247873018271,1720.32544386192,447.467334148331,112.470945305257,3223.23411941745,93360.5475729999,15.6484395521942
0.00017677448971856,29.14040264123,1.3084145461916,19.0421875909404,21.3984490365823,0.7908635106029,5.78550219642621,1445.93225895496,281.153337128307,1713.75884472863,446.095269963135,112.050247641166,3211.57611879678,94318.4228520575,15.647878503633
0.000180981390672171,29.0277312512599,1.30313428109519,19.2166846141033,21.4320140085619,0.806151593323147,5.77952401219144,1437.59338444569,281.254059860718,1704.5420561911,443.943320914607,111.441126996978,3195.2240275551,95275.5944036967,15.647369894323
0.000185624262518088,28.8886484289245,1.30492095405046,19.3297275834609,21.4186690090322,0.818476335389158,5.77637828781879,1428.10436564831,281.586799379063,1694.12336791507,441.392437919739,110.742125475034,3176.77721243921,96326.4476988105,15.6469137900537
0.00019137499142756,28.7557175223888,1.31913987267882,19.3695232022473,21.3606857084503,0.826338551976298,5.77617915778987,1416.80631668934,281.829491713566,1681.54257575125,438.243201315627,109.896423393264,3154.46232058329,97583.9443894578,15.6465102848721
0.000198396463591933,28.6691939989853,1.34212762448822,19.2890883250428,21.250998238742,0.83004168331496,5.77923466407231,1402.89347774232,281.605896547643,1665.62774424299,434.210289792693,108.834005384418,3126.10061847029,98868.4961999804,15.646159624147
0.000206701714499406,28.6406333965665,1.36863484218042,19.0722729704559,21.0946382428304,0.830481929873267,5.78514332043714,1386.99464607093,280.905922431368,1647.07595570736,429.465143127061,107.603016214539,3092.93205223892,100105.561810964,15.6458619408393
0.000216121531992398,28.654959514081,1.39201882312074,18.7494844647069,20.9056206167857,0.828071353571332,5.7931592415248,1370.41058457229,279.987864512561,1627.53080304694,424.434268288877,106.309573148059,3057.96164266344,101171.786264167,15.6456173515601
0.000226382685707489,28.6850818965337,1.4034596666354,18.3888350025812,20.703481836349,0.823879892201407,5.80215741928863,1354.78133004934,279.242847629656,1609.1339514494,419.670594493049,105.091442171486,3025.10255551745,101966.507295207,15.6454259415901
0.000237512481065517,28.70653651456,1.40140820966353,18.0628639502998,20.5039258887757,0.819752988009523,5.81107582943826,1341.12326294652,278.968952275135,1593.27853291845,415.528094204586,104.037933560758,2996.89142643528,102623.815311493,15.6452877548801
0.00024935191712246,28.7144827056383,1.39005856920624,17.7843300062729,20.3097114633713,0.816456882967485,5.81968333865876,1329.17281469347,279.14475281206,1579.66824293843,411.939380290978,103.129245873166,2972.78860698064,103176.07942106,15.6452028719687
0.000260821291875689,28.7181448083181,1.37169663358828,17.5239499873126,20.1254314943914,0.813917233888503,5.82775589882957,1318.87408037801,279.640706471935,1568.14232960152,408.876866577397,102.356353084558,2952.48519632933,103426.380892834,15.6451713834195
0.000270030452194822,28.7353358887461,1.35287150540656,17.2456477620099,19.972122443906,0.811171450178025,5.83431459635812,1311.28758714034,280.37613693652,1559.81460355083,406.654920565409,101.795538749089,2937.97934306681,103236.432274451,15.645193344535
0.000276606581074644,28.7825650562568,1.34024376895616,16.9293250246634,19.8701890512366,0.806815805705759,5.8384944021311,1307.34348112652,281.302128168188,1555.65620010115,405.56644170505,101.51322959011,2931.04457603677,102891.827352776,15.6452688078542
0.000280971104716461,28.8590993036279,1.33276755744899,16.5794497487637,19.816178379389,0.800593173067607,5.84051325817383,1306.43373197712,282.353402777069,1554.93356632492,405.431042977265,101.461028103608,2930.3615790424,102483.98536714,15.6453978478271
0.000283257938559982,28.9498713559505,1.31820849858907,16.2044803747119,19.8051126251039,0.793958902032689,5.84038024713031,1307.94399602985,283.491344846372,1556.99788310951,406.05245689895,101.595424439607,2934.69767929167,101755.300524863,15.6455804931405
0.000283863587842813,29.0218048984357,1.27679571989576,15.7958645526947,19.8507168255061,0.791751034402355,5.83654372392728,1312.63410888067,284.758396220438,1562.89596464512,407.629887774957,101.985557127677,2945.7816524366,100529.594566544,15.6458167195965
0.000283664685453354,29.0401392142834,1.21054836015748,15.338857409349,19.96556915409,0.800066108477399,5.82729682655612,1321.25255421404,286.195867583628,1573.64367271994,410.340922770353,102.698655903281,2965.29024597574,99237.7476103449,15.6461066069254
0.000282503069019499,29.0035404329,1.13818856256668,14.8404357718653,20.1381553187461,0.81849405614992,5.81325981520742,1332.72346475119,287.715138900542,1587.96009797623,413.840796630576,103.649641050659,2990.90979319471,98011.4568295721,15.6464502303866
0.000280697393874281,28.9304974459178,1.07003321257046,14.3159498684987,20.3490781690982,0.844540237465886,5.79586992776783,1345.48909073678,289.177321593729,1603.9356927488,417.665066254877,104.71178688561,3019.25053962919,96956.235358956,15.6468476924368
0.000279002252765119,28.8435178875628,1.00851493149493,13.773250221825,20.5774204262524,0.8766833026637,5.77652277822404,1358.11956777086,290.421328303382,1619.83683622427,421.385433519859,105.769174986814,3047.19228333264,96149.6634635524,15.6472991248606
0.000277652845298707,28.7606543284808,0.952436179963239,13.2121944397998,20.8067369293797,0.914045399786586,5.75625737612366,1369.66725454627,291.308772012531,1634.53899834618,424.709473647754,106.745694451925,3072.66093630524,95463.4225052567,15.6478045488784
0.000276787435251914,28.6859066099572,0.900799060445608,12.6350472967067,21.0329285791188,0.956315442607414,5.73534691558009,1380.10666649444,291.830078488939,1648.0118460361,427.622274225581,107.639093616377,3095.59184494259,94854.5800759014,15.6483639963226
0.000275813412813948,28.6161725957124,0.851733691824208,12.0506317729422,21.2636146159772,1.00235661625253,5.71353732915246,1390.1258526328,292.082411311934,1661.06000490766,430.329943653836,108.50347722358,3117.47297405768,94034.5630429146,15.6489772281502
0.000273731845346922,28.5534552460014,0.803400003689551,11.4767850390479,21.5262242234786,1.0518119252269,5.68935998144388,1401.60331399186,292.303380603923,1675.89249091511,433.396273491841,109.486574272504,3142.35759982968,92749.2343126994,15.6496438171328
0.000271189548173202,28.5043774738382,0.757577481966348,10.9333340627565,21.8472419889916,1.10648179849644,5.66108068209475,1416.27322794817,292.73324841624,1694.53918448559,437.333307222299,110.724136210923,3173.98908594294,91423.7051829815,15.650364007913
0.000269004417202343,28.4694173102505,0.716004545024815,10.4253317194822,22.2192763008021,1.16610447426538,5.62913803613266,1433.4905951361,293.330159641765,1716.21603839943,441.938560025245,112.164152547913,3210.97590846476,90211.1957544539,15.6511379666187
0.000268837776891589,28.4403262203031,0.679613615143798,9.9444093836002,22.612439649248,1.23075645979432,5.59518772053335,1451.26341339612,293.852498073691,1738.55401417796,446.604112501667,113.649339839177,3248.99714396967,89455.6785151084,15.6519665085778
0.00027323386818584,28.3899332527844,0.648402989925931,9.47659958900015,22.9715381816558,1.30056073273731,5.56230046523579,1466.26649917649,293.821946848303,1757.58967415232,450.318988513094,114.918189243691,3280.77911895419,89534.1255995526,15.6528510186358
0.00028246649094408,28.277477712299,0.62053051786333,9.00648172498788,23.2393149394639,1.37256940756333,5.53408815074379,1475.24095387572,292.664968198547,1769.43609337175,452.094351558826,115.71560981322,3299.11477579494,89940.1738251346,15.6537906742892
0.000296238478680113,28.0874341902739,0.5950382129636,8.52451750583285,23.4084943213997,1.44499562162585,5.51120565078606,1478.16096302865,290.255058211011,1774.07539796746,451.915679052379,116.041352910652,3303.86498379553,90419.6775676723,15.6547848224217
0.000314389357445222,27.8372754259721,0.571680378199405,8.03300840676668,23.511530790592,1.51628682190842,5.49205821053313,1475.19048193833,286.520088506769,1771.69302037726,449.836882487346,115.906887100573,3295.30890368532,90550.4695668608,15.655832368204
0.000333132497244945,27.5764272393054,0.550242461872549,7.53952975383039,23.6150756502378,1.58415932253271,5.47322022146527,1470.86100774481,282.217400669519,1767.71305405766,447.21829764182,115.66668091238,3283.44638518624,89884.3818309165,15.6569318940847
0.000352596235699112,27.3615005065916,0.531106576479809,7.05226746870015,23.7869133922036,1.64417560476237,5.451508189042,1472.09433436959,278.592350578468,1770.43903869187,446.134055703713,115.863970342289,3283.6341125321,88996.9295145247,15.6580843869244
0.000376307395330046,27.2065372385995,0.514353170753564,6.58131684055209,24.0310211016268,1.6911689896592,5.42748424202877,1478.5274390959,275.691333527477,1779.41945094657,446.493216418662,116.466608764283,3295.14326141106,88145.5567108368,15.6592904585973
0.000407007672005007,27.0932512558156,0.499822016118007,6.13411883237887,24.3112026803792,1.72463835422195,5.40335167460772,1486.23053088866,272.932993354013,1789.91861920657,447.136449720206,117.161883230774,3309.33712623534,87498.6803778724,15.6605508224687
0.000446261801364891,26.9890415201644,0.487201120422793,5.71682942089356,24.5818787978361,1.74474841100562,5.38173101348098,1492.25211974826,269.887393974295,1798.3834383743,447.183136005076,117.715045566067,3319.73158654289,87210.7712696448,15.661866522121
0.000492397902621263,26.861410511509,0.476211556531622,5.33513471934612,24.8082509985347,1.74895812492991,5.36498079858424,1495.06504204069,266.336742354696,1802.97674301932,446.173959537053,118.00402463293,3322.97357166959,87078.0929437469,15.6632369358353
0.000541913873720633,26.6993892045227,0.466775519203235,4.99000488030446,24.9863818495695,1.73454149998601,5.35371956654393,1495.27296653601,262.363838191684,1804.42786405192,444.289683239772,118.076188297994,3320.38764633934,86987.4850329249,15.6646614916286
0.000590594010183345,26.512406734323,0.458860639421723,4.67825314335433,25.1330539768791,1.69970845002263,5.34725186967,1494.45847998161,258.193631822336,1804.64152028362,442.0105315052,118.056932316737,3315.45042086606,86810.3257493448,15.6661393911769
0.0006345458037692,26.3255605598564,0.452474017655849,4.39123926758398,25.2756282146517,1.64456381327679,5.34401123668856,1494.35189467855,254.069097510156,1805.69384094603,439.864149056155,118.083698226495,3311.95687469486,86415.0874941259,15.6676695938622
0.000673252619100658,26.168084350942,0.447680890845077,4.11735468042944,25.4380737719799,1.57213863650107,5.34221686925433,1496.07831269802,250.14851582385,1808.92595667286,438.196102499885,118.246055984075,3312.36852260856,85947.2561532406,15.6692525969297
0.000708094602235829,26.0500834094537,0.444510209750663,3.85151308921065,25.623048606695,1.48646154318434,5.3411642090526,1499.29206110315,246.396009696554,1813.90844883654,436.915745003299,118.516797631206,3315.93257212859,85491.3325871591,15.6708888237693
0.000740578333786633,25.9648893755933,0.443015471673547,3.59480298562439,25.8202676284344,1.39159345093875,5.34088121453418,1503.01743024723,242.691685034331,1819.46196254866,435.746118643877,118.819065843396,3320.52704371986,85069.1786137156,15.6725783881626
0.00077050942320964,25.901938064919,0.443288171557623,3.35277191853077,26.0211183028951,1.29070681549006,5.34142538008283,1506.61482200894,238.955312129528,1824.83171327541,434.511738864692,119.103615073287,3324.7808952966,84604.1321546963,15.6743205009674
0.000797398670367077,25.8555909892703,0.445449782591047,3.13278351884088,26.2260907951864,1.18621539086802,5.34244220912207,1510.13415770727,235.191483832587,1830.11145775761,433.239556731995,119.376676822855,3328.84142783266,84098.0240338642,15.6761148192691
0.000821096030625072,25.8238319878235,0.449768196120414,2.93824637710451,26.4369074299488,1.08004082838099,5.34357472911905,1513.73567086522,231.423377881025,1835.50974959736,431.982429078857,119.652112259483,3333.0786928319,83595.4262001501,15.6779615106124
0.000842145143597357,25.8046360109611,0.456683693603792,2.7689831424311,26.6492925137892,0.97406803936808,5.34481611120138,1517.2518652196,227.640845464577,1840.81264653051,430.694635907023,119.916383487535,3337.12666813236,83181.3380097083,15.6798615709605
0.000861920370493328,25.7927225946764,0.466734397379916,2.62719584173885,26.8480968334481,0.870603946654624,5.34672650580497,1519.99301720183,223.780240479167,1845.15403957934,429.181665205629,120.113660077672,3339.47134596088,83008.5982097709,15.6818176094668
0.000880982125285019,25.7771152642824,0.480495111521281,2.52054162190043,27.0072343205499,0.771866978501627,5.35050379256787,1520.83183256476,219.73675409996,1847.12620974438,427.130593687501,120.153179525915,3337.64816001348,83138.7374299771,15.6838313453522
0.000899612562919185,25.7423985311055,0.49848775851337,2.45553432249507,27.099776446856,0.679821247436713,5.35742120491668,1518.78732155504,215.42655021623,1845.50655966653,424.278620407073,119.956644358015,3329.5264576657,83596.808908938,15.685903170075
0.000918370231899675,25.6712983148026,0.521596971826967,2.4369708009183,27.0973600269017,0.596337170050394,5.36884807110705,1512.91445858078,210.782673879208,1839.1282611473,420.384557805436,119.449541793697,3313.08195054354,84618.6150761411,15.6880350071088
0.00093585139188326,25.5501257889638,0.552561694902217,2.47746678139851,26.9544067707117,0.521307084426757,5.38747696783537,1501.40893419129,205.705842233509,1825.78565808838,415.008886772531,118.489659992803,3284.50372428706,86518.6011506411,15.6902267500274
0.000948133016154976,25.3799845197053,0.595866572496324,2.59266518151672,26.6249777815065,0.451706903711913,5.41650938099431,1482.45113242087,200.163498537147,1803.2675390829,407.7706323346,116.934899524619,3240.04965616072,88908.3534293313,15.6924702048644
0.000950945482606545,25.1754993897421,0.656297975673231,2.77655801122683,26.1132620306856,0.386936383283352,5.45584987406197,1458.25336815338,194.538483553931,1774.29033766473,399.366988957237,114.964064201636,3184.6980962055,91520.8867056953,15.6947625597004
0.000929072829926822,24.9532853266495,0.745707139640085,3.02769213199489,25.4584245511826,0.327091178914792,5.50322070275702,1433.15213724653,189.369395401857,1744.15012428507,391.025199190386,112.92328566063,3127.93513484533,94324.9075477246,15.6971043099837
0.000855350859428229,24.741502790706,0.910396838253702,3.43959573101437,24.7007417985287,0.267546923721002,5.55722723065188,1409.07601864183,184.920798860273,1715.16116825641,383.432040916344,110.965634901415,3074.04507168708,97336.6833276906,15.6994960618048
0.000743240302616889,24.5822425105424,1.26060008963487,4.18819143734589,23.8669484767468,0.205011068360074,5.61736553280425,1385.41792567994,181.22194782258,1686.50794088816,376.702261580744,109.04222567124,3021.88310457173,100482.26190427,15.7019379413802
0.000179513714029266,24.4907798909246,2.1587034603095,5.31697085344971,22.9748650069706,0.138628241808244,5.6822624752196,1360.11925121628,178.050342040259,1655.64787577121,370.139286468647,106.990981570079,2966.87895474411,103690.793342011,15.704430072011
2.21107100138693e-10,24.504384393532,5.94839457224692,6.65271163737241,22.2050762372175,0.0419254027189981,5.74068853574918,1360.90356069267,178.46483058881,1656.39184179293,369.381042808266,106.996178366955,2967.99607242199,116352.945606326,15.7069661431484
1.72528264036447e-11,24.4912167227844,14.0472871427079,8.06911413951134,21.2561748490041,0.00499543653688073,5.79618640405751,1345.8429545262,178.848058905381,1637.32778414128,362.344279063207,105.719037797136,2934.40049238026,119890.381731213,15.7095599960639
5.95057438429186e-14,24.356104696471,22.8712830292896,9.61608826405606,20.0423818552732,0.00162584002594478,5.86344419839911,1313.43458844269,180.478416829379,1596.44949135894,351.034461839938,103.007696538396,2865.17826949468,122823.817784642,15.7122033368158
6.70928095664174e-17,24.1486314250958,30.5062068755787,11.1821097365694,18.8026157702697,0.000975075243637296,5.93485583219135,1284.33557727033,184.492706054609,1559.20050068246,342.114649569899,100.513314946659,2805.13188115123,124934.930649607,15.7148961643062
-1.02494155640161e-17,23.9337163963722,37.1214269211128,12.6446624147484,17.7005280755763,0.000495451662831072,5.99944992754217,1264.02499885215,189.884000727437,1532.5361496215,336.419432430287,98.6992966821298,2764.81361174187,125678.473838203,15.7176379506986
-3.07720812459647e-18,23.7143060629904,42.8054481222023,13.8844945676304,16.8063755001469,0.000202121725666967,6.05208619540237,1254.68840743566,195.839904812977,1519.21587133056,333.903793917078,97.751828391341,2747.88549179722,125117.80632497,15.7204286544722
-1.19115388509567e-18,23.4512430971043,47.5749733477593,14.8460034550055,16.1023457196972,5.66796441255323e-05,6.09354372632516,1255.28777591214,201.959911913895,1517.93533577021,333.934595207765,97.5864196615364,2751.63490421866,124256.919108474,15.7232691935061
-1.02240366447747e-18,23.1327171995078,51.6756451336823,15.5960718002458,15.5199088127452,8.80303998147304e-06,6.12789459451596,1261.17727733215,208.20318759398,1522.97206660323,335.158086488963,97.8300073090098,2766.23187479552,123332.686556339,15.7261596337732
-1.09708429332287e-18,22.7809607437283,55.2923104332502,16.2075495810978,15.0107058965165,1.62626762556498e-06,6.15821971549512,1269.12685479502,214.576456612176,1530.42285120893,336.760114461037,98.2289982721029,2785.01792481282,122369.297456994,15.7290997745925
-1.06519906481277e-18,22.4593623164841,58.5377373721735,16.7092302326572,14.5522658328494,3.3391247897947e-07,6.18594690562713,1277.80245557596,220.853848199311,1538.89125333233,338.459127151704,98.6936980977619,2805.31266537426,121329.344955159,15.7320893134431
-9.45708239039438e-19,22.2298612856711,61.5136394468934,17.1084937528674,14.133206724905,6.51428566317125e-08,6.21166849003925,1286.82022602731,226.761266976622,1548.14763523347,340.228615233208,99.2099866572913,2826.3867428186,120269.573020816,15.7351280800757
-8.08932315081202e-19,22.0831699373373,64.3116156546428,17.4244561251016,13.7422324442556,1.26465225435909e-08,6.23592658822128,1296.01006124132,232.292849703292,1557.93131655567,342.059760875479,99.7599170450836,2847.85134171654,119241.513396871,15.7382159154624
-6.90228994224979e-19,21.9814655465003,66.9975893352151,17.6695251550045,13.3700780146369,2.48674569742203e-09,6.25917854757801,1305.29994369791,237.481193815199,1567.98694081845,343.947303714133,100.326873210053,2869.42822889871,118180.202491887,15.7413524520031
-5.95125919146314e-19,21.8866097767546,69.6053213752764,17.8175238962646,13.013859311355,4.96167069419591e-10,6.28155411588362,1314.96803919376,242.18014912899,1578.48154074494,345.966561032103,100.92562596494,2891.42589021904,117037.681692716,15.7445373082288
-5.18270059698185e-19,21.7732775709767,72.149529464748,17.8369019860647,12.6718289364128,1.00652905851494e-10,6.30313202832858,1325.16238471132,246.195017247789,1589.48325734237,348.149192677326,101.565199578561,2913.89817467452,115957.076144149,15.747770499284
4.92943195211582e-05,21.5787097788524,73.9877394770335,18.017154653539,12.1143990833647,0.00228102885835067,6.3385570318201,1297.37972652846,245.35267415972,1554.37666797772,341.026280287667,99.2425272913203,2854.36517629862,105748.006778622,15.7510609561453
7.06827625222621e-05,21.3744855895967,66.8445033161566,18.1573189614293,11.7439148257185,0.0132921665766498,6.37625341694207,1273.50514055656,244.554614954168,1524.23520455074,341.208387823554,97.2619273089617,2806.9695756884,104771.850185775,15.7543904721965
0.000157723981708396,21.2226089378252,51.0266667158442,18.0886909590467,11.7835379290465,0.0311088786463842,6.40168820759225,1271.09563226963,245.211942242707,1520.54578189144,353.209012549525,97.0156894402299,2809.2985715603,103826.032747508,15.7577675019422
0.000177112686359737,21.1158493206259,35.9604073855593,17.7579367763606,12.0673932574962,0.0591016359653607,6.40595124008775,1277.9718734194,246.173526564833,1528.41802708024,367.148713858632,97.5354832289795,2831.11098918029,103081.799108665,15.7611922469314
0.000185400085963125,21.0343078739289,25.1730677441242,17.2632633673022,12.4140869076096,0.0908307942631014,6.39564468400664,1285.78528306358,246.771471097088,1537.54366723541,378.772257804504,98.1489161806172,2853.17942387929,102557.229806091,15.7646645863095
0.000191077271773583,20.9588943205524,17.9465672681506,16.7173919248962,12.7215724808187,0.125001783711062,6.38008376866463,1291.71360095634,246.821735253531,1544.41388879798,387.804734462748,98.6247996896401,2869.70839248741,102156.770490978,15.7681840414144
0.000195831444047177,20.8653851740004,13.130830651243,16.1696546170258,12.9716062039231,0.16058707456391,6.3634278160492,1295.96153484028,246.370514090627,1549.31079911751,394.719929588859,98.9793095958192,2881.43971856457,101758.983125743,15.7717499822398
0.000200214806719682,20.7303660298856,9.8766142483093,15.6381992786506,13.1809470033648,0.19645476018998,6.34665257526041,1299.52398480994,245.525462796359,1553.51817460318,400.104907343823,99.2939921788177,2890.78504444077,101414.740722534,15.7753622722326
0.000204710892929965,20.5540781323118,7.6127675990529,15.1289813531067,13.3650213224437,0.231735279365488,6.32997234993325,1302.84362127863,244.363495837645,1557.57677053163,404.377805902813,99.6026035419137,2898.90354728534,101139.534722705,15.7790206883886
0.000210148375988022,20.353214031965,5.96400900152548,14.6411286688848,13.5291162745743,0.26650607016138,6.31362225839231,1305.80712500298,242.916982702758,1561.2996452234,407.75107022764,99.8916266302971,2905.68101800356,101011.570640399,15.7827252219189
0.000217311818157871,20.1573899429529,4.6887934938397,14.1605493105156,13.6705403555127,0.301891302026367,6.29790324336816,1308.02046346471,241.197266455223,1564.14171702591,410.256096798611,100.123032624355,2910.32284431059,100985.041596568,15.7864754463231
0.000226445648700292,20.0007291631037,3.64894325118562,13.6678151075044,13.7898966921637,0.339856530119726,6.28269929784518,1309.64521060488,239.28484695757,1566.24507274176,412.008736334676,100.302663719966,2913.21353133002,100835.332155427,15.7902702635704
0.000237709611388483,19.8939418555649,2.79871839246892,13.1635034518253,13.8971863706443,0.382955179630325,6.26722918697999,1311.65529549729,237.344147233674,1568.78686601419,413.358293643495,100.505748955394,2916.5469122879,100511.619860614,15.794109116855
0.000250396394684458,19.8259733013642,2.14573795911182,12.6627496026434,14.0041591418541,0.432837537176766,6.25067984272976,1314.93833121866,235.508353181092,1572.87190746697,414.639620398326,100.804618234328,2922.35210646267,100009.08532425,15.7979915897059
0.000262129530039467,19.7683379677227,1.70487740425093,12.1894080226751,14.1217386898767,0.487185830781708,6.23288548295941,1319.81698984175,233.792625697457,1578.93993493491,416.067984481436,101.228913261541,2931.43537356467,99428.4547876929,15.8019176608434
0.000271401646405291,19.6878645477805,1.43245250415954,11.7662763166548,14.2565932579278,0.539752320076009,6.21455966167902,1325.87889100338,232.092816618887,1586.53589476772,417.694946837884,101.750100162232,2943.00374689823,98882.6961319654,15.8058874366149
0.000279101137255835,19.5756960998819,1.25108646125235,11.3933960193284,14.4059832316546,0.588437092945618,6.19623006966173,1332.39031086392,230.312299053677,1594.77306993557,419.390276385152,102.311074282764,2955.50436700094,98390.124223612,15.809900691682
0.000285980109529774,19.4490607111816,1.12248595739858,11.0651428755458,14.5623299709368,0.634628047026342,6.17804728411017,1338.66047458631,228.431773534678,1602.79620166773,420.940180995851,102.85630482872,2967.45425915278,98080.4509424815,15.813957731942
0.000291202125879799,19.3615866131381,1.04489803499591,10.8118356457101,14.715432566355,0.676081917150572,6.16084816806729,1343.61003346014,226.521689394478,1609.29105249532,422.036755586183,103.300626062126,2976.64883394943,98131.4228442502,15.8180591726944
0.000294047842564164,19.3821199839072,1.01581846679465,10.6891030322271,14.8563958805791,0.705508416274481,6.14623399671652,1346.03511494305,224.691970215247,1612.811290658,422.390347634216,103.55051971297,2980.70393165488,98413.7578995428,15.822204122045
0.00029517353228043,19.5246913186704,1.02414758156767,10.7045611706231,14.9814902651648,0.719485173646848,6.13493908595634,1345.65876940296,222.959416977296,1613.03007070728,421.940364555558,103.584777573555,2979.07396380948,98874.1821864045,15.8263919222348
0.000296738711868203,19.7562549151501,1.0590936398449,10.8194647541266,15.0824560260929,0.720089957770754,6.12706179773085,1342.33766906159,221.230936776374,1609.76304365469,420.63481686264,103.391311502049,2971.37314766705,99755.0391434651,15.830623199547
0.000301727433940337,20.0190643598155,1.10275125601471,10.9561690079866,15.1347997234084,0.713544213354011,6.12288889571777,1334.95184300467,219.351435669485,1601.60467529703,418.07692911282,102.878862425582,2955.05609778933,101171.807246343,15.8348977717674
0.000309829607196662,20.2556162142074,1.1392373405297,11.0226267662757,15.1179168593311,0.707221957652586,6.12228462344465,1322.92996958376,217.294174659976,1587.79324484043,413.990113761673,101.997863158522,2928.77608157961,102656.306888987,15.8392130728512
0.000319591156493611,20.4534992666446,1.17009823852328,10.9950198410325,15.0437228983927,0.703243807674687,6.12426782223956,1307.95515883112,215.25561699543,1570.34234471255,408.880537084951,100.878939308729,2896.18197875548,104069.468795266,15.8435682174177
0.000329579794836836,20.6388025792899,1.20188340811782,10.9077860007013,14.9380676964033,0.698561647960432,6.12798550969802,1292.26041187563,213.447786255237,1551.97179027695,403.509769981937,99.6984093474945,2862.17865761399,105218.98158305,15.8479623450453
0.000339123197257513,20.8657192111616,1.23610007179447,10.8054823089996,14.826604270618,0.690734665367457,6.13252244986814,1277.86202516442,211.9879518375,1535.15769805028,398.570890124362,98.6160789834626,2831.16135407717,106031.979135316,15.8523950390117
0.000348746789366917,21.1868506211831,1.27597680416008,10.7172481876598,14.7212696123186,0.679609531037278,6.13731776679623,1265.58480083302,210.852102947172,1520.93012082988,394.348176890581,97.6977081459138,2804.89026573643,106800.455892237,15.8568668882496
0.000358525840185806,21.599549465795,1.32573331116583,10.6449513895209,14.6156808013565,0.664990765038342,6.14276257493324,1254.61282130922,209.932543826803,1508.30295473252,390.59486009008,96.8795387594436,2781.57698528441,107569.864235095,15.8613776679597
0.000368963845187689,22.0642395493041,1.38711160582657,10.5708114580802,14.4995067065127,0.64775828024171,6.14929358498949,1243.86827337891,209.122063032504,1495.95392200699,386.969371458169,96.077390719475,2758.8583711281,108474.832914362,15.8659273447672
0.000381096927005757,22.5199248433334,1.46176384506953,10.4601783191957,14.359486001454,0.629154872058472,6.15744354158817,1232.16447199458,208.253749911621,1482.41665812521,383.093219558049,95.1995557155624,2734.085940821,109678.774061127,15.8705158920087
0.00039512970237451,22.906060585807,1.54747702573675,10.275316268064,14.1848653943735,0.609854014560903,6.1676875973601,1218.66065946516,207.167985774331,1466.64223740805,378.695163640361,94.1815617473326,2705.34187251755,111015.146877721,15.875142408974
0.000411409781446144,23.2089821761973,1.64017691193572,10.0099720098686,13.9769006276808,0.590660438878722,6.17984133301791,1203.64074282556,205.913651992754,1448.96202102124,373.845384989215,93.0446279536176,2673.2361181102,112440.535830875,15.8798063413442
0.000429295408326324,23.4294788108754,1.73059509637593,9.67966505843091,13.7459705278667,0.571524937697665,6.19335799409263,1188.08703005417,204.672290231337,1430.58456823432,368.838273868299,91.864379769409,2639.9772088408,113634.320397298,15.8845065997945
0.000447666351115167,23.527071679152,1.79747902975577,9.30553007574938,13.5154428595884,0.553188055365005,6.20686276821324,1173.97339759995,203.627703885325,1414.01240049129,364.29550631758,90.8007594244655,2609.95943343846,114283.315246905,15.889242220681
0.000467127623210726,23.4548167455539,1.83131722585012,8.90847400341388,13.3052472876442,0.537309663884256,6.21901494702305,1162.88672310406,202.818933821376,1401.30568704915,360.726405823114,89.98670637159,2586.68723688642,114731.56065693,15.8940135480435
0.000487439519411504,23.2349934679939,1.84381703993833,8.50078847006777,13.1141952900246,0.523309836254052,6.22996222159994,1154.40404703387,202.166841077957,1391.93879578317,358.005546868101,89.3882386595697,2569.20365976347,115068.999773231,15.8988203671744
0.0005088228913247,22.9219587606954,1.84061282960916,8.08386540887068,12.9358763232824,0.510655548736631,6.24015121378363,1147.60416195323,201.538283287686,1384.69306774732,355.840120472999,88.9271101376169,2555.3717022565,115329.420471656,15.9036623263123
0.000532774921139735,22.5804685391698,1.81267663767434,7.64320857106885,12.765018045108,0.50024422278546,6.24972680331878,1141.9368569313,200.654815830458,1378.74426688626,354.019335842846,88.5522837224285,2543.65347699687,115557.263065588,15.9085390847629
0.000560310989933352,22.2604969407032,1.75514632693208,7.16299684325625,12.5980334333362,0.493331126025176,6.25864954365553,1137.14063943381,199.241131480247,1373.64613926933,352.407894647328,88.2371892415247,2533.13853105456,115741.261268597,15.9134501882165
0.000591405290398443,21.9607662562805,1.68100749611741,6.65360274470321,12.4350089821364,0.489238931996318,6.26698863762121,1133.10631269696,197.361561337817,1369.2948282144,350.966534353003,87.9741653679754,2523.66896365738,115879.087065855,15.9183951937918
0.000625733857122286,21.663914260138,1.60217953345736,6.14477744722774,12.2783330336389,0.486168383517256,6.27488876706205,1129.8805814545,195.256192209935,1365.82615784951,349.7303228497,87.7695171431293,2515.60909179362,115885.387706094,15.9233734926294
0.000662760046957363,21.3637369157772,1.52310031226887,5.69089850546086,12.1330436411716,0.482677595308217,6.28230150732088,1127.87166427116,193.268336693452,1363.77145357635,348.82919629659,87.6546879636432,2510.10834334619,115671.979738347,15.9283844562471
0.000702310031508888,21.0658788539419,1.44877930526434,5.34141633047516,12.0029238392851,0.477791074368971,6.28916933938916,1127.46982296885,191.67116288951,1363.60597029165,348.371906109273,87.6580121183625,2508.18396560814,115340.183320041,15.9334278168709
0.000743350160826758,20.779818753965,1.38508363427653,5.0902933374,11.8860535394964,0.470205921352815,6.29579652740559,1128.49902979675,190.413376415499,1365.12564697746,348.305144421288,87.7657755111485,2509.43691864441,114929.885386264,15.9385031919959
0.000784675871568779,20.5062746495184,1.33163972482202,4.90971833574081,11.7782018027844,0.459403331430858,6.3024967740665,1130.57715303507,189.350211628539,1367.87802344921,348.513672295911,87.949026320073,2512.96841224161,114499.459211822,15.9436102384817
0.000826931034490742,20.2172997388561,1.28226773010906,4.77554601013007,11.6719406385533,0.446908418775997,6.30942676682626,1133.09901253902,188.41297989741,1371.12727957465,348.791784562402,88.1606108854953,2517.44297394872,114225.496404304,15.948748882082
0.000869254340547312,19.8745297995877,1.23591766877333,4.67340542338758,11.5567946455426,0.435019049026753,6.31676636232694,1135.12351110151,187.558023151958,1373.71766228445,348.819135020648,88.3262373722119,2520.81967873764,114172.682292524,15.953918829319
0.000909994277455297,19.4764289623791,1.19616081503593,4.60099768530637,11.4262850813233,0.424669292562238,6.32470686642174,1135.90073864068,186.707831458118,1374.72663572505,348.363648182787,88.3866145278302,2521.45258583079,114337.441894004,15.9591196213879
0.000944649639511577,19.0408652309849,1.1602848052074,4.55563626834912,11.285684448515,0.415826513392212,6.33296243289404,1135.7023258794,185.837824659634,1374.49178301102,347.531092866825,88.3642441765742,2519.91544371014,114212.047788352,15.9643496683749
0.000968430735000507,18.5855152142236,1.12088186705108,4.52145276370229,11.1603892524569,0.408960836706526,6.34005855355685,1136.76964511778,185.021899210182,1375.79686784429,347.036972110775,88.4409640093996,2521.05058522517,113387.251951405,15.969607509776
0.000985031221922763,18.1216285093517,1.07571097409833,4.48036207844377,11.0716425872114,0.405298300805927,6.34461896460428,1141.07556448715,184.300664854397,1381.10726532493,347.497104479675,88.7780199039848,2529.10822200409,112417.003549475,15.9748938007615
0.000997459655496763,17.655741968043,1.02821564127145,4.43054949250895,11.0139164354988,0.40476059524305,6.34693710046385,1147.87572586429,183.626973258074,1389.51298038594,348.675212231204,89.3162718288573,2542.47823844574,111421.155780995,15.9802083290532
0.0010093378975552,17.1998588786516,0.981411174688421,4.38997243412792,10.973875789531,0.407190168256926,6.3477724046856,1155.70930065488,182.942264104163,1399.1970998473,350.110766577659,89.937204722532,2557.99794854464,110642.74701405,15.9855512615097
0.00102356838296931,16.7853718186527,0.937486801028371,4.42586674460664,10.932271232074,0.412434321962613,6.34821373535371,1162.67131568492,182.073711150799,1407.77338246065,351.202746844276,90.4859334239939,2571.45495024397,110412.162256309,15.990923127491
0.00103743483205666,16.4453097570426,0.897395067257167,4.61942845380969,10.8696387116208,0.4198239863858,6.34943438234998,1166.89525171611,180.798745618168,1412.90103516807,351.369119900851,90.8112705360768,2578.68417623156,110560.252276417,15.9963230717548
0.00104735747808947,16.1723851302126,0.860664549012545,4.97243181530854,10.7795448792922,0.429437212156534,6.35178117051114,1167.86663546276,179.079547408364,1413.94607592086,350.459545840757,90.8730102571578,2578.57277834535,111027.270208102,16.0017504233934
0.00105011321938493,15.9302447899287,0.82553223236308,5.41975796517669,10.6635389123546,0.442788306108057,6.35493669560734,1165.77136279191,177.004126749096,1411.18295589386,348.549130835617,90.6894382448946,2571.63545003069,111717.005184825,16.0072043796785
0.00104384471705506,15.654296663693,0.788904279253561,5.81063014226503,10.5320470635428,0.46256926270397,6.35790387564551,1161.49456195171,174.757483073216,1405.83716319936,345.940305667408,90.3383707193254,2560.03237967703,112250.677885333,16.012683416757
0.00103202840685361,15.291361851416,0.748057267625172,5.98694262948544,10.4050863034416,0.491759615503439,6.35911071927707,1156.88266899045,172.56797303337,1400.32683162271,343.224013612422,89.9746539955479,2547.99622540097,112474.123864738,16.0181866519801
0.00102152550030293,14.8635646581715,0.703460600694674,5.9530020478097,10.2986629172264,0.531284817950911,6.35752561858222,1153.69384463257,170.57963912531,1396.78288765121,340.927750756186,89.7380708959288,2539.31947982335,112390.149375687,16.023713600609
0.00101838723217499,14.4284122921174,0.658968697393591,5.79047796466134,10.2181837855042,0.578600193279016,6.35325535662239,1152.76712562585,168.816764840159,1396.12648506357,339.290613037866,89.691098437314,2535.68092275017,112067.845479195,16.0292639194262
0.00102705174300679,14.0577112514784,0.618636265596285,5.56220092113677,10.1585705715525,0.628928112829412,6.3473549240112,1153.6761425716,167.118150944156,1397.75474745717,338.190302749976,89.7978593719397,2535.99018675659,111749.071843202,16.034837717797
0.00104898960074614,13.8042487838296,0.58419061309115,5.29583498518495,10.1074951174609,0.677010148533557,6.34135535061766,1155.23354575761,165.249989436979,1400.18290360015,337.287308986851,89.9642232974785,2537.55288382209,111518.400751161,16.040434728911
0.0010838800170111,13.6540311698665,0.55574012769051,4.99955000633493,10.0550302620865,0.718657439094874,6.33647227025424,1156.57537497612,163.143733062073,1402.35987374873,336.327313653501,90.12000083975,2538.50508909673,111361.845405504,16.0460544172062
0.00112872787080343,13.5694410384214,0.532748093485394,4.68363640762201,9.99918083140086,0.750806833819696,6.33328554169912,1157.62864390691,160.865061320171,1404.21434409156,335.282603967371,90.2562086931659,2538.75212328916,111107.475633786,16.0516957927478
0.00117854924923546,13.5209994640823,0.514407038506218,4.38254935705354,9.9467479920496,0.771434816039428,6.33171006044208,1159.19431629489,158.540716367351,1406.75046918112,334.377159433093,90.4319480274016,2540.08355621847,110622.837798973,16.0573579316154
0.00123173735066709,13.4916645383548,0.499871417787935,4.13656107965893,9.9039150881799,0.779739243340333,6.33150778906417,1161.99239729653,156.257222241232,1410.86895945316,333.807411875076,90.7004183772077,2544.08287812102,110099.159619316,16.0630408200673
0.00128583223837116,13.4778378042378,0.488735328427433,3.94723700328769,9.86795852467208,0.77552669262844,6.33284945033815,1165.71995346471,153.9949378336,1416.19440761387,333.477721983546,91.036794048007,2550.08958613722,109593.965536553,16.0687441108692
0.00133774876101769,13.4738302617523,0.480561750835435,3.79477453490537,9.83373911259606,0.75980958603283,6.33586635220539,1169.7912864006,151.704178318707,1421.98833187301,333.216162930512,91.3954986491286,2556.81650062748,109148.732306831,16.0744674180166
0.00138764595292646,13.447907251327,0.474499066415547,3.65464292102939,9.79624967937702,0.735471049219202,6.34039934986286,1173.6427710279,149.323156960091,1427.5208740299,332.855971303625,91.7335015958496,2562.99715745377,108834.890011511,16.0802104643787
0.00143699231778943,13.3595032940785,0.46988291778077,3.50819566641637,9.75092126337243,0.706388923489715,6.34611036461179,1176.74291463412,146.787311244718,1432.10255692241,332.238536038781,92.0103813174197,2567.4307839623,108661.839803907,16.0859727835919
0.00148814819549043,13.2064910738327,0.466164762215679,3.35570759217446,9.69529253563299,0.675729979458399,6.35265759010409,1178.77490213404,144.073014945668,1435.34546854102,331.272635189979,92.2015087593854,2569.43501183862,108624.431434648,16.0917538470872
0.00153634826290493,13.0100848193085,0.466649347719944,3.21011112395309,9.62574782115566,0.644234010157233,6.36017425049079,1179.23605945729,141.171881286016,1436.6603969094,329.842487829647,92.2669995439754,2567.98925937879,108992.615190397,16.097554012639
0.00156319174578554,12.8011722000617,0.480602740385874,3.09614406830575,9.53402844461458,0.606531161886338,6.37012683263115,1176.6782453102,138.068992175104,1434.32446058389,327.667011806103,92.0925486672514,2560.16947951566,109958.502239877,16.1033732921609
0.00156764717244997,12.608325372745,0.512826958094398,3.03662817003724,9.41497285266797,0.555871780842562,6.38411063950381,1169.98580629798,134.835691247409,1427.0109974896,324.611952036596,91.5898155276084,2543.83481654167,111148.182696816,16.1092098110016
0.00155579504947203,12.4324075600078,0.565148872683785,3.02841540901921,9.27039734541272,0.49574629003886,6.40157418300823,1159.8960288368,131.625719515276,1415.59533497696,320.904641470367,90.8157579389456,2520.63130759832,112466.463811581,16.1150626401732
0.00149876487558674,12.268629677537,0.664666269532087,3.10158238092444,9.09908264014493,0.430562936576536,6.42191911587085,1147.11740856305,129.596881319545,1400.6793614427,316.640934209938,89.8017152448226,2492.58734091054,114480.8836475,16.1209326052581
0.00134113453119842,12.1534836532827,0.930647957280308,3.44789491721052,8.89569655740111,0.351295424057527,6.44720519082766,1130.8939931946,132.218604864896,1380.54556102216,311.57725639438,88.4086926479226,2459.91535171736,117423.240720052,16.1268192413525
0.00112744881248324,12.1465733573134,1.63831153980899,4.28545256931097,8.6589470979264,0.257744819014917,6.47802462271995,1110.7595459264,140.343708112153,1354.26204836717,305.733914744957,86.5752395889435,2422.02091234741,120392.557832317,16.132719648321
0.000284993905844689,12.2459614490039,3.4253544398855,5.5299299733419,8.39367606550778,0.172754957887735,6.50931430629646,1088.14720892219,148.974456415388,1324.482262022,299.248327622791,84.5238960357106,2378.9103632436,123183.685123042,16.1386330260589
9.18247896125647e-12,12.5233289862542,9.20215703654174,6.92526639587915,8.26723323216261,0.0529834178364127,6.53216246740467,1123.14958200713,159.980591988773,1365.34328552079,306.368686920097,87.0510150315673,2456.8387591674,135803.085685537,16.1445502670244
2.70555792766422e-13,12.9683407681407,17.8321374279277,8.55671281273703,7.87763646660712,0.004771327225626,6.55678763988469,1136.63713447498,167.39881426652,1379.84661283334,306.113727138528,87.9007541362161,2486.21625408221,140027.028184132,16.1504915044674
4.26701338217995e-16,13.6657562685732,25.0580955905279,10.524011651673,7.25774574769968,0.000141295306364966,6.59109289425493,1116.09456274834,173.069015394913,1352.19303873009,297.727866609594,86.0343597075148,2443.38654487219,143879.276637597,16.1564437336615
-4.78912761002094e-16,14.5706537839641,30.2794170611733,12.6182864274075,6.6384285910819,7.42641035613387e-05,6.627021129323,1091.20973061577,179.634161788526,1318.80168821462,289.651208621097,83.7911645570856,2392.63883469733,147131.451346232,16.1624064474826
-2.25552942130552e-15,15.5445466471249,34.4312999501871,14.5730186498292,6.11488933798618,4.19540757586469e-05,6.65763432977087,1072.67903149383,187.10659313635,1293.02115919048,283.979703972302,82.0346000097977,2356.08788398327,148104.108547244,16.1683775654745
-4.82430102661173e-15,16.4006712967404,37.7980825918161,16.0230106559736,5.71587384972995,1.70251177639911e-05,6.6809851553265,1067.09771599965,195.08602743369,1283.23962288368,282.088219339915,81.3088016836578,2347.26576052508,146503.581246218,16.1743564099294
-6.08228619984565e-15,17.0491430798382,40.4605901494454,16.818008448023,5.42205891329245,6.08142053546062e-06,6.69854516260093,1074.33712696104,203.256912708229,1289.4142622548,283.75622440649,81.6117495900323,2365.66644796728,144378.676944354,16.1803445875653
-6.87896653227503e-15,17.5621911807529,42.6367999231085,17.1837079066012,5.18975058687092,1.8598932566627e-06,6.71300006106484,1087.75888242056,211.364919307305,1303.26819961933,287.017183557806,82.4115948606483,2396.99111448552,142013.306289101,16.1863418036509
-7.58711058741917e-15,17.9872632268,44.5362879059003,17.3157189707942,4.99440914984748,4.27782078847013e-07,6.72572382541188,1103.5010599147,219.132432648011,1320.02636161248,290.73943856269,83.4012013195042,2432.86971174578,139553.221532044,16.1923476149249
-8.2523828334043e-15,18.2977143307089,46.2930297135611,17.3262734374246,4.82335527618865,8.07109914480548e-08,6.7373397895962,1119.94323670761,225.998041646794,1337.86072244559,294.520457312229,84.4621036090132,2469.66772868895,137093.125519674,16.1983615448842
-8.86002073291029e-15,18.4662191794769,47.9864881118992,17.2760364398541,4.6683984907846,1.44365521567485e-08,6.74821983848241,1136.42941823296,231.564469772166,1356.10826336936,298.27806206038,85.5507507384854,2505.90824946997,134641.347099463,16.2043830053522
-9.40979607924729e-15,18.5274207097832,49.6811166041263,17.1755206160134,4.52379286303121,2.59484564542632e-09,6.75862239365803,1152.83735754564,236.084846386578,1374.53944534201,302.03960058749,86.6520260306957,2541.4850571076,132276.878665833,16.2104115401801
-9.91210022634695e-15,18.540493521218,51.4233443454177,17.0289167591479,4.38530297435458,4.74637194619897e-10,6.7687373969801,1169.07796976578,239.878360031577,1392.9119299946,305.805805251228,87.7514368622921,2576.33944315866,129989.414003633,16.2164465568969
-1.03786414603984e-14,18.5958923911144,53.2393132193203,16.8421091913266,4.25066511237913,8.85279306784365e-11,6.77865328991594,1185.149657875,243.125729006947,1411.06591547508,309.572793594799,88.8428882658901,2610.45386819699,127826.84720822,16.2224875884528
-1.08156229685045e-14,18.7624654526535,55.1254074517217,16.6231164530421,4.11790820653002,1.68548310973398e-11,6.78844442251884,1200.76101517621,245.864943585607,1428.54602915475,313.248111380489,89.9008297520797,2643.14893469467,125928.93168197,16.2285344496181
7.52896801249429e-05,19.1304200565642,55.5441564111141,16.5814594274509,3.893782994723,0.00297464415469668,6.80470141848311,1166.60654943872,241.083190838167,1386.14422294929,304.606522794484,87.1717329341235,2568.03368196733,115074.196874664,16.2345996766984
0.000130406204529143,19.5227800089702,47.2009362889212,16.501113777486,3.86994179962195,0.018326028342911,6.82141712240536,1138.58159223242,236.656332014704,1351.47427484513,303.702190320068,84.9587712003433,2509.86656862035,113790.831501399,16.2406575697104
0.000261344149727451,19.7529983750042,32.8734617332881,16.1821281830726,4.14985475665177,0.0468704885223368,6.8268417598556,1135.96097817848,234.921317133734,1347.91746040341,313.898063295761,84.749318166403,2509.31556589892,112869.954687316,16.2467202245661
0.000284827322895992,19.745525890237,21.4321025508461,15.5586375578902,4.57359388587093,0.0858289618069382,6.81410544790277,1142.1734857764,233.656577877597,1355.43058097071,324.616794705596,85.2620635273352,2526.69660380219,112114.704590864,16.2527866485869
0.000298962763407371,19.5493601133406,14.2873802542298,14.7848021284249,4.99267511198923,0.129011808018182,6.79217320150481,1148.54281626337,231.914357510318,1363.36836533126,333.065489308555,85.8125263890691,2542.89226655577,111463.422825643,16.25885613704
0.000309893036466115,19.2540258940794,10.1434079198357,13.9890636732509,5.35165643732261,0.172988535762468,6.76839278909967,1153.19153001057,229.68388685679,1369.31449701745,339.484893245203,86.2433504459205,2554.30849201411,110990.284920225,16.2649283779027
0.00031908695356167,18.9386510005364,7.74907203284563,13.240938492384,5.65181245542325,0.214602651654901,6.74561377837889,1156.32459600872,227.219853674998,1373.3595482953,344.324229694951,86.5593038206469,2561.64561244398,110724.737836336,16.2710029426875
0.000326977198280555,18.6546139746047,6.28741844923466,12.5783461022258,5.90854907321644,0.251755093407459,6.72456628597859,1158.46137339304,224.75895417465,1376.00096606121,347.956922054071,86.7911724370183,2566.17140242213,110507.474776116,16.277078800574
0.000334170853087946,18.4040602034905,5.31131551917877,12.0023711248734,6.13590442192468,0.283713604331592,6.70528891078211,1160.25350549742,222.393368166277,1378.03948845772,350.788193608673,86.988363927453,2569.45402704527,110295.436416446,16.2831552463132
0.000340497889236615,18.1684590008587,4.58158307821175,11.4932701937704,6.34420528449667,0.310629923706916,6.68762340299107,1162.38713878072,220.144462878173,1380.39271574288,353.205416124349,87.2069625546679,2573.13515895808,109839.906097118,16.2892309115235
0.000346552517523061,17.9227953583039,3.95586205837377,11.0090836139823,6.54353749430155,0.334052206550871,6.67106395206103,1165.89258729905,218.06233334631,1384.42440062465,355.6442499628,87.5298431097323,2579.59180369707,109135.401837433,16.2953051364809
0.000355241327076118,17.64091277632,3.36103798034304,10.5025605163822,6.73717375958708,0.357466032410601,6.65497996623427,1170.83713785979,216.077241030618,1390.31626738546,358.188092272828,87.9651162271422,2589.04333536639,108616.812276181,16.3013787797656
0.000368677859032308,17.3142363292827,2.79336174716663,9.96489441796668,6.91797636652188,0.384357114559611,6.63911568224434,1175.72544306309,213.96998165455,1396.26566200632,360.392274006785,88.3982218446996,2598.20699272672,108352.315317047,16.3074516013366
0.000386711481676808,16.956100513334,2.3011185387115,9.41384028966458,7.07940480071876,0.416478813323959,6.62343356283116,1179.28528099041,211.601130103757,1400.69621910673,361.870944476059,88.7307863379117,2604.28137802427,108314.761407672,16.313522986445
0.000404251309184299,16.6194189113626,1.96152012624627,8.88867311526011,7.22458200613554,0.449643001542152,6.60840228926249,1181.19893586513,209.000971240127,1403.19645083766,362.619953684527,88.9397614358685,2606.65646118076,108304.977948758,16.3195916742083
0.000417505762919965,16.371121345432,1.77695067893915,8.43346666857723,7.36696885670991,0.474995977510284,6.59482246401933,1182.21788304206,206.355138740881,1404.65938412667,363.064589291682,89.0848954199082,2607.15013372186,108173.401769002,16.3256565557778
0.000428304818286861,16.2197480774826,1.67079855883671,8.05330847644565,7.51507357813691,0.490651896629517,6.58264818166228,1183.43786482869,203.841299627127,1406.39218000049,363.621576489802,89.2488361078505,2608.22159345826,107907.673426922,16.3317170025129
0.000437497207971258,16.1346986053789,1.59709383948365,7.7418614582916,7.67134306639208,0.499285323293352,6.57131144992215,1185.63778726637,201.581971513887,1409.31916843276,364.4942078381,89.4875442670119,2611.55335744181,107440.219379105,16.3377721786305
0.000442919884778013,16.0692659973301,1.55449675108596,7.53523830585023,7.84024646228378,0.501427137376183,6.56044631505162,1189.44175806036,199.769773615764,1414.16751780769,365.848264354294,89.8430154668044,2618.55133694883,106742.989825232,16.3438213462809
0.000443468837366153,15.985007992848,1.54946484970152,7.48597147577969,8.02704558136503,0.495535512639987,6.55001153097099,1195.14508920734,198.576529401868,1421.26856569374,367.793515199053,90.3328296921006,2629.94644664318,105945.836459291,16.3498643527594
0.000439155307406141,15.8846243039865,1.5765141568934,7.58235395361442,8.23159794458411,0.482155831696885,6.53990578822485,1202.43138270892,197.924572702339,1430.24836962344,370.234783749875,90.9336489388184,2645.02754463081,105082.929458171,16.3559007242791
0.000432791074463111,15.7937488383435,1.62402625390592,7.7801964623241,8.44706658454832,0.464754320890206,6.52987265265424,1210.37574945101,197.593162838522,1440.02281707533,372.844239629824,91.5784849677345,2661.70007037826,104583.789081376,16.36193175673
0.000429807949118776,15.7521470222018,1.66037397191117,8.04493338057081,8.65165272880422,0.449739573524963,6.51990856810249,1216.47816507935,197.229108807501,1447.63428953807,374.772873130972,92.0796932235179,2674.47661073712,104869.477272814,16.3679589196015
0.000430087484735828,15.7970035735314,1.65473152961411,8.3559036458079,8.82164291243801,0.443267787633168,6.51010368133362,1218.26396453766,196.535901628683,1450.16047403136,375.173269167952,92.2507267979188,2677.9650834731,105445.746566468,16.3739794871437
0.000431734061149383,15.9238284590714,1.61355355017664,8.70078053168893,8.95703764565461,0.44655904384315,6.50020199580229,1216.02563211143,195.546845322268,1447.95982268677,374.135303417346,92.1153988813882,2672.80873293133,106168.157829793,16.3799921408768
0.000434847352396279,16.1004905069713,1.56114383129222,9.0791100627627,9.06404899014704,0.457613638816043,6.49024477186027,1210.64205435337,194.360262789436,1442.06365867778,371.994092232558,91.740435790785,2660.93237987652,107274.139927769,16.3859971216076
0.000440566800293963,16.2835933806362,1.51440456735072,9.5016203594476,9.13822213323848,0.473805810088869,6.48096852322412,1201.77346042783,192.886854859475,1432.04272005875,368.70899652002,91.0966057119857,2641.57607206558,108829.975337562,16.3919938456302
0.000448327431314453,16.4374961569202,1.4727682940195,9.97209180453025,9.17475024414661,0.493002248965522,6.47305226517299,1189.41378345656,191.036481471833,1417.87986823832,364.309799942912,90.179968775715,2614.66644102791,110392.91104575,16.3979800276767
0.0004579705399105,16.5625603721523,1.4316943124862,10.4767100900194,9.18100886741427,0.514210941066779,6.46635555832197,1175.23726848987,188.990728695032,1401.57155380803,359.32301344242,89.119073189327,2583.82878827612,111858.949994602,16.4039548333361
0.000465365108786367,16.6747412542786,1.38079697954907,10.9855462087788,9.17775808408199,0.535196396758418,6.46018917025281,1162.03979931081,187.108984962771,1386.42831081048,354.617951478785,88.1300621746621,2555.13355933982,112291.51084416,16.4099152586015
0.000467071339356292,16.7821951592567,1.3072191241386,11.4374835739199,9.20563359197523,0.556201518693496,6.45241515574814,1154.60872835792,185.996698131925,1378.05322121768,351.644584699181,87.5808333159986,2538.88340733961,111384.623602059,16.4158600498655
0.000467316202040912,16.8813997964065,1.2222579902265,11.7950279713654,9.28528251719762,0.579980575166734,6.44151886807717,1154.91255699911,185.959758887644,1378.65283611593,350.968655771932,87.6206869112534,2539.24950338621,110532.168373547,16.4217925022303
0.00046845126872093,16.9633866035598,1.14165209319642,12.0803925353074,9.3927649883189,0.606764267744237,6.42869769260212,1159.0645420077,186.539619552743,1383.57224261663,351.394070389255,87.9499094786193,2547.78444432595,109970.897476487,16.427712902906
0.000472151474669266,17.0229951664794,1.07296826667318,12.3096674827361,9.4985443768203,0.63727164599773,6.4154275088815,1163.04296980786,187.163140678889,1388.09051909391,351.700119684251,88.2613040195027,2555.77252141118,109970.608881157,16.4336216448313
0.000478157438338345,17.0698760463787,1.02522032376278,12.4589982203313,9.58004175615012,0.669620604299271,6.40325152281137,1163.96529828913,187.285458849331,1388.91905563475,351.060011480667,88.3395272466474,2556.98529917528,110574.586153496,16.4395183213252
0.000485136334710562,17.1206303404951,0.994348386854712,12.4817611972466,9.63026419891097,0.699646400274441,6.39324939388892,1160.94167131275,186.571277079424,1385.15975302186,349.282307769779,88.123872414674,2549.52385164789,111266.797784432,16.4454007176361
0.000493595138438561,17.175947114137,0.970585005526587,12.3727060351552,9.65809946754099,0.726745482059146,6.3850718458074,1155.46365136513,185.190879599982,1378.60810513573,346.824288719388,87.7294214101559,2536.63290405821,111964.054492357,16.4512679971577
0.000503834044346172,17.2150447810005,0.946753660170498,12.1724111447635,9.67344089793154,0.751219773265663,6.37812285425025,1149.19645208045,183.465993825593,1371.17466743735,344.153542898719,87.280175845557,2521.91908710981,112499.230654403,16.4571191633997
0.000516537158576789,17.1749819281476,0.915256803981233,11.9653722235639,9.68421020667383,0.774765399812717,6.37167225658631,1143.49686604575,181.644980752312,1364.40314741005,341.632486454506,86.8778941537037,2508.28853137486,112802.009190464,16.4629535232068
0.000532070595107421,16.9889547774384,0.878924385858888,11.837286291362,9.6916696306717,0.799627322609734,6.36526334891378,1138.87061932494,179.827981162928,1358.85000468331,339.373147905446,86.5607068494417,2496.79943485857,113174.32581077,16.468771363645
0.000549434708603372,16.6661880948075,0.846022079656403,11.7950982245356,9.68974591646474,0.824207294984464,6.35946509582579,1134.51964764181,177.950390074581,1353.55211091588,337.148655463264,86.2661249343275,2485.74324486177,113675.839538515,16.4745723030864
0.000568937173061627,16.2465418068674,0.820544118948086,11.7866551816295,9.67141229163936,0.846487878331972,6.35500704686533,1129.3064421461,175.881188940522,1347.16717508232,334.65596671876,85.9057201101812,2472.69575396219,114447.084188257,16.4803561253385
0.000590952095811401,15.7546988953295,0.80209484304134,11.6927580701066,9.63015994382364,0.865232211861748,6.35246790937669,1122.34226327361,173.465671096249,1338.67896531015,331.658679486861,85.410884523833,2455.75360492896,115419.162466637,16.4861220655053
0.000614331121011621,15.2049652910487,0.786906111627881,11.3950886236424,9.56844942137093,0.880148183661242,6.35175859071059,1113.92653401644,170.66337524381,1328.50853111814,328.257577664744,84.8056789706033,2435.57302154014,116240.982109237,16.4918687506823
0.000638432649920363,14.6167936986425,0.771802961402779,10.9165953277552,9.49880066681973,0.892285168653681,6.35201184976753,1105.51693094343,167.651282276365,1318.42184486255,324.881494195935,84.2036356211893,2415.33314228832,116836.962449994,16.4975955230202
0.000661303370062681,14.0168022116785,0.754411457399907,10.3395622019103,9.43525897619232,0.902139634384906,6.3523444809656,1098.67348815058,164.710047955705,1310.2940499959,321.985969573512,83.7263267078849,2398.48942186892,116951.559732145,16.5033013600142
0.000680759476654879,13.4501723747007,0.733646119323127,9.72556613254004,9.39397075932842,0.910304740751683,6.35173997824675,1094.99216389351,162.242556554392,1306.09230377166,320.04443061698,83.5006678174213,2388.71445892442,116478.791662746,16.5089855271694
0.000697756622907336,12.9556321608232,0.711112376719647,9.10483956958004,9.38368972961746,0.917863496329773,6.34953151394277,1094.97198130842,160.498945757152,1306.46922289299,319.206325539055,83.5686101254093,2387.28643904374,115777.309179915,16.5146482357519
0.000713219717518529,12.5295138946704,0.687970543216147,8.48448434099406,9.40008937527274,0.925148337925267,6.34589511659201,1097.71305598402,159.325854414529,1310.31543762739,319.189457942578,83.8585888793995,2392.18055050386,114930.867369969,16.5202891260078
0.000729941871133337,12.1545908469476,0.662973329335019,7.87098409462853,9.43569120939242,0.933105054832274,6.34108650643807,1102.24256514408,158.440059471982,1316.39291094301,319.6728786386,84.2911213022467,2401.07342160416,114102.09134068,16.5259080344854
0.000752229161346755,11.8164531155889,0.63330082945646,7.29216101042075,9.47995346825881,0.94375612094144,6.33534778084423,1107.56487946976,157.46019838499,1323.39687760472,320.304047414874,84.7836582624648,2411.46910662539,113411.702855073,16.5315047528406
0.000780192499004322,11.5081712441395,0.600069166309048,6.77923125384449,9.52448380318488,0.958490021944897,6.3288789683784,1113.01834852664,156.088272170028,1330.43933774648,320.828609252137,85.2803910097332,2421.64375350687,112712.692702381,16.5370784278639
0.000813204583826433,11.2323243310181,0.566830362104607,6.33020735440606,9.56988534459166,0.975816857497523,6.32185281459624,1118.68598322887,154.397578569231,1337.63822310674,321.268713251597,85.7879259287596,2431.84022951273,111991.083352847,16.5426285010571
0.000851593496807872,10.9953743738442,0.535670784735923,5.92410699369804,9.61856906981304,0.992829491124224,6.31458703689015,1124.74490718095,152.58303495719,1345.27879900274,321.705440293002,86.3225115175652,2442.6582002925,111232.441568476,16.5481544154897
0.000897626481044583,10.8096327353658,0.507463473898425,5.52355677561488,9.67026001501903,1.00726833070237,6.3074578139777,1131.15251504488,150.795701969245,1353.41193676631,322.157078777261,86.8849295516508,2454.23651952664,110528.156051877,16.5536559095255
0.000954764896777598,10.6834518163736,0.482824066577393,5.09490942603382,9.71933095316412,1.01747079278292,6.3010547218391,1137.37654737003,149.067386749733,1361.48136136022,322.491566565664,87.4372834207879,2465.5844795821,110012.371870643,16.559132887234
0.00102642130196782,10.6065983787576,0.461784814914389,4.64552835251514,9.75708939195641,1.0215884744286,6.29617494066289,1142.64256706153,147.304863653912,1368.54014648281,322.492235440859,87.9180406727504,2475.01148123003,109702.546648513,16.5645849450056
0.0011113245403338,10.5638666656922,0.445431269522255,4.20765397172322,9.77855629278753,1.01681785940429,6.29355933446891,1146.58317350709,145.427113901153,1374.08170359426,322.062127713684,88.2946962860798,2481.63670090083,109483.113809212,16.5700112691264
0.00119917276331456,10.5461617030233,0.436069458231492,3.83518225846691,9.78767721357126,0.997786896014064,6.29386643121103,1149.59166085554,143.447979654618,1378.49932176178,321.355613731778,88.5930560391568,2486.23630923222,109210.403647441,16.5754109371304
0.00128298918118122,10.5499517410359,0.432929426941022,3.57849579898607,9.79120286416366,0.959238333015169,6.29760251280471,1152.3248340239,141.428704280203,1382.51889103853,320.616054979881,88.8601818241725,2490.19230444758,108960.487703745,16.5807836731739
0.00135390685861595,10.5722449720446,0.434857332302838,3.43524533518469,9.78820861259421,0.901302913899034,6.30483663762454,1154.91159978983,139.387627807153,1386.29148193901,319.886775073733,89.104999741306,2493.78547740396,108746.718109922,16.5861290355131
0.00140540244048665,10.6135150942296,0.441246512589733,3.36863122016441,9.7747762642927,0.829197152710702,6.31500485236765,1157.17612400847,137.301728612009,1389.63397879626,319.098610819854,89.3151267191919,2496.6487843501,108618.45503727,16.5914466916372
0.00144056322868084,10.6884795956687,0.450602719148643,3.31789625223618,9.74835334668148,0.751701092570375,6.32691775679038,1158.92116801785,135.101170285214,1392.35203850878,318.174709855702,89.478487125211,2498.34954431393,108490.888598828,16.5967359058614
0.00146516488357268,10.8163234408429,0.461028367947151,3.22459844729217,9.7130682062142,0.67836449486572,6.33886744758224,1160.52734035364,132.766242273219,1394.9421813383,317.197356632318,89.6282519354459,2499.68567085536,108179.320825836,16.6019956265845
0.00148567537522274,10.9928766825248,0.470731638025193,3.08097326025325,9.67928912368922,0.615163688658654,6.34932036855636,1162.93315141883,130.412481163515,1398.53558163681,316.408580423007,89.8387187118538,2502.68049612609,107656.626625098,16.6072252583841
0.00150586289635731,11.1966771358175,0.477656628152533,2.91242916735414,9.65705716880688,0.562994018135738,6.35751885166558,1167.04696975354,128.207916303499,1404.19456229038,316.039365486839,90.1790403478056,2509.30072763169,106791.762672639,16.6124238437346
0.00152425739803213,11.3906524750155,0.480549711254611,2.76237157750712,9.65444311654211,0.520083629142476,6.36319810765162,1173.78871800583,126.372538562152,1412.94681978975,316.2933778943,90.7148751974552,2521.50991057805,105604.447769677,16.6175908093368
0.00153438961019379,11.5399881931621,0.481767633092883,2.66924552390474,9.67229250265017,0.483502584219685,6.36669485504751,1183.34872525237,125.035100846999,1424.93869767773,317.171381604248,91.4546017798665,2539.68737527458,104387.818959977,16.6227265542635
0.00153150999970813,11.644492758566,0.484240464438358,2.63286165379967,9.7035316663263,0.449660783281394,6.36897433153978,1194.76384836044,124.073905513311,1439.01833657917,318.422069183078,92.3238073289714,2561.76234853318,103207.238594717,16.627830845325
0.00151514534425124,11.7214024333922,0.490161129547221,2.63468358330278,9.73986613206435,0.417233079326811,6.37077976454857,1206.85586915431,123.289404851386,1453.83019585085,319.77118589083,93.2357982523123,2585.23577027788,102249.063139857,16.6329040322174
0.0014876195991713,11.7881173061275,0.501359258304963,2.6635395962307,9.77050242332231,0.386485967272102,6.37279442304198,1218.03027117751,122.461061094636,1467.55065212053,320.862118489927,94.074400134997,2606.78229992653,101749.053555815,16.6379468816848
0.00145518224755352,11.8537288729599,0.51650641672645,2.71873146604463,9.78485970726473,0.358238424187813,6.37560675274322,1226.67837468492,121.407614904424,1478.3324938356,321.343808719108,94.7223003696693,2623.07646351137,101542.991286228,16.6429584111666
0.00142429261101745,11.9142971976366,0.532015488390667,2.79812478958062,9.77989593091302,0.334811325605183,6.3790468924489,1232.41694932726,120.108340577147,1485.71770783127,321.125587416006,95.1512891497737,2633.32222947005,101570.735355642,16.6479379211834
0.00139799726914189,11.9678214840809,0.54741086351192,2.90659875981443,9.75110849053561,0.317754957868395,6.38310742087819,1234.80802973864,118.579130595724,1489.12430879087,320.072685664057,95.3242675953479,2636.56361963485,102290.642528902,16.6528868925272
0.00137017035851368,12.0401508188822,0.569586488511374,3.0811656587243,9.6802596545537,0.305247924468342,6.38920704694573,1231.53779655075,116.735151840359,1485.68724729242,317.621363880474,95.0549950683516,2627.91041663864,104055.871243774,16.6578057782613
0.00133594910102295,12.173505138193,0.604319103928832,3.36840972549289,9.5524785265564,0.29396905125072,6.39888791415933,1220.57944087992,114.548736875833,1472.89560045045,313.347394468055,94.1788527084179,2603.15321085493,106173.424242396,16.6626906147622
0.00129689056993144,12.3720388942037,0.651101563084082,3.76095773574575,9.37781095423871,0.285130985536491,6.41138687519189,1203.4503058742,112.233962240446,1452.56053043158,307.676855025811,92.8126333122844,2565.58559812455,108444.99022585,16.6675400275248
0.0012231596645351,12.61147185191,0.731914929503371,4.24949617272368,9.1770142528847,0.278283450025871,6.42549804488886,1182.77180409853,110.12602191058,1427.82177451088,301.310246531505,91.1617502884669,2520.86340548115,110810.396040433,16.6723534283122
0.00107400444469118,12.8651097430272,0.949999321475547,4.93433551340027,8.9768761139397,0.262468290847675,6.44164941076051,1160.48972288685,108.74426791568,1400.88743037001,294.995708013621,89.3745403102093,2473.41049858767,113228.286207768,16.6771303744698
0.000893907861065743,13.1156474120033,1.5142577694195,5.95379029544575,8.79545999247653,0.230099086654124,6.46043736519391,1137.44510642003,108.597161751862,1372.58078488919,289.228394721796,87.5107272551291,2425.33290558237,115723.966643799,16.6818705891563
0.000148578352250611,13.3577143430042,2.97241886910774,7.2612627201212,8.63083011130325,0.183325673747889,6.48049685299308,1113.82322087926,109.733898567849,1343.10997257107,283.591352962135,85.5841888173641,2376.75660002471,118243.670073417,16.6865736310106
3.92063033292528e-11,13.537420958435,8.08394026336272,8.6365302733252,8.5668299019055,0.062897975691778,6.50003702915843,1139.97851516721,116.464754337505,1373.24402826532,288.289026785791,87.4638214606716,2433.11823021182,130659.479098337,16.6912314371091
1.19565395253299e-12,13.7067880038827,17.1710280780064,10.224475718161,8.17364001293561,0.0073708767884091,6.52605664350116,1147.60396153496,125.735376847101,1379.86920242208,286.012640560484,87.7915723084875,2450.69269975988,134792.215233385,16.6958617483944
2.18131993704751e-15,13.8982702517106,25.9742032417676,12.1237286463172,7.51737333430899,0.000281719608138689,6.56296854373658,1126.04093915586,136.358813489093,1350.34534398334,277.100510879521,85.7671663015891,2408.67305022265,138814.447453859,16.700453139074
-1.21253582064479e-17,14.0839785320505,32.8000278025208,14.1207095829944,6.84812346530282,0.000147117515502574,6.60269060120569,1099.82225657813,146.860044239383,1315.18408334948,268.921581609758,83.37844964398,2358.09561605835,142522.491355896,16.7050052330594
-1.59422626865634e-15,14.230564272457,38.3442900458213,15.9638739205792,6.26930208397683,9.50900436425026e-05,6.63753255780235,1077.05205944644,156.731496522833,1284.4057328262,262.567801085586,81.2777588506834,2314.94194200039,144895.26292744,16.7095169569317
-2.5256310484239e-15,14.2772778757342,42.8328222779297,17.3268817461007,5.8032563630675,4.12733785870379e-05,6.66537957969971,1062.69243272879,166.100761146355,1264.01045520673,258.561750264998,79.8508699318137,2289.10397300842,145487.065496006,16.7139878846885
-2.88198152467018e-15,14.1947340301432,46.2426393848486,18.0547485051735,5.43422333783824,1.23048281094833e-05,6.68746013267887,1057.61266867624,175.110741576295,1255.00997006468,256.86062866686,79.1609463668207,2282.28471589264,145446.077140258,16.7184188131481
-3.15894965624364e-15,14.0311590323716,48.8339871943921,18.3498770040529,5.13007265069992,3.15241258060418e-06,6.70603307690669,1058.258421174,184.159753004433,1252.95251684375,256.478160129734,78.9188885686992,2287.24805974137,144944.752028466,16.7228095390733
-3.43171836504959e-15,13.8525232339538,50.8914947809749,18.4110883802277,4.87370931772885,6.67383848456445e-07,6.72221499973579,1062.64644030867,193.245132618608,1255.41496442235,256.883508801722,78.9691558146708,2299.85961970482,143700.034598881,16.7271594118131
-3.68573691574826e-15,13.751306299876,52.6247103329562,18.3696656037091,4.65883281435551,1.15642417995875e-07,6.73630920872506,1070.7151577844,201.771851625245,1262.46651973954,258.110191865998,79.3219103444459,2319.71888179719,141838.80520066,16.7314681076887
-3.91240842710637e-15,13.7831642030744,54.1723438728435,18.3003729440574,4.4752588552406,1.8907950854119e-08,6.74880711268753,1081.61584098734,209.219478237318,1273.19363523034,260.036117583804,79.9229229890447,2344.85277409015,139936.487576226,16.7357357527668
-4.11214920528317e-15,13.9065870355355,55.6207013173152,18.2019432314613,4.30889801339888,3.13525395639832e-09,6.76044517233903,1093.45772532545,215.687866272147,1285.26436015479,262.236339126885,80.6193817338795,2371.42132916388,138127.201445043,16.7399621160874
-4.28975022787161e-15,14.0723464443566,57.024598906478,18.0574870976932,4.15074160046901,5.33613937307659e-10,6.77168583594499,1105.1016018051,221.360306713314,1297.24112812937,264.443158808043,81.3145412739015,2397.16260494008,136422.991459699,16.7441468567889
-4.45060270198669e-15,14.245707486135,58.4152182274662,17.8418486693399,3.99704330228944,9.28331870371196e-11,6.78270045159462,1116.36848592528,226.35770899543,1308.86123390808,266.597093986054,81.9856107466194,2421.73958210644,134746.197892561,16.7482895321822
-4.59930075447611e-15,14.4095524526034,59.8213986982708,17.5462021287772,3.8469268613611,1.64320054988355e-11,6.79350630400473,1127.51897960924,230.766116518194,1320.41064400315,268.740419950067,82.646932655048,2445.70840602617,133128.333871885,16.7523898228627
9.56802681260634e-05,14.5954964356636,59.9426853182667,17.4040123434478,3.5965596728165,0.00355217570257409,6.81155255274588,1086.41933630342,228.093362566699,1269.96292624024,259.076334556622,79.3942540124347,2358.63212299992,122370.401283468,16.7564548033038
0.000157813794982524,14.785758772421,51.3124602854227,17.2135308085149,3.56072174410746,0.0220582166057966,6.82906398739069,1055.859135587,225.947367973392,1232.47926188377,258.188773407786,76.9879599821192,2297.58009432671,120628.78354595,16.7604691393616
0.000310866511584761,14.9458062980487,36.7808860290482,16.8842371358418,3.82448849055635,0.0522428798152022,6.8360837473744,1054.8643401711,226.519256065693,1230.63471408929,269.048535631681,76.8688309098137,2302.00389770919,118623.381934621,16.7644395834347
0.000342303466416151,15.0634899897076,25.2418580916358,16.4160415735585,4.21770634435854,0.0921942884056491,6.82642904260145,1065.60652703796,228.094079245846,1243.02285904732,281.191764205716,77.6752527033312,2330.42770158724,116766.48953221,16.7683663077283
0.000351186252964126,15.150693134173,18.1586727574344,15.9163471927235,4.60920793865294,0.132066454649521,6.80806558963882,1078.27922026314,229.740742081272,1257.80504254636,291.613339056705,78.6483830180428,2361.63054864472,115095.486919924,16.772249073826
0.000352818495274486,15.2377401333907,14.0532035077776,15.4484540797633,4.95245975427319,0.168977424744435,6.78781764075978,1089.66554842174,231.062433597034,1271.12569607573,300.327271988661,79.5372113773643,2389.2057533663,114069.829087135,16.77608836036
0.000353074504939441,15.3961086133892,11.6942563341945,15.0089709368407,5.24358665864544,0.20184572805672,6.76837878959455,1097.78908519276,231.479494670663,1280.77415620606,307.195520281399,80.1957192075575,2409.02716224855,113809.323195141,16.7798841731488
0.000351359224716465,15.6946478402419,10.3467191692286,14.5824946579773,5.49129693023224,0.229373169414083,6.75066147556237,1102.11534210046,230.551492468165,1286.27468883746,312.279845446491,80.5881944032088,2419.93910314942,113548.519210066,16.7836349662087
0.000347659285115114,16.1131827950331,9.53618561435172,14.1788787903522,5.71318461064956,0.250929739756882,6.73461607964704,1104.76843689495,228.702787998953,1290.09518339587,316.346753790223,80.8701838042757,2426.67959977565,113151.087191263,16.7873401777779
0.000341976023371743,16.5808436924412,8.95517400785103,13.8131625324418,5.92416001394881,0.266670027922294,6.71993879270777,1107.87555596584,226.616230432259,1294.58566866548,320.127224480279,81.1922155724598,2434.05072972815,112413.888713174,16.7909991463559
0.000334616951698683,16.9839394660317,8.4022517294812,13.4865243115892,6.13634784706876,0.277729091289237,6.70612499882191,1113.12972785058,224.971948199352,1301.50707288662,324.174538488643,81.6678528235689,2445.85546590531,111295.666110862,16.7946114443041
0.000327245134872355,17.2287548924344,7.76519534378529,13.1888417457896,6.35642301873899,0.286334453751007,6.69259804895341,1121.09653522966,224.151436856636,1311.34366196606,328.694845579068,82.3291667296768,2463.39364835432,110139.207987171,16.7981773199976
0.00032071198816263,17.3375592257025,7.02371692169568,12.9121794043543,6.58358776615866,0.294538930102096,6.67902463351466,1130.81787968078,223.942982010185,1323.01704901127,333.473137523497,83.1075247454795,2484.62412628164,109001.765431882,16.8016965864368
0.000315710478136121,17.3703502570988,6.2041526608615,12.6530330434459,6.81580698266771,0.304167642667235,6.66510961831652,1141.2275797064,223.947276558503,1335.41232003605,338.25211164904,83.9319153445634,2507.22352320451,107987.043741225,16.80516916925
0.000312450368730145,17.361186788405,5.36337819507529,12.4157890848978,7.0509288214454,0.316469390994772,6.65062951359215,1151.42921709919,223.695386458905,1347.60812006322,342.807634154684,84.7454932306933,2529.15093448202,107100.917982322,16.8085948303248
0.000310197082553775,17.3204857916273,4.55705077123598,12.2088690403315,7.28976109103835,0.331790468607158,6.63537113405663,1161.17829427081,222.875639636339,1359.40270215391,347.096657138366,85.5375619941543,2549.77182534274,106131.251842321,16.8119728497765
0.000308764440575514,17.2593760837293,3.80610889163397,12.0303927800556,7.53751109340468,0.350721558123166,6.61890633672114,1171.17693125561,221.651982612962,1371.61572069233,351.317166649498,86.359478879523,2570.64026466678,105042.629160094,16.8153028313147
0.000308395458473057,17.1992660032974,3.14996254312515,11.8864448769727,7.79686538400794,0.37422056795406,6.60087795987418,1181.82289719919,220.330180421401,1384.67750794072,355.5557231255,87.2361255651608,2592.74639941987,104076.323535854,16.8185850506611
0.000307266116425662,17.1866418918191,2.68554663092481,11.8372882215925,8.06461238327205,0.400028311954029,6.58173770942419,1192.25657196627,219.13665814724,1397.57292906149,359.578382994282,88.0991219693153,2614.49737924327,103452.751372925,16.8218198571507
0.000302563724300751,17.2700968100918,2.45192542814329,11.9651694281626,8.33840925481108,0.420754969756435,6.56279694081424,1201.29574873573,218.20690794147,1408.93163589541,363.152332372524,88.857841018728,2633.65041663065,102966.684660964,16.8250065492472
0.000294883135611883,17.4456084189043,2.3720943229071,12.2674967753893,8.61838081758112,0.43322345812569,6.54465227176244,1208.87848174384,217.527386124817,1418.67086777853,366.323808227568,89.5074324580562,2650.09763503869,102559.897651944,16.8281447300107
0.000286482144696632,17.6798598277299,2.37387131666716,12.6837092165108,8.90077843063792,0.439581651736347,6.52717500165401,1215.13150621188,216.980007102044,1426.89359503662,369.071094076761,90.0570240283162,2663.9337174024,102420.803287082,16.8312346504738
0.000279665784316323,17.9350280876371,2.40561670787436,13.1269188869278,9.17368249198431,0.443592040123852,6.51032765170333,1219.34515222993,216.423172548966,1432.65106359952,371.088479708952,90.449863114568,2673.42986018837,102691.005588466,16.8342764278333
0.000274629419806466,18.1804612758642,2.43064195454042,13.5136479694997,9.42454667686621,0.448368029615817,6.49421860509843,1220.78878626566,215.802105933695,1434.94964217989,372.099923614677,90.6260690597637,2676.88115790977,103089.325636251,16.8372690580024
0.000270869310481744,18.4104311977459,2.44740974914218,13.8284476113417,9.65283065242622,0.454583822440722,6.47880758432403,1219.93038036965,215.184022124139,1434.32843484135,372.272325166078,90.6203668671856,2675.30683328105,103540.223047224,16.8402120781713
0.000268112110499846,18.6307536834323,2.46370124292697,14.1001648507173,9.86301843856502,0.461043442130475,6.46413512162909,1217.61730376784,214.643800184715,1431.85716868446,371.928268598499,90.498616076085,2670.61647221183,104000.772011734,16.8431051492044
0.000266655959887479,18.834275981744,2.46192550652328,14.3529854074213,10.0585648723467,0.467452606000608,6.45014550799819,1214.68215281747,214.202496524171,1428.61581045496,371.353587762555,90.3243044856948,2664.65315302539,104388.717271975,16.8459478759507
0.000266968994552749,19.0050602401941,2.42241023431359,14.5928341542928,10.240723677506,0.475310334897884,6.43657299769562,1211.69480980674,213.83659372276,1425.35704210696,370.70280203595,90.1395489536207,2658.63615899601,104760.284567433,16.8487401750764
0.000268683751777307,19.1433232377213,2.35960983077648,14.819167878586,10.4092299905766,0.484660986870941,6.4234330446985,1208.64758176069,213.537585944808,1422.07710937973,369.965322652689,89.9436291303632,2652.54294896865,105123.736746404,16.8514818623167
0.000270553246041702,19.2599732950297,2.279218048702,15.0232443329326,10.5684739030628,0.494236737042128,6.41071982705724,1205.86743707144,213.384167169665,1419.12470656922,369.255777239533,89.7622604354947,2647.0844150379,105155.476216186,16.8541721318427
0.000271834725145379,19.3701915728305,2.15741526186124,15.1770006099882,10.7337669362667,0.504821460580707,6.39754197781474,1204.98381117647,213.633087703108,1418.37431374122,369.068623548121,89.7208403736449,2645.77608311887,104635.004812577,16.8568103926697
0.000273393849756337,19.4884323375527,1.99205232446922,15.2545332081002,10.9183031555689,0.519572313974977,6.3827032843479,1207.31400374841,214.512088740675,1421.33913847358,369.771923763766,89.9209975028546,2651.45438699461,103994.261192039,16.8593972558193
0.000275179165513674,19.6161911133004,1.81484010713221,15.26050062157,11.1196526438109,0.539164306041003,6.36616932649193,1212.06287567037,215.913593204122,1427.07924020458,371.104470244585,90.3028095974398,2662.38358368805,103343.501497906,16.8619327592358
0.000277394473980703,19.7482357028887,1.64617354283169,15.2045008387252,11.3296987588825,0.563577676041337,6.34834917202821,1217.91219845655,217.578861951494,1434.06678655386,372.665628595529,90.7670355704644,2675.67276062518,102819.254932727,16.8644170035599
0.000280628362700904,19.8854242191574,1.49157477715353,15.0771724542631,11.5377214204748,0.59312920396635,6.32975611494864,1223.54673863253,219.148956689121,1440.79155068985,374.06250287829,91.2172129712514,2688.38120917541,102519.436613146,16.866850031552
0.000284808600668182,20.0330909591071,1.34852643825215,14.8567953957976,11.7353166947428,0.628171696687481,6.31077419424803,1228.13224931955,220.297200899263,1446.31035566458,375.044197350759,91.594532831794,2698.58390543632,102267.39585296,16.8692313229356
0.000289743880197924,20.1898382581221,1.217667130324,14.544035188048,11.9230052391348,0.668983900119959,6.29134012887703,1231.89722541528,221.018187124406,1450.90196150106,375.671745243387,91.9169181804441,2706.75242440161,102023.364364128,16.8715606230818
0.000295042478099818,20.35233380136,1.09841115153484,14.159463858961,12.1063601215328,0.714942345282273,6.27126559349688,1235.50938957488,221.481680591409,1455.34831129263,376.142027010983,92.2330664285777,2714.38225838318,101627.722595145,16.873837449802
0.000300686677596374,20.5248638575097,0.985863889003076,13.7281869686614,12.294725585432,0.766836267424228,6.24993020041383,1240.019199108,221.883365646115,1460.91229593091,376.755571693806,92.6215828771599,2723.79835448969,100968.48072203,16.8760614060392
0.000306895096507358,20.7177684255775,0.884313347522849,13.2726877453305,12.494145795593,0.826883643874724,6.22665075591316,1246.11040514275,222.343658167827,1468.43622514076,377.689619435252,93.1343053092547,2736.51666067401,100300.486420396,16.8782328442662
0.000313306014975687,20.9333320566957,0.799793051196231,12.8060074256835,12.7011610919001,0.89412636711534,6.20175747027236,1253.22395711173,222.826913231863,1477.25168641463,378.780702540147,93.7282623505276,2751.35135763801,99697.9252738011,16.8803517961043
0.000319457076951418,21.163343607309,0.730650364631389,12.3281501690708,12.9118820096216,0.96633306548568,6.17583047511587,1260.7202541709,223.264129954072,1486.57598961691,379.862815546527,94.3544584714501,2766.92121083782,99035.5466481301,16.8824178616273
0.000324917985600719,21.3870697242177,0.672986962863893,11.8197997075369,13.1298975142824,1.04254455984013,6.14884705719468,1268.80541699808,223.676607627214,1496.63045352535,381.013391614848,95.0285857820798,2783.65708107322,98207.1253937785,16.8844306473888
0.000330044112152655,21.5824630636519,0.624960753572855,11.2569038008611,13.3606712284793,1.12310707899626,6.12047107979218,1277.92657603834,224.130863641028,1507.9271173004,382.367613949679,95.7846294567107,2802.51786939906,97394.2777135191,16.8863904128525
0.000335360930489282,21.7481527013059,0.585110198884559,10.6427828657012,13.6020542058749,1.20736648811995,6.09092796450695,1287.75615851982,224.602424155752,1520.07237254331,383.830588282907,96.5974075735475,2822.80483643806,96648.2283956896,16.8882971809924
0.000341130691014599,21.8947692386561,0.551884725311437,9.99789059621915,13.850009509651,1.2940749730822,6.06063843239591,1297.81837183083,225.020173805732,1532.50972885188,385.266727615672,97.4307098037836,2843.49180319032,95913.20420746,16.89015071511
0.000347334560658276,22.034563758871,0.524163463541648,9.34760898112782,14.1048887598469,1.38164045850251,6.02983256529732,1308.06052922836,225.314018615854,1545.19257757464,386.671819713947,98.2811246875578,2864.43903199425,95137.0755130363,16.8919507650979
0.000354806800019969,22.1771366062828,0.500805691491141,8.71446328145921,14.3690373837346,1.46825991372928,5.99865851457252,1318.62316607136,225.427783396724,1558.30145295446,388.10003590611,99.1599234760529,2885.91530841769,94395.3984764343,16.8936974206527
0.000365496297403042,22.3250514485674,0.481067766284952,8.10688503618458,14.6405633332394,1.55203523115954,5.96749816422521,1328.79459613481,225.257764354042,1570.99239046686,389.344498038697,100.012265093437,2906.37423987638,93714.2654812794,16.8953906779424
0.000382476843858731,22.4759410064573,0.464060773196589,7.52278240547818,14.9140457481456,1.6336010300412,5.93656298122868,1335.4259230512,224.370928199668,1579.52088011285,389.486099886932,100.597126583622,2918.98300992501,93001.2366339697,16.8970301900925
0.000406483092914886,22.6270359114777,0.448323538259801,6.9559069390888,15.1893900161048,1.71351126199394,5.90573249344879,1339.52700344854,222.943408620248,1585.07155856043,388.782302058855,100.989012003361,2925.92136047973,92165.0803517359,16.8986155611093
0.000439408617598547,22.7781878996035,0.433673964589714,6.40234567442026,15.4708333559272,1.78916655857116,5.87508183285891,1343.49366812243,221.331266091665,1590.47069432699,387.887248154698,101.367677061925,2932.35713360592,91344.7437069141,16.9001470996756
0.000483328747675173,22.9307082460964,0.420484754232372,5.86754689558427,15.7561221757735,1.85476851338967,5.84559257095268,1348.00921952701,219.662800373547,1596.51739834924,386.997732002218,101.782374220885,2939.78232516446,90593.6121504879,16.9016249394149
0.000538639448237544,23.084548024223,0.409129468298935,5.36237713129118,16.0393048355455,1.90309813911912,5.81872254036567,1352.74279422166,217.922134405287,1602.81904261092,386.047948459425,102.205439068802,2947.51829146209,89913.7485736332,16.9030490606084
0.000602357318204053,23.2366999756077,0.39990437459219,4.89656648739306,16.3157146832272,1.92692761073793,5.79587267336671,1357.2536899249,216.049838958159,1608.87325353118,384.955742736528,102.602166277414,2954.65620178534,89298.5898644094,16.9044194112088
0.000669334308693449,23.3826228175399,0.392693243477126,4.47538275389101,16.5833768718107,1.92060848994158,5.77804503102476,1361.28670191276,213.991400005252,1614.40863081245,383.69402813772,102.953263637705,2960.68532128121,88745.0474312269,16.9057359524409
0.000734321843891894,23.5207789963485,0.387310950423066,4.09996600710813,16.8415952967379,1.88229287722346,5.76557860366801,1364.77132476298,211.739707991895,1619.34671660465,382.267191114157,103.252918132885,2965.47407197219,88249.3538642257,16.9069986454972
0.000793796509871553,23.6522046290574,0.383615042034848,3.76775062902348,17.0903316774889,1.81413763567967,5.75816607860284,1367.76198130419,209.326113583257,1623.73295919094,380.696257195417,103.504356557733,2969.14331501998,87794.5349721526,16.9082073983483
0.00084655086941887,23.777292051142,0.38147823340236,3.47277450000402,17.3302731360556,1.72119491059083,5.75502906600537,1370.41057507852,206.794432313722,1627.72425580589,379.020719028683,103.718468968301,2972.01487529099,87361.1732983457,16.9093621039217
0.000893187369157734,23.8949908230102,0.380901504570045,3.2073169201551,17.5619321123983,1.6099415956867,5.75519601345943,1372.86837839549,204.179872490543,1631.48363581653,377.27821208718,103.906687677804,2974.40854179715,86963.8499414784,16.9104627978798
0.000935209413349196,24.0053764073632,0.381976292592605,2.96499878944741,17.7843075011111,1.48661321187329,5.7578306596553,1375.14477147312,201.498203428509,1635.01236455063,375.474010920387,104.07053416057,2976.34885064194,86608.6364655552,16.911509494437
0.000973307346798286,24.1088727435316,0.384944231699676,2.74187701197153,17.9962968707578,1.35635553809408,5.76227149479234,1377.22490645355,198.762400143129,1638.28695483175,373.614433095666,104.210247772921,2977.81722686931,86259.3439732785,16.9125020305818
0.00100632571268002,24.2023330771368,0.390315975811931,2.53721643239098,18.1996381710816,1.22287458150311,5.76791362691292,1379.28103224182,196.014266296137,1641.50422984114,371.764177678958,104.340150180216,2979.20349014495,85868.2710190766,16.9134401880279
0.00103445156930583,24.2796172578747,0.398642792112702,2.3529070951694,18.3973130914209,1.0889012762868,5.77423665166008,1381.54530299213,193.311810322264,1644.92742851322,370.007703606735,104.478554414573,2981.02990249215,85482.6215678768,16.9143241530802
0.00105848734170344,24.3389947186146,0.410580765925927,2.18970071494954,18.5880054900889,0.957059353714518,5.78097944406362,1383.93929384338,190.666559478897,1648.45481022699,368.337760887095,104.619987958617,2983.14524412604,85128.2409479556,16.9151540551598
0.00107941693156279,24.3832933437252,0.426940548317482,2.04562530340358,18.7671061392233,0.830269047268936,5.78801373870935,1386.21420019538,188.051770927768,1651.79100680507,366.692279506079,104.74624411582,2985.0227773853,84820.7386802594,16.9159299786642
0.00109880101454143,24.4167822256983,0.448645826986835,1.91562040211656,18.9290331383063,0.71150896557114,5.79524555989204,1388.12825993277,185.425410201548,1654.65908041883,365.006523426386,104.839988838841,2986.1453812503,84574.1589139595,16.9166519955367
0.00111773469650647,24.4428907266752,0.476745382436791,1.79287586234538,19.0692037775785,0.603253525765774,5.80258388909676,1389.54465870466,182.74946793114,1656.91323765174,363.242642153619,104.892056598915,2986.21944588591,84367.784015546,16.9173200299145
0.00113641483832097,24.4632618542259,0.512445345796584,1.6733194580317,19.1860057381229,0.507078057446906,5.80988694397259,1390.52285178556,180.019775321289,1658.63423719191,361.414673941742,104.907869952199,2985.37258209427,84187.5887909756,16.9179340305753
0.00115326973531745,24.4787499231462,0.557246636600483,1.55774064084724,19.2800885552908,0.423446320760666,5.81703869568816,1391.21341110285,177.259614530823,1660.00006775463,359.561528029359,104.899242788837,2983.92971938166,84028.5530928858,16.9184939918469
0.00116287827491513,24.4917407261884,0.613301346131897,1.45433065860224,19.353078610834,0.351732188227715,5.82402719837225,1391.74094382162,174.502437057543,1661.14811405759,357.719231912545,104.875551955214,2982.16339716567,83888.811868005,16.9189999282305
0.00115933893736548,24.5065428112192,0.683445922316145,1.3766464358886,19.4068613902717,0.290708015282577,5.83091559530544,1392.17082124411,171.779645033593,1662.14082764716,355.912781256279,104.84150150478,2980.22177380814,83766.1379295577,16.9194518593041
0.00114109853178592,24.5256726774399,0.770668200370554,1.33167985978626,19.4430649177978,0.239330087209333,5.83774185886477,1392.52451373862,169.108342343078,1662.99547310185,354.151700605464,104.798754074774,2978.15657004862,83658.6806257056,16.9198498118024
0.00110724222694507,24.5512346422113,0.878594916191906,1.32140676689696,19.4587876267858,0.196815154211541,5.84476624642255,1392.49726272298,166.46668084501,1663.34556747057,352.360217233577,104.724355559797,2975.32610948128,83792.1714686392,16.9201943384213
0.00104990144966341,24.5948276507431,1.01625630430912,1.36387286753352,19.4340521867805,0.161512198016211,5.8534376794565,1390.52394358048,163.711492674615,1661.30787270176,350.180638540435,104.499458383163,2968.42877466377,84535.0273260449,16.9204858653536
0.000970337195076267,24.6786887878513,1.19953439813198,1.4987781290416,19.3392036233355,0.131277897332358,5.86592212407284,1384.45006935606,160.611024857673,1654.28628366559,347.166573944393,103.96118676691,2952.91860838203,85589.9362748023,16.9207232328243
0.000884699649060412,24.8142303768046,1.43742008352537,1.74584283373658,19.1698321856093,0.10636877427104,5.88245873448468,1374.4292222645,157.121100942918,1642.46809444422,343.410968093415,103.123009328526,2929.11451792478,86721.902820029,16.920905998536
0.000793264968950976,24.9973750441041,1.7391953035728,2.1138260602842,18.9418057717371,0.0869668250381004,5.90200072285644,1362.39436953168,153.425748807737,1628.19145169695,339.394146798031,102.133083863642,2901.1349254805,88023.8886909765,16.9210343625022
0.000679953460278463,25.218045997158,2.19338487618586,2.69965671208912,18.6653323694972,0.0704981844211631,5.92441367249191,1350.10053558638,149.864711531571,1613.59944897228,335.633781277602,101.125403039915,2872.91521660117,89718.7399698491,16.9211084864698
0.000566665449851345,25.4652081887536,3.02772334856232,3.70165693979162,18.3398560889609,0.0561069105623725,5.95014519264735,1337.13574760225,146.682190162893,1598.25925114616,332.208300774633,100.071576601912,2843.9605028646,91581.3525635224,16.9211283998871
0.000191927837036795,25.728584657862,4.69654163782211,5.19671793752568,17.9773368040197,0.0430332187467574,5.97792282611673,1322.47043409287,143.90104790709,1580.97947871624,328.666015364662,98.8977728719643,2812.10354742784,93471.7910984481,16.9210943014916
3.33756691824885e-09,25.9669978049467,9.57483984632562,7.01789035245939,17.6651535024676,0.0179927872937698,5.99890203992627,1325.61803695563,143.223683721458,1585.12509035928,327.739616755396,99.0686920348089,2817.29062659775,104801.790458665,16.9210067493933
1.31924235442285e-09,26.2460219380977,18.0210954275877,8.9555667045029,17.253068872177,0.00258705093258401,6.0194421591723,1318.25449158848,142.406708546892,1576.41537910294,322.807753309568,98.4490367160985,2799.77892350701,107353.410203376,16.9208652853435
1.85324408145573e-10,26.6731040841094,27.0953784662478,11.0626546723367,16.6179492391227,0.00105497860512623,6.05281092695428,1307.73058012699,143.304626327771,1563.26157330063,317.911544355442,97.5493439148126,2776.94355604156,109981.637845022,16.9206703060813
3.71803596498918e-12,27.2407986295726,35.3697296208039,13.2236603249091,15.8540634168307,0.000769249435950684,6.0967223128451,1297.54842911968,146.193708953396,1549.82811536997,314.593361121887,96.6223597768632,2756.52775331525,112499.352645654,16.920422038098
1.30367161953424e-14,27.8801879686774,42.7973905465435,15.3083694897114,15.0772567700291,0.000535815769236207,6.14277903442311,1285.29692517337,150.17768372767,1533.46383906252,311.603019273373,95.5025632237817,2732.76049734123,114203.139866194,16.9201208217321
-8.08791362964972e-17,28.4772632775293,49.2538397363198,17.1498268163375,14.3845777455324,0.000332615324695554,6.18414210448556,1279.78244642845,155.2756816815,1525.04162913178,310.43216488177,94.8754324619403,2723.58074393967,114586.054222666,16.9197669929318
-8.1397843772071e-17,28.9423790803012,54.5675231424878,18.6380046360126,13.8156567378891,0.000186192486710629,6.21825374823521,1282.36257559416,161.160164371717,1526.39778297172,311.110046775073,94.8597885668697,2731.54195775276,114512.499527625,16.919360551062
-2.57486688385281e-17,29.2887203328044,58.959187911667,19.8303777294502,13.3422578844502,9.34607952459717e-05,6.24681598330348,1288.72576907979,167.549791364159,1532.34243362046,312.471939215814,95.1300280189339,2747.52600943635,114224.696428871,16.9189015986779
-1.20112591400362e-17,29.5576618084685,62.7274675665658,20.8022245287293,12.9368572850014,3.84106805009925e-05,6.27151098786557,1295.06282767921,174.131945529927,1538.24645646948,313.591952626516,95.3965460971276,2763.44965790728,113442.317327368,16.9183904287733
-1.09663726599843e-17,29.7686604534944,66.1128967658237,21.5823614613083,12.5992430470988,1.18037288641306e-05,6.29242411112784,1302.36855926649,180.518052673133,1545.3310305223,314.794184308196,95.7397855072075,2781.13613404217,112000.10542857,16.9178273810692
-1.19130607829054e-17,29.928731849605,69.3188830558205,22.1955319650639,12.3311457707481,2.87087166863307e-06,6.30948619351469,1311.7099574472,186.268732873556,1554.9424088138,316.435700620776,96.2481574168115,2802.56449163697,110409.866986097,16.9172125015873
-1.19526240011994e-17,30.0483508847578,72.453881732676,22.6843265013472,12.1145877548928,6.32800975087718e-07,6.3237086446511,1321.76907176713,191.345789191837,1565.49618015395,318.257180796979,96.8214568191193,2825.04260776733,108837.959086945,16.9165459138532
-1.10855466788801e-17,30.1367397272388,75.5460690639417,23.0847854441579,11.9277747511508,1.3682768024152e-07,6.33630315530742,1330.98713513716,195.882615929864,1575.09677386903,319.910503815979,97.3386970106744,2845.47372717113,107516.982636678,16.9158276124459
-9.88369941517101e-18,30.1987882146827,78.5725622532537,23.4252669657481,11.7482294791142,2.97881929704855e-08,6.34851088707267,1337.98176870075,199.888955190636,1582.08496812811,321.066152592284,97.6953657522295,2861.03988371401,106621.301925299,16.9150575058046
-8.72572702787859e-18,30.2345889968238,81.4810254366264,23.7197028872209,11.5603154642705,6.52980671357873e-09,6.36118580406304,1342.28119132855,203.269799974821,1585.91930799654,321.607609361352,97.8586298840118,2870.728140801,105889.685882273,16.914235914464
3.22792915699606e-05,30.3406966404048,84.1938708960612,24.3544995322691,11.230870873872,0.00181337151983669,6.38375381991786,1323.20666955972,204.547765446737,1561.89896140687,317.269610262679,96.2890653864148,2831.69554926115,96023.2261793905,16.9133595929184
4.2809557531248e-05,30.4367272939296,77.9623499179182,25.042016452174,11.060856102743,0.00999121016367585,6.41100359697157,1308.81805295098,206.245652910877,1543.68526158013,320.545664061918,95.101016722946,2806.6413529858,95571.0703872983,16.9124352287315
0.000103565840140454,30.459801552236,61.480542398231,25.4252569607224,11.2461469383814,0.0236146478183819,6.43149642878792,1307.96102805006,208.22892653341,1542.11376402043,334.56035702974,94.9856197143819,2814.3696516331,95408.3978293793,16.9114596182606
0.000115231721617113,30.4321542455215,44.3622840859374,25.3438614233617,11.6769511601302,0.0473855760024674,6.43209973157955,1312.08790383102,209.828892275385,1546.96885640233,350.519857333564,95.3000376916914,2832.89840108339,95386.4496792931,16.9104330952307
0.000120422668198072,30.3767854254914,31.3126593336718,24.8897773032396,12.1933489083756,0.0759456804422434,6.41596951078401,1315.76961123918,210.807941910595,1551.60732830134,363.72586209016,95.6195942666938,2848.78425191041,95448.3096441396,16.9093559267501
0.00012425312302881,30.3073148941589,22.1955140009004,24.2482348322691,12.6795817042209,0.108587659683138,6.39264690336496,1317.40994218374,211.23398074666,1553.9692195591,373.504389679449,95.8063063574416,2858.49454166699,95506.8092982086,16.9082284513198
0.000127852206175575,30.2369906444566,15.9230045605692,23.5381411542965,13.1009760117633,0.14474771764044,6.36741495255947,1317.62307590185,211.350846230547,1554.69634229626,380.439313336805,95.8955388542441,2863.63404966222,95481.6839344957,16.9070510272092
0.000131758945177407,30.1804731773132,11.5170512758936,22.8170813873473,13.4663974312161,0.183891595068913,6.34188486393123,1317.46937832934,211.422450340605,1555.01311748676,385.371010676763,95.9624143064148,2866.87236121594,95473.0886116915,16.9058237195727
0.000136411685131461,30.1416044061454,8.33625432892202,22.1006356272307,13.7897367828611,0.225817766120999,6.31638647337591,1317.2596709143,211.512070370684,1555.28841770988,388.918446941734,96.0292644903631,2869.21426313827,95506.2948968117,16.9045466984313
0.000141834758253308,30.1147118487249,6.00347876444826,21.3894399643214,14.0823433584156,0.270719614077233,6.29088523897973,1317.17908328396,211.561980290568,1555.75301966959,391.539574384965,96.1097632097849,2871.25053221455,95352.3798426167,16.9032206286381
0.000147781191663822,30.0886897599329,4.28717429530046,20.6938560484086,14.3623656521996,0.319549108433273,6.26472558668526,1318.39484898016,211.600763482827,1557.78122460422,393.80835340067,96.2895779197221,2875.5391394131,94797.1882135733,16.9018462709141
0.000154791345226484,30.0530190945609,3.04944966941311,20.0331710346795,14.6474835286178,0.375192862131316,6.236859112465,1321.90355806787,211.709943371135,1562.52092325226,396.112952802862,96.6406918643792,2884.22175382558,94144.2154840045,16.9004233955901
0.000162944226216533,30.0068247946191,2.20048406788673,19.4135333494202,14.938387544041,0.440401720504131,6.20699724091431,1326.88770069815,211.835911713652,1568.98917578698,398.265712906328,97.1014878881929,2895.59033804929,93500.6426305526,16.8989520362944
0.000171929036855197,29.9560402015277,1.64811551475035,18.8298410033702,15.2272013000717,0.516377428070939,6.17549111341528,1331.91368591458,211.853809102011,1575.49632675304,399.921236154936,97.5662149166368,2906.64954662576,93050.81511423,16.8974319317275
0.000181046291744252,29.9100302618227,1.30874682076061,18.2798287835413,15.5008135390953,0.600987471287439,6.14348148365758,1335.35854351744,211.596842643891,1580.13201220203,400.714550538465,97.9160738661339,2914.00802882742,92970.1807938952,16.8958626917741
0.00018941016575063,29.8782920508997,1.10119984637352,17.7683984602733,15.7493044138184,0.688183376956878,6.11255801436898,1336.22543003682,210.927424919104,1581.72589460074,400.507391589997,98.0790536473216,2915.61161708404,92998.5678306838,16.8942451985783
0.000197267753044581,29.8636946805738,0.960559228057167,17.2961627377246,15.9761120652729,0.775284373620829,6.08304928317126,1335.26975726781,209.904116950921,1581.18002427348,399.619567445633,98.1118354183438,2913.12737473474,93032.5754337519,16.8925800376569
0.000204840876455101,29.8617981377194,0.862282103318776,16.8670931331428,16.1868455382084,0.861974741961817,6.05471066567528,1333.52355390797,208.704053179443,1579.70524961188,398.380304448964,98.0891859643592,2908.81916329217,93251.7175696886,16.8908669336123
0.000211594519533919,29.8592448566787,0.806419365342816,16.5204844806564,16.3774961670162,0.942980229253788,6.0285487425009,1330.70431112055,207.51988288581,1576.91483631887,396.773586955617,97.9850122212143,2902.23762369442,93861.6819492368,16.8891055122501
0.000216974445873442,29.8382557961215,0.78621306353176,16.3225815659564,16.5413978122847,1.00747820770091,6.00660844992685,1325.79458486413,206.509089186094,1571.53506985,394.637667784463,97.7175304671192,2891.418233658,94595.1483284047,16.8872969072622
0.000221150840018383,29.7930595271137,0.789034378427291,16.292307120497,16.6821274663057,1.05067309309793,5.98945350915829,1319.64215259164,205.8385996398,1564.55715748773,392.293794247016,97.3479380464496,2878.26389477556,95342.9964079313,16.885441784978
0.000224731440032026,29.7338698926084,0.802980209194249,16.3958979638426,16.8073085744204,1.07420332657695,5.97637604661475,1313.30398328534,205.550464007136,1557.25987343012,390.052026486777,96.9562019993249,2865.01031426985,96019.3525876924,16.8835406799546
0.000228509736355308,29.693727825199,0.811543101644723,16.5572304477494,16.9225844272679,1.08533878691442,5.96585316954618,1308.24601954811,205.791863181177,1551.4284836421,388.260588352451,96.6531143584401,2854.78619919696,96552.1575321173,16.8815940616376
0.000232656343421931,29.7151433772368,0.811296037142618,16.6916283978284,17.0293778892728,1.09332297520396,5.95625422404133,1305.26368655743,206.72068091027,1548.04816093421,387.025662912602,96.4986312694581,2849.31271428847,97045.9441793975,16.8796019472677
0.000236527354820604,29.8072877746316,0.813048192742338,16.7756901739871,17.1268443319874,1.1004631048536,5.94719799799392,1302.84140768091,208.155750226863,1545.32145459607,385.878236526012,96.3798908530953,2845.3130679532,97529.1704735362,16.8775645605474
0.000239954659580029,29.9518476340179,0.828545387261599,16.8302464032495,17.209030901975,1.10415835442341,5.93938642660842,1299.73908850959,209.916063709023,1541.74675254296,384.488706349514,96.2039488427491,2840.0856518727,98348.2911699604,16.8754813767805
0.000244915956581079,30.1222418726923,0.859489667406025,16.8775352143747,17.2498286614478,1.10006589523417,5.93486579866551,1294.0704584468,211.746086865972,1534.99876877709,382.32450091227,95.8268381702256,2829.47775467225,99818.4110840621,16.8733521022669
0.000251987529375232,30.294618639713,0.893557124321621,16.9125952233771,17.2188250722576,1.08844175627325,5.93524870614374,1284.27506595923,213.330730357696,1523.13183439957,378.900642441777,95.1284842409552,2809.92887494443,101399.202003912,16.8711784579645
0.000261050412101456,30.4600114878419,0.921788833410823,16.9170394310694,17.121803732127,1.07431681199802,5.93952721160162,1271.87404515496,214.682249245126,1507.96773161954,374.6307018184,94.2237446905374,2784.58379763713,102893.696099835,16.8689611916575
0.000271652024179149,30.6157306167401,0.937698717384513,16.8789815789287,16.9878775166734,1.0610332809787,5.94569116222833,1258.23519083763,215.83543449745,1491.21097746215,369.933908647475,93.2179995021571,2756.37823490212,103932.281398995,16.8667012048462
0.0002829115578855,30.74099345882,0.931430774307763,16.7791394996695,16.8585771912032,1.05262069797822,5.95091117603565,1246.02682837431,216.968815443811,1476.1554792042,365.594306470339,92.3148598438616,2731.07183661799,104259.459710092,16.864399151618
0.00029506563000051,30.8069859383994,0.906625541176716,16.6002767396454,16.7625885342109,1.05323998177052,5.95299549955045,1237.53613825968,218.28761429095,1465.61343843411,362.261416470458,91.6880269763999,2713.61625041704,104368.045070895,16.8620545009841
0.000307884294486022,30.8146292007818,0.873587950123626,16.3501961755616,16.6948589329414,1.06194885728402,5.95236231327239,1232.25059437292,219.814373500809,1458.96216869113,359.79644810343,91.2985817232209,2702.96401136327,104396.962567762,16.8596673463714
0.000319934954499984,30.7845215837108,0.838559778696542,16.0410508253401,16.6474204785713,1.0765070614776,5.94980553867066,1229.21640296729,221.461779001308,1455.02942768755,357.950594096045,91.0757932619317,2697.06410964459,104152.857472893,16.8572383914341
0.000328528431787853,30.74808059642,0.808265405666695,15.675331210219,16.6322050756255,1.09429088152789,5.94510591702228,1228.63484797101,223.096752574209,1454.05369928961,356.843115265514,91.0403120963168,2696.27307367576,103499.549164783,16.8547683136064
0.000333682732899094,30.7338227793442,0.78376528921357,15.2536521110725,16.6653252804484,1.11250689344654,5.93785322900313,1230.98809640977,224.606062655122,1456.62179348833,356.688672578835,91.2345767242035,2701.56397902222,102738.49171645,16.8522569992912
0.000336549470129597,30.7434922801977,0.761779984842606,14.7843404355868,16.7424691100093,1.13087246700082,5.92832899951687,1235.65636218035,225.950792227936,1461.98718689044,357.308620552631,91.6119567324838,2711.62030377597,101958.132506109,16.8497046591395
0.000338921341528708,30.7600507109729,0.738724544322013,14.2847549297954,16.8493534124177,1.15188185624769,5.91690602026814,1241.64890184706,227.142665244388,1468.97674194165,358.362544197525,92.0957075109753,2724.37626682749,101289.646856765,16.847111368414
0.000343111760065023,30.7495115340653,0.710438619906643,13.7983180529916,16.9657637601024,1.17982903755944,5.90398267467625,1247.79388979328,228.214762224007,1476.278073954,359.435632688978,92.5980327277196,2737.46606876758,100832.927815559,16.844477204264
0.000348795699292923,30.6760905583295,0.678693264328703,13.3774012393202,17.074556337756,1.21841614843268,5.88985658344439,1253.21012879552,229.201373064629,1482.9632010687,360.200785510056,93.0552962615807,2749.16387937617,100440.664699433,16.8418028460597
0.00035483645213827,30.5380365118465,0.648056886278496,13.0309035663019,17.17469119541,1.26676597922838,5.87468374376466,1257.9398538502,230.108545945756,1489.09431181505,360.657390567396,93.470995575479,2759.56477701015,100081.310572755,16.8390887518249
0.000360141230914398,30.3618797225348,0.620036252455799,12.7347204438746,17.2742852278084,1.32098745481739,5.85861358216826,1262.4996649684,230.914729471521,1495.20541219072,360.980907895981,93.8815750131405,2769.65984403916,99595.2891468386,16.8363357532673
0.000363837611188522,30.2017250946976,0.594132184944926,12.4408734555184,17.3885363290789,1.37854437345188,5.84119557820363,1267.93212124955,231.588284291554,1502.39788112538,361.483127635609,94.3609427224155,2781.45434002607,98860.144883412,16.8335446861567
0.000366376686974477,30.114718995641,0.570527787187046,12.1021746497188,17.5281821142051,1.43946903965185,5.82183406998163,1275.02056586179,232.091081538869,1511.46548119735,362.37926441428,94.9631639893119,2796.40096667142,98129.3547961092,16.8307152949818
0.000368362056598976,30.1076016958607,0.549392084966449,11.7171808816312,17.6868577874233,1.50312969494109,5.8009864411814,1283.22750012091,232.390899670863,1521.74626779018,363.519137132572,95.6466476400509,2813.34787300704,97477.9676330805,16.8278477095946
0.000369958689439494,30.1521881814444,0.530246659745685,11.3086307777453,17.8556537254629,1.56861273435237,5.77929084634103,1291.80996052406,232.49503683541,1532.41314618164,364.701352870846,96.3574786466355,2830.82793598335,96808.993860951,16.8249426488206
0.000371023269406242,30.2038147840623,0.512463201658114,10.8955741648014,18.0352199398958,1.63592639938885,5.75669631801293,1300.75452695428,232.477328491798,1543.51998296466,365.924041126646,97.097879353583,2848.93588758253,96031.3576753395,16.8220009308312
0.000371982094636014,30.220562914749,0.496081227551353,10.4871522125513,18.2300009060816,1.7058589811325,5.7328169256353,1310.36485407594,232.424734351663,1555.4729819199,367.266212140449,97.8931774738742,2868.40122500418,95278.684386487,16.8190225218642
0.000373360314295964,30.1949137649005,0.481170637346787,10.0865532262487,18.4372029934865,1.77781961978442,5.70788622069088,1320.41225196718,232.336730476034,1568.00363367076,368.656870381221,98.7260391741996,2888.75166006853,94590.6333259703,16.8160076371458
0.000376927145589387,30.140694022312,0.467549299498541,9.69052230552854,18.6496430720903,1.85112515520522,5.68241056804535,1329.81154802508,232.062708462029,1579.79858917902,369.788861627105,99.5131081419753,2907.61655909801,94015.3837377095,16.812956402814
0.000385455931774686,30.0696446933858,0.454777811927817,9.28211628004749,18.8542905725792,1.92869723053164,5.65671819604041,1335.27858603107,231.104617943787,1586.90539158571,369.74706793544,100.004474093068,2917.82069330365,93595.379136186,16.8098689095837
0.000398044383592287,29.984560612548,0.442577015133674,8.83714862913793,19.0405976843537,2.01210862851042,5.63116393517858,1337.30646957192,229.5582469929,1589.86810269492,368.641900081513,100.235468074287,2920.39452280631,93249.3109915695,16.8067459071035
0.000414309004906263,29.8865244955806,0.43104162896541,8.35063967631013,19.2096715263363,2.09802888207506,5.60614965359804,1337.9628033878,227.743703668917,1591.13767581021,367.036742482579,100.361092131392,2919.81684943949,92945.2574504788,16.8035879761134
0.00043361550036365,29.7800581341172,0.420121217390942,7.83532489736507,19.3717771912023,2.18128470498756,5.58184489234781,1338.83681738173,225.877447126331,1592.62828837066,365.386483006013,100.501152838391,2919.5490337686,92453.1412734114,16.8003969475887
0.000455002744691768,29.6797019377845,0.409618768052499,7.30931277930515,19.5514251932754,2.25840237079479,5.55736110085135,1341.53709876482,224.095439910219,1596.32364826676,364.158398937349,100.778992903586,2923.07986703689,91553.1717119697,16.7971750506541
0.000480805061390651,29.6039736698192,0.399450473949201,6.78943324179295,19.7710923657043,2.32931687161288,5.53144163875022,1346.99149284326,222.426305472646,1603.40752193583,363.624055578122,101.266993822181,2932.42231547564,90582.5647084294,16.7939211263507
0.000514091050235735,29.5562362188131,0.38969253845912,6.28685302488343,20.0253182926751,2.39265157525293,5.50463393956067,1354.08209340952,220.734499825665,1612.5536429563,363.481978823433,101.879236744619,2945.18192363756,89675.8848787293,16.7906347082015
0.000557228849434642,29.5278834776575,0.380593710606009,5.80676551851834,20.2949409278203,2.44533849741669,5.47852548946135,1361.14345949237,218.867363180657,1621.73738470419,363.27599095204,102.486198489303,2957.7789012545,88921.8207777785,16.7873153075291
0.000610950053652064,29.5045335380874,0.372431335872031,5.35306658637881,20.5588267480388,2.48270401726952,5.45505686294353,1366.87734884194,216.716674524731,1629.37297170125,362.656135336136,102.985890643641,2967.42650043205,88397.8580686243,16.7839621775187
0.000672753188906348,29.4717180364134,0.365224922043393,4.93022761306094,20.8018159883021,2.49852844309145,5.43603904445732,1370.68392130149,214.235518990833,1634.72791079906,361.471788562552,103.329983215639,2972.84519022014,87986.103754243,16.7805765272308
0.000738239278571944,29.4243693971194,0.358904961808005,4.54083143948482,21.0225892510788,2.48832777585667,5.42220545966161,1372.98824291609,211.486224213767,1638.30580495219,359.846407173939,103.549139429401,2974.95638470294,87626.5002761233,16.7771593629982
0.000802574007752724,29.3662696942718,0.35339621193398,4.18502419772238,21.2282839081054,2.45042820613775,5.41337275964663,1374.62085645128,208.581436789529,1641.09299001628,358.007480413968,103.70570128741,2975.54963523615,87249.4270880062,16.7737119696341
0.000861875643355302,29.3077887094433,0.348650523598762,3.85944064418859,21.4303633754991,2.38600883321529,5.40868738870258,1376.43246670397,205.641642605045,1644.08483857363,356.184189366555,103.864034034439,2976.4464920928,86783.9137734734,16.7702358966645
0.000915468690614834,29.2612609428387,0.344682061359919,3.55844974763157,21.6386097151972,2.29881164147133,5.40703436747865,1378.96456336312,202.756231945855,1647.89446520073,354.521458379447,104.065238891596,2978.79704440633,86309.9223086634,16.766730811336
0.000964526582078568,29.2312315293475,0.341520188799491,3.27861141333517,21.8531159342247,2.1931930600515,5.40779048226398,1382.03548232595,199.924038235859,1652.28670667158,352.977376123134,104.295901247246,2982.21488111892,85869.6395099466,16.7631965505068
0.00101102707203966,29.2144664609187,0.339209052557182,3.02015461729857,22.0670088149979,2.07351686007271,5.41074814616424,1385.09629441946,197.091053006832,1656.60837158368,351.417901880993,104.51530426588,2985.5416389413,85522.8213754621,16.7596324618372
0.00105598829664144,29.2029937514488,0.337818272735685,2.79173824467563,22.2686129968427,1.94365715696044,5.4160558003794,1387.46702613237,194.186466657368,1660.06003569148,349.679330829341,104.673365991507,2987.34996487264,85338.7833219868,16.7560374358399
0.00109716966034477,29.1877945355088,0.337423795473527,2.60873351438646,22.4466219680877,1.80635626131516,5.42399538600041,1388.63824131374,191.158466079028,1662.04823981495,347.645727029842,104.733420470143,2986.58115604762,85240.2694043955,16.752412928292
0.0011320352792853,29.1647902028541,0.338125405352768,2.47689961417767,22.5986688528818,1.66414202253548,5.43434215812086,1388.75804027438,188.026108119106,1662.76029025522,345.36547185301,104.708418394326,2983.57019312996,85179.0914615686,16.7487602822682
0.00115975869164293,29.1345535616292,0.340094833036789,2.39044977452766,22.7273850199206,1.51977164227752,5.44654097336889,1388.25634489805,184.84247810976,1662.7109513463,342.953047131016,104.631893011524,2979.24243717941,85172.3433740618,16.7450796798493
0.00118136967181264,29.0983137416314,0.343577739386148,2.33900835685853,22.832901903797,1.37629421701753,5.46014877292501,1387.30088670903,181.636905931124,1662.09117458119,340.455817163624,104.516716075798,2973.95788755397,85260.1298353958,16.7413708077335
0.00119808266838952,29.0559152045363,0.348733997012997,2.312635936808,22.912449007312,1.23695136390317,5.47486989561883,1385.82321303635,178.413124832951,1660.80532363311,337.863307161592,104.357658298215,2967.57075413502,85398.5320984861,16.7376349561257
0.0012109567430388,29.0075214986934,0.355605220442025,2.30364294301049,22.9658698811106,1.10535128309447,5.49019335309712,1383.89344354428,175.184420819773,1658.93209074205,335.19669721564,104.160757226265,2960.23269415622,85557.9061588442,16.7338732635396
0.00122105696898087,28.9561030029917,0.364559968603194,2.31221942047305,22.9882847686294,0.984953007378879,5.50591722633427,1381.38726268542,171.959741704606,1656.32371644086,332.430903754304,103.917739889174,2951.70142609722,86011.8395078747,16.7300815502284
0.00122691747037124,28.9160396244537,0.376958938865557,2.36328104702322,22.9492490929742,0.876482991317161,5.52380287511668,1376.69562149206,168.662271087618,1651.05192640205,329.213876946708,103.507661654839,2938.65348092093,87183.461422916,16.726254699366
0.00122429576379054,28.9170262339716,0.394131362639929,2.5008072553503,22.8072705973313,0.776782815249565,5.54686806866369,1367.28143304133,165.160038922265,1640.08458717611,325.021616973195,102.740235841588,2915.86693711658,88684.9009098758,16.7224021548441
0.00121206734956536,28.9798768964073,0.416755620014133,2.73952274828631,22.5600561716783,0.685423454828834,5.57534352475381,1353.49869396842,161.536848824624,1623.87035107615,319.995516394155,101.645130203034,2884.18630140085,90252.4918635382,16.7185289126792
0.00116768390312373,29.1023175332835,0.45014380891095,3.08726992552529,22.2357031222095,0.601511269110194,5.60770509843605,1338.49077518185,158.093722936691,1606.19655537361,314.918415643032,100.46164914327,2850.29546142142,91881.2676680013,16.7146351642521
0.00105048268757864,29.2628510448778,0.518437748123165,3.66194367003415,21.8691421790968,0.513285273114314,5.64397443109767,1324.72472125414,155.048375686556,1590.01711803733,310.602595851437,99.3755345581411,2819.52639255827,93634.4363832409,16.7107205365468
0.000889240318202277,29.4340944181007,0.671100102547371,4.68521784337624,21.4874648455888,0.406922058286915,5.68538719509282,1311.86818431736,152.338470439831,1574.90976120243,307.410562404786,98.3608131332424,2791.39633640833,95412.1933667452,16.7067859620403
0.000246206528576258,29.6026525062225,1.10058975589731,6.22588928689731,21.1063929250783,0.278694025154141,5.73153571883358,1298.91190858181,149.83661375679,1559.64494154639,305.176290687167,97.3429155761763,2763.77726266584,97152.9438143369,16.7028318931892
2.08526092840681e-09,29.7682620006326,3.53551324158241,8.10726667158307,20.8574635612674,0.0892447216290772,5.77632057239402,1310.1114956348,150.136101385803,1573.32083768773,308.130671065786,98.139846846239,2787.22183713601,108802.291355784,16.6988690587149
5.80529157694761e-10,29.9072722941613,11.0230276852815,10.0623872183842,20.3085996376917,0.013723715528365,5.81665828055294,1304.24696717627,151.285194892945,1565.98479834637,304.505044350269,97.608133868616,2774.41262611545,112639.615695688,16.6948676267166
3.29676172862793e-11,30.004025327835,20.7030222179252,12.0367100074974,19.3315491724895,0.00399507328864561,5.87151887701221,1285.89276455074,156.75118758364,1542.77909839647,296.941660935631,96.0282359030774,2737.85504822733,116751.101179184,16.6908490518306
3.84327029371305e-13,30.0494423830512,29.3514808759476,13.8700998861559,18.1545987458225,0.00298614431894807,5.9400169163174,1266.2556994745,166.587764303939,1517.34045953179,290.4197576948,94.2622178941589,2702.05599803753,120692.557329169,16.6868143847722
2.01004767495578e-16,30.0552046254192,36.5872221933754,15.4490897353788,17.0028334601475,0.00215709528187945,6.00890714882088,1245.25011844037,177.62675026366,1490.05052237389,284.83576816719,92.3664000747184,2664.90866137997,122729.737538616,16.6827665061508
6.3050635732295e-21,30.0466424789291,42.6279340013866,16.6915649732253,16.063303378125,0.00134269057178266,6.06565797390759,1232.19699128293,187.867632741699,1472.51829899626,281.612799012356,91.0961622524742,2643.90687010331,121934.014667555,16.6787064791265
1.93048391540147e-25,30.0459190427151,47.7262493031167,17.6216755168463,15.3877778887888,0.000677377523703386,6.10686933199109,1232.20600440182,197.02977120584,1470.95077138936,281.531295837351,90.8456894403647,2649.09302649912,120515.982231525,16.6746304026466
-2.33445599648722e-25,30.0528259196251,52.2493076380093,18.3486309803107,14.8840214278558,0.000277174776828554,6.13811826030646,1241.06619288845,205.957667180885,1480.09968256548,283.45152697658,91.2739612318516,2672.21818740189,118941.349528824,16.6705379131728
-7.07977612820303e-25,30.0545212969788,56.4223153512443,18.9283693771275,14.4734848018028,9.14216782664057e-05,6.16409916691503,1253.45189493862,215.063600428166,1493.43829800693,286.065003633277,91.9643094658713,2702.55110027188,117491.840483147,16.666428912637
-6.77794761370343e-25,30.0266364309423,60.2828192921902,19.3666989625509,14.1108254695524,1.70658517374027e-05,6.18738749514716,1266.05633138106,224.008393948963,1506.99310448541,288.566714719651,92.6695763792034,2733.06854637795,116339.324455925,16.6623033843204
-4.95633219758722e-25,29.9472861439079,63.7461626697503,19.6547794090574,13.7744151816511,1.75911448595547e-06,6.20920858716779,1277.5092294249,232.165903870289,1519.18050330788,290.640860783482,93.2967840012241,2760.57213527239,115191.565879291,16.6581626007422
-3.63278918040831e-25,29.8231909957768,66.8445900876092,19.8100313011771,13.462471163319,2.39036351686687e-07,6.22967825952186,1288.43634740715,239.438440512385,1530.78456753433,292.464543585388,93.8956085711026,2786.31600643265,114025.762770465,16.6540072237398
-2.96954815653541e-25,29.6748843774924,69.7245208486032,19.8678507774956,13.1779053052438,4.76872811594832e-08,6.24861961460678,1299.94612118515,246.01903729406,1543.14157717505,294.392711297392,94.5468575237459,2812.76696171477,112544.637035427,16.6498389335564
-2.64323663988315e-25,29.5270164509243,72.584116484442,19.8620034384916,12.9322208232442,1.12736041870499e-08,6.26536148672525,1313.80345292161,252.122569336216,1558.37444812102,296.916958418534,95.3812648063916,2843.73686484322,110579.29155973,16.6456594394719
-2.41715786445981e-25,29.3980643511691,75.5990138941614,19.8263059420938,12.7291954061388,3.04316674748057e-09,6.2796868227114,1330.85452762643,257.90907942441,1577.49079357171,300.249420963863,96.4603951170335,2881.07170840261,108676.772852037,16.6414676589538
3.89847268004385e-05,29.2827778867767,78.5213701331327,20.0643378939048,12.3676928582524,0.00200012041724658,6.30518073243785,1319.87532546695,260.293858547931,1563.09760197477,297.994485129201,95.4663936966855,2859.39556014173,97779.3901533986,16.6372478217282
5.22733565004407e-05,29.1651243540271,72.6343449661321,20.3533544879773,12.1827664110326,0.0111128169028781,6.3345283418335,1312.83561606706,262.930642605483,1553.59250684438,303.202151791598,94.7981117416446,2850.04137841298,96326.4844899384,16.6330301635573
0.000119322508939652,29.0461445489819,57.0129893361139,20.4444629669851,12.3898190470128,0.025818165814626,6.35474910796523,1319.92941028799,265.884385534767,1561.40251904108,319.050800806047,95.2469784152436,2874.52937974931,94969.7043010203,16.6288013374259
0.000128832954252688,28.9236988619022,40.9567527326849,20.1948804634752,12.8695126732525,0.0499563068970312,6.35396812895263,1332.16234367765,268.334097775384,1575.70825043081,336.922710718392,96.1376316910861,2909.96274518021,93798.1886468457,16.6245612433182
0.000130866137330811,28.7958675932443,28.7521755794095,19.6765690191948,13.4577715361855,0.0785420379520611,6.33600926236937,1343.86003299016,270.04129399968,1589.56000393302,352.282043007192,97.0269415288776,2942.51946832968,92829.8357154636,16.6203099873109
0.000132170337816252,28.6607628495544,20.1782655934941,19.0319537919575,14.0375545721719,0.111641006692035,6.31009342280594,1352.76940810903,271.021245883318,1600.14685026999,364.27386153467,97.7287985479727,2967.30601498145,92146.6918233486,16.6160470453976
0.000134192637490968,28.5189039295968,14.2367479800218,18.3439531416367,14.5621193017998,0.149620962370617,6.28165027449509,1358.43016544285,271.36317057056,1606.86825403757,373.108917539932,98.1990562467281,2983.58931828882,91704.1763887193,16.6117728505522
0.000136883174286193,28.379081894028,10.0777142946403,17.6514393017706,15.0288707346577,0.192290724308444,6.25265353336571,1361.64151738964,271.203028295078,1610.67539850213,379.458427844587,98.4936920873669,2993.38167594249,91259.7629361808,16.6074899267737
0.000140544648276098,28.253274308219,7.11983584830749,16.9702954111463,15.4555142734523,0.239738692915142,6.22316817256154,1363.98733079585,270.725958898644,1613.47565520779,384.224968488734,98.7294937663646,3000.37653324549,90841.6307634216,16.6031986536564
0.000145979694582748,28.1449183387428,5.02055756059594,16.3059117174066,15.8520945371777,0.293303626832863,6.19302379678802,1366.1084469983,270.029985428904,1616.04368867832,387.946556578501,98.953168052154,3006.19143491301,90636.1960566364,16.5988976198633
0.000153797110382463,28.0507323348546,3.59647727848763,15.6727883070779,16.2096339407066,0.35477763814772,6.16275182665008,1367.16834267079,269.056980122641,1617.39277911818,390.594813916777,99.1017181050035,3009.19183094152,90817.5113579238,16.5945853548141
0.00016324626523882,27.968200513391,2.69510082508095,15.0999493805082,16.5134375811398,0.422890216315909,6.13360797533712,1366.01003703314,267.676477211303,1616.1673036987,391.980937259083,99.0891333386671,3006.99895903007,91157.0800425218,16.590264742997
0.000173559234097848,27.8971222123331,2.12932053136897,14.6028558866416,16.7641581125503,0.494415401643044,6.10639145604315,1362.82947202618,265.894923173087,1612.61340291902,392.302365170883,98.9300104572078,3000.11818797696,91545.1727533112,16.5859376438365
0.000184218608797822,27.8388978081511,1.75156696680083,14.1794945131939,16.9724932816796,0.566741406677186,6.08121514255252,1359.00259492313,263.91420714917,1608.357551798,392.068524912783,98.7253299006319,2991.59615350758,91892.4772759823,16.5816055201914
0.000194554315368251,27.8017812493811,1.48803177055842,13.828176925304,17.1540302580003,0.637373122470175,6.05780419075763,1356.13155373752,262.000043491052,1605.28037752558,391.818018666044,98.5925555426471,2984.9585326516,92118.9001995502,16.5772696225547
0.000204488717793948,27.7988662122606,1.30249467208076,13.5546435368522,17.3232973855298,0.704084513564363,6.03583333274131,1354.53790323644,260.232950939459,1603.73640106365,391.721179237636,98.5551537144201,2980.94993211113,92317.1321750327,16.5729296590325
0.000214165364536769,27.8333397345587,1.16729546544988,13.3582001783683,17.4844787855358,0.766540454321115,6.01516752061064,1353.49292888722,258.541990808641,1602.84263649711,391.630797181123,98.5588471304576,2978.03721197181,92521.5665821338,16.5685858511737
0.000223568049479856,27.8992825659708,1.06950140265818,13.2339181902092,17.6344645551843,0.825333550063864,5.9958579834903,1352.28889718674,256.880824324736,1601.75229654325,391.376788456842,98.5504021610485,2974.74124118052,92855.3546867086,16.564237742787
0.000231745566646117,27.9886514360376,1.0122835631525,13.1940075492759,17.7655938086341,0.877535756660536,5.97873385569636,1349.90120317076,255.266516039099,1599.23246947617,390.731431727516,98.4516137607087,2968.98752666279,93444.9155303917,16.5598849844075
0.000237802911108698,28.0955673834465,0.991836869207422,13.2657974456873,17.8742967862835,0.915289633356296,5.96519453221735,1345.91088190184,253.866535397321,1594.76493989039,389.692645719561,98.228199468332,2960.08799726902,94093.687544405,16.5555298509414
0.000242017706375297,28.2173293325987,0.99599415757262,13.4513000558207,17.9666453786217,0.936107866659095,5.95531356983571,1340.68344100901,252.76290540355,1588.78776393943,388.43036955766,97.9068422732948,2948.89929374351,94712.7214873919,16.5511736341129
0.000244996823263852,28.3555318110304,1.01440528534168,13.7300267919431,18.0481259770724,0.942839705484512,5.94832699858269,1335.42661453708,252.05412373792,1582.75042948169,387.282690605051,97.5779648827073,2937.99238767301,95412.1548168825,16.546816155089
0.000248195925821421,28.5230732716441,1.03648223427533,14.0770860077642,18.1117643298105,0.940149985712033,5.94379863325027,1330.54929448382,251.763605932455,1577.13782889607,386.310563947052,97.2714477829288,2928.19220101979,96316.4622488938,16.5424572898629
0.00025206665213592,28.7392058399041,1.0556648486875,14.4676416056151,18.1443934735545,0.933860130064755,5.94143526477228,1324.87959048904,251.704271148768,1570.54599586306,385.096044870319,96.8991612807608,2916.88340633132,97238.0651657985,16.5380988496483
0.00025586843102064,29.0061339251352,1.07358265073527,14.8828927998486,18.1474812010654,0.927295615008175,5.94060700852963,1318.28370101151,251.809198433727,1562.82043557315,383.561203829164,96.4515226512404,2903.72077622023,98105.8428400521,16.5337417752886
0.000259101534517646,29.3130968674363,1.0936855987265,15.3134989679089,18.1299393362607,0.919325776062383,5.94099238287785,1312.08207146058,252.229078324152,1555.52900304549,382.088280678042,96.0271641550254,2891.53956886947,99008.0704678801,16.5293861261435
0.000263242798905778,29.6520166625305,1.11327280875038,15.7460046899739,18.0913103838433,0.909192811049592,5.94269078149674,1306.02546227502,252.807993019165,1548.31236549956,380.59794680343,95.607083693572,2879.64729020417,100030.206251524,16.5250320810336
0.000269227852371495,30.020144470171,1.12783378178204,16.1554145368961,18.0231091215982,0.90083982787415,5.94550648231486,1297.90870960916,253.018783975945,1538.45270665727,378.409758803843,95.0265480692482,2862.98761830628,101033.419331152,16.5206808412969
0.000276776591189686,30.4115677368178,1.13578090113931,16.5269311939908,17.9273398486265,0.896887034469173,5.94893771539941,1287.70359926236,252.793845716198,1525.90698312791,375.493173405391,94.2835399580332,2841.4297773887,101967.495341948,16.5163331258614
0.00028451417580573,30.8076704701003,1.13751763904096,16.8545036817119,17.8189089969137,0.895838268890065,5.95247754639827,1276.94775320153,252.393915229936,1512.57994652632,372.328024774443,93.4945129640225,2818.43274032707,102563.967546502,16.5119903866797
0.000290155367923682,31.1530786428954,1.13919956663287,17.1177797597468,17.7288795086613,0.89444771101135,5.95506753041612,1267.96149901617,252.162732628928,1501.39719215894,369.678318069926,92.8392455106308,2799.25273059377,102622.044438626,16.5076537582621
0.000293640703851897,31.3842075569017,1.14678141745144,17.2969252237803,17.6837437256203,0.889670517514386,5.95587455065311,1262.40899932147,252.356740166435,1494.49899648318,368.13649948023,92.4496453472267,2787.73421742243,102509.463505791,16.5033224351405
0.00029589388839847,31.4995309954926,1.15788326142968,17.3994958001062,17.6792869254493,0.881147532374945,5.95523045668528,1259.67048841537,252.924267415223,1491.1429974809,367.551153543125,92.2796299737262,2782.57187451499,102332.194860263,16.4989965678014
0.000297234962068428,31.5330754382459,1.16229998229661,17.4364005034464,17.705192404483,0.871715706694594,5.95324899582345,1258.83423810493,253.702863893748,1490.1700548202,367.61278903678,92.2579903649228,2781.66508416009,101911.17051101,16.4946773870862
0.000297609305154696,31.523411298693,1.14758196290266,17.4061101679899,17.7661655792106,0.86618221739304,5.94889729555979,1260.26224315689,254.614866920384,1491.97727198176,368.351454042704,92.410248461313,2785.62615471105,101117.725923975,16.4903660599035
0.000297343949339022,31.5000512693181,1.11441313912879,17.3066360614107,17.8704559651611,0.868881807789595,5.94100671178317,1264.54468346815,255.634829794022,1497.27032250092,369.874622277741,92.7806318201984,2795.61919802625,100241.021682035,16.486062183743
0.000296299297980994,31.4700824472768,1.07268514225875,17.1481636803827,18.0128003155575,0.879500324800003,5.92985498668286,1271.07020125765,256.700280505365,1505.31351786309,371.991526419485,93.3234168795805,2810.31983460946,99373.9206791768,16.4817659573416
0.000295013794786054,31.4265909400136,1.02891851450657,16.9385926833319,18.180715328847,0.896714173836468,5.91630102335104,1278.74793522814,257.725047965566,1514.79377077452,374.395043991557,93.9569700739727,2827.40352997486,98668.9565034095,16.4774772150433
0.00029460165118192,31.3556673387521,0.984722515802379,16.6664860185008,18.3548868485088,0.920124432344588,5.90143908669182,1286.23106835406,258.571637027143,1524.08982872359,376.690992738801,94.5800555113389,2843.96755017621,98245.9809656293,16.4731957941027
0.000295067106414319,31.243550727656,0.939814931208859,16.3072677988541,18.5180422669608,0.949769444290805,5.88616837626694,1292.50283318909,259.102600063409,1531.97948536455,378.561312272818,95.1159508060854,2857.78429648516,97918.4597651917,16.4689230347484
0.000296067323457958,31.0907873449458,0.895837523903236,15.860668173127,18.6685533056373,0.985404076132777,5.87059835410912,1297.65968829259,259.319652107072,1538.58225425222,380.021647212448,95.5719476288746,2869.05112110053,97632.6309408404,16.4646597604485
0.000296681055445469,30.9102568225151,0.850454227196286,15.3505472321321,18.8188940514645,1.02540261483857,5.85428515836949,1302.63803804765,259.34282249331,1545.0237570253,381.346620431845,96.0183449649179,2879.80335807601,97013.974954286,16.4604085127412
0.000296065482071748,30.7245045482579,0.799718177460561,14.810587790683,19.000622890017,1.07102218137854,5.83529248251122,1309.66572636212,259.44643552911,1553.96754225171,383.159361067928,96.6220397686767,2894.84339300192,95816.6502215272,16.4561716358224
0.000294829124439179,30.5528752388418,0.749534128634943,14.275020381503,19.2370114739851,1.12630734043828,5.81171216046735,1320.35145533185,259.862278776616,1567.32604271543,385.888014161821,97.5032302185166,2917.64103588286,94660.1669899967,16.4519466854567
0.000293445575200943,30.392773160549,0.705637426894274,13.760961223872,19.5118429303215,1.18979135860933,5.78463967828934,1333.27674799646,260.461010265741,1583.39464298717,389.130689131632,98.5551862355253,2945.16118743447,93731.3752515376,16.4477327846148
0.000292392746963389,30.2298678987681,0.669204683520472,13.2652084825536,19.7961585932495,1.25854622506967,5.75612499344695,1346.21832838402,260.96591818403,1599.51089090522,392.271485843529,99.6113259382018,2972.60872267614,93076.9287765296,16.4435297359907
0.000292570980985553,30.0489834643785,0.640146371855243,12.7723386742091,20.0665558164367,1.33020284883129,5.72784789359465,1356.89256338007,261.002191682928,1612.92349388113,394.678460959774,100.500436843275,2994.97584282103,92698.127430082,16.4393376931935
0.000295275811680165,29.839777527224,0.616874968995332,12.2644664736187,20.3077765593282,1.40536269647562,5.70062158994733,1361.5515381577,259.876846399199,1619.12023280209,395.299925697339,100.941208328246,3003.97928506929,92483.0123204418,16.4351578651943
0.000299650181040632,29.6007135874376,0.597143308228257,11.7361598571194,20.5171288691705,1.48426633736893,5.67457134998537,1361.48898292941,257.796630297372,1619.62685201651,394.494548546003,101.028957897899,3002.42114459092,92385.5632812467,16.4309911251107
0.000305505695874152,29.3353566625755,0.579100113236126,11.1938712175383,20.7013318102833,1.56335804671777,5.64981603212437,1359.58780308883,255.265203030715,1617.89671272875,393.074424856825,100.978547540289,2996.63572568415,92306.3469331157,16.4268388237359
0.000313234437343275,29.0485319147001,0.560947484058195,10.645597352173,20.870801309123,1.64033857074769,5.62608461293163,1357.89984516022,252.63301731992,1616.42605736859,391.616226215735,100.944808982678,2991.16083575278,92160.302125918,16.4227022397609
0.000323269063504278,28.7422785221496,0.543075836615899,10.0969086430504,21.0314222473469,1.71584119350158,5.60294342250707,1357.25263971897,250.048746788178,1616.26063016108,390.346134503804,100.992211363805,2987.8652360422,92084.1692351777,16.4185808099526
0.000335955909925874,28.4132202783588,0.526425878018306,9.55365503178407,21.1774780015773,1.78885637878804,5.5808839195976,1357.21980659441,247.484171384461,1616.90043050997,389.151996711374,101.08898909324,2985.86125970808,92131.7238503842,16.4144745713619
0.000352399929864249,28.0581110828424,0.511564191752824,9.01899121192562,21.2962803696172,1.85756540262654,5.56093753525992,1356.50298459443,244.782120913704,1616.76802256499,387.686507655709,101.136020704185,2982.33737923867,92404.3868061261,16.4103832511021
0.000373888676488592,27.6856501154772,0.498260710371699,8.48720250187024,21.3707181991214,1.9201392119707,5.5443813477673,1353.91017589074,241.8410394174,1614.41851646023,385.626608578255,101.041728672456,2974.74439188231,92924.5879153758,16.4063073598539
0.000400566033754573,27.3212375162059,0.48601772675317,7.94540174522792,21.3925627633195,1.97423484391991,5.53203306625636,1349.30224174961,238.721034956345,1609.69000851612,382.933886079701,100.794198028061,2962.84325992322,93451.9304326511,16.4022494551895
0.000432268452357521,26.9851485166491,0.474637716454445,7.39051520722437,21.3739287226013,2.01844703209908,5.52342099951131,1343.88702543583,235.600526893925,1604.03167514044,379.947119761755,100.483422745547,2949.26458475253,93895.3846720965,16.3982107571894
0.000469513381564433,26.6831343893141,0.464076958898912,6.83279350754152,21.3315518403106,2.05095307970496,5.51787835016159,1339.34767221529,232.675986308218,1599.44242394821,377.140980358452,100.234959085875,2937.6181905154,94314.0328498833,16.3941913337228
0.000514768127482684,26.4165542332999,0.454203051343369,6.29079857743087,21.2705200568607,2.06940183263901,5.51548026011516,1335.92244065547,229.866350287269,1596.15735622801,374.584291333574,100.064308894072,2928.28923069555,94799.6360941788,16.390191093153
0.000570289926601985,26.1900923598325,0.444755633125488,5.78317077948195,21.1862718113725,2.07252986813824,5.51669481067898,1332.38409348783,226.841851205015,1592.64242554817,371.932295267107,99.8757786970223,2918.43387445312,95260.7081805673,16.3862111342111
0.000636367143733314,26.0054841868288,0.435680770263376,5.31769240967213,21.0799773278289,2.05965141033152,5.5215777743208,1328.66917906131,223.559348570147,1588.8086565532,369.165486250459,99.663088598735,2907.8746127096,95652.4776494023,16.3822522250689
0.000711171019344983,25.8594953334255,0.427127792452137,4.89298655190619,20.9615143639807,2.02877305506645,5.52986840508268,1325.45115052486,220.181817332959,1585.49345134058,366.477037138425,99.4769345484493,2898.15530328977,95851.5951594,16.3783155198472
0.000790547907541312,25.7443926508222,0.419474093827938,4.50034410268237,20.8481818587804,1.97861095261593,5.54077825321325,1323.67655005052,216.954547776182,1583.87087144434,364.137907429785,99.3889944371331,2891.45543921998,95808.3944304514,16.3744017542179
0.000872610431517884,25.6478485663455,0.413248414294009,4.12853261990669,20.7510089742167,1.90934938331686,5.55366764356285,1323.76087253066,214.048828973138,1584.46131197035,362.270603514372,99.4305137514573,2888.78590275186,95747.8011167768,16.3705101887781
0.000957330643873946,25.5603949801182,0.40869686020493,3.77394588428029,20.6619817237757,1.82254897991237,5.56878816346604,1324.32307379761,211.305883193444,1585.60457990738,360.50527733837,99.4967095674714,2887.17873591135,95741.0040883183,16.3666409032816
0.00104643411904511,25.4747617192458,0.40662842667552,3.44280213409623,20.5582960923846,1.72113752813083,5.58705734979888,1323.77316105672,208.488671891149,1585.38181133545,358.421345220837,99.4675966449283,2883.17324803511,96206.0380648505,16.3627921658918
0.00113808487637776,25.3757272758377,0.408463276045549,3.16244322652111,20.3969433300858,1.60452796409597,5.61111564148795,1319.57300453067,205.204187170047,1580.75687354271,355.392062429979,99.1536020864218,2871.28701490018,97379.5493139051,16.3589636215385
0.00122089461300807,25.2538258009414,0.413926160491623,2.97041231553987,20.1551430782086,1.46954844417218,5.64282807898451,1310.60644460339,201.211399263361,1570.43747780619,351.215534806596,98.4751730900774,2849.14430453871,98468.3137567047,16.3551600692532
0.00128448007427464,25.1278016930369,0.422408676643601,2.86830521040243,19.8695788399027,1.3208113701523,5.67942154969036,1300.14018692019,196.904613625378,1558.3761741906,346.794402026424,97.6821338840745,2823.82100601787,99212.0373941221,16.3513830040917
0.00132118064040098,25.0244970639156,0.433119602734418,2.82535018902265,19.5944808149243,1.16685449714457,5.71645734204754,1292.61581647429,192.912652727999,1549.89955993372,343.267343235625,97.1097567790762,2804.90739285572,99295.9985760992,16.3476338728921
0.00133820656130912,24.957718854154,0.445036592101245,2.79213817946796,19.3792661069722,1.01873947062552,5.74937621863246,1290.53907382477,189.616870231953,1548.00759064436,341.222109966993,96.9464141488466,2797.79571575102,98629.0099718214,16.3439134613629
0.00135014105451909,24.9194922256321,0.458195259097585,2.72469243101534,19.2391693409643,0.888547124638513,5.77547662324078,1293.34093977472,186.987119227149,1552.01379509807,340.433299085528,97.1490695771427,2801.2436340477,97879.3204284803,16.3402197177385
0.00136524747402608,24.8904250647228,0.472429856196416,2.61576008846632,19.1447789293846,0.780137898278617,5.79588181768473,1298.68762960674,184.745737659174,1559.10579579229,340.262315830439,97.5421493678984,2810.21569218749,97244.1283224851,16.3365522219552
0.00139099187213804,24.8593712989584,0.487855251662699,2.4921622653831,19.0502231408962,0.692226137048507,5.81345521968438,1303.75421194088,182.541393946063,1565.87310100122,339.981770030047,97.9131380971142,2818.62707282117,97335.4706902788,16.3329085458258
0.00142201672355778,24.8435992182448,0.505650988816606,2.43951842630177,18.8856565351691,0.620219019322258,5.83295233111489,1304.13170316445,179.870220596123,1566.97148833451,338.48559863184,97.9290381579071,2817.0114608923,98646.2255494002,16.3292871881035
0.00143995951472693,24.8868604585634,0.526891390562073,2.57255165747691,18.6002317988537,0.557598766425716,5.85829619224605,1295.80054926058,176.281638721934,1557.5131515866,334.804111480861,97.2863852955349,2796.75453791973,100204.483913434,16.325693498484
0.00143681447339583,25.0087979849583,0.551277570738515,2.91056154379095,18.2209346735435,0.502666570373627,5.88815412521477,1281.3162839788,172.085838600299,1540.56903487958,329.63073469411,96.1788311989947,2763.364759598,101669.440283651,16.3221293921489
0.00137323587278014,25.1928778336339,0.588312685223247,3.42226003918905,17.8115914948778,0.452578378783308,5.91928071834435,1266.113493629,167.946754230188,1522.70833880241,324.419004067349,95.0170119393648,2728.58048708456,102583.86645249,16.3185964979499
0.00119912717400067,25.3999471252579,0.673909061426911,4.17629888631004,17.4524898121559,0.396971866383415,5.9490644822167,1253.98517783973,164.417008584214,1508.51954348025,320.444862331902,94.0857934098939,2700.81974253933,102687.031817071,16.3150956632695
0.000982662600125998,25.5920435074451,0.859272342696938,5.31412819983601,17.1939048865908,0.328431429452388,5.97649028146068,1246.96481853603,161.900956667957,1500.45133851548,318.633205457577,93.5368410533748,2684.80993291035,102658.908037099,16.3116252493179
0.000215633427627006,25.7600911397937,1.32122596263176,6.83176903199153,17.0236865067792,0.243969495149265,6.00231433005466,1243.28163380475,160.206205288736,1496.36124814405,318.442347535083,93.2395664621368,2676.70447405142,102686.112546338,16.3081851311058
3.6576380410716e-10,25.9313971712003,3.70446831084065,8.57143479342142,17.1538899615923,0.0778954503117797,6.0203481637861,1277.62232731501,163.157946966463,1537.97903407002,327.435099570113,95.7972025749955,2749.89143540823,112712.647842078,16.3047839640996
4.86504526012084e-11,26.0657866613152,10.7046166199211,10.4402342631605,16.9777829656884,0.00888978517542903,6.03767968053255,1295.48542489458,165.475182484754,1559.30629147949,329.879399337665,97.0841488003341,2786.87796767501,114794.792116551,16.3014002743431
1.24922650822034e-12,26.1538085457015,19.4476382469961,12.5227016382084,16.3604668223737,0.0017108866697878,6.07102934983956,1286.05182704732,167.508763104168,1547.06505297402,324.766614156052,96.2538219538553,2766.4740842464,117045.03091362,16.2980487696524
4.78374017418282e-15,26.2068502775639,27.1957772651243,14.6969274860496,15.5649145448844,0.00136337099768731,6.11646570697957,1267.6589889482,171.044525014298,1523.40047279507,318.761749504312,94.6899737316519,2728.98265752767,119132.629950498,16.294730658302
-1.18780771957121e-17,26.2374977651391,33.8548700654359,16.7910671315178,14.7781306903578,0.00105023741153389,6.16287615478432,1250.4065481291,176.080554431832,1500.75067438478,314.103060849124,93.1787885843678,2695.24174800814,120246.393608056,16.2914476289461
-9.2707957412355e-19,26.2470912079321,39.5752645779684,18.5708385974732,14.1005820707451,0.000688259441275858,6.20320312782422,1240.40038657457,182.102617480233,1486.81970316941,311.639464493219,92.2127399150037,2677.34369121187,119994.950202231,16.2882004404435
-5.62167692151996e-19,26.2302509862467,44.3653476823814,19.8883429491393,13.5483383505599,0.000374024358920635,6.23622072389326,1238.79509756969,188.68909527987,1483.2097349705,311.317497292654,91.8969978949407,2677.34533152627,119513.962913703,16.2849873672636
-3.1186611479597e-19,26.1865116409288,48.484840073824,20.8412657921968,13.071668181457,0.000168722939439831,6.26485453488067,1241.85166526073,195.761205332301,1485.3357232666,312.043408650711,91.9425965868948,2687.3330548956,119045.931986697,16.2818083587012
-2.27918128484686e-19,26.1282966300774,52.2126159305892,21.5547147852456,12.6304155001163,5.46899990964788e-05,6.29146876295927,1245.90518978294,203.196573712156,1488.66714929096,312.826243815905,92.0635506482549,2699.52968684258,118733.734195655,16.2786635661812
-2.06593944542012e-19,26.1020721223157,55.6956240622078,22.0790627919587,12.2040537284853,8.56550301482786e-06,6.31727920359991,1249.05998805094,210.506006790894,1490.93133734714,313.200622073079,92.117381205849,2709.69008018201,118614.685272478,16.2755533396252
-1.92857368936924e-19,26.1595133094463,58.9604086352027,22.4140819372163,11.7873668994153,8.86370765233101e-07,6.34264421368382,1250.97176970753,217.112160599223,1491.80177317101,313.122405913301,92.0846830069159,2716.78471704306,118456.438554235,16.2724785516434
-1.73547651007751e-19,26.2945955360995,62.0132507277421,22.5717581583871,11.3857952417907,1.26700507843781e-07,6.36727059512517,1252.52342034221,223.052237845633,1492.36199500022,312.876206104692,92.0328757468992,2722.71202693193,118222.796473529,16.2694397068228
-1.51542511426733e-19,26.4698564632887,64.9014842947368,22.58518954268,11.0093927133131,2.27834304225904e-08,6.39056360744076,1255.11477613945,228.612779323542,1494.26083081195,312.901704138725,92.0649042355587,2730.57983345734,117429.403669499,16.2664381700373
-1.31236749283367e-19,26.6344282983493,67.7304214385528,22.5091489224599,10.6797519699404,4.36375727097702e-09,6.4112965509141,1261.41318391894,234.035607373202,1500.62565192842,313.919943742716,92.378432228978,2746.00021758256,115782.879046825,16.2634751155672
-1.14348547388627e-19,26.7523785075792,70.6271372432862,22.4102455262446,10.4074858782677,8.81984323874104e-10,6.42887718629597,1272.89402780514,239.456376549279,1513.14309578977,316.296052064595,93.0807032538893,2772.01776194923,114003.9847576,16.2605497401666
5.09872588709778e-05,26.8566746913498,73.2091681774155,22.6457557346629,10.0122829733652,0.0023190391156401,6.45526797355595,1254.08632280763,241.350240878394,1489.27005148046,311.865931793717,91.5294370006702,2733.75273169011,103053.887770138,16.2576533674351
7.35542123282734e-05,26.9516887237476,67.0438456148532,22.906142987466,9.81492033299375,0.0134799587313228,6.48348557895551,1240.97209841299,243.712562260657,1472.40596806844,315.179420910621,90.4349841125999,2711.48521924261,101539.95652135,16.2548030361467
0.000161097119052357,27.0251883652591,52.0430232657175,22.8962934070032,9.99351192825987,0.0318807279107338,6.50155109238147,1246.00692257409,247.037304420298,1477.71160980066,329.483208849676,90.7515913034246,2731.40284369796,100373.470926926,16.2519903293035
0.000175380865391591,27.076001715169,37.425142528933,22.492758713108,10.4020648216541,0.0598296662335426,6.49979896802568,1257.45554415055,250.188587750595,1491.02853285441,345.44141568875,91.5941750041796,2764.68919415747,99378.5411109885,16.249215965653
0.000179171792799041,27.1069723178814,26.7380920149929,21.8070640191599,10.8792052944283,0.0912843540504579,6.4837136864039,1268.95537181694,252.7607400597,1504.56051814444,359.171747651106,92.4691671144052,2796.465744829,98494.9383749381,16.2464804577685
0.000180557391074747,27.1247383975021,19.444082309757,20.9960410013454,11.3315334718125,0.125013876583789,6.46181033407881,1278.8818835301,254.808297790027,1516.25215772791,370.292826808706,93.2408982264192,2823.35108902988,97852.5953569687,16.243783736037
0.000182112333489127,27.1392805988915,14.4631881646534,20.1349516644314,11.7296127931641,0.16050747117898,6.43854728905905,1286.79349389264,256.453399626441,1525.52472935234,378.925419005726,93.8689565236557,2844.6200201222,97570.6582884838,16.2411257026107
0.000184702179606917,27.1585565666243,10.9540237593368,19.2405787438316,12.0705378407643,0.197409262042899,6.41566640849988,1292.24913342166,257.735953796212,1531.83116298143,385.261186205725,94.3172070831379,2859.56094875513,97568.3540166088,16.238506948395
0.000189277336566264,27.1754800248458,8.38820799878506,18.3129956251071,12.3572275974174,0.235823111505825,6.39380248837493,1294.93317644289,258.61063695382,1534.78508026925,389.588203536018,94.560660204803,2867.70520207159,97952.1970127944,16.2359275715189
0.000195992698252494,27.1689597479222,6.46382045160037,17.3560711120348,12.5895145370047,0.27573729778711,6.37344900741687,1294.55598282617,258.970608673008,1534.04108466575,392.136382066315,94.5769226850945,2868.56184551026,98447.3823522516,16.2333888796235
0.00020415161878165,27.1169696744782,4.99390678076375,16.3986606309724,12.7787637033276,0.316898976223572,6.35446996381057,1292.26547088165,258.808880281677,1531.0335957742,393.460096653284,94.4525924974659,2864.69034942436,98640.0777995042,16.2308924510904
0.000214465578113744,27.0106229382757,3.85771731848588,15.4814273735541,12.9434622526362,0.360505281334782,6.33607202955929,1290.00369830374,258.271298034014,1528.17458288781,394.265717187635,94.3338682602869,2860.38651334031,98832.5183295695,16.2284377754875
0.000227662854116604,26.8550248695746,2.99013414538417,14.6150138516868,13.0849804822237,0.40809665224521,6.31812136338808,1288.0034105947,257.456390018369,1525.74730960605,394.682807597034,94.236831000141,2856.24635017018,99130.8736696562,16.226024908872
0.000243492429196228,26.6615541362556,2.35651512358642,13.8014413730063,13.1978550112945,0.46026295764007,6.30090208805933,1285.59007378458,256.386329498329,1522.91147022621,394.554421164749,94.1099567069506,2850.88249230444,99484.639065511,16.2236543549028
0.000259770456185137,26.4507582698524,1.93841974239705,13.0879122371452,13.2847242945957,0.513977004925546,6.28484825931905,1282.3719264554,255.107581702294,1519.21141591243,393.870179074883,93.9267636289164,2843.59517207242,99807.9321019713,16.2213266873593
0.000274652147719544,26.2472515755992,1.6879780864845,12.5512858994256,13.3571324820085,0.56258437724943,6.27053441944265,1278.5593537103,253.734844626028,1514.95054003648,392.882527021263,93.7079354013583,2835.07186260677,100113.213979779,16.2190422177534
0.000288440926413414,26.0580203976613,1.53033126046001,12.2029437383101,13.4225723636031,0.603227483471085,6.25810435405263,1274.41752661069,252.330080649552,1510.45134155551,391.781231244148,93.4737962753972,2825.98082676434,100395.593730916,16.2168012891952
0.000301806327493451,25.8746369346182,1.43223346852722,12.013757227227,13.4788704734522,0.636971022942126,6.24749435747673,1269.77459804407,250.899229000967,1505.45693586494,390.511377909854,93.2074750424966,2815.91788910821,100959.273532685,16.2146035987576
0.000313470726238656,25.6775148932292,1.41223819109208,11.9954693163044,13.5117950987667,0.660082414997855,6.23997477122143,1263.14927288376,249.410843559713,1498.06280253132,388.63283064017,92.7892842012513,2801.65966540613,102103.384888505,16.2124490014298
0.000321469090107378,25.4461769137167,1.48576263110498,12.2015112927796,13.5100409371894,0.66314454624223,6.23760567744877,1252.96466729155,247.855777154546,1486.22765173459,385.756314633827,92.0914620391,2779.82778933802,103411.272356455,16.2103388033212
0.000326299497779369,25.1780044569634,1.64613566643182,12.6319135057032,13.4782105826511,0.645663218574425,6.24027958733944,1239.89540013909,246.319862550411,1470.74214124225,382.164795927817,91.1634583187249,2751.91973058613,104752.229606504,16.2082736006945
0.000330019573746,24.8800505855814,1.89275286438476,13.2284597593141,13.4192272973639,0.614354777152019,6.24679091262468,1224.9154933107,244.820427255107,1452.83443933262,378.157298120877,90.0818856905143,2720.03462573374,106330.266931542,16.2062534250056
0.000335383904646309,24.5581867330501,2.22064818746336,13.8762989050842,13.3208374759748,0.577544888918353,6.25640467952049,1207.81724144669,243.197196345924,1432.27958689104,373.583355166505,88.8314656880509,2683.5896315836,108279.167210684,16.2042785009537
0.000342888979463069,24.2184359556687,2.61813376670035,14.4471595500517,13.1712077322821,0.541659418888499,6.26862942580795,1188.45611018698,241.311105603226,1408.8820143476,368.276849801302,87.3981327972095,2642.08337829323,110280.855044025,16.2023495746109
0.000352274826925955,23.868429856692,3.09774381265949,14.915507037795,12.9785612501591,0.508444075641331,6.28272142749262,1167.81011185231,239.292384136126,1383.81242948755,362.49971062554,85.8548616460456,2597.62532343469,112246.823106909,16.2004670000337
0.000367173468177757,23.5240571333739,3.69217706332493,15.3053897152728,12.7416177260756,0.478631076559625,6.29865291036835,1146.21119416843,238.880654595369,1357.21706759381,356.234749998869,84.1975991828751,2551.88670504061,114936.91694174,16.1986304318923
0.00039335933611813,23.2441947684552,4.40616617249294,15.5671259482054,12.4221119417651,0.453290775109726,6.31826150398755,1121.87815034036,244.349024516756,1326.27994689245,348.558857523238,82.2117093490036,2503.44980918966,118798.762009492,16.1968400720555
0.000431407145823574,23.1090777663189,5.1176903357315,15.5871905413153,11.9960114125223,0.433168048984029,6.34264515013722,1092.96583431564,254.543287360458,1289.09055237069,338.942982875118,79.7857872578121,2447.92531352068,122725.428753816,16.1950970823555
0.000481028712246903,23.1178541784265,5.67937101536122,15.3563033538009,11.4992705281341,0.41777491638619,6.36998481388945,1060.85268972547,262.403056654981,1248.58370364467,328.415266096405,77.1674222894312,2384.53889829831,126449.939951953,16.1934017694829
0.000534679442553346,23.2033520803869,6.05149173026638,14.955694028078,10.990144959617,0.402941936063433,6.39794765495347,1029.76724735411,266.030712495477,1210.16788048111,318.561747388713,74.7170077574528,2321.1911287663,128927.859798752,16.1917546697228
0.000580576008617181,23.2470548796451,6.34543953222384,14.5146187596189,10.5387419918217,0.384722191505185,6.42369558190193,1005.80011365724,267.78014856823,1180.76365551222,311.274051142666,72.85592434333,2271.96828815129,129766.3622493,16.1901559862846
0.000617260495316336,23.1596339694978,6.70333747767109,14.1268461198891,10.1736557413325,0.363044625361116,6.44591749459315,991.01283052795,269.642228043743,1162.48178622952,307.153173055371,71.7035419055224,2242.28019428432,130192.31500411,16.1886054430816
0.000646320513944479,22.9722586715585,7.10786586641081,13.7664546418741,9.86967862708894,0.340852871963488,6.46547279595949,982.068377567717,271.897619446833,1151.20850528739,305.105178051317,70.9953498408065,2225.23130462896,130370.863099092,16.1871032195737
0.000662306836407549,22.7490913839511,7.44760037775462,13.3787012640483,9.62038007679493,0.320247730882999,6.48233448933705,977.436355622373,274.397078211992,1145.11603004079,304.624238479773,70.6148478359064,2217.50567136858,129486.432002625,16.1856498236475
0.000659007195306222,22.5572588301246,7.58609942702718,12.9132996479771,9.4565292263422,0.30193813580903,6.4947997474947,979.241031003202,277.351939204195,1146.72827327178,306.371305301788,70.7192650416107,2223.66832355237,127083.211059471,16.1842456621067
0.00064071235824462,22.4396518901759,7.48529075786803,12.360408445057,9.3992538701826,0.28704696877197,6.50159094436918,988.927046818,281.024085612832,1157.73515930302,310.786771410334,71.413058843977,2246.88077064833,124123.130031393,16.1828907046122
0.000611033127835231,22.3841022901761,7.24494655030601,11.7757405527608,9.43542783426853,0.275391830811349,6.50332393685678,1005.02759102709,285.33766404249,1176.39711679543,317.390933706891,72.5864578591607,2284.031070315,120863.163356872,16.1815851363916
0.000572321879199908,22.3625112971114,6.96213220922439,11.2168165137568,9.55175197707003,0.266180787656426,6.50072054065658,1026.10789831277,290.146610393336,1201.02695154625,325.721088049305,74.1340252486306,2332.0400221677,117314.150595439,16.1803292350523
0.000529177027612873,22.333520770954,6.68884814705559,10.7234310172182,9.7406871194697,0.259170237502539,6.49414421133002,1050.85477870731,295.233225002268,1230.06738464162,335.355332709262,75.9597158948407,2388.01598693349,113775.502345211,16.1791231459408
0.000486916448586528,22.2583607258986,6.43915169019865,10.3083897790813,9.98845440257576,0.254547343971403,6.48420268234253,1077.587867941,300.313954778362,1261.51027377131,345.742037414541,77.9395758374486,2448.23316857632,110628.035574236,16.1779669006534
0.000448472961648598,22.1358039772116,6.19872660165446,9.95384930624601,10.2752275570345,0.25242375520355,6.47180935497687,1104.40125255936,305.048854295271,1293.09226196233,356.241462870628,79.9327024958266,2508.45611679136,107909.643123373,16.1768606424825
0.000415997696456276,21.9828127844646,5.93985769366985,9.64061869414873,10.5830887756261,0.253061239705173,6.45776363799566,1129.87752984362,309.161736479123,1323.14567417431,366.360963993803,81.834503398657,2565.52151677258,105749.443053472,16.175804427499
0.000390577109609598,21.8250775299267,5.62180710473579,9.36484029685558,10.894157265806,0.256815107857207,6.44283984255393,1152.80970492211,312.354755960746,1350.27616162248,375.664266075885,83.5564861561062,2616.7023220506,104129.58505963,16.1747983880022
0.000371013288229662,21.6893396253069,5.2144027141566,9.1315980274434,11.1967928703551,0.263793136563946,6.4275303830268,1172.75540713391,314.457793682369,1374.00120244067,383.953466322608,85.0666882835226,2660.95665139448,102731.995409599,16.1738429075334
0.000356060123030289,21.5826083721712,4.73923742462628,8.93821681473099,11.4913401715512,0.27371193909727,6.41181182017236,1190.47981233627,315.667562326434,1395.2251835015,391.428613832288,86.4207001193941,2699.99127229736,101475.965907834,16.1729382282785
0.000344386431894941,21.4996419650709,4.24263166925641,8.77415449915487,11.7817821202413,0.285841308030398,6.39556712806563,1206.93854505718,316.286000194811,1415.05265212928,398.364157972602,87.6870981821405,2735.97148156223,100239.181889712,16.1720846287751
0.00033496573839961,21.4355784915054,3.76029989135135,8.61940909298092,12.0741675190466,0.299587927477154,6.37856906335927,1223.08402526552,316.570091572641,1434.59062081755,405.042983079052,88.9341161294533,2771.03341194812,98935.8341010707,16.1712823646267
0.00032783877758491,21.388476428612,3.31277340369069,8.45239688983071,12.3727895106095,0.315041689371564,6.36057435096534,1239.51447353637,316.663223695588,1454.53841525254,411.634889643816,90.2042962856666,2806.5038419466,97710.8598827985,16.1705314881294
0.000322871930185674,21.3574787011146,2.91395758143654,8.26845556774207,12.6752218748258,0.332291556510433,6.34167180010362,1256.00575881248,316.557437773017,1474.62509096738,418.046560958951,91.4804456571729,2841.89299085053,96591.1027668495,16.1698321315575
0.000319743326872227,21.3407988612773,2.56698920365742,8.07245529119212,12.978472839577,0.35127699926054,6.32202024000575,1272.21731359548,316.217304170139,1494.44508253076,424.159706705173,92.7375466891259,2876.45978088935,95518.187260873,16.1691845017601
0.000318659013005888,21.3290484708349,2.26514501569675,7.86744053627319,13.2820135498308,0.372279221755591,6.30162087470797,1288.07658416804,315.624503831989,1513.91580585824,429.951455730586,93.9709598913247,2910.0437319717,94524.129024486,16.1685887207427
0.000320286798406375,21.3051687721035,2.00254847298528,7.65355690970193,13.5827643955814,0.395925706510121,6.28055349488831,1303.32935397298,314.702458238286,1532.74044413622,435.335949871598,95.1625504416039,2942.06135885467,93737.3040089471,16.1680448117325
0.000324922453955768,21.2583759590728,1.77781391056293,7.43253231326349,13.8727988673515,0.422241185627913,6.25924526271735,1317.30710490341,313.321754467763,1550.12348471017,440.092175603839,96.2624648333798,2971.0196218584,93173.1925279447,16.167552906616
0.000332816752288055,21.1888460711946,1.58694161297223,7.20472310177164,14.1445635475237,0.450837950624795,6.23819270802596,1329.45909623083,311.405432113955,1565.40648151615,444.045982213128,97.2292184708535,2995.7123683082,92784.5912977873,16.1671132091159
0.000344597772243465,21.1124261736916,1.42256719737527,6.95923312591186,14.3936087079622,0.481684978624386,6.2176870068893,1339.61729151028,308.980812468957,1578.39583293335,447.152130209653,98.051084945506,3015.82187545521,92533.255381487,16.1667259182105
0.00036094894514547,21.0539245422734,1.28048417855233,6.67720951185871,14.6166629296456,0.515142832863263,6.19788691624263,1347.76752872904,306.123485135116,1589.0894430101,449.411322783862,98.7288810000067,3031.39353287433,92454.6238145972,16.1663911776497
0.000384187904428448,21.0216277887645,1.15981195552544,6.35452702045157,14.8086670954155,0.551202898659939,6.17911052044694,1352.39828408354,302.562399696541,1595.69717150599,450.337799082371,99.1508603874038,3039.0847063635,92558.3994335468,16.1661091602876
0.000416076873550578,21.0048214443901,1.05638744454549,6.00082486078333,14.9622870709055,0.591459136293922,6.16158709661309,1350.81513558554,297.754643881662,1595.00715900155,449.056571180084,99.1154790029033,3032.86573160665,92798.9441976841,16.1658800689214
0.000454341137496877,20.9764405448353,0.968670919068898,5.63254217249305,15.079539821848,0.633094606580128,6.14567302094223,1345.95447258589,292.288144947722,1590.45066998351,446.525193710585,98.8347103925447,3019.23824214433,92962.4855056082,16.1657041358623
0.000496753946706533,20.909227767121,0.897601595188978,5.2674595843816,15.1763142850376,0.669887494906655,6.13150059444892,1341.76081920124,286.871910637603,1586.65123989626,444.046856105275,98.5949592190612,3006.89989755386,92920.8825774744,16.1655814789111
0.000541709771625732,20.806336715619,0.842538305233659,4.91799334058812,15.2712091080737,0.696426718846933,6.11895239337483,1340.46391975327,281.908728468234,1586.24307622074,442.38199908498,98.5593555383172,3000.80274902207,92658.7771745569,16.1655121440791
0.000588205234142084,20.6896864260137,0.801698052310257,4.59049637673572,15.3760770567152,0.709869356361467,6.10788905638695,1341.92866703484,277.393204450009,1589.08823148008,441.522835117228,98.7187898517652,3000.70419899558,92212.4669052742,16.1654961611982
0.000635272816526186,20.5707922748363,0.773277839855423,4.28721107463664,15.4921542325313,0.709861298904814,6.09836466351538,1344.98988364383,273.145526690794,1593.8275499484,441.118513156613,98.9881611923037,3004.08321003802,91788.1259556848,16.1655335757316
0.00068286565409265,20.4385967720393,0.755388316377992,4.00879117052907,15.608402501789,0.696768969502231,6.09096677557957,1348.12348002122,268.917675947225,1598.65578133619,440.693585013809,99.2546166062588,3007.59654549613,91540.8208691498,16.1656245066338
0.000730810020378778,20.2774959925564,0.746291262584505,3.75502306593788,15.7084749773173,0.67206886193861,6.08637809110138,1349.93035985045,264.471998156249,1601.89687602489,439.798919046842,99.4138183595896,3008.14242005894,91494.617079275,16.1657691053439
0.000780860970646623,20.0805383805837,0.744865120429205,3.52766325571208,15.7741931754383,0.638750500507064,6.08514324114939,1349.35528851316,259.630485196254,1602.28133861035,438.089312359454,99.3872236467407,3003.37374158064,91939.7868188965,16.1659676437478
0.000835864498635658,19.8575603355787,0.750705683126771,3.34119495264059,15.7756051930615,0.599719085690652,6.08844800627616,1344.51366181355,254.071713740585,1597.57713651005,434.967971525398,99.0365128537978,2989.14141996645,93171.6417478538,16.1662204733728
0.00089162998744574,19.6362780862545,0.763841755500937,3.21801048730701,15.6866010499997,0.555944931442521,6.09755454751523,1333.94638139208,247.539364102474,1586.091515598,430.008579357032,98.2573370377181,2962.28331480592,94694.9059722311,16.1665275113135
0.000942932407160009,19.4361493066298,0.784325142589401,3.16083366856767,15.5151787841472,0.509216495937606,6.11177882968109,1319.36576611574,240.334284513223,1569.8898277927,423.802263566617,97.1799421537809,2926.64299055491,96291.7527733954,16.166888680835
0.000979584087440923,19.2609363808906,0.812887321383704,3.15301326184947,15.2919115218207,0.461011915630208,6.12925003918937,1304.59404239829,233.145251622003,1553.51433024377,417.593514069221,96.0885661954614,2890.70072225826,97557.4871793997,16.1673037988441
0.000990898077431427,19.1217837352832,0.852332268777532,3.16292928324371,15.0643256537396,0.411998950388011,6.14731447708926,1294.76811095921,226.911108719644,1543.05964747405,413.035172052127,95.3634130408901,2865.84102686678,98096.3582085301,16.1677726589076
0.000986933344990737,19.0379608755786,0.903459696591017,3.16008321729748,14.8694879113229,0.365423722324042,6.16354262870796,1291.27869952449,221.92953054622,1540.15740969157,410.582719977155,95.1073360114385,2855.16683491059,98399.9604687283,16.1682954997572
0.000981658502195485,19.008894429156,0.960340293422466,3.13910768482968,14.7039355928585,0.326125092019259,6.17740391091892,1289.9002759096,217.498883671181,1539.75605651586,408.88949963635,95.0081365373895,2849.34021952024,98639.4538509926,16.168872439521
0.000980197699213538,19.0188473797854,1.01634303041672,3.11855321935149,14.5449845246849,0.29647657105458,6.18970175444841,1286.96248698723,212.989202604706,1537.4722942041,406.768265247396,94.7945589616428,2840.22827917973,99285.7785900078,16.1695038217487
0.000976529967164674,19.0418092682244,1.0778408422895,3.15949618023757,14.3566469472952,0.273308387542298,6.20283721135358,1279.7905419935,207.946019799692,1530.07077449537,403.396955214472,94.2673989298582,2821.89518141946,100706.624115715,16.1701899512736
0.000961901367072263,19.0539659144541,1.15911575346554,3.33791541062687,14.1153976227525,0.251320340215772,6.21897709766334,1267.08888999805,202.142669994051,1515.92914816085,398.454502815599,93.328998976536,2791.45639818767,102167.970973664,16.1709303520946
0.000934682672777437,19.0563760229954,1.26541034691234,3.65586560832563,13.8402062837707,0.230238498004174,6.23717268093957,1251.22111463187,195.947072955285,1497.85830667091,392.708930705316,92.154744172974,2754.11302595775,103416.689546123,16.1717248542653
0.000879694623520706,19.0693541809788,1.4289341423482,4.0986939565329,13.5570488712707,0.210267949924198,6.25594309590577,1234.62199710554,189.806143562063,1478.79140909356,386.927671914106,90.9260561103885,2715.29403907497,104846.542197435,16.172573703999
0.000776382837960118,19.1338936247163,1.81869331674372,4.77864254791599,13.2699919388265,0.18501706082607,6.27629131898456,1216.89852716636,183.91945776148,1458.21200614851,381.192718758136,89.6124295570445,2674.41055918985,106847.628279044,16.1734771203416
0.000657106064583894,19.2934638494377,2.79154123174106,5.86647868767131,12.9711490076548,0.153735049761619,6.29914859565849,1196.68273523935,178.402122847793,1434.3840773011,375.297478856911,88.1102812343838,2628.74092070902,108894.054524196,16.1744347597126
8.78618543821085e-05,19.5452434810486,4.98712253092556,7.3242998261072,12.6687819749726,0.120968532000857,6.32210083669073,1174.69450927476,173.372126085003,1408.16188183247,368.952465049254,86.474617296589,2579.55939653025,110847.586516737,16.1754465277598
1.26927811504746e-11,19.890660039296,11.1354487919008,8.90034414472061,12.5150572594565,0.0395724707735288,6.33931172589675,1194.03771075097,174.699043634381,1431.21965108734,373.31156941219,87.8788832704528,2619.72379054355,122357.528297637,16.1765102149399
1.87286407193891e-13,20.2495812839444,20.9426365736125,10.5470931092007,12.1042833998768,0.00306055279241722,6.36192150092059,1199.77372915195,176.028745629591,1437.29619180174,371.702701374603,88.2232487794896,2629.84353817939,125152.218674143,16.1776307038278
2.54176394472945e-16,20.6117454315984,30.2119948306493,12.2558444442239,11.416815580173,0.000267241929560329,6.39763743458197,1182.69599168042,177.596156767555,1415.18675575434,363.931923062769,86.804155635801,2592.33994988864,127770.693541213,16.1788051750798
-2.95729305703333e-16,20.983460030111,37.6883502172975,13.8811128439406,10.6817004004782,0.000194020973317627,6.43806098619096,1162.66239636774,181.112130919988,1389.01924120536,356.735225235548,85.1119482604381,2550.52138996763,130043.899217182,16.1800335376265
-3.38888219880879e-15,21.3467023421321,43.9995290545958,15.3293455469462,10.0228621021105,0.000124278608805301,6.47450102122895,1146.72807037532,185.949291353649,1367.60832560495,351.461275618667,83.7034587287919,2518.46474892996,130887.443224174,16.181315310885
-5.17203217185769e-15,21.6339556052439,49.3996424199837,16.4953165484378,9.49654963413045,5.52738536692869e-05,6.50328487390579,1140.32502758449,191.589220325351,1357.76707417342,349.240196678322,83.0082257425932,2507.06125359317,129765.195025746,16.1826501732517
-6.08278098806387e-15,21.8013147371062,53.9555722483631,17.3428010335776,9.10260069839542,1.5392955133364e-05,6.52476124824769,1145.07941888291,197.858370879557,1361.55053447949,350.391945252366,83.154459587607,2519.56009273517,127998.231514756,16.1840385413729
-6.78043250669952e-15,21.8909872104818,57.87507222527,17.9666510176841,8.79730687571973,3.61397303858167e-06,6.54171001570805,1156.90749405989,204.739477374215,1373.90972814237,353.593420780987,83.8288248456897,2547.25842289442,125949.045781814,16.185480455367
-7.46113214194874e-15,21.9514102943773,61.3739997414778,18.4438764162205,8.5526589407575,8.13929013333907e-07,6.55585238336099,1172.96496201086,212.143005858378,1391.33050099102,357.939280683834,84.8135587914271,2584.04900520943,123303.910590456,16.1869755362801
-8.14190565878814e-15,22.0151761778908,64.6791156084875,18.7980013905771,8.36608650122996,1.68036154415266e-07,6.56734141407719,1193.47594769393,219.718491291099,1414.12010678794,363.534525698626,86.1296683755291,2630.19601164129,119940.722667093,16.1885233323681
-8.8124326787538e-15,22.1023143602407,67.9985488193802,19.048971045534,8.23323592354745,3.50035492922774e-08,6.57633755171728,1218.51158109929,227.0792466043,1442.41933905918,370.481596492991,87.787892221461,2685.66087589764,116663.022435294,16.1901241086771
-9.45929452799292e-15,22.2086977274091,71.4218797607736,19.2323453117801,8.13284877502922,7.82810967572521e-09,6.58388013245553,1245.70746010932,234.079066276665,1473.37810222868,378.101567375151,89.6109821656201,2745.42466345281,113649.791407104,16.1917778635333
-1.00768673512737e-14,22.3221272877429,74.957302586197,19.3755496043849,8.04584916887147,1.91587117601231e-09,6.59090357348745,1272.792872054,240.661911818348,1504.24967892671,385.717042766127,91.4282380590069,2804.70632675903,111088.947521738,16.1934847798387
-1.06606855306464e-14,22.4291323009762,78.5701618905011,19.4943319438669,7.95714570728622,5.18290630348902e-10,6.59813365514074,1297.9183154011,246.706405910065,1532.80226904306,392.761750969549,93.1029035323914,2859.55313864977,109089.279966198,16.1952451723894
-1.12073292068501e-14,22.5186477872575,82.2086551767841,19.5940708201511,7.85800061146733,1.56542510845359e-10,6.60596603526262,1320.04820019836,252.067540804945,1557.79603486573,398.913803439775,94.5606494244091,2907.70207880909,107401.32165927,16.1970587510451
4.16660291094359e-05,22.6431387619473,85.4479515419906,19.926525010111,7.64400279568067,0.00186964864381648,6.62143187166532,1309.56432063144,253.135350991164,1543.94851498325,395.806905021497,93.643150322158,2885.46646572543,96724.5083372863,16.1989325795958
5.48401739049446e-05,22.7648297399286,80.2345945865891,20.2976689449385,7.59535102425621,0.0102622316131856,6.63989562943196,1301.70813859427,254.490331240467,1533.56781821917,399.450206930547,92.9498347943326,2872.79330854063,95359.8776057441,16.2008525124877
0.000106701686840648,22.8421983679573,65.3474827321772,20.5132516952215,7.87794827839678,0.0210067628035359,6.65323974246069,1310.5736960927,257.097444494432,1543.72515624832,415.328119352925,93.5375745978139,2900.60637893391,93961.6982878839,16.2028245860634
0.000125470536491498,22.8793431558487,49.1083686665832,20.4902862964697,8.38660375424878,0.0395131322233677,6.6508781222661,1325.74872161923,259.747469990981,1561.93888069794,434.659477234549,94.6381904472181,2942.97873035895,92700.7827678487,16.2048491131371
0.000126507798201507,22.888979656966,36.6855855112081,20.2534973289364,8.9986984947557,0.0604342353006309,6.63193709881597,1338.89504091943,261.658332102367,1578.07880567162,450.993337085852,95.6267976052881,2979.50619859132,91624.3326348656,16.2069262641506
0.000126004207547766,22.8832553859158,28.0254094524193,19.919833864369,9.61472970580727,0.0831170209558262,6.60426709048999,1348.2196723347,262.868878512613,1589.81604536984,463.372311783553,96.3543680166715,3006.06560395419,90872.6258560526,16.2090568096588
0.000125572443646149,22.8734086269384,22.0296880025839,19.5517113544895,10.1887101699341,0.107556435159036,6.57351244843128,1353.66634138899,263.502469195673,1596.97582215338,472.146166675085,96.8053992526741,3022.74573534755,90552.0180232658,16.2112416522317
0.000125811327837432,22.8696198459335,17.7660629540061,19.1595809368847,10.708069832142,0.133420192650846,6.54236546438786,1355.58089980954,263.602443412149,1599.92670478661,477.893971776502,96.9997699126481,3030.53609069265,90466.5986648351,16.2134800327309
0.000126672959581796,22.873426805696,14.6019684121717,18.7421278605383,11.1785544149182,0.159879556472027,6.51178700095324,1355.11586198084,263.267488779134,1600.03829589143,481.477637620085,97.0203799671888,3032.20138759087,90521.8059051663,16.2157713725361
0.00012837540636248,22.881591285569,12.1446613052399,18.3072721441481,11.6085179838518,0.186158926078833,6.48213624308443,1353.29227805048,262.623337513402,1598.52895151476,483.660849564511,96.9416221929312,3030.22509391714,90781.8164618459,16.2181158901847
0.000131300962073904,22.8975604528456,10.1557439807576,17.8793595090754,11.9983122401705,0.21191740025286,6.45385298247769,1350.30095888859,261.746072464371,1595.59898838569,484.780418017768,96.7764436853749,3025.20171091433,91320.9560847139,16.2205138107999
0.000135470891172308,22.9330641989575,8.47938181231906,17.4905163218423,12.343042489236,0.237015353139165,6.42748422263367,1345.9983368611,260.658924157749,1591.02899890736,484.918439254149,96.5130545566023,3016.88192187112,91974.0158003608,16.2229639808571
0.00014087999867675,22.9931070698518,7.0172053571403,17.1542462147376,12.6429111316975,0.261736522034988,6.4032088274074,1340.90651265324,259.430031776366,1585.42337560735,484.318943460045,96.1891757650037,3006.43358702444,92661.8706795067,16.2254657238003
0.000147733584176051,23.0745010395594,5.73509186426187,16.8705210821623,12.9008271623996,0.286872287733596,6.38091097192818,1335.70081921246,258.161714973109,1579.60563139127,483.25829441108,95.8543513531388,2995.39262908838,93449.2879994203,16.2280191197632
0.000156319923568593,23.1730863646655,4.6702439295505,16.655319281861,13.1149678546953,0.313231375380591,6.36061735038966,1330.17097884876,256.891463607547,1573.38634323311,481.695720026514,95.4950825915063,2983.42207065483,94478.4100503302,16.2306245248708
0.000166371547195773,23.2855669856681,3.86970217782937,16.5434355043845,13.2795150386294,0.340139338671003,6.34275873787276,1323.26414885946,255.550616356852,1565.59632708004,479.312072369015,95.0380889336154,2968.36946383594,95686.1421470651,16.2332813139277
0.000177504269474355,23.4057010942744,3.30036707909907,16.5445850841136,13.3928507645765,0.366277781183403,6.32769029328228,1314.58506007866,254.089185966426,1555.79434842119,476.041209391856,94.4562119547992,2949.4390417487,97025.6218317109,16.2359889722795
0.000188821147546064,23.5262810789064,2.90996117584502,16.6461694688672,13.4590218452051,0.389898038274323,6.31554296154728,1304.8912575248,252.594851762721,1544.85892034782,472.216986527899,93.8034988563091,2928.3055447463,98401.5204316124,16.238746915668
0.000197802926635943,23.6447356428415,2.71802043470479,16.8482333721398,13.4925843668955,0.406026991985624,6.30643844135551,1295.56425578851,251.293376448976,1534.40859778296,468.431790164259,93.1774044005539,2908.07642441965,99596.0018235742,16.2415543221825
0.000203188773728494,23.7660099335707,2.75628859099768,17.1680817088645,13.5171653120423,0.408236397252041,6.30036850205013,1286.82793700212,250.257375358703,1524.6982784344,464.954664704505,92.5909399445569,2889.37689231737,100555.703770139,16.2444109745441
0.000205956979680361,23.896340335746,2.97883997834753,17.599140905028,13.5466128774868,0.398490388107563,6.29648595764235,1277.51499752731,249.275856208754,1514.32767518755,461.480455805201,91.9586314722175,2869.65108270557,101272.497667983,16.2473167577499
0.000207778435376508,24.036653670302,3.32044518948768,18.097775795024,13.5820139371383,0.383530407695518,6.29364371930212,1267.86707182277,248.372327741796,1503.57268957684,458.046849606921,91.299002124416,2849.3858464542,101977.215521958,16.2502721237228
0.00021059438745392,24.1748781070636,3.7089348578893,18.5573991262208,13.6105255612252,0.368978011917508,6.29143965161696,1257.76298803276,247.636403818496,1492.25498133179,454.507143459963,90.6024674287305,2828.30014215294,102900.097315582,16.2532774359971
0.000214604525668432,24.2908752942323,4.06682988897199,18.844592992867,13.6188986313335,0.357493319793143,6.28995877575401,1246.76866009784,247.127063185696,1479.82080295276,450.627659446458,89.8358746252942,2805.44350167156,103746.360639388,16.2563317156926
0.000219180489910678,24.3797388793771,4.37223524692637,18.9338191555109,13.6133723854717,0.348727146205532,6.28887041503556,1235.72859032997,246.927421398481,1467.2865187381,446.705981402155,89.0616936840266,2782.66250532574,104429.386584054,16.2594345331525
0.000224376847623708,24.4481008958395,4.65073669154499,18.8835777292674,13.6026295896749,0.341399269819567,6.28792983093789,1225.35577869236,247.012352901167,1455.53125866253,443.031307614371,88.3338178485088,2761.48746727676,105164.452196025,16.2625861551807
0.000230683181488301,24.4991235288411,4.90572421402103,18.7640155349792,13.5824656994037,0.334983219112961,6.28742574170624,1215.15706860728,247.050835473332,1443.99526746364,439.452523187824,87.6190987008357,2740.67524848365,106010.104010477,16.2657864597007
0.000237837559174847,24.5326585567559,5.09322063293728,18.6169946810422,13.5484915087632,0.329778864066455,6.28750308001866,1204.74233383277,246.669120449434,1432.23797886496,435.831604112214,86.8924389625739,2719.15049088372,106719.412383591,16.2690346600948
0.00024550479705899,24.5529870086594,5.20567252033073,18.4467819999866,13.5070948719213,0.325809561365223,6.28780824779251,1194.7017361564,245.937866202239,1420.96311503895,432.369820791353,86.1969329585874,2698.20263906462,107330.150671865,16.2723305864354
0.000251902593714411,24.5693951334714,5.26183058475142,18.2468959577196,13.4713180895024,0.32165729635005,6.28788482551457,1186.08434347176,245.164164713247,1411.4042160672,429.442917378131,85.6068926531573,2680.25292540619,107416.244224305,16.2756731262002
0.000255099794282075,24.611239453666,5.2509863467173,18.0261490400597,13.4703605175433,0.316471635507841,6.2863807465654,1181.20913320533,244.792181926092,1406.30804772839,427.889990893363,85.2893937523264,2670.50320219196,106707.396633835,16.2790613804235
0.000255983098682555,24.713278300604,5.17726310635345,17.8079716045145,13.5255037246506,0.311267558592197,6.2820379701593,1181.51321682808,245.114622004824,1407.36891986921,428.218745849307,85.3472947081546,2672.17507378115,105851.141801674,16.2824962884251
0.000255271284059018,24.8738755508147,5.07314580802709,17.6000383048465,13.625587063031,0.306717598884655,6.27527642345217,1185.49541203044,245.961741083489,1412.78879839417,429.8749192178,85.6704420235697,2681.96301148737,105003.427533402,16.2859779060286
0.000252804533431646,25.0709837873151,4.93318922416362,17.3952878190141,13.757853416055,0.303201354785077,6.26666202474822,1191.63278774803,247.081063113727,1420.76761553557,432.307483153538,86.1497044678495,2696.48419690014,103960.202724245,16.2895054028776
0.00024852462209944,25.2808683778562,4.70604779021253,17.187702800426,13.9263244478845,0.301472470033236,6.25584415927382,1199.9659097035,248.422766472035,1431.39973089545,435.534007552946,86.792874252162,2715.83430934662,102588.892157643,16.2930779332368
0.000243649031879959,25.4883593726724,4.36183448472627,16.979099322982,14.1381654564122,0.303061339652092,6.24216414291156,1210.88845364663,250.032887198221,1445.19998860556,439.681299728848,87.6331186474844,2740.91310659359,101205.72069634,16.2966958832276
0.000238894170818576,25.6930355216325,3.93665865997233,16.7735172614028,14.3868898884646,0.308700390387129,6.22577246404213,1223.66432985744,251.817254932604,1461.2911645066,444.446724580134,88.6165995549614,2770.07718381879,99900.2761812251,16.3003592112127
0.000234244593164581,25.8969535020039,3.47286920988386,16.5686703929421,14.6648543793234,0.318543771626143,6.20698657598715,1237.53612260337,253.644818783133,1478.75243726597,449.519972965624,89.6862030165205,2801.59263269011,98531.7646481337,16.3040670449215
0.000229713361924742,26.091836363181,2.98956475123571,16.3477795817946,14.9741670175229,0.333253835484042,6.18554059595555,1252.66949227255,255.466497391527,1497.76921555606,454.919799963399,90.8527108945682,2835.73492775113,96992.7911573138,16.3078183432997
0.000226024720082921,26.2650707997493,2.5132390264956,16.0906863815292,15.3186049101331,0.354596703879547,6.16088860630374,1269.435939132,257.277316880963,1518.77752489346,460.723565868166,92.1423521327079,2873.24194739604,95517.9868315955,16.3116135419359
0.000223192592818141,26.4166373487732,2.08971715109013,15.7980108639429,15.6914421418972,0.383391504431307,6.13318356107725,1287.26262171257,259.01939310962,1541.08941846979,466.680706406608,93.5127028671531,2912.83206238412,94179.8677327448,16.3154527169189
0.000221434981905508,26.5531626905127,1.7436576976161,15.4840121224636,16.0796432056706,0.419914283587423,6.10305586664812,1305.09112614692,260.59317602873,1563.43553096086,472.395426573891,94.8862923608865,2952.18552491485,93156.9971392733,16.3193369345322
0.000221568578004766,26.6779702861664,1.46941963335456,15.1718273897863,16.4612756380902,0.464806117617492,6.07160341946822,1321.34728616198,261.803443187614,1583.90819084774,477.295685321897,96.1474434400964,2987.8086175265,92611.2513809197,16.3232677304317
0.000223429977299322,26.7877849963267,1.24997205679522,14.8833892629202,16.8135942268792,0.518895214668902,6.03995039596653,1334.65246653969,262.429078826923,1600.8227549573,480.871874383443,97.1946367195901,3016.58609893336,92268.9137372192,16.3272433801226
0.000226461042883885,26.8796721107737,1.07549407151314,14.6219061547936,17.1320970721037,0.58263777766802,6.00832282141814,1345.16180458195,262.466210109195,1614.35842649968,483.178417661028,98.0394422347893,3038.83603877597,92016.4701368033,16.3312627674155
0.000230827907176166,26.9568928471626,0.939371937085941,14.3770658543066,17.4253955767059,0.655303381601001,5.97645256534394,1352.34191705295,261.791498366592,1623.87923810312,484.068421792372,98.6424286247897,3053.36912644152,91661.3648405266,16.3353239515923
0.000235777943934528,27.0336680056009,0.832727228105907,14.1216819989149,17.7102799038808,0.738265545861164,5.94333925198986,1355.0453415344,260.156880321967,1628.02700525614,483.197729528376,98.919213363714,3057.63221769956,91021.2562156313,16.3394246895888
0.000240194620424619,27.1309067054875,0.749513702756274,13.8248904201904,18.0066096419508,0.830203961421506,5.90814830053065,1357.0284782966,258.190355858559,1631.36203664959,481.925908256066,99.1466617097662,3060.08859587756,90348.6078409123,16.3435664561225
0.000244173380809539,27.2569043073828,0.685523964653321,13.4844711995732,18.3178110909429,0.926771113639347,5.87135448290181,1360.07248468299,256.250006415408,1636.03037718086,480.906244007215,99.4549036543157,3064.78592250092,89745.1355041084,16.3477499502926
0.000248168956353688,27.4050057661925,0.635673653075349,13.1130822227998,18.6362586608312,1.02519744782811,5.8338041142268,1363.79309593301,254.32649403641,1641.54855744972,480.016469252021,99.8145102844093,3070.89340971988,89215.316307254,16.3519750276669
0.000252665190607941,27.557637225333,0.595249638435815,12.7143094861877,18.9540268189302,1.12501091476387,5.79599363329207,1367.54498438375,252.3042031268,1647.12854434667,479.02277349292,100.178254240396,3076.94734730527,88746.3126433844,16.3562413080085
0.000257780246113197,27.6943449038594,0.561374136556291,12.2792295613024,19.2665453606346,1.22687797512565,5.75804014126806,1370.93192881313,250.060580837648,1652.29761412354,477.768109018311,100.518378912878,3082.01342094504,88330.522798562,16.3605484329038
0.000263593065945529,27.8072249544109,0.532323958334525,11.8045712252797,19.5727439508792,1.33071200039227,5.7200033637847,1373.82805693832,247.55612889895,1656.9052153793,476.203599590268,100.826061869268,3085.79466333637,87960.2237525788,16.3648960196984
0.000270043996497825,27.8991098223552,0.506836987146198,11.2962678795535,19.8749029588969,1.43563031515429,5.68191021429617,1376.37200719537,244.833888887903,1661.11463228835,474.389576115515,101.110960671315,3088.61938721793,87553.9333841922,16.3692825206057
0.000276892733303031,27.9730507000537,0.484013717343287,10.7651531494085,20.1813143700893,1.54088314371331,5.64343328196197,1379.10171432578,241.9955066974,1665.57885350069,472.528015024704,101.412435594884,3091.71239550713,87016.6546756205,16.3737057458108
0.000284473489990891,28.0289289726265,0.463443658116266,10.2236402167628,20.5017194368133,1.64674344080077,5.60400065445585,1382.55869741164,239.135697893797,1670.96096267355,470.814513267947,101.770499744696,3096.30183434915,86452.2228385551,16.3781664788534
0.000293428053561602,28.0684644569285,0.444845079354619,9.68040959918312,20.8368996349333,1.75308455788076,5.56360006008219,1386.56579651799,236.252912384631,1677.044217693,469.192958132554,102.171362739489,3102.01224345498,85914.7737722129,16.3826652342151
0.00030440403162841,28.0948772087748,0.427994459437966,9.13782812631127,21.1818899951948,1.85915268152122,5.52263735733294,1390.62707235241,233.297100105419,1683.22150800988,467.497511113658,102.577337753228,3107.75354458911,85411.60286333,16.3872018395953
0.000318028191060286,28.110734254142,0.412744898028377,8.59306614328902,21.5318732838748,1.96359954093369,5.48159933609164,1394.3997350049,230.233778053972,1689.08042760391,465.618052085596,102.96240012105,3112.78160304708,84938.5474084754,16.391775871199
0.000335249107798845,28.1173605985745,0.398882681709606,8.04195157552403,21.8840502582052,2.06439051940923,5.44096061658259,1397.77315533769,227.059007714484,1694.49965740339,463.527267108495,103.317991324138,3116.87705715727,84497.6778484762,16.3963870334555
0.000357360824189426,28.1157595732373,0.386199249293209,7.48520652685384,22.2364433615059,2.15902901070798,5.40121361764088,1400.75863421767,223.78481358315,1699.49750905582,461.235364675997,103.644088936513,3120.08000807789,84090.2103902931,16.401035048317
0.000386288898163694,28.1076742365154,0.374569748071974,6.92923525411992,22.5852827816161,2.24474698121775,5.36299635640908,1403.31859343513,220.419216306068,1704.01863285539,458.731219371814,103.936214698627,3122.30770355219,83780.8594538068,16.4057216282028
0.000424530267088585,28.0976568190636,0.363925626744718,6.38413021414172,22.920041959928,2.31797920752163,5.32746720688924,1405.08679926929,216.936539169204,1707.59204538503,455.893619557021,104.164399429229,3122.7420523979,83664.5996612642,16.4104501040257
0.000473209432479588,28.0924287693698,0.354227061081316,5.8600780262362,23.2268097750399,2.37327627824661,5.29626007305522,1405.59717549911,213.299022230421,1709.61804646431,452.572824747415,104.29061990197,3120.34065592603,83649.9927646562,16.4152179934726
0.000531502624135792,28.0953068360431,0.345472607820429,5.36401295738752,23.5008424596686,2.40486508905344,5.27051605666695,1404.99657164155,209.532773775035,1710.25917575353,448.825870305326,104.323288687393,3115.4215291116,83672.251315136,16.4200227002817
0.000596247650366137,28.1049690567253,0.337711260893409,4.90120656185129,23.7463532333187,2.40783586839362,5.25071986421916,1403.83498732626,205.705080464997,1710.1854877758,444.845758177133,104.301841941285,3109.20281796138,83681.5803180481,16.4248620382441
0.000662460611259404,28.115552913406,0.331042759283306,4.47745488719636,23.9730090061661,2.37888402735072,5.23680032575224,1402.79330413654,201.88646807187,1710.23428677816,440.871888076149,104.276260831235,3103.19130947338,83629.4400166882,16.4297338458284
0.000726258864244044,28.1187288745954,0.325440596585316,4.09887832281587,24.1907630632207,2.31748175734035,5.22827317883027,1402.34114956912,198.110532298945,1710.98448002627,437.077551030313,104.281366232858,3098.42145965393,83557.7183632591,16.4346388727822
0.000785408793689748,28.1101755571479,0.320852025014015,3.76781076091416,24.4027193712381,2.2259593248741,5.22464439907018,1402.44760968104,194.367622899181,1712.39632163391,433.470987828418,104.315033659471,3094.8300545095,83495.4285634544,16.4395777399655
0.00083957858494467,28.0915742201968,0.317261709323282,3.48087283779921,24.6056457379562,2.10915168280637,5.2254299919434,1402.6696425366,190.622770296114,1713.92133278904,429.925062607015,104.34491196358,3091.45888681319,83477.9167431874,16.4445513288409
0.000890175167977772,28.0719696125945,0.314699119311151,3.2293523844411,24.7919292847369,1.97336801028634,5.23018880788271,1402.52544883144,186.872865563717,1714.96566009407,426.297575036879,104.336557363537,3087.29276974881,83547.6887470117,16.4495608153279
0.000938608208045251,28.0656415169247,0.313305448927891,3.00125578287997,24.9534908728365,1.82492991571968,5.23849714598913,1401.6501124677,183.153220159547,1715.08473016433,422.483531865644,104.264986110417,3081.5983731217,83664.7140502774,16.4546044497753
0.000986022185070788,28.0809170162359,0.313231690152122,2.78675982829846,25.0878988845676,1.66963984210012,5.24966479845723,1400.07381172236,179.510923879458,1714.31855737621,418.499484651954,104.134532875589,3074.48355316007,83798.697664772,16.4596805704359
0.00103349534417825,28.1183525014265,0.314769992705509,2.58492095252552,25.1932302569176,1.51237863458231,5.26311703860616,1397.93779614943,175.963974243383,1712.83510797333,414.396164989142,103.956787949217,3066.25999287451,84079.3008148226,16.4647927832359
0.00107885045677973,28.1789016229514,0.318564943721576,2.4177743567868,25.2536411735259,1.35602219000153,5.27945259887136,1394.54452597569,172.422307759392,1709.74944952234,409.987514624504,103.678946386477,3055.38031177016,84725.826191098,16.4699467066426
0.0011141334927551,28.2684341491948,0.325201387523906,2.32859725616982,25.2456030716109,1.20054557230817,5.30018460102799,1388.80707310172,168.750283937883,1703.67794789387,404.997411770201,103.218158487057,3039.44039704959,85549.3373125657,16.475134327003
0.00113388286146864,28.3896334639578,0.335290712742056,2.34099509213449,25.165980409936,1.04707772302827,5.32538818698163,1380.98969966492,164.955088474633,1694.91871828053,399.54312445454,102.594089461533,3019.00057420126,86406.2045757193,16.4803501339501
0.00112305153144981,28.5393849225306,0.351833950619399,2.46546288618535,25.0267695541669,0.897280517427323,5.35414750415978,1372.37495610975,161.185928518475,1685.05499889546,394.042314155611,101.904136554555,2996.89976016087,87354.0852606305,16.4855947246077
0.00104971245028304,28.7109154244002,0.385325534877891,2.78428889285285,24.8394602629314,0.745621707697155,5.38689897188535,1363.64776870679,157.640959485466,1674.95715544279,388.883836055298,101.202278384716,2974.86654118416,88528.4582622219,16.4908697284925
0.000929891040855404,28.8954109905084,0.453650707194268,3.46612990244645,24.6117094088226,0.582725955810248,5.42524669340657,1354.24660746204,154.480892685367,1663.96879310071,384.283155941484,100.450836553306,2952.10411946365,89785.1381152174,16.4961716148408
0.000305422144923163,29.0861374811835,0.624037513354513,4.59162676176071,24.3571101400399,0.401188869608991,5.46971759841543,1343.90060383771,151.779226192879,1651.77162752595,380.368172743609,99.6331748314163,2928.23940944911,91033.8834114314,16.5014987687491
1.29439645817735e-09,29.2627918986386,1.57842730012203,6.10647707737883,24.2235709492452,0.140437263327128,5.51875589244163,1350.09793096428,151.202035205286,1659.86095327995,381.782678985148,100.049357139424,2940.96631980489,101732.015138506,16.5068283069571
3.66212298349557e-10,29.461960346161,6.31079649895621,7.70351753660617,23.8805111951603,0.0158986401925854,5.5578513672766,1344.04632144941,150.166815973224,1652.4841528867,378.678209247092,99.5581551501168,2926.69719773881,103733.94093602,16.5122150333008
4.41676276309473e-11,29.7560231684234,13.9042640605104,9.29533173872065,23.200308029716,0.00592891017559153,5.59816534105749,1334.19308888586,150.581091085962,1639.90229943801,373.193385058995,98.7519838684244,2904.26145639387,105873.561890223,16.5176259735245
9.60462187743993e-13,30.1464779311406,21.2633040129339,10.8321839597799,22.3576704953974,0.00473421037314844,5.64877924254937,1325.15586690194,152.950948762281,1627.76591208839,368.854980537753,97.9644921568361,2885.01050628511,107954.482346288,16.5230594578315
4.54866758854763e-15,30.5931758711651,27.8420989382691,12.2518263938554,21.4818692509587,0.00356205298883667,5.70289172239853,1313.93629790654,156.401960785392,1612.53025084063,364.95563115163,96.984325572292,2862.23063379882,109284.014741473,16.5285117247452
7.32240787465539e-18,31.0292046565795,33.6689217923021,13.4711023156634,20.6947707555425,0.00231509308696583,5.75193908683545,1308.91370207248,160.863259603786,1604.78784393082,363.275676663255,96.4537056844996,2853.34543425629,109302.302414456,16.5339804912152
1.09442358936214e-20,31.4031247775874,38.7242155779303,14.4452179787575,20.0580285202953,0.00132380044587836,5.79172674126866,1312.15969244278,165.898855683909,1607.29511723259,364.038922144895,96.540633057681,2862.35118851741,108910.62920228,16.5394710529739
6.96821289767914e-24,31.7202810441615,43.1386073460282,15.2299434102259,19.5373883569514,0.000702294761373891,5.82449704450679,1319.26324711156,171.180389657208,1614.61010951384,365.8972319931,96.9167540933037,2879.68459323169,108392.437832751,16.5449847022199
-3.63853833433443e-23,31.9966583047493,47.060879287846,15.8890686059161,19.0821407576499,0.000344293915056464,5.85358701584172,1325.53404391288,176.474923239023,1620.88068451025,367.526067146783,97.2294319299998,2895.2671184964,107965.12033693,16.5505223646652
-1.79529501771439e-22,32.2158269393778,50.5982754543142,16.4644226801561,18.6523267944105,0.000153263674202633,5.88146810172741,1329.25811883179,181.485517183844,1623.96409582176,368.425852217184,97.3512487054864,2905.24514887261,107794.03901474,16.5560848022321
-1.98262386479422e-22,32.3396309093753,53.8162210525729,16.9717578492942,18.2267619549917,6.0696986477127e-05,5.90926753715143,1330.50474413133,185.806944597077,1623.97333608312,368.554945915458,97.2914979325774,2909.45198773693,107624.320545436,16.5616698470877
-1.55239471182802e-22,32.3638096856786,56.7870388475156,17.406087352571,17.8092463185444,1.94393424223262e-05,5.93657471664939,1330.95762902706,189.454350391849,1623.01379169258,368.319303236061,97.1768455832046,2911.4167405261,107390.703055241,16.5672764527594
-1.1453555622175e-22,32.3147915617105,59.597826392074,17.7620970770621,17.4147370953512,4.91061067976226e-06,5.96241577535586,1332.46414395671,192.68699839587,1623.38252191506,368.234075562636,97.143979747735,2915.22158793548,106721.837477043,16.5729012403867
-9.14878757034506e-23,32.2335820017827,62.3647978841042,18.033978585938,17.0732400979432,1.07986972063345e-06,5.98501409816133,1337.21205939258,195.738537450367,1627.81855076971,368.989016119559,97.3572427702009,2925.71276760554,105337.395487618,16.5785405817426
-8.06084116151333e-23,32.1595903344826,65.2243585354736,18.2334953499776,16.8036641745357,2.28475994482344e-07,6.00328667643611,1345.84221686582,198.700255947013,1637.14697690497,370.850968897545,97.8663260784105,2944.38778926339,103845.211834498,16.5841975316612
3.02163001973609e-05,32.1708518149766,68.0758659822587,18.6810079066354,16.4101916883031,0.00156602182141636,6.03096157917128,1335.1444988453,199.988310522827,1622.79696079363,368.112880147945,96.9508584611506,2921.93036122099,93228.6663400952,16.5898990177444
5.11601716249255e-05,32.2009588806087,62.4195814582671,19.1976312248134,16.1818919154199,0.00870259934749006,6.06266603691368,1328.51824037489,201.765608601657,1613.69465838391,372.728928448529,96.3636613862665,2912.3301888711,92276.0513565459,16.595598890081
0.000108730410904391,32.2121637667305,47.8772583915182,19.4541466107323,16.3371331832399,0.0247087322393609,6.08184363174919,1332.01248387312,203.716000973268,1617.53429468274,386.203410377676,96.5841190930906,2928.15488550856,92085.298830653,16.6013258411164
0.000115002118257738,32.2329824615228,33.3686963907174,19.2913930560736,16.7496842112408,0.0480508683928974,6.07839142862533,1336.81398786435,205.061552875308,1623.37631769485,399.574662267363,96.9534024575315,2946.38243525927,92173.1632934538,16.6070747347831
0.000120558317174951,32.281695940632,21.9719568441934,18.8363715037428,17.2287448917318,0.0777547434969907,6.06064298127158,1338.9855520508,205.562584726089,1626.17335639718,409.675769519419,97.1583097671912,2957.14970268247,92330.7816436682,16.6128424081135
0.000127686358317317,32.3569335879741,13.6967831341287,18.2443324927664,17.6635259430161,0.115499967900684,6.03741573387866,1338.79470667229,205.390253568145,1626.12884479524,416.454555326841,97.2017176949856,2960.94051632918,92415.7137475633,16.6186265894647
0.000136876128708539,32.4460653041767,7.95331811897455,17.6119396781974,18.0282695485224,0.163740946703197,6.01221656424006,1338.05585209994,204.868130603146,1625.45035576429,420.754369631354,97.2112106998222,2961.96875542159,92310.374359633,16.6244253483204
0.00015000093920348,32.5355613027873,4.22254186008061,16.989057556698,18.3339019790762,0.228164013267372,5.98489955974395,1338.26951919613,204.280182885099,1626.01713967538,423.385815073245,97.2980614016302,2963.85290883678,92176.2135145272,16.6302399068898
0.000168282098385298,32.6215332101159,2.20585383726752,16.38539706901,18.584764813562,0.318166257935044,5.95438380327108,1339.29593804326,203.676989591759,1627.67635252239,424.582478508246,97.4518437586509,2966.51909634189,92078.4128253401,16.6360705567442
0.000185308144691462,32.7046601643324,1.39538777016369,15.7996986152794,18.7945073467373,0.426864942675347,5.92165146535369,1340.50215895461,202.980244571952,1629.63945955647,424.625683276278,97.6244984193841,2968.84877709846,91908.2712210297,16.6419154960277
0.00019771771090586,32.7774550286876,1.06024283315923,15.2319678155793,18.993051857713,0.535541976311907,5.88895770043612,1342.10238082951,202.174994150887,1632.1502650021,424.240030138662,97.830801150108,2971.65914646516,91541.3974957587,16.6477725134944
0.000207937782863528,32.825667176298,0.873201180543475,14.6723973390096,19.1966394428313,0.641489883751031,5.85645020697035,1344.59610678334,201.309511921496,1635.81881163814,423.86220274615,98.1065447337983,2976.20499443797,91138.0126737627,16.6536428046113
0.000217597461327108,32.8463738057062,0.747506072171408,14.1178455162634,19.4044569347066,0.747681044669986,5.82392510267805,1347.64771798403,200.376030163392,1640.23037530519,423.43785535972,98.4258051596838,2981.79907732279,90760.704841289,16.659526684337
0.000227598721830726,32.8475684990759,0.656127814121885,13.5731620930942,19.6078551294732,0.85720742798599,5.79144413038786,1350.49914285143,199.309717023219,1644.45105761568,422.726271700027,98.7322626811391,2986.78748772425,90529.3255238462,16.6654253919612
0.000238288747380793,32.8433700670129,0.589202452572767,13.0492101554421,19.792808590735,0.970875607034156,5.7596932844432,1352.13619214068,197.966967807508,1647.2448276142,421.429346673902,98.9519766951293,2988.9426005883,90568.6917522318,16.6713404266862
0.000249625536279337,32.8481571719463,0.538641139041991,12.558349831754,19.9479772547199,1.08593261896123,5.72974821918366,1351.83653616311,196.179634613286,1647.74814516887,419.387842926118,99.0336029559945,2986.67663093484,90695.6048562248,16.6772687545356
0.000261681311250248,32.8666093668507,0.498193078960706,12.1023945930388,20.0763949659893,1.20053141312089,5.70169921026696,1350.08894014714,193.956633841691,1646.5705794505,416.797365510837,99.0143107422713,2981.06301030736,90824.0109768302,16.6832084675026
0.000273521055693365,32.8959079744521,0.466208212219429,11.683088355438,20.18953511581,1.31284214725532,5.67511674163713,1348.00877260309,191.492917454038,1645.06285312094,414.027173344127,98.9750859490051,2974.59616036519,90911.0712971778,16.6891583688334
0.000282925426740039,32.9332360549646,0.444662007123483,11.3341736290217,20.3036315074604,1.41675313620542,5.64998805043842,1346.37800668968,189.123326397956,1644.12955928862,411.385692934621,98.9683492460123,2969.1610854778,90926.9384137383,16.6951174829845
0.000289597982075071,32.978768426538,0.43238197946625,11.1160046600144,20.4345894774467,1.50298279720992,5.62687295287292,1345.67710906191,187.248625839309,1644.28604914375,409.130471276999,99.0221661652623,2966.062856348,90920.1777466773,16.7010859101281
0.000294498775631309,33.0323209777956,0.426637053017994,11.0485271916827,20.5867014193739,1.56750834923498,5.60614975231025,1345.73985550303,185.977052112036,1645.30010683272,407.278911259959,99.1213271794504,2965.04544368749,90915.1917388224,16.7070634590115
0.000299176100727608,33.0905553618861,0.425818670777517,11.1067570799407,20.7478723911476,1.61328835372813,5.58802512956329,1345.58804315403,185.1454624663,1645.98061950664,405.539473593468,99.1946432596711,2963.94046407341,91212.3734774244,16.7130536813512
0.000305717739100337,33.1409066095857,0.429313951911055,11.2414269972835,20.8799771461986,1.64469605076945,5.57396013730785,1343.14652156104,184.536966051056,1643.77105658752,403.245632295129,99.0890986978528,2958.18743008195,92157.8299795025,16.7190600995319
0.000312357311528215,33.1618608667375,0.437980778762367,11.3886162682913,20.9412556343194,1.66270741244519,5.56606209518063,1336.40203208753,184.019310212729,1636.16394499529,399.722815729671,98.6547954892126,2943.3779681378,93323.7654534155,16.7250755220225
0.000317009580825682,33.1427353283958,0.452823882364044,11.5053924696793,20.9338802662203,1.66569250197734,5.56426227675334,1326.47497311056,183.688339284541,1624.52895046667,395.244873538465,97.9759835921249,2921.89873585248,94504.8765150018,16.7310965262088
0.000319565981348655,33.0882689942698,0.470574714092724,11.5900461410124,20.8874875828592,1.65174914778078,5.56705774160083,1316.06111923506,183.715499169897,1612.2072661501,390.611923844776,97.255177721737,2899.57344683445,95494.0746940886,16.7371208461985
0.00031968232184894,33.0100319595595,0.487217220468384,11.6650498054133,20.8377279133243,1.62358261910689,5.57202950347949,1308.62861722217,184.263593252716,1603.53721025205,386.873627365785,96.7546911553703,2883.90067828312,96114.0018168398,16.7431470233238
0.000318611304515378,32.9181899480458,0.502402142646972,11.7574382983091,20.8085040740013,1.58721773518009,5.57697023213982,1305.26340162117,185.223890575007,1599.94657408123,384.37507441218,96.5600643608324,2877.1839905639,96604.5163192416,16.7491769639892
0.000317543587580985,32.8170062956598,0.517569720412748,11.880075669474,20.7960707269767,1.54749015669803,5.58148097961423,1303.37185883348,186.280177505476,1598.26067045472,382.393169575716,96.4784027388673,2873.77264022245,97049.1260516285,16.7552109736991
0.000316793769119565,32.7055034195431,0.5319011237303,12.0242921361646,20.7878508131631,1.50771077665209,5.58586515922969,1301.48281683177,187.346313986779,1596.61782512494,380.499670440301,96.3976767856436,2870.46322045788,97456.9220014387,16.7612486283955
0.000317141904533242,32.5761438013486,0.54222385789297,12.1639148712801,20.7749747035508,1.47141305804708,5.59008859800248,1299.35181820453,188.393183316275,1594.61561762242,378.570748960276,96.2954951251217,2866.59349220186,97825.0435261275,16.7672893802092
0.000318423191915887,32.4189612687691,0.547179492507803,12.2687168167199,20.7536628604121,1.44308442538993,5.59362145748653,1297.23259274084,189.357151299739,1592.45911985678,376.597152101794,96.1865693766265,2862.49855769685,98129.2356482304,16.7733325248114
0.000320184777356374,32.2339750300718,0.547423330900676,12.3269517056526,20.7271557164455,1.42415633781509,5.59600763785411,1295.66985453533,190.254951541783,1590.80411838087,374.699998396078,96.1114044824071,2859.29959977678,98358.7040710411,16.779377454422
0.000322344353623243,32.0318429729196,0.544066133760951,12.3401148767942,20.7017864507838,1.41397193524268,5.59697299218626,1294.65121293955,191.069922633747,1589.70033212921,372.891892623292,96.0721902142713,2857.02915146795,98482.042796669,16.7854234185821
0.000324818328954503,31.836397110555,0.538066058009281,12.3065574451409,20.6842979289031,1.41206564121479,5.59621821676361,1293.83881096465,191.678982634618,1588.85822785885,371.114610574071,96.049202073069,2855.0278725281,98480.0415864233,16.7914697374954
0.000327701161570022,31.6748716171057,0.529644734698693,12.2206613733947,20.6792258150511,1.4180648454867,5.59355487068795,1293.29711046746,191.969619109066,1588.48845287678,369.417203937582,96.0528507504035,2853.48830240904,98411.3720294424,16.7975162454832
0.00033112641952901,31.5524135319286,0.519040732045466,12.0851002446671,20.6857412494027,1.43134906523425,5.58912638751312,1293.17444463234,191.95015816892,1588.79443579066,367.841346578818,96.0951108775892,2852.74702374344,98306.6799535964,16.8035625940067
0.000335042625887192,31.4609872881673,0.504990234240609,11.904474201196,20.7049084278359,1.45157386537111,5.58290130282563,1293.7489213466,191.712607042197,1590.06472231826,366.441425359753,96.1948157385578,2853.39124669946,97993.6730567079,16.8096070053854
0.000339338324682647,31.3985039108939,0.485953935993151,11.6710187378735,20.7494325971515,1.48120548302444,5.57370346184351,1295.99034755374,191.439641095361,1593.42773934451,365.436446298175,96.4230368226464,2857.49760952965,97329.6266659959,16.815647703618
0.000343875205881323,31.3694525127063,0.464892831260464,11.3748790157146,20.8312139563248,1.52407086762106,5.56020158518136,1300.74179490343,191.316246987847,1599.87143316089,365.004024336738,96.8420940737601,2866.89011261669,96602.4429432905,16.8216859508865
0.000348488040353651,31.372043856829,0.444650425521211,11.0258467487541,20.944137338992,1.57888466115925,5.54295579846527,1307.4294240355,191.333553128773,1608.67496458939,364.978909117117,97.4081211077001,2880.34350237179,95909.0709249066,16.8277219407837
0.000353838249920141,31.3959956509437,0.425952447999185,10.6411701826409,21.0780989716787,1.6429674987521,5.52300718216155,1314.37613337016,191.277341520212,1617.78093270004,364.922334018568,97.9950002005809,2894.20851473038,95172.600210951,16.8337544614405
0.000359976951636047,31.414555050831,0.408457402337709,10.2380659589615,21.2312148823528,1.71655744972348,5.5004691101037,1320.37426265007,190.937932809224,1625.70361878044,364.517407601077,98.5124765360671,2905.81196885578,94315.5601137852,16.8397820548393
0.000366987043769651,31.3938705470712,0.39221868046068,9.83321961791524,21.4069504011564,1.79996276233676,5.47509367147754,1326.05479240766,190.347309167897,1633.21066476378,363.933167149779,99.0083861678435,2916.48733046618,93468.2483981438,16.8458051587286
0.000375347624456696,31.3263009152296,0.37738162359201,9.43607070610674,21.60192493721,1.89118145747912,5.4473822857219,1331.63954342063,189.551279517706,1640.57162388271,363.230312884611,99.4988388880851,2926.72914256094,92677.840441796,16.851823727462
0.000385351324360126,31.2276909898564,0.363804266322513,9.04596755645657,21.8111910024225,1.98736432033641,5.41806159269758,1337.06626507146,188.585099850741,1647.72030300539,362.39803429941,99.9785347883081,2936.44624119933,91873.5759814986,16.8578364068805
0.000397034463593901,31.1301017219342,0.35130844764923,8.64978937292061,22.0367658823363,2.0863604859222,5.38733474475182,1342.59284498723,187.516918848486,1655.00643125925,361.514044536648,100.467557823913,2946.26299513892,90980.0739312985,16.8638414230924
0.000411159970053585,31.0677346028635,0.339964390180995,8.23119834508956,22.283112932088,2.18702286869706,5.3551132852546,1348.51599061208,186.420165279618,1662.83292737228,360.666171387665,100.989492323019,2956.89399960388,90109.4660575428,16.8698393494873
0.000428840404225173,31.0492136675968,0.329763214557582,7.7910844585786,22.5462957723836,2.28744083991229,5.32193175063023,1354.54839991552,185.294929350115,1670.84900031879,359.783415714812,101.521988802609,2967.74502015335,89307.6122245584,16.8758303549899
0.000451835682133159,31.0621371736097,0.320594665816005,7.34142004285385,22.8160952741587,2.38530336809426,5.28876303947466,1360.13655432064,184.091148452295,1678.3530726566,358.72085973639,102.021349606745,2977.60488639403,88656.2148765818,16.8818155441299
0.000482619735650314,31.0842263333483,0.312193095877288,6.89222695964127,23.0760238746321,2.47792958883316,5.25700459996943,1364.56777378355,182.712559734989,1684.45117597047,357.289610359993,102.432098571791,2984.89806109154,88241.1179809731,16.8877966406418
0.000522137066026871,31.0931609112271,0.304346410410152,6.44615602241926,23.3097530308345,2.56146031378672,5.22819759243107,1367.32926431995,181.058294312124,1688.51156106384,355.353831913965,102.714645485897,2988.4778974266,87943.4186979883,16.8937715343161
0.00057011254783642,31.0805198589107,0.297013074511484,6.00502714896496,23.5139156147145,2.63163332259553,5.20315900594237,1368.74143435659,179.141574839254,1690.93285944915,353.000713295269,102.892155160925,2989.02700632801,87701.8866213404,16.8997385781526
0.000624571125999673,31.0506974247373,0.290123860414395,5.57395612867277,23.6968553642646,2.68380783909991,5.18205830943919,1369.62817079044,177.061948365377,1692.72675924768,350.45285746771,103.025068114133,2988.33757534075,87367.3253820156,16.9056940748506
0.000681903827117741,31.0153067679276,0.283574343867684,5.15685152663257,23.8797524972503,2.71474591720514,5.16407621188421,1371.24438236586,174.950507920255,1695.42619276188,348.038012048005,103.205990821746,2989.11044997927,86773.8175513666,16.9116331525689
0.000740291644608868,30.9864866653446,0.277432793013642,4.75633613400247,24.0845048726745,2.72434639788618,5.14789908051881,1374.5857683581,172.899363571855,1700.23446352927,346.006835069014,103.507822245438,2993.46180139304,86118.6211298979,16.9175584936482
0.000798692022600316,30.9683645379371,0.271784892420499,4.3785610577365,24.3118178358238,2.71250071837969,5.13351899017678,1379.21108627636,170.885422362957,1706.58617613171,344.248661782925,103.895269782846,3000.4357241952,85503.3850840344,16.9234719605407
0.000857360717493763,30.9568420600863,0.266777160863138,4.02934116850514,24.5462816910705,2.67941258542424,5.12187781169904,1383.89834161204,168.823352101674,1712.96496601832,342.465808842288,104.275174710552,3007.42285447611,85089.9550892428,16.9293782241835
0.00091814544547081,30.9378514401553,0.262574253859519,3.71322139845293,24.7587487269259,2.62533207057036,5.11476471869321,1387.01768296957,166.591580614425,1717.35804512512,340.273902493494,104.524583808612,3010.95460494397,85077.2839595294,16.9352844393265
0.000980394143977058,30.8905358391898,0.259098466971245,3.43079577186457,24.9191574325698,2.54942818885939,5.11417272923712,1387.24726568646,164.078675576979,1718.14057409193,337.38028792951,104.54496480788,3008.22760605095,85254.7577692527,16.941184485231
0.00104304296601896,30.8045714104178,0.256186276421663,3.17462703944408,25.0229131951548,2.45337046358501,5.12014175283734,1384.91281173571,161.300040332263,1715.73011304014,333.890449188929,104.363239912112,2999.96150682436,85484.3594342046,16.9470729178746
0.00110469783561604,30.6851280358178,0.253660750045667,2.93594831913612,25.084989163647,2.34082788139779,5.1311988962338,1381.41728568944,158.375796223572,1711.86947569486,330.154029234379,104.087226657074,2989.1759107913,85655.5522663467,16.9529456752104
0.00116395083534945,30.5529669007485,0.251386937762139,2.71023664994982,25.1288661169833,2.21591496639636,5.14527322825926,1378.35682283173,155.461100763722,1708.52571791242,326.548211593583,103.837992493938,2979.29207759203,85662.4011092597,16.9587992687348
0.00122081635627328,30.4363451513936,0.249416728657833,2.49823373055839,25.1745852592095,2.08290452842778,5.16049172118158,1376.93528442968,152.691530020886,1707.16835074152,323.342506565985,103.705761390318,2972.88166212933,85606.7825530459,16.9646358966868
0.00127717534633881,30.3487338673196,0.247886223974055,2.30262779154674,25.2258693823498,1.94441921291044,5.17624715455133,1377.09028246848,150.08342112805,1707.70367069053,320.512444189135,103.685141355381,2969.80614466558,85550.0928284475,16.9704568935258
0.0013359036754914,30.2874285616919,0.246933290749246,2.12532223222281,25.2734667174435,1.80295377233471,5.19277434576667,1377.59053881982,147.527037689729,1708.60186197367,317.773472429742,103.683322341207,2967.42698392544,85579.4740606113,16.9762642620755
0.00139771243913846,30.2442692921241,0.246667789722928,1.97084092277324,25.2997377782157,1.66077782430052,5.21086453261785,1377.30852367842,144.911390383677,1708.47225331799,314.875129883055,103.615954334422,2963.33596350039,85798.5939447763,16.9820603694372
0.00145918802343543,30.213946423735,0.247132172630536,1.84649848811407,25.2879558167895,1.51907330861533,5.23139503594902,1375.4735728645,142.143143512835,1706.37319694136,311.656378375851,103.426049453591,2955.88865186545,86101.4848814576,16.9878415985295
0.00151658830053652,30.1948325029256,0.248364547510844,1.75354066266512,25.2362151256429,1.37929237933411,5.25427143830998,1372.30376103089,139.22219989781,1702.58810879829,308.179481128468,103.131439525626,2945.55732393437,86419.7347534793,16.9936052455272
0.0015669841640899,30.1859077176327,0.250464024976199,1.68633480630352,25.1542349739849,1.24306862826019,5.27864612713765,1368.62678265052,136.224329453644,1698.14903142279,304.637253302849,102.79564978696,2934.12241099099,86666.0887700707,16.9993486180814
0.00160817195258863,30.1826978101725,0.253636186041168,1.63400010961721,25.059189675441,1.11206562298291,5.30321139324451,1365.62005015768,133.286320441839,1694.51420413471,301.293917939685,102.50812509963,2924.12261189227,86745.2498534837,17.0050691386691
0.00164322444043077,30.17709852384,0.258136925077257,1.58464693164586,24.9673613630458,0.988089248679742,5.32670925585222,1364.29380263967,130.549743363869,1692.92887256307,298.370409246584,102.345228698888,2917.74515517494,86751.4252885273,17.0107685098437
0.00167716809419464,30.1646646350656,0.264128416226677,1.53337881161915,24.8810096865849,0.873301649934922,5.34870488984006,1364.12584489385,127.996429663476,1692.73720950123,295.748768146864,102.267795309445,2913.88778158723,86738.1966263298,17.0164475806229
0.00170749861451873,30.1456261388881,0.271905226512494,1.48408746788755,24.7901521063527,0.769872881306005,5.36952816480024,1364.04718234705,125.531040724665,1692.60718185085,293.198028466175,102.195482761602,2910.26606574788,86865.2136358337,17.0221094776271
0.00171745883680254,30.1200172462194,0.282494658349586,1.45544841269549,24.6723577476005,0.677152478587723,5.39073311869047,1362.72658216438,123.016262863509,1690.87255429242,290.466303900284,102.027757699136,2904.03555436137,87334.8082890161,17.0277579268917
0.00169450241254109,30.0858061324575,0.296879525052034,1.47601691533636,24.5050608563236,0.59153932250972,5.41435719659665,1358.95716935866,120.310480928334,1686.01566200432,287.374314233181,101.673482654592,2892.62773883247,87934.4346606829,17.0333871792665
0.00164409542316163,30.0429043476015,0.315838930082514,1.55667422108808,24.2889952882781,0.511767285883109,5.44059164455036,1353.15096254164,117.420228178435,1678.54744343438,284.059383306785,101.164268344553,2876.9277820734,88537.06031345,17.0389936601509
0.00155572963954254,29.9926028697935,0.342740306689044,1.70520000671866,24.0311463424775,0.438264110879818,5.46895628497153,1346.25383300813,114.465316569676,1669.64989715002,280.74201624299,100.571882307429,2858.99692327924,89422.9964151763,17.0445812424685
0.00139065281171987,29.9339878526749,0.391940720534715,1.99899549053102,23.7146642892018,0.365894809829802,5.50149197001437,1337.7964125974,111.647746265531,1658.72478590782,277.468133111721,99.8604565361615,2838.09083213652,90998.5592236226,17.0501536278533
0.00118151015517974,29.8650298621972,0.493449611610212,2.58552392182378,23.3126706890832,0.286546220173332,5.54161187848752,1325.89141477967,109.213989789384,1643.39965669868,274.159775972403,98.8879139854714,2810.66645725508,92825.4299364864,17.0557016781855
0.00046386469887196,29.7872400968357,0.758555589329225,3.52192165668003,22.8359434932517,0.194624686175273,5.58951615563555,1310.67385792525,107.342129465252,1623.84804690351,270.951344180756,97.6658662458317,2777.20608952394,94663.9854046206,17.0612219804594
9.8558354860546e-09,29.7305703094977,2.39800852380308,4.71132417544632,22.4788049813545,0.0599553531702521,5.63461562545125,1315.99568883909,107.664932601827,1629.74331066663,271.805530251672,97.9762052306099,2787.54285899449,105628.897090962,17.0666924908869
4.73216483828923e-09,29.7105551570738,7.74876217756976,5.91891007760437,22.0082774030048,0.00872890125270727,5.6690879792533,1312.91734954521,108.163886654665,1625.04991979055,269.128430465009,97.6599539331862,2779.48766690204,107201.331299237,17.0721578251915
1.48145670211212e-09,29.7508937081629,14.6284082496225,7.1753843733537,21.3279638085309,0.00310397200404404,5.70817345392637,1308.36739922112,110.103383708628,1618.07390938773,265.589774567167,97.2029358979176,2768.70854747087,108678.598068229,17.077595423236
9.85171058449599e-11,29.8628477746112,20.8755429400176,8.48429602445869,20.5486815041229,0.00229936043933699,5.75478826089497,1304.8375780214,113.656436982931,1611.86888488351,263.395356655732,96.7837310140123,2761.43985363221,110069.987682616,17.0830053585937
1.16968810600163e-12,30.0207726638704,26.3627350586821,9.79223476149088,19.758941563186,0.00168073542915415,5.80361617807854,1298.36363778596,118.10067680237,1601.67462599333,261.609796686038,96.1166749571736,2749.05900586281,111147.979171861,17.0883862905145
5.73624190161384e-15,30.1582093261972,31.2177667083901,10.99279924984,19.0186646455133,0.00112765985357023,5.84988718331034,1293.86957866354,123.129495783917,1593.89759378998,260.666643836059,95.5905107363242,2741.41185267925,111720.91188019,17.0937372451721
1.0337123004172e-17,30.2048535615956,35.3732970862854,11.9853019002041,18.3524961536376,0.000685964375397027,5.89164719985856,1292.53540937001,128.286130299098,1590.27851920721,260.469292508023,95.3130053330066,2740.64841679917,112052.458699825,17.0990593972139
9.47136519117044e-21,30.1584115908826,38.8879008910844,12.7763186778051,17.7499014857702,0.000368469589709372,5.92955667088969,1293.65281299519,133.517543552311,1589.93294439667,260.735177901316,95.2314150511281,2745.18368514441,112220.06367874,17.104352784419
-2.37569770221583e-23,30.0522084384806,41.9062367992075,13.4211744121735,17.1973491987549,0.000172715449880897,5.96455310774806,1295.27398757081,138.804828729374,1590.30795135743,261.026948043854,95.1924643771479,2750.84186591068,112149.907177933,17.1096166233291
-2.69240838735611e-22,29.9132946729086,44.5657082819783,13.9768620129295,16.692212386689,7.05080116624424e-05,5.9968046669631,1297.56668868528,143.958547669429,1591.47537686795,261.358031412125,95.202989502547,2757.6856837813,111801.40975943,17.1148502293727
-1.28714702119877e-22,29.7534684285974,46.9750891388974,14.4882285624084,16.23342122359,2.36506742255122e-05,6.02629117514978,1300.77534284692,148.647544544226,1593.65785220896,261.748466554496,95.2795089003806,2765.87765454013,111336.221950695,17.1200538594011
-7.47567374781185e-23,29.5762274958685,49.2113729544298,14.968202628995,15.8121139152917,6.24331844849423e-06,6.05347904105716,1304.4529108455,152.841806169081,1596.31824102629,262.103471166581,95.3890160610337,2774.48940304015,110824.236279277,17.1252273740744
-6.3268646878717e-23,29.3893458636928,51.3305475422447,15.4066379948375,15.4241994055196,1.40623549360909e-06,6.07860273222533,1308.55638299592,156.672343119058,1599.4804055535,262.462457369402,95.5306245196045,2783.63124400994,109992.387181478,17.1303688130769
-6.28759835590393e-23,29.2209783849353,53.4112130721514,15.7801953767655,15.0822646725483,2.96732939055486e-07,6.10092652724082,1314.31260119741,160.254722256012,1604.78064053197,263.153404614344,95.8009374829946,2796.06812326366,108647.538507475,17.1354762166902
-6.13356561473199e-23,29.102533666538,55.5498319851098,16.0797689926548,14.7948191137465,6.17964506141649e-08,6.11996402040011,1322.27658928135,163.633146631264,1612.99297582787,264.340796701137,96.2454746047067,2813.08656619771,107258.122288227,17.1405512640932
3.3885962301638e-05,29.0123501065964,57.3695377630181,16.5976507422208,14.3665098874671,0.00186341670772672,6.14956931542983,1306.85674079694,165.41374126406,1592.44688904519,261.678034423146,94.9645632821258,2781.59200713148,96742.2704927219,17.1456137850938
9.86554712703923e-05,28.9433111364403,50.2843178510432,17.1735928005352,14.1210691707341,0.0118327539466296,6.18296149590882,1296.89739944415,167.608966447627,1578.78884466762,266.814717982011,94.12088987738,2765.78342272173,95447.1454672266,17.1506248178156
0.000129634414285677,28.8939792434226,35.9262603278947,17.4286195590388,14.3257901916552,0.0350907831017596,6.19670312934051,1302.31232195874,170.079098612057,1584.5104482944,280.222961775194,94.4883848283946,2785.22704015412,94054.678165207,17.1556014341497
0.000134639550445199,28.8447181012019,22.4719478438435,17.2793545122747,14.8524756095633,0.0682084168846005,6.18335428173512,1314.82230662687,172.335905415184,1599.33594528148,294.45200029709,95.4448550347774,2819.05761514395,92728.222014876,17.1605441433556
0.000144022290979603,28.7870968205184,12.1345073184971,16.8984791336346,15.4891850348335,0.116970110140861,6.15314058790915,1328.05201419002,174.173547694504,1615.26505665644,306.547888325177,96.4927648625309,2852.91032701826,91520.9157101463,17.1654530389828
0.000160580597927543,28.7237939532281,5.10070234358725,16.4135367110075,16.1026756014762,0.196246687415509,6.11334467737167,1339.27927599821,175.560586184027,1628.85057883276,315.448216416993,97.4112705157108,2880.77762630117,90413.3340901193,17.1703276346553
0.000193408675816529,28.6630553872458,1.55157491863852,15.8585765096212,16.6140261488399,0.347291780755812,6.06336030984066,1348.23423215362,176.533142907444,1639.71528905001,320.671742159245,98.1693411585157,2901.82765464528,89378.3090433879,17.1751672612947
0.000215596956711073,28.6134162643495,0.812958212652091,15.2498615853588,17.0284693581516,0.566648028582892,6.00476189539813,1355.59189583514,177.140369369763,1648.66128693749,322.88841531313,98.8121559473961,2917.76893767025,88435.383590741,17.179971815345
0.000223014036406496,28.5773033386287,0.640245930340807,14.6456911058665,17.4343239685711,0.776556311861457,5.94731142018314,1361.94343818819,177.433507917956,1656.38028919516,324.269137926326,99.3840043764445,2931.04902622284,87589.3294909727,17.1847411496045
0.000228155406954469,28.55171462556,0.550248621254711,14.0532877590454,17.8347135302331,0.980327871950352,5.89127144979498,1367.5351570286,177.461935777991,1663.17686914939,325.319077694789,99.903463375223,2942.483947913,86891.9004211508,17.1894760697452
0.000234146797647809,28.5299130388447,0.489134436988025,13.4684703394876,18.2201598018702,1.18517757332105,5.8361567210488,1372.16541681402,177.273701680728,1668.81622787034,325.963752102346,100.355257911548,2951.68849768256,86406.1691743234,17.1941780451543
0.00024193346258465,28.5042239503253,0.442468172200438,12.885424671076,18.5793369894824,1.39520615995657,5.78195975602662,1375.51760306899,176.914637345749,1672.91640864676,326.067130736422,100.715551627536,2958.01235052032,86040.9629213656,17.1988456437922
0.000251731747180539,28.4715975772411,0.40506919892944,12.3005988344673,18.9081842489189,1.61240510154001,5.72860078249491,1377.77879787077,176.42768210652,1675.7090286964,325.641349558703,100.997713400212,2961.85604552826,85743.6759409128,17.2034775922269
0.000263793256492728,28.4327561637868,0.375355104245668,11.7184743599163,19.2063914948174,1.83677812273915,5.67611260830685,1379.20166604998,175.847280821857,1677.49622316443,324.74761262627,101.219195283436,2963.75958741605,85637.9444315845,17.2080763047061
0.000278502396620668,28.3880333005375,0.353054449397667,11.1628372122288,19.4659722619495,2.0644751362857,5.62556119439437,1379.24522094404,175.174323958827,1677.58524849327,323.309396502188,101.336569974214,2962.6086832086,85915.3625580469,17.2126457211836
0.000296080625242646,28.3365865075579,0.336247026190102,10.6715495226075,19.6746591619709,2.28653763457741,5.57900657063237,1376.94367074206,174.363975934972,1674.75307958794,321.182740630753,101.273661248679,2956.38838812211,86378.9567618044,17.2171807742066
0.000316583288179002,28.2792355020359,0.322986805235548,10.2613399357198,19.8329453956056,2.49615783119749,5.53741767942735,1372.60438553148,173.417722452133,1669.3627557903,318.50019934411,101.05129084485,2945.75574410236,86901.7980827906,17.2216777173231
0.000339120466759852,28.2197999521254,0.313058899371465,9.93099862752892,19.9503872120275,2.68907939609665,5.50083566913618,1367.28520418326,172.4136765186,1662.71408413319,315.552368838778,100.748018256095,2932.97900003892,87507.7437353117,17.2261361781064
0.000360648695627325,28.1718381668175,0.30801926019311,9.69599651547687,20.0364548995056,2.8573175291949,5.46990878279972,1361.50866216521,171.476304956837,1655.44155020249,312.552231216244,100.40244057545,2919.27766142968,88269.0330766867,17.2305565427899
0.000378791878164465,28.1585947537409,0.307939662924104,9.5963428543921,20.1006516842235,2.98677891978636,5.44624547895681,1355.68989557139,170.789905757181,1648.03296758868,309.749811896475,100.044580005299,2905.71790367728,89104.7215590535,17.2349368574684
0.000390503611274908,28.1919358304459,0.313900587166487,9.6485973750864,20.1531487474842,3.06813839781624,5.43061477414525,1349.80267640744,170.40160701115,1640.45224493625,307.225201324242,99.6722780339169,2892.32900157171,89963.246708633,17.2392759574287
0.000396549969301333,28.2673713320154,0.324762102228133,9.83119208322251,20.2031836522199,3.0988584683024,5.42265508351705,1343.46510735155,170.229912957954,1632.24762595313,304.85059113335,99.2571572533749,2878.25411727044,90825.2782598999,17.2435733524192
0.000400783105393015,28.3719500132712,0.335531040242797,10.0835197347974,20.250962157086,3.08838625443908,5.42074118090971,1337.14756117432,170.253871126236,1624.01324476908,302.599086188079,98.8339259660477,2864.38072518253,91676.6688112569,17.2478286984977
0.000402532528413435,28.4927715228046,0.344998914262169,10.3258211520163,20.2875299617999,3.05678568683673,5.42232031404732,1331.5961505739,170.485701090043,1616.6771899046,300.487827875316,98.4578025663574,2852.17375996989,92500.6510580549,17.2520416606337
0.000401542075113426,28.6234679056335,0.353701580706422,10.5183756822758,20.3090994960947,3.01908044219287,5.42541567738867,1326.64861951036,170.864832775733,1610.04927173453,298.43042605066,98.118028903814,2841.23319761287,93278.113448144,17.2562119073961
0.000399458241540221,28.7643198367069,0.362524749521084,10.662345473581,20.3144291935606,2.98196976488841,5.42921058551672,1321.66470320436,171.324646960494,1603.35333476032,296.322442931881,97.7697644005989,2830.22651610391,94176.6508219208,17.2603404035655
0.000399189698837705,28.9218475129502,0.37147105821409,10.7619908054323,20.2905674214745,2.94556169234506,5.43451053478141,1315.78346889236,171.845954860035,1595.57230432114,294.026323443732,97.35287416299,2817.44055059636,95379.809968614,17.264427788702
0.00040146847567433,29.1040005863474,0.379631458305225,10.798762176215,20.2215871018009,2.90772956395565,5.44253849727801,1308.21646988917,172.393890727515,1585.81804404224,291.386659326029,96.8136566500304,2801.31599904595,96604.9971523629,17.268471703255
0.000405858260662664,29.3102400071268,0.386569665373589,10.7561309064235,20.1132159211063,2.86927362303829,5.45283006568111,1299.62268802079,172.969417224996,1574.93560672328,288.538762585453,96.2041316614711,2783.23727987992,97733.6778702144,17.2724712709361
0.000411686543400984,29.5313206744973,0.391487785909894,10.6416232203696,19.9835710500135,2.83072827849361,5.46426518932851,1291.72159161462,173.66586338793,1565.0023036991,285.846502525773,95.6519131050197,2766.76894025687,98679.656188265,17.2764260153854
0.000418889922105349,29.7466516155332,0.39337978226453,10.4871759600549,19.8516526632294,2.79273415333901,5.4756537787277,1285.99085945108,174.578837595223,1557.76094295756,283.613076925588,95.2651137879861,2754.94054227642,99384.0275436546,17.2803356305598
0.000427786065624395,29.9324823694716,0.393063428962663,10.3318741802683,19.7279625284393,2.75776503217966,5.48603844268544,1282.39408387649,175.685931757549,1553.10636456814,281.81082942258,95.0388988201122,2747.59230087989,99958.1974649064,17.2842004490346
0.000438368013907126,30.0839151264215,0.39160196524239,10.1880427368882,19.611029703872,2.72732059693832,5.49532906862193,1279.79019645364,176.88374344194,1549.63304221016,280.194345571713,94.8867788811069,2742.29932636622,100444.842863385,17.288020416728
0.000447627465464116,30.2063606041917,0.38820862114751,10.0402003858811,19.510542963429,2.70192623269872,5.50292310547636,1278.22228308948,178.130502536827,1547.42190486419,278.783290939624,94.8127834577434,2739.15093648784,100300.052182871,17.2917932991478
0.000450940979971192,30.2994554954197,0.38283032047905,9.85472023753721,19.4751767814192,2.68596207815065,5.50539518315892,1279.97031923482,179.463813476828,1549.30603693131,278.084679370457,94.9912128766358,2742.89912185761,99115.6105678172,17.295517135719
0.000449756485668388,30.3605492207585,0.376683211787823,9.61136277719817,19.548885271995,2.68552849957653,5.49937997154578,1287.10503338797,180.967511605409,1557.84000235641,278.567407046808,95.5800900637765,2757.88511484347,97707.0877576774,17.2991942380902
0.000446938842021849,30.3943204668483,0.370232413822251,9.3227171561083,19.7167667637692,2.69917228328182,5.48598160866532,1298.42240808249,182.617461130793,1571.53931049163,279.976101545124,96.4881825107179,2781.61484504083,96324.0572302753,17.3028252238093
0.000446077776710223,30.4074290878273,0.36349671462517,9.00330930445798,19.9448650598902,2.72645241075087,5.46722754612421,1310.31613543134,184.122358451674,1585.99297848919,281.5190754997,97.4436438848568,2806.47094863461,94988.2368807516,17.3064098649166
0.000448993538475772,30.4069564682105,0.355874594425631,8.65426502251824,20.2070979871651,2.77105446949673,5.44406194990542,1320.7938312907,185.289123401725,1598.76333203219,282.724402219867,98.2966817194398,2828.19993221642,93701.8147949217,17.3099478367899
0.00045591559739806,30.3996616051879,0.347760935937837,8.27033819614747,20.4899824925048,2.83514281249312,5.41689154826031,1329.86427620414,186.103198907615,1609.85316810739,283.541874080568,99.0479259090989,2846.77044369191,92482.2889381906,17.3134389228752
0.000467117596484874,30.3883763930437,0.33973918329652,7.85581195421606,20.7881689275534,2.9160784007145,5.38638985934808,1337.95182500861,186.609715115956,1619.7743186286,284.047661752922,99.728446387502,2863.06944924699,91341.2734310029,17.3168829247241
0.000484941216912728,30.3761534660316,0.332513273158371,7.42358269496657,21.0918537271283,3.00845111819795,5.35394455738928,1344.99774395742,186.851331915221,1628.44740728931,284.245409139609,100.332064870133,2877.00999733166,90569.6242676635,17.3202820086392
0.000513890628011639,30.3778187059853,0.326459290204978,6.98847172483386,21.3674387154283,3.10380950402684,5.32279277841236,1349.50952158026,186.810687287385,1634.03356108421,283.84531792525,100.743485645387,2885.52515138848,90482.3114244904,17.323639219424
0.000554727105867559,30.4171964662022,0.321265884032637,6.55640576522255,21.5747371521223,3.19075824865413,5.29693787848813,1349.9153404594,186.448777937508,1634.59315980154,282.529212235245,100.841362639368,2885.3590390852,90655.520329669,17.3269511327339
0.00060614675314136,30.502331310949,0.316751200354717,6.12536568104221,21.7097648369468,3.26218530768686,5.27761516612577,1347.10167150314,185.835515355243,1631.19897059211,280.48050783854,100.6911239818,2878.36451016844,90893.9236580328,17.3302156500486
0.000664181621269905,30.6219442597146,0.312605401537153,5.70000583719446,21.7967940048961,3.31312181749373,5.26410112743357,1343.40731343091,185.125844848574,1626.70540430803,278.19127206056,100.467994097254,2869.43673765079,90910.3473072865,17.3334302725963
0.000722217607797586,30.7462442795032,0.308559098316583,5.29447329732361,21.8803177323471,3.34100819904194,5.25415656059401,1341.68260106773,184.462877096301,1624.59919060704,276.265841555221,100.385783072435,2864.51746667224,90430.1056677217,17.336592651439
0.000777718117342749,30.8412034161669,0.304644966765788,4.9288929630727,21.9993887669642,3.34653080478057,5.24542855461384,1344.01524290403,183.938649886981,1627.4353953887,275.150549606815,100.600524244063,2867.95188401532,89841.4009138008,17.3397051983449
