29.3247921981405,0.15844398093732,1417.03529042987,203.963708130934,1830.71847148565,101.014379651779,364.534946897644,3.11759409228103,8.00053710695971,5.56775970344156,18.6497523359825,4.87368708512356,3175.21469117822,89127.6992361931
29.2990838393288,0.157837110160037,1425.80085865393,204.46713554733,1842.27774962188,101.713087360077,365.529176738069,3.12707570170047,8.10793397808002,5.0518302897987,18.8399192926711,4.84511826449943,3193.80759663154,88696.7657022323
29.2814152843309,0.157120992573747,1434.6421933364,204.843096507044,1854.02550424576,102.421852325434,366.491447078301,3.14160123398468,8.20352050221489,4.54563130035024,19.0402924222848,4.81759022594475,3212.58905778709,88875.9144968843
29.2734921127999,0.156322728634232,1442.57307876423,205.055170878831,1865.30897634308,103.103411185053,367.305610929358,3.16251554903501,8.2796060344862,4.06385589083508,19.2506166200728,4.79221129882635,3230.46563310986,89370.772850437
29.2737028315846,0.155477244026603,1448.11029054634,205.006159799937,1874.77122984316,103.682191630579,367.711140159255,3.19298607407043,8.33226677572643,3.61354682671015,19.4616135702719,4.77006953350306,3245.13283391841,90035.8720890411
29.2769080244388,0.154611185580908,1450.45127917129,204.590873028602,1881.03847230172,104.082133976305,367.44042012774,3.23684636388558,8.36107446861144,3.19375348254405,19.6574429870679,4.75213520564962,3254.24786657869,90485.9973210643
29.2760003688898,0.15372097720124,1449.75848707484,203.740888438041,1883.42849520671,104.265805499196,366.35557561362,3.29794197661965,8.37114067473633,2.79612757537771,19.8224156394623,4.73860314435292,3256.62835547946,90190.8237502145
29.2645790850892,0.152776771559097,1446.98071863624,202.477297848869,1882.4456461591,104.260863527687,364.553210065389,3.37864101691055,8.36661071682399,2.41336682582593,19.9498827072895,4.72930155955858,3253.11395236502,89541.5004998978
29.2393735046597,0.151738204348869,1443.61751329164,200.928535315233,1879.79147235077,104.160115910669,362.370777884799,3.47864622588358,8.34513926314284,2.04610777138938,20.0470370489764,4.7241860140726,3246.60232626567,88827.7965002774
29.2011118002873,0.150567331541235,1441.18845265988,199.262197947527,1877.55939619177,104.077586078988,360.221599258081,3.5964482532977,8.30170742751528,1.70050002137899,20.1305008369871,4.72305107809445,3240.66718635613,88146.4942841373
29.1535170913032,0.149245117369677,1440.59324662147,197.596998239736,1877.17908738818,104.090616788227,358.386388458406,3.73113637659898,8.23139779059927,1.38476541440361,20.2173793516715,4.72564848878375,3237.75178142182,87511.3853230236
29.1014046380908,0.147778079961895,1441.94761103845,195.974255792094,1879.0478381603,104.219695887461,356.94346040465,3.88226525091725,8.13028813901095,1.10638876644675,20.3189310929215,4.73192037254154,3238.54062265074,86912.9522312473
29.0491942887717,0.146192349325418,1444.83441369078,194.379627083611,1882.79568657556,104.443220589411,355.82258996205,4.04834965167257,7.99581110533419,0.869929497862152,20.4393459638393,4.74201531222114,3242.41218828042,86344.6061694967
29.0001796592493,0.144521690341283,1448.65539792703,192.776913947932,1887.74093306753,104.722806532399,354.894372893763,4.22552960178211,7.82718304297696,0.676119723542997,20.5778231073922,4.75610680850035,3248.21467874465,85796.5433436671
28.9562972821216,0.142796874434379,1452.88329674821,191.131899111214,1893.23894724743,105.022698778876,354.03762539087,4.40734388541174,7.62578514985985,0.522350118078208,20.7313408463268,4.77418042525477,3254.85963409918,85258.8001772687
28.91806245467,0.141040554174721,1457.16885791463,189.422981320336,1898.84394091701,105.318761808113,353.170294159079,4.58559327013152,7.39512250989217,0.403942139051098,20.8966800816798,4.79592394947663,3261.59800056073,84740.9511961942
28.8845714622851,0.139267031749199,1461.33995100278,187.642410180509,1904.32452566806,105.599288996129,352.251982693139,4.75189170487597,7.14052998767564,0.315306981781732,21.0713897750235,4.82071408982776,3268.04743258987,84249.5703025217
28.85387300577,0.137484911039783,1465.34600136033,185.793142521998,1909.60206559324,105.861419176827,351.271757288119,4.89940952676212,6.86838902254478,0.250679161434415,21.2539340630963,4.84771776826989,3274.08774163,83853.6766583125
28.8236794530321,0.135700398089328,1469.18717255012,183.884066240246,1914.66458880453,106.106100460616,350.231456549999,5.02416039815156,6.58494139400487,0.204604415209992,21.4433320791981,4.87607883971438,3279.71393681314,83651.0495783061
28.7919313393656,0.133917927306748,1472.83335175728,181.920404230392,1919.46379278254,106.332109270284,349.124773440712,5.12578440181798,6.29605391675203,0.172201282166217,21.6381018340096,4.9050186767057,3284.85732421289,83550.6310429796
28.7568994237158,0.132140323854486,1476.16589519608,179.895874342219,1923.83834886566,106.531696721488,347.922886588348,5.20659762715217,6.00725181942035,0.149566389009079,21.8351574630166,4.933901514189,3289.25347106883,83511.2903603137
28.7170928234728,0.130369181597185,1479.00856052513,177.796332451547,1927.55296504398,106.692841061333,346.583400756116,5.26982423946333,5.72344742100391,0.133848568043316,22.0300212314005,4.96225913386619,3292.51037979532,83521.6095752304
28.6712895079371,0.12860373721671,1481.21149454114,175.608617975571,1930.40810972398,106.805337983444,345.07104328031,5.31929451488524,5.44895749935434,0.122867507983228,22.2178976790983,4.98973132913985,3294.29502304699,83483.6999462431
28.6189236001274,0.126842268268221,1482.71761090117,173.330041838702,1932.32745826374,106.865561972711,343.374772698286,5.35916543363548,5.18685819952295,0.114917831892106,22.3949103261824,5.01609153333407,3294.48381379009,83410.655149785
28.5610155100565,0.125085172184001,1483.59655067709,170.975622478833,1933.40364897737,106.878902838603,341.517293348291,5.39326283582631,4.93805466128945,0.108719035492555,22.559150776576,5.04131982658763,3293.24279466324,83327.7946166184
28.5005705366094,0.123337520289521,1484.02272242875,168.577522661143,1933.8696165872,106.858187156454,339.549853744611,5.42404463317986,4.70096579319364,0.103526422634118,22.7108809930835,5.06563122418019,3290.98024958294,83421.9385291168
28.4416717580882,0.121611242257188,1484.17956618709,166.175527375121,1933.97097771053,106.816866310551,337.528787763912,5.45117581795299,4.47213921755859,0.0993391090267369,22.8515426728908,5.08942899836557,3288.13199027657,84018.2492162696
28.3882311500641,0.119923062735825,1484.0895620144,163.795308663285,1933.74015321642,106.756958191856,335.473071778025,5.4714773639448,4.2497991327878,0.0968941624141171,22.9808890071512,5.11296914461978,3284.7766722369,84938.6935053861
28.3430428154082,0.11829177394306,1483.43760950737,161.426773482305,1932.76070463852,106.65683084696,333.324224376541,5.47900746425379,4.03863025055341,0.0976278230363498,23.0937301379284,5.13587463054891,3280.23859156239,86022.3285435856
28.3072037229553,0.116737501778368,1481.59898673396,159.02893804726,1930.20072728975,106.473808827784,330.960882806544,5.46593235267409,3.85058611408175,0.103522251050559,23.1799157078987,5.15700054337521,3273.153660944,87593.4005736519
28.280293663187,0.115282424083144,1477.85799430853,156.555787290665,1925.09874348503,106.159927543454,328.25953150276,5.4225383728981,3.70228973439829,0.118057751218583,23.2264227933408,5.17468577590474,3261.96238078378,90066.298647045
28.2615810118853,0.11395642804092,1471.54589672468,153.975560366909,1916.54759802705,105.672170180021,325.13886459859,5.33139219884851,3.61755536768418,0.150171424294314,23.2176443539893,5.18645336982219,3245.23017004008,92785.4084462438
28.2522760577145,0.112815420228503,1462.00164817011,151.284715481646,1903.64767806051,104.971399056155,321.585797710752,5.16025097255612,3.63353972556979,0.22228065924139,23.1363951779592,5.18816360477959,3221.60065692055,95509.1979657416
28.2576325866021,0.111948041194058,1448.68128237211,148.523907391022,1885.65173489887,104.028816852528,317.705258839487,4.8765995048508,3.790461038887,0.381614057285263,22.9685760532763,5.17525105641833,3190.05659756573,98427.1602749775
28.2872809830955,0.111466722800046,1431.60227628731,145.812580943892,1862.5512375125,102.848083841128,313.7585968592,4.48687548590405,4.0937559138138,0.714314263342197,22.7061251463936,5.147903379737,3150.85310690077,101733.4741967
28.3567125788346,0.111541194707645,1411.57403969114,143.44599501167,1835.3710812928,101.469531389744,310.077956647195,4.07345238240153,4.47806073313008,1.3374856482722,22.3446136047425,5.11617770828385,3105.9824715141,105066.208436694
28.4907450601165,0.112500384030474,1389.37210791921,141.959164976,1805.06192415591,99.9132512893949,306.777399059479,3.7488653457465,4.8308984912344,2.32933018529147,21.882178062822,5.09643610065144,3057.37478491615,108235.84611976
28.7174399136361,0.114812538401701,1364.87589220509,141.936171466664,1771.38905401506,98.1403983158814,303.580803274349,3.55697742983997,5.07495762356991,3.64163890433569,21.3281111428528,5.09894085237719,3004.96389425893,110261.882490112
29.0483791446252,0.118786548804845,1337.98619374957,143.68250258601,1734.20263842401,96.1373287640463,300.146170865759,3.47329841567176,5.20933990721025,5.11042253362378,20.711058264543,5.12162443941839,2948.55101509137,110522.904483691
29.4612693086948,0.124324644457062,1309.99963350535,147.087198467975,1695.2641396183,94.0098611718805,296.51271125426,3.45630124661873,5.27024480184089,6.56703596912464,20.0735129670428,5.15631230461268,2890.73974078829,110201.899502011
29.9031024069709,0.130961359393193,1283.61525959356,151.769023105077,1658.21708726944,91.9707216667308,293.123866820656,3.47180719644654,5.29052254542453,7.90083101361848,19.4608391181236,5.19525698089974,2837.02652211264,109592.187527639
30.3150585989792,0.138071006638154,1261.60079158905,157.282167662965,1626.79648703075,90.2363925910649,290.485584245979,3.497220923311,5.29818648870677,9.04530000692502,18.9101339696195,5.23200517521082,2793.03464621324,108245.582681822
30.6586622972489,0.145101581052767,1245.54789864473,163.245451517539,1603.17407886896,88.9342674578864,288.892887459916,3.51992820470606,5.3180651598541,9.96515287036746,18.4427982146722,5.26162147167457,2761.9310198758,105963.66658812
30.9246246485534,0.151690658940708,1235.88854585612,169.396632156294,1587.9774434797,88.1029303538394,288.454683471365,3.53319146677848,5.36364511279822,10.6559662613495,18.0678710047463,5.28165079965447,2744.51157032682,103554.023742355
31.1236182762372,0.157600199222787,1232.57820955591,175.568816734882,1581.19777838535,87.7433773878975,289.224265022235,3.53324028245259,5.4365219774351,11.1336040510446,17.790391455686,5.29164099238995,2740.64264549299,101246.902047486
31.2722750494461,0.16268979790866,1235.29206959664,181.655068699011,1582.44545146523,87.8345520505294,291.197744556558,3.51868808956575,5.53381513578996,11.4204455762547,17.6125821605345,5.29194828067261,2749.62618288312,99214.4120192458
31.3847253770903,0.166942537705104,1243.336518583,187.606592870121,1590.82075914185,88.32639431412,294.273163022283,3.49031712033011,5.65062334992615,11.5414759056283,17.5309293846453,5.28352857763381,2769.98415870526,97521.6457948642
31.4699503704121,0.170434011472039,1255.678383924,193.395347724759,1604.95876447247,89.1427837835177,298.245664161332,3.45078975905242,5.78255223225138,11.5193244157916,17.5359711025878,5.26757821069883,2799.49287747552,96021.3009489222
31.5328616391969,0.173279170805542,1271.09830179952,198.978470316978,1623.24412586207,90.1937937573909,302.842364927978,3.40377501128826,5.9265112477819,11.3721611320768,17.6139022257505,5.24532875679459,2835.4978908314,94689.6078366553
31.5763625820346,0.175592178633089,1288.4386807807,204.303412327367,1644.14373540996,91.394064549937,307.790133420963,3.35286470658874,6.07981017908439,11.115674077687,17.7495014711768,5.21802521770327,2875.46230284897,93524.7521075369
31.6026705405464,0.177468630368568,1306.77639398564,209.32670120625,1666.43590557216,92.6754175285281,312.867040343598,3.3010005412215,6.24006283958024,10.7656096687927,17.928744322411,5.18681321197498,2917.36013640712,92519.1069648543
31.6134122639577,0.178986292643252,1325.45197726705,214.024959870397,1689.24866337439,93.9889040027473,317.918439320214,3.25034248996986,6.40492077094616,10.3403893831545,18.1400995653258,5.15271567678955,2959.75264692628,91661.9492687432
31.609086546844,0.180209601355388,1344.01452449409,218.392343214828,1711.9871887654,95.3007930095594,322.8486132399,3.20231638223636,6.57171607474864,9.86242860107745,18.3747621627263,5.1166691931616,3001.67071765424,90940.7190797573
31.5892329815987,0.18119887297293,1362.17404654724,222.444030439737,1734.26771699021,96.588777236838,327.610689271185,3.15755582823947,6.73571964634043,9.35742418579497,18.6262730482512,5.07977831385177,3042.5124181936,90594.6189134289
31.5533726137336,0.182021773635999,1379.74136385102,226.22201041474,1755.8341536516,97.8371698200231,332.189667884745,3.11602709165258,6.88816390936485,8.85213581378977,18.8894542383389,5.04363545577638,3081.91224334214,90938.9289183603
31.5024896878591,0.182749305847845,1396.38257779456,229.753657706567,1776.24317290731,99.0201084665214,336.527517949922,3.07813523621669,7.02116040695073,8.36857542099256,19.1567716815565,5.00982004083201,3119.18067374862,91652.1474400732
31.4404153101731,0.183454640295343,1411.37381663626,233.010970171673,1794.54972412456,100.084626803862,340.451466629641,3.04556131462709,7.13192062815219,7.92029263106248,19.4143171935408,4.9795244753584,3152.74661653815,92570.5838600565
31.3731270101174,0.184201732247152,1423.70354168267,235.911012635759,1809.44103550726,100.957979588533,343.700233228962,3.0209318577067,7.22192673080898,7.51276077938252,19.6427897581649,4.95361850072855,3180.37818057093,93425.2301969442
31.3063284757596,0.185016533002224,1432.38979551271,238.327502500659,1819.65394258813,101.570766970357,346.007503056812,3.00702107371395,7.29696077507835,7.14363661431121,19.823241659891,4.93233894451152,3199.87814299895,93944.1580085125
31.2437864597632,0.185889070592112,1436.95405257436,240.165933716727,1824.58497903097,101.889961279875,347.23632116062,3.00517473946801,7.36146809390186,6.80758194715232,19.9446114137811,4.91567577925871,3210.15849465157,94445.3947126625
31.1881019171351,0.186790578216114,1437.88805017251,241.461552185395,1824.88408974834,101.951424284105,347.504143398507,3.0138652592807,7.41506488367477,6.49930900433134,20.007438429819,4.90366370599897,3212.30593018335,95048.9102249177
31.1417317715214,0.187692451174911,1436.26750147187,242.345316875087,1821.95343216007,101.832304407455,347.085703445465,3.02984679916101,7.45453666306161,6.2137664051947,20.0202395805415,4.896305172404,3208.72956040706,95919.8396599098
31.1063316685707,0.188591117693825,1432.94519882333,242.946660738782,1816.90387669656,101.593150850174,346.213576915964,3.05033679945757,7.47412813916687,5.94948599352339,19.9920091135569,4.89394240345755,3201.36608607887,97233.8979764071
31.0807235638665,0.189508458656574,1428.11127287228,243.320952516813,1809.98857849296,101.247197543293,344.969647489573,3.074284374565,7.46867045653594,5.71068404396782,19.9266984329622,4.89713452997977,3190.68994383799,98755.6132328456
31.0585332509261,0.190481951273217,1421.31992650187,243.436753907563,1800.63854453712,100.763065654087,343.29886129156,3.10202690311274,7.43510967766381,5.50974072434189,19.8224082062149,4.90650408593927,3175.76676700767,100375.944309035
31.0285657228304,0.191554048044886,1411.88792014829,243.223875225458,1787.97586070043,100.093059229365,341.104635139173,3.13393476524417,7.37051918059046,5.36581214587501,19.6744921065984,4.92282907127253,3155.13577473616,102130.096490619
30.9778698505124,0.192754752900029,1399.34707286515,242.626397537008,1771.39807535609,99.2049607570659,338.337193634428,3.16974230661567,7.27301096706164,5.29620663189238,19.4794774394968,4.94666355585616,3127.79966187693,103962.581329526
30.8934191485569,0.194092915546483,1383.64466549125,241.628219175749,1750.8343051178,98.0951899844155,335.023441695421,3.20877058489991,7.14408842114852,5.31115662657578,19.2373934635976,4.97786535596077,3093.65561655657,105674.92905056
30.7620266269929,0.195563820339267,1365.14044519057,240.264626206789,1726.73429277536,96.7871300792635,331.267148182478,3.24995708109173,6.98789248207036,5.41744348013717,18.9526888908999,5.01566226156857,3053.49033389564,107219.383775311
30.5729641082213,0.197158934823168,1344.53595462592,238.625113982592,1699.97639095378,95.3265621280544,327.24239461709,3.29174053216609,6.80841893366319,5.62101914401464,18.6338501700815,5.05906823753868,3008.83782942586,108719.14304756
30.3223294086646,0.198869125452198,1322.72042197752,236.834894701988,1671.67502334703,93.7729202318304,323.161080478883,3.33256968329995,6.60900583373069,5.92286696428658,18.2912774918718,5.10706562215575,2961.64846384718,110248.770148965
30.0156796458097,0.20068905099826,1300.53894403962,235.022130074422,1642.88016683135,92.184387397789,319.210808990426,3.37183922865986,6.39491761210523,6.31112858155448,17.9341538146306,5.15840664237553,2913.7678573156,111617.731400065
29.6671834179582,0.202627870148497,1278.62464859815,233.297621751387,1614.35383793889,90.605742988373,315.510794895382,3.40996872264844,6.17385108519415,6.75893827872049,17.5683955106295,5.21165217635883,2866.55602173575,112772.90449684
29.2937724702272,0.204712467724558,1257.42074560499,231.757011073867,1586.60963568218,89.068671846306,312.133632653042,3.4471480126428,5.95142168576095,7.23663083571262,17.1973167947998,5.26578530326236,2820.95454388093,114029.733578421
28.9057258151491,0.20697914718456,1237.24836987414,230.483805796956,1560.02491545576,87.5959094517181,309.136951017597,3.48273150414792,5.72917650995397,7.72294175993121,16.8227192876734,5.32045235058986,2777.66383493873,115613.128114711
28.4924721752494,0.209463955162527,1218.20989979493,229.532181141462,1534.74242285251,86.1950690900978,306.526166369803,3.51660994487753,5.51019406585568,8.19667754476475,16.4438398481213,5.37522804555146,2736.94063072168,117125.228594683
28.0148281853252,0.212216412334032,1200.08428508986,228.92137982148,1510.5405710056,84.8514297887314,304.214367681234,3.54997579053647,5.30050001418675,8.62720127775129,16.05632589118,5.42944955826993,2698.36727345947,118494.980456173
27.4291231562099,0.215251068345228,1182.64792269755,228.647422242966,1487.21163764351,83.5509297581878,302.099475071036,3.58452027174415,5.10899966267695,8.97910312105506,15.6574429426812,5.48193407152767,2661.51077420122,119064.235273978
26.7236732997537,0.21847216466265,1166.13813637331,228.694139596224,1465.11648119046,82.3136871853708,300.185644548443,3.6207944926711,4.94765047822739,9.22499789567641,15.2530759992625,5.53057710494913,2626.8842037347,118526.305697817
25.9334012984001,0.22170180021409,1151.45046969322,229.071765788428,1445.41592155595,81.2070855951883,298.662649528877,3.65592688890014,4.8213805250777,9.36279141691067,14.8587956458935,5.57372477295925,2596.39260576655,117771.178863942
25.1250282108659,0.224717470607031,1139.8458166365,229.811964009591,1429.7088917665,80.3246815229119,297.838218420895,3.68474210036318,4.72746286219959,9.41193980180435,14.4947724507856,5.61054837766683,2572.722308076,116963.802363456
24.3609397035406,0.227350372129619,1132.14626248117,230.917687080497,1419.02684460922,79.7279795751291,297.925305376471,3.70323181292681,4.66112734156077,9.39655848152976,14.1757394851971,5.64082579586214,2557.60941215287,116411.791071283
23.6737018372427,0.229564094147031,1128.27701428497,232.350407847736,1413.25937034256,79.4122516112435,298.925766983684,3.71035346329589,4.61509112004266,9.33684492153268,13.9049342277221,5.66535809155143,2550.86588737856,116317.451049452
23.0691934533332,0.231410644597868,1127.36511317976,234.00986300139,1411.29583273712,79.3147778280994,300.639443833111,3.70845209050955,4.58303749912937,9.24352690087024,13.6757238726934,5.68537675233201,2550.5795562576,116336.195467664
22.5398948387466,0.232982685299908,1128.09455796824,235.738760575467,1411.48468766375,79.3415336215983,302.744052309439,3.70186584522866,4.5607948863647,9.11900163955088,13.4757923952809,5.70212912449883,2553.87190973666,116418.135404069
22.0764730941073,0.234330451872209,1129.2666207369,237.370242305385,1412.33480237081,79.4078096873135,304.929014296999,3.69526073455869,4.54864132032785,8.96028175666451,13.2937004886155,5.71618923365866,2558.1058961987,115787.265957979
21.6721680798356,0.235439465702863,1130.29557152103,238.787330891747,1413.12528114494,79.4733071748097,307.021107817371,3.69171564999249,4.5530815728038,8.76147136442163,13.124647138163,5.72690526479711,2561.96147497171,114101.659378695
21.3182688499531,0.236285761303119,1131.58931335039,240.024146421341,1414.36153630311,79.5666208288213,309.11843570616,3.68972824320804,4.57611445735341,8.52208438262069,12.9731389487235,5.73378492688,2566.31233611648,112447.568635033
21.0016144231063,0.236819987588579,1134.28532759239,241.242174892198,1417.44161039266,79.7660786037776,311.533689161264,3.68478488435835,4.61304647140124,8.24646817829652,12.8503318191565,5.73694282532517,2573.65660478842,111014.315253642
20.707606213651,0.23701096561213,1139.2741088923,242.575737566293,1423.44788710558,80.1322536601428,314.521018724111,3.67351969866123,4.65870546468722,7.93952909981322,12.7649250911664,5.73669424257339,2585.94986491276,109971.939434557
20.4239117436287,0.236877203075269,1146.60710121574,244.045639138618,1432.41791789795,80.6668224145007,318.111584501312,3.6555945647496,4.70804399112066,7.60819633050419,12.7170813679672,5.73377708054614,2603.30045515292,109278.337224573
20.1430710660035,0.236456406918234,1155.56946427257,245.542832862616,1443.44504478664,81.3184620931806,322.11699139883,3.63364255740839,4.7585983102106,7.26115451769997,12.6993349593449,5.72894031842877,2624.11029237978,108551.567428075
19.8630642343533,0.235781052276337,1165.14274807294,246.885661479655,1455.25814470244,82.015482502641,326.247847143523,3.61127386233913,4.81044046410506,6.90916368693354,12.7010136125215,5.72271097175416,2646.09023082766,107723.448463858
19.5859688109504,0.234878601000646,1174.58674067737,247.940191772638,1466.93953688919,82.705870967416,330.28732865359,3.59059842315286,4.86221736475184,6.56471548959373,12.7136273090389,5.71568761947394,2667.5768722857,107097.041931072
19.3156780125517,0.233781936840027,1183.6375979658,248.678703284412,1478.16181001252,83.3705671005544,334.159117962778,3.57171872287286,4.90933421266111,6.23953041440888,12.7328397596372,5.70871553010608,2687.99215541312,106982.851314554
19.05688011719,0.232525149996454,1192.17026937746,249.111425103617,1488.76147088201,84.0001403642262,337.824616874719,3.55460136171086,4.94805901519258,5.9400812770603,12.7554545296825,5.70246658018561,2707.07031733571,107077.773512663
18.8144596200825,0.231145949435477,1199.83327327859,249.205507559404,1498.28201315804,84.5694432546432,341.170776714118,3.54033665848585,4.97784143117945,5.66643835012904,12.7757547408989,5.69729207718774,2724.01941725871,107299.370707828
18.5919622682063,0.229673040928822,1206.12651237077,248.89223903253,1506.07813749459,85.0430594126096,344.035502296092,3.53073207986891,5.00033113352909,5.4149231098882,12.7862779685124,5.69332608663264,2737.69959463139,107373.993350631
18.3903325831371,0.228115821129491,1210.71828052256,248.120889998671,1511.72158944334,85.3976569089377,346.3033031195,3.52727279429485,5.01922725841168,5.17963318291237,12.781373147065,5.69033932065924,2747.34609409994,107161.744591108
18.2076305297226,0.226471579323531,1213.72197385553,246.915140989733,1515.34352451358,85.6406605167229,347.99559739207,3.52979843545159,5.03609091928721,4.95478175130701,12.7600328817041,5.68818393684165,2753.20003748269,107053.765838376
18.040174109655,0.224726384953934,1215.65834836204,245.364987638063,1517.57963679717,85.8072345354532,349.258698415084,3.53686121033743,5.04938456849256,4.73392353614835,12.7255104852151,5.68693662822048,2756.41444312227,107120.732056805
17.8835486387554,0.222866709577863,1217.06047341023,243.560493358729,1519.07737742541,85.9329857724719,350.244725777609,3.54720181979782,5.05662576304533,4.51030773140885,12.6815226346014,5.68678257311669,2758.16611663575,107479.878843398
17.7325179974257,0.220893913328866,1218.11202779947,241.540007352348,1520.05348004782,86.0292895734996,351.009450151213,3.56073388656157,5.05525902190828,4.27975447248061,12.6289464085604,5.68806255785918,2758.86147473327,108042.25041842
17.5790527094,0.218824349102431,1218.56964911134,239.282781646999,1520.2190985737,86.0793408543,351.491872017388,3.57892638634399,5.045121088281,4.0396088275717,12.5655117212665,5.69095275370657,2757.98920128175,108454.296156269
17.4111871012992,0.216686064123224,1218.01795707023,236.757607340298,1519.11253866897,86.0568024132576,351.59404895653,3.60383397933479,5.02776793823012,3.78808925090773,12.4882902336977,5.69543935865804,2754.7139039153,108645.826739442
17.2188330866047,0.214498671183329,1216.30732032425,233.980770080324,1516.62515814422,85.9554543728212,351.297334302525,3.63696640892151,5.00681982351209,3.5233948619041,12.3975362304902,5.70106769021426,2748.82043009506,108176.490329492
17.0012042742299,0.212257538550418,1213.84133882924,231.041603855708,1513.32253639851,85.8073010810749,350.728618630201,3.67855181149504,4.98828964371876,3.24343267267352,12.2989072023681,5.70676565123812,2741.29542467409,106964.605023645
16.7674714617518,0.209943765499722,1211.60933756871,228.107223369345,1510.46247723084,85.6829062810932,350.176312506487,3.72651206326246,4.97362047743093,2.9500397609984,12.2029661680715,5.71182583769966,2734.38142681019,105789.59966946
16.5314059610646,0.20753084158842,1210.83362651226,225.366010199064,1509.56527893809,85.6670167529685,349.992359608178,3.77794352619496,4.95891746353043,2.64780184093074,12.1220727115449,5.71616853956963,2730.80015048723,104811.617092974
16.304383096438,0.204996841956377,1212.31879016065,222.926968847781,1511.62031972398,85.814241203334,350.400361077208,3.83222000554796,4.9398908431797,2.34029173801536,12.065028117403,5.71993560141112,2732.31568897339,103985.815249223
16.0912957471568,0.202339274959887,1216.11228573392,220.780481860533,1516.6708838318,86.1257998113143,351.401874664691,3.8922336579447,4.91302991949668,2.03062297062589,12.0339619268052,5.72350324179359,2738.99756725945,103073.166980631
15.891235127891,0.19957865533619,1221.71908519784,218.847104403982,1524.08453657617,86.5648076299875,352.845247776899,3.96345619467325,4.87497710554496,1.72317267104718,12.0260472125842,5.72749823329209,2749.71817076281,101951.710572765
15.7009515907789,0.196752259209581,1228.59071395598,217.060465349426,1533.16307894182,87.0906335379141,354.573017656095,4.05167727843078,4.82095555694541,1.42511080960465,12.0376924850902,5.73280973670057,2763.25325112014,100633.495646163
15.5185239463503,0.193898390469163,1236.47006358294,215.408020760981,1543.57319651713,87.6831509242311,356.520367478493,4.16081658059754,4.74425526305528,1.14629014790576,12.0674181557497,5.74050451136701,2779.0418387409,99292.9319814084
15.3448092366804,0.191046268488346,1245.40937026222,213.917555492046,1555.36908309824,88.344104467636,358.716336247399,4.2907903997397,4.63667804309555,0.898096846306463,12.1157778136212,5.75174965599762,2797.21201784758,98267.88698726
15.1830773694696,0.188216125094056,1255.52175877458,212.611901499022,1568.68218167478,89.0801843355046,361.204824941894,4.43577683524924,4.49246167377519,0.690687495063162,12.1831262721155,5.76736092442426,2818.01711562114,97561.9931117938
15.0375210430865,0.185426235499114,1266.67075486568,211.466046603885,1583.33286664402,89.881917958932,363.949656013124,4.58349326801043,4.31330688428892,0.52978832771037,12.2668757581433,5.78722824131614,2841.14318079464,97143.2187114479
14.9109426618708,0.182697337079999,1278.37631745918,210.404252843157,1598.71321676161,90.7173648023528,366.810301962527,4.71787444005594,4.10960195357107,0.414312293895804,12.3606483666836,5.81018480867878,2865.50999876891,96969.6811357974
14.8031434122827,0.180048330053377,1289.9458165448,209.326637482008,1613.95188100539,91.5407075698465,369.584339734787,4.82631677134269,3.89697755674024,0.336749919801568,12.4555781711841,5.8344369660582,2889.57171603687,97032.3087057921
14.7106207610859,0.177489654134272,1300.66730299142,208.136415876579,1628.15479514079,92.304516282027,372.06891415258,4.90512090339958,3.6898617175212,0.286753693320436,12.5423156807929,5.85839090281937,2911.74805330473,97388.59863884
14.6272073165766,0.175019609869175,1309.91686600058,206.748654272267,1640.53649417985,92.9662154248522,374.095670588792,4.95895717421499,3.4968139937125,0.254676461678971,12.6123141399901,5.88126479699513,2930.65704449999,98050.0378000772
14.5450976851736,0.172634580030726,1317.15942427275,205.093786089186,1650.41913572929,93.4880769313582,375.534839287546,4.99443809146594,3.31916102772149,0.234181238663742,12.6578422340697,5.9032756297925,2945.1198323739,99473.096603341
14.4562140061231,0.170347690498232,1321.80082271418,203.112773648066,1657.0488184018,93.8275680037529,376.249228624268,5.01471112701489,3.15426179345509,0.222748349359707,12.670484738971,5.92523356482668,2953.84353366622,101855.690561272
14.3551605216027,0.168209485128356,1322.85996482393,200.737758513912,1659.18866189095,93.9147113442591,375.980113291488,5.02089343878409,3.00360475809692,0.220314546646304,12.6386010391682,5.94753433898864,2954.70357813318,104269.824494069
14.2437124406371,0.166323962529615,1319.01514352216,197.920929910617,1655.17909420238,93.6561787405047,374.362311480563,5.01109453829562,2.87732825588491,0.229253353601325,12.5484193906085,5.96946780787629,2944.86738201102,106420.318098112
14.1319546173751,0.164799667984186,1309.39743798752,194.68721056682,1643.93350560854,92.9925411225041,371.173506737976,4.98036982314335,2.79041690072696,0.25357131876315,12.3912288643166,5.98937341853331,2922.53138025917,108466.915056871
14.0342944492173,0.163692413906099,1294.25088461523,191.141001251939,1625.76474391301,91.9448865998715,366.535469706141,4.92024713789241,2.75642923252816,0.30163084179611,12.1692263753429,6.00524294436018,2888.33213560572,110727.145153306
13.9655374892476,0.163048692600049,1274.72445602795,187.455384164201,1602.12141199783,90.6009227574164,360.890700395252,4.80354283680633,2.79352875320024,0.401930902142344,11.8949173418843,6.01398222312539,2844.916948838,113058.260220378
13.9390240690921,0.171234265401521,1252.1375337972,183.865706807595,1574.65283509118,89.0574876846787,354.897385506931,1.16048457253824,2.87257219451473,0.660032926905814,11.6102005502954,6.01759221389331,2795.42696429793,115360.037379956
13.9683248085301,0.488209587238227,1225.98402983315,180.813501153405,1542.28961578511,87.125714295671,351.565237491873,6.69554839666068e-16,1.11064277056007,2.24981712206006,12.2622055291074,6.22201089462311,2740.48521183403,127298.810907564
14.0679277642461,3.83094819725177,1206.82046916254,179.657083434138,1518.06869794455,85.6654302505809,351.03577731096,1.9375657976307e-18,0.037643325791912,4.36642384610297,12.1282232594797,6.38397504153855,2701.68695156758,130379.258384879
14.2520849457356,14.0905134669712,1198.97439603473,181.857563226916,1507.58892727447,85.0038298221506,349.010820456314,4.41594024916062e-21,4.61971386771914e-05,6.46944985300717,11.1753930013948,6.44503363935633,2686.15335584274,132893.267216978
14.5446892224595,24.8024215118716,1194.55790047458,187.676084446308,1500.99048378375,84.5337136609852,346.197212723659,-1.08351431194497e-21,3.10598370455062e-07,8.57937268909614,10.3659084370003,6.48892898162204,2679.11329618944,134702.613295435
14.965596120941,34.9770427409143,1187.34718743394,196.274400298999,1490.19502573356,83.8022061714996,342.115523699043,-4.58138981245609e-17,1.71803618691595e-07,10.6528607968954,9.65565895742954,6.52600431708536,2667.26379272188,135225.214112868
15.5019433331013,44.213098990212,1177.45507576132,206.144668116903,1475.49299447361,82.8383722318233,337.514384827548,-2.25343475135907e-16,8.26587880752552e-08,12.6283751080017,9.01430144614072,6.55940407460756,2650.29879152758,134458.602292519
16.0961649490511,52.3850808755191,1168.06222639686,216.056173691188,1461.20603030412,81.8982876217029,333.529995471541,-3.5652021668313e-16,3.18122802264682e-08,14.4258843357154,8.44616295037705,6.58930921059959,2634.50634619331,133369.587663361
16.6665452526235,59.4862406664724,1162.13538046655,225.481130579402,1451.32457757027,81.2128312707673,330.947473655984,-3.66506594594693e-16,1.06191729599935e-08,15.9583544614102,7.9583411699849,6.61535216154937,2626.00723606227,132122.853302062
17.1518395798016,65.5885879011117,1160.82936825698,234.362815717136,1447.41182261951,80.8706931323837,329.932360452027,-3.14064814331882e-16,2.82495554897067e-09,17.1753713358113,7.54822250113746,6.63765919986986,2627.21915979985,130244.759133698
17.5323918424368,70.8571579250085,1163.81838492999,242.813272935924,1449.05139093386,80.846987957024,330.227413591817,-2.55130712513057e-16,5.98174085920567e-10,18.0871656790874,7.20543206134363,6.65679440159215,2637.42796596325,127688.229216719
17.8172868863895,75.5092204199368,1170.54310599316,250.967881130591,1455.49338476458,81.0983954183393,331.56480510373,-2.0892761023875e-16,1.14036281599353e-10,18.7501422441457,6.91818728471116,6.67338348948182,2655.4370740101,125239.485448064
18.0232149138978,79.7501502374531,1180.68800862543,258.903956982798,1466.30792788077,81.6006332123138,333.815448112334,-1.74993331073197e-16,2.16065726274193e-11,19.2364389868012,6.67651748618058,6.68792895043724,2680.57938011727,123044.725626169
18.1644416032779,83.7356274478438,1193.72649368304,266.602378698919,1480.81869142466,82.3157055183413,336.836016462192,-1.48953299718731e-16,4.22215661620279e-12,19.6077172211314,6.4707756966442,6.70088928867629,2711.71321717978,121280.406528253
18.2522666918116,87.5599135203284,1208.70123589018,273.964590305552,1497.81733126687,83.1752204156644,340.378457338477,-1.2777557547406e-16,8.55827404076964e-13,19.9054858071271,6.29065034740673,6.71273658357703,2746.74251760317,119858.173059416
18.298364368048,91.2611298541758,1224.39066486698,280.804199839951,1515.77389929003,84.0927055265077,344.1223294833,-1.10012936917121e-16,1.77839694310012e-13,20.1558621519869,6.12638755487919,6.7239046501954,2782.95635014892,118430.618386736
18.3176320650554,94.8387093244855,1239.7245718563,286.900369191672,1533.3573363725,84.9932519178278,347.78606821123,-9.49964900454004e-17,3.74196693003722e-14,20.3775251562732,5.97043824365859,6.73471486474787,2817.94526179061,116955.744828356
18.3258710828926,98.2873562685039,1254.19367088111,292.118380270611,1549.9406998135,85.8417258241596,351.239630920008,-8.23053580718919e-17,7.93892141743189e-15,20.5842386758899,5.81870054466289,6.74532493262871,2850.54913964873,115388.620667309
18.3364400561932,101.624436872269,1267.86441789833,296.463725692213,1565.61291181704,86.6431259655264,354.508053005908,-7.15852962943995e-17,1.70209605545846e-15,20.7832636283037,5.67021946484955,6.75575212593673,2880.92195510553,113800.564643485
18.3604541014135,104.892399396849,1281.11867680358,300.050785816715,1580.85171396278,87.4240826549721,357.699605336726,-6.25110479486243e-17,3.72013928738624e-16,20.9701852060561,5.52570752965284,6.76594596445112,2909.95722922081,112385.340237527
18.4080608347336,108.144458163886,1294.32139864945,303.019213498569,1596.11208954295,88.209891945175,360.915199645321,-5.47970257284062e-17,8.35020111458081e-17,21.1271858406664,5.38614491131282,6.77585134450608,2938.52853101314,111163.377214523
18.4866139393395,111.425787972883,1307.55492911771,305.447521245248,1611.49801060237,89.0063302120919,364.175974889432,-4.82156899263622e-17,1.91260094905145e-17,21.2340405799456,5.25214539150473,6.78543537354977,2966.86848971523,109740.548410686
18.5975316087924,114.766238423098,1320.67228182413,307.34785907921,1626.82670369188,89.8032436402862,367.438759441723,-4.25937150738537e-17,4.41746992359714e-18,21.2814389450197,5.12422223104548,6.7946749456913,2994.67550943271,107837.585276333
18.7347310382305,118.188136858478,1333.74201204149,308.776813332598,1642.1719548226,90.6045057192444,370.71870130566,-3.77830464548539e-17,1.04282173205607e-18,21.2763247835807,5.00339458107459,6.80352894406151,3022.1227834419,105975.891851907
18.8731168452063,93.66500296562,1346.08143397133,309.193692838608,1657.44031240118,91.4647177263986,394.052573107069,0.769655063364556,0.363975003503132,21.4460953410151,5.10579284491139,6.7997651964818,3060.27464858695,95068.3129944569
19.0178275598121,48.5350389086426,1356.88139570523,309.03282968738,1671.56077848563,92.3469689508335,431.284241170493,0.993814728567063,1.26664643764289,21.4510812774489,5.37273683122925,6.74594648717566,3104.15346740287,93671.5308124898
19.1677629759925,10.6294188686465,1363.96446142504,308.071680883766,1681.16028265102,92.9491370746687,461.613980902487,1.04824168844124,1.9887811051653,21.387144138665,5.68192390782457,6.69935613211888,3136.15919638533,92643.0264557421
19.3198988260982,0.39713923433347,1368.63461929074,306.622508024593,1687.68387938356,93.37798527118,468.541290901652,2.03864783733257,2.84122742821253,20.5792914900075,5.79863978589211,6.58929094342168,3149.00851173558,91794.508134227
19.4711927848714,0.268797220127142,1373.35876333365,305.122593097887,1694.10684830702,93.8000566911929,467.865402132024,2.35946154629622,3.659329268145,19.5728306889205,5.8763192238015,6.46660547290424,3157.20225584504,91050.9243794003
19.6212931028613,0.251015879751269,1379.63306405465,303.808492958584,1702.3746574004,94.313568832656,468.50037388024,2.44326410807867,4.31786845731672,18.6823699148777,6.01787475784322,6.36300276932027,3169.23714700127,90643.8871405615
19.7724397480467,0.246324558931176,1387.67379175792,302.712986459411,1712.85040231752,94.942902566119,470.614950221747,2.46391586915139,4.84383593933148,17.8597638363887,6.23653623857417,6.2733717574927,3185.75125419527,90846.1889281904
19.9279003871908,0.243424051611704,1396.82234551951,301.738111325207,1724.77524356878,95.6492677784657,474.048221937574,2.4513806642402,5.26665715678519,17.0767146560974,6.5239731456501,6.19373092462928,3205.3585571802,91312.6529417557
20.0909650204388,0.240787648459299,1405.91494871201,300.702293360082,1736.73992210489,96.355243192965,478.369477043124,2.4312147218674,5.59884930595413,16.3303315701031,6.86659839358298,6.12299913582752,3225.44630747079,91960.6593983694
20.2641302763914,0.238288065129515,1413.68635352034,299.401087172206,1747.20088760365,96.9745844107023,482.983024702522,2.41156639729709,5.84834436051849,15.6290629719585,7.24601308231922,6.06115833494402,3243.08014684516,92626.5209006315
20.4476548475991,0.235878786258964,1419.12036968957,297.663327362455,1754.91727366118,97.4378724741769,487.292220007683,2.39680322229191,6.02725160923296,14.9809829954582,7.64186862198993,6.00779704061337,3255.82606698947,93071.8122023858
20.6388213252863,0.233558615986764,1421.67947108585,295.418379248441,1759.22276117811,97.7079185729194,490.874778906932,2.38905474547855,6.14943613386565,14.3958617940035,8.03682331503504,5.96213972975522,3262.33813785243,93523.4091333453
20.8322174773715,0.231366956855047,1421.52310054158,292.772508297943,1760.28456512923,97.7939744879991,493.636308909411,2.38782530312449,6.22576547344037,13.8947768494711,8.41988009694458,5.92353338931725,3262.91877392612,94077.9595390272
21.021392310615,0.229389468198566,1419.31383687927,289.972380916136,1758.87037165644,97.7385780070387,495.755654509674,2.39063987036616,6.26226805183522,13.5108612146691,8.7860367828674,5.8917004936108,3259.09037702746,95059.6376050555
21.2012281987458,0.227736976583349,1415.6081644146,287.265248665296,1755.6116862701,97.5762281139133,497.446987299888,2.39497920268337,6.25812493905219,13.281171300267,9.13337855666363,5.86710675325027,3252.18690853609,96821.2593716711
21.3689775442431,0.226488937688782,1410.34100588038,284.762156121926,1750.3804520975,97.2992960595246,498.700691573167,2.40073296555352,6.21314594902386,13.2275467226563,9.4576954200671,5.85011700689302,3242.11438431811,98901.4114615208
21.5246269329551,0.225692679209712,1402.67447117586,282.382286169424,1742.10173772577,96.8481231505634,499.167464024251,2.41096270144094,6.13341210300841,13.3396006964416,9.74875832690602,5.84032706661013,3226.9477646472,101089.17525266
21.6694266222429,0.225368686434613,1391.44671528714,279.933081822119,1729.30330391218,96.1412756672038,498.330259356821,2.43018744696841,6.02709010275572,13.5793520735926,9.9925431364784,5.83707591034726,3203.95548769478,103326.470941781
21.8022056446013,0.225505840899982,1375.90351739521,277.246230680609,1711.02277579088,95.1258360171138,495.803858050949,2.46196114042252,5.90216591062074,13.8977442049005,10.1766902926634,5.83962413906605,3171.29612673134,105528.731337732
21.9154462563131,0.226060490364254,1356.09336073229,274.25445706854,1687.29658620129,93.8044663705393,491.511345810668,2.50748856103321,5.76585988327821,14.2470855427265,10.2947466772872,5.84712680991556,3128.94498134379,107628.658852609
21.9937669329961,0.226962146860042,1332.77922638787,270.982254965427,1659.04483032763,92.2288549765681,485.665586556024,2.56569485815598,5.6240738831227,14.5832555651034,10.347163723152,5.85867374803384,3078.49970540155,109600.69501445
22.0190684682951,0.228092011959336,1307.17913010876,267.503327839015,1627.75769898245,90.4826943960618,478.658475554914,2.6342291086841,5.48543234202905,14.8632318725779,10.3402469016095,5.87273965802008,3022.58822148081,110861.26339635
21.9806040668769,0.229304787178599,1280.79623332187,263.929519784665,1595.3044704537,88.6713241696293,470.995942837665,2.70967142066252,5.36294753852759,15.0511830318058,10.285597408253,5.8869547467287,2964.51181100406,111082.65564669
21.882885393318,0.230504756541999,1255.33461475242,260.452946328251,1563.83518963383,86.9151549059458,463.309705225252,2.78645367054321,5.26313287759845,15.1381571771939,10.2000515518861,5.89963951910208,2908.12568677432,111056.11932742
21.7446732027439,0.231618145186283,1232.5430152775,257.33476187283,1535.58086945081,85.3381795914522,456.301298373553,2.85770995392652,5.18395360583371,15.1430621747754,10.1036300887509,5.91018080637721,2857.48863582525,110953.799650042
21.5886873963958,0.232594067923597,1213.6648293578,254.783767655961,1512.1487104989,84.0294210088619,450.502644404352,2.91798665410522,5.12164895240948,15.092744889686,10.0138532872436,5.91830352788834,2815.54335233457,110957.428243813
21.4303047585286,0.233406172121239,1199.01536709155,252.861205741606,1493.96846233941,83.0124782832412,446.097512808401,2.96514987035505,5.07212970628817,15.0070654785272,9.94096914360244,5.92407422860513,2783.09251181293,111100.220514861
21.2711277735195,0.234021067374025,1188.11331056914,251.462878935549,1480.44423643638,82.254625485765,442.946324604525,3.00049399652913,5.03356915640417,14.8917054590074,9.88781291268163,5.92754235875999,2759.04447755298,111113.43658951
21.099525572552,0.234394406110819,1180.09649815077,250.375093703697,1470.4747601137,81.6958977096953,440.736632287712,3.02707817209079,5.00606205601647,14.7420263621868,9.8525215752545,5.92867962507883,2741.35438397895,110981.572341281
20.9009914198362,0.234486554306248,1174.19840113908,249.394851359438,1463.06958896236,81.2825756426739,439.178901196662,3.04762594019081,4.98909933975999,14.5527271286095,9.83236682365597,5.92759319194156,2728.17681095634,110756.545526451
20.668461085406,0.234290366909165,1169.96624016483,248.413335398669,1457.64771274884,80.9830574577752,438.107869361316,3.06354386672486,4.98078832098932,14.3235112381796,9.8259803731576,5.9245622051723,2718.43722528428,110581.999885729
20.4030169686727,0.233840867013573,1167.15112818457,247.413825534293,1453.91498383687,80.7810310688727,437.456227967841,3.07527982646523,4.97789559512831,14.0579087582742,9.8329811379045,5.92005993941909,2711.61516263119,110557.493085289
20.1082932120489,0.233201642769523,1165.48154752806,246.416987251811,1451.58005040794,80.6601665233483,437.170835002233,3.0833223301684,4.97682964939276,13.7588095744147,9.8524052367865,5.91468086700782,2707.21224032948,110699.734966785
19.7867031357411,0.232438602341217,1164.54402178174,245.42547147359,1450.18278196179,80.5948316375133,437.148862938937,3.08887999881197,4.97519924457404,13.4276380722164,9.88157729939567,5.90894917719764,2704.41920305911,110863.658969989
19.4402317372352,0.231594494640023,1163.85007001747,244.404338496315,1449.1523232722,80.5531687710865,437.240790885267,3.09369171543815,4.97207394075611,13.0662959451719,9.91633658460141,5.90324164117266,2702.20854017918,111017.43499809
19.0747438110039,0.230673637296576,1163.01439475447,243.291049024546,1448.02006639249,80.5085628371595,437.306489183182,3.09925822215483,4.96567297038652,12.6765835976568,9.9523304580246,5.89801896464575,2699.7122899734,111390.242535617
18.7029980843505,0.229638520789826,1161.81376690728,241.997309393511,1446.50215829435,80.4442545848972,437.233183455438,3.10660816158617,4.95331408222735,12.2558283453704,9.9856296317266,5.89378459029695,2696.35717205107,112010.259943572
18.3396021361394,0.22843688306286,1160.03538325117,240.41549808899,1444.32199044327,80.3439131257306,436.894108059883,3.11678252980987,4.93321422767578,11.7976620718472,10.011877970498,5.89090658447706,2691.5617827804,112831.445682722
17.9938793543292,0.227048075019136,1157.36549068174,238.452527600919,1441.07398623516,80.1842751088126,436.135969062967,3.13108344825303,4.90423547286836,11.299384531445,10.0257711300609,5.88974119326518,2684.54108597675,113835.713928454
17.6700145355042,0.225514118090352,1153.45432008649,236.078318666725,1436.29854261921,79.9390856724578,434.820546827051,3.15067510635562,4.86491496781564,10.770561639932,10.0218022433007,5.89077588416631,2674.48777453483,115059.970694585
17.3718723573349,0.223940364927679,1148.02602820282,233.35196461182,1429.61314164159,79.586075446959,432.863724836702,3.17619166417158,4.81345492012373,10.2358909699526,9.9952320778609,5.89458718558635,2660.82264503986,116501.08215321
17.1037428059839,0.222466040623167,1140.91289004341,230.395609507604,1420.76390386796,79.109992521525,430.228809007499,3.20789406097384,4.74977141141425,9.72407663196683,9.94239300046913,5.90149818900228,2643.2460063338,117939.0150221
16.8656441851293,0.221219408228748,1132.08976166485,227.353984398372,1409.68613196607,78.5064037132573,426.919024620599,3.24586912677479,4.67724867510257,9.25254610992092,9.86109726158932,5.91125870544723,2621.78689677742,119101.186242957
16.6445035430136,0.220261181782924,1121.79131413525,224.34821757081,1396.66933253405,77.7913803984049,423.019109780867,3.28953864464868,4.60020237360414,8.82072847200832,9.75179401550943,5.92329835673695,2597.039415659,120122.563955188
16.411836141315,0.219528743347445,1110.56675818183,221.420012313796,1382.43739518756,77.0064580187925,418.721594006206,3.33733307780437,4.52190254231319,8.41306128344415,9.61823835732782,5.93694842336825,2570.25472547831,121024.329636034
16.139440756138,0.218870574576827,1099.11466489383,218.547093814899,1367.9222389768,76.2055016289572,414.269111707723,3.38733323181945,4.44649188213186,8.01002590629776,9.46650681095637,5.9512571041952,2542.97743972814,121576.007984863
15.8163855464145,0.218140802252323,1088.09535560267,215.710911934001,1354.00002800805,75.4388529215439,409.894520322422,3.43785437956003,4.37982195484653,7.59788113906245,9.30394321446766,5.96498681646227,2516.66671463397,121508.44393398
15.4518599667546,0.217247773591686,1078.10808354789,212.938437549969,1341.46065650702,74.7508798982968,405.829806459358,3.48713761969676,4.32640478104443,7.16932120989269,9.13928420063474,5.97706873052945,2492.68597936423,120988.935263337
15.0669199567274,0.21613543097493,1069.74984642768,210.296946788479,1331.09210078724,74.1848603637202,402.328617253958,3.53330703454406,4.28768681875944,6.71931918081989,8.98267416600262,5.98682762095098,2472.43740145782,120083.969124369
14.6827249087189,0.214778090742893,1063.55867633583,207.867291545122,1323.59530217863,73.7789012610993,399.624338026026,3.5746423902708,4.26230610975656,6.24656966767911,8.84363525810269,5.99400664384617,2457.19352808797,119112.901137725
14.3133788740059,0.213185116526053,1059.88617735112,205.717501645191,1319.40253858776,73.5561367126128,397.870543530893,3.60972607879794,4.24465669790111,5.75877185718176,8.72840000883002,5.99908336623188,2447.7730614428,118615.847245227
13.967552149813,0.211374657133235,1058.71604503473,203.845853434778,1318.44425225533,73.5122029518548,397.059966556301,3.63835441117263,4.22789115501312,5.27408720698987,8.63821630922405,6.00292581869948,2444.09122152694,118551.630981683
13.6514354020823,0.209360940680467,1059.48223042015,202.134289690628,1319.93063741541,73.6033634425278,396.951487040153,3.66197213023872,4.20744400603539,4.81813830990295,8.56839426541585,6.00634825648558,2444.73634397386,118900.042049774
13.3672640563632,0.207173176893904,1061.19292011882,200.40375227663,1322.53834538777,73.756525933981,397.134487662143,3.68307179145223,4.18154673988797,4.41389287692277,8.50996241094942,6.00998371500712,2447.32088890988,119420.153962927
13.1122753302287,0.2048791355515,1062.78292736397,198.514338468794,1324.88522034882,73.8951859062307,397.179432744913,3.70448109504345,4.15189759175841,4.07072110296152,8.45330334387504,6.01403844827371,2449.36401009311,119766.588963897
12.8807336533839,0.202564671842972,1063.51118035079,196.420065972105,1326.04911142923,73.9679920033784,396.809393031044,3.72826808850986,4.12043105046395,3.78159476580487,8.39171307951952,6.01858856834403,2449.22874734911,120084.728720734
12.667655287644,0.200263875016761,1063.16022449709,194.133392214169,1325.82022213802,73.9630509278168,395.980552441209,3.75556525581997,4.0867052276718,3.52775911628588,8.32310735995764,6.02385107195477,2446.53455960629,120411.201213365
12.4706377689669,0.197949424030504,1061.85803870158,191.670250687367,1324.43800852779,73.8935495984961,394.78624084194,3.78713566740511,4.04915751029349,3.28985077032221,8.24833327536941,6.03005387851383,2441.67391442245,120762.679026223
12.2875045747138,0.195581065275275,1059.81111848335,189.04185516382,1322.21102158549,73.7765373063351,393.329203305674,3.8235903496467,4.00660064307367,3.05617914252126,8.1686112427948,6.03732968284449,2435.16626358901,121058.570549823
12.1091367744016,0.193151078172126,1057.19250824999,186.278728139164,1319.36652442825,73.6244623451397,391.67255751416,3.86574000062665,3.95914708886473,2.82023069537046,8.0845664052645,6.04563318644422,2427.4189756222,121182.068579755
11.9166034853604,0.190690173693993,1054.19302778152,183.447234268897,1316.13018117274,73.4494904467744,389.869923114857,3.91480988507813,3.90728354887021,2.57613041982943,7.99679896176877,6.05485649812859,2418.87221337035,121103.529156232
11.6923449136493,0.188230543987277,1051.10498732064,180.629449795978,1312.84908423148,73.2703365738744,388.012907365553,3.97205150513595,3.85060662345577,2.32064565487531,7.90687338144744,6.06497372351763,2410.1925698984,120827.811287702
11.4312375153538,0.18577555360861,1048.31173683929,177.890248930393,1309.98772423609,73.1121827051625,386.236021177819,4.03789806759549,3.78777523946964,2.0582076903432,7.81747126778397,6.07604558064123,2402.23977717173,120403.736777188
11.1412156589263,0.183290305990503,1046.19894339145,175.252017385779,1308.01730721978,73.0009148914592,384.685032673486,4.11005547772981,3.71812069819614,1.80625352218411,7.73176554899313,6.08801961012539,2395.85689252697,119865.391145358
10.8370712879401,0.180715349533809,1045.06461295935,172.69274512304,1307.30152414275,72.9574648373345,383.479423079479,4.18123840979859,3.64485042938266,1.59174453718009,7.6526375245997,6.10030271350524,2391.67042622165,119236.576067638
10.5320743270934,0.178011311506607,1045.07519524478,170.182671714341,1308.04058837823,72.9948218845217,382.693526557446,4.24043744148304,3.57462669902196,1.43511303648217,7.5818182422105,6.11185252229317,2390.02028375195,118961.182899113
10.236587460312,0.17519008673381,1046.17793771136,167.707503492032,1310.16175174429,73.1111290017993,382.322868319965,4.278341988833,3.51412240754189,1.34173940988603,7.51916938539094,6.12171007225172,2390.7859984141,119223.733499405
9.97074425774458,0.172326512393161,1047.88889332296,165.256386667138,1313.05619557553,73.2741970766515,382.199930663529,4.29209261259187,3.46998757446955,1.3072107669483,7.46209809127104,6.12905664718218,2392.91620927768,119460.336365517
9.77233350340967,0.169546533379756,1049.38297456348,162.827143593004,1315.69015323108,73.4274681584186,382.035174455936,4.28366108170303,3.44790106661838,1.32695262203338,7.40642212894159,6.13332276563417,2394.63064191729,119589.03287581
9.67825986099236,0.166976161824686,1050.04024798634,160.447487759743,1317.28255968504,73.5278818344199,381.635519137226,4.25453720073467,3.44720985433624,1.4024434961592,7.34892679122319,6.13481039333375,2394.6239672139,120582.311518356
9.70594164717338,0.164858054179509,1049.57435092297,158.288223593663,1317.44196707018,73.5525984212632,380.947942697291,4.20380330128626,3.46043322077003,1.54778477119315,7.28782671621466,6.13475455884535,2392.4029923546,122819.637472474
9.85046054152341,0.163892164313533,1047.4107211019,156.897556112333,1315.34566983626,73.451606939372,379.83722270241,4.12897811168851,3.48391275174396,1.80600437136618,7.22044583163292,6.1340766837743,2387.07722288826,124961.689395501
10.090075964952,0.164937845641177,1042.48283825566,156.894144753245,1309.54688248206,73.139614368168,378.081905803392,4.02978164757313,3.52128071858381,2.25981328840786,7.14209547773485,6.13307052411013,2376.79187570019,126778.174699842
10.3999529434681,0.168093679097463,1034.17024965681,158.224335477406,1299.29505018649,72.5739005297297,375.678001379735,3.92039884585724,3.57172389253516,2.99222085286915,7.04903702766298,6.13262154648347,2360.3215604976,128257.878138827
10.7654376118412,0.172672832883693,1023.00061452711,160.267351756631,1285.39360615222,71.8004132773163,372.921947282613,3.82494419899975,3.62355180286095,4.02847597029263,6.9422892509029,6.1344986189413,2338.54286958127,129473.746644663
11.1926267347204,0.1780494841165,1010.29512266212,162.611565988347,1269.59284066295,70.9159092644903,370.200523959258,3.75752690240536,3.66229425151985,5.30546609679357,6.82744155488595,6.14016800072272,2314.04074365195,130455.307543923
11.705575864295,0.184204661582242,997.374568049408,165.407323046184,1253.51572737662,70.0072097233423,367.776071198017,3.71719749057886,3.68074072866492,6.69190373175078,6.71115696542617,6.14982263977211,2289.62211354285,131174.738771233
12.3192108704398,0.191282475647841,985.179468515996,169.000174100717,1238.25986300694,69.1326229830419,365.773632486304,3.69669348795753,3.68434749811766,8.0526613842437,6.59903332275971,6.1619693304007,2267.37163913161,130716.718895038
13.015742498908,0.198929449905383,974.499183196134,173.496937558252,1224.77718436631,68.3465334676467,364.319255354602,3.68931047772073,3.68850441347081,9.29264744733138,6.49664757805569,6.17377948426066,2248.94704037398,128761.30320706
13.7449858951793,0.206404119967193,966.452654194463,178.714117951817,1214.47802520591,67.7327271088757,363.703628694839,3.68760421272843,3.70495483375435,10.3607235465823,6.41182676158569,6.18279770672329,2236.57569587056,126424.679893111
14.4452663125467,0.213057955028694,962.359740955591,184.35025596945,1209.03651265431,67.3910577066642,364.300889788432,3.68324496333634,3.73838550881449,11.2285518705091,6.35383371555782,6.1874319768261,2232.85049542965,123917.61588412
15.071655637147,0.218521071467454,962.983235763728,190.141169526909,1209.43759591597,67.3816065922504,366.30714363598,3.67071274099096,3.79432068350846,11.8801702723479,6.32921283226655,6.18619597807847,2239.20832230366,120746.881122785
15.6076515215286,0.222761443192891,968.334770763829,195.932041370197,1215.73785786213,67.7098386867709,369.712925060685,3.64764116657124,3.87907560215106,12.3170811771847,6.34050110262937,6.17792756856709,2255.59220799395,116947.813869346
16.0560554562846,0.225960096091372,978.245221311835,201.682613916913,1227.77545485208,68.3664194772811,374.524726962489,3.61161513291076,3.99272648305414,12.5587033022295,6.38928831489778,6.16261359250454,2281.69406608383,113420.325729558
16.4245788507462,0.228193364513735,992.661936619191,207.401008244024,1245.53472399292,69.3490626386034,380.828732839024,3.56056512618854,4.12967233241726,12.6303909867578,6.47798508640445,6.14108289666649,2317.51580241143,110296.661139233
16.7211960799323,0.22956228632272,1011.36059068754,213.101368843732,1268.76552979639,70.6421883108958,388.634734331421,3.49420285280252,4.28207779738333,12.5572080562082,6.60781641752399,6.11452148626525,2362.66520423381,107980.73492224
16.9552053825494,0.230234553352477,1033.70975784948,218.796194576737,1296.67319279985,72.1996158934559,397.776339210623,3.41437714785143,4.43918629661331,12.3653741241113,6.77730451929739,6.08462830504792,2415.81772120412,106656.641926875
17.1372821102903,0.230375330926649,1058.34516742952,224.382596856715,1327.52242627874,73.9231937288982,407.766557896727,3.32687154530084,4.59243220414865,12.0760262934969,6.980969301908,6.05293521496044,2473.92275757822,105686.571150845
17.2797531788275,0.230159359190457,1083.26338363866,229.609578782258,1358.76932636928,75.670465033281,417.829313540217,3.24015356308458,4.73739800184473,11.7031542257727,7.20898890921572,6.02055144245755,2532.39461705782,104918.65647087
17.3948261992844,0.229722058207322,1106.6353817665,234.221151332784,1388.08957182486,77.3115057243884,427.237032273901,3.16140355089768,4.87006251281309,11.2588210129531,7.45051249915178,5.98856987948238,2587.01374270352,104405.352811477
17.4923511947873,0.229146670641907,1127.38409166565,238.074501694966,1414.11100902676,78.7694205868564,435.554365646633,3.09445941275921,4.98572473519727,10.757415612986,7.69686690050179,5.95809436674852,2635.29376183555,104277.513888708
17.5804803060328,0.228482498736379,1145.10599397202,241.14531443476,1436.32517130799,80.015225997671,442.619142623885,3.04036190967114,5.08003607962314,10.2194739177929,7.94174630876578,5.93010190444646,2676.33055777551,104513.623503969
17.6674947511118,0.22776765171985,1159.67573364771,243.464935423072,1454.5984395191,81.0405815275488,448.391778690544,2.99888433300559,5.15028019672762,9.6734222178073,8.17949278531652,5.90534823657296,2709.90153070516,105081.866380271
17.7611285911158,0.227038160625313,1170.97879777059,245.068065794209,1468.82366704779,81.8385170133273,452.84816350935,2.96949281303501,5.19463265866523,9.15098119121119,8.40388593598271,5.88451965653617,2735.82918271026,106051.812938681
17.8656960956398,0.226312158104149,1178.82926408067,245.96070746324,1478.7961885461,82.3970786081558,455.930618470608,2.95202597263955,5.21349362121449,8.67818123281163,8.60769760819975,5.8680421956657,2753.74813297249,107145.850421952
17.9790084966765,0.22558259498139,1183.02815136354,246.116869324655,1484.27043366949,82.7032704688938,457.547138992669,2.94684279859379,5.21287921657205,8.27110283042075,8.78307295192223,5.85555535779741,2763.20074397395,107893.97094539
18.0925729815521,0.224833077724074,1183.6536888408,245.538979720165,1485.31581459352,82.7629245422248,457.684610856968,2.95347111691272,5.20271027588734,7.93968353803229,8.92425032799245,5.84600225331818,2764.30784441815,108184.561426559
18.1980147535323,0.224034032982794,1181.39205536856,244.327561245268,1482.75340674809,82.6241224438449,456.561472326893,2.96931633568901,5.19371030989291,7.68777472578419,9.03123249360413,5.83789865846308,2758.57660309205,107860.619919679
18.2937659029093,0.223145771643838,1177.53961792421,242.691022835472,1478.18889136764,82.3778925479267,454.656589871123,2.98971018999159,5.19493030295376,7.50894108075386,9.11102970060804,5.82964902821379,2748.95719786824,107081.057225748
18.3852060089607,0.222131326376636,1173.6530444937,240.895068212812,1473.57863733615,82.1334080936242,452.593109265061,3.00912025175828,5.2096688614565,7.38518259666498,9.17576691052363,5.82023625624084,2739.05796106279,106258.346689884
18.4794917253964,0.220959280591234,1171.05431912916,239.171331311629,1470.59794896222,81.9832564207624,450.93534522049,3.02327981280177,5.23635271660732,7.28783756956122,9.23874451645468,5.80928902889326,2731.98115009582,105468.729917638
18.5812551111447,0.219618250431593,1170.45395015433,237.650059066531,1470.15445680338,81.9770092746201,450.0143424404,3.03037988301869,5.27119235932054,7.18736613759663,9.31030292207825,5.79688651725173,2729.4213677053,104862.799625416
18.6924808789425,0.218126574469845,1171.90665685967,236.359747829194,1472.32453887699,82.117938507517,449.891799805773,3.03070034747975,5.30886364521318,7.066891921997,9.39582420629453,5.78354032233523,2731.54999233643,104548.474465725
18.8166598875635,0.216525489478953,1174.97458934809,235.257046857078,1476.56588257341,82.3750127792977,450.412544264895,3.02584558938284,5.34550306334874,6.92909834493336,9.4958460866683,5.76976083053105,2737.39455069372,104334.31719335
18.9629080426233,0.21487316160557,1178.94527462628,234.265584286958,1482.00000948649,82.6986033975698,451.293009636236,3.01768384971155,5.38008057327868,6.79693073565529,9.60728696741389,5.75581274794906,2745.3540314891,104185.640713325
19.1431629511003,0.213232603341357,1183.11951715356,233.318881752761,1487.76756083292,83.0402429372431,452.249406345849,3.00739603226215,5.41225752232277,6.70261730048093,9.7257624151279,5.74192318090042,2753.86301841044,104196.729085606
19.3651630619532,0.211653519009201,1186.99434074955,232.373936881056,1493.24781773558,83.364967850136,453.08026505881,2.99553679057297,5.44179329269955,6.67072721695992,9.84749164821304,5.7282930395104,2761.79826190001,104311.734880681
19.6268743303522,0.210155973815452,1190.24969396265,231.392081250503,1498.03918637601,83.6500489381245,453.673748116999,2.9827014780218,5.4694153734783,6.70963223464057,9.9700161591641,5.7149731285621,2768.43992152124,104315.35035611
19.9160147568772,0.208729642565395,1192.72552805773,230.334675404334,1501.93190949097,83.8829830431107,454.014669562016,2.96956935217506,5.49530814921419,6.81584395944254,10.0926894381448,5.7020814104669,2773.42884135121,104236.014725933
20.2169180312969,0.207354528618885,1194.46957947064,229.190999247189,1504.9711708055,84.0651046831928,454.19050519581,2.95630896088603,5.51760502840764,6.98284296075085,10.2165453036034,5.68998396451112,2776.88725065947,104208.781108066
20.5185965380575,0.206020841272914,1195.69504017521,227.994816959417,1507.40765991431,84.2094944152096,454.335394808135,2.94262299138415,5.53418441495861,7.20435142139723,10.342911447497,5.67902871225151,2779.3192895613,104270.583840251
20.8183848588257,0.20475571420746,1196.61880345091,226.824911790476,1509.49223441258,84.3299711211602,454.531626846287,2.92848697987105,5.54494721810243,7.47128960818865,10.4715820360424,5.66924925882091,2781.2353957467,104368.626997027
21.1209637946978,0.203646079195773,1197.33736498359,225.799774343603,1511.31515520784,84.4320418134536,454.753918256582,2.91448198907884,5.55186625199512,7.7685888570259,10.6001574190578,5.66037794573281,2782.86827532883,104474.204279327
21.4334043023942,0.202800220194179,1197.84073081333,225.03918411898,1512.83070880474,84.5139061434534,454.908704003022,2.90148274790772,5.55786619648647,8.07759665030365,10.7252889360815,5.65200458131584,2784.20123939506,104493.024896654
21.7592666388869,0.202285947752821,1198.10914822353,224.615925695869,1513.99419267537,84.5737840483521,454.917412754779,2.89014262103143,5.56595870886533,8.38176862228033,10.844517469967,5.64368893542801,2785.18495288069,104360.819592904
22.0940302200286,0.202105352056927,1198.20928348885,224.544770721866,1514.89455950294,84.6170561443019,454.780021691121,2.88038157671486,5.57763456979614,8.67231809087799,10.9574970748288,5.63516571137512,2785.96580322831,104185.668746147
22.4238343279877,0.202206796687488,1198.31625384415,224.80150069383,1515.78379344568,84.6578841465272,454.578345058311,2.8713998694824,5.59267370882288,8.94895631973947,11.0659925018497,5.62635803890203,2786.94668536293,103998.442708879
22.7312024111437,0.202519577592516,1198.62639309029,225.345226715791,1516.95119966207,84.7123655550533,454.418661735866,2.86220703199733,5.61017961132257,9.21573569544102,11.1726076758945,5.61726387009079,2788.58405627218,103853.403998488
23.003769110163,0.202983216777156,1199.25294913349,226.131345571444,1518.56906864338,84.7900828604781,454.371456133284,2.85216590955763,5.62881892118202,9.47625760179877,11.2793741415978,5.60797302991701,2791.13611464908,103790.167229672
23.240678404396,0.203546333699882,1200.17995392528,227.10027115243,1520.61951823166,84.8904214190582,454.439682072066,2.8413793954798,5.64771048912595,9.72738784102973,11.3869157823237,5.59856923993366,2794.53127120967,103744.777740954
23.4540359989473,0.204154504027086,1201.28443146923,228.163901099062,1522.9201946348,85.0042857829822,454.563650762171,2.83062383943995,5.66672390584854,9.95590954903193,11.4943810099625,5.58908436641899,2798.40239961036,103703.34844167
23.6619933182086,0.204754444049343,1202.41733939493,229.227016532345,1525.24216164549,85.1203011178255,454.661907283269,2.8208512083566,5.6859973992942,10.1439861327802,11.600248038077,5.57953578748514,2802.30028207851,103637.967103074
23.8784315935759,0.2053081942969,1203.4771365877,230.220329725787,1527.42608834318,85.2306305420041,454.674335944096,2.81269769034443,5.70583521748803,10.2779889306712,11.7033195585676,5.56991107305081,2805.90968151883,103529.670466761
24.1057207157938,0.205794207060193,1204.43788083138,231.110473832978,1529.4348202894,85.3333519349908,454.58797034274,2.80623297204046,5.72607285647523,10.354113919854,11.8033722481584,5.5602465272451,2809.14302728021,103424.528565447
24.3334817056643,0.206193634071787,1205.33305937574,231.884630934385,1531.33693741893,85.4314535480261,454.436235666441,2.8011053235677,5.7458191932752,10.3779089263385,11.9012405429792,5.55066594257211,2812.10052311793,103334.804359546
24.5453328638266,0.206482850141773,1206.2081963685,232.531128252096,1533.23201899989,85.5293696108048,454.265359004412,2.79696357864067,5.76526257390587,10.3581248518788,11.998152034868,5.54113608274031,2814.92923715817,103092.552334468
24.7284001992335,0.206636431865412,1207.10698648285,233.036319581797,1535.21109952303,85.6315781942882,454.108599927983,2.79362830633953,5.78690587378661,10.3013149325398,12.0951886468558,5.53128689784153,2817.75793683273,102577.187757605
24.8793971372523,0.206637995341305,1208.15434506606,233.406561947233,1537.44835961189,85.7477395206355,454.012813143894,2.79061857083138,5.81267106702862,10.2129935143974,12.1938712630381,5.52076993911499,2820.87935949077,102027.696288405
25.0047330454753,0.206479374900831,1209.60800997018,233.676397334713,1540.26902356759,85.8962379097328,454.05886943383,2.78692838768245,5.84262784224456,10.0992630051513,12.2967465748877,5.50940111414042,2824.8718732138,101507.566190986
25.1152675203747,0.206147636448441,1211.72420105825,233.874715134436,1543.9910844857,86.0954716097686,454.310570530368,2.78175209108234,5.87905541188737,9.96343576939985,12.4064508087634,5.49665079194457,2830.29170675257,100694.064820529
25.2202680479435,0.205624041681488,1214.64342420496,234.003520949785,1548.78809843292,86.3561697385904,454.782177094185,2.7749051550197,5.92805083745287,9.80400581356538,12.5249446200408,5.481487608644,2837.42090141168,99353.1974039513
25.3242619736408,0.204901180712448,1218.53793107276,234.080228881132,1554.87458479008,86.6910584317285,455.518478961703,2.76587559162094,5.99304433877051,9.61947822827654,12.6551363628804,5.46323320023934,2846.63401072651,97961.6209442009
25.4272588652108,0.203984771818057,1223.76770848686,234.169731803627,1562.70316883404,87.1256365714407,456.657547078806,2.75332645769847,6.07214664781376,9.41045206139683,12.8025075099811,5.44184371796558,2858.76475126316,96658.6238412131
25.5272291320241,0.202888993382981,1230.69892532177,234.346590255424,1572.73629434114,87.685728514659,458.345629961121,2.73596626349437,6.16198047932774,9.17790450263404,12.9732139390148,5.41745373629391,2874.67278510046,95515.1365910441
25.6225161379552,0.201637698825425,1239.44868247343,234.650193641996,1585.12106956307,88.3793089251997,460.633996053914,2.71341223699929,6.25865915625302,8.92395686250173,13.1711339853825,5.39039565968113,2894.64639670897,94581.6974229382
25.712285560641,0.200252694655705,1249.80561187276,235.058265638703,1599.58606998094,89.1909501421861,463.444005443491,2.68655635910931,6.35899567823759,8.64893607998663,13.3964677709268,5.36110284344538,2918.20382651025,93763.5390277682
25.7957555686195,0.198741175849337,1261.31288170853,235.48821734729,1615.54389599499,90.0877801824847,466.596561378715,2.65734969239793,6.46101677567694,8.34761612351483,13.6460387138809,5.33001817940533,2944.27232972404,93026.3265404992
25.8719385168192,0.197100157304758,1273.45205470071,235.836188683113,1632.32468756642,91.0323647948884,469.88705013381,2.62806707816752,6.56230786052853,8.01184347340637,13.9150034621309,5.29773781704338,2971.62305537872,92462.4088972757
25.9402632582001,0.19533016104492,1285.78758859658,236.019938425772,1649.3630475619,91.9928965096101,473.145334738575,2.60066400853859,6.65895523909624,7.63663687060627,14.198505039334,5.2650752420384,2999.22575426184,92168.8906478558
26.001745733462,0.193442087968905,1297.95314539569,235.98592408858,1666.18416574477,92.9424975828722,476.227319071734,2.57678869975517,6.7477198392776,7.22357145122314,14.4915702907426,5.23276019377259,3026.22557062864,91999.83654775
26.060049330416,0.191458144646992,1309.5763895251,235.697620228555,1682.30860784063,93.8540172627781,478.983111341237,2.55792184330338,6.82771838274289,6.78205744739144,14.7881750034709,5.20125205232903,3051.76800483824,91893.3790097487
26.1207184691522,0.189403224539614,1320.29322571967,235.127788226969,1697.26979811023,94.7011873935381,481.262335998386,2.54535359461669,6.90122457476268,6.32595247421748,15.0814540188344,5.17061570248476,3075.02383509485,91590.4928387946
26.1886741084057,0.187291436884868,1329.85573890626,234.259422066725,1710.75245937757,95.4666216774021,482.955626015552,2.54007695303523,6.97470107051262,5.86610428218469,15.365305377888,5.14028735427781,3095.42805433144,90834.5349952102
26.2658294233883,0.18512641326618,1338.32613574432,233.114399854234,1722.83937322327,96.1551466661555,484.080504835909,2.54211112003635,7.05295342812003,5.40887771402625,15.637691329343,5.10971929831685,3113.1334496197,89991.6979483325
26.35023924698,0.182903468703887,1346.0378865748,231.746670520389,1733.96176171988,96.7907030850218,484.771849739504,2.55071493514137,7.13540334992036,4.95681864575784,15.9023673594605,5.07880329168298,3128.92297417229,89211.2584605568
26.4375588925413,0.180615352639618,1353.23938672076,230.190758385669,1744.44155954158,97.3908294080396,485.142066301059,2.56573518480417,7.21780370777253,4.51007675940507,16.1661674046104,5.04777457620171,3143.38316453922,88706.0405949472
26.5236101718097,0.178265594869474,1359.97247806736,228.459905358474,1754.33163081374,97.9575697058073,485.231783546441,2.58775701525914,7.29213791771082,4.07104207716018,16.4349106742545,5.0174597482402,3156.62939561904,88704.2288602687
26.6057039535298,0.175867399403209,1366.06046188466,226.546139241895,1763.40099205023,98.4770073671519,484.994885579681,2.6182539283253,7.35125604138826,3.64303181936449,16.7097150329528,4.98883290868942,3168.27416992113,88901.3799468159
26.6825815973375,0.173437315467672,1371.10177056727,224.414115599692,1771.12824719915,98.9191716892853,484.292514040296,2.65989187800993,7.39203132574731,3.22772059061122,16.9851777240813,4.9626790015732,3177.40813923506,89137.0115320331
26.7537052269821,0.17098858214519,1374.64847746498,222.021518300295,1776.93216559665,99.2508235531895,482.963690510878,2.7161707278284,7.41394343381988,2.8252300491992,17.2516243522887,4.93966841932813,3183.01164498572,89178.5103764375
26.8185414441064,0.168522319363002,1376.50798550786,219.353661639556,1780.56305274921,99.4572897274071,480.935997398825,2.79102845582414,7.4186580680401,2.43389499151697,17.4999314260186,4.92013411869066,3184.64683323352,88793.940291344
26.8766339747126,0.166031123236499,1376.96815217946,216.45701686788,1782.39315441202,99.5582514261137,478.313804088531,2.88790401223009,7.4052504159501,2.05462421997352,17.7266797619824,4.90444435092987,3182.98133261183,88275.4133781482
26.9280022530332,0.163506318839135,1376.77413604461,213.43880933434,1783.38751549911,99.6059157798184,475.371655704028,3.00895570880746,7.36769130163343,1.69370353581714,17.9361173110282,4.8932390804375,3179.73861526621,87764.9015590305
26.9733058896828,0.160942898884504,1376.76689679082,210.416085154589,1784.63755468717,99.6592623910853,472.418753767351,3.15537811092187,7.29770080742825,1.36080206781161,18.1370562467561,4.88720544272639,3176.86249374743,87367.7681868008
27.0137686932671,0.158346745761949,1377.47229555371,207.462950735633,1786.82662371753,99.7545712937583,469.652077152057,3.32676035552496,7.18681377138467,1.06682657026626,18.3378707134984,4.88708115011361,3175.57156441963,87183.5084739111
27.0510748357258,0.155735658364491,1378.95265860153,204.593196141234,1790.03540471253,99.8951692280721,467.103495681481,3.51942494121086,7.02995719891768,0.82009128751438,18.5427847084685,4.89336777247899,3176.01796770959,87093.5163588751
27.0874960296358,0.15313507145992,1380.89241914983,201.773821249793,1793.85144856256,100.058038769204,464.67157451331,3.7252773134434,6.82803221763747,0.623353573986369,18.7507819044171,4.90602933873551,3177.48583326734,87031.8789993169
27.1257152372289,0.150570602912811,1382.83203512768,198.956431122747,1797.67239035408,100.210802446415,462.206509456791,3.93261487163486,6.58754992989926,0.473446579174387,18.9572975901695,4.92444102644734,3178.93063668921,86934.289069227
27.1681374196411,0.148059059491651,1384.41082483633,196.105371425434,1801.02291367471,100.328964795103,459.593910334461,4.12987151974124,6.31871065409024,0.362870338684386,19.1570984806171,4.94748769767296,3179.53476060107,86735.8151138664
27.2162356990564,0.145605527172756,1385.5006022397,193.211127515991,1803.72976875046,100.405053771703,456.800064003459,4.30829126052383,6.03220169174735,0.28312450224202,19.3468020333871,4.97386534571211,3179.01137178065,86506.1002340426
27.2703432625447,0.143205132752386,1386.2016849052,190.286555842911,1805.91762259497,100.448132555312,453.868681658116,4.46196331445467,5.73773696547724,0.226870909350218,19.5259800121627,5.00221777875171,3177.59245131238,86283.6669437887
27.3300370680041,0.14084930664142,1386.72556164199,187.354533939789,1807.85726848065,100.47535805987,450.880569924238,4.58688018743616,5.44345033588616,0.188527071755774,19.6965448232316,5.03125360254091,3175.76250953149,86372.3835031205
27.39492425847,0.138534905174219,1387.22590173642,184.435285555723,1809.74658112321,100.499841952486,447.899541407586,4.67974240298183,5.15512837081564,0.164270551386661,19.8607977881019,5.05996974046723,3173.88093275687,87196.4511907823
27.4651686766728,0.136265057430821,1387.57253108085,181.521034652546,1811.41806355637,100.514135403671,444.895036801844,4.74028679409768,4.87905000393977,0.151087669044046,20.017316087812,5.08752056539126,3171.66778501284,88342.8098611669
27.5417056655508,0.134050218698924,1387.15640201027,178.555537806798,1812.08359947759,100.476031560148,441.686324982011,4.77155475621081,4.62416937689804,0.146913762484018,20.1570950022599,5.11318128339351,3167.76519676742,89547.1972236984
27.625974156579,0.131908240803247,1385.07628834944,175.459876760772,1810.57431128592,100.32240036737,438.019455266605,4.77660669074386,4.4004194134963,0.150954042192528,20.2654155525359,5.13648330929512,3160.17220198295,90844.688107811
27.71882665827,0.129859012027187,1380.64329607487,172.188047785427,1805.99472875093,100.005769290726,433.732261418314,4.75578124146072,4.21700096957004,0.16435725021748,20.3280086858655,5.1570687526978,3147.3881091436,92350.2285733172
27.8183077024473,0.127933729336615,1373.76693105313,168.776524985186,1798.22152330956,99.5231129645341,428.875842998471,4.69688981399893,4.0870345418102,0.194527805499876,20.3363786649243,5.17369856574841,3129.28886025455,93926.7192509969
27.9168687021367,0.132992940532045,1364.90286542526,165.357139906857,1787.8186384084,98.9113896631446,423.788931294878,1.07939813952382,3.97598364496809,0.291715711365049,20.3247273387242,5.18914752741265,3107.06146086729,95498.9186583506
28.0083458530344,0.276269006562627,1353.5109380963,162.198459188255,1773.57159623497,98.0357865319461,421.81776085366,8.82340633079952e-16,1.90589292766517,1.39650702906917,21.5048986218672,5.40455616041037,3081.29401622322,106557.780779494
28.0629733275145,0.825027855223361,1343.60700684388,159.678008573624,1760.5768246962,97.2227792037191,422.867351733646,3.79430399880496e-17,0.231115774611839,3.08144692618223,22.0371277571731,5.6138136165675,3060.12477264504,108934.287293614
28.068667986726,6.32898138536685,1336.58880597809,158.04125032195,1750.48660405654,96.637954985085,424.114493557981,4.17538466401389e-19,0.000400678775129179,4.93723233614172,21.1891635543467,5.71024372989827,3044.73525473475,111393.575341413
28.0307765206149,13.9004800044718,1330.4190265644,157.352950871747,1741.53505712203,96.1084929638855,422.982497292309,-1.14394528751377e-20,3.35711278281474e-06,6.86516907632654,20.2302235411015,5.77624991293725,3030.34328615215,113732.665288105
27.9646648405783,22.09023024186,1323.20363265918,157.828583327305,1731.18250822649,95.4856493437385,420.039693140912,-6.29914653891547e-23,2.59699225930119e-06,8.86078129295367,19.3450431053974,5.83402270044052,3013.60106032254,115282.649664902
27.8859793465325,30.5035306068864,1313.88169776107,159.558822438082,1717.86925759863,94.6842398273759,415.816553621646,-1.23487845306507e-23,1.88430141858957e-06,10.8849680036277,18.4934067961035,5.88770827872546,2992.61320176759,115585.153228324
27.8103320041523,38.6748122654765,1302.72268316842,162.403723552609,1701.88193223898,93.72347882502,411.033608957907,-5.02639464168575e-24,1.1506478793818e-06,12.8707011903571,17.6721485241706,5.93879577577681,2968.18616342422,115480.730539877
27.757308954613,46.2674896953385,1291.46987984399,166.126495380146,1685.5378848526,92.7365500687668,406.484612749118,-2.04118450948393e-24,5.72094234862904e-07,14.7307150045676,16.9020886545564,5.98662154578304,2944.14117501309,115196.575440076
27.7456740896403,53.1024220286318,1282.13316003332,170.500796342773,1671.54149115299,91.8776146565037,402.802399076123,-8.54378139435634e-25,2.28025144419507e-07,16.3891501472659,16.20465993141,6.03008899851555,2924.77923590098,114552.433080374
27.7842996819112,59.1501836825463,1275.88108591345,175.347703106513,1661.48218779191,91.237477803315,400.268232150341,-4.48257278521823e-25,6.32484834299729e-08,17.810020241394,15.5885079928428,6.06876187487079,2912.5299629937,113443.894174489
27.868554906037,64.4959669021756,1273.02849747957,180.517832427168,1655.80982905278,90.8424310088936,398.88840170668,-3.56281495822268e-25,8.09365104637589e-09,18.9953200438076,15.0508027661898,6.1028639744567,2907.95158232966,112215.79153309
27.9839873505362,69.2798243257616,1273.5119502996,185.857952386798,1654.4699070369,90.690257945965,398.569998240901,-3.47976009716517e-25,6.97989389090038e-10,19.9656411150248,14.5840861068133,6.13286381697661,2910.77461247956,110983.494162466
28.1144337435019,73.6438215217834,1277.05640192068,191.209711319879,1657.12756226087,90.7629610967724,399.175227724817,-3.37285757846738e-25,9.7897686947669e-11,20.746337086217,14.1799638977462,6.15926457203018,2920.27247832357,109510.511135228
28.2481504013316,77.7109225079571,1283.2066106061,196.439749799551,1663.20789408268,91.0287539780514,400.535357613751,-3.10821128282776e-25,1.89998279878086e-11,21.363690482079,13.8298114579233,6.18257532072457,2935.35421805819,107637.334583599
28.3789752230764,81.5860702649817,1291.58176025305,201.48329927186,1672.22801745005,91.460262612576,402.535127768087,-2.77321691060896e-25,4.18078667621604e-12,21.8439477953304,13.5259030606294,6.20324514134109,2955.15531957536,105794.71373725
28.5042791504272,85.3631905909115,1302.05657487573,206.343844526945,1684.03565957926,92.0480242636281,405.15976632346,-2.45069567959604e-25,1.04011778294871e-12,22.2117311366828,13.2627404727887,6.22158520382503,2979.42935401242,104112.468088399
28.6232949726866,89.1224856565764,1314.55700528909,211.057682245247,1698.53854224573,92.7859089947483,408.412422307257,-2.17347252230153e-25,3.07560388432771e-13,22.4903474121958,13.0353571120353,6.23787257050651,3008.06090106193,102963.308654201
28.7368823248393,92.9157802402333,1328.77099076739,215.668728340423,1715.31969683903,93.6500194985302,412.209992216734,-1.94160939407941e-25,1.09800785914294e-13,22.7019400402404,12.8366134408231,6.25251051756682,3040.4005120066,102686.84083949
28.8477167495155,96.7511545467437,1343.47762940131,220.100082071809,1732.77244176806,94.5516424410718,416.173602498687,-1.74466417652648e-25,3.63765867103386e-14,22.8652630796432,12.6561010713078,6.26609142815228,3073.71533571212,102726.30819672
28.9606490277152,100.574946499281,1356.26411846472,224.079876779537,1747.74284263053,95.3180319646898,419.546447618354,-1.57270634391266e-25,1.08423919797461e-14,22.9929771316445,12.4801915287657,6.27938689622216,3102.53146672942,102858.385794607
29.0812305633727,104.289457235985,1365.10677992917,227.344246508403,1757.5902670134,95.8052137594218,421.693971014332,-1.41926069682013e-25,2.97278242492074e-15,23.0899718017529,12.2960096453945,6.29311676530626,3122.23610871659,102685.413304309
29.2125143348522,107.813930877257,1369.7143343017,229.806405527417,1761.94017704237,95.9936445752061,422.528022436626,-1.28126592428934e-25,7.50685793148204e-16,23.1561294589716,12.0970326851728,6.30763806763334,3132.13675646122,101854.0452226
29.3526202436129,111.131829852719,1371.50502146135,231.593820817491,1762.650714553,95.9856376152856,422.497281995982,-1.15730596431877e-25,1.80237938323774e-16,23.1934820385534,11.8851652745188,6.32283344738696,3135.43359651707,100906.128943794
29.4819682949464,85.062260285534,1372.62530530024,232.346780272832,1763.50173692141,96.0406085294571,443.120195534869,0.601874906614171,0.327188749863401,23.4358971395868,11.9310136746493,6.3295488654418,3150.02364906134,90820.7922016379
29.6096431439797,35.9816203754714,1373.26393516153,232.801784285564,1764.6591123957,96.1894190812879,479.294723373642,0.736840782409623,1.11313306631095,23.5633842042885,12.227647370247,6.29523035566032,3173.7169361769,90442.410389379
29.736151447084,0.800475038441025,1372.47015109874,233.052351843746,1764.06674345593,96.2208237827315,503.523463822159,1.18712949236025,1.83126945596373,23.3925029354796,12.4862736807167,6.24335638093389,3187.327668443,90981.297038114
29.8594871861716,0.20612709278977,1370.72989637549,233.247749937719,1762.10581168224,96.2018535243466,499.066689493885,1.9859731130813,2.9346176852451,22.1714655944637,12.4032199750685,6.08760192255809,3181.6941563722,91858.6331635197
29.9756020714183,0.18806081047088,1368.7077562001,233.437943708481,1759.5470697205,96.1313269683171,495.270458619621,2.11110161973645,3.83057818376298,21.1560787526152,12.336709405284,5.9606571866445,3175.65600191588,92786.4761375966
30.080986494112,0.184440884033944,1366.39301721738,233.534339938697,1756.50022619391,96.0172894553683,492.407814217288,2.17540474122517,4.51765562887689,20.289726037549,12.3290048834947,5.85992091816111,3169.40844021118,93525.0383735345
30.1730715943753,0.184060653755238,1363.37350578096,233.399991892551,1752.53787456731,95.8453522658726,490.162716333447,2.20632289110372,5.05493723266398,19.4778133473981,12.384518385008,5.77572403881353,3161.95028812113,93873.0013502501
30.2486274232753,0.183882155216536,1359.50809643835,232.970189169492,1747.52873780054,95.6135871307899,488.346422185208,2.23097503091404,5.47777391715774,18.6787938818888,12.4968333088977,5.70310209434388,3152.89333142034,94093.0622616236
30.3014659290272,0.183699453085838,1355.25438333638,232.30266133554,1742.08609435825,95.3567292271505,486.975751891737,2.25372062667027,5.80339533589639,17.8978393375151,12.6541483323097,5.64056449237388,3143.21968102572,94290.5913652217
30.3230006301903,0.183446207018414,1351.34220468604,231.514628614889,1737.16996004576,95.1264869515428,486.149685852788,2.27335803180108,6.04608917926349,17.1602318962344,12.842883608321,5.58742240781056,3134.538250638,94466.2491670299
30.3057837276894,0.183102443788597,1348.22067060662,230.693007894736,1733.37379887383,94.9542581006542,485.87302265914,2.28898521844289,6.2213497563243,16.4911216900753,13.0507943278846,5.54272366383751,3127.818579087,94605.6201998995
30.2467901256285,0.182679041911903,1345.93318479176,229.876779425187,1730.75339275585,94.8426163225082,486.041045996392,2.30068111841415,6.34461482549782,15.9105335154822,13.2680539785049,5.50523502978089,3123.11234858188,94718.7115236666
30.1484528699385,0.18220768240034,1344.30345525412,229.087336245966,1729.06076830272,94.7782644386528,486.520306055722,2.30899356891392,6.42939193562789,15.4389806836757,13.4875435121655,5.47369998264542,3119.98723226722,94804.3781171425
30.016662653385,0.181744583007584,1343.08727438702,228.355346187071,1727.94215598896,94.7421682078973,487.207054560568,2.31433197571532,6.48232126541515,15.1023061793653,13.7048966184671,5.44757941756678,3117.88398034821,95378.8981147191
29.8578010704254,0.181367369206134,1341.98177468232,227.724941115956,1726.95964125631,94.7098413364072,488.020182068739,2.31698004436396,6.49898305432836,14.9296296214113,13.9172929027204,5.42773949585607,3116.14207343204,96978.0971493753
29.6810741358501,0.181140245071715,1340.37490085347,227.194015573076,1725.29151818759,94.6356017924515,488.736524724321,2.31881691995508,6.47638718367416,14.9302322545877,14.1183350553354,5.41494848196796,3113.38320911825,98833.9532667573
29.5048691707835,0.181122953779712,1337.07750534015,226.664813218294,1721.40089423359,94.4348458289169,488.843512034507,2.32436291121027,6.4215867742591,15.0689826524975,14.2931481749839,5.40887429653443,3106.86942680957,100645.230224176
29.3560616311552,0.181361535411216,1330.73437540401,225.991744537617,1713.5601278649,94.0125765205341,487.719769244765,2.33913012500387,6.34686675444438,15.2728929069685,14.4224000548373,5.40857899819387,3093.45532163797,102053.14023922
29.2600353785955,0.181857745658664,1320.67317099545,225.070447259178,1700.93399187733,93.3232992910495,484.995022672087,2.36664070628426,6.26741316585127,15.4597727809901,14.4926983266876,5.41239320218851,3071.5404101641,102797.303565368
29.2292892317127,0.182580167339407,1307.40479431135,223.923346024955,1684.20271452019,92.4048651713496,480.799933573701,2.40609173695434,6.19302392111285,15.5756430173028,14.5043866486752,5.41877365107459,3042.25203566761,103352.692215165
29.2608243964992,0.183478275349209,1292.4053233134,222.701739693769,1665.27046341661,91.3621590897096,475.697155488948,2.45292135983561,6.12546070252786,15.6061875438563,14.4706725011033,5.4267444418656,3008.96380815238,103850.347226776
29.342571891123,0.184492948823835,1277.33842789755,221.587257120473,1646.27288781646,90.3130068566139,470.346214961524,2.50166436695244,6.0657881764607,15.5587137667423,14.409775687108,5.4352151983425,2975.49171922928,104114.309846201
29.4613399059274,0.185571274561242,1263.38085905143,220.702570285351,1628.71744368245,89.341043050367,465.220559572278,2.54832198540779,6.01730029383915,15.4448302383834,14.3375369216485,5.44290123529182,2944.5321273294,104003.680259796
29.6069084046952,0.186679268741688,1251.14847183315,220.107814361293,1613.3872729865,88.4902007033133,460.582473100104,2.59055870602595,5.98198677902714,15.2759100467145,14.2655399284831,5.44890753355354,2917.49673861811,103743.218929025
29.7719829531061,0.187795908636951,1240.9771493283,219.837909722391,1600.69993730902,87.784458720947,456.596124847061,2.62688612490252,5.95895612914122,15.0635569444582,14.2029200090163,5.45286319662694,2895.16114278602,103394.07786212
29.9508914492707,0.188896618510394,1233.06662520036,219.906004976826,1590.89924757101,87.2385576933922,453.370612424029,2.65643651748903,5.94826805226888,14.8161415729232,14.1572414909126,5.45433038709021,2877.98409902585,102771.126133386
30.1388371292851,0.189946252058342,1227.48116234685,220.293240066013,1584.06554888706,86.8582451924468,450.949882183065,2.678985518763,5.95252623914401,14.5369595641737,14.1341210406111,5.45259583455972,2866.10381198971,101760.388325358
30.3316361988865,0.190909006136013,1224.23683855086,220.969958205066,1580.23290629478,86.6459294105028,449.349819629076,2.69438141056014,5.97291408451986,14.2291124710925,14.1378728131838,5.44720390010677,2859.55253830005,100681.693274665
30.5253861044656,0.191752577719539,1223.40455672433,221.918624424807,1579.52214576358,86.6077869735067,448.599705080349,2.70215932020131,6.00764713041061,13.8992487900097,14.1726788147071,5.43811803529173,2858.50253856902,99641.7554762173
30.7163522170945,0.192447617210956,1225.01335762216,223.118394694649,1582.00713999917,86.7471365096539,448.702459402088,2.70208524395497,6.05554341232402,13.5544556509331,14.2418204448036,5.42526179565593,2863.03135010747,98528.6836548926
30.9013059556439,0.192973473498634,1228.91753989881,224.526995060104,1587.52834073708,87.0547623547699,449.589110024611,2.69468516059888,6.11729837221228,13.1992621842507,14.3462560598634,5.40842723477081,2872.80402169414,97250.6582803578
31.0777347847076,0.193321713222991,1234.8601991036,226.091247394787,1595.76562191476,87.5128459820351,451.151242780483,2.68088508682974,6.19270480602033,12.836600275132,14.4851194860518,5.38764742944948,2887.21752420827,96018.421832048
31.2435816216324,0.193487567492457,1242.61606826412,227.762036335066,1606.42541274351,88.1050850601503,453.294077925808,2.66149657052464,6.27948774182758,12.4688712242392,14.6572414321815,5.36327011200655,2905.72917608393,94897.2118591122
31.3972522801732,0.193470064806942,1251.98922161755,229.497010843342,1619.24523814797,88.8168827512113,455.933863130074,2.63724203395065,6.37434908340694,12.0983457438196,14.8612949744568,5.33579760399333,2927.85964346639,93993.7245958124
31.5379556475216,0.193283658746318,1262.73052531909,231.262339855539,1633.89113147164,89.6295752283962,458.973164304034,2.6089930763044,6.47269485707871,11.7286153731811,15.0950496927589,5.30597457257563,2953.01960682162,93399.2881228881
31.6653075685143,0.192953946673948,1274.45156174904,233.014792358607,1649.84898070028,90.5148007587069,462.268000737804,2.57813461441551,6.57068363827284,11.3625968703983,15.3543432273492,5.27455842987041,2980.30879626478,92949.9049675287
31.7786322281535,0.192507003919715,1286.60528232849,234.685898855599,1666.39923591241,91.4334559122074,465.618599021889,2.54661085136206,6.66651917092676,11.0002436300311,15.632538873177,5.24216614690244,3008.46027813079,92579.0725306129
31.8768821437318,0.191962188652611,1298.60932286569,236.19503269754,1682.77646655311,92.3443212724139,468.814797537681,2.51645992755972,6.75973002555168,10.6391736277309,15.9216879038924,5.20931147270334,3036.12195068029,92202.9681063277
31.9592093820401,0.191328336087003,1310.00893786232,237.47309417223,1698.38308844327,93.215476352946,471.692789409566,2.48928318354782,6.85124797385111,10.2758890452592,16.2144693316304,5.17628392536809,3062.23394703823,91744.52388413
32.0258735385414,0.190608342674902,1320.59162387042,238.486563616962,1712.93852799771,94.0319997271973,474.177666734689,2.46582121837514,6.94188769246104,9.90791772230274,16.5059448222979,5.14326409626052,3086.29986846032,91305.7800975323
32.0787444788599,0.18980265907646,1330.39423877431,239.241953094532,1726.48763614335,94.7962119074316,476.285602916469,2.4459665342522,7.03136511221624,9.53427761477536,16.7941508560849,5.11042471247202,3108.40457745416,90925.7345507388
32.1208975372203,0.188911809999779,1339.58449760194,239.768129444534,1739.24623402776,95.5193984762418,478.078710205219,2.42921188616254,7.11894547159224,9.15460946867885,17.0790431777686,5.07789341051195,3128.93795286589,90633.5215229283
32.1553416716561,0.18794020897288,1348.28617328527,240.091290135713,1751.37335996103,96.2095752229642,479.603199580758,2.41518284965728,7.20352693573043,8.7694131622382,17.3608806265611,5.04583087203807,3148.19111089568,90454.2937020012
32.1826052818368,0.186892316326339,1356.31394500961,240.186565244424,1762.62856489938,96.8529486920813,480.794525699795,2.4044799152968,7.28432768254118,8.37968190334108,17.6387183945333,5.01441748832727,3165.73798412801,90337.0245744752
32.1981640623415,0.185765762926233,1363.17325544331,239.971128516049,1772.37451406241,97.414157275529,481.476544269441,2.39873479455662,7.36137677201633,7.98618455937031,17.9096555541287,4.98382263820617,3180.43212446217,90254.467804887
32.1931015683885,0.184550613134629,1368.45018140491,239.368396333552,1780.0831310722,97.8639874034032,481.500603940815,2.39937127300154,7.43514403606357,7.58911001970147,18.1697754593985,4.95420146919459,3191.31301744757,90178.7673013243
32.1581295462241,0.183233924340495,1372.07719477811,238.356135620264,1785.67669843933,98.198049386746,480.840686955117,2.40679061214881,7.50624575411983,7.18792220574074,18.4158900935706,4.92564167161473,3198.22359000651,90083.6837835837
32.0877105539144,0.181805800403392,1374.31501655676,236.968828557924,1789.49767716521,98.4350907992847,479.588388653411,2.4204379523918,7.57484180891888,6.78187673335764,18.6467407029604,4.89818793071926,3201.76656347827,89990.5239427968
31.981828652323,0.180261876778518,1375.59500570299,235.273427626713,1792.09893121224,98.6055066731373,477.897213726394,2.43930667884842,7.64037316087304,6.37038924775183,18.8630918891777,4.87187849585287,3202.93474000784,89907.9242256104
31.8449364629823,0.178601749021101,1376.34113589108,233.338486360713,1794.01454867392,98.7387957956774,475.918091728511,2.46253895134007,7.70238770906796,5.95271212283029,19.0668735906614,4.84667825684213,3202.69726251979,89783.2388546047
31.6835899602467,0.176826951337912,1376.85381842069,231.214181768655,1795.61668012222,98.855622992896,473.758043886591,2.48983191543339,7.76124572543362,5.52779528279244,19.2602214713216,4.82243280115671,3201.73618854056,89555.5959179844
31.5049384613164,0.174940962100925,1377.3171961945,228.934649240441,1797.13244721589,98.9685018428977,471.485632402596,2.52138202026013,7.81695065401316,5.09511286571006,19.4453576110622,4.79903829353171,3200.47287108905,89300.6718357529
31.3167509602133,0.172948090166927,1377.8635893264,226.527544939171,1798.73165119599,99.0864669365256,469.15501152115,2.55772887367052,7.86817375971642,4.65476293173243,19.624977405633,4.77655405363046,3199.22135298422,89054.430012126
31.1272222542661,0.170851480624446,1378.58929353855,224.014400570287,1800.54618317697,99.2162382848891,466.808204888594,2.59991579651231,7.91326815187494,4.2066463546198,19.8019713087356,4.75507247145737,3198.22043715073,88764.3626259555
30.9436377229202,0.168653615206421,1379.53561731685,221.408239973277,1802.64026542637,99.3606694247729,464.465440716115,2.64975314765526,7.95098343421432,3.75090272910101,19.9787252468061,4.73465706449241,3197.58359625579,88362.3431994752
30.7709267567785,0.166359465548932,1380.71041625551,218.720295908724,1805.03379723421,99.5199174333625,462.133736971863,2.70976932136713,7.97908132747462,3.29017944302923,20.1571357462101,4.71553731810749,3197.34746513278,87933.2786964567
30.6113016235366,0.163978123608564,1382.13627857879,215.968908354545,1807.7642598371,99.6947565965468,459.825160610721,2.78302718650685,7.99329606318295,2.83101582882025,20.3392039101435,4.69822212803105,3197.5845293062,87519.6533504725
30.4647927958726,0.161523788506513,1383.84526963662,213.178916806632,1810.87927032625,99.8861258479241,457.556579510526,2.87296167836855,7.98659943959471,2.38396122023012,20.5270310298363,4.68360515235607,3198.39144467689,87322.4743017382
30.3302356447104,0.159017576390867,1385.81579158357,210.372821707207,1814.35151946228,100.090443806057,455.330591737288,2.98285661955023,7.94813114439231,1.96320341988916,20.7219029373912,4.67317005178801,3199.74253846697,87593.6544169234
30.2075505235313,0.156483743079285,1387.85387211153,207.549284170371,1817.92341835686,100.291526249133,453.089955581682,3.1157590617138,7.86794943663415,1.58200057583635,20.9218488080484,4.66846415264565,3201.20966173955,88054.1439664491
30.1004789853189,0.153947890750768,1389.50347130272,204.66958623819,1820.98891782406,100.454398179638,450.684693849518,3.27416689079275,7.74083654626196,1.24939465465401,21.1192193581705,4.67070626643782,3201.75267448373,88544.5139081882
30.017091414029,0.151435629346563,1390.19513266486,201.678372928548,1822.78857058152,100.536129894246,447.926536597078,3.45806356970306,7.56591183744383,0.970036960007497,21.3022171753542,4.68075110025007,3200.06516267387,88862.7901788786
29.966765793804,0.148965422144156,1389.58196813621,198.544018220336,1822.85511389105,100.51062657013,444.702303661935,3.66335206471906,7.34714340290129,0.743449746655578,21.4599348840722,4.69871590332724,3195.34965080334,88805.4672122355
29.9543800853092,0.146547715711432,1387.79725810191,195.29258679218,1821.35461044082,100.38752447897,441.063747583928,3.88048122346998,7.09051367541186,0.566036594994705,21.5879439598863,4.72404371869394,3187.91542515745,88621.2072835594
29.975688983475,0.144187378101447,1385.4650255287,192.010675444161,1819.1016059932,100.21320997637,437.231322868748,4.09493021309907,6.80268408128533,0.432325624881953,21.6905096848688,4.75555459524932,3179.20546607833,88433.9870793775
30.0183252816545,0.141886502583085,1383.35801050757,188.801995116823,1817.10958402067,100.045902057316,433.476640350442,4.29163635332845,6.49140209301248,0.335297809345019,21.7773171199536,4.79158029073793,3171.00822085017,88468.3526661064
30.0674850312653,0.139650407900791,1381.94713860663,185.733798622361,1815.99639805676,99.9224218665035,429.973791269544,4.45864242878514,6.16434074448461,0.26786176064601,21.8575199243671,4.83048056042711,3164.42319264894,88980.2868558212
30.1114158385957,0.137485837293686,1381.18019236665,182.807961227286,1815.69408322411,99.8417681079393,426.724679915052,4.59000521655695,5.83075846925572,0.22332207345368,21.9344769739565,4.87073066900343,3159.35147213677,89671.3515141555
30.1442490735081,0.135397222787895,1380.48832165128,179.959428503952,1815.4588282943,99.7655638761564,423.56547154462,4.68499628022507,5.50265826959843,0.196370768287922,22.0034471921349,4.91090683413858,3154.51274066104,90376.3906460668
30.1659101452643,0.133385365891186,1379.09139270601,177.095485663031,1814.27161111404,99.6403698022299,420.272374155728,4.7449010324552,5.19316496787385,0.183382172400503,22.0544869725224,4.94973892229393,3148.14927701955,91124.5488487159
30.1797535918418,0.131448345631038,1376.43754498192,174.152852565626,1811.41386495601,99.4293534181904,416.702352341791,4.77087235136148,4.91482233411022,0.182756754778546,22.0781575274641,4.98601110973236,3139.03150519291,91987.1809373677
30.1901994015171,0.129595842461208,1372.40188385679,171.133269248967,1806.72501081003,99.1271195136184,412.861685989567,4.75471937175141,4.68310138251784,0.198663849533345,22.0699117727027,5.01781992019564,3126.92084922446,92864.4333687018
30.2017776222571,0.127870268777884,1367.22617518916,168.113820921295,1800.51764829004,98.7572600670748,408.907391718093,4.67021659238511,4.52619070610726,0.245572572938198,22.0318562945949,5.04111052157903,3112.45423714918,93707.8910220792
30.2187082542797,0.126346527947968,1361.3064271312,165.22175940128,1793.28875383593,98.3567689396042,405.100880304817,4.48784543908172,4.4827774410297,0.350602020806424,21.9705168026012,5.05017700082423,3096.6631686354,94918.8692833323
30.2443935368721,0.125122704795432,1354.90035501232,162.591469847078,1785.33129559807,97.949436110573,401.70302653026,4.19898155748044,4.57858233121152,0.560476607809683,21.8904961971109,5.04140821699514,3080.28429054038,96941.9002933325
30.2812821358297,0.124338265835309,1347.88316850345,160.376267158384,1776.42050586989,97.5202955701607,398.818237915329,3.83803088320495,4.80052470637773,0.946766277249447,21.7873325300287,5.01730797124207,3063.18506042899,99177.5597962146
30.3312370734439,0.124218612077712,1339.66022142547,158.825793441403,1765.7008829634,97.0062405434641,396.276945858234,3.48305971030919,5.08882256724779,1.59213071470922,21.645593779454,4.98754257370791,3044.17517974041,101369.96905763
30.3953676868686,0.12504203412286,1329.52456511693,158.276982905496,1752.17077582886,96.3312501077455,393.727158648007,3.20685077293895,5.36722783745282,2.54599138409646,21.4495676204778,4.96383662847529,3021.79243680076,102814.331409075
30.4724046263731,0.126992622781089,1317.19628669212,158.972360148667,1735.43124426152,95.4609308099789,390.857686989242,3.03168854392273,5.59143701703564,3.77555818667752,21.1986288945744,4.95215441696038,2995.43061821904,102981.994446914
30.5564117333463,0.130048558150073,1303.23418693231,160.921351391722,1716.24896178966,94.4366696758748,387.635901453655,2.93776492239024,5.75577385186349,5.17554321394587,20.9118380970548,4.95166374299423,2966.22626410938,102787.661434334
30.6359426668585,0.133984731085144,1289.11235158032,163.949249740122,1696.6438970846,93.3739902193884,384.368854923902,2.89505267025178,5.87042828758635,6.60803033780332,20.6202979782636,4.95859928934644,2937.26718472686,102483.862367039
30.6978020779562,0.138486106143437,1276.53822061397,167.819824664911,1678.95482196325,92.4061531297983,381.480434652714,2.87930199991451,5.94907220576036,7.94324270401186,20.3528263849978,4.96895602725182,2912.14414231729,102277.172562432
30.7324640102863,0.143293111294877,1266.61729888345,172.336715330231,1664.69983032081,91.6197300351006,379.268003974744,2.87458940162862,6.00210602390167,9.09957795924193,20.1247683859585,4.9801745668921,2893.16692160603,102312.66382775
30.7356491352943,0.148223500249119,1259.558444603,177.321381530264,1654.18395171723,91.0341444790199,377.800682052833,2.87272853668084,6.03781519389002,10.0463831464106,19.9371343306792,4.99098726462736,2880.69286965831,102318.978809318
30.7067091278964,0.153123225517803,1254.84729967135,182.545470779074,1646.74334087373,90.6166029081961,376.94984838621,2.87104875297855,6.06384980004236,10.7870333035457,19.7814660714167,5.00083581779579,2873.45867909327,102235.066020396
30.647024563291,0.157842297456995,1251.73310087199,187.749021102352,1641.40114538363,90.3178356636006,376.511197571792,2.86963316434951,6.08747493945136,11.3376057602399,19.6474111689444,5.00931689001823,2869.6570682337,101811.49666947
30.5600038704002,0.162245422652597,1249.69205437449,192.713271259715,1637.48587714289,90.104694969599,376.324298565882,2.8690865427583,6.11709027893038,11.7109871708351,19.5290989988716,5.01556171292901,2867.99855443552,100887.235260983
30.4523791437232,0.166246736673449,1248.66640080152,197.33686171937,1634.9401697008,89.9752977466175,376.35461872335,2.86880770596424,6.15769123328094,11.9212629321994,19.4275380882645,5.01876599144318,2868.28959594479,99891.5067563189
30.3348192416143,0.169805518363031,1249.0162620365,201.633133184285,1634.25298800738,89.9551086306971,376.689019857844,2.86684420243423,6.20941262387997,11.9894675439485,19.34935580851,5.01849006801066,2871.32696558632,98960.0666391668
30.2191663736529,0.172912792706366,1251.15811081105,205.665749267703,1635.98170517754,90.072135033684,377.432125953096,2.86117278825514,6.27066415404189,11.9410269536825,19.3017443394272,5.01452437312605,2878.06211217788,98225.8237408105
30.1145407571613,0.175596148598471,1255.22387349805,209.499973627172,1640.2989512542,90.3332661495848,378.615280329753,2.85084206456399,6.33832301395511,11.8019748398534,19.2876322983021,5.00716151236713,2888.82371924287,97783.9210603989
30.0267303381888,0.177904283491764,1260.94281254464,213.161331872039,1646.84181756324,90.7168636415122,380.161738510849,2.83650642757146,6.40955925894467,11.5928272910478,19.3042776741812,4.9970169219427,2903.03438151781,97463.5329953816
29.960134722206,0.179888698226141,1267.71865333753,216.621422602444,1654.8199982746,91.1788329643979,381.907705301858,2.82011296102061,6.48262569230235,11.3261121017339,19.3444063666762,4.98484131414786,2919.37360401054,97203.8574455554
29.9186028977191,0.181593852576797,1274.87152359358,219.823485699097,1663.33587447344,91.6697654849892,383.671674370744,2.80392037548534,6.5555780735697,11.0095231219202,19.3991658823379,4.97151417610801,2936.32461871725,97000.192966697
29.9043965571701,0.183053195023417,1281.86436031602,222.716631354305,1671.6825960978,92.1509790826406,385.314469980417,2.78968685900917,6.62635474008628,10.6497698367864,19.4609504435045,4.95785022407049,2952.6895907394,96853.0564645021
29.9162230358026,0.184300507227992,1288.37520609714,225.285030873814,1679.44039901155,92.599640484151,386.757771675965,2.77840880731739,6.69326440354462,10.2547705949104,19.5245154402641,4.94446136329039,2967.76845317145,96749.0190917508
29.9479768560649,0.185385603044994,1294.25042645363,227.562320719181,1686.41717027886,93.0054275003281,387.97340360247,2.77045667762865,6.75504944592588,9.83375697972729,19.5867219706593,4.93177100282847,2981.27148917645,96681.7892822632
29.9905404550428,0.18636772147212,1299.43292583129,229.612261059573,1692.55226984151,93.3652442608329,388.962766490436,2.76585783390329,6.81123295901604,9.39614591988131,19.64579971005,4.92001303556447,2993.1469981208,96580.9121602833
30.0354500625134,0.187292083424776,1303.92357186206,231.49192489898,1697.86031681458,93.6801611481068,389.741552508028,2.76449541056802,6.8625615966842,8.95028603632624,19.7008211544591,4.90919450434717,3003.46204476577,96382.50562668
30.0772894864271,0.188175235927567,1307.79626294907,233.233950617498,1702.44569707268,93.9561568142926,390.34295357743,2.76604192791056,6.90969807550517,8.50305487960379,19.7518077728332,4.89926443775563,3012.41615104317,96180.336482329
30.1136985630922,0.189003828388374,1311.20791322587,234.846413202957,1706.51559511658,94.2049167445616,390.820411440524,2.76996572853703,6.9524962762759,8.05898626007989,19.7999467819973,4.89019688081717,3020.36283628397,96002.5595880959
30.1442018606068,0.18975102864803,1314.33697701317,236.323488234507,1710.30139732568,94.4394825018968,391.229947797634,2.77573735233422,6.99019792435332,7.6205352002896,19.8469498678659,4.88200359707689,3027.68598407834,95918.4673073001
30.1689881846561,0.190399661895362,1317.29750315098,237.660152643714,1713.94627247044,94.6677879277416,391.60884267016,2.78300831573191,7.0209844720539,7.19056623148435,19.8939892774756,4.87487216017477,3034.62622818156,95988.950551267
30.1875416472442,0.190945801624026,1320.07740849661,238.84637968799,1717.42435664762,94.8881899564521,391.961587071154,2.79176150813106,7.04310460849969,6.77448590943838,19.9410642554017,4.86906131127012,3041.14483992646,96101.0753555083
30.1974725067067,0.191390369324591,1322.53690676166,239.85513373469,1720.53763953128,95.0893753563163,392.264541036378,2.80216165466049,7.05543348802753,6.38198859828112,19.9871352077229,4.86482752357626,3046.91344583992,96212.3889026696
30.1949750559939,0.191734129499637,1324.49977350759,240.651382701186,1723.03762367651,95.2571819825964,392.49093047111,2.81416366620425,7.05720943569049,6.02533101808775,20.0309588912257,4.86240331220729,3051.52028592779,96290.1413705729
30.1769224554471,0.191978577365999,1325.86316000886,241.213666339044,1724.77504388193,95.3831094958162,392.633480026689,2.82730339629136,7.04868197369645,5.71474834932022,20.0719867110261,4.86182907164817,3054.72525336161,96309.8617449028
30.143845192916,0.192136278260056,1326.65134314671,241.557846349601,1725.77339899708,95.4685423562124,392.719458187133,2.84053473009511,7.0306577770481,5.45871611352106,20.1110956858341,4.86296905201674,3056.59728286372,96313.6745012813
30.102051887059,0.192240095578097,1326.99821844373,241.745840289172,1726.20528650953,95.5235637243636,392.813948875738,2.85208237337854,7.00384765816224,5.26826595656141,20.1509124191841,4.86560078808647,3057.48729215628,96317.5279233967
30.0617018783213,0.192341851823295,1327.07131449134,241.869303172873,1726.28894763247,95.5609986381684,393.001082769987,2.85960389126724,6.96767529387848,5.15781000776205,20.1947726922418,4.86965128436319,3057.8488662242,96540.1519210969
30.0324781547424,0.192503648297434,1326.96735010582,242.020366142689,1726.14826549433,95.5881360603732,393.346779817062,2.86095442716329,6.91926567462471,5.14132902737234,20.2445175955534,4.8754576480971,3057.98168628019,97184.8769367455
30.0216794273605,0.192785959742621,1326.56668266579,242.255242163524,1725.62828067162,95.5963297800859,393.833511235693,2.85579818238284,6.85789395081497,5.22346310214916,20.2975377547967,4.88328700407989,3057.67989614585,97932.4639157468
30.0352267229453,0.193251082187784,1325.45273807268,242.586099969396,1724.19706116583,95.5551945207526,394.321526659854,2.84639887043389,6.78700655021459,5.39461434978012,20.3449924901998,4.8931356815691,3056.04843442559,98665.2053148067
30.0782442810475,0.193964359757438,1323.10603598674,243.012111259941,1721.19487748946,95.4262060121105,394.621471379708,2.83618886506763,6.70940555785653,5.63765941540983,20.3749591182172,4.90523790474341,3051.95275403201,99511.4586123352
30.1538076369005,0.194977358089661,1319.18455490364,243.541550786896,1716.18739841747,95.1830471446175,394.598306685633,2.82796636037032,6.62478251577426,5.93619868708098,20.377492492661,4.92014669852092,3044.64542843575,100594.067710038
30.2598653989052,0.196308024408241,1313.57975101174,244.173820563814,1709.01828583918,94.8158342153411,394.186694770638,2.823656110524,6.53289016169123,6.27407036080611,20.3459795579809,4.93821390659394,3033.85527263425,101703.336147763
30.3864840365608,0.197938746101962,1306.29912704642,244.873278223545,1699.63686404187,94.3222299533581,393.344602492942,2.82481988617226,6.4356805214997,6.63127618758913,20.2755227036972,4.95937019463034,3019.48816023724,102766.674317028
30.5185016179575,0.199826655901165,1297.43250788456,245.580005000223,1688.07101982988,93.7053874667323,392.045292999378,2.83262001270543,6.33653667356995,6.98491576169257,20.1630260651266,4.98322787540705,3001.57864061031,103642.586274256
30.6421834222007,0.201910880222778,1287.23599003189,246.243981294688,1674.58480240702,92.9816605222914,390.314076988381,2.84736227013552,6.2401259507314,7.3135568631812,20.0092898603405,5.00899391962075,2980.5498130007,104224.408097482
30.7502868438317,0.204124227830863,1276.19942499357,246.858713567121,1659.80641379947,92.186596358204,388.263682653416,2.86791416716944,6.14987611940343,7.60462411774827,19.8202088962966,5.03576978904696,2957.43132514235,104683.688128502
30.842454865792,0.206395831629178,1264.98736183658,247.457695809803,1644.65900323915,91.3708029946566,386.076214203544,2.89191556703757,6.06730587072056,7.85625581458025,19.6057123046493,5.06270208228515,2933.73534973301,105060.58570285
30.9219779062747,0.208646684539972,1254.24466751008,248.075209976077,1630.07512722099,90.5850505012641,383.93104508746,2.91696407506483,5.99548635806303,8.0699041513325,19.3770816827949,5.08864538724869,2910.96684003698,105110.425081619
30.9924973255935,0.210795644007198,1244.45969355687,248.721836591354,1616.77261757945,89.8687996402956,381.960125854647,2.94137310787338,5.93993530416907,8.24349554506473,19.145025306314,5.11216149581773,2890.26300177777,104671.404660776
31.0571705920587,0.21276995121445,1236.04070113579,249.401562854865,1605.3284957968,89.254265645553,380.285510447052,2.96363996231981,5.90341235704481,8.37154524442191,18.9200286163346,5.1322523373829,2872.556414192,104095.261853422
31.119324507494,0.214495557015074,1229.42973520145,250.123481772083,1596.33315292107,88.7747281571631,379.057937968306,2.9821323316912,5.88421054695454,8.44557691431376,18.7133003504268,5.14854307953884,2858.83910077687,103483.84732898
31.1820293610572,0.215894341788376,1224.9848422385,250.879299888575,1590.25485380077,88.4571424563009,378.402365820221,2.99583247670522,5.8816815224804,8.45399890162711,18.5351221104542,5.16057300224744,2849.89558285203,102566.45821223
31.2468067078369,0.216906637470885,1222.83496663394,251.638330745968,1587.25930972321,88.3119500441289,378.361354500131,3.00470419530211,5.89858364440097,8.38683431619754,18.3925260727616,5.16758001174247,2845.98416846859,101165.019794924
31.3128213938376,0.217519076889728,1223.00837998987,252.396380753174,1587.37432702249,88.3415183813385,378.941230756842,3.00871096201667,5.93585256193008,8.24328797961391,18.2900547042665,5.16918877322637,2847.15394889298,99722.1097027197
31.3771419627697,0.217756577854556,1225.62324775697,253.204514522017,1590.73784656688,88.553778235997,380.174048248961,3.00721794879409,5.99069291294913,8.03160381442318,18.2321248932131,5.16554207578922,2853.68279180006,98367.0285575536
31.436322183948,0.217665659220422,1230.77726246591,254.131060299424,1597.4591558749,88.9547365224362,382.085224335061,2.99962035940227,6.05864264133001,7.76420292555244,18.2220828844255,5.15707307436237,2865.81455437203,97312.5508812205
31.4881039482545,0.217311210481001,1238.34201594523,255.219028765156,1607.35433502104,89.5336303697008,384.638801650857,2.98606122540979,6.13298172049283,7.45541883122018,18.2596389717993,5.14474902424251,2883.28776677969,96725.419279565
31.5318464230136,0.216760217717031,1247.83126747568,256.444970532536,1619.78062142083,90.2540178504648,387.692067119657,2.96818806617976,6.20808147458864,7.11551108898373,18.3393376995066,5.12968878131095,2905.02112742376,96310.8546936656
31.5681187367002,0.216072305289456,1258.41158237941,257.711874201055,1633.65261928331,91.0548103823589,390.994190175161,2.94918343720755,6.28106364929901,6.74695160198607,18.4504060979928,5.11293589614388,2929.13091715821,95970.152087012
31.5980274576772,0.215288459363954,1269.15882418869,258.888138155494,1647.77418987607,91.8688369989678,394.263248616578,2.93290194644279,6.35160261133604,6.34628590911406,18.5797895441821,5.09531003321714,2953.51530653528,95390.1881973681
31.6225855881321,0.214417245100776,1279.38617097655,259.854315125525,1661.26287933047,92.6468657542156,397.282746283143,2.92281078147525,6.42323455266897,5.90809853391566,18.7167090101936,5.07695863511653,2976.59832117567,94306.0745515715
31.642161341187,0.213446210192765,1288.94322235631,260.569016291773,1673.93168208228,93.3784967451413,400.004995879215,2.92049628791397,6.49773095705778,5.43362007085876,18.857056003248,5.05789731022773,2998.02925028051,93169.5687064428
31.6560346574181,0.212352701166386,1298.2502779153,261.085719571081,1686.33079680609,94.0942854991317,402.567279777976,2.92542459918536,6.57218751726607,4.93352674746409,19.0046777931843,5.03834290644125,3018.77027122905,92135.5676851175
31.6628163243719,0.211113249886138,1307.93078826748,261.492841684343,1699.27186318437,94.8394616004137,405.169332329051,2.93647509296401,6.64289095023998,4.42224317667269,19.1670536630599,5.0184121511139,3040.2489425443,91220.6096217543
31.6614401809451,0.209719312287761,1318.41341254382,261.857263213865,1713.31029408931,95.6448659283781,407.946975376963,2.95338101038213,6.70646626439165,3.91356657455754,19.3497409054467,4.9982777440104,3063.4478391161,90420.9167978168
31.6518630255361,0.208177947648865,1329.78272028458,262.198572052238,1728.5520508939,96.5159829720098,410.924642794653,2.97728812464948,6.75988511172963,3.41907618791403,19.5537504867689,4.9783167658739,3088.5603831925,89710.1117033725
31.6352002956683,0.206501198638891,1341.85123520947,262.491299703438,1744.74938684847,97.4382805217932,414.036352296098,3.01043405678789,6.80044437758118,2.9486803757247,19.7759649755355,4.95908670329652,3115.15042758241,89071.5371174694
31.6132692647142,0.204702111873327,1354.32084450331,262.690550954016,1761.51094364742,98.3889494940019,417.179409775658,3.05521803465609,6.82464383700086,2.51184402931373,20.011203409268,4.94136648266929,3142.52509091213,88633.1237095675
31.5876913972576,0.202798713421955,1366.8388681989,262.746706550731,1778.3734068882,99.3409844992114,420.238549806984,3.11329596383625,6.82718774485169,2.1178038609267,20.2540354369776,4.92619944375521,3169.87072103492,88552.3297541364
31.5585040292653,0.200810953076016,1378.6914495771,262.546543957855,1794.40369047143,100.241377616556,422.990705140368,3.18628615240841,6.80402240727299,1.77269465001638,20.4980719675214,4.91451253596398,3195.54273192428,88620.5967580118
31.5225996567564,0.198756252286072,1388.79970729183,261.910974946608,1808.1953572125,101.011078574853,425.102558599209,3.276060860626,6.75436366487183,1.477458065497,20.7343196223509,4.9069275448854,3217.05628981894,88729.9718144747
31.473912839891,0.196647726162489,1396.2895117461,260.698452785839,1818.61003025251,101.58619799268,426.308817833552,3.38301786235935,6.67873825166372,1.22915236049505,20.9526310335996,4.90395184133155,3232.40485819279,88868.5959587398
31.4057989666095,0.194491663023431,1400.91606329384,258.87666647114,1825.32915633282,101.948763638745,426.54162313977,3.50497312458342,6.57783053377077,1.02283978636939,21.1449796239545,4.90595110948699,3241.0360460953,89047.4346044472
31.3137784431918,0.192290500089835,1403.03812470873,256.51756775342,1828.81630217573,102.124716397741,425.918945864531,3.63732645824758,6.45264314367275,0.853281530850303,21.307354691305,4.91301771233488,3243.7857260249,89256.4531497423
31.1970096927876,0.19004975643655,1403.33968651841,253.752721938117,1829.94866392763,102.163517313475,424.656670581753,3.77371345793878,6.30523130696513,0.715940103089074,21.4393723517592,4.92489028462415,3242.23188381321,89489.7514981379
31.058040365677,0.187777229245091,1402.52949722463,250.719024715969,1829.62657869514,102.116447419414,422.974297978602,3.90784115118578,6.14036885590541,0.606116752408394,21.542709985133,4.94081334127093,3237.99977383251,89513.8203241794
30.9016429860451,0.18547511620999,1401.1511635719,247.518174482741,1828.53544519795,102.023018648741,421.036462131009,4.03628807809059,5.96592839355394,0.517989436336297,21.6202184046591,4.95954177233035,3232.32675599922,89062.827833479
30.7335207585014,0.183141093997817,1399.65733592647,244.229845693906,1827.25210829463,101.916365531347,418.983988242133,4.15755880749784,5.78835613195931,0.44640695445548,21.6772324918038,4.97989392901673,3226.24737815952,88468.7544044331
30.5597757477716,0.180768687669196,1398.56992986208,240.93808150574,1826.45953860639,101.834980500664,416.98554436345,4.27041366947024,5.61012189767956,0.387427772486549,21.7230508146808,5.0010136269909,3220.96876942333,87884.9413554042
30.3864791034073,0.178347235078535,1398.37483315601,237.713315887645,1826.80685688013,101.814867714599,415.198454727626,4.37502321049767,5.43134405865038,0.337726838679861,21.7689285820625,5.02226009369993,3217.62119702446,87322.5626136339
30.2185990642292,0.175870023272671,1399.30359252194,234.584866991033,1828.61438451477,101.873322880801,413.699245675566,4.47248626251938,5.25118715925258,0.295014331946274,21.8241189233171,5.04323925535544,3216.75106155442,86763.8056515149
30.0595816856129,0.173338173604181,1401.28161391294,231.538241245381,1831.79772088385,102.005069310331,412.468761709753,4.56380660388433,5.0688046879687,0.258017474333373,21.8936740626346,5.06379418149171,3218.19905980776,86216.9035707645
29.9119842471108,0.170757316564494,1404.04548590268,228.533070646774,1836.01858342077,102.190868942639,411.42935197674,4.64967921121019,4.8837133467442,0.225975058651805,21.9788422693386,5.08392837671535,3221.36792539493,85687.2879479532
29.7779897498908,0.168134209500758,1407.29254307459,225.52516205703,1840.88153919414,102.408512880582,410.491736041592,4.73038858539964,4.69556158260065,0.198388363710285,22.0786127171517,5.10375002737385,3225.56682366327,85250.1032862636
29.6591815359046,0.165476515893486,1410.76732115647,222.480635095791,1846.04915974352,102.639245792688,409.582462901982,4.805476515377,4.50388573036518,0.174980823695526,22.1909838381803,5.12343318233198,3230.21305238727,85006.1364653681
29.5560081622246,0.162791687242406,1414.25186008179,219.373771807924,1851.23129771748,102.867134438808,408.640132955478,4.87458233705893,4.30876781128345,0.155372092399084,22.3130768658558,5.14312501015161,3234.81063695199,84851.9904435703
29.4672180377201,0.160086351894313,1417.51679540469,216.178944799568,1856.12153324774,103.075506102685,407.601170652808,4.93812601830874,4.11120159571035,0.139019146612396,22.4405736928477,5.16293424722285,3238.83845935578,84724.2598107293
29.3898874483948,0.157368315308458,1420.34405130951,212.875589586704,1860.42669970744,103.248669627108,406.410280482371,4.9960498906947,3.9121112060134,0.125578355147763,22.5682011209355,5.18303446885969,3241.80549448809,84842.9457640751
29.3203094436726,0.154648397529967,1422.57293357065,209.456430208871,1863.92862870727,103.37540359412,405.035490629102,5.0463976684985,3.7116571886546,0.115160786885592,22.6906677833478,5.20369277051867,3243.35947019259,85567.953941014
29.2552057137412,0.151939318441824,1423.99906849147,205.912492615178,1866.35619592187,103.441811810469,403.430460827619,5.08595026977202,3.51216284714498,0.108215693173857,22.8011078946951,5.22494849951523,3243.05521983884,86587.1534003433
29.192545436839,0.149258362694061,1424.18653768475,202.211668586031,1867.14410108137,103.418349955744,401.47376830832,5.11002777949621,3.32253793549972,0.105669535576218,22.8880787102715,5.24615713079895,3239.93174779631,87679.0651117902
29.1319408982336,0.14662801438687,1422.52657404404,198.311484823491,1865.5103281925,103.264711165826,398.992379220447,5.11318266368719,3.15866284878507,0.108702339718851,22.9364624799392,5.2658675308618,3232.65426469828,88874.9891021555
29.0744911243623,0.144070616621831,1418.56618313028,194.197871566924,1860.8795966473,102.953131513757,395.868074417997,5.09041434729722,3.03960045105879,0.119134990706276,22.9321503396219,5.2821120155876,3220.25699274723,90289.789078605
29.0215095010083,0.141610469199933,1412.30365600782,189.917784416537,1853.25770917831,102.489213816676,392.137053597812,5.03037524244214,2.98670791398926,0.142443595651006,22.8662984328986,5.29234109513975,3202.80584822725,91807.4406554733
28.9725363352308,0.143822792128216,1404.12548947804,185.572621197357,1843.13192624539,101.90711530374,388.042141560252,1.68183666671881,2.99471132497352,0.207532169023906,22.7574425010063,5.29610898035346,3181.28324056604,93356.6172592972
28.9203100132766,0.328379232376756,1393.34496760455,181.288891300419,1829.28536105455,101.096987479503,386.416193673672,1.61952129243753e-14,1.42857505664399,1.04157577839768,23.6410335050767,5.45615009611145,3155.77275080506,104299.992756054
28.8699559937752,1.21862127140971,1383.40485723769,177.420267458649,1815.88628635867,100.301021808505,387.495992923068,7.07743142287888e-16,0.119515078239675,2.45608250655093,23.9598381997212,5.62260667453267,3133.2463647709,106346.549219486
28.8255653107577,6.87642517341915,1375.71351916408,174.208127037823,1804.80264025981,99.670198109427,387.712687716669,3.85983064279433e-17,0.000168321886574545,4.02855628993807,23.0956459476698,5.69709554792943,3114.62232552333,108434.859073846
28.7887868517853,13.4780946838714,1369.01912930116,171.775988979237,1795.04496707403,99.0995224747657,386.441028002657,7.30010600816214e-19,2.27751774982918e-06,5.69623173797312,22.190313737854,5.7544130524305,3097.68837054042,110414.342463004
28.7613731819348,20.2741238374626,1362.23636942663,170.420302571365,1785.15857297514,98.5098361003816,384.16054458616,9.62398794235232e-21,1.70796043093333e-06,7.42350439365401,21.3382230983306,5.8061462332754,3080.75558827773,111646.698161946
28.7464063418063,27.1042075608286,1354.61995604083,170.314637174872,1774.08538950854,97.8443733190423,381.236410631631,-1.68609742754896e-24,1.21410432417054e-06,9.16258171480627,20.5096965420181,5.85507344270458,3062.60801123922,111655.339112674
28.7457980604697,33.714755104132,1346.34610212185,171.404484196967,1762.02527341238,97.1158157810034,378.157762659754,4.60691869391246e-28,7.55275271903403e-07,10.8530582887146,19.7043716096634,5.90215209639508,3043.82263255942,111257.290021918
28.7586427833303,39.9072753765575,1338.60044887562,173.494493337618,1750.55141299809,96.4136004096716,375.432861496924,-1.3054754084891e-28,3.98700591089844e-07,12.4233776230611,18.9442605967753,5.94660114624982,3026.94858033958,110704.350782305
28.7820074637139,45.5819528684454,1332.76844908381,176.368230642737,1741.51679531618,95.8426188486527,373.443364792918,-5.6773806448896e-26,1.8025932416715e-07,13.8127269523645,18.2526892733948,5.98724966965768,3014.85955118238,110115.955278703
28.8126262752171,50.7383953955617,1329.62773910626,179.854892764267,1735.96658534084,95.4623094710369,372.326824332579,-1.6600691504616e-25,6.40814973976017e-08,14.9941986542128,17.6394403953506,6.02357133484757,3009.09062351116,109579.188214769
28.8479410748492,55.4416177117785,1329.17576889656,183.792013710566,1733.91099415458,95.2744736981593,371.995949204198,-2.19621705223016e-25,1.45932244663276e-08,15.9743872352279,17.1005980108599,6.05578181170946,3009.4765472232,109015.542514088
28.8862453868816,59.7763954725538,1330.89671591142,187.966097058607,1734.68699518228,95.2439935766102,372.241467948033,-2.14447966822932e-25,2.26675446849532e-09,16.7798897629038,16.6246973794806,6.08451446350159,3014.71447655197,108423.582986374
28.9264174157113,63.8169061537639,1334.15076207217,192.143884800417,1737.47288819344,95.3270937475115,372.846600705704,-1.8539139462257e-25,3.45498719506195e-10,17.4420964282748,16.1991084045634,6.11046851089389,3023.23817617376,107606.005820013
28.9676330338447,67.6231450169919,1338.46010248928,196.145518424424,1741.66041219299,95.491203245313,373.668254212994,-1.56246034746525e-25,6.28525730398233e-11,17.9877539312875,15.8140301329492,6.13418913767899,3033.88999153335,106414.837221512
29.0093236635604,71.2488409083836,1343.69592903877,199.897005790731,1747.09518017826,95.7278110585257,374.686774382053,-1.34279619807935e-25,1.38608079989796e-11,18.4377977330958,15.4635157430093,6.15600860089571,3046.35895813333,105203.161547616
29.0511957908791,74.7465068588534,1350.06281604354,203.413815330839,1754.05558452126,96.0515584589844,375.989030311924,-1.18515557247371e-25,3.68459482902561e-12,18.8094233616972,15.1450041046607,6.17607047540413,3061.12678012416,104088.734845225
29.0931764823476,78.165374966394,1357.7217799209,206.73103010578,1762.75896460799,96.4735529070809,377.647659743951,-1.06355740150602e-25,1.10346068763117e-12,19.1184894030759,14.856668403622,6.1944762098264,3078.59033841092,103165.976226566
29.1353733982751,81.539678870408,1366.18356635299,209.817198432713,1772.56803532072,96.9580961385035,379.542743575455,-9.60300365868776e-26,3.18833267885115e-13,19.3798654498341,14.5946814272235,6.21143285167489,3097.67948860774,102507.671489784
29.1780186895166,84.878337848836,1374.34736215932,212.566888130235,1782.04307630848,97.4257689977684,381.372876409778,-8.67726325257527e-26,8.87627328674192e-14,19.6042887924507,14.3529106597669,6.22726680426649,3115.93707175763,101985.593624899
29.2214359806514,88.1682905735363,1381.25854747509,214.890085093335,1789.93132953657,97.8077484333782,382.870981455496,-7.8369724672529e-26,2.40610617883762e-14,19.7952066364305,14.1240381897785,6.2423655873459,3131.22612425275,101545.359726878
29.2659332514018,91.38845951313,1386.55689444536,216.761994466018,1795.7543003304,98.0779206492306,383.933810943504,-7.07840356635473e-26,6.38032049396824e-15,19.9502226215005,13.901466762734,6.25707936842344,3142.74033326673,101086.114562899
29.3115043346373,94.5243287177298,1390.42431146813,218.210459352901,1799.74363781149,98.2492236123845,384.610276158104,-6.39883129614407e-26,1.65882469675591e-15,20.0663359395586,13.681017346396,6.27163182620114,3150.88720502143,100511.626128711
29.3571836653373,97.5743755254393,1393.34287489462,219.293098863197,1802.52635620179,98.3561719025161,385.03426760174,-5.79231134330584e-26,4.25933032451275e-16,20.1454782465488,13.4614011897656,6.28609358948743,3156.74913617623,99945.9956993192
29.3967423949445,71.1859316938145,1395.77490845694,219.553827068849,1805.42445136737,98.5344470964588,406.601108389066,0.659354397006175,0.340687057499626,20.4360725502327,13.491860880271,6.29211491026149,3174.48126229188,90215.2017441979
29.4328006593824,22.6917847354024,1397.1205881073,219.511333833024,1807.65198975408,98.7628421152988,443.154800395554,0.847130499875109,1.18747023184016,20.5860613126813,13.7270412337017,6.25253344833825,3199.59995895138,89797.4183922821
29.4646028038574,0.228308967938136,1396.21735909,219.171880727137,1807.07566418847,98.8320016861465,457.181829293314,1.9171074891569,2.16524601114461,19.9735821612752,13.8058291583285,6.1489621227862,3206.61769108401,89497.6290463678
29.490995269812,0.178208528660324,1393.84952318906,218.662421861897,1804.43022588554,98.7984836462298,452.711375848053,2.32759860842484,3.30743978575992,18.7421298440716,13.6859135859131,5.98895009402732,3199.35071746559,89265.0270740549
29.511474545887,0.171258692855969,1391.50564804641,218.10924460426,1801.6482401077,98.7333519808556,449.280401068529,2.42604362921021,4.20974201988843,17.7318955697758,13.6073941295848,5.86148298882846,3192.54157172155,89072.9403025757
29.5270319789994,0.170172641863657,1390.18498979922,217.56124412871,1800.14174261665,98.7223024464966,447.031494034826,2.46760829629558,4.91670115063314,16.853993013953,13.6034660305977,5.75730972580066,3188.41379576093,88816.4300786048
29.5395837221539,0.169382105344605,1390.09562382022,216.998431140179,1800.26243066004,98.793635459229,445.893171528295,2.48881181340049,5.48097670782444,16.0328806277827,13.6875357947518,5.66750161483609,3187.40835000282,88379.487972207
29.5507150781874,0.168587211590029,1390.98664798989,216.378786961267,1801.72015805616,98.93624908825,445.663412822329,2.50246898200313,5.93298705270193,15.2378530149089,13.8578727869856,5.58764130671984,3188.91219119888,87900.4186203352
29.5607180293859,0.167722340849309,1392.56453229245,215.672257532945,1804.13629315077,99.1311384206224,446.106869734412,2.51146835876788,6.29298170314922,14.4704604225846,14.099901332779,5.51588848216597,3192.18236665031,87446.2020058349
29.5686360297018,0.166770087665454,1394.65569620918,214.869418492247,1807.26993372949,99.3653026911652,447.018860589371,2.51712360903256,6.57616869118943,13.7476066899521,14.3951529363128,5.4515060222108,3196.72958807026,87263.7349257939
29.5730700039403,0.165740576502708,1397.1371189595,213.980860099038,1810.93742813281,99.6280445634537,448.237903636544,2.52007985229231,6.79176686750599,13.0905651150162,14.7273667416258,5.39445304052802,3202.19720539912,87663.9991155995
29.5730605246813,0.164667384929801,1399.73955799438,213.019453380145,1814.76510924692,99.8982000132726,449.587388621232,2.52121381225147,6.94751112199891,12.5175568878398,15.082220344844,5.34469152718138,3207.93052166057,88304.1623383131
29.5687487088734,0.163615863310523,1401.88751962513,211.99518348567,1817.98351418396,100.133253276517,450.817559626115,2.52222222239443,7.05408277254907,12.0426867048633,15.4442100174571,5.30174863064447,3212.62246177603,88984.4963495639
29.5614076553594,0.162677966081946,1402.85102573013,210.932713241173,1819.62322025978,100.279876746511,451.658979317748,2.52513515891074,7.12267298168447,11.6788907203808,15.7971569487014,5.26506645052936,3214.6589880232,89589.9404706128
29.5526816480851,0.161938277117742,1402.148753989,209.883187469846,1819.04300340602,100.302955326451,451.941052522316,2.53122061527805,7.1638591121908,11.4349465761472,16.1275356099263,5.2339988409491,3213.00448340805,90030.4668309371
29.5431133022055,0.161446007394001,1399.86349305854,208.928954652242,1816.34496001047,100.208203579654,451.679108757951,2.54015506286288,7.18629166654116,11.3100255116216,16.4275937484016,5.20781641411843,3207.88933622851,90411.3319913917
29.5306268860761,0.161209897768526,1396.57722605268,208.165959720879,1812.2933602552,100.037388326297,451.03950944243,2.55033529860029,7.19628857350946,11.2896384742702,16.6957945564721,5.18572146234757,3200.64951691237,90782.9556818358
29.5106526600345,0.161217568742555,1392.97212011197,207.673616846294,1807.79073575839,99.8392542466565,450.213694284431,2.55997310835015,7.19638311178062,11.3507360800884,16.9346984734622,5.16717277615834,3192.82989038452,91466.0742749556
29.4779881928117,0.161466252688364,1389.45444319956,207.503219534199,1803.37602140728,99.641822411726,449.317460254803,2.56797070173606,7.1823928769738,11.4745594019571,17.1476724390964,5.15250882980129,3185.35493775897,92832.8724793754
29.4293833165378,0.161960968840646,1385.9196275927,207.645410141434,1798.91447742852,99.4363103618133,448.306280882405,2.57490625763351,7.15051619930613,11.6454802326171,17.334157240771,5.14222556119424,3177.98290144568,94420.0068707737
29.3659571835211,0.162696561157806,1381.68318353728,207.994677584979,1793.50615470894,99.1729253097703,446.944462252909,2.58339459178043,7.10267434181392,11.8437766625881,17.486350127778,5.13640051038765,3169.12242614306,95997.0137838674
29.2933741291947,0.163642554599531,1375.88238455031,208.383818330469,1786.01164872335,98.7897168089834,444.943534868653,2.59675227504262,7.04414950707752,12.0444858903646,17.5920785028864,5.13487061415188,3156.74342984815,97284.6760338711
29.2196476965899,0.164731926060164,1368.14172240148,208.665541445125,1775.93174281266,98.2607993443988,442.17596927642,2.61695378771031,6.9833106540807,12.2183141205115,17.6424201252528,5.13686422326597,3139.90330332846,98048.8971440739
29.1533334172622,0.165880881167698,1358.9452876292,208.793807556804,1763.89772120187,97.6224792755673,438.803270866127,2.64302744683327,6.9265926630971,12.3422450641309,17.6383181844241,5.14136089935488,3119.63026691995,98607.7124574934
29.1037964881057,0.167009535618106,1349.18215543517,208.790576835726,1751.07774339877,96.9399413464132,435.128590708139,2.67231698767941,6.87619939241202,12.4063524608028,17.5908236995119,5.14740419354859,3097.90300837869,99069.3131423081
29.0804233195302,0.168056073635941,1339.52344563559,208.67573585203,1738.36073296999,96.262398842083,431.386258954466,2.70266916033075,6.83264608762238,12.4107004507166,17.5152857903788,5.15405091463525,3076.22735902319,99516.6298828289
29.08997071036,0.16898919947206,1330.26404706286,208.456800489837,1726.14404595157,95.6115401329686,427.688951585563,2.73301560221546,6.79498491714882,12.3608028433512,17.4250037567971,5.16067893473983,3055.27604561268,100010.997404452
29.134640845237,0.169800249848853,1321.4434325273,208.134367897183,1714.4948470791,94.9907497123007,424.061442646635,2.76313722421144,6.76240496377085,12.2618454396602,17.3282679829212,5.16691657451292,3035.15766528079,100440.546746515
29.2120662446905,0.170489436346296,1312.98639274818,207.70448088837,1703.34107158692,94.3958048323113,420.482657346129,2.79324400389122,6.73521038711167,12.116248536584,17.2285803207631,5.17249005847165,3015.73130556068,100772.869833089
29.3167886915044,0.171042550521205,1304.8593587743,207.15390054766,1692.67549579662,93.8266594236374,416.930590977537,2.82370299452296,6.71832337308538,11.9209366841765,17.1275574730826,5.17657731984023,2996.94207349135,100436.494901843
29.441341814122,0.171415817254096,1297.24877840334,206.467440707773,1682.77727241551,93.3001751492423,413.440086511608,2.85449585132849,6.72358059958703,11.6667512973945,17.0290034958469,5.17727743813967,2979.20654618962,99026.5438008197
29.575938028458,0.17156498426744,1290.77201950426,205.690924797054,1674.46408682098,92.8628749836824,410.197114865271,2.88376664371454,6.7578525058418,11.3499382210561,16.9423602654451,5.17311242040487,2963.9138868517,97410.340431769
29.7077754001664,0.171462573921365,1286.49499549546,204.955472648028,1669.11120213828,92.5913772185754,407.550252948872,2.90781495561676,6.81858597686159,10.975614352212,16.8833971387837,5.16360693389383,2953.4817330191,95856.0041328594
29.8237627115661,0.17110666658961,1285.44212584384,204.413105239972,1668.02641130999,92.5580081653125,405.840944089647,2.92296015483282,6.89827564604126,10.5537486882017,16.8683457145092,5.14895433652372,2950.24318859573,94860.4132535893
29.9143272319858,0.170535351446013,1288.06875521601,204.172161689983,1671.77239900558,92.7929537635638,405.234803384842,2.92722173314982,6.98348953822594,10.0998854605442,16.9065894206171,5.1305422644646,2955.25556624076,94862.4708733432
29.9720026510526,0.169800526836852,1293.95750539237,204.223172926761,1679.78435221751,93.2641759557607,405.610638517,2.92185001498343,7.06394955255389,9.62779472279943,16.9961931668267,5.10992027707323,2967.58715521149,95164.7806093601
29.9875628765844,0.168943838335377,1301.72871828684,204.400193418291,1690.25856362462,93.8720134577169,406.52825536282,2.91154973495365,7.1374676115685,9.14575880278173,17.1216517540784,5.08823905645967,2984.09633377844,95502.9121450837
29.9500546561514,0.167982093995828,1309.57752307383,204.448601074921,1700.84916744374,94.4875719562355,407.407216482442,2.90253342082129,7.20749701368002,8.6578663148182,17.2596611864086,5.06629066271294,3000.6561367863,95352.7243541509
29.8522968714732,0.166897994705536,1316.13509617374,204.144606846088,1709.78690925451,95.0146049769102,407.799102654281,2.89983984585168,7.28402930382393,8.16224011858762,17.3903961276087,5.04376779665087,3014.11901337178,94281.9439483844
29.6975790854848,0.165667835938885,1321.15431877107,203.425720286398,1716.76011845078,95.4369041164481,407.617257429013,2.90461893597352,7.37366821118411,7.65762786097922,17.507601198653,5.02010015137246,3023.90480704242,93037.4830492693
29.5010225954067,0.164281935898964,1325.51715797843,202.411707413566,1722.91827394806,95.8178688881869,407.140879240359,2.91415334571493,7.47475343167419,7.14672521576762,17.6202801885347,4.99503476660008,3032.02726026686,91882.5043170527
29.2837837582884,0.162745131234034,1330.50670530578,201.29479232362,1729.92836182148,96.2490572513496,406.772332118248,2.92461982694916,7.58383024354573,6.63208557667594,17.7442286395074,4.96818493858689,3041.42175775222,90876.2917219414
29.0645792077477,0.161077654209601,1337.05378902058,200.229415963987,1738.99666210719,96.7963791236106,406.799423382895,2.93350599474152,7.6974897674553,6.11603244960965,17.8922565353743,4.93931428598096,3054.22334155963,90044.1770904902
28.8550008795897,0.159306447834488,1345.44187345672,199.281408105648,1750.4881076873,97.4792186056764,407.305722246243,2.94055469613273,7.81282547002041,5.60098662425378,18.0696235334591,4.90853199412413,3071.09101340285,89318.7497801841
28.6596207729231,0.157453810295731,1355.31938778839,198.420249462631,1763.94559657026,98.2715393524885,408.177578140909,2.94767826204906,7.92750549189428,5.08938482343133,18.2744855408735,4.87626242633505,3091.23384117476,88664.5256333021
28.4784422463671,0.155533557443913,1365.72891537922,197.523270097494,1778.12670008974,99.1036810687701,409.118892716768,2.9588007240139,8.03871967853996,4.58454191844416,18.5006656529137,4.84324379552175,3112.47964145053,88115.2592233882
28.309523835083,0.153554670727179,1375.53054651431,196.443200366144,1791.5505215226,99.8925517436799,409.783905712536,2.97850258328328,8.14247625265433,4.09116659631499,18.7406099424907,4.81046506274423,3132.2437465488,87719.3770634923
28.1507024157235,0.151525069608477,1383.9291839917,195.085970427879,1803.18206613608,100.579772578582,409.935811840471,3.01046654414309,8.23459899449026,3.61370060614806,18.9873037998917,4.77891709452117,3148.73021809282,87400.9806303048
28.0002139962859,0.1494533668005,1390.62715494535,193.430711542685,1812.63125759982,101.142875703614,409.490589840331,3.05729324641784,8.31145517951398,3.15459869110862,19.2348753635116,4.74945589631867,3161.27735702241,87120.591294278
27.8567221957327,0.147349127406193,1395.71205676418,191.511044524465,1820.00784466236,101.587119968938,408.482885123018,3.12106312571008,8.36886750683522,2.71515343098152,19.478866588108,4.72294158659477,3170.10071209561,86912.3493390508
27.7191351515128,0.145221742063724,1399.47179640246,189.385910016423,1825.6814025976,101.931965928903,407.009531388929,3.20394287640075,8.40120129243515,2.29748383272006,19.7162990410384,4.70036394181933,3175.86973176955,86830.9849335252
27.5857873466748,0.14307983802898,1402.21987120274,187.114090578051,1830.05339140701,102.198373958667,405.174575676558,3.30861067201403,8.40207779347337,1.90556923662583,19.945023578114,4.68277944223483,3179.30739711286,86817.9581584233
27.4530345113842,0.140933143954482,1404.18133686354,184.740782543833,1833.40661467657,102.400495902737,403.053778333431,3.43803956512309,8.36523186003958,1.54554383322089,20.1627978554658,4.6712428920406,3180.92993222845,86840.4207054956
27.315185533246,0.138793572075842,1405.47830300766,182.296641151297,1835.88623500399,102.54481178643,400.690569160512,3.59431527963205,8.28536418256732,1.22478343908388,20.3670619350989,4.66669743415324,3181.01486876526,86796.4220757127
27.1666586426,0.136672851216162,1406.19290454434,179.802991777279,1837.58531700414,102.635243244648,398.114857217827,3.77693920707122,8.15977591439913,0.949533020885206,20.5555684375313,4.66970272265305,3179.74530580868,86562.889993048
27.0052998622819,0.134580565268322,1406.46430152457,177.281406553735,1838.67540667451,102.680726661476,395.374008665231,3.98026453826847,7.98830801285525,0.723821208010091,20.7278862177906,4.68034575423978,3177.43313847433,86274.9545103948
26.8351309476225,0.132521404642525,1406.54519248134,174.758135144257,1839.48310331764,102.699907029866,392.549941602192,4.19185691351335,7.77422547031493,0.54822059486534,20.8864925112637,4.69804013317928,3174.64837792486,86005.4822816116
26.6657250936306,0.130492728723649,1406.72460449072,172.255311278156,1840.38906373083,102.715704575888,389.733315436842,4.39576167845616,7.52614784272463,0.418261826756034,21.0357880467622,4.72130789299357,3172.04308780023,85710.4683964512
26.5082285884387,0.128486711314296,1407.19803082567,169.781690756852,1841.65501742764,102.745134071821,386.98412072376,4.57893592775051,7.25658708294268,0.325456292372448,21.1800853237098,4.7481106028591,3170.05805641674,85312.0643972354
26.3711066557339,0.126495292040334,1408.03561054354,167.335723236155,1843.37822422251,102.795905332941,384.324314405307,4.73514069809506,6.97755930100924,0.26023379671479,21.3227276012211,4.77652988684862,3168.85264259929,84883.5794671122
26.2581446811535,0.124512873820191,1409.24614219215,164.914867956895,1845.57299307434,102.870398178712,381.758407567272,4.86473856818585,6.69732707278011,0.214082344056671,21.4665502987292,4.8052087555934,3168.44930330648,84467.5105243239
26.1689492404535,0.122536471138604,1410.82023211876,162.518658800544,1848.22687905135,102.968643056741,379.286295086902,4.97225941359407,6.41994122578139,0.18047899561704,21.6141222991963,4.83340976000758,3168.82937176264,84073.5026452988
26.1006522466682,0.120565953793507,1412.72187943904,160.146299939719,1851.29038302347,103.087977617818,376.901018941122,5.06307156350017,6.14642935537181,0.155095566794345,21.767366191216,4.86086996550104,3169.91399245928,83702.4731296817
26.0496723262778,0.118603748928932,1414.87775662229,157.794716618404,1854.66408601828,103.222722333244,374.585478298785,5.14130526395469,5.8766003783304,0.135361267056556,21.9271797268484,4.88756337584857,3171.54073697366,83350.2985505927
26.012869727014,0.116653995475444,1417.18935346075,155.459470465375,1858.21557692198,103.365436771353,372.315401531236,5.20944363139208,5.61045373140125,0.119806820637411,22.0934540321381,4.91349535732761,3173.49159315847,83014.9217856039
25.9879210324097,0.114722881604009,1419.56011972874,153.138611613251,1861.81561727841,103.50913258651,370.067846652237,5.26809180822244,5.34812826978224,0.107700829108201,22.2655745290626,4.93867101182674,3175.55595152586,82946.6735852231
25.9731856243077,0.112820291874577,1421.89444940714,150.834767015188,1865.3371946151,103.647333640193,367.822447372894,5.31546607168344,5.08916418175491,0.098941933559521,22.4426853260314,4.96317113942651,3177.53135423584,83567.6899397364
25.9672700572212,0.110958613033276,1423.9687312891,148.541177008579,1868.48541462211,103.764580436604,365.523915970545,5.34902824001024,4.83499506611203,0.0936984748583893,22.6211848504829,4.98696096197597,3178.93169196866,84558.5585028283
25.9683364033502,0.109152869877555,1425.23266226724,146.222781166466,1870.53313105743,103.822078409759,363.029763763484,5.36605017800829,4.59258891906607,0.0924709181762593,22.7907113531166,5.00963028903968,3178.54104903575,85646.7176295452
25.9740006836496,0.107419571636756,1424.88279562531,143.824579040503,1870.41543862503,103.763467316649,360.137135993521,5.36361438957078,4.37447966327056,0.0960322845862751,22.9347743144239,5.03034514794512,3174.58174241431,86774.600916907
25.9820608746755,0.10577093030914,1422.26312004413,141.30546980812,1867.25724436158,103.543909760125,356.694993316716,5.33933720010879,4.19568578045465,0.105621951616363,23.0364619561996,5.04795465668668,3165.60992307081,87974.7936432618
25.9914765836777,0.104214872014688,1417.19774587151,138.667013352523,1860.81798239358,103.154519728821,352.699075206329,5.28623993870736,4.07225829537378,0.124954179556658,23.0846496322062,5.06085138765348,3151.26710714209,89216.3827089083
26.0031497035396,0.102763006519796,1410.0559586243,135.96390793458,1851.5871503854,102.628547555209,348.325214270914,5.18637705353689,4.02508194120917,0.16332980925486,23.0773783937635,5.06625996784359,3132.44861178889,90477.9078752294
26.0198565343716,0.101436881805878,1401.50484218797,133.285536983011,1840.45567475825,102.023543907393,343.878909555866,5.01657206041698,4.07991918249992,0.238453845156581,23.0207161554996,5.06033034513917,3110.76119097268,92009.6439976474
26.0452236951043,0.100275682122293,1392.04624704547,130.721802358732,1828.09247284642,101.383796758297,339.65874587137,4.76142402518215,4.25512224255259,0.381127918376513,22.9230580868677,5.04021987434633,3087.47156263827,94119.9118687967
26.0823662054789,0.0993688587721904,1381.74715180544,128.38673608617,1814.57207120529,100.713491391459,335.826486971963,4.43236944682165,4.5425829071998,0.6381886003917,22.7879848793833,5.00717174720731,3062.88358695246,96413.6423734265
26.1328069704141,0.09891432937114,1370.31769810944,126.512289705705,1799.45386406076,99.9766636157659,332.362208034377,4.08132941106765,4.89520880171697,1.06443666484305,22.6103614938535,4.96843984027542,3036.51168725313,98671.9138130036
26.1961632860614,0.099205508039387,1357.4569474521,125.460689306903,1782.24019058214,99.1266122367362,329.138680269002,3.77610184080145,5.24148669840595,1.69869720043841,22.3810259306215,4.93486022485023,3007.83408131853,100623.35740627
26.2710155520354,0.100506185807316,1343.30527187144,125.583223626138,1763.0194611431,98.1522863840359,326.066084093622,3.5552412490872,5.52405804736965,2.53478874602533,22.0970177221492,4.91470838897228,2977.23538920968,102047.155640758
26.3583343737995,0.102909636328386,1328.58501780359,127.037376597109,1742.70326576267,97.0980834740478,323.166463947766,3.41548361898905,5.72270170308492,3.51800107333518,21.7665247394867,4.91012628933713,2946.2515660087,103180.562817189
26.4652252219946,0.106289697487809,1314.03566266064,129.686876296935,1722.29731412142,96.021097019081,320.449018865923,3.33513002666583,5.84655885259632,4.56628408154664,21.4050811927807,4.91848797226801,2916.29982951569,104094.461874867
26.6021172993974,0.110365252997806,1300.00758597504,133.176596736288,1702.34397906649,94.9556741071218,317.821763145835,3.29448006306427,5.92046486234165,5.59104449543525,21.0293926943557,4.93481055404675,2887.84200001049,104271.072734571
26.7747089780554,0.114812435599453,1286.74591386138,137.113036564442,1683.26295847235,93.9300346109109,315.203162898723,3.27981550566739,5.97480893949507,6.51520260772146,20.6549261878225,4.95348781526849,2861.12222533218,103372.303225036
26.9785697126849,0.119348944902162,1274.84947143626,141.211412412082,1665.93116225926,92.9971306777512,312.688464851658,3.28004762050409,6.03090587725494,7.29375818503775,20.2975938980885,4.97037580592844,2837.27259203528,102184.299304363
27.2003604291654,0.123731312421683,1265.37101863848,145.309779929082,1651.81193650932,92.2417958824022,310.563892334902,3.2853511653536,6.09702885181328,7.91187551956107,19.9759463543564,4.98318852815533,2818.53048974049,100941.904657355
27.4244327661246,0.127761022810232,1259.30823378672,149.320494743141,1642.27953351275,91.7434691798576,309.127250249702,3.28840070520058,6.17573657012674,8.37008069793133,19.7069489945455,4.99060837104634,2807.06936750302,99818.4184373704
27.6393503939267,0.131331856782755,1257.07637213106,153.210454228489,1637.91008549286,91.5360185482185,308.526401065195,3.28516967380399,6.26629895742153,8.67880100041126,19.4994095446587,4.99227578768356,2803.81520680521,98938.7969487015
27.8389793660421,0.134421290395361,1258.41637349212,156.961246045678,1638.36584778971,91.6013194159341,308.719459979212,3.27495215234283,6.36765420669401,8.85057542710616,19.3525586645751,4.98842336428411,2808.21355408642,98141.1476375165
28.020243260485,0.137048514244896,1262.58733369496,160.531518050214,1642.66432357436,91.8846661986288,309.521150882798,3.25942230620918,6.47972643236383,8.89521269844103,19.2581858855097,4.97955478518721,2818.6303232361,97390.2725956516
28.1813582040101,0.139239969066343,1268.70251716907,163.856147148576,1649.63141863443,92.3204570809742,310.695321018811,3.24127451196128,6.60340998558145,8.81970087421126,19.2051082053628,4.9661944995877,2833.09092650572,96499.5384107407
28.3217270857428,0.141014875234347,1276.02374803566,166.869123587245,1658.29234091826,92.854407309898,312.03839121807,3.22308337802566,6.74128885647154,8.6299811054922,19.1836890725995,4.94853967531409,2849.94119535009,95317.1123482891
28.4435651332541,0.142399786361774,1284.16629089959,169.550786383142,1668.1362726989,93.4579534219919,313.444976883074,3.20618904710281,6.89402645715853,8.33677931446647,19.1887136091532,4.92682110244896,2868.32773171058,94148.657584798
28.5529735446499,0.143437080870194,1293.13121837314,171.947187048596,1679.15682682356,94.1303000785371,314.919986176537,3.1905547657627,7.05879400709293,7.95709133264067,19.2200933667148,4.90148549543636,2888.2823183483,93096.1675162993
28.6584407092379,0.144184755498121,1303.08918752947,174.144901215007,1691.56791877655,94.8825928378343,316.521002119876,3.17550318154204,7.22980746266164,7.51213949816251,19.280095258032,4.87327353742599,2910.23554310677,92470.2265896117
28.7677250408855,0.144717075113501,1314.11118604095,176.237821216783,1705.44897996376,95.7179150391576,318.289031883051,3.16049068317287,7.39700607893294,7.02622268115266,19.3693072862565,4.84363208887567,2934.41011776335,92579.743543465
28.8835109668754,0.145108127980447,1325.87265136863,178.270373382418,1720.36270401297,96.6106710611629,320.163444614214,3.14644265914909,7.55194421648775,6.52052418303867,19.4825738643723,4.8141130853222,2960.14172571688,92960.6064597506
28.9994379322411,0.145423660485115,1337.44330222066,180.200199861777,1735.08411542022,97.4918398483444,321.925478434543,3.13641667817201,7.69145773112178,6.00971595697745,19.6063077215445,4.78601511467898,2985.40167722805,93410.4246837304
29.1012281835635,0.145714330694599,1347.3558428273,181.897909525239,1747.69294061653,98.2536775808935,323.221818688179,3.13518768019363,7.81487855034308,5.5036020737451,19.7217448767005,4.76058451162666,3006.9500328714,93734.051782299
29.173354383788,0.145999686590553,1354.25184637326,183.210069788384,1756.41843566379,98.7969014916426,323.72463346773,3.14743278741005,7.92358528596631,5.00787139811862,19.8122093964358,4.73864901331807,3021.76839566893,93761.9241778573
29.2072531743137,0.1462695232021,1357.75478388363,184.072502620802,1760.7734241298,99.0939312785985,323.347435724778,3.17478564530998,8.01813432524276,4.52764290038935,19.8696696609763,4.72063486179281,3029.00978415999,93726.141395616
29.2055716798274,0.146494070878755,1358.63725021223,184.545210282516,1761.76808492068,99.2008614936819,322.285938040976,3.21510344009652,8.09704356718476,4.07004370259056,19.8964229979798,4.70664053559572,3030.37849543217,93713.5848890832
29.1795238206938,0.146631593702091,1358.19511140239,184.742638316259,1761.09401404225,99.2123674025832,320.859911728027,3.26465338507373,8.16140845093102,3.64107555949824,19.9011035572602,4.69602755007724,3028.73637408429,93433.773312999
29.1424014770318,0.146639699934006,1357.47979934834,184.748499810858,1760.12328807199,99.2058411493933,319.326056724063,3.32080427266595,8.21722036897716,3.24263104385819,19.8936663885868,4.68739603871259,3026.39704613573,92596.5737869278
29.1039106965934,0.146491054060434,1357.15900499347,184.615182927237,1759.72264126908,99.2302837973927,317.854317897252,3.38185590204527,8.26885688908377,2.87629831344354,19.8843235361576,4.67956456219532,3024.82905034781,91626.4940602473
29.0683468998565,0.146172325171109,1357.75449750701,184.391690017023,1760.56193810548,99.3233836784228,316.590296175568,3.44561531112495,8.31567551522344,2.54630098067676,19.8851837057867,4.67195019118161,3025.18643851698,90685.0641832711
29.0361517104876,0.145682027882493,1359.64304535556,184.120407691342,1763.11870667774,99.5120204716241,315.649047464108,3.50912592102671,8.35461418146141,2.25803478796016,19.9086813295288,4.66428605990328,3028.30786808924,90040.7960878165
29.0061400068546,0.145041825162851,1362.89071804474,183.829390375792,1767.46596862393,99.800240781987,315.070696773634,3.56848631754019,8.38066119905537,2.0179864869574,19.9635016382519,4.65678280684839,3034.35755611615,89972.6704792995
28.9768589447544,0.144295622861867,1367.11767533958,183.515800647139,1773.10115299631,100.160093244659,314.785947139853,3.61953299683277,8.39190296149889,1.83158622554015,20.0513222313199,4.64961778352553,3042.52807260272,90101.1229722677
28.9467860851499,0.143507845386748,1371.50545729805,183.147407417401,1778.95872858113,100.532612668617,314.624177986623,3.65802829383325,8.39223056054158,1.70367670926923,20.1656518349295,4.64264075403932,3051.06408556701,90246.4069400209
28.9142292575499,0.142755243159418,1375.13796646516,182.697897889446,1783.85226937197,100.852427340692,314.401209356379,3.67860200852154,8.38750347583638,1.64041935404427,20.2954256185153,4.63569888625222,3058.01844187001,90510.9425208293
28.8775194531033,0.142104848969997,1377.41029592982,182.17315801817,1787.0017855233,101.077083206477,314.008917917634,3.67618002524371,8.38258674338867,1.64701810426671,20.4304477751348,4.62871668253592,3062.1346818772,91051.9881333449
28.834981568554,0.141598993841959,1378.12245941181,181.605487647201,1788.14984610445,101.192964320931,313.41913447584,3.65012725697648,8.38121616377253,1.7230849042602,20.5629603683919,4.62161256546919,3063.02548375811,91692.9064747127
28.7844032359551,0.141259310836097,1377.30436984613,181.035525660488,1787.32842695063,101.201309989761,312.628088879487,3.60642701372341,8.38527610064523,1.86023676759671,20.6856630400392,4.61451419624307,3060.77144766476,92352.598411435
28.7229932193195,0.141097176730943,1375.10054634252,180.506996867055,1784.70895109672,101.109652714973,311.634211593194,3.554481489603,8.39328051657696,2.04474270183863,20.7910880037157,4.6080161829288,3055.67429216745,93005.6981518828
28.6483464191798,0.141115142155871,1371.77196029822,180.064615196999,1780.61074119951,100.933371750618,310.456200784359,3.50246251677542,8.40166315956312,2.26195607945743,20.8732971727294,4.60291573165558,3048.27654969569,93636.6478625183
28.5597424655166,0.141304389455983,1367.66776337249,179.744627699538,1775.46837223798,100.695226403036,309.144010185882,3.45471237801696,8.40681582701154,2.50145918523859,20.9295307983698,4.5998430701784,3039.30999660925,94270.674320854
28.4589258137401,0.141642798235726,1363.13925294042,179.561325797113,1769.71843574284,100.4198019291,307.765814625601,3.41193298183331,8.40650617112586,2.76041528139401,20.9602275702434,4.59906395150939,3029.505993301,94909.5288771729
28.3496887233133,0.142095399965342,1358.46236337211,179.500861888513,1763.69942911116,100.127768479987,306.38356498651,3.3733517135006,8.40172023947365,3.04050092623419,20.9677778144878,4.60028821290784,3019.42250575443,95342.8135628944
28.2368829290031,0.142619354411805,1353.83554288336,179.531145587562,1757.65554240983,99.8351985017117,305.041597095686,3.3386315549925,8.39735865074346,3.34068939776787,20.9556780350486,4.60261340832552,3009.44587356621,95362.8132946565
28.1266325692908,0.143178285082593,1349.49952473194,179.636769626606,1751.90004760606,99.561374206637,303.790995390222,3.30772049906362,8.39778906043688,3.65355672670852,20.9292390209866,4.6051011192704,3000.07592761173,95235.0861597101
28.0278020689274,0.143748647358724,1345.85313825656,179.842516710117,1746.96889569599,99.3367983772828,302.71404205726,3.28041373780596,8.40422041644235,3.96295123293108,20.8964179030351,4.60709289751355,2992.19098884906,95053.1816437854
27.950964786848,0.144316227372806,1343.29427182998,180.187395228854,1743.40731415829,99.1916165999691,301.887119055247,3.25656885170261,8.41673017723458,4.24618601817689,20.8661265555095,4.60802983917144,2986.68382108249,94843.4113418276
27.9044445897274,0.144875024041807,1341.96647913259,180.687489445132,1741.42736384548,99.1368934743191,301.32894935161,3.23612037693745,8.43499940660314,4.48313059850835,20.8452367751332,4.60753477021348,2983.8867305958,94625.8068365133
27.8902819505899,0.145420857552735,1341.73357607246,181.322459980549,1740.86461689993,99.1627056765238,300.998180958987,3.21908081359911,8.45875561296788,4.66234116525955,20.8371622428981,4.60543603597203,2983.50013989138,94379.8344180615
27.9024159946951,0.145944132342428,1342.31558510621,182.043469906506,1741.35159826874,99.2481936049949,300.823780554762,3.20546758857416,8.48794648005532,4.78165604991152,20.8423806161715,4.60170880190743,2984.88434179633,94106.8706263277
27.9294037503691,0.146430111908033,1343.43564370123,182.793513374913,1742.51432842077,99.3725135700295,300.737250901462,3.1951832755108,8.52232753103357,4.84528506521125,20.8598447218235,4.59644566126909,2987.39152013945,93837.221299551
27.9596549600895,0.146863390436558,1344.89456153013,183.524481373811,1744.0800126531,99.520601246308,300.688850996128,3.18804015248138,8.56121067085157,4.85954813797606,20.8881416199265,4.58982198121449,2990.54657951849,93601.6657696483
27.9847134433613,0.147226471902471,1346.56005194943,184.19565755129,1745.87443145092,99.6828097105413,300.644362601574,3.18402381604336,8.60378497597144,4.82843266254403,20.9257669334719,4.58203382014835,2994.033310137,93385.4596454631
27.9993268088394,0.147493802208004,1348.32219249996,184.761291292091,1747.77108325953,99.8519355311224,300.574353575887,3.18359408206439,8.64923855250722,4.75085232478432,20.9708266281835,4.57329696885802,2997.59663606159,93187.7382385245
28.0004367892322,0.147629419000407,1350.07678960902,185.16542580097,1749.66533194417,100.021993206843,300.447830948262,3.18792426394374,8.69850156706338,4.62043968200839,21.0210756006817,4.56360157806521,3000.99801724276,92734.8884981804
27.9868643304779,0.147593302888591,1351.77211987395,185.354855646483,1751.52183284205,100.191219272474,300.241265802795,3.19874131411131,8.75597282999436,4.42864462917,21.0749314360024,4.55241671717672,3004.11115547769,91762.9388353649
27.9597631215941,0.147361473612974,1353.55566284092,185.321227728471,1753.54978878694,100.371476450284,299.979414132157,3.21708493406228,8.82386142464975,4.17362476116707,21.1340423635971,4.53933883796724,3007.2547629097,90690.3627429254
27.922764180607,0.146932361454971,1355.84253386144,185.117271834263,1756.28657223545,100.592739487501,299.753644694622,3.24285045140502,8.89924360459749,3.86328128586815,21.2050736569224,4.5243985261109,3011.34656832839,89681.5640813097
27.8807546793972,0.146324844713934,1359.08402546057,184.823891418413,1760.30267725623,100.886396022646,299.6689726386,3.27562137786082,8.97514722570017,3.51267574005263,21.2969995827795,4.50806671039568,3017.39191050495,89114.0575149468
27.8379451610363,0.145582206068831,1363.45044394879,184.513533615924,1765.79779348852,101.261969725533,299.776633129564,3.31517932179384,9.0387494599378,3.14310493006976,21.4161225985696,4.49179872756239,3025.79239161351,89413.8276095429
27.7969995365954,0.144758938541599,1368.56517227884,184.201559939408,1772.26486936952,101.688825540622,300.007164376292,3.36276494645198,9.07874326687953,2.77489772052132,21.5606036630606,4.47732225314521,3035.75012562609,90043.4865495707
27.7592202964309,0.143910971454943,1373.40359437417,183.823599533079,1778.36453761927,102.089635055938,300.142567550373,3.42159505544534,9.09057396589172,2.4230771498281,21.7163441300307,4.46614472109407,3045.03903194551,90723.5186882516
27.7251523396545,0.143082335917013,1376.69961934296,183.272800037252,1782.4545252258,102.370494707456,299.906645613123,3.49549427648863,9.07502568421074,2.09684956241112,21.8608278018991,4.4595166368407,3050.89684202267,90998.4706709978
27.6952266897831,0.142279795850926,1377.68660809825,182.463227608807,1783.55036328102,102.475809266932,299.124624084958,3.58789704435107,9.03883113616244,1.79722878849355,21.9740083714248,4.45769926891297,3051.64066386618,90436.6547767339
27.6699892908077,0.14147625278408,1376.64986130777,181.400856441064,1782.03384326344,102.427737694665,297.851704572285,3.69973219314228,8.98649582486434,1.52286404301679,22.0498137976269,4.46043043923071,3047.88666268458,89636.6336639366
27.6502395691626,0.140628102873446,1374.86368625054,180.193621241339,1779.56330221676,102.320657382015,296.363193872788,3.8281799958813,8.9162786106748,1.2746436381349,22.099249529401,4.46730624784974,3042.41849366505,88858.6175054221
27.6368994219524,0.139691351571463,1373.81059767971,178.97153746684,1778.05973621073,102.26376203512,294.979130951801,3.96894304348348,8.82547072764671,1.05417472249972,22.1422585097679,4.47753203536486,3038.46975833379,88157.1529191429
27.6305030876404,0.138642787687221,1374.36556320183,177.809430593687,1778.65102837095,102.320922574711,293.887962605851,4.11760745503439,8.71249170875825,0.863494505585109,22.1966197768721,4.49028930964983,3037.94137500088,87546.5289745541
27.6305372305956,0.137486055904662,1376.60778055731,176.71238393824,1781.43196430644,102.497181206455,293.108353734475,4.26948773916918,8.57761468472738,0.703735489451525,22.2719032483777,4.5049877776367,3040.99782815426,86994.3220420687
27.6348823292939,0.136242305285837,1380.09145259932,175.641961400395,1785.81896233311,102.759126749515,292.548852401138,4.41994767851922,8.42282500259712,0.573529987810149,22.3695418291168,4.52127609465781,3046.66424328729,86481.6783849266
27.6401386472806,0.134937020062358,1384.21517523627,174.549280136125,1791.03012807423,103.062210313767,292.086767554479,4.56526707410911,8.25076289270313,0.469218592544141,22.4860745689991,4.53899659291579,3053.63344601319,85987.9990089832
27.6428593383862,0.133590887144216,1388.48003341216,173.396325010277,1796.41878118797,103.369665801347,291.621572677,4.70294081334494,8.06392126887988,0.386313799865082,22.6165764219878,4.55809509775754,3060.82563323349,85492.7541383067
27.640995003433,0.132216442742869,1392.59110281519,172.162733507271,1801.60340965509,103.659931051472,291.094863985011,4.83107373805083,7.86446475870671,0.320765508016095,22.7568550352896,4.57851446322571,3067.60553755367,85012.2755684167
27.6348485794769,0.130817838962596,1396.44376624265,170.842010431933,1806.44906970374,103.925672654274,290.486269424819,4.94795415882246,7.6546059925225,0.269275491963952,22.9042568923717,4.6000911894217,3073.74920274359,84556.6642775989
27.6268213004768,0.129393090385987,1400.050491674,169.434488551464,1810.97222671822,104.168365952738,289.797718876138,5.05240336284222,7.43694409123999,0.229076167278564,23.0574236488391,4.62252308778762,3079.2835793833,84125.044622037
27.6201584759386,0.127938410630462,1403.46323698408,167.943136644581,1815.23991901333,104.392445713842,289.038208140011,5.14417097078295,7.21429067784732,0.19778173766593,23.2156503909324,4.64543599209972,3084.31976229938,83713.3024971082
27.6177106427764,0.12645248916287,1406.72684808761,166.373306083633,1819.30870555727,104.601722559361,288.21576238933,5.22382977716501,6.98925858950249,0.173410070646064,23.3784055776078,4.66847482746709,3088.95469559348,83328.3241091991
27.6213798518428,0.124938917411049,1409.8655654784,164.73416218558,1823.20634702052,104.798308544808,287.335921787185,5.29235518328382,6.76405332296886,0.154403447467282,23.5451535184548,4.69134659431254,3093.24371578237,82974.8358688525
27.6321411629479,0.12340599319042,1412.88506445243,163.038725132352,1826.93460322205,104.982790180945,286.402476111085,5.35082006280159,6.54044024361333,0.139568148432381,23.7153113071865,4.71382745339764,3097.20523416237,82680.69094766
27.6502482175583,0.121864634108964,1415.77473781937,161.301585608652,1830.47378995874,105.154491337698,285.41739144412,5.40025812422061,6.31972221733466,0.127999041125494,23.8881650578061,4.73576805929315,3100.82504098756,82486.4463689263
27.6752852957878,0.120325134344719,1418.49870597799,159.533946857941,1833.77389403766,105.310939696004,284.377707481089,5.44177670164807,6.10302832742691,0.118990142796046,24.0625260740186,4.75707258135194,3104.03548333563,82355.4378589346
27.7060010682617,0.118794648217739,1420.9846592387,157.739382225355,1836.74308735326,105.447206471729,283.272414705059,5.47652398586737,5.89165929863272,0.111999332665188,24.236345058005,4.77767225044507,3106.69107987033,82259.1786696928
27.7403605519789,0.117276987182028,1423.14112486307,155.915584100225,1839.27072658806,105.557269267801,282.086212292708,5.50541209320442,5.68695350940466,0.106637620581127,24.4069310184177,4.79752675103272,3108.60702293454,82244.3656685609
27.7760564169858,0.115774301496316,1424.89085644607,154.060038520092,1841.26793453805,105.636374013884,280.806799140002,5.52894099221098,5.48993308687578,0.102660364895812,24.5715535356926,4.81663526382879,3109.63160532686,82402.4644915925
27.8112434215617,0.114289075098164,1426.16814088965,152.172109753658,1842.6603036293,105.680624951735,279.423982890499,5.54740326991614,5.30164481957447,0.0999251873200081,24.7273750945979,4.83499823879615,3109.63827646722,82659.1062417008
27.8452048023123,0.112826508894317,1426.88019521704,150.252009403744,1843.33532176573,105.684036372404,277.921919728506,5.56096296930643,5.12382783023523,0.0983764583482797,24.8708023239731,4.85256728024657,3108.44115625988,82951.7544668395
27.8785810801475,0.111396791197304,1426.90752733314,148.30386561988,1843.14251337497,105.63865461219,276.28100439935,5.5691877487563,4.9585328473528,0.0980882304022589,24.9976907158099,4.86927720185615,3105.79897724593,83468.6815834577
27.9130039065356,0.11001582534598,1426.13370345558,146.339631562506,1841.93335365458,105.536885237397,274.485979640446,5.57039844713877,4.80720729197302,0.0994024458813129,25.103924602778,4.88512781500194,3101.48332494191,84566.2528972294
27.9503885271531,0.108701933203865,1424.39335623643,144.369587083462,1839.49491157347,105.367679751475,272.515819577135,5.56239146158472,4.67192008338893,0.102905810110235,25.1838210692238,4.90012465955525,3095.16313008438,85978.8406333051
27.9922988302782,0.107473172184563,1421.33077929411,142.385028971486,1835.36647068219,105.106269783091,270.31955638159,5.54313147253992,4.55716209297858,0.109424204342558,25.2272967003478,4.91421739114159,3086.09638467224,87481.0375519015
28.0395745275943,0.106346302708909,1416.40070361562,140.357477588593,1828.84110280781,104.714513008631,267.822705578032,5.51042994616502,4.46889250444769,0.120112392924952,25.220430327698,4.92738956332291,3073.13571994057,89199.2531912666
28.0923231353391,0.105335608783749,1409.13142866735,138.262100987381,1819.3067370951,104.160323236104,264.979170907044,5.45946177166925,4.41298587859401,0.13754635071557,25.1493092416626,4.93963590855394,3055.29978664577,91395.1720330065
28.1504211398819,0.104459377490741,1399.37825802382,136.105861031552,1806.57086572958,103.437127070465,261.823314873685,5.37344748719852,4.40064473288687,0.170013491652566,25.0035490726647,4.95000453769542,3032.32624814249,93781.0632971609
28.21443972996,0.105836910920959,1387.24072643827,133.937137027446,1790.74967481917,102.558897160381,258.498524361985,2.2676910636918,4.4362349052138,0.251643663871006,24.7908888365666,4.95737465661602,3004.52950264991,96178.1722772017
28.2928852592903,0.206529011077183,1371.38841718912,131.95033676398,1770.35857126249,101.34958146443,256.587785056749,3.58790492198178e-11,3.06435251723725,1.14896533589336,25.3031650037367,5.11329251354226,2970.5088974702,107953.312308169
28.380346185416,0.253298813049385,1356.01759718716,130.3395123288,1750.44227176861,100.100625779009,256.232079291192,7.30530738838417e-14,1.26832907793666,2.76432361056312,25.8031723927872,5.3320698832186,2938.45755745362,110820.0610857
28.4827693262084,0.864217384267741,1343.25397091379,129.380053788422,1733.4972819938,99.0461663143064,257.620244332269,6.75920079571178e-15,0.155489080037719,4.71046000371095,25.6086602789103,5.5038550643198,2912.75392280999,113643.856603934
28.6253776118702,5.61620428350037,1331.98914313791,129.399161925957,1718.06236749307,98.1212845319117,257.742589052873,2.33094263559483e-16,0.000650275957529272,6.75493622659748,24.5290217354939,5.59525465932611,2889.62884540703,116254.684445682
28.8427991568591,12.3638316461642,1321.28725433275,130.869600782483,1703.10318602047,97.22037510869,255.99801263007,1.09884089771296e-18,1.84145065431231e-05,8.86108661607646,23.3448522594506,5.66759414257009,2867.34452755811,117998.676481625
29.1532437761874,19.7720343836351,1310.08318466319,133.965742970699,1687.26122481798,96.2546885883318,253.274318152116,3.47590097857275e-21,1.35918649645475e-05,10.9856660262676,22.1886971141819,5.73604191915026,2844.45946693655,118462.975538491
29.5428307725253,27.2731589602907,1298.14470432037,138.463122821126,1670.25926102346,95.2079450528794,250.166179248042,-1.52090200204667e-23,9.42040001488586e-06,13.0388022293622,21.0754552920191,5.8010810187896,2820.72328567867,118468.589908949
29.9726849789702,34.3844402326654,1286.61261291426,143.969131371856,1653.61026082643,94.1710838442606,247.258960746744,-4.84374127987103e-24,5.44958285204399e-06,14.9101295426107,20.0386044686282,5.86152718325865,2798.49599240274,118236.155598249
30.4010921648082,40.8499576951359,1277.1152746212,150.131982905328,1639.45569657645,93.2720141072096,244.938013088075,-1.92880033693996e-24,2.49500273157312e-06,16.5042132563837,19.1068627708302,5.91596580758516,2781.01436377044,117386.987972945
30.800169982515,46.6082222858689,1270.73484570383,156.697270813727,1629.2258886677,92.5966037117779,243.35810066122,-7.76327887571975e-25,9.03681875495487e-07,17.7807672581313,18.2920266634739,5.96378931552518,2770.36042688804,115732.548242456
31.1565563610544,51.7177324145843,1268.00124741994,163.472122032002,1623.63980050649,92.188473966002,242.57058221567,-3.32891627197511e-25,2.66896572693799e-07,18.7601365272658,17.5920291233752,6.00520972564159,2767.50602059494,113936.300823361
31.4637991713374,56.2993125247858,1269.23714394046,170.272895750649,1623.15540338992,92.0754699840643,242.613927781646,-1.91017157453043e-25,5.45123984089586e-08,19.497488134782,16.9994838671153,6.04074933604757,2773.01695556994,112185.791875909
31.7195350475472,60.4987220935129,1274.42496751443,176.946486686212,1627.78377049173,92.2590659856798,243.456868017522,-1.62872098088417e-25,6.67335370600132e-09,20.0536617054535,16.5034203909383,6.07106931083344,2786.75782304404,110700.492196983
31.9262769912036,64.4510193079058,1283.04771290188,183.423284451696,1636.8680068108,92.7014474787134,244.951345607098,-1.60557765613697e-25,8.79794120669748e-10,20.4786720822205,16.0877597963381,6.09704955515221,2807.57290844954,109629.423139508
32.0900876313389,68.2471393634988,1294.13788989257,189.685516978033,1649.15496037529,93.3299839306406,246.859735953463,-1.54342280282496e-25,1.82272171532747e-10,20.8049726188117,15.732974990724,6.11973420806552,2833.38425564232,108730.3447677
32.2183792130524,71.9210476598829,1306.48146986036,195.71396321773,1663.07433670186,94.053759963294,248.923544822718,-1.41276521606115e-25,5.02993609591641e-11,21.048492895785,15.418731211124,6.14021253676628,2861.61269603181,107941.22557582
32.3181771741788,75.4680641133328,1319.00613979415,201.484368549825,1677.24366111919,94.7928214392263,250.946143865722,-1.25594128638928e-25,1.64129498344526e-11,21.2160441523542,15.127203335435,6.15944192509515,2889.99808240924,107400.577734852
32.3950468052986,78.8747903270564,1330.91819673152,206.965163535708,1690.64273258959,95.4883889953884,252.803375398455,-1.10688935446629e-25,5.68406752015779e-12,21.3138375013728,14.8451081437049,6.17813344664073,2916.87326661147,107224.977336154
32.4522391207882,82.1338716697995,1341.2018099317,212.048709726464,1701.97248512785,96.0665557568816,254.328893446829,-9.77922728410755e-26,1.80514496188136e-12,21.3530562782881,14.5629250066236,6.19679122939127,2940.05686852208,107212.039491198
32.4901530758146,85.2423427279439,1348.77182698344,216.585744574713,1709.84747552371,96.448969225955,255.333456341512,-8.68381669127102e-26,5.33810808018984e-13,21.3508065351173,14.2732733726499,6.21580023797806,2957.18862015641,107291.898537381
32.5073814986865,88.2003779455358,1353.29071836088,220.513000097922,1713.83694583527,96.6115176213863,255.760309758876,-7.73731742344668e-26,1.49441744307423e-13,21.3253085337962,13.9710236973742,6.23542497205833,2967.52341162423,107419.105881926
32.5029657806591,91.0127129519411,1355.32151217928,223.881545876552,1714.66194547979,96.595380738798,255.718731840346,-6.90122943261901e-26,4.00175718591661e-14,21.2903544651844,13.6542433698336,6.25576297723149,2972.27522611716,107554.651931375
32.4787162410152,93.6834987707334,1355.86626166615,226.799975508862,1713.60970246269,96.4739372585337,255.400786661229,-6.15311461456622e-26,1.04673047804148e-14,21.2541040096738,13.3240305596694,6.27675417264333,2973.62010690268,107733.019601843
32.443996814375,66.6833151500749,1355.84796087957,228.697668493258,1712.11405928337,96.4304403233694,277.366522650575,0.741114381677713,0.393578562390883,21.4673710678002,13.2297778666024,6.28570815713488,2986.81659087062,98728.7085073329
32.4053527422839,19.4102147196451,1353.53951081505,230.119740191948,1708.06861043381,96.3578554487684,313.434144212774,0.997013589721043,1.38397942366458,21.4992372479267,13.2615032944573,6.23935531828072,3004.07107833699,98818.6681646843
32.3694407217642,0.244208037363945,1347.08054319098,230.988391594414,1698.95290087613,95.9829399190048,324.954438263336,2.16311844319399,2.47039791843734,20.7436644702059,13.1103263720469,6.13059708672253,2998.22080666126,98634.7747255154
32.3367686820943,0.197137244794178,1338.24193709348,231.494751433743,1686.77037706928,95.4276489096582,320.589601052368,2.5864449882707,3.57495578020478,19.5301609311493,12.8153274872634,5.98863990953694,2977.85325550119,98378.5897088069
32.3046875671411,0.19214059486072,1329.83288079337,231.848057772176,1675.14044540589,94.8739257586445,317.197821654235,2.70922542902087,4.40782985581399,18.5235313557788,12.5807399413849,5.88163286620404,2958.77747573346,98109.4743589079
32.271255971545,0.192437793015158,1323.45794956929,232.124073106697,1666.1916083717,94.4557179546085,315.13804039649,2.76332297021948,5.03469630405073,17.6202900779741,12.4432649817501,5.79753417717565,2944.51042047112,97853.6101942834
32.2361300611263,0.192812304999157,1319.33190611067,232.309049403156,1660.24277258211,94.2008769343878,314.459812520337,2.79236437436005,5.51232255129119,16.7547370244574,12.4106182101798,5.72762941894789,2935.54529675389,97632.2116166559
32.1990017487337,0.193007736390671,1316.98452463221,232.371974139446,1656.70359943253,94.0798938106936,314.960686598886,2.80957460053815,5.87487115072422,15.9103733373251,12.4684907618663,5.66804738565309,2930.82526371194,97411.7075139867
32.1576513463322,0.192998787098271,1315.84658131444,232.295281777878,1654.83153078445,94.0519221932946,316.318491236455,2.81931119853652,6.14789364210949,15.0982418916822,12.5908060686527,5.61702784774996,2929.00997165014,97186.4993416534
32.1082711744671,0.192806391240916,1315.50230361068,232.080276504248,1654.06706351362,94.0856951415825,318.224275114747,2.82422165023256,6.35207595603596,14.3377671133058,12.752020071951,5.57348613764114,2929.07011827849,97055.6782899703
32.0473476453238,0.192463130077111,1315.70492138399,231.743712392789,1654.06618334547,94.1619119295623,320.451379807387,2.82582753444463,6.50302200005992,13.6455743373076,12.9332977093115,5.53657209360698,2930.36937776729,97109.1055419304
31.9723848882905,0.192008262543068,1316.26470878858,231.308359683948,1654.56306874962,94.2656235467936,322.85029236794,2.82501378296377,6.61286143652503,13.0349885639083,13.1225507310449,5.50544049279395,2932.43948279258,97218.2183581975
31.8810612336287,0.191491629783688,1316.94659773816,230.800569936406,1655.23698605833,94.3786538909548,325.320166973448,2.82245604656681,6.69139207406288,12.5226945891449,13.3122439700213,5.47926932556399,2934.75756617224,97341.5349159143
31.7709722349677,0.190972139024082,1317.49753754327,230.2538918783,1655.74517697656,94.4813107233139,327.796749273079,2.81860476475621,6.74497906000482,12.1295491016037,13.4979494405931,5.45751725936322,2936.79337358585,97558.39413843
31.6409371316765,0.190504601362778,1317.71958427598,229.707136838289,1655.81972713249,94.5579435435044,330.239574450214,2.81367674415555,6.77694303511591,11.8721325477653,13.6772202939899,5.43991088417213,2938.14738346802,97942.1658394288
31.4939759595141,0.190140402577165,1317.45816073902,229.205706322953,1655.26042993135,94.5967234911819,332.594700832927,2.80810034970256,6.79062893458104,11.7521968136867,13.8478635986556,5.42607149465826,2938.51400170121,98374.6681247179
31.3400041996345,0.18994952841032,1316.54492405112,228.813499856896,1653.86694445129,94.5857353132553,334.7629384385,2.80274819192731,6.79107666639457,11.7525458658126,14.0065523191174,5.41533534591685,2937.56383275995,98811.6078111882
31.1934147946401,0.190018264996286,1314.82214193793,228.612252165257,1651.46212013382,94.5141183396328,336.628906365579,2.79855153621803,6.78273540537316,11.8453896293183,14.1493856779615,5.40708992030943,2935.00097877647,99342.1424364061
31.0664257842144,0.190420838167767,1312.20471162682,228.67728502191,1647.95656522491,94.3758275687613,338.114177355016,2.7960985826256,6.76761902416251,12.004887965805,14.2732809505038,5.40104072755278,2930.68491733977,100044.223700287
30.9619696952066,0.19119330792451,1308.65346361877,229.042534980862,1643.3050991688,94.1674050908672,339.18528945977,2.79579361578818,6.74699126965414,12.2124956173339,14.3762479179589,5.39701064129124,2924.54774791644,100765.547522044
30.8697473608665,0.192330479244414,1304.12403739306,229.688081664118,1637.43898095651,93.8840724186087,339.836065313345,2.79807861408716,6.7223699000285,12.4565890739006,14.4570656408975,5.39481584651953,2916.47119787316,101450.521403745
30.7712222148081,0.193795501757328,1298.6132137956,230.560742425346,1630.3321601299,93.5236477589231,340.085107575857,2.80333843784758,6.69587470000984,12.7287421373536,14.5157204117369,5.39416209923071,2906.39863453077,101908.802298679
30.6508395232626,0.19552514368144,1292.25818249716,231.599943463829,1622.14131119071,93.0950723493963,339.989480977173,2.81160418775735,6.67143886599711,13.0183723086952,14.5543339545773,5.39439025022055,2894.57119673615,101996.922352709
30.5059633209799,0.197435125454221,1285.43330215651,232.761094744574,1613.33774592167,92.625988376834,339.672809940368,2.82197877745041,6.65172832646233,13.3126921225816,14.5779454650885,5.3948453739006,2881.76063493925,101968.34954527
30.3497895613274,0.199416249088755,1278.73337742792,234.011660329612,1604.68857203145,92.1615990641535,339.316683276703,2.83266325597977,6.63704778445311,13.5966082102747,14.5940603536408,5.39504732099175,2869.23063297926,101896.479679586
30.2036743112243,0.201347887749074,1272.74406095222,235.312319022192,1596.95923768255,91.747514479773,339.08913897988,2.84188446421485,6.6284946222839,13.8526812963048,14.610338342426,5.39437913244415,2858.22366692255,101695.648904022
30.0856698970028,0.203135341158363,1267.83046197496,236.623187459786,1590.63222998015,91.4130743514321,339.087629162668,2.84860780006902,6.6286043855803,14.0652172045825,14.6324703865545,5.39212581709383,2849.50400845637,101300.840038393
30.0045763172355,0.204738753386405,1264.15641669483,237.933921733951,1585.91805305602,91.1714569195255,339.346632072977,2.85237058928991,6.63916476522466,14.223656923128,14.6639761781568,5.38779835535556,2843.40931831583,100851.051184036
29.9610443630452,0.206170063832252,1261.81277722126,239.278380640439,1582.91329026881,91.0287742465268,339.870693095122,2.85287149487106,6.66056960116582,14.3213131586044,14.7070029252244,5.38117836052128,2840.12852419932,100392.878716171
29.9514343211156,0.207451880518367,1260.84567351619,240.694771467994,1581.64965559159,90.9875613600407,340.641364047457,2.85013676321439,6.6958676542467,14.3506114461154,14.7627309833398,5.37173503661174,2839.74470940386,99571.0563301345
29.9704020011796,0.208580526351082,1261.25429781787,242.182695518206,1582.1089014825,91.0479693185824,341.627012766623,2.84452237963418,6.75252737529041,14.3024884708362,14.8320625880026,5.35835729488945,2842.22165400782,98124.784574551
30.0114913832955,0.209527658034896,1263.16039673457,243.732900253169,1584.4404145184,91.2193251994279,342.85282994461,2.83565920106904,6.83442552835425,14.1744762643701,14.9180902013881,5.34035564007469,2847.80203858678,96606.2010022167
30.0671643504995,0.210246224376956,1266.94663826181,245.361164517307,1589.13122589514,91.5295275220006,344.441642937814,2.82209075876725,6.93869010041023,13.9723027537974,15.0278551852261,5.31780186501256,2857.32299601522,95185.5935146871
30.1298247506639,0.210689398394683,1273.02385552864,247.087554610331,1596.7076715016,92.0084737067853,346.5328215617,2.80232643719178,7.0604903571478,13.7046600896018,15.1695272774545,5.29098305263432,2871.69318121499,93962.5239104659
30.193514583633,0.210842737107729,1281.52037303476,248.915279306723,1607.33820359764,92.6653521367458,349.187689246365,2.77585231789166,7.19423108427904,13.382298605324,15.348230409848,5.26043602269153,2891.20828514615,93010.5540483563
30.254743787073,0.210723633384516,1292.16996224079,250.809724067874,1620.6930325769,93.4808411365635,352.350788187461,2.74354659821739,7.33547876566683,13.0171695661669,15.5639298602153,5.22678457591759,2915.29436379704,92197.3460148414
30.3122545963612,0.210363302007741,1304.38817815675,252.692770382411,1636.04389932783,94.4130092077348,355.867675947439,2.70735407687381,7.48197735269821,12.6225637394538,15.811649039293,5.19058989411069,2942.666866761,91470.500189485
30.3661812240188,0.209793035055336,1317.48541136796,254.467630594001,1652.53203035336,95.4126092150081,359.546722953373,2.66950196381421,7.63271472967477,12.2124858093698,16.0837632049042,5.1523701116536,2971.80170858706,90782.4348599574
30.4170115789515,0.209038151192442,1330.86885622498,256.049835197004,1669.41920047322,96.4374422714099,363.218677365564,2.63185806949599,7.78761098024186,11.7983919581017,16.3726942997491,5.11251390149029,3001.38521349636,90090.2891323908
30.4645838863723,0.208122289582259,1344.03642547007,257.37133564597,1686.07644062815,97.451512620829,366.740374840891,2.59592446036211,7.94642975046363,11.3864286585978,16.672688431266,5.07134670957381,3030.30390175853,89449.0234325764
30.507346802749,0.20707272043055,1356.3239275651,258.342317811428,1701.66475830502,98.4064498911471,369.928634017971,2.56373969475585,8.1079680243738,10.9763079512614,16.9799418945072,5.02923970209663,3057.08173282656,88880.5929396953
30.5426199172433,0.205919065370534,1367.06004726308,258.879857950838,1715.33185649721,99.2529106190892,372.600291648254,2.53749050162065,8.27101843127383,10.5625531521894,17.2916511609709,4.98652169596852,3080.22963148934,88314.5598611176
30.5677426817628,0.204686128254956,1375.92684845351,258.963053964473,1726.66928856847,99.9671012529277,374.667578419164,2.51833057756783,8.43537369306048,10.1378307587117,17.6056200489524,4.94335163746694,3099.05083650178,87665.2920374069
30.5811977427619,0.203386740231577,1383.06335381318,258.638713118582,1735.84570120898,100.55844517779,376.166749851505,2.50597541198323,8.60064497446077,9.69713860312091,17.9208043526221,4.89984706444238,3113.86716069843,87031.3099959148
30.5830129956531,0.20201601287217,1388.91991905653,257.984727437096,1743.42529584738,101.059151932049,377.217913220979,2.49916364818697,8.76556013182162,9.23933072293403,18.2376614612702,4.85615942207662,3125.68499044973,86458.4987644938
30.5743896536436,0.200557641265829,1394.0109123849,257.072811302178,1750.05555590617,101.506225962895,377.957939254553,2.49642409459788,8.92793396436839,8.76663353487398,18.5575295052666,4.81251328936523,3135.64361001788,86083.3010334869
30.5570483584309,0.199001828928134,1398.70851830337,255.955399899607,1756.20405971104,101.926077850755,378.488470582943,2.49663639715733,9.08335281945172,8.28475904979252,18.8815482622329,4.76945372541815,3144.56818455325,86078.0757597179
30.5331436557673,0.197352634997011,1403.10681311598,254.65388066626,1761.98671518498,102.324866948578,378.837793974207,2.49956332415979,9.22788682176865,7.79964574898271,19.2086183100838,4.72758597843163,3152.67242550104,86244.1949137118
30.5059317019583,0.195627800622894,1406.98677078394,253.155109894635,1767.12458659702,102.686260250867,378.950046282034,2.5060358460934,9.360464949484,7.3144643592292,19.5336751332553,4.68734317896718,3159.48228599698,86459.4604830134
30.479916352683,0.193852723282914,1409.96885889286,251.431337979034,1771.13676020684,102.982429184136,378.728450683026,2.51747536442353,9.48141969573656,6.82994470121292,19.8487567871547,4.64913148597748,3164.17523496971,86634.6075674696
30.4597742846981,0.192046969014829,1411.77050239014,249.466460815215,1773.66595352046,103.192809784667,378.10357113861,2.53518596548197,9.59198982543853,6.34486716644262,20.1460319499626,4.61323197449989,3166.14470469715,86688.2700342717
30.4484238663059,0.190218547258878,1412.39124804264,247.277317679764,1774.70974404494,103.31725849063,377.08231091072,2.55975377221519,9.69290421648459,5.85853435715008,20.4209410548376,4.57982219501589,3165.40482635339,86701.0847788598
30.4453485539153,0.18836623675873,1412.1395088161,244.918038876957,1774.65008614176,103.377597982871,375.753999625427,2.59086861490151,9.78347270859303,5.37329829608217,20.6735568550831,4.54902457483141,3162.6454185899,86718.5679661808
30.4467307567052,0.186482699773572,1411.48275738819,242.457970629398,1774.06444407532,103.406894466092,374.247230867265,2.62780817151748,9.86359342237851,4.89350976624948,20.9073168954606,4.52069453848867,3158.89709569479,86633.9164402337
30.4474047049898,0.184557343825203,1410.81778588393,239.948564797161,1773.44127867165,103.43320569919,372.667467384738,2.67027047656772,9.9355039714478,4.422851762767,21.1267548218639,4.49430081428887,3155.02533334625,86298.3709908492
30.4432027819886,0.182580993916337,1410.40381814152,237.419888615577,1773.10197589089,103.474851744625,371.083657513691,2.71855088703186,10.0010597783436,3.96411291321665,21.3367472030616,4.46934362432574,3151.59495570028,85874.8018718947
30.4323058895319,0.180546116086929,1410.4457607273,234.895615299238,1773.31097148549,103.546617174104,369.553413334751,2.77335759098025,10.0593792444569,3.51917029666671,21.5430686172476,4.44564964394064,3149.06388171005,85453.4686284541
30.4151124682306,0.178445795076351,1411.10740376774,232.394414505995,1774.29134491902,103.660696908301,368.124728712928,2.83606590869192,10.10766525527,3.0886201969185,21.7518925600329,4.42328625543987,3147.81002222805,85106.9546761431
30.3932678956456,0.176278093224716,1412.44184569552,229.923811356782,1776.12887695795,103.821025376809,366.816481445633,2.90899080666578,10.1411872856007,2.67363839038316,21.96820498054,4.40265477570887,3147.97111444835,84908.852409186
30.3689612166092,0.174047457401761,1414.33836603776,227.47350897039,1778.69838868251,104.018989473717,365.603682984967,2.99559682943014,10.1543584857163,2.27681988464271,22.1942138096017,4.38443463457167,3149.32068974684,84777.1410254866
30.3449065273847,0.171763332083126,1416.53469761054,225.015987295285,1781.67740522866,104.234187216671,364.421802647228,3.10044273413087,10.1414876176336,1.90215701706658,22.4287375154699,4.3695191161012,3151.29333219169,84660.0631119999
30.3242740763672,0.169438222641983,1418.71644148147,222.518951033394,1784.67256575795,104.441728331412,363.194785688313,3.22839356573431,10.0961284969037,1.55529296731842,22.6682481979617,4.35904893052137,3153.20602448097,84540.6345719224
30.3100608328817,0.167084750078077,1420.64220759674,219.959150410596,1787.37923536188,104.621729032994,361.867237541553,3.38322631783246,10.0113246993862,1.24296694584726,22.9087323421145,4.35426927717107,3154.53425504784,84413.2193584761
30.3040153941139,0.164713680812497,1422.2089554824,217.327316831696,1789.66381504502,104.764557778266,360.419794829333,3.56562132771047,9.88083321851432,0.971868858759931,23.1471304306802,4.35626970667767,3155.05294699164,84285.4105191908
30.3056324562092,0.162332588186082,1423.43905418408,214.622923638923,1791.54557129314,104.870388485925,358.864685323993,3.7708975009854,9.70110897083549,0.746907309146885,23.3818275920941,4.36566887685425,3154.80336570786,84163.1507804359
30.3121850718354,0.159949256594882,1424.42236681769,211.850831082262,1793.12262304224,104.945325364251,357.232713429471,3.98701033545216,9.47166804585786,0.570098508679101,23.6126035946034,4.38255052069438,3153.96908296706,84350.1862396912
30.320058921352,0.157579112679402,1425.22401516216,209.021533205647,1794.45737043932,104.994887269149,355.55329515823,4.19474028182536,9.19416538156005,0.439982023196811,23.8398102812754,4.40662051375325,3152.68575243419,85333.4173001599
30.3269361130086,0.15524518454228,1425.68300719905,206.132121176024,1795.32782089846,105.009265809702,353.798961183997,4.37606960959555,8.8760491266782,0.349917205690526,24.0600159136259,4.4369611151664,3150.60484313104,86719.1145387442
30.3344995160406,0.152985910917008,1425.17019996667,203.148394011597,1794.92574371849,104.944754455641,351.823167491647,4.52226657437499,8.53068156533252,0.290749464670266,24.2603630142903,4.47237199046921,3146.37230315547,88204.166983341
30.3496662425204,0.150862286923633,1422.7041892376,200.028003929929,1792.00417343589,104.731825621957,349.398123236416,4.63143178875941,8.17195906651345,0.254765998784955,24.4198054175152,4.51205156365836,3137.89590405891,89824.607074977
30.3822056666383,0.14894264035776,1417.46828245385,196.767367850272,1785.53182320772,104.313393101831,346.348899889818,4.70329893954865,7.81185280243973,0.237440675068561,24.5168343464416,4.55549274644935,3123.47355311841,91731.422799004
30.4384335245783,0.147289676612748,1409.29057634354,193.43719260105,1775.30237582894,103.681559681844,342.67960063389,4.72730108433742,7.4663649448619,0.241802933348036,24.5370306090005,4.60122137838282,3102.8385341327,93757.8836538924
30.5133989571732,0.14596615036488,1398.6055370076,190.167936856102,1761.89001068529,102.878229269462,338.583903685575,4.66902467713901,7.16960865326335,0.284573997798439,24.4774177362188,4.64456034548704,3077.08651116813,95803.5552458602
30.589455992946,0.145037673926454,1385.95324781587,187.088744230491,1746.00807338075,101.958154014245,334.336761459684,4.487873744905,6.97253843385421,0.399924455972381,24.3458660158601,4.6778688049352,3047.57725166775,98049.3346309491
30.6439396731514,0.144571391925253,1371.70656763239,184.305750204563,1728.14469028723,100.959653303194,330.203821011024,4.17697189817879,6.90857913244965,0.64772895648291,24.1548662214171,4.69584446881696,3015.30427193181,100679.277437561
30.6595137601108,0.144653028100655,1356.20640074451,181.969216404997,1708.72561450003,99.9019847604336,326.397391709495,3.79382811336618,6.95275054436356,1.11578816236845,23.9135984031146,4.70179005569021,2981.1647768258,103319.274489466
30.6309936751466,0.145423547713927,1339.68463131414,180.33585574086,1688.01697278014,98.77740213066,322.99068931827,3.44208481060901,7.02208013390772,1.88864970972745,23.6231089797633,4.70773238880289,2945.80219941303,105786.324605236
30.5646380469848,0.147061782690308,1321.91530729579,179.661596761564,1665.69575013299,97.5416050229352,319.838452236188,3.19326242379268,7.03776952517119,2.98587373048692,23.2803770940904,4.72523460020758,2908.82040715584,107444.785966957
30.4725277932505,0.149678242134293,1302.5221924229,180.036702811299,1641.26045115402,96.154309154003,316.697821193736,3.05117484892096,6.98157534994881,4.33128550404176,22.8890559409769,4.75669916262837,2869.37038649886,107878.095312465
30.368636303084,0.153225606373204,1281.95129056568,181.401018173341,1615.26855411645,94.6512955716931,313.514623798247,2.98502188207306,6.87900308418265,5.79650304340462,22.465878245642,4.79738333224797,2828.24429807304,107870.344495123
30.2681498577891,0.157507630600751,1261.77487794702,183.653869862319,1589.71259223492,93.1573511821893,310.509980343031,2.9628623883097,6.76078160913794,7.25020572917257,22.0379665031986,4.84107935301105,2788.58883676526,107639.495559644
30.1849088939295,0.162240177531348,1243.91712918271,186.683404891271,1567.03517454506,91.8236527998809,307.999538556527,2.96178922211786,6.65372391125705,8.57872312530924,21.6334682987515,4.88205686575964,2754.29281614665,106768.822314447
30.1269458297883,0.167125203284162,1229.75497705013,190.344743227842,1548.99206933978,90.7596097141049,306.212665402525,2.96753844684624,6.58007828223898,9.70440635230714,21.2734779915721,4.91572506285173,2728.10070788543,105035.711838561
30.0946072481911,0.171900682314374,1219.97915832375,194.470562968386,1536.47785825073,90.0216444133029,305.2883947512,2.97137925766244,6.54992850725969,10.5982863169614,20.9721113817845,4.93973510275139,2711.34651310372,103155.975450023
30.0828987834539,0.176330718441325,1214.9515871861,198.891108381002,1529.97846091283,89.6402420692994,305.33896251412,2.9676917347711,6.56178263587928,11.2659410101696,20.7409216630849,4.95359280106631,2704.70759539432,101332.341070275
30.0855135803374,0.180227782512606,1214.73828599613,203.450947691172,1529.60564703477,89.6231013126765,306.415054467381,2.95352133082029,6.61115266790217,11.725271183723,20.5878441316921,4.95745413121832,2708.25508405534,99652.3811778387
30.0975876313594,0.183511018907717,1218.98063104424,208.04067224345,1534.92284174075,89.9449299886852,308.459592235773,2.92842482913187,6.69257670315959,11.9988807690003,20.5136901317257,4.95202917275377,2721.18699623957,98172.9221697309
30.1164587900545,0.186201186405248,1226.95749379846,212.592164330065,1545.02024525372,90.5521265136878,311.319550869785,2.89394510347706,6.80048559346362,12.1093636083479,20.5125380582409,4.93843887076475,2741.95039351895,96840.2179268067
30.141134948318,0.188375000751205,1237.76663538605,217.054970964564,1558.74747556148,91.3768653154101,314.791980964181,2.85272615140477,6.92946485400285,12.077035474277,20.5744996696281,4.9180202111548,2768.60993019979,95641.9844566748
30.1714515438719,0.190130086357133,1250.53495681826,221.395104216657,1574.98548673422,92.3529665309953,318.679971086284,2.80746153433116,7.07254620770589,11.9217944917184,20.6887198234233,4.8923912658861,2799.29785497901,94753.0733489482
30.2072308684129,0.19156562982421,1264.53820300471,225.599730630845,1592.80340019654,93.424891224029,322.823072467086,2.76032846336735,7.22033748397399,11.6650819099413,20.8450257523803,4.86347201992003,2832.47515756695,94331.2880072795
30.2468098146853,0.192759554390655,1279.1053983799,229.639361801277,1611.34043622439,94.5413603984534,327.064060483138,2.71344299385044,7.36518021589056,11.3278602563924,21.0326777746654,4.83296120585554,2866.69932488135,94111.6772689965
30.2854825922835,0.193756562743922,1293.48965466842,233.431484701945,1629.64102215412,95.646079761249,331.210971513723,2.66922878146745,7.50363399432688,10.9300366122696,21.238258581874,4.80210275729429,2900.32027387608,93991.787273714
30.3162681793878,0.194574612231763,1306.96473146367,236.863746073819,1646.77546152595,96.684510366386,335.067924864442,2.62993825450532,7.6339787012505,10.4912733068101,21.4470002281784,4.77196609835015,2931.7036234301,93972.935375316
30.3324794853913,0.195217574782397,1318.99851677736,239.839770110725,1662.0615108135,97.6166587259407,338.486667448893,2.59710150512097,7.75486365200333,10.0288983925274,21.646052369358,4.74346044323827,2959.63752128265,94066.9239456516
30.3293235913304,0.195694471631303,1329.30765257044,242.314111638506,1675.13583488589,98.4212111263893,341.38788992573,2.57142693305325,7.86513390059725,9.5551057866323,21.8263506503853,4.71726668986106,2983.48080209552,94242.7510015582
30.30359702055,0.196034972658129,1337.79731353519,244.302937280717,1685.8781531863,99.091070966472,343.75174375173,2.55307232612935,7.96364034940258,9.07538016257313,21.9825279446348,4.69387984163393,3003.0476809331,94480.5023361693
30.2531295916772,0.196280753895371,1344.47433682791,245.858890830236,1694.30057712907,99.6269961472369,345.592771042042,2.54204067685051,8.05038125789189,8.58919769463815,22.1119137275014,4.67350347627543,3018.40313298837,94600.4874740408
30.1771380004045,0.196460316530871,1349.35231722832,247.021801850895,1700.42749059895,100.030643329936,346.926131846619,2.53854705271828,8.12810593116882,8.0928520139571,22.2139307868253,4.65584447832136,3029.61984387814,94427.0845099747
30.0770071028766,0.196577443407288,1352.52848739398,247.814922318723,1704.39320225418,100.309706595123,347.784387329104,2.5426265421352,8.19908861911196,7.58475294766415,22.2908521485646,4.64050357194211,3036.93583803942,94184.9099411096
29.9565739689284,0.196609090229624,1354.41880483067,248.282443528556,1706.74153266436,100.495189569192,348.276129689972,2.55334660875854,8.2632775455312,7.06679164457499,22.3485888101018,4.62717753405695,3041.27993918546,93949.862845177
29.8211536952918,0.196515336367125,1355.66763530296,248.487072015594,1708.30978550229,100.635048420209,348.5615996,2.56917329638003,8.32041677784214,6.54186597391368,22.3950737034309,4.61545698457535,3044.07717855415,93734.0486230585
29.6757629845276,0.196262580497954,1356.80078356802,248.478994117022,1709.78148944799,100.768306461952,348.769818914597,2.58902893783103,8.37023172093728,6.01392766500358,22.4373628247414,4.60497980386797,3046.48875741442,93542.2023035685
29.5239913029951,0.195836787208026,1358.05548474116,248.282017099781,1711.46352796881,100.912215432764,348.962950467501,2.61267116506851,8.41207119432235,5.49063825773804,22.4802110143816,4.59557919408602,3049.04014218967,93347.2922309635
29.3679391710655,0.195243173190741,1359.44590703878,247.902812956465,1713.36628330913,101.067058586975,349.158544096114,2.64010076036552,8.44473481562616,4.98637137858798,22.5266236151381,4.58728625409858,3051.76710896059,93140.7815552178
29.2085504442554,0.194504443954228,1360.90167303933,247.35165987116,1715.38286444263,101.226393675176,349.364619489602,2.67060252551399,8.46490289966858,4.52125158751702,22.5787888778691,4.58048682304049,3054.52715873584,93161.7819642757
29.0457835977986,0.193661613448715,1362.33444879153,246.655975222561,1717.38124641724,101.382136072354,349.591341156711,2.70223046863227,8.46615538825977,4.11653757381554,22.6380158637725,4.57604393072292,3057.1543111627,93664.2757918854
28.8786016266993,0.192774278049195,1363.53509047912,245.846711158869,1719.08239709493,101.517858341459,349.817459267874,2.73241731137065,8.44457968975732,3.78932370407298,22.7030560715885,4.57460972710513,3059.23563678823,94306.0350695841
28.7044833925083,0.191933224216061,1364.05694797521,244.956416828267,1719.91538739472,101.600524575432,349.965481177978,2.75837022048693,8.40155565187193,3.55371870408438,22.7685478625839,4.57634357411725,3059.8692246579,94947.6783798836
28.5197630407976,0.191255647638659,1363.39199518004,244.042445898831,1719.23723396071,101.593020175499,349.953757176912,2.77650467233327,8.339483044355,3.42412096563949,22.8270264961185,4.58139716251403,3058.05456128897,95687.8145808213
28.3217393601306,0.190847782845315,1361.28372107549,243.193210485489,1716.72589322485,101.477068589285,349.764677817855,2.78309921194074,8.25995316726301,3.41144922780414,22.8722825291705,4.58995568589286,3053.34799905072,96642.6947973673
28.1123833140411,0.190770736936469,1357.83736685592,242.506870593434,1712.51997858707,101.261381271588,349.446633126111,2.7769001827804,8.16574888689778,3.51377424361227,22.899441494328,4.6019214534664,3046.06401596658,97654.7824022867
27.9017365587429,0.191034875555675,1353.31139874001,242.050847884253,1706.95657308111,100.965885632623,349.041710631599,2.76112153136563,8.06135481170733,3.70992367233465,22.9024968469927,4.61696136349067,3036.79433421558,98660.2488824945
27.7058167779749,0.191623449205784,1347.77472633975,241.828513374646,1700.13510650901,100.595641948066,348.512914791311,2.74189555951892,7.94934465593416,3.96742095183705,22.8740564727682,4.63504553939496,3025.66523887253,99789.8247954588
27.5397759814497,0.192520055720995,1341.00190855937,241.787925027082,1691.77842872658,100.132919824799,347.749782209716,2.72498231830301,7.82873161840986,4.25768886518613,22.8073298967942,4.65660945316655,3012.13643461024,101158.413354227
27.4113711703958,0.193712406299645,1332.63416329255,241.849535600477,1681.42813555718,99.549672295501,346.623036730657,2.71411202872115,7.69890784711943,4.56458395606532,22.696962495962,4.68197926423064,2995.36282652631,102534.661379407
27.3179097867043,0.195183050012862,1322.35654790845,241.923217760329,1668.66162552038,98.8209554278022,345.025767680803,2.71095377193772,7.56232568855352,4.88626995984788,22.5385576442623,4.71101887809355,2974.57278851854,103826.333154788
27.2497946411764,0.196874847022892,1310.15036480849,241.916590623825,1653.42205868887,97.9449740102885,342.91924253994,2.71620464611021,7.43011713306749,5.22176460383645,22.3313214611876,4.74217544774002,2949.6069268866,104116.016228246
27.1977417479851,0.19865931478646,1296.63516919837,241.766702359784,1636.47413377636,96.9699955485279,340.411465748032,2.72977088469119,7.32486051527751,5.55351262176379,22.0847604966083,4.77170738085546,2921.68088843223,102794.956688121
27.1582845370395,0.200392562958885,1283.27702620154,241.548641254878,1619.67354921048,96.0075950983322,337.853295041957,2.74805966529032,7.26038987239467,5.85922684865144,21.8233772407533,4.79627457851236,2893.93566608914,101135.459466827
27.134608539392,0.201953741454983,1272.15042979507,241.489691224288,1605.65793364266,95.2133908896539,335.792945912907,2.76419709559117,7.23488878448658,6.1219912929007,21.5835240862514,4.81409620564543,2870.94615883099,99482.1667861875
27.1322620300169,0.203262295055345,1265.05741827832,241.832718821098,1596.72269876933,94.7218470905018,334.726030675069,2.77161983573517,7.24037097003239,6.33093975902696,21.3995114150373,4.82438938787583,2856.7352272181,98301.7405422283
27.1542766473518,0.204314512141485,1262.78088104108,242.732368341528,1593.8651048227,94.5901197921435,334.893020769359,2.76648426668003,7.26333969532647,6.4883085674618,21.2902401930661,4.82801300064808,2853.10136727854,97955.4516400326
27.1974824368625,0.205156617082625,1264.92727686141,244.185611451857,1596.58363116831,94.7874228933029,336.212377489539,2.74924121542127,7.29383989441739,6.59994064735796,21.2556829608224,4.82637463040186,2859.21800278148,97811.0037784053
27.2502521037556,0.205855474460796,1270.10356619536,246.023999408253,1603.10200359876,95.208786230185,338.312469101089,2.72432289298188,7.32950708601381,6.6677265818852,21.2785610279466,4.82075678849156,2871.99404225876,97672.209710787
27.2960426581357,0.206474147391262,1276.59922583753,248.010250705482,1611.23670659716,95.7256684056109,340.72135408482,2.69744588306285,7.37049301917706,6.6913939340202,21.3339100374441,4.8124986717777,2887.59989536098,97399.9060486983
27.3208009237958,0.20703896774489,1283.12882273835,249.93923282035,1619.35006873591,96.2420555902665,343.073284861048,2.67307111902716,7.41850238721587,6.6686693352528,21.4011899388735,4.80246779350595,2903.13435594174,96896.1020527879
27.3191361763241,0.20753860803123,1289.14985479902,251.696937333174,1626.76523563456,96.71859966373,345.209730106547,2.65299643619062,7.4739473321324,6.60059106293948,21.4704659671645,4.79113070319188,2917.36390493047,96384.5654003845
27.2958863716517,0.207936736226185,1294.73407852621,253.253453121744,1633.60959524563,97.1632722633493,347.154023894892,2.63661858384662,7.53478561832563,6.49517528389054,21.5415652252696,4.77876988250505,2930.45604738955,95945.7503916868
27.2618547200605,0.208196264680967,1300.18854219872,254.621925907438,1640.32225587534,97.6022772744718,349.005520222712,2.62226360852976,7.59759861239665,6.36576596046333,21.618591863355,4.76563595510785,2943.1302826067,95728.3914598179
27.2275036083188,0.208307936048059,1305.72054748111,255.829398300342,1647.20402248381,98.0531982104925,350.842011608808,2.60839602420012,7.65728814286638,6.22776399877982,21.7042702847382,4.75230131396814,2955.89624484796,95858.9973659466
27.1993434096651,0.208291721537247,1311.2507691301,256.883264586819,1654.15980605472,98.5099889427528,352.65488068221,2.59471816928795,7.71007447229789,6.09056567368248,21.7963573441026,4.73943359989783,2968.60358625262,96126.5687300512
27.1797456016147,0.208185044883482,1316.40078471918,257.754337803438,1660.67253100232,98.941602759211,354.336172684167,2.58260103143984,7.75504721127015,5.9515593911105,21.8867773697017,4.72762170621489,2980.38740428363,96443.0455005346
27.1684744280032,0.208025375234874,1320.68602210855,258.393242973279,1666.06255410067,99.3073409287909,355.735106387927,2.57441710016049,7.79295938650654,5.79880414622549,21.9646897218355,4.717374035533,2990.10700820586,96661.9379861059
27.1642522238667,0.207828785482194,1323.76695537288,258.753478162687,1669.84114659655,99.5779681089685,356.736413959561,2.57241392108489,7.82622957929148,5.61829531658707,22.0213605164892,4.70884975010464,2996.93651156146,96656.1250865523
27.1654198524946,0.207578172769349,1325.62018493183,258.808863661239,1671.95751901621,99.7501749241194,357.320532191404,2.57755127293737,7.85639268098214,5.40321974083914,22.0537783149425,4.70201414845581,3000.77820360683,96590.9451734181
27.1699330875475,0.207216507178671,1326.54523082256,258.545832021066,1672.81797743915,99.8476259530316,357.56943257943,2.58919318630717,7.88307637195155,5.15712874799157,22.0651526143124,4.69674746373653,3002.2835754398,96519.9312456678
27.1755988877485,0.206661797851118,1326.98267705317,257.947795795365,1673.03888501177,99.906615111326,357.608349726054,2.60595190896844,7.90675287871736,4.88866327222528,22.0620626323319,4.69261404043857,3002.4344668,96348.8281946405
27.180726951474,0.205843951780927,1327.30977483818,257.001842942427,1673.15644518122,99.9589900937668,357.5426672339,2.62667732405115,7.92979404491759,4.60554918698158,22.0511108229709,4.68890536281219,3002.07974458203,95989.9867067718
27.1847640441272,0.204737219640714,1327.79962885516,255.729821339961,1673.55155289899,100.027490041828,357.446220252542,2.6507291837909,7.95401938955818,4.31229127480399,22.0377893089631,4.6850523835029,3001.84900334717,95582.3430189147
27.1884797438574,0.203365246894787,1328.68909597996,254.207050178156,1674.53178980709,100.130481814446,357.380258565656,2.67794271916942,7.97924781279882,4.00967421855651,22.027029538931,4.680800585855,3002.30713604089,95176.0360882162
27.1934316743538,0.201773995984728,1330.17588588872,252.529732047312,1676.339685256,100.282644065722,357.389983497752,2.70910063921083,8.00646343690617,3.69406815625543,22.0232845614332,4.67576656829382,3003.9337065966,94505.5266657839
27.2010548231381,0.200000416333762,1332.39118953347,250.771554247744,1679.13149631827,100.493660437557,357.49788284371,2.74630326200751,8.03960559029952,3.35937909252568,22.0304544674847,4.66919556098673,3007.04554884136,93332.4413684897
27.2119210229154,0.198062632962245,1335.52025461353,248.99031529322,1683.13498981006,100.776840134172,357.746745872651,2.79202708042302,8.07939947719325,3.00394204248955,22.0535772086028,4.6607266386069,3012.06806684063,92069.6925856287
27.2255218583793,0.19595920210575,1339.93682718336,247.24917014262,1688.82157857621,101.159090333868,358.238933110321,2.84843694267024,8.12037714214444,2.63277561001179,22.100769219876,4.65069370094916,3019.83981999423,90872.2075483659
27.2406663342891,0.193678073276017,1346.06151767615,245.602558052633,1696.72615836246,101.670549365173,359.090859785411,2.91832301133041,8.15411572243272,2.25461587911837,22.1811079321614,4.6397894121336,3031.2965786167,89844.6937575788
27.2561042646189,0.191216049863801,1354.01289902178,244.058581158802,1707.00040329503,102.318028200714,360.336830922041,3.00608767843364,8.16991262652734,1.88135790242894,22.3003778638,4.62921188808671,3046.69686402338,89075.7984458944
27.2708154988123,0.18858679453914,1363.23339185119,242.52611821364,1718.93632389757,103.056758831963,361.82705262062,3.11844978796852,8.15675179132908,1.52681593659274,22.4581476463848,4.62055825884417,3064.78529443301,88435.0496646384
27.2839301988784,0.185821693306837,1372.67920092424,240.851597414616,1731.20386812445,103.804895174875,363.278767952629,3.26227585655646,8.10510220934432,1.20525530506775,22.6474565269996,4.61559064566546,3083.22069665441,87861.3100554049
27.2946535110827,0.182964935605378,1381.39063570187,238.910348323443,1742.57319322037,104.487134768853,364.431663465058,3.43978909762763,8.0081772592772,0.928961466312603,22.8578232370148,4.61588321586409,3099.85641891597,87267.3539284049
27.3023521503562,0.180061810039751,1388.85402381247,236.653575713764,1752.37810719878,105.062998912486,365.146361568708,3.64523270979725,7.86438303036544,0.704461929495014,23.0792783915852,4.62224456371257,3113.54960321033,86561.9560891854
27.3067188231823,0.177149599401754,1395.05131745524,234.10768668587,1760.58395225431,105.531082635667,365.421000232423,3.86482345268075,7.67734684771372,0.531351564053156,23.3054357200088,4.63453413908127,3124.27288706429,85856.6867849885
27.3078473179711,0.174252031431271,1400.30703220224,231.345740142302,1767.59676874374,105.91739314147,365.351488717774,4.08093040613975,7.4544961172958,0.403557611761907,23.5345211656279,4.6518028804028,3132.77169601643,85208.4507644393
27.3061403203221,0.171380861909811,1405.04542281229,228.450534336908,1773.95476352362,106.256303786158,365.064763189536,4.27793235330577,7.20463536936295,0.312357902296865,23.7679135016818,4.67271924836837,3140.0189287525,84795.6888094388
27.3021670961639,0.168544609155462,1409.57588575664,225.487487142173,1780.05251952022,106.573593621377,364.659755053658,4.44487399370147,6.93532775183061,0.249312213726262,24.0075222544397,4.69608054956304,3146.73420028943,84858.3333400159
27.2968335718028,0.165750145741528,1413.92498319727,222.479808416327,1785.92733761883,106.873358758218,364.156692819425,4.57811683890081,6.65386064954152,0.206645712423517,24.2520649593609,4.72089792827283,3153.00430547738,85154.1261353461
27.2919438799557,0.163002164745582,1417.75963500289,219.39695337848,1791.1624138307,107.131903696288,363.475009468199,4.68169598216335,6.36763028493613,0.177718546122694,24.4939526865824,4.74653665970577,3158.11086208129,85520.1024414711
27.2903618949314,0.16030228144879,1420.5424994443,216.177253942783,1795.08324501713,107.309480162801,362.478431887177,4.76376543623813,6.08292785842903,0.157470132934878,24.7205178802539,4.77282225876877,3160.8786173093,85745.6123087996
27.2952352362314,0.157644808078005,1421.86448142286,212.771989510461,1797.17746007848,107.375513146366,361.063807167077,4.83367779127538,5.80459958666213,0.142224746450947,24.9190693776398,4.79980846080087,3160.41260505741,85599.2943118137
27.3085709907535,0.155021226519743,1421.74840595497,209.190742065382,1797.47531324501,107.331762194261,359.242902423215,4.89737772986038,5.53501680328528,0.130003261151588,25.0832936340808,4.82754256872844,3156.77307460746,85316.5485058269
27.3301147594321,0.152427414730441,1420.73155242469,205.516859989608,1796.65113502305,107.218873738668,357.162577581864,4.95523178593684,5.2747983267326,0.120176161966586,25.2164849749628,4.85575890526006,3151.15849957099,85035.2189746752
27.3575291600866,0.14986718925189,1419.59491877266,201.870508982309,1795.6814229194,107.09609674842,355.031803406676,5.00437839878539,5.0246031900251,0.112698490268825,25.3287586600811,4.88378077394832,3145.30433651591,85008.5393411107
27.3876747818889,0.147354507964259,1418.91487838383,198.348492317536,1795.28148748854,107.007561080348,353.008205096241,5.0406734562147,4.78544037084992,0.107841284240679,25.4308241031709,4.91082543286191,3140.49502190357,85570.7152905611
27.4176748434594,0.144907397580416,1418.76168131181,194.979891082411,1795.52942998891,106.959563862481,351.121768492775,5.06130719852114,4.56056549814336,0.10586007102171,25.5273912382004,4.93613775637992,3136.89916377544,86408.422060794
27.4452084828608,0.142540280801727,1418.60204366358,191.709396602181,1795.74719617742,106.913487658722,349.255595669478,5.06548252070988,4.35710283468898,0.107043349419841,25.6130527615803,4.959022562862,3133.35877068498,87301.1613073266
27.4684693218983,0.140260484149554,1417.54709955667,188.430916290173,1794.81576033785,106.804853834881,347.217058475384,5.05283383416873,4.18419543895817,0.111895415647754,25.6744442347312,4.97896625744142,3127.94458023774,88359.384972605
27.4864010484257,0.13806962827181,1414.83042569965,185.052655746744,1791.77712558583,106.579226794487,344.859329357618,5.02056060162133,4.05073598304677,0.121950584324501,25.6967429687717,4.9955708155441,3119.01166433501,89810.2780377839
27.5006602837914,0.135976305260753,1410.05724363457,181.538341805688,1786.14539335001,106.211564715426,342.145989728892,4.95483731520391,3.9701663929612,0.142740356809641,25.6686309066267,5.00760608845316,3105.75402421024,91404.5868122938
27.5194018217367,0.138926868563993,1403.1638046954,177.921724371884,1777.85229876801,105.704137136797,339.208553986779,1.51811506702264,3.92905925799609,0.208045627731423,25.6085114225672,5.01573691687089,3088.16851443185,92995.0291767402
27.5631673115527,0.286898157589693,1393.23055952265,174.376166353384,1765.66050784081,104.9161351022,338.631687130963,8.52624693477671e-15,2.11421923514087,1.14747867540622,26.622274706716,5.20228515882899,3066.00419658918,104091.442067351
27.6500547500296,0.644998173879529,1383.48984412917,171.184552500487,1753.35757111687,104.087233394064,340.325053862718,5.00872793107093e-16,0.373548354116254,2.71726828487556,27.2185727099131,5.4108959025106,3045.47565613854,106600.508733068
27.7903838106542,5.62264987318108,1375.1925961825,168.610548400031,1742.2790797061,103.385064350205,341.890519668596,1.88002453894621e-17,0.00131437472216795,4.49362476788489,26.4506428576222,5.51617483809545,3027.63603497499,109267.408795689
27.9869415497216,13.4671811749672,1367.07280108996,166.872310028397,1731.42979207476,102.69214158223,340.837668646627,2.86540636741465e-19,5.30811849392051e-06,6.34693833893364,25.390592139781,5.58294076288536,3009.19976288703,111870.620935853
28.235859029377,21.9183216616368,1358.11641089248,166.393297249062,1719.5793438798,101.920509218212,338.308039402268,5.33919720889119e-21,3.83423955163382e-06,8.26961490501319,24.3716362250676,5.64386474060619,2989.21940105848,113618.899906112
28.5258470904822,30.6589649000331,1347.82312326684,167.429281124786,1705.98974965284,101.025923858815,334.872219190944,-1.76006982884675e-21,2.6974956721605e-06,10.2016795702389,23.3586490971856,5.70251772047102,2967.14854826575,113926.916324217
28.8399021789424,39.2342904151416,1337.03600981103,169.943213165912,1691.66155111161,100.070688453596,331.310467468327,-3.4495655354634e-21,1.66927634744356e-06,12.0684420850139,22.3570874171617,5.75986704744172,2945.01875324411,113786.143460708
29.1590286048407,47.2857095465938,1327.36816123281,173.666306741008,1678.60553777286,99.18067366045,328.258618204113,-2.52129303906389e-21,8.82240702382333e-07,13.7871554201135,21.4017969391932,5.81457640758883,2926.14714491618,113461.519950455
29.4672356394829,54.6069555496532,1320.08996343454,178.259796163263,1668.41764546485,98.457477233658,326.03394172465,-1.51843383809999e-21,3.92653260878831e-07,15.2915896824219,20.5277433096629,5.86488065519659,2912.95407999806,112938.90706158
29.755892992675,61.1408834502436,1315.69017397837,183.455595353259,1661.71883928905,97.9423770024403,324.676990370101,-9.33042068846693e-22,1.46678829587555e-07,16.5552297854418,19.7508538782759,5.90995123577292,2906.22680958554,112214.579457567
30.0249051751034,66.9344071490122,1314.07723625218,189.042724571877,1658.41814615557,97.6318662167651,324.083337735605,-6.91048447699193e-22,3.86423137942027e-08,17.5876091829434,19.0691460002341,5.94993760560439,2905.59060218849,111379.44493237
30.2810560557803,72.0825462991573,1314.93409010053,194.795023257582,1658.1648048802,97.5058162039345,324.109446189388,-6.09132534814968e-22,5.70564633430185e-09,18.4167649586633,18.4719647243544,5.9854382339357,2910.21741668382,110490.168287404
30.5328835951181,76.6922474930029,1317.90282417121,200.488454148818,1660.5620143548,97.5409667678148,324.61293687465,-5.67153431490427e-22,6.5274976532008e-10,19.0742827102128,17.9468676117856,6.01710930007043,2919.20650919943,109466.061634373
30.7853025899823,80.8712224814279,1322.6441698123,205.965902140745,1665.21874381902,97.7140837857844,325.470961405383,-5.21722352120379e-22,9.14522066959922e-11,19.5888399328009,17.4823800964957,6.04553539651942,2931.73825128474,108255.713653286
31.0364433650746,84.7295998217665,1328.91597254155,211.169309486738,1671.8418478419,98.0073965491409,326.614317432471,-4.69524876255946e-22,1.72933609529813e-11,19.9863823421406,17.0687715795687,6.07120981743714,2947.26553476207,107072.88776274
31.2777780025677,88.3800176617134,1336.59891078841,216.113114109301,1680.27616583206,98.4112113582809,328.034265422648,-4.1747202035705e-22,4.15327218845666e-12,20.2917581555652,16.6982835132826,6.09453057546041,2965.55575839391,105991.893204021
31.4992232113655,91.9242979427469,1345.55268563221,220.832352175004,1690.3331019259,98.9139169145712,329.729370298251,-3.70488989199578e-22,1.19981210940107e-12,20.5286213061367,16.3638402273584,6.11586936016985,2986.34853360983,105149.897267535
31.6944717040924,95.4321434553141,1355.25351009116,225.316417662836,1701.34091398893,99.4754858555815,331.598391010338,-3.2986309043782e-22,3.4531626225274e-13,20.7173751864532,16.0574640222527,6.13565146116577,3008.54035528162,104656.694884095
31.8610669411634,98.9261672491591,1364.50089649997,229.443687099716,1711.78424575759,100.00648072373,333.362400609239,-2.94907952550091e-22,9.3704378248077e-14,20.8719997493034,15.7700211989599,6.15436168747655,3029.5248961992,104323.574420669
31.9973575100758,102.384428304213,1372.0822007372,233.064550704703,1720.14613173433,100.417604189668,334.731127031943,-2.64462393007643e-22,2.44010766259935e-14,20.9980939497321,15.4918311060955,6.1725099958694,3046.65759667294,104078.174616201
32.1013644540923,105.764829294861,1377.48608258246,236.104738934897,1725.80145063175,100.672139067148,335.582516975195,-2.37561989799185e-22,6.14823911128849e-15,21.0949772479453,15.2146338350748,6.19053090295319,3058.8291002686,103817.527142952
32.1723240630556,109.034342571327,1380.95060547034,238.57982143343,1729.06708139707,100.788854026728,335.976903335612,-2.13584140244467e-22,1.50505229409187e-15,21.1602606666213,14.9336718171118,6.20867665012895,3066.56855909708,103450.004894306
32.213212194532,112.182124011766,1383.14497733241,240.573198201535,1730.78987745622,100.817633666327,336.07842424329,-1.92137782863747e-22,3.61353152926103e-16,21.192302985163,14.6480876655341,6.22699602846883,3071.3476905993,103098.09826532
32.231113746202,85.5006862653315,1384.78265190362,241.558461032103,1732.43326520243,100.924127924184,357.891983588426,0.57803746138384,0.359413602919058,21.4050455601592,14.6460064027675,6.23335697207932,3087.97743368207,93579.0375593261
32.242546227064,35.6732456870306,1384.94302099002,242.176017464231,1732.87786635087,101.056754809706,395.560915873355,0.69421013486542,1.21519979374017,21.4458095383529,14.8991250709576,6.19426755710673,3111.67707706732,93197.8722762881
32.2590048267803,0.716256453574331,1382.21737988786,242.429688322377,1729.83963319582,100.957693666912,420.029934389287,1.1584623999645,2.00997733948021,21.1190477518563,15.0832668999025,6.13596148649756,3121.66904399057,92588.4078287601
32.2811150499052,0.211210010260737,1377.8437643821,242.494560374115,1724.61394709511,100.757817280657,415.662793798595,1.88579724313336,3.22459884780189,19.670780562253,14.9015400633165,5.97016103040084,3110.91816995594,91945.0155850756
32.2992283732175,0.194700685000461,1374.01686772346,242.551310514318,1719.89451774362,100.566786599299,412.125318084048,2.00713881801311,4.22224785756189,18.3908041062007,14.7476456945427,5.83363345220584,3101.53414456776,91340.8027629412
32.3000655464496,0.192196745200954,1372.23983902716,242.674895946175,1717.68883488888,100.506407282595,410.135825479288,2.06383240463152,5.0107685283388,17.243040175852,14.6783699486946,5.72191025877542,3097.05170657619,90923.2810273411
32.2727706411097,0.191672908793593,1372.82731834173,242.846862192962,1718.48311557439,100.614047168838,409.728648115215,2.08347445403038,5.64592406911095,16.1685239515488,14.7098013555693,5.62555488516218,3098.18559050218,90843.6580307511
32.2113181783038,0.191159667244364,1375.19650829669,242.990048761181,1721.58868178296,100.853677914871,410.661503898741,2.09128563594965,6.15551426741367,15.1487462368318,14.8415762214332,5.5404217184814,3103.64172845667,90884.1167490918
32.1139586168533,0.190553149530282,1378.33026585091,242.996520945989,1725.74575529257,101.152820817589,412.484520482822,2.0941754315101,6.55569358304625,14.1878254387566,15.0573032404333,5.46523265455683,3111.10479017158,90945.5445923743
31.9815435986279,0.189851583587019,1381.25583567197,242.771435274158,1729.73847676666,101.440238521318,414.70607143739,2.09600706359835,6.86107867805183,13.2968140898861,15.3312037668648,5.39961913276298,3118.31828047987,91106.0184157663
31.8162755302991,0.18907425935543,1383.36399166709,242.26943718766,1732.80069181835,101.670659599656,416.949658098152,2.09905402507174,7.08540967769196,12.4863237727548,15.6379006652778,5.34333858971648,3123.83357072599,91472.6013566349
31.6221806687442,0.188251513109658,1384.42056724052,241.505710138748,1734.6317985306,101.826247713908,419.001750693434,2.10411341203519,7.24232380131846,11.7667504278034,15.9571725502951,5.29584896569201,3127.07113455535,91913.2920698963
31.4066781935193,0.187437399506435,1384.39404292847,240.554652255072,1735.17940555256,101.903940050449,420.780095031451,2.11098487067261,7.34562115536671,11.1543876047624,16.2740634104046,5.25628230849617,3127.96378122039,92368.1386713492
31.1800841534802,0.186710953792148,1383.33865748254,239.534997453975,1734.49311483439,101.906611157942,422.293538593083,2.11881722482257,7.40672747500767,10.6734179869981,16.578221039591,5.22384454307872,3126.69388339449,92899.2092278248
30.9526948242502,0.186152527818229,1381.38187522138,238.577010403639,1732.71249546706,101.842319455895,423.603456035997,2.12636857089722,7.43358233860021,10.3474379990291,16.863190641164,5.19797684504828,3123.62470627346,93582.3728577054
30.7318482596229,0.185817526336215,1378.6933660041,237.785210313165,1730.02828147091,101.722266059638,424.767379847963,2.13263266733618,7.43301027764207,10.184777334946,17.1247720516917,5.17806046901949,3119.17853119839,94312.4131591133
30.5205229868564,0.185732852323942,1375.39259985324,237.215432923387,1726.56027326374,101.553697515703,425.781893930999,2.13752264132338,7.41248378186115,10.1680784856499,17.3592306601699,5.16323077508112,3113.5993698549,95038.1714206887
30.3180098155044,0.18590922332172,1371.52312181449,236.885141660175,1722.32434911358,101.337625591421,426.58970848513,2.14176991731355,7.37766816111763,10.2610772865901,17.5631362908251,5.15275728204621,3106.91384384666,95880.4194624996
30.1220202479935,0.18635271922574,1367.12950909431,236.803839428098,1717.33920125311,101.074866911017,427.139328931584,2.14619639031747,7.33041156789064,10.4259040765568,17.7340599562432,5.14635986160435,3099.14921949076,96963.5489746124
29.9305940678686,0.187064249338947,1362.26135257281,236.97879476271,1711.64490710619,100.767463240322,427.398365331302,2.15149275555055,7.27227278288201,10.6320791061681,17.8700708351268,5.14378400427043,3090.36669907772,98073.2398580701
29.7426652418918,0.18804255242582,1356.79099702066,237.38666141079,1705.07991731194,100.405785325469,427.293322897764,2.15866343881934,7.20702737946626,10.8571329180199,17.96865003643,5.14450671090272,3080.25456073413,99119.7367895156
29.5583258387423,0.189275580581594,1350.34505272151,237.951132214593,1697.19094755892,99.9633522897657,426.684180973301,2.16934717831872,7.14103093964971,11.083174973988,18.0275313001721,5.1476372208151,3067.95885235612,99812.5495041075
29.3794616523465,0.190723528840611,1342.63373686559,238.572633763095,1687.63864695554,99.420940396196,425.462594159003,2.18499193004946,7.08384058106942,11.2922695422144,18.0477287858045,5.15167679395956,3052.79918881226,99920.1886630747
29.210121790723,0.192328567270708,1333.86723061232,239.203612457445,1676.70668018887,98.7959257235835,423.695952853546,2.20527659644827,7.04144887332163,11.4724364538593,18.0366188223997,5.15532613135783,3035.20949175918,99833.5670310387
29.0566491696037,0.194023077568394,1324.84113985023,239.880017582893,1665.40135477922,98.147791333462,421.655770109985,2.22776160553812,7.01363073704321,11.6211227480659,18.0079984005682,5.15785534069082,3016.93753037897,99678.4993168724
28.9257692248991,0.195749818108226,1316.54455264439,240.687631300213,1654.96093790107,97.5492416852373,419.688024519052,2.2491006613895,6.99578243623976,11.7430369322759,17.9773232344184,5.15907944194026,3000.17933649581,99811.462005688
28.822264120004,0.197492907974422,1309.63050993388,241.714141746047,1646.19387985745,97.0470567331195,418.045993588867,2.26671202719105,6.97834657094353,11.8485192010106,17.9555353851444,5.15975379407565,2986.41369395485,100524.536523379
28.7504210064458,0.199264604252953,1304.0895458126,242.979267767728,1639.08295058891,96.6398392215312,416.764679305076,2.28034206779553,6.95479147689088,11.9405376414116,17.9450350808284,5.16064941433821,2975.65248738359,101324.957013567
28.7170430543454,0.201090850994568,1299.2174226278,244.40355242544,1632.7554830966,96.2769753198418,415.641695054592,2.29231953467801,6.92514407066399,12.0068205385983,17.9386891764096,5.16210896743473,2966.35388199881,102062.20445667
28.7305259273541,0.202978474423349,1294.09055048983,245.845199732506,1626.0807279142,95.8937298565378,414.386918049523,2.30605954373608,6.89543785110676,12.0228722101163,17.9253445984976,5.16384710590884,2956.46667732156,102169.575075007
28.795554792412,0.204870631665835,1288.24692445885,247.162041536682,1618.51945927575,95.4609630970048,412.831885005725,2.3238504531936,6.87909652121691,11.9594883726095,17.8988843728889,5.16428730603224,2944.92413749624,101254.28735909
28.9089784619926,0.206671572481107,1282.12399415471,248.314271322389,1610.65331901483,95.0142796906579,411.094928606755,2.34469217044081,6.88440220006147,11.8024141160224,17.8645194971705,5.1619974743784,2932.65215507196,100147.78841721
29.0610137091309,0.208271178651055,1276.94474576887,249.385490397877,1604.03374798184,94.6443797414587,409.554208012006,2.36456023659773,6.90987716833151,11.5564011485701,17.8381072902792,5.15635676321744,2922.33845422866,99087.3556823307
29.2394842150051,0.209567945261045,1273.98719939154,250.489401989958,1600.2711080512,94.4446985047776,408.603947154938,2.3791623436627,6.95242827698216,11.2334869708755,17.8376341162639,5.14684355372874,2916.79981665894,98116.7408394183
29.4335230782208,0.21051249188523,1273.91622105426,251.696486367427,1600.19705064029,94.4628832308344,408.44876837577,2.38621146386259,7.00896336609624,10.8478458673587,17.8746859485859,5.13326772615266,2917.50342580973,97253.4461597242
29.6334206626066,0.211112856496406,1276.67889238448,253.01295830529,1603.73547443909,94.6936490717193,409.074862735631,2.38583022876603,7.07652117617306,10.4137080250289,17.9522975890894,5.11587965809859,2924.33252530656,96452.6559445551
29.8282854714163,0.211411248442631,1281.76938840939,254.397595714875,1610.23770584403,95.0986040995168,410.332257490215,2.37967209405645,7.15236983084635,9.94495853135998,18.0673940589414,5.09523286882117,2936.16721815912,95698.9381269184
30.0065105390967,0.211455218999989,1288.54884430299,255.787461448239,1618.88880111587,95.6300665119781,412.02978727203,2.36988296143896,7.23496784818344,9.45374873203311,18.2143071839009,5.07185944031322,2951.58852332966,94858.5962136917
30.1588868994395,0.211277755895771,1296.46348870051,257.116865604128,1628.98734409983,96.247388707989,413.99797040706,2.35841892273475,7.32510162580149,8.94829275312577,18.3874289595355,5.04596256336662,2969.36095930294,93818.2166552694
30.2811507191611,0.210895270744906,1305.1879007305,258.341952314983,1640.12822579078,96.9272801566649,416.137728748499,2.34648598032295,7.4230823077976,8.43375685059205,18.5832075758663,5.01769717574236,2988.76179334524,92782.6224000891
30.373850136551,0.210308349661648,1314.65989147959,259.448540154725,1652.24784462169,97.6663046545542,418.433627537599,2.33446186688733,7.52711369631901,7.9130898140852,18.8010290317628,4.98734582337678,3009.66403711359,91828.8143722321
30.4403131153601,0.209508283713628,1324.93649035975,260.433316862014,1665.43894986722,98.4701433080953,420.904166215915,2.32249546418499,7.63532229011547,7.38682179599478,19.0417269154426,4.95511293373628,3032.20784609501,90932.8362061586
30.4847174122392,0.208491490900914,1336.02284005703,261.289169984355,1679.72591896379,99.3403150563363,423.547065735401,2.311074366264,7.74652778796066,6.85459839542765,19.3053984962264,4.92114101442065,3056.4137285748,90058.5066280951
30.5113146035723,0.207265785491844,1347.82308844522,262.003799419556,1694.99726070487,100.270069177495,426.326463902304,2.30113883149756,7.85940466558978,6.3167823694746,19.5906026369942,4.88567844734892,3082.07241938607,89252.2976116356
30.5246032028286,0.205844989662721,1360.18127839365,262.561590451269,1711.05847160821,101.247504360619,429.18722116116,2.29397411974378,7.97194401306392,5.77446096589552,19.8948223486136,4.84913144283364,3108.83601665793,88530.6072892052
30.5292310959463,0.204244478654291,1372.79714794567,262.924016960374,1727.52889934846,102.24948993036,432.029410184929,2.29147221184247,8.08111829443409,5.2295660140643,20.2149539538954,4.81208499323927,3136.02634623868,87975.0440626818
30.5293073742365,0.202482793265423,1384.97954943843,262.989759267687,1743.53160111632,103.223242254245,434.633691852079,2.29688001323419,8.18210248778004,4.68631349001898,20.5470266729399,4.77543162897676,3162.07905696168,87680.549902934
30.5277798372579,0.200580544269442,1395.84043070844,262.631686618207,1757.93896987864,104.100996362214,436.721780324912,2.31434103100662,8.27007659301657,4.15013621812296,20.885306497488,4.74017094796102,3184.98785222305,87514.1425020138
30.5262842568382,0.1985570409513,1404.70787615751,261.766107473215,1769.89509849966,104.831003880314,438.085925381058,2.34786682725236,8.34132570888655,3.62578505391041,21.2223247449761,4.70725395352792,3203.24289695935,87403.4822735124
30.5253979938683,0.196424847385811,1411.33507778501,260.379699106339,1779.0812309324,105.393216628746,438.654187777031,2.40109698285591,8.39280584500077,3.11668945822774,21.5504364092124,4.67755741367084,3216.30042189077,87188.2447032883
30.5250153498904,0.194183749708548,1415.89415288224,258.517288816155,1785.70990469299,105.798972495626,438.484486248337,2.47796109116757,8.42257910243216,2.62499692663909,21.86380197601,4.65171418806276,3224.55978324532,86689.6223054965
30.5243705578711,0.191827172854116,1418.90150588739,256.271651103572,1790.42859918737,106.084917424768,437.742738161423,2.58292570161082,8.42635258052482,2.15575828974714,22.1606985719028,4.63047055570589,3229.19434849921,86113.3124406213
30.5217280830618,0.189351344787727,1421.08686388049,253.766423508295,1794.15210683689,106.302925405513,436.662039128659,2.72042881457474,8.39548417714151,1.71986408426597,22.4445180836075,4.61490559041134,3231.85571495258,85567.4057286364
30.514589238126,0.186761463995857,1423.14926824339,251.11790196037,1797.75486730542,106.502301482807,435.462690961005,2.89379287836379,8.32003595730753,1.33156304054682,22.7216064752707,4.60611691913178,3234.12057460889,85080.5447673295
30.5005404955786,0.184079326705209,1425.53148760617,248.404142255117,1801.78667880053,106.713560415657,434.283354743574,3.10232325032903,8.19195604457284,1.00412985836433,22.9978753492439,4.60495548004247,3236.98605335458,84661.7132639117
30.4780414139406,0.181342668106997,1428.35557162515,245.657196615091,1806.39212344506,106.944484564212,433.16425369525,3.33749324341069,8.00863931613979,0.74461228677075,23.2765720846319,4.61163957935892,3240.72926264079,84290.8215724514
30.446688309219,0.178592996501551,1431.50455463667,242.874585526813,1811.4144875436,107.186820047586,432.074289334314,3.58268737501759,7.77520309058931,0.550440484634952,23.5579270226217,4.62544715529846,3245.09320126367,83954.3014522126
30.4069849191844,0.175861590963809,1434.76209582107,240.039343146472,1816.57247904212,107.426333952396,430.954712352407,3.8189687429752,7.50253150994152,0.411195542318967,23.8401556063684,4.64493732066983,3249.60114893371,83693.5127138764
30.3599654714611,0.173164965704334,1437.92421405756,237.136496177122,1821.60159827901,107.650138474749,429.752989899315,4.03189463150208,7.20263262046275,0.31384175456012,24.1207605528728,4.66854045777323,3253.80723482105,83575.3840834015
30.3072452574671,0.170507826899487,1440.8301796199,234.156204111926,1826.29373879555,107.848238560502,428.42991586461,4.21451142208874,6.88596389914023,0.246521897912082,24.3969799752164,4.69492025743119,3257.36333413712,83531.5177641955
30.2515798714965,0.167888420859485,1443.33919505769,231.089570493737,1830.46779284007,108.011542593376,426.951694706523,4.36648168926019,6.56082060332904,0.199932619370432,24.665569671873,4.72307818811258,3259.96538759379,83513.316027541
30.1969835158581,0.165302236766627,1445.33274168714,227.928956851732,1833.97215232576,108.132132599322,425.291534512333,4.49150701776009,6.23343717101573,0.167282071608241,24.9230357281079,4.75232606278435,3261.35885162111,83460.806124658
30.1478778834418,0.162742730431597,1446.75543777096,224.672955039412,1836.73585265559,108.206460855817,423.441593028571,4.59515766208318,5.90842392471001,0.143792441778854,25.1664284412722,4.78218005033204,3261.42924006886,83328.4232453263
30.1076255880895,0.160203773400059,1447.65903833994,221.333939773829,1838.82350206049,108.238807461822,421.426308957415,4.68223324855268,5.58874160206704,0.126455253509971,25.3944525697031,4.81229514901942,3260.30143584357,83238.2016778525
30.0772448846887,0.157681564380644,1448.1977843063,217.938635538165,1840.42930062882,108.241123773439,419.29965813698,4.75538014834178,5.27630320104998,0.11353841155373,25.6078240490495,4.8423520790703,3258.3294444364,83266.8839012753
30.0549370850002,0.15517696126178,1448.53502124932,214.517437016296,1841.75843249613,108.226154475243,417.11744962745,4.81530547286119,4.97257897252191,0.104114096288548,25.808080657881,4.87203493917218,3255.88856909081,83633.659646766
30.0364248094308,0.152698920692975,1448.70471718854,211.089559930782,1842.85097121902,108.197170666749,414.899811391688,4.86076790915213,4.67871271830411,0.0978956783407128,25.9952521650938,4.90114206245073,3253.06985452438,84615.9490226865
30.0155090428271,0.150260638769565,1448.45436707907,207.638444798539,1843.38275625442,108.136347722924,412.583447684202,4.88968611343656,4.39858972842668,0.0950512686556132,26.1640191151442,4.9293888115148,3249.32513951652,85868.6830990023
29.9845838727035,0.147874204807899,1447.14640840205,204.093657323574,1842.54050136783,107.998088987372,409.993482027424,4.89855369080923,4.14296477170972,0.0963989430952322,26.3008946978611,4.95599218523817,3243.2440155282,87141.7635829725
29.9359386287962,0.145545702544311,1443.96234095513,200.356735740743,1839.28127505749,107.725075564929,406.910715131334,4.88241669122759,3.92936986478637,0.103349048379228,26.3872768414697,4.97949000967371,3233.01511329734,88490.099340713
29.8636033926454,0.143273556512279,1438.38998417276,196.366879545002,1832.95011812871,107.284247260916,403.219560939428,4.83561604651983,3.77801044687313,0.118347790475262,26.4064916444591,4.99793263090261,3217.51894293749,90052.5360199891
29.7641989550156,0.141066211174351,1430.53914731165,192.158352344301,1823.67928000242,106.689708238796,399.008298764481,4.74599401462252,3.71049402628526,0.147535587102244,26.3492759825725,5.00880354955857,3197.04849752629,91611.0660595231
29.6363024387615,0.138978275103038,1420.92119046754,187.86548628549,1812.10295226706,105.986909531558,394.535348020892,4.58847060496967,3.75436108334074,0.205476197178085,26.2155631004723,5.00834525112472,3172.85593760242,93086.2894668507
29.4795198186494,0.137125865797685,1410.01964475513,183.678775198945,1798.80346632849,105.219981312334,390.131217156157,4.33378909256856,3.93976230409477,0.321351767417666,26.0118243646595,4.99222482772486,3146.20997251861,94972.413650616
29.2941703072142,0.135673015020858,1398.14910632002,179.809448403896,1784.13495646691,104.415889707372,386.120200355869,3.96912802177079,4.27786700676056,0.550596987951029,25.7449107170575,4.95890463850222,3118.04319331354,97803.6715375795
29.0828520220596,0.134828680382005,1385.37419486274,176.511303278503,1768.13016451466,103.569388955562,382.682527238347,3.53291364532807,4.73162974981223,0.984642926490211,25.4164810006011,4.91396543803069,3088.72732648631,100957.604635524
28.8527369744207,0.13488250373135,1371.16837285633,174.139560603288,1750.06044702134,102.613377302647,379.656346243865,3.12393885383966,5.20674243454254,1.73570966597661,25.0199645935015,4.87136019559088,3057.31916860046,104200.417930118
28.6154651749465,0.136183326595397,1354.56581719274,173.126376314753,1728.63070765316,101.442681884199,376.583701908473,2.82973263300686,5.59894105271379,2.87395791114947,24.5466233897024,4.84623834996281,3021.88093796807,106798.624073801
28.3831062997524,0.138998853538929,1334.86503972685,173.773092146444,1702.91099822257,99.9873846657773,372.991642925293,2.66482602373042,5.86304225865472,4.35704187398836,23.999727151169,4.84439505161693,2980.92706175245,108036.198992221
28.1604886158159,0.143346361515875,1312.35682124495,176.05003374277,1673.29679088067,98.2726638297735,368.725599767666,2.59526308078582,6.0146942840679,6.04844441032098,23.4011681592408,4.86186565326884,2934.93992331656,108657.013441814
27.9433382045573,0.148912097969778,1288.67892931708,179.624203308882,1641.96231084968,96.4357798598499,364.08892491121,2.58263332854285,6.08875987263904,7.78215450721009,22.787017655588,4.89123411522568,2887.16448448917,108875.860093762
27.7256079271659,0.155183064214791,1266.12369423475,184.05652650672,1611.94251112151,94.6647596286703,359.618861291638,2.59870879817782,6.11947095463819,9.41061160895123,22.1948566165306,4.92520365202347,2842.21933343759,108629.924003855
27.5072855117287,0.161682453862376,1246.59149638269,189.001508700708,1585.75226617296,93.1142189284711,355.794914863377,2.62506036836315,6.13379878677301,10.8385393987754,21.6515857019592,4.95826397915608,2803.96551684331,107949.15318967
27.2979387317367,0.168072332484191,1231.1486050895,194.244348307466,1564.81018347638,91.8713823399039,352.915461221125,2.65076528950658,6.14826082370925,12.021672645667,21.1718322497451,4.98720971552134,2774.57851827843,107089.106512123
27.1146764076656,0.174110703283483,1220.14279594332,199.621965747956,1549.6014335788,90.9670496130044,351.106802425314,2.67020412211909,6.17049084627229,12.9415519502205,20.762578451774,5.01057514817376,2754.73791565413,106139.682108335
26.9741494519975,0.179610498213273,1213.43840313649,204.976252435468,1539.98676772884,90.394957464679,350.35480971956,2.68139399392111,6.20584896756829,13.587912638238,20.4267327632497,5.02743375720416,2744.08370559851,104846.099550906
26.8844342618442,0.18445151153481,1210.62434374025,210.172290211106,1535.46284700296,90.1272418820052,350.55078156616,2.68444821769544,6.26078807509548,13.960515739291,20.1645513923941,5.03684000677162,2741.66218047371,103072.389508432
26.8416095029763,0.188601911871089,1211.30574736516,215.151645472833,1535.52374446743,90.135046848603,351.591037386263,2.67963825501192,6.33772472539575,14.0811949735581,19.975576031293,5.03847685400059,2746.5889271727,101300.650231257
26.8322495048438,0.192085225959758,1215.29646549543,219.935269206015,1539.90874967728,90.4032288783856,353.439536817931,2.66661921980098,6.43366104619867,13.9926363708022,19.860780986701,5.03273657703631,2758.46966647878,99668.0631892895
26.8401617902746,0.194948999108059,1222.44074163086,224.565384579545,1548.38977609669,90.9184075859369,356.068594718165,2.64525512116433,6.54485674398462,13.7433785304508,19.82051471907,5.02016568067586,2776.98488598467,98190.7305511803
26.8524947322142,0.197260772516858,1232.38514761772,229.065151435107,1560.4917798552,91.6523867340256,359.391352064483,2.61638651115983,6.66799683601835,13.3765515754954,19.8511437029386,5.00148390414295,2801.3809776722,96868.4324227492
26.8622224417033,0.199094947509381,1244.56626932106,233.422759249391,1575.48348083104,92.5615034213371,363.257027004767,2.5818111121336,6.80003962931774,12.9253280026581,19.9448122604746,4.97761153933625,2830.43727076508,95697.4331451118
26.8674429941869,0.200515944525644,1258.3323104946,237.594761817607,1592.53327507494,93.595912123733,367.484970822927,2.5437720012182,6.93808779650215,12.4139592855622,20.0913136032726,4.94957488955698,2862.72912810572,94669.0874596332
26.8690616920861,0.201572103898856,1273.0594299055,241.521193546526,1610.85300344151,94.7083596195023,371.897527240598,2.50449069104455,7.07999209949611,11.860423488337,20.2800478771328,4.91830853527922,2896.88380234541,93701.7893214195
26.868605945316,0.202300487292395,1288.22233728578,245.144659132067,1629.78123673091,95.8593615936887,376.34140302175,2.46586441015418,7.22494887160741,11.2785533725851,20.5013144435111,4.88450196169231,2931.74028978213,92719.1379187434
26.8673007451845,0.202737372340993,1303.4629746415,248.435696358068,1648.86414478039,97.0218176238791,380.712786610076,2.4291437476333,7.37200991074686,10.6802347707837,20.7474578461926,4.84875114358804,2966.51201146064,91815.4287824484
26.8661817049523,0.202921980562233,1318.61715440521,251.403534101968,1667.88705063597,98.1826721888189,384.967812902988,2.39486395771997,7.51918318448654,10.0762133801615,21.0135117899791,4.81165154084491,3000.85108285725,91019.8320856247
26.8662093215769,0.202895436813086,1333.64100990756,254.082666055258,1686.78312084356,99.3375325207561,389.10012810388,2.36312902949029,7.66394517017463,9.47602118192975,21.296368353418,4.77377105790751,3034.68243361917,90385.5693940902
26.8680843681285,0.202700165109549,1348.50500448892,256.513614884306,1705.50171602001,100.482909937715,393.109603943838,2.33393954440636,7.8031271251732,8.88857820115421,21.5932621698097,4.73574784935621,3067.9654170487,89966.1413538904
26.8721279123863,0.20237224845313,1363.09750330249,258.716747399404,1723.89008644039,101.609467197041,396.970304832834,2.30753982641143,7.93438324208628,8.32136121617715,21.900218615672,4.69816621668162,3100.46987428483,89662.88575911
26.8783979091957,0.201934629638704,1377.16768801805,260.673277302091,1741.6234561491,102.698035235694,400.610692795064,2.28459484797895,8.0572106433578,7.77949065967688,22.2112556691744,4.66145416601763,3131.64056714598,89426.3766844563
26.8868639353947,0.201400080790503,1390.1930755611,262.3048850993,1758.03591082485,103.709393821623,403.878329559049,2.26648480168676,8.17118241464088,7.26697640517669,22.5191909338527,4.6260871817977,3160.29966543276,89331.7045080622
26.8972529423513,0.200780274152558,1401.37387305257,263.485124815092,1772.11068790894,104.583383396349,406.543530642471,2.25528709276366,8.27429578761678,6.78852081945291,22.8168360143316,4.59275902499897,3184.64370718606,89478.6392108363
26.9078218266912,0.200090377164584,1410.04329861657,264.118698629057,1783.00122046563,105.269694653171,408.421678060327,2.25255371819774,8.36450004301261,6.34891329084739,23.0975942230888,4.56214459828533,3203.18172950864,89731.4117565703
26.9134548672551,0.199349394799109,1415.95191162887,264.19075747085,1790.39479705332,105.749458871711,409.461276123965,2.25846219499255,8.44067630291653,5.95233266578902,23.3559993399182,4.53474561051067,3215.38567129813,90019.4572629288
26.9058308038929,0.198587522544958,1419.28831961341,263.77628864789,1794.53561389317,106.03621202298,409.757120289594,2.27147736004108,8.49779225435257,5.60575298334306,23.5889076193723,4.51150279351904,3221.74249527911,90722.5918697117
26.8765213715046,0.197854964677867,1420.48388163645,263.014356481077,1795.96994559376,106.160534209845,409.491964195851,2.28856756180314,8.52277850474477,5.32260920229966,23.7950708136452,4.49438494684868,3223.30978377578,92332.3745380577
26.8233465471249,0.197211785627232,1419.77183099341,262.02162486968,1794.98933048362,106.138194331337,408.789296516481,2.30696959484588,8.50463561494895,5.11716771384346,23.9698528237511,4.48526715094982,3220.7011238278,94276.5345085201
26.7591457752756,0.196727738350797,1416.78630930782,260.82530992236,1791.12421304485,105.940802942155,407.59036761019,2.32581376715797,8.44194623135782,5.00192798528139,24.0994944594273,4.48521614598936,3213.17830687045,96262.5188826302
26.7127798353397,0.196469176593849,1410.83164993166,259.392713786768,1783.4885211968,105.515924923938,405.734486302607,2.34569338549532,8.34098435945778,4.98711623445594,24.1642258196694,4.49457602312936,3199.25244463975,97828.8857855425
26.7169755923617,0.19645372993332,1401.78683811997,257.728885263186,1771.93565295778,104.855659430386,403.202556053011,2.36713665009396,8.21633694114765,5.07077225074315,24.1501397361703,4.51216713096334,3178.68579359556,98578.9591827205
26.7920752359141,0.196653637817676,1390.5398664292,255.952209494414,1757.60333037376,104.028009901162,400.237327335247,2.38904493515188,8.08155427816102,5.23972205671586,24.0599907990118,4.53594463614457,3153.46590420729,99071.6692474229
26.9397886631874,0.197031772398617,1378.40976344451,254.242716130683,1742.17058732031,103.132323449902,397.179277903379,2.40956498940059,7.94428902389065,5.47568637926393,23.9127724010335,4.56369947248557,3126.52480087513,99481.4410745109
27.1490487611433,0.197568563514831,1366.47737957726,252.763298084852,1727.00613500049,102.249176038716,394.285941051121,2.427489574045,7.80918603781608,5.75989258815635,23.7331329869183,4.5932884236926,3100.25653360626,100019.59725694
27.4049403553235,0.198273030457019,1355.29799665628,251.621269898484,1712.8041348332,101.418972708764,391.678130413024,2.44239936753655,7.67650745582359,6.0799092378785,23.5402058521352,4.62351057946724,3075.89284596317,100847.83077069
27.6897655336956,0.199149949891811,1344.90309560525,250.826941991647,1699.59195699141,100.643548704271,389.34595180212,2.45512089208473,7.54635374200392,6.42374635500416,23.3428171146795,4.65380237939311,3053.48549650055,101634.633447794
27.9782822298047,0.200168145128603,1334.93482640802,250.276062809088,1686.90269048742,99.8972795477411,387.179956902595,2.46777949765124,7.42110103007643,6.77211270157603,23.1403613777714,4.68383252593757,3032.1782164373,102276.417139373
28.2406266186055,0.201262898745698,1324.98215697665,249.811814547696,1674.20372066982,99.1517203544855,385.05930065095,2.48262010022881,7.3035962624299,7.10048956804663,22.9287172716726,4.71340128241254,3010.96683212215,102674.399293387
28.4524755154614,0.202356190367236,1314.9337710056,249.315487367889,1661.35091033112,98.4011001395021,382.941333079511,2.50072472423527,7.19740466442944,7.38544404056973,22.7070476911526,4.74200643871668,2989.51814168062,102777.549296558
28.6024603784422,0.203386310274221,1305.06969671336,248.761133538998,1648.70884756406,97.6680595536655,380.885506503519,2.52140763507512,7.10503353860257,7.61377564389798,22.4800663199749,4.76896294351643,2968.40752439699,102767.151803956
28.6915183470418,0.204320336892377,1295.91136308395,248.205127432855,1636.96063984362,96.992106312854,379.011232655045,2.54267957976229,7.02738112519439,7.78563793968598,22.2560736728394,4.79359500384864,2948.79145785948,102715.599832863
28.7271654084606,0.205142551185645,1287.95794619609,247.725478870931,1626.76638032856,96.410615905304,377.425580174926,2.56250539302707,6.96649655420007,7.90749346656859,22.0435549179407,4.81505497219534,2931.79584700583,102456.461629731
28.7188600819093,0.205843053625824,1281.50504866079,247.372260341554,1618.52177384545,95.9458397544571,376.182116232154,2.57966600830045,6.92621573744243,7.98423783573302,21.8490456266775,4.83237707538403,2918.08885714719,101865.152960086
28.6780356246436,0.206421107249418,1276.70201007026,247.177264068425,1612.42232820948,95.6088580933893,375.312619496728,2.59344552757309,6.90763903474133,8.01734998449478,21.6776693173557,4.84509798784836,2908.01162595374,101224.40350646
28.6199591307752,0.206883706485942,1273.69415677034,247.178471476611,1608.64549818469,95.4101235120117,374.868290950142,2.60322561330822,6.90773702034205,8.00406053799984,21.5347757456647,4.85335436831812,2901.90175489177,100611.877128231
28.5611733954583,0.207237651793834,1272.57487678717,247.403617476904,1607.29870302645,95.3563380814157,374.890828441045,2.60879429115435,6.92332919530747,7.93817618828824,21.4250472032297,4.85735577643973,2899.97798973124,99939.7352915237
28.5141424790557,0.207486846083935,1273.27586703102,247.846641235873,1608.28601309485,95.4423248977091,375.370921056965,2.61057846353072,6.95278854836564,7.81534498632525,21.350425620727,4.85724861149389,2902.08780987188,99137.9363529431
28.4843440798577,0.207628956914777,1275.61319300087,248.470332467298,1611.36689225497,95.6542333419358,376.260122795924,2.60925581460664,6.99447517013631,7.63820088730851,21.3102005169503,4.85332181213825,2907.80693326084,98341.8377161612
28.4712719125118,0.207649461902279,1279.40691608366,249.220932323529,1616.30646816879,95.9784691683366,377.504747974493,2.60532030053777,7.04606735858869,7.41659635820413,21.302632251926,4.84600201186367,2916.7038606286,97595.1808629087
28.4715795842672,0.207527822540304,1284.49499456515,250.039265124685,1622.89357737542,96.4028481360159,379.050604758228,2.59914448215682,7.10554536218399,7.16329746830652,21.3255391544622,4.83568573201188,2928.37879777382,96916.646099919
28.4817497925406,0.20725314716567,1290.68384455375,250.87159495045,1630.8787612399,96.9127412027014,380.834349669838,2.59119729460979,7.17104493468672,6.89014382637273,21.3759135634265,4.82279504688509,2942.37014969681,96319.3101119941
28.4986860119779,0.206828236897845,1297.72825743835,251.671795716749,1639.94897400938,97.4894224541366,382.781583191553,2.58217886979162,7.24076079286323,6.60557286668729,21.4497884510036,4.80780909794654,2958.11564830766,95786.8347088532
28.5189173938447,0.206263137196049,1305.35243317802,252.397805187525,1649.7534198496,98.1115660890935,384.81341737117,2.57299961994132,7.31292264470461,6.31404571420946,21.5425459943862,4.79125204729152,2974.9940522003,95314.1277287469
28.5387072266951,0.205572012396792,1313.29346998475,253.015669827156,1659.95725193622,98.7584975224842,386.85869718752,2.56456561991844,7.38504795574332,6.01809818928044,21.6494443265396,4.77376357521683,2992.41947969003,94982.2549266505
28.5553471343468,0.204773915637699,1321.32319427938,253.504525142214,1670.2684277876,99.4119988257339,388.858607665609,2.55760094454295,7.45354184977445,5.72074378259915,21.7658354114522,4.75613510248922,3009.89012724104,94866.9309370978
28.5686482608653,0.203887697683058,1329.20048699682,253.842443353552,1680.37853342738,100.053275814083,390.745973687933,2.55289293974641,7.51581267459699,5.42450205414521,21.8863759598548,4.73904791660034,3026.87340121573,94844.7497866756
28.5817305394698,0.202926452431952,1336.6216408372,253.990935183297,1689.90073005765,100.659547559929,392.426073935051,2.55156236649799,7.57150985661819,5.12977968972956,22.0041192722805,4.7229440478307,3042.68653577053,94866.9985105053
28.5998159418812,0.201888510574566,1343.26572220889,253.893213222615,1698.4295279864,101.207630642955,393.788548501637,2.55520092184952,7.62434862955064,4.83287768739911,22.1115307599449,4.70771647654363,3056.59357402837,94526.2575376099
28.6274288336229,0.200750065892769,1348.94938680429,253.49307166093,1705.74051284396,101.685554455166,394.755709830364,2.56569567227595,7.68372417828161,4.52487230681143,22.2037334267901,4.6923121271795,3068.15515035113,93458.042391771
28.6657678671329,0.199481936134826,1353.91259871485,252.801949638998,1712.14898847192,102.112532930077,395.385739874901,2.58371457943528,7.75542626897325,4.19942974421551,22.2833935373312,4.67576969221382,3077.89632463412,92248.3178583013
28.7119368704301,0.198058185699312,1358.92403086508,251.925476222256,1718.642101685,102.54626732425,395.908928690704,2.60809484069475,7.8370019859772,3.85627363569123,22.3625966909125,4.65776023970848,3087.55297653795,91108.1334413604
28.7606120923416,0.196456343854485,1364.91463600562,250.99896288561,1726.4145004296,103.056170771853,396.605462354266,2.63754111444456,7.92367098394174,3.49701886960433,22.4573929723014,4.63805750905542,3099.23250804614,90054.4469053009
28.8067110805362,0.194668251149541,1372.51667875423,250.119845049499,1736.27862908211,103.688875008826,397.664296535528,2.67224259132809,8.01047718056041,3.12483785349746,22.5802599301252,4.61666198569727,3114.37003811341,89077.0058962423
28.8472550113509,0.192701547377915,1381.89485736469,249.321517241364,1748.44853911205,104.455618455835,399.134642287056,2.71443683556598,8.09218614430063,2.74505122382023,22.7367476344829,4.59400869741493,3133.34674941058,88168.8302725112
28.8818803117752,0.190571652108796,1392.78982962299,248.573396861161,1762.59773012649,105.33567461622,400.941470976406,2.76827574253365,8.16285666394293,2.36507782032649,22.9264729785818,4.57097351199539,3155.58712955673,87325.6381537881
28.9120860680617,0.188294767254723,1404.43977019976,247.761574566106,1777.76205257648,106.270307846555,402.86483506875,2.83996946521802,8.21559155570066,1.99420005495347,23.1454222163141,4.54877786228484,3179.38023894496,86547.9156941267
28.9398829314703,0.185888016172666,1415.78596801549,246.726017749153,1792.59951142309,107.177999274962,404.600033002643,2.9367328756746,8.24262035844229,1.64318961113857,23.3878192682474,4.52886914591167,3202.34585986905,85837.7100167084
28.9665670868207,0.183372393160123,1425.99743411535,245.350924460266,1806.053751188,107.994037949643,405.909320180033,3.06409942958799,8.23590373852125,1.32309706096829,23.6478147542972,4.51273728975925,3222.62058772857,85188.1280838754
28.9920242053128,0.180773828139404,1434.72936920869,243.604466370901,1817.68140772806,108.690400401667,406.697299328803,3.22338925612168,8.1883773013415,1.04346589473833,23.920654300078,4.50167276162247,3239.43975847531,84594.8672082029
29.0149002287353,0.178122058153281,1442.0469047608,241.521573349543,1827.55637175672,109.270553982723,406.989696287873,3.40990331826268,8.0956678657691,0.810436422738417,24.2029751710659,4.49650585698507,3252.96360952453,84074.5765411379
29.0334006891039,0.175446937468087,1448.21804002255,239.167382039339,1836.008777755,109.754305060624,406.873141300206,3.61278928178642,7.95770554468134,0.625189980360821,24.4924204513013,4.49739623024394,3263.8094652981,83651.7574604417
29.0460207141543,0.172772382258306,1453.52793883728,236.605960235754,1843.39064371823,110.163823810453,406.439239503486,3.81815624894523,7.77922279487251,0.483541446985166,24.7868114091735,4.50380716707964,3272.63156235384,83297.8293943099
29.0518202376262,0.17011246297575,1458.17664844423,233.88406555613,1849.9460742837,110.515345814242,405.752774639126,4.01416860079822,7.56785974737581,0.377703668486803,25.0833855465836,4.51481964088978,3279.88858386764,82992.9895742201
29.0503765184448,0.167473933028087,1462.26861894512,231.031657451976,1855.79746502619,110.817698004291,404.849372873358,4.19349109720481,7.33083471260825,0.299418690706359,25.3788720074923,4.52960035768572,3285.82101750564,82809.8804045062
29.0417141916044,0.164861794255177,1465.84439585439,228.069847485752,1860.98611705854,111.074525101654,403.746859450954,4.35210596873849,7.07318445344895,0.241979036162653,25.6700522933257,4.54761550739426,3290.52632483659,82872.5144296063
29.0266527165358,0.162281588957879,1468.87700991126,225.011696977348,1865.46925265744,111.284245781311,402.443527083722,4.48837896718973,6.79920259623213,0.200242351183297,25.9532327917879,4.56846058151418,3293.95306233145,83073.4821849499
29.0076580853561,0.159741194829612,1471.23922736467,221.85945869807,1869.07932798641,111.437843191838,400.908211002535,4.60246133616207,6.5143242691292,0.170346386451618,26.2230348575472,4.59166743485052,3295.82962245547,83328.1893956714
28.9891240433341,0.157250054019716,1472.73860660072,218.609375822111,1871.56877126259,111.521710303962,399.09122400734,4.69585369249921,6.2255915324374,0.149262119226113,26.4726136596714,4.61662446138766,3295.74358450176,83512.4479838279
28.9763305178848,0.154813393756113,1473.24269179926,215.263142760101,1872.76907576761,111.526984514332,396.959806215459,4.77216902866525,5.9408719785272,0.134321535710454,26.6955631757327,4.64258395292604,3293.41731807259,83474.5594139842
28.9734223105221,0.152430255812352,1472.81943779198,211.842816752745,1872.76842230568,111.459911347463,394.539835465664,4.83563376810125,5.66639727166447,0.123473295186077,26.8889892009024,4.66883313422511,3289.0189856506,83342.7556656602
28.9816123787665,0.150094585767584,1471.80337699697,208.397960376435,1871.99569823409,111.34671246871,391.934781758928,4.88910659445552,5.4053549719339,0.115391719697548,27.0555346360454,4.69477237204163,3283.30902812951,83206.3400944024
28.998970921651,0.147798519329957,1470.67540723243,204.990852203071,1871.06716482029,111.224441974644,389.289992713635,4.93385317029473,5.15858629684091,0.109329591705633,27.2021466058852,4.719887792946,3277.37100723295,83183.2622932801
29.0218042586125,0.145538840741007,1469.81059385518,201.669705191216,1870.4639452649,111.122023954116,386.721911884371,4.96938716489906,4.92588625241525,0.105103584551249,27.3365344914912,4.74376488453415,3272.05205681271,83424.3116508046
29.0463922297924,0.143320469119576,1469.30456467224,198.452026773646,1870.3097525711,111.047355312472,384.269398821752,4.99363738244483,4.70866228413987,0.10305558650867,27.4633341523228,4.76593612382264,3267.57898278952,83798.4010847232
29.0701172200073,0.141157900434905,1468.93616493296,195.32486554049,1870.3223405272,110.984956684873,381.885933316112,5.00273991531101,4.51290640458225,0.10404228032802,27.5819714186407,4.78558702180918,3263.47987620295,84202.224221928
29.0917937248578,0.13907420017351,1468.29365027418,192.263568550999,1869.97358074628,110.905969042725,379.480568387288,4.99159545596222,4.34915556384955,0.109286230148198,27.6877816706434,4.80148609290926,3258.87072222126,84827.1919807339
29.1112703053005,0.137098472080812,1466.97687419472,189.255145982071,1868.74701160741,110.783415503342,376.979064126087,4.9532730117584,4.23001325609552,0.121039282894134,27.7746912654374,4.81217890639266,3252.9071900666,86028.2746985745
29.1283195205707,0.135266181198383,1464.63045257886,186.298344742528,1866.18186649474,110.595041665654,374.33922000065,4.87360089860261,4.17262902569309,0.145177098759479,27.8357967223384,4.81563847601143,3244.86101423849,87501.5833445895
29.1411271322538,0.139283351132027,1460.8119033171,183.392094934332,1861.70735648821,110.313423376404,371.590509368171,1.35064388163332,4.1562232500757,0.218795412108546,27.8908893032236,4.81345741571262,3233.87791370391,89019.1154597157
29.1454033055827,0.282522559967879,1454.11860192247,180.702480916943,1853.359951634,109.752598092861,371.320106175233,5.360963995366e-15,2.25651064004595,1.21599873063798,29.125140161901,4.99868461982456,3218.64585703205,100102.499106592
29.1326612895428,0.57334586642893,1446.14063904792,178.23481422489,1842.94274219275,109.032816011364,372.8787840347,6.18064842320995e-16,0.432108316492374,2.86538228836614,29.9269347022941,5.20694431511746,3201.7057236204,102779.248713652
29.0979743573736,5.0944607502261,1437.4220326422,176.119319824283,1830.86259391074,108.273545856048,374.357058253653,2.69531964738914e-17,0.00172502525747935,4.78396162493646,29.2970820301355,5.31400586249918,3182.89235499164,105755.122284246
29.0406216329333,12.5911243077309,1427.37311945571,174.60549249231,1817.04085200735,107.412093975277,372.926765882404,5.12273806603166e-19,5.59214115140019e-06,6.84480940553651,28.2780976138199,5.38080317134267,3160.12482433741,108748.895450049
28.9638441115224,20.7153935853381,1415.91751993377,174.222181606471,1801.47002086377,106.430856205058,369.808709156783,3.71419827303633e-21,4.14269796603354e-06,9.0673191355686,27.2635359207222,5.44378394091854,3134.45197082957,111180.714514016
28.8736175440875,29.2634117832113,1402.97802063458,175.345274279091,1783.93434207355,105.316679927823,365.585227020024,-1.2176095368651e-20,3.02545334664221e-06,11.4043224858427,26.2137883825356,5.50660262112614,3106.24096112941,112567.725596098
28.7783928196524,37.8008861458747,1389.35863689222,178.036809539757,1765.39709856243,104.127690013013,361.054314550031,-2.26439592984538e-20,1.94417572384875e-06,13.7638337955774,25.1284816899226,5.57052151140979,3077.54110633639,113565.843979303
28.6894493115462,45.9305696191672,1376.30150747044,182.041337290431,1747.4500058455,102.962117852277,356.843224072232,-1.6477598681715e-20,1.08142382505482e-06,16.0121838336912,24.0425325434017,5.63422866993586,3050.99243407685,114338.172276049
28.6180632124879,53.3848116138661,1364.42808715384,186.921811168538,1730.92990225186,101.874711858425,353.171123329561,-9.86017955591316e-21,4.98765075601879e-07,18.0174141562147,22.9988638045003,5.69551969683115,3027.66865665258,114646.339977218
28.5709358084252,60.0407975561165,1353.89174755203,192.29044692474,1716.07530773429,100.88390969423,350.025250621112,-6.04671912508193e-21,1.82487491718887e-07,19.6994024327491,22.0274058475221,5.75278373007482,3007.61804516939,114335.995806313
28.5483369664406,65.9032490985252,1344.98565971765,197.893974937553,1703.28702190559,100.016210270755,347.409897583691,-4.50439498190313e-21,4.12450635587495e-08,21.0402162523355,21.1419947833451,5.8053020585556,2991.25835988324,113747.307857785
28.545845887412,71.06347319974,1338.31446322977,203.552968113684,1693.35148353833,99.3198723239243,345.41577248866,-3.98146828238149e-21,3.80750110336599e-09,22.060436724041,20.3470140996287,5.8528546566205,2979.71544606502,113008.504298504
28.557713752606,75.6526557182445,1334.42096257586,209.104241827725,1686.97269177781,98.8377226952708,344.121724113835,-3.68964614666005e-21,2.83105987761487e-10,22.7942333925048,19.6425679747197,5.89541624130704,2973.99461774497,111711.661433931
28.5789812322235,79.8123177205593,1333.52269141193,214.411502598222,1684.43992394088,98.5875443490535,343.536358056065,-3.36743233363707e-21,3.77392797466177e-11,23.2806534837393,19.02603626063,5.93309690841932,2974.43880330479,109615.388255031
28.6053365233854,83.6824955510599,1335.77565865781,219.434035859954,1685.96057072523,98.5814978235819,343.687082293341,-3.01023267969713e-21,6.90334626838161e-12,23.5653139772833,18.4935880037813,5.96608112067651,2981.34884673596,107457.699463629
28.6322835736376,87.3988452198789,1341.51180899612,224.230642291811,1691.96060928174,98.8440981873455,344.681090294673,-2.66627540006555e-21,1.45065160340125e-12,23.6997076638933,18.0424800582294,5.99450596516294,2995.48822925014,105454.97160043
28.6557278941934,91.0820304208603,1350.89457874974,228.885975762764,1702.64514411308,99.3865614825216,346.593968254057,-2.36377766187522e-21,3.48608023000292e-13,23.734793381179,17.668028751982,6.01862946255085,3017.28336365215,103927.044043973
28.6732051689042,94.8156035068349,1363.57676426815,233.46550047786,1717.55992607224,100.180960578754,349.360566238953,-2.10670451877123e-21,9.85142796549062e-14,23.7128465542017,17.3593938247049,6.03905907638047,3046.04915080637,103133.16340471
28.6844815104603,98.6355349358853,1378.5703451705,237.958748806966,1735.42663061783,101.151073579954,352.735332159274,-1.88802605284667e-21,3.33723131819612e-14,23.6633712395266,17.0997445075167,6.05673595797509,3079.66826012325,102618.74736323
28.6915436769294,102.528460610505,1394.30676633349,242.253107571168,1754.22066736739,102.177520650441,356.310810504518,-1.69901256943753e-21,1.24425868242119e-14,23.6032195423726,16.8681796663556,6.07282311889165,3114.70257006431,102211.112121014
28.6975451380732,106.438816840274,1408.77458156404,246.132519835498,1771.35806878387,103.108956494208,359.560477964502,-1.53252234666159e-21,4.07541409033446e-15,23.5387559499914,16.6446915159798,6.08842244430365,3146.69970210462,102013.004788325
28.7052917985526,110.288901188783,1420.07928702642,249.35787651113,1784.41959066551,103.804276620439,361.990159637331,-1.38365951010296e-21,1.21620835779795e-15,23.4704135126575,16.4149497086602,6.10430573733998,3171.45484655534,102152.762099283
28.7164444042011,114.008875264534,1427.40247117514,251.835537037414,1792.36864072113,104.203276601318,363.387414333438,-1.24940171204471e-21,3.42533192285183e-16,23.3976761841807,16.1705354930499,6.12091342849893,3187.16776918177,102443.844577563
28.7301082151639,87.8548160408538,1430.9884239302,252.990603476359,1796.21216561802,104.438278564395,385.50604747179,0.580218106103911,0.351382233907332,23.5473063575837,16.1881711503703,6.12746225252236,3207.66850239272,93583.5751028049
28.7474913954021,38.4316349163365,1430.88039357682,253.615454629508,1796.0307247814,104.529537264432,422.85221673565,0.698878037080307,1.18754233088402,23.5629995497596,16.4397201274911,6.09131374722782,3230.37802256705,93962.1447230732
28.7690943434687,1.45487443615459,1426.28611178916,253.831720664594,1790.26633483536,104.263977946811,448.615143672239,1.01152036180178,1.91712134668049,23.3302644896077,16.6218862319618,6.0473136827106,3237.11179788049,94308.0884466964
28.7948187640048,0.227406962560797,1418.87208401513,253.895059456834,1780.80005430245,103.805157576881,444.120562278561,1.87087055934693,3.05937864984792,21.9784439109837,16.3970681837349,5.89647728519801,3219.95034571962,94676.317166435
28.8239111662679,0.204689394738469,1411.0473205793,254.010865419937,1770.60622403998,103.284051406419,439.619006311772,2.02460083993695,3.99668752357366,20.7812798272221,16.1638325547948,5.77369044053803,3201.8044089334,95076.946735398
28.8553482503777,0.200098765042931,1404.46043351484,254.252207215552,1761.88583733311,102.83117968573,436.508216738423,2.10639777905264,4.71625880250294,19.7192291063286,15.9904517049861,5.67809195722647,3186.90551411784,95540.0084062776
28.8881646301015,0.200253040789711,1399.47075400859,254.573038349788,1755.18549933968,102.487426081439,434.845783542166,2.14501082048002,5.27330488379811,18.7178849106596,15.8962805932253,5.60005118224749,3176.05260720181,96088.5701763232
28.9214197299976,0.200679036729441,1395.46086750856,254.854523541031,1749.76844110307,102.214525946937,434.370049216428,2.16965807070277,5.7022227929345,17.7509188727707,15.8779077174896,5.53475552684925,3167.83774623905,96630.2150457111
28.953950194763,0.201120491320091,1391.5170059128,254.966464425082,1744.50040989807,101.947388247229,434.638887211461,2.19048807376634,6.02151426237108,16.8277012684997,15.9184968698118,5.48078544497032,3160.13148191013,97120.5929149284
28.9843604729993,0.201502413528275,1386.97637335927,254.808324620565,1738.5621330152,101.638123909257,435.216703760954,2.2110487438286,6.25044514094753,15.9683607209534,15.9950202804351,5.43714179346071,3151.31824278488,97242.9487452028
29.0112444146567,0.201767609590622,1381.68539785765,254.332774926384,1731.77861130037,101.276956359244,435.812130849206,2.23285552563479,6.41436171048844,15.186580520885,16.0876150318729,5.4017837906581,3140.90597598366,96734.1817876147
29.0330847575935,0.201889593863262,1376.06857029134,253.592581437221,1724.69205814531,100.896196818544,436.379876092075,2.25506160718016,6.5364799158118,14.4918138943457,16.1859274141172,5.37235060586108,3129.74337556485,96045.5962658929
29.0477527629235,0.201869673774385,1371.00633767669,252.751330344425,1718.40101568231,100.560308199001,437.115332098534,2.2749160787225,6.63160779620549,13.8983893881353,16.2905886498057,5.34697577242855,3119.77911216594,95338.616186087
29.0528090862852,0.201737934749345,1367.42537703718,252.012536810307,1714.05120836099,100.336198616855,438.2938075318,2.2892260595713,6.70775320097473,13.4237199524974,16.4084274911491,5.32433374261994,3113.11914722449,94859.1146050611
29.0467171264051,0.201546196902959,1365.8769148554,251.539190579039,1712.31113876207,100.262448321178,440.100683557492,2.29580588769399,6.76655527465972,13.0817206681059,16.5459072969803,5.30391998052819,3111.04775938601,94823.4853228626
29.0307086253456,0.201342595269491,1366.33315289754,251.396572261183,1713.12019233055,100.335107361568,442.518550211713,2.29465019123928,6.80927565524862,12.8725063040153,16.7044698855383,5.28544466209072,3113.5243904659,94910.1152586449
29.0105090483846,0.201175094054305,1368.20354830044,251.546290427933,1715.70517949619,100.508954810771,445.307434428743,2.28795742694478,6.84042724930818,12.777148230134,16.8787885060073,5.26841155639566,3119.19557713136,95000.7222690664
28.9950298696793,0.201108667757222,1370.66078831115,251.915829927125,1718.98511816659,100.720337079862,448.147086313274,2.27853058459656,6.85997429339768,12.7707044315877,17.0598118581976,5.25310512496314,3126.16245372626,95618.0059463638
28.9923492136532,0.201227563280185,1372.95606756837,252.46627691613,1721.97166090932,100.909975033269,450.779995487326,2.26849937508076,6.85733781634978,12.8380443225451,17.2385339629612,5.24131194070753,3132.73534085548,97316.1487241415
29.0043883106732,0.201605619964731,1374.22218561537,253.144944014613,1723.53940963077,101.010990533455,452.917804040489,2.26062438884313,6.82407165571663,12.9616371338884,17.4032348188105,5.23469736420527,3136.97654548809,99328.3985740886
29.0214262124902,0.20231502622006,1373.10485339885,253.816867452264,1721.97406237122,100.923704031951,454.0990692218,2.25956415625712,6.76231934868949,13.1030467221709,17.5342489097555,5.23387112830228,3135.85709760904,101359.956715226
29.0238036234284,0.203408229018087,1368.10802187948,254.296764354828,1715.40599358118,100.540757137614,453.811615149805,2.27073253237606,6.68090470596475,13.2058185196129,17.6079579442852,5.23873329930625,3126.02662983444,102921.782241381
28.9930097766256,0.204872060201409,1358.51649256344,254.439365345053,1702.97040267691,99.8144137268438,451.792245795764,2.29747923654542,6.59440480348085,13.2131819976285,17.6088400246362,5.24799013426319,3105.8593630762,103644.264410509
28.9253782485897,0.206632906408211,1345.02292842546,254.245277524784,1685.58493112787,98.7998688488025,448.269057519194,2.33837170389258,6.51224242509956,13.102050185613,17.5391089149294,5.26021382339777,3076.88911643956,104162.044270718
28.8374251279719,0.208565355898893,1329.45077626384,253.851605309739,1665.59692372385,97.6335997278511,443.887333477018,2.3877454430197,6.43496913819704,12.8940297653926,17.4174519636285,5.27442176896111,3043.21247890386,104626.405525499
28.7563680978418,0.210517870119173,1313.78590979737,253.41589932533,1645.55978099434,96.4632616840897,439.359941749493,2.4390307655934,6.36316656659298,12.6305073961579,17.268246847555,5.28933656621408,3009.29951712533,104885.160294545
28.7045743854109,0.212363507822472,1299.37708097869,253.037199375951,1627.20761793638,95.3891721924847,435.178572554177,2.4875686517641,6.30021251080633,12.346674496966,17.111275607075,5.30349749028623,2978.18465251824,104816.579570658
28.6897551633545,0.214028306861817,1286.86345892967,252.759799556602,1611.34927957631,94.4586379170657,431.578904692503,2.53097652672248,6.24915756102217,12.0639163741726,16.9591866802225,5.31581827698001,2951.29362065084,104576.498916972
28.7049992651203,0.21547830161965,1276.52294079417,252.607310597144,1598.30942000297,93.6916334564251,428.652291471357,2.56805797271159,6.21116459650852,11.7950063014448,16.8202922759114,5.32566152648669,2929.21801872558,104214.963442665
28.736687410001,0.216693847687739,1268.49160597892,252.591393677106,1588.22491781848,93.097672105029,426.425279060924,2.59813289106135,6.18710714226833,11.5470789593391,16.7008121977074,5.33251707673768,2912.21654915976,103720.72842289
28.7729896943733,0.217658173062174,1262.78885065655,252.706209555399,1581.09779191833,92.6782381837801,424.884004311599,2.62099472243971,6.17781928604503,11.3211087306783,16.6052175666263,5.33597491481906,2900.29422409227,103104.22396216
28.8075199875711,0.218353645943415,1259.3249007047,252.924691501343,1576.81938289741,92.4278383894086,423.985952692378,2.6369005799018,6.18320896596437,11.110037304302,16.5362617569205,5.33585263970735,2893.23500115025,102459.276135988
28.8385329292939,0.218760301463283,1257.92805432993,253.199294854441,1575.2077726658,92.3362283797218,423.666925546912,2.64647010345289,6.20212395554012,10.8984245846547,16.4951061113353,5.33219697334012,2890.66269912432,101834.522937854
28.8665467679254,0.218854253300902,1258.35528963903,253.464190137878,1576.00558287374,92.388665808288,423.835954224366,2.65077071341776,6.23531089995225,10.666417840987,16.4814558726357,5.32486561508867,2892.04579244625,100946.917674145
28.892415768253,0.218617559837381,1260.33589485367,253.652254818196,1578.90956407618,92.5678526967787,424.389128574226,2.65112675929331,6.28698473289673,10.3970738051927,16.4942281113807,5.31329403146582,2896.77959777956,99592.4004469125
28.9162098599912,0.218059346649789,1263.76273753858,253.750888974515,1583.78899118265,92.8661588553696,425.291255854796,2.64805166346393,6.35852647005009,10.085590187565,16.5338528254764,5.2972792659858,2904.62846656732,98229.8599053949
28.9367845324031,0.217212372064954,1268.81655500122,253.824058399893,1590.84179517943,93.2946537748135,426.62202796702,2.64088096431358,6.44602173952269,9.73913919944178,16.6042053174791,5.27721666346439,2916.01211513803,96987.5383260215
28.9523432619349,0.216116266564577,1275.72956704149,253.950380428778,1600.31871557242,93.8675929215385,428.478696662972,2.62888568925579,6.54600042276577,9.36748408460516,16.7101782499343,5.25339170912247,2931.46086736919,95708.6056411918
28.961494267559,0.214809923550253,1284.51044983387,254.164544822403,1612.1969916181,94.5835182917007,430.87274970424,2.61223440737915,6.65797851394141,8.97727148186987,16.853991192126,5.22579386362445,2950.99228660871,94252.1624944335
28.9639841584876,0.21332963962531,1294.98614596412,254.464101468218,1626.23887467155,95.4283307680613,433.747067625813,2.59169964034059,6.78132171006355,8.57220039264146,17.0350679847511,5.19455583112362,2974.21343497541,92845.9954193224
28.9607539250486,0.211704156948256,1306.9964729901,254.841542297208,1642.23358780141,96.3892764033534,437.044184685715,2.56804585922306,6.91335265452761,8.15356479938521,17.252288853794,5.16010262899592,3000.76255846711,91563.1966743087
28.9533546003092,0.209957810204211,1320.43179502212,255.294812797,1660.03977065204,97.4574418326274,440.721185072273,2.5419197318232,7.04941360218216,7.72169547228725,17.5047255745488,5.12311185026478,3030.39466973821,90626.5100101583
28.9430387962864,0.208120955808177,1335.14858928575,255.824010961102,1679.47411209434,98.6211049089934,444.728362318272,2.51398634617156,7.18151020352786,7.27984629059216,17.7907808693717,5.08476058295005,3062.79656337751,90265.1232821025
28.9295575723291,0.206222243563627,1350.7738500055,256.389260601865,1700.06531853886,99.8519073635956,448.936755905599,2.48570897030986,7.3031348461797,6.83221557360308,18.1054947747503,5.04619778991386,3097.13081341357,90134.3032603568
28.9099920384465,0.204278694695121,1366.56861760671,256.876312916151,1720.88223397486,101.095257054288,453.087055426054,2.45978801558153,7.41280972933182,6.38186787797382,18.4380504498422,5.00818372545097,3131.71338830805,90075.0487389368
28.879240166087,0.202291019913437,1381.60994409815,257.125026809357,1740.76148775839,102.28356530964,456.855056096648,2.4395174006034,7.51298172096599,5.93082225497637,18.7736154969098,4.9711534660309,3164.4278939413,89829.9516777111
28.8324276376839,0.200240955572356,1395.14731067186,256.988850534108,1758.75804321819,103.362504278788,459.973045555755,2.42786180060872,7.61021401775805,5.47791384442198,19.0982697366578,4.93493242336492,3193.54011174196,89146.4029396423
28.7674693657453,0.198104414620427,1406.9629425816,256.409234352432,1774.59909872428,104.316770363746,462.361237138766,2.42626408259971,7.70937980199781,5.02154754952695,19.4049483551098,4.8992326352118,3218.53525633321,88367.3774029514
28.6860534891029,0.195860463765755,1417.38517891128,255.42429807876,1788.70229389522,105.170611201723,464.135721041861,2.43461682159883,7.80984204514671,4.56179268544758,19.6958673708697,4.86404911361104,3240.15615114601,87647.0410907762
28.5925346406732,0.193493387546652,1426.76553341956,254.080744817002,1801.51685039391,105.949421353641,465.425588637082,2.45314940400925,7.90824097934374,4.09933090794111,19.9785914977587,4.82947179393845,3259.20673426741,87055.9967017132
28.4917203566122,0.191000371679346,1435.19056607423,252.396475089423,1813.15572528138,106.658385449181,466.27269930654,2.48335260157742,7.99963590096387,3.63683558757225,20.2602588159313,4.79583516765079,3275.89696626654,86648.578080413
28.3872750982766,0.188392652112176,1442.5892752565,250.382214404287,1823.52863536662,107.29062155173,466.66393521356,2.52766904202695,8.07877641876084,3.17921010327868,20.5441500752288,4.7637260908352,3290.08619451508,86340.448206256
28.2812696526122,0.185690815238641,1448.86803613072,248.058301301224,1832.5129091202,107.837449887366,466.575152967733,2.58913969315063,8.14074956610701,2.73309796408969,20.82932177758,4.73391437720383,3301.58657862201,86082.1130338438
28.1745102774428,0.182918778199632,1453.99375714108,245.45904562648,1840.06017282074,108.294648136211,466.00078363066,2.67107213718819,8.18026532217743,2.30662098402135,21.1124274448887,4.70735549828598,3310.3482905246,85843.6538932193
28.0672409041626,0.180097686024523,1458.03373266561,242.629031921926,1846.24872332082,108.665453670865,464.968198505764,2.7767581881969,8.19153961804124,1.90834159652093,21.3899278016486,4.68508894197341,3316.54516386265,85600.1081078337
27.9599554190609,0.177242776460692,1461.15188732275,239.615956159848,1851.27970833435,108.960246651886,463.537506357463,2.90905875351886,8.16836203762884,1.54615437529218,21.6594877696648,4.66815505310033,3320.56265264298,85366.2747853032
27.8541424996522,0.174362845870285,1463.57016217688,236.462050415447,1855.4283030031,109.193666041613,461.789236722637,3.06975926991947,8.10443989386276,1.22619602729375,21.920316955213,4.6575282516225,3322.90844020582,85150.236819494
27.7523698905166,0.171461820691411,1465.5112364029,233.197322529358,1858.97134690695,109.380519046166,459.804109461433,3.2588071553037,7.99473545421574,0.951908094894479,22.172616882688,4.653957122644,3324.08335861684,84882.2025537797
27.6575701211829,0.168542435023621,1467.1580975172,229.839836665097,1862.13639276583,109.533054096664,457.648526718622,3.47330479505121,7.83694135980562,0.72396590184578,22.4168992681046,4.65779066952851,3324.49418893945,84466.134087651
27.5720963030289,0.165612060432714,1468.66987018984,226.407091314909,1865.12148378336,109.662423539188,455.382214045773,3.70548565574951,7.63138138372579,0.541442186737807,22.6542951317802,4.66896617597038,3324.49779729539,84002.6672652651
27.4972801441528,0.162684418158987,1470.22322444934,222.927306882857,1868.14805370588,109.782209957438,453.073644537369,3.94157993074671,7.38161934424387,0.401726025267794,22.8873478565521,4.68686864156662,3324.50077148744,83554.6048873791
27.4334397263492,0.159776512489437,1471.99224427237,219.436902078939,1871.43542110581,109.907070740248,450.793362877033,4.16446924025391,7.09474250503591,0.299950210593303,23.1197833418155,4.71029651933229,3324.914211768,83321.5254989298
27.3800290754049,0.156906202872718,1474.06505514729,215.967472890312,1875.09387356208,110.046148101146,448.58683982081,4.35831777282189,6.77942731212804,0.229592366778748,23.3551211019297,4.73780472005092,3325.96283894113,83595.4318481786
27.3359896105728,0.154085962957114,1476.31145182643,212.521384213708,1878.9568939619,110.192452855415,446.425292290271,4.5153336975348,6.4457585328737,0.18276186411736,23.5934025982517,4.76792684790963,3327.37710891769,84130.1807595872
27.2999661337966,0.151320350581854,1478.26804128697,209.051988131973,1882.43314066224,110.313380450503,444.166848292688,4.63834826321205,6.10415562254939,0.151769800419282,23.8276971978263,4.79954918128578,3328.12697132051,84733.1308255887
27.2705510796422,0.148609126467088,1479.25457318946,205.48053529559,1884.65092661842,110.359152517694,441.601951547307,4.73526395964295,5.76219444172215,0.130882212770553,24.0451222584195,4.83230569509314,3326.68688495754,85497.4763783258
27.2468206698064,0.145949090669085,1478.67951265441,201.738497984078,1884.84794170166,110.286010971543,438.555624904033,4.81315066711861,5.4232785841156,0.116618141700555,24.2314690616545,4.866497434332,3321.7302795139,86651.4805609489
27.2292449172311,0.14333591477226,1476.19788169016,197.79033992007,1882.5773468543,110.068576402716,434.93590552885,4.87607870913005,5.08951006433401,0.107189927031151,24.3739390324325,4.90254071558134,3312.49097138764,87991.7969933629
27.2209150345601,0.140770495979471,1471.66093315617,193.633704628706,1877.64911215286,109.696964717344,430.719982109163,4.92407118257086,4.76593318971496,0.102123640021251,24.4611713490057,4.94037427786977,3298.66176260797,89376.0879397208
27.227808304344,0.138262832867088,1465.06138699145,189.296880560268,1870.06211112796,109.173398261628,425.941210438031,4.9539939055439,4.46185522539614,0.101641082549853,24.4838753007967,4.97922430574645,3280.2794111338,90830.0606081923
27.2567632759566,0.13582927878329,1456.52587018982,184.832682834578,1859.98991817987,108.511341514214,420.68555390723,4.96089456239723,4.18990648364843,0.106872069380298,24.4362219223155,5.01765576159351,3257.69865699553,92424.958334672
27.3103527093767,0.133497031751823,1446.33091098684,180.317935522546,1847.79265179078,107.736839269569,415.094664246122,4.92922469443425,3.96992354827855,0.123058236343189,24.3170253045973,5.0529541197982,3231.61755303996,94059.6806929591
27.3805030041233,0.131316472066218,1434.87819518224,175.858008985309,1833.97129917323,106.888577465183,409.375124871942,4.82444469369117,3.84015358255346,0.164137694388461,24.1304973449545,5.07950960755534,3203.02673399653,95667.5448575683
27.4483762346109,0.129359467229785,1422.56802923542,171.571581247255,1818.98659937962,106.007805165352,403.794489252794,4.61009973111529,3.85415275143697,0.25711682243261,23.8844327331812,5.08946190408527,3172.928403348,97465.6395069261
27.492777749055,0.127710499177836,1409.67658643851,167.569280463117,1803.11016109702,105.122082960565,398.624740715617,4.27388552501721,4.04924473059778,0.450062795057808,23.5855189008845,5.07749320997285,3142.04551084627,99673.6261169428
27.5023167710244,0.126467725109628,1396.22685586016,163.96514160646,1786.30286278148,104.225711640566,393.992318828159,3.85682352313902,4.40651055754862,0.815313747836965,23.2361641680288,5.04652618701327,3110.51630393048,101878.662145577
27.4851426604016,0.125753424257303,1381.66954250428,160.895492706707,1767.83484325877,103.253359275495,389.689602649701,3.45719999596853,4.8394451919066,1.42847500780835,22.8363606538903,5.0089780844848,3077.1897355284,103906.233712264
27.465455028014,0.12569814248338,1365.11684101035,158.510419312701,1746.58050284113,102.110801868157,385.265905079453,3.16170334120702,5.24227858868294,2.31958462056497,22.3915903329494,4.97933136137686,3040.14259009804,105345.908697609
27.4684131469679,0.126392533550585,1346.24843144926,156.931868278139,1722.1638805346,100.759867971745,380.391766937834,2.98745225695945,5.55562751701168,3.43879553996695,21.9188953641642,4.96457378959429,2998.65509153718,105923.628887754
27.5083896063297,0.127838925758083,1325.86830668359,156.213406472413,1695.65275664694,99.2623022003821,375.117416328323,2.90393840260889,5.77509371156634,4.68403403336486,21.4430722671698,4.96343859964749,2954.41860331737,106175.703494285
27.5886932315717,0.129933063489353,1305.67704906949,156.338972576221,1669.25436383208,97.7537914428375,369.819820440927,2.87459471137368,5.9211396000053,5.94537943382822,20.9887780616342,4.97127617283551,2911.03445937819,106260.324375184
27.7060389285045,0.132485249314542,1287.49397673259,157.226289011122,1645.32456153428,96.3798443058975,364.941178630855,2.87304470360135,6.02330460234238,7.12353449849716,20.5747274348345,4.9826293057574,2872.32535153585,105574.541286591
27.8529905937525,0.13527033537074,1272.59137829438,158.732670736889,1625.5244292666,95.24427612525,360.791357922849,2.88318187699141,6.11419660599754,8.14244117517463,20.2121217785437,4.99215476662128,2840.9151855759,103762.037976763
28.0187155704334,0.138081508640162,1261.74144768539,160.709586329705,1610.87747552777,94.4111474608188,357.586552958252,2.89466572944475,6.21504366079536,8.96675604415439,19.9088858446893,4.99640776641396,2818.38170431788,101763.086224937
28.1900394075092,0.140732548392332,1255.60422235044,163.041597905417,1602.26355249599,93.9339863494389,355.54611906476,2.90008606327697,6.33214478270284,9.59345611983838,19.6753643081164,4.99395088288186,2806.10626297901,99831.6029033418
28.3548984340438,0.143076850281992,1254.59256947213,165.64089711734,1600.24011367565,93.8464234599673,354.820007880533,2.89487250187276,6.46486280520757,10.0336918584105,19.5212359613365,4.98434837820464,2804.9553847544,98266.2124397137
28.5058023365137,0.145055156601313,1258.56354670074,168.449338890952,1604.63539471137,94.1383575567621,355.395017480195,2.87746674468747,6.60740497517718,10.3087323470961,19.4490279999987,4.96829271770993,2814.60639965413,97286.4111717682
28.6387715961989,0.146681473749257,1266.73573185755,171.402976178015,1614.44799547435,94.7508683098655,357.063691415052,2.84945659426336,6.75452194829547,10.4400154791086,19.4521245619765,4.94691599965195,2833.34510070067,96508.6525123139
28.750369292056,0.148007455857665,1277.79650271998,174.401378128461,1627.99368854811,95.5854460821119,359.456395370457,2.81483073784378,6.90431786629451,10.4441448890691,19.5155373258678,4.92135690917894,2858.28309426116,95816.3052988758
28.8369027030745,0.14908810881625,1290.3108577669,177.323310297232,1643.43397258364,96.5348861272514,362.163676711231,2.77826149155731,7.05717646325031,10.3333716972034,19.6207810260987,4.89263882991604,2886.25383644885,94965.2837021256
28.8960708922766,0.149953748820066,1303.16277063486,180.05561746793,1659.34498881533,97.5165519431446,364.860082587983,2.74357855316484,7.21683124110547,10.1153028839272,19.7520834221426,4.86115765037413,2914.78234930659,93752.2999587165
28.9299200178078,0.150616071481861,1315.85701012467,182.541883533361,1675.09989813395,98.4939440975093,367.398756526586,2.71247521919823,7.38568002482079,9.79928998329016,19.9009036493295,4.82708738109183,2942.76890771303,92542.1337895103
28.946220396345,0.151079042027953,1328.52048062063,184.797967492553,1690.86826170481,99.4762634400478,369.815936498082,2.68453027122419,7.5621301475258,9.3994844811116,20.0668850768221,4.79069807190848,2970.50343398004,91460.6234634464
28.9560676410594,0.151351467488566,1341.55740782487,186.882506323601,1707.17213068851,100.492740593892,372.231232897401,2.65841093045865,7.74166301077556,8.93377376646003,20.253906147318,4.75243045881348,2998.90169406193,90773.6017880327
28.9693204722357,0.151463563206038,1355.268408112,188.866577743801,1724.39242229347,101.563896816258,374.742724535326,2.63299472872432,7.91554100793242,8.42389137103368,20.4647814465667,4.71338783377411,3028.66310249082,90755.2340438732
28.9896986981937,0.151457181175983,1369.51587853118,190.779204415923,1742.34474583763,102.677536411362,377.323474729967,2.60868594138844,8.07645050413451,7.88859633322159,20.6962159608704,4.67482868490278,3059.51286346258,91005.3520713016
29.0107980627045,0.151371774337823,1383.57024702371,192.570862124922,1760.08866311021,103.778012737549,379.77262204635,2.58800048009136,8.22247806452248,7.33793321726547,20.9358221121312,4.63777738338818,3089.84836320996,91333.9935225996
29.017415241812,0.151232042253225,1396.29523314138,194.122919802587,1776.16837394365,104.779975656974,381.771668585744,2.57496352510151,8.35511233413796,6.77372993589783,21.1653536688781,4.6031174085235,3117.14829472726,91489.7671665264
28.9929666033973,0.15103501901007,1406.43023537328,195.268272014917,1788.97768906693,105.589494041718,382.965811514761,2.57443873199896,8.47890148893778,6.19238032052782,21.3679394863606,4.57121568915898,3138.5967101923,91234.4275807491
28.9285038695141,0.150763523006336,1413.28335744971,195.89712985284,1797.63778486939,106.154920164417,383.164261000337,2.58986289498106,8.59608810143565,5.59356043071408,21.5354790847534,4.5422491539316,3152.63927612031,90875.0239657552
28.8274599216666,0.150403384201961,1417.27368659709,196.048277478215,1802.68048475191,106.506912213319,382.491505861666,2.62138893796816,8.70372670915028,4.98536466993453,21.6715974403997,4.51644008217757,3160.20107851199,90540.2270758471
28.7025690142224,0.149954786617935,1419.57672452025,195.87631826286,1805.59338664049,106.731921829861,381.28586192246,2.66675297057094,8.7945207935332,4.38309279428388,21.7874861093893,4.49418457180675,3163.90138123773,90598.438131643
28.5677021912701,0.149444279504233,1421.26197355669,195.553633905737,1807.72030958728,106.907372170624,379.864279078988,2.7233391244786,8.85552584674084,3.80807456799653,21.8940838721463,4.47669805220328,3166.14272802253,91466.2194747797
28.4299299383561,0.148916114541523,1422.65918615954,195.177238186466,1809.45978042096,107.055441810808,378.341802757063,2.78981816300105,8.87663733207012,3.28295629957889,21.994244516629,4.46528363082736,3167.69340290542,92616.9581003228
28.2834764510694,0.148425771104304,1423.18972397488,194.736699054138,1810.05350909449,107.131464921617,376.586482535639,2.86528415149291,8.85685808021456,2.83176302351769,22.0784567638474,4.4607068148937,3167.30874566708,93788.2312631182
28.1109420224488,0.148027596270771,1421.84878866259,194.158284362309,1808.20465269311,107.060566213697,374.355788970819,2.94575838956467,8.80356397923216,2.47826561980929,22.1295810991601,4.46300665506617,3162.79804204632,94610.0174675489
27.8941503473851,0.147744240477676,1418.07560221026,193.382099724664,1803.19609895183,106.803618896072,371.52366721552,3.02282995704426,8.7335134296337,2.23412411009493,22.1343371641101,4.47064789353302,3152.93857960759,94755.5057869752
27.6271893484331,0.147565146581169,1412.4192425485,192.453859058396,1795.73933765812,106.405820741942,368.26070482064,3.0854927461549,8.66382331370208,2.09603508703843,22.0936448906335,4.48117596861395,3138.96079367448,94687.831505274
27.3227021396336,0.147465177414166,1406.37730650698,191.533431975142,1787.7636951856,105.982832759398,364.996595949346,3.12412788227864,8.60443156695671,2.05224541206156,22.0245146656929,4.49219289780187,3124.20868892512,94584.1029506759
27.0059063661229,0.147421196324141,1401.38692096749,190.78441059914,1781.12349050129,105.644320653423,362.146403655752,3.13483513212704,8.5594317146527,2.08890351965964,21.9513231396032,4.50170457035774,3111.90190884027,94532.7192107535
26.7017990949412,0.147428114630512,1398.06586533172,190.289928533956,1776.62117289988,105.436759745017,359.901136711986,3.11971566389694,8.52844099543557,2.19519912193521,21.8942044130589,4.5086047316032,3103.44582937765,94597.2958907746
26.4265826646684,0.147500167540338,1396.24619574317,190.055935293814,1774.04667850984,105.346446026499,358.224639875607,3.08525201691085,8.50942111972209,2.36101521065479,21.8629570137898,4.51261168289872,3098.49556363865,94671.3429210861
26.1862490609125,0.147665537973093,1395.37784331577,190.057511252352,1772.69375226973,105.330293620668,356.952931056301,3.04038456528092,8.50037557484321,2.57166907626972,21.8572751536708,4.51399714330609,3095.84610791811,94712.0116347215
25.9796438780504,0.147959437052652,1394.91673372384,190.278727439262,1771.8583729485,105.345283494674,355.907709014185,2.99323594618339,8.49789696544221,2.8097384818842,21.8712260546132,4.51353585978239,3094.29718818936,94866.4019974259
25.8030949012391,0.148413868981986,1394.5115769614,190.721023970252,1771.08203579395,105.362928540868,354.964414503228,2.94871406159205,8.49633324379235,3.06085440522165,21.8980371307288,4.51236527364776,3093.07276956327,95287.9694022862
25.6551867083485,0.149040800958335,1393.93052358633,191.372994547294,1770.06705443719,105.364490836491,354.036344698138,2.90943993061354,8.49143717118973,3.31239452079136,21.9311840773557,4.51141604698261,3091.65320276589,95759.4919092142
25.5399176827575,0.149822638279705,1392.90147309422,192.179324378302,1768.47996208396,105.329227283216,353.026384850386,2.87753974232807,8.48254381250701,3.54921339114328,21.9627670843269,4.51119277688337,3089.41541070019,96204.4005387645
25.4655618384715,0.150715663263853,1391.13662793935,193.048863470751,1765.98003951357,105.236029802223,351.830538488175,2.85502860686213,8.4721946002206,3.75278819496665,21.9842107320898,4.51178218602188,3085.68666952214,96380.1664532593
25.4395570447866,0.151658044643517,1388.52316936332,193.889422309509,1762.45083052146,105.077616177292,350.389430860033,2.84332404987297,8.46637622778013,3.90348962168822,21.9898720653736,4.5126156167257,3080.16607014686,96077.7774586648
25.4624853782498,0.152591085537387,1385.32181305112,194.658776185157,1758.23468025586,104.87446668403,348.752393093155,2.84172146555622,8.46896749039171,3.99083477751274,21.9808601483992,4.51304376297034,3073.37408783147,95662.5746021044
25.5256211407198,0.153468419803866,1382.18018109776,195.378764779164,1754.14010892189,104.675262564111,347.084034928276,2.84718669250013,8.47923374129249,4.0180752444721,21.965769059048,4.51265050088994,3066.68416982179,95262.176900478
25.6142597680771,0.154252499275405,1379.83282699193,196.0947184644,1751.07003341576,104.534961911075,345.57608903096,2.85623293518046,8.49661604997853,3.99502486965351,21.956272969604,4.51082887794897,3061.65959131446,94763.5508867813
25.7138983060022,0.154917708592261,1378.76823675865,196.837115620926,1749.61643912917,104.490292610157,344.355981473695,2.86649505637762,8.5228234221153,3.93112270396145,21.9616654640053,4.50680194827966,3059.33268613117,94048.5820971782
25.8150312910867,0.155452791288716,1379.18124657119,197.617995846197,1750.01463177425,104.556269817008,343.477787754243,2.87681815738155,8.55891422066685,3.83377708976802,21.987430550251,4.50011510816388,3060.11666854439,93294.4258936661
25.9143117134298,0.155853581232671,1381.12951453737,198.442179964727,1752.34780179964,104.738102800366,342.964806104089,2.8867202395796,8.60346531110608,3.70841089170092,22.0371881625322,4.49077560250351,3064.15204465685,92566.1357201521
26.0123456304495,0.156112756093778,1384.60767786438,199.303597268098,1756.6345670507,105.036873142369,342.822773444808,2.89647072312056,8.65540726158138,3.55713276246648,22.113629505248,4.47879313041053,3071.45142684954,91719.6574336491
26.1105913858592,0.156218835718234,1389.53330889451,200.180417141071,1762.79693267269,105.448002791017,343.030376642708,2.90725775673392,8.71586948302619,3.37907258260942,22.2180277947342,4.4639452203465,3081.84940479685,90609.4549719375
26.2093140471953,0.156163863931919,1395.76338350098,201.044774826691,1770.66915283078,105.961544157415,343.544848051633,2.92074851260865,8.78506793991908,3.17376282662797,22.3509566796573,4.44616975608687,3095.03380068621,89467.7628797746
26.3068988691918,0.155945847363942,1403.02536929872,201.856105237332,1779.90753628006,106.556575547152,344.287768335844,2.93918272414366,8.86032522250452,2.94261774086853,22.5136686473123,4.42576054548654,3110.39413193914,88393.3757796487
26.4005061754733,0.155570369980008,1410.93839706381,202.567327651898,1790.02118959175,107.203013825061,345.153240256049,2.9653943352744,8.93660967788412,2.68933491118142,22.7075398711873,4.40333078312382,3127.07637255413,87554.2751844593
26.4874495613104,0.155056906094288,1419.13171703125,203.149716592886,1800.52670557489,107.870735122017,346.043156935914,3.0019031731435,9.00577807845151,2.42182038386129,22.9325368663074,4.38002072006792,3144.2592375647,87132.1899906509
26.5660633831799,0.154432539676914,1427.22106719327,203.582918494408,1810.92258198317,108.528468341168,346.859810432169,3.05108135182529,9.0600031353202,2.14944634160885,23.1850878562953,4.35714748007318,3161.10048295321,86897.8399697712
26.6360795926315,0.153724240616748,1434.73372012853,203.835701074201,1820.59576610682,109.138522308546,347.484659253635,3.11579826600904,9.0942734033139,1.88009355528233,23.4563976903461,4.33595556768103,3176.56453635724,86727.5324738074
26.6984777123952,0.152955610098565,1441.20597280315,203.874388290533,1828.9458100462,109.664035938686,347.803988421898,3.19887989426309,9.10444840893808,1.62047922176972,23.7342481020027,4.31777968907854,3189.63576731233,86598.7995605208
26.7546810159577,0.152141751166778,1446.36321027275,203.679766956947,1835.61536225297,110.082683086537,347.752694216894,3.30228919892809,9.08632044708365,1.37635366540083,24.0069230308665,4.3039361801879,3199.71256717019,86515.007380492
26.8054583504565,0.151287881217928,1450.19075558234,203.253648792375,1840.58224119715,110.392223603999,347.329853439197,3.42631721782489,9.03602408149837,1.152876710331,24.2659420145916,4.29549689130626,3206.76273120305,86472.2698727786
26.8499483123508,0.150391451899085,1452.86611027562,202.611275886588,1844.07476225694,110.605598319227,346.58038288553,3.56868655182055,8.95112505482246,0.9548256922475,24.5064245775429,4.2931089795029,3211.17520392702,86467.0484008417
26.8856788013097,0.149447082606061,1454.63925487882,201.771499686861,1846.41832068466,110.742007824128,345.565608477044,3.72389277197162,8.83169117207186,0.785897089170324,24.7260899571826,4.29690023382911,3213.4989721994,86509.372272634
26.9095081143237,0.148452019137078,1455.73976616631,200.753174960003,1847.91343256814,110.819822476207,344.342078035981,3.88368462986521,8.6807657455854,0.647458453696748,24.9240799212352,4.30648349693239,3214.2416820369,86613.5385661044
26.9180267788065,0.147408424757614,1456.33142180431,199.574947663605,1848.77441604488,110.852883224409,342.952286282702,4.03914908356362,8.50396966759584,0.53788608197495,25.100073252896,4.32107181772622,3213.77127254137,86759.2009953942
26.906792521183,0.14632272649112,1456.4982066733,198.254406522881,1849.11015827399,110.849046461162,341.422780894211,4.18320962537335,8.30807170611815,0.453262974185848,25.2538289016464,4.33971534141397,3212.28506466287,86931.925101558
26.8701526680727,0.145202992659998,1456.26324362832,196.807123899485,1848.94893617905,110.811307765615,339.768325008323,4.31201072041885,8.09951906626314,0.388684604880101,25.3851620095855,4.36151371000623,3209.84912080199,87088.5486226463
26.8028248076789,0.144055046766712,1455.64014360413,195.247231520521,1848.30550930977,110.741580616681,338.001515344574,4.42505790141572,7.88369455743457,0.339221421763215,25.4942351232635,4.38570195910394,3206.50683274657,87175.800078637
26.7026673676257,0.142879564184698,1454.68847797676,193.589271718356,1847.25311063206,110.644916946639,336.143791206052,4.52436250535869,7.66408782492807,0.300473043657072,25.5821095331817,4.41172857322947,3202.3972048724,87236.0256842267
26.5730707071629,0.141669427418831,1453.53300177541,191.845976375309,1845.94875249497,110.531000624174,334.228603848694,4.61374097558817,7.44165171339692,0.268660537802497,25.6510889758234,4.43932245676397,3197.79366154537,87289.9684945824
26.4227004920075,0.140409020800938,1452.32559841253,190.021630073776,1844.58502441599,110.411225064062,332.29106412971,4.69840898490935,7.21546874808146,0.240677888244436,25.7042924370892,4.46843132982698,3193.01824210574,87196.5728245897
26.2625900332804,0.139078472628317,1451.19934135521,188.110790478511,1843.33112962691,110.295221001205,330.357577116988,4.78361482360844,6.98415483824954,0.214429800867364,25.7451725008385,4.49906010914582,3188.34369684738,86777.7049897221
26.1028204877463,0.137663290470273,1450.30351541262,186.113838375774,1842.37679289989,110.193743990425,328.458244645451,4.87131127376203,6.74603630204182,0.189513098502755,25.7783185822689,4.53118752012699,3184.08102452493,86236.3789396102
25.9511342418528,0.136158246738805,1449.87833863491,184.051476622548,1842.02800427665,110.124714209197,326.645778008828,4.95898639872056,6.49990731312035,0.166726726739984,25.8107182836177,4.56457010515328,3180.74946073023,85683.9885936712
25.813051583027,0.134564818912966,1450.19376199063,181.955318142429,1842.62957148307,110.108690265245,324.979211300626,5.04252973923503,6.24648457262034,0.146876825109177,25.8507649847486,4.59859936238607,3178.93986994296,85144.0408931142
25.6919284115477,0.13289029803973,1451.39998251277,179.849285558475,1844.37387548632,110.157401242536,323.489422686429,5.11866483044824,5.98827593012057,0.130260348824224,25.9055328189352,4.63248890421687,3178.98530711994,84617.3751572333
25.5889458077374,0.13114581015874,1453.45745537137,177.739392071293,1847.21027456998,110.26824043853,322.164205320966,5.18599382074918,5.72847697747,0.116670157465303,25.9788988326322,4.66554612868067,3180.80530055431,84108.5256035985
25.5032973964329,0.129343090811349,1456.18179627095,175.615775990384,1850.90105382372,110.427517598479,320.95920144163,5.24482031316187,5.469915866679,0.105626700342977,26.0714684055521,4.69732722627239,3184.00097319785,83621.5265373397
25.4327750138558,0.127492571688241,1459.33538177894,173.46160573721,1855.13824206173,110.617365404242,319.81911356589,5.29620405681862,5.21448278391559,0.096637611681384,26.1816229775245,4.72765438504312,3188.05465159993,83196.971670309
25.3746348301787,0.125603455176599,1462.69768589464,171.261656741422,1859.63489486126,110.821143086316,318.693946692376,5.34105918926308,4.96311988576182,0.0893332832672286,26.3066750125277,4.75654592800369,3192.48593020638,82892.6154698095
25.3263767207309,0.123683865395593,1466.07961104257,169.00434392066,1864.14529930535,111.024612758949,317.541948953379,5.38008031560945,4.71653590675349,0.083436470872275,26.4433096435783,4.78409129698769,3196.88497469314,82656.7297790559
25.2861291834857,0.121741140558419,1469.30403976269,166.679960651801,1868.44136846471,111.214554766169,316.325337319424,5.41388731597532,4.47592007379344,0.0787235691861451,26.5874419708923,4.8103614857105,3200.87152686576,82452.1140029263
25.2526461850058,0.119782949419851,1472.21468007981,164.283023504657,1872.32422477871,111.379533812495,315.013312075285,5.44272642602552,4.24262975052905,0.0750408925408404,26.7345877031124,4.83542355168946,3204.11623436102,82424.1227398483
25.2250552195414,0.117818296060693,1474.69541948035,161.815366595034,1875.64826000003,111.511380173921,313.586824572112,5.46616952802598,4.01743270089776,0.0723292678704773,26.8804594966652,4.85940136094953,3206.38336564297,82836.6007366655
25.2022663444603,0.115855987875686,1476.60175072252,159.276565733399,1878.23097698563,111.599780211621,312.021221614086,5.48418352245659,3.80135544069767,0.070504617811018,27.0196231286194,4.88244858745991,3207.37565964338,83493.0544945746
25.1819599519094,0.113903491357506,1477.63138331182,156.648985888783,1879.68372972897,111.622234821379,310.257158607771,5.4978937639426,3.59670617806031,0.0694235714441792,27.1428060254534,4.90478154654817,3206.44703211816,84223.8038841105
25.1602101211859,0.111965394187884,1477.35076866476,153.899537604221,1879.44363053852,111.546004120123,308.207784155914,5.50937917333357,3.4065749109315,0.0688798723745175,27.2370541444228,4.92673972536141,3202.65860724206,84815.6705857598
25.1325940583431,0.110040182303499,1475.44079670089,151.001421102137,1877.08900507611,111.346718134466,305.811611962362,5.5212694998114,3.2339169858123,0.0686229871076538,27.2899609261327,4.94866519808402,3195.31208621852,85029.9667363801
25.0963644418428,0.108123026714712,1472.0060900185,147.967281066033,1872.74121322224,111.032184569211,303.099551653938,5.53408765896225,3.08042646134034,0.0686466418565185,27.2957885373529,4.97068155898241,3184.63037910002,85085.1604395649
25.052361660409,0.106211890975305,1467.70151194404,144.866436473235,1867.23399008841,110.652599869116,300.2222500197,5.54470364838752,2.94729143039908,0.0692645363757677,27.2589376077861,4.99236652531437,3172.04361930387,85122.3259801145
25.0048303728501,0.104311770395163,1463.40972172114,141.79564278177,1861.70338129029,110.276437074232,297.382347542945,5.5481957961027,2.83683090487826,0.0709417915578378,27.1911770910635,5.01268651193876,3159.49346771269,85490.1149635824
24.959154580196,0.10243801031049,1459.71900485841,138.831249634465,1856.9169859322,109.950913604111,294.727434564868,5.53765782093841,2.75334177367954,0.0747143686092629,27.1043495616307,5.03030381010364,3148.30125804829,86675.8558631058
24.9193350671532,0.10061874785428,1456.58675350975,136.001895717279,1852.83951910913,109.676988668381,292.28375794843,5.49976770231335,2.70869941314456,0.0835747426578715,27.0033064545171,5.04322363936834,3138.44129803429,88246.1503003811
24.8858543159476,0.100580125773258,1453.18860182912,133.288003805694,1848.4415095959,109.400259786224,289.964911502663,2.63791212708512,2.7172191785043,0.110215731397214,26.8918220716979,5.04909419012535,3128.25194012791,89885.5059198731
24.8522698278306,0.218858463539229,1447.47069183515,130.721202536284,1841.33504538719,108.957517079646,289.387780949217,3.45337274500124e-10,1.65076811364194,0.613097723991654,27.5019076612382,5.15690207272044,3114.88759845111,100785.365603294
24.8182358200427,0.471321989960903,1440.20640313323,128.358846376368,1832.06965120267,108.352163606367,290.934506051034,2.71600158345044e-14,0.31571942039189,1.7152928278789,28.0161747544434,5.3123489047027,3099.69933398515,102551.06491688
24.7845138961127,3.72719285597939,1432.31680220139,126.35178246128,1821.52734123577,107.695323762106,292.427816777311,4.7791304687193e-15,0.00230388775217852,3.06693044569212,27.4446056355375,5.39630889957094,3083.07984678364,104297.472184253
24.7565077803896,9.2854543111933,1424.13406961162,124.930982475207,1810.41140538778,106.997630159313,291.81473051831,5.37448533644876e-16,6.28123704799049e-06,4.52887596486592,26.583685908767,5.45186026767769,3064.86242803905,105965.151660631
24.7441133879377,15.3926691334497,1416.31533876179,124.466988105245,1799.57193394345,106.305527858064,290.203024604891,1.07976990315687e-17,3.53830116831943e-06,6.06829933192141,25.7425087540573,5.50393035709724,3047.29030617212,107319.78272664
24.7575530854619,21.8804729182387,1408.84072456066,125.194889019445,1788.90909983585,105.617030200141,288.064926415436,9.23256378742958e-20,2.51951033875712e-06,7.63065775768715,24.9042996608809,5.55446471683479,3030.71652931155,108150.132076866
24.8023796886413,28.4481654512804,1401.67657163413,127.131083933753,1778.35735213738,104.929648770526,285.854016231906,1.42286634282065e-21,1.64712365943215e-06,9.16528773544202,24.0646746766689,5.60453818644161,3015.33906387595,108750.347328871
24.8783219588431,34.8053488549877,1395.30904154774,130.121835015264,1768.58377232847,104.283386028899,283.924940204609,1.51404638827429e-24,9.65540988287744e-07,10.614358088674,23.2363997399594,5.65389905934693,3002.2573006804,109212.407477823
24.9811425486561,40.7315556461265,1390.39730199782,133.923360112901,1760.515883748,103.73372427261,282.47684603103,1.24731011044735e-27,4.98734823271483e-07,11.9190357301385,22.4397030096897,5.70155149234072,2992.78819148209,109014.039273349
25.1042844087501,46.1030373677416,1387.2538077096,138.259552986344,1754.63718581546,103.310459536124,281.538881438095,-3.33362650177014e-30,2.19155645282111e-07,13.038270971362,21.6937218064842,5.74643043469398,2987.43909744329,107763.232610353
25.2391706647166,50.9069746076456,1386.12053900868,142.886602625696,1751.31268553949,103.036931017909,281.10151417246,-6.6649857683963e-26,8.45519351652679e-08,13.9623994633565,21.0132660106167,5.78769187644967,2986.55293602579,106246.409494828
25.3753379316036,55.216950483052,1387.47734039286,147.606831256126,1751.18397855897,102.953132646581,281.212182787745,-2.40639849791595e-25,2.80673441018595e-08,14.7070745932476,20.4105810973403,5.82462491418549,2990.98408408238,104724.532048778
25.502835087687,59.1477056098406,1391.53707333296,152.244827554551,1754.53875446192,103.077897006232,281.8730057259,-3.48859549767942e-25,7.78318026034611e-09,15.2994333780663,19.8933121654074,5.85676030481855,3001.03817533008,103195.763478656
25.615386221631,62.8166164548279,1397.88227363564,156.663232406933,1760.85297781162,103.381215105467,282.965397950869,-3.61293473922267e-25,1.91305727774096e-09,15.7692501006256,19.4601889854808,5.88412499902911,3015.72865597223,101640.82744495
25.7113215027299,66.3185739394064,1405.71705487069,160.777926569268,1769.11704225007,103.803526721712,284.308662491804,-3.24740235258448e-25,4.50712293867428e-10,16.14458060745,19.1023172259229,5.90718442936635,3033.32357241937,100154.036005505
25.792409936936,69.7196236604953,1414.28277572974,164.550241913022,1778.37032370072,104.287754326401,285.749549873292,-2.79631378126626e-25,1.06079320010472e-10,16.4511684921297,18.8076899641841,5.92659500777362,3052.21583376732,98776.2277637268
25.861901673726,73.0631354665766,1423.03540313072,167.966580240449,1787.92748278198,104.793052287212,287.193371868533,-2.42845600457776e-25,2.52911730748414e-11,16.7118817780771,18.5643487936946,5.94302513726788,3071.27595868608,97516.8056115131
25.9229108397871,76.3777458930887,1431.62682716599,171.024011369741,1797.35129657018,105.293328456599,288.589844009969,-2.16255976273909e-25,6.12938683263908e-12,16.9451620516099,18.3614037204471,5.95709343525789,3089.79295164765,96375.9985844689
25.9774232063943,79.6821526612133,1439.84285159221,173.721746379222,1806.37124534155,105.772435980324,289.91227770337,-1.96619282089943e-25,1.51035684779775e-12,17.1636189896388,18.1892755293082,5.96935006817811,3107.33121316524,95350.2874834218
26.025935374585,82.9872458799929,1447.55736548785,176.05694141984,1814.82497813881,106.220685481452,291.145107142108,-1.80698715194843e-25,3.7810680070716e-13,17.3738390212972,18.0398044420518,5.98026660749829,3123.62964259525,94433.8583353299
26.0679378945614,86.2975772401788,1454.70352249064,178.027158064625,1822.62304445372,106.632723270645,292.278736442413,-1.66647988624342e-25,9.6046479591591e-14,17.5780674550306,17.9062989487722,5.99023093924108,3138.54507951921,93616.511390087
26.1028264458799,89.6131365329557,1461.25455511834,179.636421331489,1829.72625627762,107.006157970564,293.307900928603,-1.53754914981501e-25,2.47199769632099e-14,17.776693737236,17.7834999821307,5.9995484925306,3152.01983513645,92886.3419505586
26.1305167794296,92.9310631079556,1467.21165470035,180.899227141111,1836.13150018132,107.340699214479,294.231357551593,-1.41863678141469e-25,6.43829016283374e-15,17.969798414201,17.6674736760028,6.00844832474727,3164.06185926791,92239.3303816472
26.1497857141656,65.5696461092433,1472.29802242464,181.333296392979,1841.79449133046,107.72810810027,317.935217496312,0.582491570335339,0.365017384706358,18.3900817459145,17.8275110961665,6.00809286708383,3187.8755960062,82446.9390304244
26.1654537322641,14.7136545470184,1476.65321346558,181.529459803816,1847.01530510081,108.201481438007,358.303547597094,0.728836592747279,1.25946673229417,18.6606683520571,18.2470571569616,5.95924751164124,3220.63916458545,82052.0994108067
26.1801061754603,0.149973359398509,1479.72054306568,181.58697024909,1850.82959492793,108.61032386771,367.556634070463,1.92446207569456,2.55973244201655,17.7016651783755,18.3878857685956,5.79338973399956,3232.33771968336,81994.3355518731
26.1953276975651,0.138275624032434,1481.82524123759,181.599488897649,1853.32682835037,108.945309516808,365.068179170877,2.10412419427688,3.95419551914936,16.3718494743975,18.3821915360581,5.59414481938002,3234.98232562568,82131.8724659194
26.2130297942342,0.136362285893818,1483.46918106078,181.601882525952,1855.14335737916,109.206044165812,363.365666567781,2.15209020812205,5.074746494215,15.2886131716019,18.4167563620214,5.43215305978697,3237.06521026828,82346.6218352559
26.2372182289371,0.135813708570157,1484.86661801504,181.585926033936,1856.60825334807,109.423277612479,362.322496098006,2.17226185347234,5.97198452216379,14.3625024897365,18.5186831215149,5.29768852707501,3238.98909629413,82738.5203426601
26.2737933154607,0.135462325869874,1485.89231903689,181.538396615804,1857.60629136173,109.600640669015,361.776495972805,2.18749855810857,6.68715842780522,13.5212093911316,18.7090239480167,5.18283270156675,3240.45217980526,83547.000844798
26.3286975789982,0.135228759782682,1486.21546557935,181.451491947433,1857.7435540535,109.720583252181,361.552081474191,2.20180316259088,7.24409736937151,12.7312811006015,18.9903038017281,5.08363097713962,3240.72427534366,84597.7326964337
26.4055082953877,0.135109684567645,1485.37852581765,181.310352103387,1856.45246446488,109.751588888615,361.438900942231,2.21688331570312,7.66369743445798,11.986686053875,19.3413753197736,4.99836853006145,3238.78495131443,85737.919778706
26.5039109918585,0.135100061337567,1482.90994203902,181.086563167207,1853.1399844492,109.658299045537,361.211717267205,2.23425539416569,7.97036282095735,11.2949756062246,19.7229091870307,4.92621340039912,3233.55777365359,86921.8590059628
26.6200264030506,0.135177865167721,1478.5261717623,180.74657298001,1847.44672353163,109.418376113156,360.692688831,2.25558110104203,8.18914981497203,10.6661997259624,20.0921888558523,4.8665542700187,3224.35421401746,88145.8013370087
26.7481181150977,0.135324979418707,1472.29444314804,180.279041536803,1839.45004902337,109.035923135277,359.813852759294,2.28116292346606,8.33993288259323,10.1087565657869,20.4180494559587,4.81878493651912,3211.24884802503,89395.7368225242
26.8823356340787,0.135537618180203,1464.59985861769,179.720709418665,1829.61832937036,108.539081327759,358.623829913299,2.30974466178867,8.4367125527312,9.63355593567973,20.6843885274977,4.78216381453109,3195.0346985807,90651.8612786676
27.0176444338983,0.13583151482728,1455.94535786181,179.146292311567,1818.5611593089,107.965029529185,357.227470690697,2.33938052023868,8.49120637064868,9.25550119031968,20.8865914185282,4.75553964027387,3176.79079723112,91706.3432027727
27.1501434218577,0.136225626987778,1446.80820288576,178.632463891093,1806.85823452301,107.349643985465,355.725147454644,2.36819387046444,8.51691210391765,8.98588349439716,21.0271885203984,4.73704292815979,3157.54757390551,92319.0915353091
27.2777252809158,0.136728203113575,1437.69330463097,178.246159843032,1795.13427457279,106.731150775991,354.217975547114,2.39445584133954,8.52610077196267,8.82386122018962,21.1138365692642,4.72461258236341,3138.39202224227,92720.5140332397
27.4006581356207,0.137331741637411,1429.24147664265,178.052341858345,1784.19838068147,106.157880210954,352.831358502624,2.416555948929,8.52727272695448,8.75021891216378,21.1583112310135,4.71640844042266,3120.70141314305,93004.9040988653
27.5211552146267,0.138019191606847,1422.07720316432,178.10543434729,1774.84897280611,105.67684513708,351.679042661946,2.43343979041229,8.52564867495389,8.73131301098503,21.1741085627018,4.71089627809755,3105.81505235318,93380.4352774852
27.6419988842122,0.138780332270437,1416.49007103622,178.431322015885,1767.46378206174,105.309540280124,350.800733785681,2.44506183714769,8.52159145700853,8.7345841390153,21.1728413871652,4.70729926631819,3094.35312800059,94059.9518448601
27.7642131301291,0.139610418021312,1412.28166842475,179.005519291828,1761.80338727183,105.0409752065,350.121157074019,2.45273693146969,8.51543392678776,8.73566707370171,21.1609177965911,4.70512006038748,3085.87402099737,94751.2069652564
27.885114613474,0.140503626558401,1408.83851962229,179.750924750017,1757.10217880501,104.825402774242,349.461033584539,2.45888272350922,8.51086594365984,8.71922162349164,21.1379444925233,4.70374819943102,3079.02104751042,95342.6626046075
27.9987451489744,0.141447788960673,1405.47031839791,180.570214573309,1752.49428449333,104.611413439295,348.626312884369,2.46596081324897,8.51292118551789,8.67783434705155,21.0995796031553,4.70258949126208,3072.2604194157,95713.1347413296
28.0984937885887,0.142416120651687,1401.83768823521,181.387857639313,1747.55568945473,104.374284625279,347.52043994558,2.47534772834431,8.52732256324149,8.60625479644085,21.0432837705389,4.70085916637642,3064.81863421645,95768.7183974061
28.1801850101361,0.143371778582154,1398.16242890975,182.183680015729,1742.57314205666,104.131882703765,346.209813891736,2.4866118000308,8.55701118351845,8.49885631917653,20.9723650544665,4.69786815783247,3057.16126933997,95714.2885661359
28.2434696844542,0.144274955880495,1394.95778527547,182.971902785776,1738.21142962581,103.924802919143,344.860276756007,2.49832946651771,8.60050840204749,8.3481475052032,20.896083066701,4.69325584225984,3050.41911654016,95635.0203079303
28.2909340898537,0.145090691538757,1392.55985824465,183.754362220268,1734.92276966969,103.781134915394,343.604139524048,2.50970184015525,8.65456520187301,8.14480061807015,20.8260603889895,4.68680171147416,3045.35787545075,95490.7849949988
28.3264010003783,0.145799039612935,1390.99182831937,184.513964275814,1732.76272128003,103.70507388025,342.486465330266,2.52098977356896,8.7157583230502,7.88202857819616,20.7721881824125,4.67840660323955,3042.06301467445,95232.6176853062
28.3542454408462,0.14639584983649,1390.1335319172,185.233570872694,1731.58868494919,103.688365295402,341.496895356029,2.53284972626123,8.78053313696252,7.5610236834662,20.7404785438849,4.66820035189232,3040.28940377576,94950.5913919574
28.3797935447933,0.146882622103141,1389.90961768498,185.905578405606,1731.29117656074,103.724175980629,340.61486328588,2.54567609859181,8.84605403942668,7.19247761049649,20.7330530959738,4.65642846895998,3039.85766052357,94675.9407057905
28.4088859382264,0.147258480897639,1390.31952107747,186.526681503755,1731.84044465431,103.81034600618,339.82352989376,2.55956765983958,8.91180860949009,6.79186927865783,20.7491603224716,4.6431777506548,3040.7260110971,94360.5980549089
28.4463639431822,0.147520440605133,1391.37401062963,187.092016983755,1733.22161870816,103.945836934256,339.10686305791,2.57460199341071,8.97930446250054,6.37336404129612,20.7863829798888,4.62835964557754,3042.87491889521,93956.2856851771
28.4948617676829,0.147663652648352,1393.06931139,187.593236194934,1735.4127592849,104.129411682011,338.45405876862,2.59095413661244,9.04978397576554,5.94673480396416,20.8420088378149,4.61195724469772,3046.26791823767,93536.6759275074
28.5547084846319,0.147677091999734,1395.36988982567,188.011076017744,1738.36645774949,104.358466465908,337.857210987143,2.60903535699267,9.1229567508419,5.51692189030778,20.9140600062226,4.59414008699545,3050.81410135884,93132.1831234898
28.624672133564,0.147541318980532,1398.12673760723,188.302183965661,1741.90429812503,104.62281560763,337.284411616784,2.62999621328119,9.19923432854739,5.08416036800628,21.0010825270101,4.57495559081346,3056.18010220188,92558.8024604938
28.7026026999191,0.147234197899625,1401.12700439767,188.412468808892,1745.7715307611,104.907891555863,336.685861722969,2.65574695190891,9.28146363157321,4.64562660058912,21.1017224431017,4.55410737117124,3061.89314973042,91635.8795577843
28.7850564850675,0.146744007955618,1404.29837207095,188.318664979406,1749.8845933938,105.208862349477,336.047039357436,2.68801774867125,9.37055048177521,4.20079840505543,21.2160984451608,4.53149102125856,3067.79319340641,90652.1096466516
28.866344872862,0.146072574972719,1407.82178916653,188.046124295787,1754.4693672704,105.538623152361,335.41805007316,2.72782349432258,9.46307734236357,3.75371354700384,21.347503613841,4.50743072316038,3074.28019636505,89724.4029894042
28.9393796850355,0.145231735456232,1411.96614684584,187.643295437493,1759.85675776426,105.915867695611,334.870889485545,2.776074491243,9.55334461353771,3.31115161829493,21.5009208198845,4.48247503183256,3081.95039780095,88981.078515157
28.9982118656014,0.144244250302675,1416.84251747184,187.151483837184,1766.17808060558,106.346954599989,334.44024277255,2.83415194447021,9.6335647574225,2.882132678021,21.6797168671019,4.4575538355784,3091.06295031101,88547.7112052138
29.040106609043,0.143138331334487,1422.26749632092,186.581650209147,1773.19783904423,106.816271215667,334.08803717548,2.90445414291538,9.69653961219214,2.47503450029298,21.8828354557181,4.43376170722857,3101.23938466401,88251.3869842106
