19.2187499489852,0.178978116147539,1266.23720476949,181.107166655678,1503.41710604071,91.9356707666456,308.903788980887,2.75665925749585,3.64981621378862,7.21849268997732,12.6406440305731,5.74065897816851,2708.65450538173,98445.0668258951
19.0404368312906,0.177376073609334,1275.79549599679,181.225497400672,1515.17226412951,92.7053993880609,310.221613268545,2.75101678160966,3.73176547103799,6.77128378857244,12.7430460069175,5.7224152767516,2728.0366121389,98063.1540004426
18.8863364463073,0.175810588459203,1283.05829956311,181.188817073105,1525.97153212409,93.4185619364264,311.292911041914,2.74708577754501,3.80877777514078,6.33037981274707,12.8399200453136,5.70516755621876,2745.64940505553,97965.3725054574
18.7377155618692,0.174249636911075,1286.37402140453,180.918542728268,1535.08151362634,94.0298113559087,311.961873021266,2.74769273052865,3.8802570504197,5.91294610594374,12.9238478506046,5.68942920090467,2760.1660352805,97720.0607270159
18.5863837509353,0.172657114379222,1288.26142740363,180.408211968356,1542.66448718073,94.5490360726539,312.255010476492,2.7534810526206,3.94762474181938,5.53044990288268,12.9955536958657,5.67493798149181,2771.84697005324,97263.0617769534
18.4401650449862,0.171001577235104,1291.46844810522,179.752969880443,1549.82138358593,95.0433382237584,312.392386507194,2.76250461626652,4.01223444130601,5.18134591715832,13.064206735202,5.66094444289128,2782.63860686153,96623.3790601015
18.3127374547934,0.169255988026736,1296.9910115442,179.06070379543,1557.73248476545,95.5844064946876,312.612525910368,2.77302509819829,4.07506443247761,4.85242335083183,13.1405122191876,5.64667433807927,2794.63567991106,95764.4227587722
18.2147805923889,0.167405076346185,1304.76371992947,178.394764542811,1567.2235933672,96.2220324198715,313.085112622297,2.78358805956156,4.13535667840181,4.52399320575542,13.2329995047243,5.63174087820678,2809.29473140607,94907.6358697356
18.1495270837004,0.1654486699048,1313.88771195843,177.716794678415,1578.02264661912,96.9385483505228,313.759168489332,2.79492190494507,4.19084045882475,4.18270925161794,13.3438985851812,5.61634993965319,2826.12312231476,94119.5708372468
18.1138030135791,0.163417140355349,1322.14635477164,176.80851383649,1587.88876807731,97.5951967230577,314.191922698905,2.8114504618972,4.23945484776855,3.82868747638498,13.4683683039923,5.60109707621936,2841.13827568521,93428.5965879609
18.1024340802551,0.161331305960508,1328.30163497104,175.551723235465,1595.44119398629,98.1061138330528,314.108814176311,2.83687956314223,4.2793108973767,3.47291570396354,13.5986807423921,5.586717715441,2851.90186362829,92854.3720743932
18.1116153076592,0.159183202037692,1332.51825287339,173.964381442154,1600.82738998113,98.4795670153314,313.534404676191,2.87138383792859,4.30835616290281,3.13163356586272,13.728527215904,5.57387710579026,2858.68377771017,92346.9269496457
18.1391243356268,0.156958096280846,1335.45775469777,172.108289009157,1604.75617874461,98.7584842604061,312.605528292966,2.91289436308522,4.32457743695144,2.81847509219258,13.854677560679,5.56305308881889,2862.74345244749,91884.5405996476
18.1832006887725,0.154647163056998,1337.77385028483,170.055685248794,1607.94883044454,98.986667725365,311.465996556429,2.95958580097169,4.32680612058866,2.53918467659816,13.9769166564267,5.55443497143798,2865.36826503625,91307.7805852815
18.2424243934263,0.152257009205727,1340.15292534589,167.900659068816,1611.20195175188,99.2125281029135,310.278384610676,3.01041035049757,4.31527992911995,2.2918045888964,14.0995831328667,5.54775220810372,2867.98740875545,90459.1412672819
18.3162368630719,0.149823315146465,1343.37686463127,165.767073146559,1615.45568241808,99.4929375227702,309.236472572437,3.06290954992277,4.28973542202017,2.07141203559746,14.2318352461351,5.5425234630449,2872.29380636605,89570.6971838244
18.4040627104171,0.147384124800272,1347.75189659128,163.72893651595,1621.08747916191,99.850173828416,308.42330798795,3.11520427872585,4.24938924227102,1.87440828171811,14.3801643786885,5.53849762310169,2878.98514976224,88741.2835881162
18.5044870720012,0.144974274069274,1352.89941917865,161.770048568562,1627.64637036982,100.256138170833,307.75816352334,3.16664043180468,4.19398615140488,1.6993904663517,14.544061760623,5.53575657474071,2887.28496217482,88061.5881954881
18.6161884830876,0.142622651636761,1358.06625449853,159.821279504317,1634.22140567177,100.655176750193,307.072708527231,3.21682838322562,4.12373938906761,1.54645494607606,14.7173197601121,5.53464972441485,2895.60140003923,87619.5245514981
18.7392457488062,0.140338043141705,1362.44205565117,157.805214783797,1639.82396930355,100.987651754224,306.189879899221,3.26627454586175,4.0399382274749,1.4152375814482,14.8907187777136,5.53555797814004,2902.21343435943,87294.9857045004
18.8742496252713,0.1381199855299,1365.59563071977,155.683484559852,1643.92124097523,101.222300566895,305.022203352875,3.31539829666718,3.94488982273332,1.30371424769837,15.0569819600989,5.53860103375948,2906.20564619712,87024.0624260135
19.0206791016655,0.135959838455825,1367.62816981707,153.470632501494,1646.62838790176,101.367452491234,303.600645061329,3.36407710848375,3.84131364851422,1.20870156634143,15.2134572611234,5.54355363977329,2907.79553963742,86757.3330814624
19.1752759592546,0.13384621991986,1368.9650838991,151.212722533445,1648.45914264488,101.455425417493,302.02432771441,3.41194392625405,3.73202963444704,1.12701333455411,15.3613847306618,5.54993367596581,2907.89116923165,86448.0805788503
19.3308914597743,0.131776090212284,1370.10468910071,148.964002792042,1650.0203642333,101.523725962881,300.404897566247,3.45776781857211,3.61947208467549,1.05681147578354,15.5041465242826,5.55718087324279,2907.55796940277,86143.8752506408
19.479824650309,0.129752361654514,1371.35474288858,146.761251739249,1651.68948905964,101.595594002563,298.810313825061,3.49999433909506,3.50570854068531,0.997368435914923,15.6444522304426,5.5648289186014,2907.45821942434,85870.0189726236
19.6182635372582,0.127800397860889,1372.70682251407,144.611966588427,1653.45887446421,101.670741664977,297.241172136063,3.53629281343857,3.39182411472301,0.948873237840872,15.7823387751206,5.57271710862898,2907.58429582764,85816.6972507504
19.748991172241,0.125978401753925,1373.65685569649,142.486029568152,1654.71552971499,101.71201574251,295.60167346079,3.56285955238579,3.27732782895186,0.914161546444415,15.9121808346085,5.58126943690329,2906.88861064938,86247.3762211282
19.8816479738053,0.124322145400374,1373.10361348977,140.311602883205,1654.11837943606,101.638417271146,293.688894261077,3.57802878331579,3.16261517825486,0.897845876825077,16.0208179782812,5.591278037085,2903.08034789179,86898.8178811391
20.0264913763245,0.122848809323256,1370.17048713543,138.035152714842,1650.59897200947,101.386308050135,291.35931579271,3.58216506890556,3.04985466671666,0.901972401440308,16.0962164556222,5.60322454856438,2894.34947670865,87601.3227236895
20.1887173743804,0.121646936299608,1364.99408938723,135.685441748678,1644.31876297352,100.967102672268,288.680568529984,3.57397142645737,2.94037199337926,0.92861750439441,16.1348063499939,5.61717630732535,2881.01739775119,88540.8007133976
20.3703881385547,0.121060447355394,1357.94226881697,133.333085248049,1635.71976925841,100.409255501652,285.811539019043,3.53880997386523,2.83467991019778,1.00860241670509,16.1379024956573,5.63309339037207,2863.93479224659,90024.9692556015
20.5738903109119,0.121603909273521,1348.84325628164,131.060277455307,1624.59018574244,99.7033905699396,282.93071616524,3.44102570009311,2.74038618462088,1.23854919384959,16.1083588852797,5.65007386267692,2842.94080537074,91732.434444127
20.799298496402,0.15895120909616,1337.58048517852,128.964803332112,1610.7909345168,98.8192165961619,280.40784265488,0.102821682568212,2.46495572239631,1.88154000058386,16.1174254338415,5.69126438784224,2818.08965437243,93475.0552762488
21.0465058932779,0.360167689394234,1328.99225959124,127.668767704067,1600.0887974898,97.9990966892086,280.888542698661,6.99677508536987e-10,0.888364977877418,3.73318974223759,16.657644990716,5.88368280404043,2800.51401494629,104680.87265939
21.2680253393316,1.28788609536935,1325.47829362756,127.175820864294,1595.33540809309,97.6224649119079,282.710088085569,3.57835184758559e-10,0.122152559078337,5.50763172306251,16.7549850828555,5.9920518288607,2793.9458632782,107162.257701493
21.5180938080854,6.63582382569585,1317.54569877155,127.389572901262,1584.87397242673,96.9315385528039,281.309918456645,1.22592580086716e-10,0.0044260576538387,7.2589257358046,16.2759233356785,6.04081617013103,2777.20052837457,109755.892265832
21.8336276864371,14.6261266388961,1308.64613825619,129.225413751843,1572.86505168726,96.1306551976651,277.729580513293,1.98101865416611e-11,0.00154635432505869,9.03372452730653,15.628333738884,6.07924663665291,2758.13347762541,112275.236678513
22.2104861846768,22.9996423380826,1297.70580798797,132.586375480166,1557.98030569929,95.1326660471581,273.681134939696,4.63099462624404e-13,0.00127407608429423,10.8353521445803,14.9259505096862,6.12015571548827,2735.61099386823,114138.506854428
22.6167646487591,30.7795256367128,1287.62831308435,137.189746160859,1543.82770594662,94.1651304094391,270.465896255499,4.46227783937343e-15,0.00100240137279956,12.5764035914163,14.2274294808649,6.16170527439069,2715.85768610657,114911.34789544
23.0156844402588,37.5544534855786,1282.1108071514,142.65941131416,1535.03546206152,93.5200078872659,268.734420422502,1.89296967121307e-17,0.000693806337447946,14.12047748247,13.5881145825878,6.20028172998747,2706.21600697738,115281.462673135
23.3893856201168,43.2612127135798,1281.81863156606,148.695378656751,1532.49639796654,93.256474932923,268.306971034935,6.96746086763587e-20,0.000411456172308735,15.3972544459323,13.026877467579,6.23429343868275,2707.7154566832,115429.836982561
23.7363448082675,48.0319395870377,1284.35360603475,155.05840827028,1533.32427509571,93.1987315801604,268.488044185734,4.89314030901555e-23,0.000212163172995825,16.4228330473364,12.5351548498197,6.26416980565005,2715.18458300793,115338.942742611
24.0523738029167,52.0276164256451,1287.58200330413,161.484122220553,1534.9521554996,93.1913623431023,268.809806398961,1.74254680210815e-26,9.67121100143887e-05,17.2341235159819,12.0994228288099,6.29091931038133,2724.07615882411,115009.96246634
24.3220300295889,55.4068647175882,1290.91901565812,167.603097815736,1536.72959817695,93.1990922918129,269.200573455855,6.72502059357586e-30,3.96528735743345e-05,17.8464885714675,11.7099465988218,6.31531938121948,2733.01032527267,114534.085687679
24.5354486007208,58.3242171473908,1294.62461936186,173.199209366123,1539.01528688765,93.2467140623737,269.712234730031,-4.54169255454875e-29,1.53139471655321e-05,18.2707007046856,11.3591351176007,6.33782704946081,2742.39910396007,113969.380034069
24.6966743838413,60.9269005576793,1298.88111350909,178.271258188878,1542.0387466773,93.3475527608569,270.310411865294,-4.20478733744797e-29,5.23988298719292e-06,18.5300355689983,11.0417650604913,6.35859618085153,2752.57782770755,112817.294621705
24.8160973628497,63.3563222342485,1304.56657168401,182.943902265934,1546.86185937269,93.5644674248199,271.120797773528,-2.65598516258621e-29,1.50063105697537e-06,18.6645542258008,10.7624565777936,6.3771939296229,2765.39345662732,110780.76784416
24.9062846689375,65.7589981987866,1313.13590355606,187.424885208282,1555.23504306211,94.0021544493132,272.451833760035,-1.78869439476554e-29,3.84534427586084e-07,18.7351370936558,10.531612798176,6.39293306360758,2783.95964875872,108685.585541788
24.9795407383073,68.2482109032952,1324.23696181463,191.786991826551,1566.72288146978,94.632366511757,274.269124370437,-1.469636179708e-29,9.60486236524888e-08,18.7960168427205,10.3474701741858,6.40590330537386,2807.62572549091,106755.099065883
25.0447653251532,70.8657007564048,1335.98307990774,195.926328305838,1579.04598692923,95.315441826223,276.217092184904,-1.36426986628905e-29,2.43971180324099e-08,18.8727075853231,10.1963161771584,6.41691019073486,2832.49229898526,105316.901269332
25.1106361813725,73.5764777397034,1346.23212634192,199.684738085291,1589.61735633646,95.8934207292821,277.866566650725,-1.29069400290489e-29,6.38712691202143e-09,18.9681535047831,10.0590314099115,6.42706504285229,2854.08811070489,104629.520416527
25.1886412939285,76.2828527216015,1353.24651954874,202.893871349248,1596.33861479237,96.2382369976509,278.85466867348,-1.1963072838757e-29,1.70549260499855e-09,19.0720253141156,9.91597337145553,6.43749717430916,2868.74753320829,104211.28691423
25.2860134932906,78.8905142923169,1356.93906775249,205.492269174953,1599.10399092377,96.3435891338747,279.160091170058,-1.08560643794416e-29,4.57032485741986e-10,19.1698647543663,9.75723368840434,6.44877200490323,2876.24470555909,103888.044796593
25.4027127161634,81.3598502674913,1358.58010172356,207.574054071299,1599.44041243465,96.30269209927,279.046913789108,-9.74379474617371e-30,1.22281692613021e-10,19.2537675386599,9.58336094123463,6.4608572221228,2879.23020720219,103761.710951834
25.5375288935699,83.6865150936732,1359.18459531833,209.278551714164,1598.57076141228,96.1901419149622,278.726736923127,-8.72232059141698e-30,3.27150481424441e-11,19.3247974576581,9.39674336689416,6.47361676390225,2879.87298729404,103951.203328825
25.692976438083,85.8610383843858,1358.83980886259,210.687699596895,1596.61919683245,96.0138958839245,278.220524262559,-7.81459091141922e-30,8.74311514373245e-12,19.3870854521113,9.19704855477199,6.48706862826904,2878.43233753326,104274.228268014
25.8712698874145,87.8697083280921,1357.51312709655,211.848715568262,1593.56660741861,95.7732093872583,277.525813322833,-7.00847748988599e-30,2.31659388500911e-12,19.4424495553036,8.98447872093993,6.50119955293143,2874.89977706948,104659.600931713
26.0704079104733,89.7124703389033,1355.64798765685,212.828493818932,1589.9442155175,95.5002496553015,276.736318754733,-6.28585240671084e-30,6.0644839689286e-13,19.4905855374423,8.76180524310014,6.51585208958859,2870.22501446235,105006.842306893
26.283180223504,91.4114915807583,1353.82670856406,213.674772958882,1586.43920407636,95.2360016597779,275.97141100473,-5.63417073163967e-30,1.57234485983064e-13,19.5313595099398,8.53396977912398,6.53074939911834,2865.61225458374,105225.053400124
26.498271534828,93.0035698525447,1352.49557471475,214.400252262744,1583.57848455606,95.0110200549575,275.320037879533,-5.04633103719142e-30,4.04608620808975e-14,19.5662456715291,8.30662251784699,6.5455758119313,2861.96431940132,105437.460591808
26.7057368466805,73.1806847380991,1346.73901525773,214.119692783043,1575.85299497001,94.5629496305893,289.73028679347,0.819987811024719,0.344629273763923,19.7268325678407,8.2234004306693,6.54424969361727,2858.66421300533,96453.1233054112
26.9430584420591,49.3062026437619,1332.75816706637,213.213188240169,1558.51755901882,93.5710043309342,305.051215229102,1.0945086510076,0.917553679421452,19.727791481052,8.13930701164293,6.51665836613019,2840.06602115632,96928.935062316
27.1745507775733,30.8227436792029,1320.41037576438,212.52068505977,1543.14952049732,92.655261324076,316.603510707731,1.12665810928705,1.1714475557952,19.7753742593042,8.14967402045407,6.51625307103755,2822.44478213261,97834.3165104737
27.36054754636,13.1215205258374,1312.04206245747,212.052563410553,1532.62697613729,92.0313713418705,328.752563755851,1.19518118809153,1.30657480046856,19.7624430049863,8.28525925230311,6.52135527149751,2812.99105991666,98816.7445153173
27.4748848411341,2.41053128536118,1305.95424322772,211.563149068996,1524.9367977999,91.5994062828803,336.359872511863,1.54171305324552,1.46926413760177,19.4144082952056,8.47638952015321,6.50247620305421,2805.24765730803,99740.6803474099
27.5132547922266,1.14699489718374,1300.67379993114,210.933682286538,1518.24464235777,91.2544079297543,337.253510066227,1.91281233434024,1.6976819068286,18.6879358884218,8.66468046335613,6.45360158739493,2794.96007241411,100255.086041522
27.4925871245149,0.792802700520768,1296.38528848649,210.289677066639,1512.71599254542,90.9880744345595,338.459623635883,2.0853803659971,1.87096440264328,17.9845323485642,8.87216082898911,6.40958603254889,2786.71936222092,100094.528594098
27.4445291667689,0.644810130434273,1293.88082855043,209.886263866317,1509.26348279715,90.8477472499114,340.381097706111,2.17816621987514,1.99400696507624,17.4217785958113,9.08357628699955,6.37318298802676,2782.42272000107,99744.5761245664
27.395506810676,0.587831493355793,1293.2918077551,209.885345183652,1508.0234472582,90.8383461142079,342.915674070109,2.21848875960382,2.08124762819267,17.0564059160634,9.29754590802855,6.34318122551729,2782.35655604272,99360.2093237407
27.3543758661604,0.572209190699664,1294.22122195683,210.298748059733,1508.52240354672,90.93059111067,345.904503487935,2.22721021916962,2.14198336354312,16.8851796105596,9.51509252064838,6.31822911721872,2785.68079953312,99177.9112632894
27.3143138317464,0.569604610607676,1295.79056648473,211.053082909442,1509.7485520886,91.0635618265708,349.063947417781,2.22101425666168,2.18180369982349,16.8604762092844,9.73177005367233,6.29739307931958,2790.53891432001,99382.9583676654
27.2586649845136,0.559294570724828,1296.73934712141,212.068555426917,1510.28506717458,91.1516004605757,351.930321182327,2.2164687113588,2.20743608107408,16.9059630294887,9.93677562475395,6.27973395707521,2794.28550158164,99658.0436356399
27.1736509546331,0.534558904956116,1296.35082157402,213.305060000955,1509.35648900526,91.1477812620479,354.162651365445,2.22268425810058,2.22627162749629,16.955082867867,10.1219215293973,6.26419477693511,2795.4028870505,99903.9671838113
27.058251554933,0.499558489372632,1294.72897361496,214.756272373518,1507.10260968064,91.0606899179824,355.721958555766,2.23897522447355,2.24222998407986,16.9803267079384,10.2863091396022,6.25010488925585,2794.07546938944,100283.740706749
26.9339734075375,0.461993281902191,1292.02520860702,216.381299387217,1503.6534163275,90.8985886150031,356.674191711009,2.26054861161631,2.25567657585093,16.9783577086941,10.430500955459,6.23741305988776,2790.55112559232,100943.594139028
26.850836203896,0.427188245215677,1287.98838875661,218.050713914246,1498.61482521945,90.638709560748,357.008404920092,2.28489432853491,2.26689337217928,16.9395622450005,10.5518502104085,6.22631057018213,2784.16022210766,101654.49569304
26.8538439715817,0.396984410562216,1282.49441798549,219.649679888203,1491.76085518718,90.2684301001429,356.735363260874,2.3113262133381,2.27680241403158,16.8500230255797,10.6487086750359,6.21682228644231,2774.51393967589,102351.263900471
26.9536546016439,0.370818148452605,1275.84064381693,221.168208209981,1483.42726127036,89.8082004107106,355.962580145085,2.33966972528625,2.28664911042485,16.7054021499036,10.7231459598772,6.20867861123686,2762.21523941956,102928.3947112
27.130267236243,0.346563391720434,1268.67732692226,222.680085223022,1474.43639065167,89.306606667254,354.870429971134,2.3699352311002,2.29862113475902,16.5079875287667,10.7801811018854,6.20125982773566,2748.70467352783,103305.286639287
27.3495524880882,0.323396572807491,1261.7779379632,224.288592340569,1465.80780723843,88.8227644007175,353.644102934203,2.40073546441833,2.31520750661923,16.2589567778532,10.8253734357949,6.19381414242868,2735.72832190778,103625.911561337
27.5855858087666,0.303789538141531,1255.54685377841,226.055963740341,1458.10086276139,88.3883199801543,352.366092646355,2.42924162131432,2.33845336555057,15.9593422954286,10.8613037907408,6.18582811666616,2724.22104729294,103919.921718911
27.8283831658094,0.289114446564866,1250.10742300383,227.972162422642,1451.47692510112,88.0131086342511,351.074420716603,2.45560839205595,2.37139181085521,15.612083308135,10.8903266844125,6.17674023306432,2714.44577119103,103655.607177378
28.0725617183598,0.278836217353391,1246.41985045104,230.038012400716,1447.03023869798,87.7663692492067,350.097628506705,2.4801144618808,2.41759836705226,15.2331216046575,10.9255680599139,6.16544371353299,2708.37507916927,102472.678673514
28.3095286928631,0.272117833520337,1246.3698375394,232.353389036167,1446.91170280712,87.7825529589424,350.066874665374,2.49644274622683,2.47512886768832,14.8629368942395,10.9911833313463,6.15109168605013,2709.94838941739,101116.588203103
28.5337757404122,0.267491200904682,1250.75262396227,234.982240022194,1452.00263008604,88.1174820791093,351.286947886138,2.50052076989913,2.53909060499361,14.5351280919011,11.1020706904076,6.13365925875468,2720.84239022593,99790.2847207689
28.7447016616978,0.263738387629129,1258.86413050871,237.857177262118,1461.46235242511,88.7206571585836,353.585563000804,2.49422850026262,2.60781713906761,14.2528331982631,11.2577808876845,6.11336494067826,2739.56732313444,98355.5053672123
28.9404879706879,0.260154517175139,1269.79550725896,240.847647383147,1474.24034337396,89.5283909010811,356.690589626742,2.48110038380084,2.68301446485852,13.993809471977,11.4532888959033,6.09015316001404,2764.17039895744,96704.6390025166
29.1147060676174,0.256613657922728,1283.17336958934,243.841872891328,1489.92412812733,90.5159483062277,360.46714496308,2.46207119984464,2.76622704601285,13.7246797762389,11.6866834703548,6.06383206570972,2793.81048287569,95085.2075945855
29.2622150643149,0.253180263740537,1298.70023139374,246.766309508864,1508.1814703071,91.6633187449748,364.808548799668,2.43747025151088,2.85741582274532,13.4222687656334,11.9563753826909,6.03442833877134,2827.82597453993,93580.3994136705
29.3832906447861,0.249935856075456,1315.79608620717,249.574445474914,1528.33519596496,92.9290965380392,369.541328923873,2.40783189485044,2.95475087176803,13.0832365084296,12.2580592654143,6.00237767667474,2864.99157418823,92395.6947946835
29.4826439301388,0.246934698130582,1333.42902917373,252.211611871968,1549.17113699138,94.2387876411852,374.370051045086,2.37445402559204,3.05494547572908,12.7195952342935,12.5822227510254,5.96859542229908,2903.14712815419,91719.9164798797
29.5665102180876,0.244220352007529,1348.86428786155,254.353730467748,1567.49259673538,95.3969942633737,378.515210603232,2.34338992492142,3.15756374580495,12.3485521896052,12.9118589545327,5.93397915169187,2936.45669488706,91256.2499004242
29.6391895163787,0.241860097248859,1359.04272503481,255.564817572039,1579.73220479411,96.185695988564,381.100438806266,2.32306693142972,3.26539623071479,11.983597585104,13.2294926777489,5.89901630923106,2958.34275148958,90881.3446194055
29.702238091547,0.23982707536754,1364.20086768392,255.892513510897,1586.16675844707,96.621459582307,382.170280655573,2.31528977880041,3.38026663897453,11.6300559992578,13.5274829812516,5.86384162493408,2969.31115379568,90453.8823257396
29.7558863454949,0.237977579645996,1366.53706322641,255.655867983281,1589.35960299814,96.8605644317953,382.329647603061,2.31636877297678,3.50194189025006,11.2839497329771,13.8099285750379,5.8282844053958,2974.07761170741,89840.8523650102
29.8007808029179,0.236189738907931,1368.39246962247,255.177188710208,1592.0366867016,97.0692614425967,382.237463071313,2.32043711612719,3.62788365942495,10.9350462631239,14.0880856923708,5.79213557554861,2977.65611755885,89225.5853479593
29.8386544268087,0.234395873215646,1371.005325918,254.635730617981,1595.63240689171,97.3348450323881,382.255146517506,2.32358078742302,3.75471276390417,10.5753851522574,14.3708467873625,5.75543920742475,2982.70563357464,88686.0899361825
29.8712732442001,0.232574024965642,1374.41287430831,254.060668574654,1600.17947241792,97.6590317095464,382.41221033811,2.32533587304471,3.88046994042443,10.2035843613981,14.6600194965764,5.71842217352813,2989.32485546302,88159.5337915852
29.8974248791264,0.230710359401487,1378.23105020066,253.410603094068,1605.22603901179,98.0141067375394,382.617765916334,2.32690294655898,4.00505734086657,9.82148943476229,14.9540336091403,5.68122832403978,2996.70555617156,87556.7943280975
29.9103896401968,0.228787024861188,1382.25843355805,252.637280909166,1610.54388875071,98.3860630743428,382.828327460598,2.328737468732,4.12861390821372,9.43027978744794,15.2529170902988,5.64387274787559,3004.41487790914,86968.0806974845
29.9025264439554,0.226779792896157,1386.39950707543,251.704960670098,1616.03023302095,98.7684590610092,383.025694704797,2.33091795389799,4.25075869050873,9.03069606464326,15.5574930307566,5.60638589195066,3012.24446482701,86434.2330223155
29.8710220434646,0.224698547068249,1390.46546223306,250.592981571993,1621.46606884914,99.1476190195562,383.161034862969,2.33354629011482,4.37047993399069,8.62453115064774,15.8670108830886,5.56895824698005,3019.7970585242,86040.1511094176
29.820233963376,0.222587296944593,1394.09852081137,249.293461902857,1626.42401032217,99.4969971845543,383.133777660576,2.33693413437438,4.48591807835254,8.21414121944117,16.1774273279813,5.53206734934784,3026.32673269076,85889.5522981426
29.7620787736302,0.220492645233151,1396.78355477843,247.800070516936,1630.28271236818,99.7782804814125,382.791767673858,2.34266327759984,4.5959570372541,7.7986881409139,16.4804519978583,5.49630872407878,3030.7533633157,85851.5532143987
29.710227901025,0.218451578802543,1398.22692154786,246.123088214739,1632.67995887418,99.9692122689485,382.04004537449,2.35230321017298,4.70054817300332,7.37408543033519,16.7681674720298,5.46210873931991,3032.45910906736,85846.5447368884
29.6731502763995,0.216454827199745,1398.59330876423,244.299508180406,1633.79947157753,100.081050394426,380.914338077641,2.36660339829764,4.80012585148373,6.93669962289045,17.0376886635224,5.42956324822888,3031.7934038778,85768.2527569829
29.6532050117561,0.214447598421274,1398.47331559938,242.383419658242,1634.33679877175,100.156494058926,379.57570780664,2.38543948883849,4.89559965107888,6.48620954341827,17.2926660819987,5.39835831692675,3030.00540646939,85500.5245730121
29.6501135782313,0.212366831356287,1398.68953764398,240.427917671311,1635.27044873849,100.255582498603,378.258150533021,2.40708815742946,4.98695118527445,6.02811262830492,17.5424813806136,5.36800513225996,3028.83338321074,85166.0653004459
29.6631696431679,0.210164856175727,1399.73346248163,238.449378769147,1637.19134438794,100.414358543353,377.109228436203,2.42994805828656,5.07293905652139,5.57154103710759,17.7958749778063,5.33822255721392,3029.3148941441,84838.1234982104
29.6913407730576,0.207848314420401,1401.5079718208,236.423356427525,1639.99169966483,100.625630047919,376.113477130326,2.45360225964317,5.1515151219105,5.12476279352659,18.05581354493,5.30915674236701,3031.24529146066,84607.970578453
29.7330593162372,0.205470354734057,1403.4945415809,234.308669531339,1643.06002396811,100.850877455555,375.137397055947,2.47862397483691,5.21949024107664,4.69305397008033,18.3185901306642,5.28148031689262,3033.53568789855,84582.5305447846
29.7860852792001,0.203078660913197,1404.96756192323,232.05652589724,1645.53741896009,101.03614534488,373.989633421282,2.50715004464414,5.2734804029405,4.27715655999196,18.5749849510173,5.25620160708953,3034.66330047927,84657.0545807041
29.8478517503837,0.200702145347486,1405.42813340513,229.6379902386,1646.83230461547,101.143877864342,372.538559219444,2.54157836959145,5.31051200642312,3.87487319840637,18.8159077047046,5.23426701062703,3033.58321018271,84761.0758356724
29.9160613853255,0.198337454413484,1404.86697940744,227.065294972176,1646.93080812869,101.172130266198,370.782312180322,2.58355503855685,5.32811265635996,3.48488001130739,19.0372184671908,5.21627711285153,3030.28220124206,84819.2330738197
29.9877364514292,0.195956182467344,1403.72388116688,224.387580422447,1646.34722653264,101.151617950814,368.837655494423,2.6337248795456,5.32457143496331,3.10954437324322,19.2409018984565,5.20238282419518,3025.69087999218,84749.4647704675
30.0572478876375,0.193529839429063,1402.67353636992,221.669304687663,1645.86902337632,101.130002895179,366.884365983842,2.6908856170464,5.29823050644624,2.75682958682955,19.4339525854873,5.19244620912649,3021.2281976202,84628.3671502009
30.1183011581208,0.191042305933478,1402.23016084061,218.958582910721,1646.0926549779,101.143338910531,365.060961415036,2.75269389120677,5.24748443124083,2.43702612901667,19.6233862003748,5.1863169946434,3017.97212774362,84504.6849149221
30.1673937892595,0.188511316658428,1402.39290130722,216.253669062891,1647.009951679,101.190674529555,363.372109128862,2.81662053441848,5.17124207236117,2.1574896393646,19.8120710072267,5.18399911358018,3015.91526261231,84462.6136383508
30.2045860840801,0.185988210090509,1402.74118478987,213.524372243801,1648.11905269466,101.240939522435,361.715727572793,2.88040205393339,5.06884951026848,1.92017284417436,19.9972488317584,5.18574731973878,3014.17541686017,84609.3078180752
30.2320482927117,0.183523517118865,1402.63484419004,210.737685864679,1648.65629282643,101.24738809634,359.936865918915,2.94374550713593,4.94083104610021,1.72035687124336,20.1710818303807,5.19193784704488,3011.42047457404,84842.8931462011
30.2521004693308,0.181153780696379,1401.60439202646,207.881112395724,1648.05878817052,101.17601834544,357.92643389238,3.00797327300602,4.78914566853471,1.54914859416267,20.3260740842885,5.20272421218238,3006.68270766698,85093.117481827
30.2662243683047,0.178903914702053,1399.66369329275,204.980842719904,1646.3379144786,101.028297144576,355.69820898462,3.07400909469348,4.61646975850208,1.39922678356915,20.4595495111721,5.21788027925739,3000.01208043803,85367.3715947106
30.2752748145641,0.176811976635633,1397.09601173224,202.07672210898,1643.8292590009,100.82580098502,353.343055619728,3.13908413323125,4.42590365934852,1.27439365158708,20.5731034866153,5.2368864591606,2992.0290447345,85702.0478251231
30.2801008883369,0.174895045793631,1394.17078371263,199.198792272034,1640.85943498551,100.590514661821,350.974558657342,3.19115524634936,4.22353869353993,1.19770154240551,20.6705533949801,5.25870281710953,2983.34215391895,86059.0121906119
30.281546983741,0.173162142108532,1391.10088428968,196.367428112704,1637.69203597155,100.342141557934,348.702698227431,3.2114538614659,4.02140360949028,1.19521832766936,20.7567243507666,5.28138668924364,2974.44892898808,86412.741992192
30.2806741148486,0.171766866895441,1387.85239516125,193.58055943486,1634.29412392246,100.082212523546,346.564045564997,3.18632890335242,3.83071496135947,1.28288995925111,20.8341372721803,5.30321374940993,2965.31580387257,87232.2103299832
30.2838399609364,0.171261238075257,1383.37321437413,190.760464713791,1629.41308996742,99.7359378576022,344.380463615726,3.10761131623289,3.65220234884871,1.50003928168491,20.8912995928733,5.32481395034038,2953.78584499981,89231.6288053306
30.3121860533831,0.1724522546692,1375.00198184724,187.687780656896,1619.8797424726,99.1109519058263,341.704428881462,2.97431530298627,3.48032205553695,1.96045328560641,20.8959697481255,5.34911563994848,2934.38432654508,91755.5228264227
30.3944320222086,0.176808072370944,1360.65739448108,184.180012097355,1603.21767865276,98.0561355923913,338.283035316965,2.81331206102775,3.30383154433044,2.81165895077243,20.8207111846385,5.37969122336646,2902.88105643286,94372.5844409041
30.5469822268192,0.187754899921284,1341.24937612743,180.385953552054,1580.49563469918,96.6336346103739,334.478345681726,2.67037745263134,3.10344957211291,4.14310261084304,20.6613033832388,5.41977909330359,2861.31186378929,97282.4487788691
30.759795163613,0.21368217093914,1319.52863514499,177.035060421602,1554.90447006552,95.0340492174548,330.913205801058,2.56249921768621,2.87234586885631,5.93172745179078,20.4186586742404,5.47029665646748,2815.72391314496,100789.593304615
30.9908890977091,0.270330680751666,1297.03235961829,175.526212432728,1528.07604264006,93.352960086475,327.724813928375,2.47712272186802,2.63544936279337,8.02765160519017,20.0774530546001,5.52836246073895,2769.96588331198,104438.077718113
31.1914773879538,0.37408731456593,1273.84734669261,177.078888331504,1499.93254917718,91.5835598572835,324.642057152906,2.39614260363621,2.42906200647231,10.2334810599753,19.6256212992496,5.58921735275999,2724.77744193316,108012.139317063
31.3388055523534,0.523082141726467,1250.075036088,181.786013975334,1470.5893376069,89.7350681045524,321.492168840261,2.31920178647696,2.27105888434992,12.400975852676,19.083188164692,5.64888722892116,2680.31354333937,110410.148901822
31.4463307258458,0.680432128995662,1226.55281792959,188.457525344344,1441.21417658941,87.8856488936531,318.331101285325,2.26507388904182,2.16187037505804,14.4025626057412,18.5146927919808,5.70320965062789,2637.4729601696,110903.489753954
31.5534111131263,0.799528206653737,1206.62504416002,195.713917490977,1415.96256138176,86.2967911302631,315.816747697254,2.24144766455742,2.09024341332367,16.1229567330309,17.9999976367275,5.74865121535883,2602.12687134475,110800.688372237
31.6893594778352,0.864894849881254,1192.73017692091,202.931166162243,1397.80487358895,85.1521086580945,314.485830797753,2.23903954126438,2.04356445051048,17.5296077251061,17.574284000349,5.78469312648468,2578.81602216133,110388.377536166
31.8567042866139,0.882076621521063,1184.81182138553,210.088827052505,1386.68497387754,84.4456263963961,314.381217452264,2.24835841029099,2.01547579598669,18.6519262939606,17.2325542465021,5.8125809550952,2567.45209519788,109615.344777884
32.0428906806433,0.859174757711373,1181.93839013469,217.204090783072,1381.53913902802,84.109957566281,315.360312977739,2.2650900470323,2.00363650034352,19.5304899113224,16.9642592960826,5.83337541622346,2566.23876241918,108492.118078367
32.2344416325813,0.804925753518466,1183.31120513874,224.048928732911,1381.52350740081,84.0935067033385,317.285675336032,2.28680035387733,2.00653740226119,20.203082414147,16.7658483728156,5.84751063260147,2573.51220115923,107216.11398758
32.4238478903321,0.731312714689713,1188.20599594537,230.425990047013,1385.84858517431,84.3484181192995,319.999367474129,2.31088352419207,2.02252634102777,20.6988620871439,16.6347440996339,5.85532561474707,2587.72778180484,105893.81315253
32.6075607359279,0.648647499468098,1195.92976876635,236.32821907968,1393.68718006135,84.8239080546329,323.327131238895,2.33636495379669,2.05149783230441,21.0333971780677,16.5667167606637,5.85706838761729,2607.46040512644,104268.706835487
32.7743351766954,0.564294466146256,1206.33134850533,241.859853317189,1404.82511910537,85.5069476857093,327.225665731905,2.36227245267954,2.09507102331618,21.2055540716181,16.563290103041,5.85246648323904,2632.44293380777,102199.740141074
32.900854945853,0.48646267333545,1219.82486961378,247.18344192004,1419.71663209925,86.4254703990174,331.81036277921,2.38281883760557,2.15266313833538,21.2095479492581,16.6317030095893,5.84127810347474,2663.61378858188,100200.471012643
32.9721222940216,0.421279512574933,1236.27095790519,252.406945231466,1438.1651266345,87.5668562974135,337.067223736645,2.39264968652801,2.22203416507521,21.0591237874022,16.7698138616476,5.82405192820519,2700.75134077488,98405.7899473083
32.9913007958787,0.371444446113336,1254.72105428895,257.520545100904,1459.02959636133,88.8602129606549,342.768352297185,2.38974366248299,2.3011073157208,20.787206885944,16.9633415309119,5.801987419663,2741.90209697718,96947.9778290178
32.9729122758742,0.336328115075322,1273.84722238663,262.447059046174,1480.74334453585,90.2087950634392,348.574424866577,2.37516402011115,2.38757639348609,20.4308291374019,17.1917538222795,5.77662646112971,2784.30169554689,95918.1473057393
32.9349987946008,0.312834809724383,1292.25363969489,267.079393354113,1501.69151256251,91.5138897195214,354.112827033831,2.35346470545214,2.48036141260751,20.0182933909841,17.4329613381199,5.7493761655283,2825.04717904508,95105.4641682748
32.8910732229733,0.297529613877164,1309.05029462601,271.326249661875,1520.86263298512,92.7143157665661,359.136782699427,2.32924934765525,2.57933136947275,19.567030530369,17.6712032222482,5.72114117230683,2862.28295648406,94428.368779074
32.8467870626233,0.287620182474217,1324.04032333789,275.149424515319,1538.03843329498,93.7970811893836,363.586736587298,2.30510109862656,2.68382939820431,19.0895012654295,17.8996684626904,5.6924195376062,2895.58758734806,93877.3571750313
32.8033702008183,0.281121562603627,1337.37867537736,278.554269141231,1553.38248596012,94.7716641702533,367.502237344055,2.28212436138931,2.79250005374593,18.5981407952938,18.1163681552502,5.66356304848427,2925.26178167692,93450.7261020031
32.7622115239291,0.27672173494737,1349.23391478092,281.560925317116,1567.04794394989,95.6459500161149,370.927779980424,2.2609269070521,2.90375112597113,18.1062426681321,18.3202154979985,5.63491941531104,2951.619559617,93120.8866078655
32.7251094178971,0.273650397593315,1358.78751752422,284.018363566156,1578.03929064166,96.3573081427586,373.643066222991,2.24331412099685,3.01647909470924,17.6253280683808,18.5093434514862,5.60680569887917,2972.84310322282,92871.4322370874
32.6928527881573,0.271500609089447,1364.680133482,285.69025950192,1584.75425253054,96.8064220851246,375.28278850227,2.23259110683294,3.12988213740567,17.1638281357847,18.6800302517228,5.57957670095262,2985.97530885236,92802.6747114838
32.6659347493059,0.270060564312544,1367.16989085231,286.644680160514,1587.49399327606,97.0116285390121,375.922611753207,2.22863166203003,3.24156249344948,16.7270093029119,18.8268405880918,5.5538827943193,2991.59575695143,93021.5306366211
32.6462666187819,0.269067507149183,1367.11830500275,287.015333869015,1587.26952766211,97.0363516905333,375.80771675797,2.23006326530276,3.34863115877111,16.3151074768617,18.9424786138103,5.53053612999648,2991.57138675042,93357.5005565021
32.6360444830736,0.268285593514357,1365.35426918473,286.888858191066,1585.05692294242,96.9423810801443,375.175929150021,2.23543551882008,3.4489010811263,15.9242062014165,19.0228672741187,5.51007178641803,2987.67182620717,93732.9239087225
32.6352575854235,0.267628014292525,1362.62191810859,286.363832944582,1581.73205505565,96.7842517616725,374.241899826982,2.24294201529485,3.54029637518518,15.5515364768343,19.0697703360903,5.49269459843084,2981.50074169534,94189.0721287839
32.6368285118454,0.267180686011552,1359.42535937122,285.570722337522,1577.89293978136,96.5979473752773,373.167974342165,2.25090854690383,3.61986993283025,15.2031199720606,19.08731475119,5.47863089669126,2974.20567675724,94777.7323117604
32.6219582325673,0.266979164523543,1355.85585331685,284.626197401397,1573.67127933682,96.3899273266389,372.031968243412,2.25887082011651,3.68385230568896,14.8976530430711,19.0792191956793,5.46829380905332,2966.11427821111,95399.7885081635
32.5713134804659,0.266992022976266,1351.79551912274,283.594685394619,1568.95793071942,96.1520413721785,370.856073290767,2.26702278259305,3.72967561241418,14.6532674526346,19.0495167667756,5.46191354618034,2957.09342011434,96008.9355142793
32.4790111368523,0.267300836414281,1347.31914378075,282.521937964005,1563.84600744953,95.8893104313197,369.685640603181,2.27524021136508,3.75711342502104,14.4760357317236,19.0030018299238,5.45930387549775,2947.34954495535,96595.6877727364
32.3608015219695,0.268265599254036,1342.81249305248,281.490705105414,1558.73775323656,95.6258817506555,368.64416639648,2.28256202020523,3.7653970765163,14.3732187741912,18.9467192481416,5.46023542838443,2937.69426326247,97155.7950894329
32.2558983507947,0.270147415364754,1338.67275814209,280.611811380694,1553.97645941905,95.3814956921139,367.895046107275,2.28772419005608,3.7496765953862,14.3732844199729,18.8918546097351,5.46491354016479,2928.93528031921,97674.541305491
32.2016850000965,0.273041324829682,1335.03222750733,279.947426548204,1549.60242902022,95.1572935730199,367.53288354911,2.29009761278491,3.70553442173065,14.5049788192246,18.8487880229006,5.47352950088809,2921.31259888628,98142.9037998158
32.2109441078386,0.277051631824373,1331.67768178426,279.467080075061,1545.3326628603,94.9353984277373,367.513771503173,2.28904162752885,3.63262102109925,14.7723631653082,18.8205190957699,5.48599552393685,2914.34457175943,98818.3958566077
32.2734812449955,0.282085494691402,1327.57627310179,278.969359764099,1540.00784514491,94.6444153584088,367.516937316972,2.28566134760514,3.53407929367987,15.1531985416679,18.7953424301375,5.50241158864513,2905.79847150389,99933.5286650512
32.3671985346527,0.287711556302531,1321.2328776074,278.116791025368,1531.99084745489,94.1836753720177,367.036676701519,2.28511366495793,3.41924401141403,15.5975282590853,18.7473114027163,5.52267099959793,2892.42264923637,101104.786641146
32.4724739634217,0.293781933402786,1312.04515304247,276.692521360946,1520.68543992223,93.516715543146,365.803711019263,2.29097820530834,3.29944160490275,16.0506787626871,18.6582644484969,5.54594793141018,2872.86823684397,102203.822192192
32.5795716064213,0.300185401967472,1300.72256752492,274.757229520029,1506.96523694949,92.6977501568153,363.959983445169,2.3036452461596,3.18261099979784,16.481183667782,18.530337927143,5.57088606275556,2848.63838546627,102986.087684631
32.6795947891873,0.306621156031373,1288.96666340872,272.661475902835,1492.80058565427,91.849059038776,361.968857971329,2.32084752279973,3.07384512982395,16.8784720789574,18.3831450929117,5.5956752422486,2823.44543465648,103277.038468395
32.7542698098867,0.313377998560341,1278.7125669094,270.945693491466,1480.39680223731,91.107728626862,360.385910774341,2.33702276214628,2.97452924854067,17.2439425341907,18.242743689679,5.61873336377158,2801.60081938104,103416.545516842
32.7884736118475,0.320974286181589,1270.83193813034,269.956518630145,1470.72131325006,90.5341044849061,359.484080280394,2.34821769717049,2.88363293718483,17.5848948915736,18.1236425143915,5.63947521537464,2785.11280323931,103500.698137992
32.7815768667255,0.328753220717795,1265.16445198985,269.696356564817,1463.57462511142,90.1161289108939,359.236070006364,2.35538754213649,2.80230117835786,17.9030311787751,18.0275864562827,5.65768121806005,2773.65491841183,103225.267314482
32.747499303748,0.334573358746077,1261.79640927344,270.031989092024,1459.09812237312,89.8622420059012,359.648323837772,2.360920223345,2.73532166376479,18.1843349147133,17.9591372453358,5.67238847723393,2767.33138001381,102375.629878545
32.7095608152484,0.33723155752605,1261.48158716725,270.879422641976,1458.24688180428,89.8298852204997,360.892681711511,2.36308095638691,2.6861098352837,18.4072213552195,17.9310234984398,5.68231811651786,2767.66430860162,101402.112617714
32.6847864947105,0.337292471777449,1264.4932330759,272.167186768049,1461.38893142996,90.0403436723977,363.020770664127,2.3595749912225,2.65447067602631,18.5617557012338,17.9496216256218,5.68706809282467,2775.18832982091,100433.202323287
32.6760494294398,0.335393802418337,1270.2656331365,273.788167099838,1467.86613355783,90.4530026764998,365.86981970527,2.35059340456715,2.63838703814632,18.6512441918671,18.0107915796808,5.68711553370532,2788.66828307011,99493.5976455926
32.6745462696154,0.331657816298758,1277.95763596493,275.603694763077,1476.66944668606,91.0071139983197,369.201988717384,2.33784239688922,2.63568879479008,18.6825937973975,18.1060497122062,5.68320763270004,2806.25788648936,98600.5601701126
32.664379965927,0.326182449710113,1286.85159973644,277.445589820359,1486.92315168909,91.6512279500214,372.800929204649,2.32318883413897,2.64514549261648,18.6596514747186,18.2269598192629,5.67593480526012,2826.32353101563,97755.9902152362
32.6332104997964,0.319660305267893,1296.45465660851,279.183206898832,1498.02467954077,92.3501873516263,376.510013293811,2.30763318089087,2.66598286140077,18.5852068690443,18.366982963464,5.66571925119643,2847.72625247879,96968.5406999393
32.578614080742,0.312627599340687,1306.47506765284,280.765409077015,1509.62877080558,93.0832931154695,380.237904678524,2.29210828163865,2.69791796092127,18.4631038568526,18.522179565749,5.65280002490875,2869.82272109433,96092.5050880054
32.5070337094309,0.305217942232096,1316.9736592575,282.223333932507,1521.8269852224,93.856005580043,383.998673447857,2.27715131841819,2.74180753775205,18.2950820880014,18.693630634647,5.63699912143585,2892.77814929141,95003.9218830889
32.4301477077387,0.297965676253278,1328.3843460039,283.660371011705,1535.16404853726,94.7013987167234,387.916403567018,2.26096018041348,2.79777065609841,18.0811358336522,18.8874619553265,5.61796792225331,2917.59309314641,93937.3278800137
32.3575622002254,0.291471547060846,1340.90973756772,285.152632202386,1549.90429252134,95.6350434503535,392.054773359159,2.2418231828445,2.86431729658462,17.8250438787593,19.1067980386987,5.59575810778161,2944.76816142712,92971.8034991337
32.2926025050865,0.286078961186139,1354.210955551,286.691061081674,1565.65367777209,96.6317646891666,396.328038969905,2.21891331198053,2.93757990319763,17.53676583475,19.3474515312455,5.57116820090421,2973.61127149229,92392.8379303404
32.2329422027133,0.281927259858138,1367.18238835342,288.161270756912,1581.10545655113,97.6097366542768,400.433257957945,2.19294730586867,3.01090298795194,17.2312175314899,19.5941821595209,5.54599874889025,3001.76824829187,92487.1061350486
32.1729974405414,0.278716430938229,1376.88921760054,289.120261304794,1592.82971440784,98.3560023444495,403.528574924784,2.17080426617766,3.08066483088354,16.9192720729364,19.8184144198438,5.52234520192091,3022.9020782863,92827.1417674607
32.1081190160003,0.276134052991651,1380.67576540967,289.117919644708,1597.73577444343,98.6792206496731,404.83048014547,2.16070075284393,3.14811178907833,16.6023409178899,19.9947318038084,5.50142571518121,3031.24169173928,93227.0013119643
32.0372907636431,0.273940625114412,1379.33874091445,288.279322759314,1596.75037350496,98.6372244089596,404.543804525295,2.16344626960149,3.21521075164267,16.2767492636517,20.1167911523105,5.48330625045969,3028.49302463915,93515.4562606759
31.9641389073581,0.271866055272939,1375.56955722059,287.014330390955,1592.99698143465,98.4240531460696,403.431306306068,2.17439095692464,3.283462688544,15.9377283046135,20.196604225244,5.46713167292283,3020.44372014494,93544.5023478381
31.8966859307606,0.269804781630792,1372.17547306835,285.71398559703,1589.7195022547,98.2410344764477,402.302787070887,2.1866773619448,3.35286637583129,15.582039820795,20.2550282174603,5.45179034926029,3013.09796140781,93519.6960239115
31.8422377811463,0.267737091268234,1370.64287609731,284.569807897098,1588.6215694423,98.1936882995147,401.598978303402,2.19553863512317,3.42205507744335,15.2107727495713,20.3073593973599,5.43667918673827,3009.61669957337,93519.0828161274
31.8032634502043,0.265619147891314,1370.51559522775,283.487422758958,1589.15948951132,98.2481728414437,401.206227043132,2.20139356655238,3.49077836596654,14.8276835181411,20.357810240924,5.42165413801572,3008.99587835107,93427.4967865458
31.7771151877648,0.263390911238956,1371.09219115018,282.346627136522,1590.52150288062,98.3544664124785,400.93722554759,2.20654188928387,3.56073092739461,14.4335549603534,20.4076400210704,5.40644807556643,3009.72659058497,93117.986704469
31.7572192225357,0.261055629266769,1372.31706744224,281.118416476204,1592.66070744377,98.5103396302713,400.787633772881,2.2110840243528,3.63317344244697,14.0242504652891,20.4627477703155,5.39057399989764,3011.69832581087,92753.4613319363
31.737136751585,0.25861275290866,1374.19357439092,279.787991407466,1595.59723023538,98.7175145527777,400.765663423887,2.21463274298343,3.70820531560907,13.5958207971137,20.5287829551984,5.37370451026353,3014.92722784258,92393.5121135088
31.7134804418729,0.256086704846711,1376.46829803365,278.323373204121,1599.04108200589,98.9579967262763,400.799960983954,2.21727413977464,3.78506661039008,13.1485378974871,20.6064937097187,5.35589732699062,3018.87757822561,92137.4002509674
31.6826098383646,0.253505723713653,1378.64378692995,276.66560882408,1602.41259364809,99.1954966852498,400.744736565688,2.21960668789225,3.86219761633187,12.6864377991051,20.6906775966879,5.33764781000988,3022.48688911625,92082.9535319791
31.6354615868782,0.250850846456085,1380.09443347813,274.717838659134,1604.9892637874,99.3850500356148,400.41263250728,2.22343119204558,3.93903957954506,12.2135049322947,20.7712942415209,5.31957210534266,3024.40604104924,92082.7906936748
31.5623883309632,0.248101132233104,1380.53160983039,272.419610970719,1606.44412545672,99.5065215862722,399.712434640694,2.23005104048278,4.01607590832869,11.731720330487,20.8409517419531,5.30199256831782,3024.00426880069,92076.5994505188
31.4607026032439,0.245201799367796,1380.22128194352,269.802681679345,1607.0896107372,99.5796000294061,398.715492426101,2.24013972449264,4.09495789516183,11.2413538547512,20.9001092490612,5.28464286970237,3021.84840403902,91819.5780959198
31.3387366995843,0.24210218386353,1380.09989686966,267.015411936188,1608.01020306559,99.672093422419,397.690474514648,2.25313806451356,4.17895369066288,10.7441118512253,20.9612055357354,5.26637799632342,3019.95652384574,91075.2808767826
31.2150507090279,0.238842381396294,1381.51740327025,264.291506318297,1610.76411947232,99.8810269971418,397.032861415088,2.26514646137179,4.26931683429332,10.2498382014017,21.0474060482149,5.24574715933963,3021.25224207071,90211.0917186168
31.1063128949807,0.235474203985335,1385.02567855734,261.755235539352,1615.97870369578,100.245131016586,396.910681162409,2.27325857756899,4.36501028099051,9.77130689738955,21.1749188483874,5.22200673213897,3026.94647076883,89383.0962720598
31.0184898684164,0.232058022343518,1390.05526015265,259.352123779825,1622.97951485345,100.721967549233,397.164731459897,2.27757816707773,4.46453285849262,9.31551695009805,21.3439205478833,5.1953625461164,3035.82664240453,88686.128637755
30.9478765739764,0.228645127952422,1395.52206873756,256.940171991467,1630.49220138847,101.231666654874,397.480323301687,2.27996484739861,4.56613285041217,8.88274648052359,21.5429480496339,5.16669445322334,3045.55829582258,88200.0077817548
30.8855340350227,0.225262363137088,1400.38652368548,254.381036290993,1637.28524379926,101.697027008498,397.545901295742,2.28325074091824,4.6688561837985,8.4682410294582,21.755538894076,5.13704187569172,3053.88618871794,87815.0829455605
30.8230952192002,0.221923102786729,1404.12210568378,251.610422273075,1642.72400538244,102.078119845115,397.195594564853,2.28946082711236,4.77241697938111,8.06586030651338,21.9686837034005,5.10715860922902,3059.65697678788,87475.1787215546
30.7565951681529,0.218621149459283,1406.80563425474,248.649690595901,1646.88859636482,102.379693650448,396.444452952115,2.29920457195023,4.87658927292962,7.6713236942728,22.1771178262597,5.0773663322795,3063.03016366645,87113.227856692
30.6880034061208,0.215336125062321,1408.89249130301,245.565838241005,1650.31345268249,102.63503931861,395.426099033854,2.3121045044789,4.98125133394801,7.28164448038561,22.3827383329608,5.04758247380861,3064.99170884759,86659.9629728251
30.6253973558335,0.212043819399426,1410.96154000653,242.428824987033,1653.68365129332,102.887023619645,394.317744201129,2.32688475835806,5.08561327773447,6.89368989482444,22.5921761115194,5.01756135310757,3066.79361311938,86194.344660481
30.5777082673406,0.208724686770625,1413.36019062416,239.274304884451,1657.41291580489,103.161528776568,393.231941364849,2.34257565127737,5.18825554624125,6.505430632308,22.8109077290154,4.98721303120558,3069.18871812812,85758.6767627763
30.5492500858785,0.205381004469469,1416.07023914197,236.099901344522,1661.48333175606,103.457251901469,392.172960484,2.35916397224483,5.28781344751021,6.11737679798128,23.0396685662608,4.95670488703139,3072.14676487027,85357.7784448381
30.5387459438884,0.20203734586601,1418.88276751914,232.895267310915,1665.65171035464,103.758519877334,391.08818940738,2.37719305269692,5.38300866598742,5.73273720802305,23.2758621149647,4.92638109519513,3075.23738038999,84986.52010059
30.5409506125003,0.198726096110721,1421.59660635351,229.669283766235,1669.68552634848,104.050036195374,389.929661847581,2.39713818526409,5.47227933391953,5.35707660179744,23.5163667525686,4.89666296167242,3078.06318970454,84647.7633300243
30.5498970116352,0.195476428300336,1424.09162600828,226.445231196831,1673.44783582089,104.322375223062,388.673720834597,2.41917794290572,5.55385487557057,4.99640631746229,23.7586838926695,4.8679698177421,3080.40482550188,84342.6674726491
30.5612999138684,0.192341979454874,1426.24899684191,223.238321950892,1676.7986265941,104.56581337155,387.296556746488,2.44197791249004,5.62391627872214,4.65743787901066,23.999505869306,4.84105179297426,3082.03472430526,84409.329524931
30.5703367026576,0.189422324706578,1427.34368839629,219.992458921908,1678.87142713865,104.72498100352,385.613141815658,2.46328207392351,5.67361080814547,4.35241970962916,24.2236539780584,4.8180561668541,3081.42153041694,85391.4528101864
30.566033843785,0.186774292036244,1425.42182688617,216.512625273049,1677.33736153581,104.653595186804,383.115262356618,2.48595158122156,5.69389035285821,4.09518946638354,24.3916245042669,4.80258794409544,3074.40805126739,86839.3465800069
30.5338347431175,0.184423815123259,1418.71974622917,212.619108043672,1670.09315234466,104.220252309015,379.357268492194,2.51455266887902,5.6797791720562,3.88962947661651,24.4618168982094,4.7978132132417,3057.24652277371,88405.5507568009
30.4644468677907,0.182428639173288,1407.35987810967,208.347660410457,1657.27430060487,103.433781367085,374.407551443609,2.54998573466284,5.629719704829,3.73231908521547,24.4193101100535,4.80486464811622,3030.22738539621,89976.437246066
30.3593580110952,0.181036135373227,1393.44120327669,204.007973870263,1641.35985501514,102.449729372087,368.914406579439,2.58579745186695,5.54147179081556,3.65748664441887,24.2808072959885,4.82321570184159,2997.93110748582,91519.3281172674
30.2306843386284,0.180563659427134,1379.7309654666,200.077065938769,1625.62205426883,101.474256504259,363.838275051605,2.60410776721225,5.40738316534716,3.79761896640982,24.086249929736,4.8519807305855,2966.51586854325,93057.6477282343
30.093244531407,0.181434555458513,1367.32774998314,196.83055451594,1611.36475623073,100.591675508747,359.73804816546,2.58886970902456,5.22121880798238,4.31536982586668,23.8766171255861,4.89007723613126,2938.60420570496,94594.1492942926
29.9566814914168,0.184249794481409,1355.4372722241,194.246803632693,1597.65170130695,99.7450346613728,356.543915404876,2.54608986164836,4.98163455273836,5.29176335689847,23.6725352896924,4.93671060985212,2912.6431814359,96342.5671864289
29.8288333117911,0.18988204752167,1343.15779775329,192.415011350039,1583.38831620134,98.8634803185702,353.966563135572,2.49587592875522,4.69113714800358,6.6880159305197,23.4663687166502,4.9918991679356,2886.79463521852,98514.7223957574
29.7263500357989,0.199737792669464,1330.00796932073,191.827239693928,1567.92291961525,97.8997817220283,351.653625068027,2.4542991433241,4.36452034901154,8.34524020330933,23.2296564869124,5.05488519170832,2860.22190346126,100732.492149739
29.6681688952997,0.215797956709759,1315.83938448396,192.987332378489,1551.00323547299,96.8330377845041,349.31612452015,2.42549988393435,4.0275371442117,10.0690220338033,22.9416815469121,5.12287124321724,2832.77027824199,102811.93794035
29.6617337423416,0.239567343621878,1300.94172499603,195.980675877809,1532.96045162765,95.6841608269514,346.8969155516,2.40581924583815,3.70303634934504,11.7353152807773,22.603632414148,5.1923578505375,2805.00534845604,104697.233906897
29.7038138598089,0.269040306321296,1284.95807428361,200.338740899865,1513.39331488376,94.4326085785045,344.224092306982,2.39354869903763,3.40690528869917,13.277285606109,22.2245704442109,5.26041380974968,2775.82351332611,106362.561836679
29.7894877875568,0.297709696023546,1267.72024750118,205.387654671365,1492.09326568607,93.0718654327297,341.082139746305,2.39220386443327,3.1521651452501,14.6112758756839,21.8076325143993,5.32464381827835,2744.27000756676,107785.169822076
29.91446218291,0.321422965101824,1250.03995600054,210.721069823931,1470.00872975547,91.6653140211718,337.519034581847,2.40264908081496,2.94393268415712,15.6689141486076,21.3576133488432,5.38367018658835,2711.59408801076,108971.284626016
30.0721296969044,0.337345782989326,1233.31155464244,216.241022064359,1448.83462880384,90.3194718833066,333.872255801531,2.42527077614969,2.78155850962763,16.4370143869962,20.8935987678571,5.43636153234199,2680.60130949881,109117.841971611
30.2476051085672,0.342824023004145,1220.18069618036,221.921458443248,1431.86377067351,89.2402846435454,330.926535083015,2.45753277986051,2.665042493495,16.939305147189,20.4658541260069,5.47988425542445,2656.8940948094,107783.90335144
30.4191699990311,0.340391843888533,1213.71445000424,227.707282566925,1422.96013662176,88.6693846209788,329.648365717814,2.48593675483655,2.58909766806941,17.2330806416988,20.1373695115446,5.51151887562126,2647.02738276034,106156.476629041
30.5737158407628,0.333730604303025,1214.49877094296,233.554382385423,1422.93310192919,88.6565063910929,330.318034486183,2.50107948954982,2.545533749462,17.3814073045988,19.9301863038223,5.53133032904891,2652.35310576401,104526.313484414
30.7106559788228,0.325143223650439,1220.87243135874,239.430168711346,1429.7791637109,89.0752958788671,332.533904566269,2.50223280879624,2.52762802602969,17.4209569498715,19.8259674339989,5.54142237029084,2669.43187159039,103168.438420335
30.835332748074,0.316030757448936,1230.45515441299,245.252383349443,1440.570444102,89.7422907161836,335.637350016955,2.49288069789288,2.52943150939735,17.3629972247019,19.7899244304417,5.54464292939203,2693.20532191401,102263.861969657
30.9531343322855,0.30682156895071,1240.97415378052,250.809864927027,1452.50105931522,90.4833022999291,338.958226771569,2.4797151830328,2.54816584234035,17.2005785323288,19.7859833488277,5.54339073957008,2718.71114344437,101484.837602895
31.0663630877536,0.298401540935858,1251.15321236231,255.902231177688,1463.9958470277,91.2015230767375,342.093910708788,2.46707169048786,2.58328487657338,16.9264460099658,19.7924940492229,5.53890997004887,2743.08711047306,100756.841207607
31.1736959417831,0.291434309964027,1260.8040537591,260.463379269718,1474.83008697497,91.8836670143557,344.967235051393,2.4566022007239,2.63483084236854,16.5467824261397,19.8049349452728,5.53143429849242,2765.88076419451,99823.9455697318
31.2664579964841,0.28597656110835,1270.57064113738,264.537624360199,1485.8099569006,92.5803530752492,347.764525744165,2.44796984019476,2.70310925575658,16.0759216400231,19.8333790456481,5.52039196269477,2788.49557314564,98504.2121280863
31.3269136579716,0.281870434793589,1281.55175784987,268.249764816296,1498.29613854862,93.3763753445615,350.830113771691,2.43728694383055,2.78519476631802,15.5306836035755,19.896327531195,5.50523405088343,2813.36404483004,97204.5961912392
31.3417721794507,0.278641532132653,1294.20840243303,271.705071534002,1512.86936681673,94.3071964025903,354.336787620384,2.4221042131046,2.87594210826282,14.9306608314217,20.0024104646543,5.48628946191248,2841.57216411024,96045.2799990948
31.3109967401604,0.276068176720782,1308.04449370049,274.925045340113,1528.94144335534,95.3348904412496,358.174013414256,2.40206234279648,2.96975197368663,14.2968476855141,20.144231657684,5.46483119270623,2872.13088998556,95312.2654081276
31.2472088503605,0.274166370954267,1321.74872348033,277.843305850515,1544.93704541881,96.3595914243862,361.991015186157,2.37863990644388,3.06002451445959,13.6489493663128,20.2997729924928,5.44307640499835,2902.28026946205,95256.272037706
31.1735001619356,0.272770214535949,1333.40670918003,280.277690976504,1558.56921921029,97.2374557568898,365.260740684902,2.3575102199484,3.1428419251718,13.0000376604795,20.43645911543,5.42345192482131,2927.93165676221,95442.501594514
31.1111134159479,0.271719544820736,1341.75011968483,282.052410554111,1568.33154338468,97.8743485725464,367.625010212871,2.34344798784637,3.21768322332829,12.3558198364961,20.5308092354503,5.40737332337162,2946.33856621201,95701.4430163669
31.0684596099108,0.27081817072919,1346.82004401256,283.129205060486,1574.27809968054,98.2740512583663,369.081875916173,2.3380798564462,3.28586791402187,11.7190867937955,20.5789403097916,5.39486996842172,2957.55444261204,95823.5324392861
31.0404700652975,0.269859679478262,1349.68802354834,283.618140009983,1577.69227738447,98.5167014962498,369.914504047818,2.34037942716026,3.34999771795724,11.0942216612738,20.5938723594898,5.38482886139966,2963.86948284225,95632.0861049428
31.0132819772289,0.268794985255811,1351.91889788269,283.74473932333,1580.45022626523,98.7180973643459,370.549895674273,2.34618553808019,3.4110704756172,10.4908173702216,20.5975992122956,5.3758589581004,2968.68534132519,95385.9182580965
30.974644654093,0.267630608432385,1354.57579481495,283.712841225486,1583.82568154384,98.9558633521554,371.285510959146,2.35189160266683,3.46806314995342,9.91899979848812,20.6053574483363,5.36724749299242,2974.35358259282,95173.251339632
30.9205787005229,0.266426973831289,1357.80321359734,283.597757288922,1587.98699537661,99.2394940666574,372.170197827757,2.35659849742132,3.51989866212222,9.38439779677166,20.6204744917647,5.35897357193814,2981.22925409882,94943.5919334377
30.8543783385386,0.265315712428532,1361.18692022024,283.36875826385,1592.42588214609,99.5376046635557,373.109447133799,2.36096767390664,3.56568578049369,8.89619471429127,20.6423677872605,5.35122992968939,2988.43356967301,94638.4716897998
30.7829281594753,0.26435108419631,1364.09550956319,282.947517041275,1596.36681405188,99.8030370053747,373.97026345509,2.36563467096702,3.60349902256227,8.47847143905982,20.6734441191215,5.34421707395723,2994.61004778121,94325.6116281049
30.7122586870733,0.263497058880725,1366.41294665847,282.35078990534,1599.64330179345,100.026657026609,374.75593870981,2.37018324988316,3.63152446800242,8.15435572387805,20.7169325161084,5.33806278659791,2999.52738361197,94025.5412538084
30.6458175102481,0.262897821675014,1368.28838516129,281.643574944881,1602.4159488977,100.218763877141,375.519591804141,2.37270149473039,3.6479912509793,7.93066527858793,20.7729096029132,5.33302416209416,3003.53275436345,93982.1408751909
30.5900264483179,0.262999637609873,1369.40510536543,280.843420611839,1604.30994355902,100.354740491323,376.194716676576,2.37162618031423,3.64837390169701,7.81098137789722,20.8333674279916,5.33021612062281,3006.00035083585,94442.2434862092
30.5620852681469,0.264067834331261,1368.75976127479,279.884690373552,1604.15117744236,100.359331735616,376.568581563441,2.36895243713974,3.62677521818919,7.81174966226147,20.8825383100915,5.33146720194027,3004.87007501969,95039.5713808548
30.5808251591391,0.266190614378235,1365.81059694377,278.738872873728,1601.31117080283,100.192272891055,376.555485488474,2.36662036556132,3.5802071127569,7.94817249951693,20.9103859498809,5.33787468019938,2999.05758121195,95628.8844416808
30.6529236024828,0.269273208221676,1361.11272093432,277.50277220561,1596.44370282101,99.8947442310322,376.319511385835,2.36430267344025,3.51022308303803,8.21702676605009,20.9178444346512,5.34918291996477,2989.77918718381,96217.8110345702
30.768153169048,0.272789055908539,1355.86883884327,276.387130717258,1590.93086626469,99.554141378777,376.129586522836,2.36081330227845,3.42275308754762,8.59283991091306,20.908717619697,5.36423773962887,2979.58618334817,96832.6071106999
30.9015628531274,0.276293144298598,1351.10331530795,275.626750263601,1585.89033498516,99.241398052168,376.132446913727,2.35572467953507,3.32770162396906,9.03069355539229,20.8819233541018,5.38149229152395,2970.58663077342,97448.7584012074
31.0292265836372,0.279953570895521,1346.83925404006,275.28456309335,1581.263148708,98.9534625039396,376.212419475632,2.34988839300545,3.23453066418837,9.48863073371962,20.8338999159763,5.39961947470891,2962.71956677474,98056.3424519867
31.1408151146239,0.283947848087762,1342.41051028564,275.247692973168,1576.2407152718,98.640061364026,376.146430184178,2.34558593255089,3.14890076327476,9.94453015416182,20.7642404275226,5.41776363270798,2954.4897081996,98517.3235086974
31.2364805397454,0.2881590507101,1337.51379312599,275.404005117522,1570.51449916712,98.2822220043544,375.876818256017,2.34455483930208,3.0734986139616,10.3861239806675,20.6800511823433,5.43515053373573,2945.25454642447,98707.6014575643
31.3184509722337,0.292534676524482,1332.66143700987,275.76377158142,1564.78767038602,97.9241016373022,375.597792381945,2.34550566977312,3.00808709685854,10.7986339804842,20.594965239598,5.45108144241111,2936.1988139296,98808.4760453021
31.3880916475494,0.29705360982091,1328.46824991144,276.387689228727,1559.86665567285,97.6160421394851,375.524294395608,2.3463742279675,2.95072992385395,11.1708792656088,20.5191581933284,5.46529470483007,2928.73335675095,98871.3504080246
31.4456886822757,0.301642871943258,1325.09510847541,277.285322577324,1555.96145374652,97.371033845592,375.719112283047,2.34587896592114,2.89927907981694,11.5010378237776,20.4545372083545,5.47800922399095,2923.22543277655,99014.938118625
31.4853940457073,0.305985584360458,1322.22706359832,278.346601219755,1552.6560315446,97.1631763745048,376.080467649945,2.34405033502113,2.85193187108008,11.7932057691877,20.3947611658314,5.48982746200173,2918.89533078404,99338.2278706045
31.4900499148186,0.309325293928741,1319.2664636921,279.29898817471,1549.1519914063,96.9434372965578,376.389262955234,2.3432285957464,2.80929785689283,12.0481397718836,20.3280448527282,5.50126501849501,2914.19222440878,99662.2019448083
31.4435092470252,0.311252913060194,1315.90531748023,279.904771345125,1545.01037559395,96.6855351990568,376.498824985822,2.34530651714429,2.77348295300802,12.2607460574687,20.2470440760177,5.51235402441216,2908.19796444043,99934.3594637146
31.3432645344769,0.311762782407625,1312.28811229031,280.121040036423,1540.39038428333,96.3999321892375,376.418508300465,2.35038963401032,2.7456110065984,12.4257669992434,20.1526705446136,5.52283321020554,2901.14791927543,100151.699636143
31.2032291527576,0.310793604665733,1308.71917985117,280.047448027351,1535.70872031256,96.112256743756,376.232194312057,2.35776149534069,2.7258446026012,12.5401031301187,20.0495424795624,5.53240162182286,2893.79562135464,100319.817403007
31.0507462418548,0.308502229167568,1305.42039443306,279.818327250443,1531.33849016496,95.8446844175794,376.010378490162,2.36655292020086,2.71441522583821,12.6014726025992,19.9411968078262,5.54081080538259,2886.80809931955,100462.233195921
30.9090910756531,0.305513749145189,1302.44822470851,279.520399783001,1527.43839203043,95.6060640054437,375.777688535709,2.37590621934927,2.71135148573307,12.6101226748252,19.828954758544,5.54797681029172,2880.45904023463,100591.821535173
30.7859315317996,0.302196616382619,1299.76604254294,279.175217003183,1523.9882605966,95.394845278275,375.531292582433,2.38568116787781,2.71630984050426,12.5697071657761,19.7134668472823,5.55393101326294,2874.71576148988,100636.702003333
30.6789505841119,0.298503411215934,1297.48263797426,278.789224124758,1521.07495678535,95.2174175679565,375.298469330498,2.39600661337673,2.72938454211676,12.4847109822889,19.597292057905,5.55853858085733,2869.76548902891,100537.488626172
30.5851068337817,0.294625135369513,1295.90640387682,278.394412526669,1518.97814233583,95.0933151500781,375.14625677855,2.40596017331468,2.75090573407482,12.3597331294887,19.4848320555529,5.5615077244314,2866.17458465543,100406.089161794
30.5031433796472,0.290943201866836,1295.19903133801,278.013324726583,1517.82020819255,95.0317164100689,375.104374613965,2.4145980608698,2.78056552929718,12.2009280829661,19.3784919601498,5.56275027962642,2864.21819676401,100273.792560254
30.4334286153552,0.287529196359427,1295.29542141142,277.634845043319,1517.51284533332,95.0273501988303,375.157759352263,2.42250626025327,2.81817879088438,12.0144507040128,19.2790166927412,5.56227683255331,2863.74544931223,99951.7739215391
30.3831971485771,0.284325469004761,1296.36911588317,277.273029758325,1518.31005022699,95.0955888467195,375.379381767839,2.43018898509571,2.86429176156552,11.8045637724304,19.1923437170319,5.55972606793908,2865.18446081132,99292.6908191603
30.3704566964911,0.281345765452008,1298.98966612623,277.011287948905,1520.96998451173,95.282762755544,375.972820876929,2.43548285412143,2.91780761125526,11.5771108247376,19.1310162380208,5.55461098450107,2869.87485056619,98572.961578093
30.4101571183958,0.278525190099243,1303.4160707305,276.906711649344,1525.85978214899,95.610662078573,377.046717161001,2.43665580979222,2.97638144472736,11.3402601445147,19.1024571958426,5.54689561703913,2878.47062116164,97879.0040915612
30.5032060048557,0.275731863544863,1309.3793586283,276.931753973765,1532.67367069822,96.059684369077,378.534698955595,2.43453916550135,3.03930006580565,11.0992054878976,19.1054266180082,5.53677405997949,2890.41509096039,97050.2614072449
30.6362393021238,0.272832887478318,1316.71201487566,277.037754981194,1541.19558689145,96.6168277644318,380.379866714131,2.43056175492688,3.10808456774323,10.8491074090382,19.1392747635704,5.52407028113436,2905.30472506831,95950.8403660418
30.7861414043743,0.269817792333513,1325.69771689831,277.213521941369,1551.73018248378,97.3020654464435,382.647869663364,2.423847621215,3.18365531623408,10.575511539385,19.2090428973547,5.50835832163234,2923.67699603254,94837.0598928846
30.9338310566161,0.266699259872314,1336.46390928492,277.445994792364,1564.40004002532,98.1234912051174,385.361696739512,2.41359486772662,3.26541640072872,10.267970468878,19.3171945356122,5.48956559650662,2945.74970244065,93796.1470527931
31.0719606193317,0.263495190876095,1348.6630382192,277.689676277789,1578.78145260167,99.0544389108107,388.413505564782,2.40053275770418,3.35252076799853,9.92680827939764,19.459584669815,5.46802992913973,2970.75583757659,92809.3626235008
31.1996647959164,0.260221078938802,1361.78690818748,277.890587625215,1594.2832139278,100.057623588483,391.653351434143,2.38602571179475,3.44459092315864,9.55779249934684,19.6295144540301,5.44416680583466,2997.61514449825,91849.3216487289
31.3149158934672,0.256916157207342,1375.45101159811,278.007130042767,1610.4826621323,101.106443352748,394.96743911451,2.37098933465371,3.54157491287012,9.16574673341408,19.8213858056563,5.41827543467606,3025.53328191556,90955.6698633864
31.4147716105832,0.253621132199739,1389.00909960286,277.938741330305,1626.64918156844,102.154827596307,398.167182526898,2.35650712078982,3.6432544811297,8.75405731150149,20.030536251542,5.39062379076139,3053.13430754764,90142.7947466411
31.4983245856256,0.250363055667645,1400.37547975022,277.317649752307,1640.340623895,103.048635022222,400.654474934908,2.34691811952909,3.75005040457436,8.32625400381951,20.2511821966498,5.36146162729607,3075.87042355708,89357.2769258101
31.5667291658723,0.247138297072035,1408.64538344439,276.000443238701,1650.48560165749,103.719907355923,402.165992149976,2.34575653038469,3.86259743333674,7.88477435833187,20.4788415790765,5.33093996348602,3091.76679122752,88538.2724424261
31.6218374596905,0.243927321972138,1414.73106727223,274.164370757211,1658.14281649744,104.23495568378,402.959199199781,2.35182101147075,3.97947966494625,7.42959013158748,20.7142743885558,5.29920777688671,3102.81286783735,87760.3837856831
31.6654197184571,0.240708644391471,1419.83391209937,272.032647548704,1664.71095055755,104.681537958399,403.378929976579,2.36250126902906,4.09772809440513,6.96067389563213,20.9597162553122,5.26656112635873,3111.62880771071,87055.922405433
31.6987692145751,0.237482436886211,1424.61295738934,269.738553131317,1670.95247993162,105.107194714693,403.618503742478,2.37611003826748,4.21409469908486,6.48073551214871,21.214675191075,5.233502313261,3119.65766723478,86473.2020187685
31.7213311075908,0.234266545779216,1429.13309550627,267.321558379189,1676.92944574603,105.515230443034,403.701960263763,2.39221834488616,4.32540921787801,5.99688569214142,21.4746306011207,5.20075722567886,3127.05126654287,86066.2127620847
31.7288636667615,0.231078022267991,1433.09242109393,264.762904656807,1682.26665290499,105.881570356684,403.545361416635,2.41164884397192,4.42933100747025,5.52067397140481,21.7314910635294,5.16913677788441,3133.15755672858,85759.5843894133
31.7158227110802,0.227930943652892,1436.22746885144,262.043271529259,1686.63480098803,106.185181499486,403.07423920042,2.43523661313473,4.5242521238177,5.06371383420559,21.9777815766761,5.13931323607502,3137.40286869802,85508.559065833
31.679564457423,0.22482513560637,1438.54949175621,259.176951680409,1690.03714694968,106.425878301729,402.29432683513,2.46332062789785,4.60885762703828,4.6330182006158,22.2100613646461,5.11169202399988,3139.81261353014,85242.1974864365
31.6235248180298,0.221747837461727,1440.35261710137,256.21035133598,1692.82258968906,106.62495099529,401.29604580722,2.49585433900208,4.68196806670601,4.22965865839693,22.4301390593679,5.08636903305547,3141.03135089752,84878.6166941135
31.5588164678884,0.218681993494695,1442.11536405912,253.207420801171,1695.56805887979,106.817546725071,400.228315403673,2.53200129983389,4.74143402207079,3.85086716969217,22.6447401641961,5.063306868157,3142.10898224599,84496.8666359826
31.4986584538963,0.215613124680289,1444.16883593255,250.211644804469,1698.67723268325,107.027570267898,399.199331183118,2.5710982649298,4.78421126970334,3.49414501866157,22.8602678828573,5.04261345492016,3143.7781410525,84143.6636488735
31.4511974846981,0.212542859671301,1446.50709859406,247.226027098472,1702.14817414775,107.253497517026,398.216914692771,2.61318659912492,4.80740784350499,3.15975097756362,23.0786260212821,5.02462142015332,3146.03816461508,83837.6546815062
31.4173381993812,0.209484715016841,1448.90372062207,244.228719591586,1705.71029136035,107.477305234593,397.220801266311,2.65852426326907,4.80888692418567,2.8509466597287,23.297638682327,5.00977542418951,3148.40559037486,83590.5274500249
31.3922668678659,0.206454091440811,1451.09291025165,241.19402016652,1709.04210566311,107.678330397365,396.136004226635,2.70696766988658,4.78778022540122,2.57304198943013,23.5132762669507,4.99843391371627,3150.30731466824,83383.8545898136
31.3694441825281,0.203463450655677,1452.90921988567,238.108356964748,1711.94035604155,107.843879385633,394.915112038562,2.75751308297658,4.74467310612047,2.33056354031786,23.7221164157372,4.99070615679374,3151.38529872585,83204.2823290824
31.3443163746653,0.200530002046978,1454.31459654877,234.974815610429,1714.35374639903,107.971136700162,393.548605043673,2.80817400523266,4.68096199606332,2.12509540491348,23.9223796729024,4.98648841289321,3151.55868158509,83112.4553211596
31.3159115613479,0.197684638225878,1455.23532637577,231.798387847025,1716.18937566914,108.054791706257,392.023243438901,2.85649797421057,4.59799893486368,1.95597157981882,24.1117010368073,4.98571973993692,3150.67915077696,83209.7499847754
31.2870106277103,0.194948912645558,1455.39238498079,228.567938594094,1717.11186981073,108.074534041393,390.278540202133,2.90123969842737,4.49777561186775,1.82095447118046,24.2842843266928,4.98845741507949,3148.17105052058,83405.2000168459
31.2621974200569,0.19233482064837,1454.52493491631,225.273859248015,1716.80962947397,108.011915425559,388.263596183931,2.9421612018419,4.38345747513816,1.7157839539788,24.4342519682093,4.99460292032176,3143.50245965074,83628.9307592169
31.2447701042321,0.189871230191355,1452.66334233556,221.936135337148,1715.31691099968,107.870261797329,386.004150369891,2.97795826161654,4.25774931295853,1.6365497185205,24.5590527850399,5.00392481186306,3136.76059801575,84060.8821807663
31.2327288193918,0.187636461048171,1449.68235481756,218.554110655129,1712.47662959173,107.640522132501,383.488100315083,3.00418742021073,4.12135238859908,1.58929165256166,24.6529479428843,5.01666223338002,3127.69348283518,85028.9306880295
31.2141524258031,0.185669595497447,1444.75473855893,215.032306843818,1707.28578455425,107.260846980075,380.533513709008,3.01444398831178,3.97727088104687,1.59800910565164,24.698334952282,5.03344191785598,3114.53662243118,86269.9060059863
31.1714779680348,0.183971831328466,1437.12071756397,211.260305081024,1698.81801043454,106.675300341252,376.986245800044,3.00207559842676,3.83330099722036,1.69111655813397,24.6772111378076,5.05424173231469,3095.65625370218,87577.594174218
31.0921866268879,0.182584404574646,1427.08500879279,207.250366155342,1687.4206250435,105.908171654701,372.963493402337,2.96710119205903,3.69759730268896,1.88485118232831,24.5862722478747,5.07812101157844,3071.69655420234,88771.6595053988
30.9752713089223,0.181814590193937,1416.19028889329,203.213056515261,1674.91976548739,105.075872855949,368.933337507374,2.9141379345692,3.57249126268206,2.20028646773413,24.4435086237397,5.10379763610568,3046.01048639713,89684.2902683689
30.830080670542,0.182203793661572,1406.39823276239,199.510145541058,1663.63516726346,104.325263383996,365.58199870336,2.84186415617511,3.45090051917249,2.70468375874368,24.2869777965216,5.1303765125961,3022.98355386602,90479.6553429018
30.6683799016484,0.285433784514722,1398.60704783226,196.408392283344,1654.58097885203,103.669726373588,363.617951128172,0.0168592607368502,2.89695967191468,3.76544557491377,24.3047928039517,5.20807869666608,3004.84461790377,91237.5300449142
30.4898956529807,0.5047906564667,1397.13222997989,194.718393591574,1652.62791881137,103.350249465064,365.689853106001,4.42910045014787e-11,1.0348750419489,5.97307120907445,24.9441459259114,5.43275322618432,3001.65293839261,101535.66647612
30.3273784670801,1.60261978838068,1400.70554673896,194.062356152417,1656.44801044612,103.494316697921,369.345178628374,1.09339519727619e-11,0.131003245662099,7.9730310475664,25.1096909062197,5.55512810540697,3009.61451727552,103329.943636226
30.1669228735665,7.6262605507188,1397.6147592278,193.905626453424,1651.90534862281,103.160067962136,368.88987543497,9.69654523727654e-13,0.00430369691350035,9.94897688073331,24.5766936382926,5.60770332187966,3002.48947827127,105309.356776214
30.0021333911202,16.2784768844236,1391.69681646198,195.57152531781,1643.73425819839,102.575592252469,365.649751757669,2.96089602752243e-14,0.00155100824617051,12.0080694792684,23.8298298608121,5.65103521970909,2989.43009660071,107209.07470773
29.8369809544546,25.2269433739418,1383.09891995216,199.129527406399,1632.07727748817,101.743784135377,361.597280589203,2.51093469664058e-16,0.00134129201750224,14.1436346334582,22.9958920686055,5.69840522588924,2971.91420153426,108512.48252701
29.6753041948791,33.4901267219004,1374.89086005455,204.287203546472,1620.64915109851,100.908043656157,358.284252153329,2.67292022000329e-18,0.00109731816408873,16.2334184504721,22.1558648456125,5.74692390067779,2956.53686841421,108811.573384255
29.5126640116834,40.8127663217296,1370.92356618819,210.533001208722,1614.17474122745,100.377034574348,356.631089837744,1.05121582878658e-20,0.000791586048602261,18.1049692434718,21.3876998731318,5.7918567865865,2950.90850567652,108769.508764194
29.3411431399159,47.2914395008765,1371.97744648207,217.384270335173,1613.67951335352,100.221897341071,356.519802471184,1.92518278525357e-23,0.000486970676537762,19.6682540808978,20.7196537605834,5.83108399403943,2956.17380156981,108611.101366814
29.1588666445041,53.1073115575366,1375.79664852387,224.500704793805,1616.49823140758,100.276992291879,357.142347012625,6.44232615527723e-27,0.000250304980768109,20.9418683110979,20.1395504822453,5.86517062269222,2967.3401300854,108207.013883156
28.9769851307045,58.3673271354993,1380.51945606899,231.657223397138,1620.40500191985,100.403145947647,357.978633640474,3.02021539989681e-31,0.000109914295134505,21.9861088594728,19.6299053419602,5.89534405761199,2980.39102110002,107441.956083618
28.8189342450009,63.1222527119175,1385.86590900502,238.606914774722,1625.06759740692,100.581197747931,359.0219241197,-2.46528511314591e-26,4.55858894226151e-05,22.8591894594789,19.182659634928,5.92238541718477,2994.6095671743,106569.347383698
28.7014385323123,67.4574158692211,1391.82918379587,245.160889125634,1630.48643686001,100.812245582095,360.288183467796,-8.63328722348545e-26,1.90800405087195e-05,23.6062076444939,18.7902299435586,5.94684720953811,3009.86004295405,105680.381261707
28.6247681546017,71.5110362217258,1398.05303394489,251.276714305778,1636.24410385089,101.06940291291,361.609362234291,-1.18683647820956e-25,7.4730612178077e-06,24.255669873719,18.4406306748532,5.96927271580512,3025.34069716473,104939.316607727
28.5782477582216,75.412031412909,1403.87123929461,256.987227492974,1641.55086990525,101.301966291996,362.722063628399,-1.16077764175859e-25,2.52790444736084e-06,24.8208444805751,18.1175803505099,5.99035978584135,3039.65818218758,104487.720769028
28.5479519324957,79.2265939053471,1408.52176703126,262.286608261029,1645.50508546339,101.453450994304,363.398307390333,-9.9104398640389e-26,7.46895431278569e-07,25.2992181068108,17.8032256748172,6.01095365520488,3051.23315906476,104129.705504533
28.5240719159891,82.9661087745189,1411.84898037694,267.154226811272,1647.92935999241,101.513463546155,363.635587197188,-8.23712287264865e-26,2.04979203874717e-07,25.6829230278115,17.4869149590399,6.03158266870331,3059.76212496056,103803.912701331
28.5029805075533,86.6258021040351,1414.30093794696,271.61066720997,1649.36063494236,101.515804747759,363.613748337512,-7.03606318849127e-26,5.46916170478829e-08,25.9742248367275,17.1664166417822,6.05235908665899,3066.22074691619,103548.686226167
28.4841302640539,90.2000695542657,1416.28551469139,275.685993199052,1650.28330805757,101.490478380869,363.486724022145,-6.22869345364525e-26,1.447256387753e-08,26.1895855392185,16.8418854429835,6.07328136266581,3071.49511417118,103406.486154818
28.467024401599,93.6740407663531,1417.86612546708,279.370480241952,1650.77193767157,101.442024878155,363.291961942313,-5.62862181255789e-26,3.82275857418492e-09,26.353293666342,16.5123667860905,6.09440940358504,3075.71950061151,103334.719025406
28.4508931011461,97.0287415601209,1418.97941719047,282.641577197154,1650.75083020792,101.365809925579,363.014623392717,-5.11155863533394e-26,1.00894407251399e-09,26.484754562422,16.1771325054826,6.11578553358317,3078.74792069484,103316.624205077
28.4348178179262,100.254612164695,1419.65594606451,285.506654320817,1650.25384577012,101.26392571124,362.655605721009,-4.62981173161286e-26,2.6566463295973e-10,26.5924691140484,15.8370042355354,6.1373640378307,3080.64187505636,103295.237645105
28.4143617249699,103.362282162309,1420.14442826841,288.013855375416,1649.56846778307,101.153922822016,362.270783451833,-4.17792528710212e-26,6.96341345452559e-11,26.6754325440338,15.4949906725566,6.15898052250315,3081.93341721329,103213.159896654
28.378109798701,106.384329898346,1420.78152111906,290.228108494696,1649.08043274016,101.059071962266,361.939319508648,-3.76215401109166e-26,1.82285080601387e-11,26.7270549420018,15.1556435337723,6.18038874959584,3083.34113530811,103140.62047282
28.3155510747389,109.349793486614,1421.6135849343,292.179639325395,1648.83438167908,100.981519168147,361.667510664023,-3.38611179052064e-26,4.77885963583733e-12,26.7430494253929,14.8219993944692,6.2014261141969,3084.9685208632,103097.629748346
28.2253537371535,112.269692915239,1422.47953451868,293.860222239378,1648.638037697,100.909183658878,361.412308647538,-3.04890737417819e-26,1.25256817657611e-12,26.7252520589,14.4954758287693,6.22201885697292,3086.47790818946,102925.313930984
28.1195341512606,115.157953784344,1423.56539527307,295.284535727489,1648.71330931385,100.856112989679,361.224762165063,-2.74791955245139e-26,3.26802024294655e-13,26.6806259093616,14.1802838220988,6.24194482049697,3088.26389845944,102466.206208742
28.0229720227046,118.047476749225,1425.49075327525,296.532313635202,1649.78932477301,100.867814437073,361.268507300889,-2.48023498674885e-26,8.53308237469706e-14,26.6201842106866,13.8842030380669,6.26079258237259,3091.64984526625,101934.988877489
27.9559298895889,99.7616871364628,1423.82049200126,296.543601292752,1647.26287779148,100.714675161908,375.851806173904,0.785644556406846,0.331570584644089,26.6844991561183,13.752325879124,6.26274037684556,3096.72486543048,92191.1052402876
27.9083851510252,76.722258638106,1415.60173177767,295.944805611698,1637.23098034521,100.138409853462,391.955449483965,1.02713593566485,0.894302728169255,26.6069435253554,13.6227464025365,6.23923003885488,3090.17044085972,91802.3601374937
27.8864186765705,58.964292995853,1409.45216974141,295.673975037555,1629.55862606553,99.6719345648417,404.791294424885,1.036568909093,1.14484253556508,26.5914510557792,13.5920087680496,6.24272171967385,3085.6873441147,91663.9531025806
27.8854976826331,40.6386832902672,1407.7044359867,295.727523424042,1627.21029881556,99.5279847318161,419.673634269123,1.04333005162955,1.26375904099323,26.5936028096586,13.7085082964221,6.25563702952569,3091.08350648515,91607.9505063528
27.8957532665815,22.0855718067473,1408.66061156806,295.753620257778,1628.31246882271,99.6003317925808,436.280713135922,1.06289631190529,1.33498847296899,26.5637087183981,13.9395553551251,6.26721757864696,3102.83744422338,91563.4728710099
27.9100536011934,7.49610308131743,1410.37560015487,295.52031213352,1630.58615069387,99.7521602687295,450.85370247365,1.16411958089977,1.41903260293421,26.3910576071445,14.2184043427927,6.26460971903577,3114.87602842716,91513.2732195242
27.9253100455395,2.47614985441638,1411.83308145029,295.003641755844,1632.74763623667,99.9105486548965,458.285968839696,1.45736352078888,1.59316314772251,25.9256635483722,14.4654138413409,6.23078372040275,3122.12832446614,91450.7355001413
27.9400893465207,1.81095210774643,1412.80021232046,294.325918975235,1634.39550885861,100.044187080574,462.619363436558,1.60010926364521,1.77739499871019,25.4181677416864,14.7037067897833,6.18727089041126,3126.54558280331,91395.8481902721
27.9534804284028,1.5575406681929,1413.40753205646,293.636731258965,1635.60689317245,100.149092218656,466.865755017131,1.66344131079258,1.90750290752888,25.0680819079876,14.9521437636732,6.15066676756648,3130.21135842963,91358.5327900551
27.9654915934223,1.4447121621191,1413.73318802386,293.026431782075,1636.4458458185,100.228191352934,470.994780257412,1.69323257882744,1.99306532071067,24.8938769034311,15.2007333950041,6.12088108399024,3133.29440517915,91692.7844633658
27.9788829493654,1.40315662365184,1413.06937227687,292.498512163459,1636.08475760435,100.229919755875,474.694973307679,1.70245005619698,2.04219892956906,24.8793987332299,15.4353807046526,6.09751180360111,3134.28442194669,92806.9171833505
28.0015449169229,1.38948716553791,1409.60423162962,291.971058279812,1632.42811628939,100.024434684584,477.325816533344,1.70605691325495,2.06299346168086,24.9839530896645,15.6297666671129,6.08052719222995,3129.36407146651,94188.368608246
28.0425943021917,1.37980629712163,1402.20202070016,291.419443679029,1624.18058970667,99.5316822657456,478.449915991965,1.71565103409602,2.0655479495478,25.1561817719826,15.7604263968239,6.06945396702701,3116.15673821161,95595.4242475818
28.1049621102162,1.36459460348993,1391.83392280273,291.019320926206,1612.49450931304,98.8227915641848,478.337691841103,1.73387152774681,2.05712625817604,25.3606719115738,15.8217108564517,6.06346895251729,3096.79137211742,97012.0268726566
28.1733473238636,1.3410555629388,1380.611808174,291.013714305673,1599.8376909416,98.0502111498101,477.669894065564,1.75745052062278,2.04156874880694,25.5856218013041,15.8208620267712,6.06171511098709,3075.81242975786,98453.3689243456
28.2044059417922,1.30775079143595,1369.20964548299,291.302016171453,1587.00214710146,97.2637191244193,476.670154852274,1.78453919775355,2.02160483716388,25.8309520930678,15.7672495893304,6.06339916884646,3054.54554023556,99870.6880891416
28.1546398372559,1.26565504413432,1356.42779582636,291.471540477674,1572.59717436397,96.3787336197083,474.943425448647,1.81736728815564,1.99992487780173,26.0962324758557,15.6680448879692,6.06778939990538,3030.21036263254,101232.474108694
28.0115542064773,1.21105585245536,1341.70874454696,291.314442016331,1555.97429956247,95.3559805998996,472.307454159958,1.85991456671558,1.98039452334574,26.3727215768709,15.5318786775595,6.0738902410024,3001.50164015593,102116.873396855
27.799285902752,1.13750686061145,1326.42929850019,290.979631786531,1538.73390229423,94.2942805445147,469.215104076896,1.9137997035671,1.96830873583685,26.6351635963024,15.3789234720581,6.07993082432039,2971.37208850214,102190.979335681
27.564922325228,1.04836914432047,1313.25858629807,290.858752598782,1523.97197903678,93.3834921747203,466.554723807173,1.97314939509787,1.96520188290261,26.8500125779551,15.2397789350892,6.08412524322394,2945.62178903826,102003.220202172
27.3444959519014,0.951337625927221,1303.88152627136,291.250355089072,1513.63617135584,92.7423892236711,464.906557574562,2.03103359046263,1.9694623599286,26.9970526766959,15.1343480405012,6.0856426702716,2927.95510100594,101707.823997739
27.1484268276133,0.855545916118795,1298.17526078512,292.168332329491,1507.5794428385,92.3616214832297,464.251741930217,2.08350677742113,1.97938638678863,27.0728790694776,15.0654243033456,6.0845117937249,2918.13744835471,101447.90179753
26.9770281030805,0.766635878655456,1295.03455590597,293.417379795029,1504.52548467629,92.1633048130572,464.231295066895,2.12969875089966,1.99301592626806,27.0791158348256,15.0256897166752,6.08128293636625,2913.75336683515,101333.714619103
26.8382132053089,0.6852565537458,1293.18646992854,294.690130641105,1503.01715888467,92.0593320570002,464.419550628342,2.1719409225474,2.00962976877857,27.0100274532065,15.0046443228614,6.07646377067586,2911.96486806566,101195.783043571
26.7415213606553,0.612080105870434,1291.90712316648,295.758924700886,1502.23388416351,92.0007142561553,464.589737966491,2.21184971106347,2.02956364393845,26.858388341544,14.9961825633083,6.07022114413177,2911.13592808908,101004.231271668
26.6869041344381,0.547867659787775,1291.13360560288,296.572409563959,1502.10668931175,91.9839423650836,464.757155983338,2.24948854216204,2.05379755233133,26.625281669101,15.0002586261084,6.06240745422095,2911.12450157927,100612.911790732
26.6582724533375,0.493585030155578,1291.32600134636,297.201211982283,1503.14682866022,92.0412956446161,465.121580991014,2.28343786854811,2.08397464687754,26.3219354738943,15.022260600429,6.05259146735831,2912.94002637244,99920.3193185799
26.6230079792449,0.450359076465618,1293.20163433583,297.760805373747,1506.13161571454,92.2221410644837,465.972963008108,2.3099468264859,2.12003801095221,25.9692918841191,15.0706077046626,6.04047421012092,2918.1287070367,99196.9812198221
26.5542321682581,0.417366435655287,1296.98783647921,298.312537254845,1511.27491709695,92.5406383742677,467.420651044272,2.32697089024912,2.1604308680675,25.5884654337264,15.1484317336502,6.02620370155581,2927.17889613731,98530.8541955421
26.446711646382,0.391900108067555,1302.33743521098,298.837486749881,1518.16354094324,92.9712604441806,469.353596469827,2.33687737027455,2.20549772207815,25.1911063642691,15.2526936723739,6.00992023181964,2939.35260598399,97596.9850223491
26.3154480426613,0.370969555227744,1309.290522002,299.364014948646,1526.88353898627,93.518363961094,471.783171967975,2.34273936699365,2.2582417264527,24.7798471892463,15.3852303378748,5.99112915970731,2954.78961934137,96130.9256292218
26.1864116697332,0.353486211511004,1318.69331896989,300.065781684873,1538.48925408549,94.2448491162102,475.006448721934,2.34233942706531,2.31964103620906,24.3570774995979,15.55746660495,5.96913250364206,2975.44318425867,94627.5559686603
26.0786143227549,0.33919645474409,1330.9723102675,301.070064848458,1553.52676116336,95.1823783432075,479.174428554421,2.3331698845228,2.38814034128277,23.9279624971949,15.7763471837261,5.94378266163561,3002.34145758591,93240.2534810744
25.996689071172,0.327499235588426,1345.59597840089,302.328905294118,1571.38712047642,96.2927656139679,484.096517254536,2.31602966326824,2.46218505345192,23.4969171239224,16.0379639290192,5.91545303302601,3034.35019280139,91972.3188381488
25.9375788776806,0.317600257960805,1361.65886879338,303.697678026767,1591.00676541562,97.510840159929,489.444323915403,2.29351086431547,2.54090935318358,23.063344005706,16.3332006315805,5.8846741795261,3069.46409634065,90811.2528812817
25.8986975569441,0.308968363669265,1378.39245004351,305.029417759548,1611.4861262066,98.7817647009459,494.931232014546,2.26806839333254,2.62428223320146,22.6193736804748,16.653088595707,5.8518497365171,3105.96155249682,89750.0592091206
25.8789325966148,0.301373389007153,1395.30432136274,306.222300629719,1632.25215694844,100.070703892548,500.367359742518,2.24130547945779,2.71264082116773,22.1563736540477,16.9908860811948,5.81722846507991,3142.73329628373,88783.2474722574
25.8765332384629,0.294646256970566,1412.07961351648,307.216062773194,1652.93473501784,101.355251755953,505.63112110709,2.21422994496981,2.80624458527095,21.6713221510788,17.3420824374854,5.78097696536431,3179.07010024435,87894.6581870109
25.8883061402767,0.28861273835871,1427.26846128023,307.719215042596,1671.82314121178,102.530648961514,510.206450910177,2.18940787345478,2.90572112205466,21.166053637517,17.7029131127001,5.7431949645509,3211.71479306938,87066.9057988228
25.9099103125065,0.28310063117196,1438.69872621644,307.294191690055,1686.34883046157,103.439450866042,513.323037730462,2.17204073738627,3.0127081317417,20.6436966326944,18.0683669836456,5.70391849149458,3235.78318416798,86312.0704177926
25.9372321284157,0.278038679574216,1446.42696544324,305.963032386583,1696.55834274315,104.084796431017,514.997819674932,2.16321261112618,3.12803074017253,20.1066595929369,18.4345196054395,5.66323466510702,3251.38941986714,85633.9464011142
25.9675582166173,0.273362722160196,1451.75941025843,304.005562470424,1703.97366032127,104.560176717597,515.694808064987,2.1604070483723,3.25081559033066,19.5569439888498,18.7998632843361,5.62134245861637,3261.4622183785,85025.7020399814
25.9995301109381,0.268984694070657,1455.93548872126,301.685466601091,1710.0488712037,104.954662796313,515.859148766322,2.16073754555835,3.3792867409976,18.9967541391322,19.1642702809308,5.57850070539039,3268.7913346348,84477.5585822211
26.0324419057439,0.264824977237538,1459.6807257291,299.149266358518,1715.64392586984,105.320764084649,515.753872192712,2.16231799860609,3.51163531169435,18.428621691238,19.5278322316811,5.53495974674651,3275.01365888095,83989.6526285906
26.0658129503283,0.260813142808148,1463.25638689978,296.446131228553,1721.07541761257,105.677639164387,515.475656004949,2.16436675156416,3.64621874459763,17.8550631439384,19.8903977614128,5.49095559639906,3280.7236036081,83560.1174724708
26.0991498109531,0.256907632856433,1466.64464200858,293.58349877351,1726.32564683526,106.023917810679,515.023175475812,2.1666360768468,3.78116432588336,17.2784740774255,20.2513963300572,5.44678280969318,3285.89533702128,83246.5733837774
26.1303508900825,0.253110014193788,1469.62379641523,290.555286659701,1731.12699335328,106.342856065669,514.327064334717,2.16916533580354,3.91411265658879,16.7012538810631,20.6082679789638,5.40292216130516,3290.05929759171,83138.2010394759
26.1530327969329,0.249421431163224,1471.7844165748,287.34318733612,1734.98264451126,106.603748555846,513.255168309303,2.17296677319231,4.04334577820335,16.124688197132,20.954629168303,5.35998227701194,3292.3384383488,83146.1789594054
26.15865442484,0.24584398221171,1472.82208525659,283.942289035396,1737.5193258066,106.783697045254,511.712790143576,2.17913071979633,4.16821894378151,15.5485861223242,21.2835563334387,5.31845972825909,3292.08577005107,83204.3282054506
26.1416356659865,0.242365391537699,1472.77295109317,280.38242292098,1738.77137552668,106.884984005369,509.72257412398,2.1880779613347,4.28882509676972,14.9721301140659,21.5918349788944,5.27855080930567,3289.39751056246,83245.420281246
26.1034096733621,0.238962441048446,1472.03162851724,276.731264626951,1739.20411216491,106.936411942685,507.430681378132,2.19947126324249,4.40576284370861,14.3943494862593,21.8816021913945,5.24009111258509,3285.154860242,83195.0221367163
26.0543855115882,0.235617085513757,1471.19384389697,273.078779716941,1739.5269886902,106.981679837636,505.056024253729,2.21200046323602,4.51902222207933,13.8147763669285,22.1600247158426,5.20273012103068,3280.68440364042,83111.1973627642
26.0085625982966,0.232315166583844,1470.73398742454,269.498975982358,1740.30703471356,107.055562107884,502.776544668028,2.22433830889622,4.62783365817126,13.2337868620494,22.4347963545765,5.16619138948196,3277.04831180784,83035.2236704559
25.9757225855365,0.229053021873087,1470.72088482097,266.006721268033,1741.62770318268,107.16299050227,500.626085201559,2.2360268424606,4.73148036723116,12.6523986522244,22.7099135926351,5.13038139760141,3274.40955983307,82983.4551279614
25.9582014307898,0.225829679788109,1470.92254671356,262.568882677445,1743.21137316203,107.286634531784,498.527948796055,2.24745441513778,4.82975719588146,12.0726131217172,22.9852025383548,5.09535040823565,3272.25660324906,82964.2974832775
25.951746863044,0.222638171373176,1471.07618023552,259.139541692593,1744.73977950648,107.406592600888,496.387260985621,2.25929637535587,4.92301031585662,11.4981194085299,23.258106486931,5.06119043260006,3269.99522618018,82965.1234860634
25.949501359116,0.219467132954725,1471.02512241217,255.682700461542,1746.01956073463,107.510646480237,494.141944226925,2.27206640621126,5.01185059132482,10.9331793523101,23.5259586452903,5.02795597582851,3267.25780554505,82975.7147152691
25.946158805006,0.216308189887167,1470.73553537494,252.183771361458,1747.00555767542,107.59580955504,491.77398289268,2.28593239048428,5.09669790130646,10.380697110091,23.7872898581766,4.99566292148976,3263.9536797023,83004.5996594404
25.9397839616519,0.213160500639798,1470.23017625134,248.646468695967,1747.72343790089,107.663631652375,489.289567959872,2.30083974472381,5.17752573907033,9.84134626103441,24.0414357739683,4.96434964236501,3260.13103428961,83070.303519623
25.9316571024172,0.210028498884296,1469.50247911897,245.080559201708,1748.16747286064,107.713960530297,486.689387307224,2.31689870216739,5.25413772368105,9.31348222763042,24.2874506552482,4.93409799309893,3255.78739322074,83151.9971866047
25.9245217539324,0.206919410729596,1468.5439544515,241.498457921914,1748.33138609473,107.74671429599,483.975318347304,2.33432300009437,5.32639154098489,8.79446514847583,24.5244131401952,4.90498367559397,3250.9211136499,83233.7221821983
25.9206273080139,0.203870343047852,1467.3926918417,237.917195164136,1748.26271851421,107.764908015458,481.166257981627,2.3527583122877,5.3932585408721,8.28332280840488,24.7518617236267,4.87718576094863,3245.63060603597,83429.7803845404
25.9211604686675,0.200967029925616,1465.8937446772,234.331184885826,1747.77135584183,107.756283349103,478.230025512634,2.37152090309678,5.45083571814507,7.78441669422899,24.9666422743121,4.85146476989177,3239.59320046452,83932.9621163237
25.9269881022222,0.198238418197962,1463.41621151387,230.676357030221,1746.08772069977,107.672124397875,475.007800443995,2.39178526152073,5.49273387338462,7.30902657438722,25.1592861543985,4.82934894466706,3231.45253896386,84586.1570447863
25.9389920894887,0.195675124676335,1459.35975073227,226.886241903496,1742.47519919343,107.465552301651,471.366741370313,2.41516298831464,5.51277046301413,6.87061648917493,25.3202628309107,4.81237580264441,3219.92042663333,85266.2687966609
25.9576073041656,0.193384489777561,1453.77666708032,222.977655489135,1736.98229367045,107.138378018182,467.376025095087,2.44038271838273,5.50495041709422,6.48250714364838,25.4460036008883,4.80169632620062,3205.13566729013,86240.8840969778
25.9818449647938,0.191818485173809,1446.74332289957,219.009072905857,1729.68311972256,106.69394563476,463.139783199585,2.46316572993032,5.45769094580014,6.1825109655627,25.5309820543166,4.79939940907215,3187.33187779017,87978.9367179867
26.0076458644828,0.191567776214053,1437.1743846799,214.962459822847,1719.24517604019,106.048789975356,458.502386700411,2.48116675358508,5.35209179389479,6.07445699051791,25.5589721319306,4.80941670463339,3164.30801805424,90071.0660052046
26.028853925668,0.193522749855771,1423.82393628871,210.814710236776,1704.1414085336,105.108286466165,453.313002220778,2.49198627368088,5.17146636095933,6.29225981925862,25.5177424252317,4.83523602275423,3133.55574164449,92233.1096889832
26.0403144307954,0.199262412104821,1407.13837802976,206.724471759553,1684.88751420279,103.904565620467,447.863390191876,2.49207131735086,4.90901718197675,6.91734949053657,25.409166414189,4.87797368252355,3096.19916797239,94689.6901765905
26.0346033140319,0.211631396468573,1388.65427892232,203.127305385937,1663.29906921752,102.548248597044,442.623244492258,2.47991924378231,4.56675562398925,7.94290436025743,25.2311025444121,4.93747300527273,3055.74047904448,97770.3044878167
25.9934090223369,0.235399363414795,1368.79603423983,200.710320664784,1639.81628682748,101.061581508692,437.53457164013,2.46016867797003,4.16130133676132,9.2686379528607,24.9582137638841,5.01262390344112,3013.39628218546,101023.915013545
25.8966125916644,0.278869957838334,1347.14895793995,200.072820890619,1613.87273609028,99.4052127199927,432.214799707694,2.43618672307957,3.72566159296601,10.7486693784773,24.5634374545038,5.10005007160368,2968.52756831033,104220.538451183
25.7407971111948,0.349708751514945,1323.44182830229,201.257402426037,1585.14327549948,97.5604987745833,426.402694388979,2.41087596055203,3.30486427637471,12.2551355276894,24.0484533191364,5.19311883189269,2920.49539659821,106269.234069894
25.5539353599462,0.438026397356169,1299.13726593934,203.793646284276,1555.4751416218,95.6498167554788,420.402519891417,2.39274236382825,2.94613774554983,13.6610121562044,23.472415394309,5.28144262942932,2872.00751842428,106393.865242343
25.3886577183686,0.519962632908461,1278.82249698834,207.380934938638,1530.49040356329,94.0298386842349,415.476709358571,2.38371044061001,2.66927773796805,14.8464965886007,22.9345911328568,5.35593665955185,2832.44171707523,105939.121674602
25.2798517654776,0.583496434976691,1265.52470187316,211.944894192253,1513.88064530892,92.9325044473595,412.49912744507,2.37820564417709,2.46535572714495,15.769050867574,22.4931830056176,5.41411912847085,2808.08394778258,105247.031710583
25.2287599424485,0.624956215850191,1259.09378229298,217.376507213604,1505.48100405517,92.3473096087335,411.462514301845,2.37368456034432,2.3194848266523,16.4506086210045,22.1528257621169,5.45776895872214,2798.57685535849,104190.081243291
25.2162973850072,0.640203177170986,1258.37131325746,223.388063789833,1503.9258047989,92.1899830157686,412.0698156974,2.37205889454471,2.22096665843424,16.9239190556869,21.9044105690665,5.48896158230799,2801.34676242876,102707.074317093
25.2173155707406,0.627854679016025,1262.56435933451,229.523592229606,1508.31079913167,92.4069221634379,414.112883552412,2.37431677527592,2.16148749320154,17.2118960381056,21.746280275498,5.50893130942621,2814.4662591911,101101.441747539
25.2151442348381,0.593062599091065,1270.94976782615,235.447401249004,1517.80010379297,92.9480465679636,417.378418231328,2.37944783629875,2.13349168333348,17.3335120186529,21.6763758838191,5.51879837474385,2836.21234932286,99497.4527080151
25.205877650585,0.543790066322687,1282.63398231181,241.067455380251,1531.32509714846,93.746772556888,421.58577590092,2.38648794270856,2.13106218516867,17.3071501730269,21.6872454871989,5.51980371362092,2864.65114060668,97846.585154222
25.1921856618075,0.487571610030868,1296.86754609585,246.420285638144,1547.99088916745,94.7461914686574,426.497033060633,2.39450547952849,2.15006311701464,17.149639972489,21.7712720754621,5.51298839363205,2898.24461551258,96111.1043880317
25.1769983201732,0.431669947361072,1313.2180401911,251.561794074772,1567.30294395739,95.9139335891784,431.981116890236,2.40069974053894,2.1867366247033,16.8781339037781,21.9235280500304,5.49921291170032,2936.15526969062,94474.6683691275
25.1616294238815,0.382099174399245,1331.23293077232,256.522712208016,1588.73596440373,97.2159771905531,437.903733338163,2.40186384943636,2.23765144990397,16.5123636329706,22.1362770615813,5.47947608146098,2977.48043702187,92999.6946863692
25.1467721717198,0.343703796152597,1350.2188982262,261.315473118764,1611.4471214826,98.5988122044757,444.05424830792,2.39398523806886,2.29789115867665,16.0752860182691,22.3954183383466,5.45536572924734,3020.77272827202,92131.0706062213
25.1365800536485,0.319281394757287,1368.70018938732,265.92447025758,1633.63102532888,99.9487282046358,449.984088415779,2.37445109041401,2.35866480307043,15.5946190946828,22.6720060195362,5.42989325155068,3062.90962750109,92324.9333715302
25.143799274284,0.305960282058047,1384.00261564025,270.188768670739,1652.05756980154,101.064051691637,454.865300700837,2.35059167951465,2.41302483205073,15.0941123651287,22.9173252141788,5.40695490397532,3098.16583844601,92915.7644710655
25.1834627511507,0.298418010266722,1394.0239134624,273.863292279445,1664.22035270331,101.789548832312,458.031927957108,2.33270103243103,2.45889105666806,14.5831269881544,23.0910456146916,5.38922381557461,3121.97540759847,93611.814996182
25.2621503068797,0.293275993245409,1398.65789317064,276.812994134462,1670.02262622142,102.120516101627,459.431135035019,2.32635181690641,2.49887696045363,14.0606477738416,23.1827688879486,5.37693551372875,3134.03418077366,94007.2029041194
25.373190788869,0.288875133870339,1399.74876366827,279.114375347128,1671.68716667247,102.196669175221,459.628623223458,2.33144460521589,2.53927072618506,13.5271943234217,23.2142314234563,5.36796261895462,3138.2578404481,93740.1373888821
25.4993790719512,0.285285435930542,1400.27898015936,281.090656118634,1672.75548216165,102.238998238683,459.579855056644,2.34048978956269,2.58289302242315,12.9970318290693,23.2284683913132,5.35948869518844,3141.10008428205,93339.4903586903
25.625092866281,0.282825305188719,1402.31979482674,283.09045416506,1675.65383796815,102.39795525881,459.976503980849,2.34635944588505,2.62751808409799,12.4920103304692,23.256836747099,5.35011794017663,3147.11998935672,92998.5627280656
25.7444287939565,0.281422326961925,1406.03143029377,285.245315368585,1680.53613954116,102.682288149066,460.904936630206,2.3466935898847,2.66930041883042,12.0277326603451,23.3043775743417,5.34019074470385,3156.73517705056,92865.871709218
25.8638073069701,0.280947659736243,1410.0195294517,287.431420238378,1685.71612422921,102.986664571776,461.94036204241,2.34312443013611,2.70451329685258,11.6090892993066,23.3566467074785,5.33111039454248,3166.93266878196,93072.4634606308
26.0021651276868,0.281114368269918,1412.36196455482,289.389373776503,1688.88407252817,103.167510100142,462.462839623094,2.34054334515679,2.73181901517417,11.2303986361331,23.3901953958113,5.32440617602119,3173.48683410194,93440.3948617579
26.1781363358199,0.2817146388382,1412.20177471408,290.971469707338,1689.01388611639,103.16091736173,462.179800147278,2.34222506255927,2.75166953655255,10.8810973871675,23.3874897946281,5.32097994299369,3174.48340039433,93913.9375022028
26.3967097316683,0.282618921588838,1409.85152833201,292.180108140417,1686.48912979266,102.990490285346,461.179917731194,2.34882325384773,2.76515501613929,10.5528370915368,23.3437258751078,5.32091611640891,3170.57985588784,94340.0032794456
26.6430648571762,0.28366588920772,1406.45122101617,293.105170180681,1682.69713839383,102.742105127784,459.837008473098,2.35953253572523,2.7744226325775,10.2450299924906,23.2679575184884,5.32339073131595,3164.25450784936,94431.6258275329
26.8849424965366,0.284709883858929,1403.73938831275,293.887047838148,1679.75549783298,102.546350337305,458.745907084548,2.37061023612554,2.78055181454382,9.97061092072629,23.1835814064197,5.32695817981625,3159.30546315143,94273.0613262065
27.0954211071903,0.285618465369077,1402.69873838297,294.586541703533,1678.86665341023,102.477132982555,458.264312114513,2.37831663368244,2.78323260158021,9.74633807397021,23.1149233861877,5.33032673117269,3157.88357001209,94027.9556576976
27.2678207169652,0.286548983439345,1403.20923263646,295.195429805935,1679.88897559325,102.525483505856,458.375597582424,2.3813637083453,2.78210355352401,9.58067433201263,23.0733726511971,5.33292213383897,3159.74650607264,93831.3330294919
27.4106857671242,0.288163660835976,1404.63060337415,295.712645697304,1682.05529603352,102.643636593151,458.89511504559,2.37987451465793,2.77579277131281,9.48138190188615,23.0571182875149,5.33506631443879,3163.565864906,93764.672215496
27.5381976107184,0.291034207868021,1406.18614898979,296.151067547505,1684.46100255898,102.77503516247,459.628021080484,2.37474776158257,2.76136466883515,9.46942332477403,23.0586933842454,5.33768038785526,3167.78306881164,93753.4988649178
27.6611191114888,0.295428067366818,1407.31716931021,296.525317217779,1686.47027081873,102.879839582133,460.454405203238,2.36645212956555,2.73620046944463,9.56595044779112,23.0711884733425,5.34161676637758,3171.30737787119,93870.9142815118
27.7816577063129,0.301788414740033,1407.58434379528,296.829051557517,1687.56403004934,102.925641600966,461.257491170748,2.35441010502877,2.69833851864683,9.77672821683734,23.0855824779394,5.34769685064287,3173.23602596297,94411.3650585537
27.8910827591429,0.310434658879129,1406.05590120662,297.023334390521,1686.57290338197,102.839940452754,461.706690249733,2.33937503610232,2.64635255881571,10.0901651130011,23.0807389111097,5.35727548434927,3171.5202192574,95592.335245694
27.9677567560744,0.320937412355305,1401.18935184591,297.068143838444,1681.50871215755,102.500209100517,461.190329787465,2.32676542461645,2.58329367056872,10.4722723097962,23.0213684787898,5.37176775542039,3162.69846152033,97068.7334553317
27.9860546119438,0.333091239344243,1391.94895897005,296.962856178273,1670.98259534384,101.821446633018,459.231417279918,2.32172007944142,2.51497116153613,10.8789281150642,22.8791797173142,5.39174920798939,3144.37532695665,98705.8648205951
27.9297066111257,0.348521067903062,1378.30538745689,296.757019824446,1654.89004825958,100.797376511378,455.748235535081,2.32380136361706,2.44252860675595,11.2826447681882,22.643712457879,5.41752172069138,3116.4169420906,100869.43832628
27.8004512265339,0.371837807648956,1360.07647576652,296.508865177763,1632.99909548137,99.4124485230845,450.710923885077,2.32960874636364,2.36093736057892,11.6703720739677,22.303719972131,5.4504753238269,3078.48878657506,103824.536792916
27.6229409434986,0.408102219079666,1336.36652215846,296.23316218339,1604.23413174766,97.5986543854968,443.914081346856,2.34007104993752,2.26695660534994,12.0069599683908,21.8387271331966,5.49241743505382,3028.77336572587,106927.819410062
27.4279879170801,0.460205690115004,1307.25871314101,295.925994033968,1568.72619657903,95.3639283236059,435.453253765481,2.35671198993835,2.16281505141699,12.2447257097008,21.2459232901406,5.5433557969617,2967.51317664115,109960.984082399
27.2322435252305,0.524259950341745,1274.89936791979,295.608919075971,1529.13790340393,92.8746246980192,426.032829532351,2.38270569300398,2.05843246202066,12.3593342210402,20.5568998360624,5.6001098323633,2899.31370681099,111841.347374028
27.0347528000276,0.583122778305013,1244.16068658165,295.435960763496,1491.48472735274,90.5049513402885,417.183731487386,2.42100541374156,1.96909807938989,12.3700453711942,19.8510427047257,5.65584242605128,2834.63811953895,111762.883911135
26.8253882332651,0.622298583302481,1220.81554814261,295.7373845722,1462.88562136577,88.6948000489004,410.724667621516,2.46194644318491,1.90212664932455,12.345887674373,19.2263014034172,5.70370879623074,2785.9863241858,110955.235641358
26.6043615195443,0.642198060763779,1207.14466011496,296.743365557587,1446.14825973226,87.6161073112088,407.381798136343,2.49408214411066,1.85699196387248,12.3418100177389,18.7300168568157,5.74098709974222,2758.36977715501,109693.767418566
26.3876870485806,0.650809380709536,1201.97615049427,298.47210223398,1439.81365344826,87.1779696144612,406.794318284771,2.51091573870384,1.82930351544407,12.3634335189306,18.3583193976438,5.76855695814917,2749.30580455186,108625.857434208
26.2025457610652,0.654469414074781,1202.40037383817,300.723906228713,1440.26812084405,87.1587803501279,408.026722048858,2.51192566914634,1.81143882870668,12.3857537333655,18.0771223162527,5.78945437475089,2752.43494472362,108306.844843085
26.0829155832244,0.650666986537287,1204.831473327,303.025875008834,1443.06701341646,87.2897520315797,409.869348962518,2.50809479833261,1.79967472235479,12.3650410194974,17.8396330949966,5.80675813846779,2759.72785703612,108059.171742896
26.0479447339455,0.637246156723163,1207.17392433019,304.992170735417,1445.62375548072,87.41619793672,411.585309482072,2.50891843018218,1.7939194525425,12.2681194520494,17.619642690872,5.82182914032147,2766.40425656547,107758.275939587
26.0916306427573,0.613688098096018,1209.33469040118,306.545930614479,1447.84988815309,87.5332970544149,413.12961216937,2.51874320634816,1.79613868434875,12.0913792616373,17.4184404010915,5.83427875186818,2772.22541987358,106858.479362749
26.1896151626793,0.582399487044268,1212.81543493071,307.883497753049,1451.6493327958,87.7551051466705,415.031328981765,2.5357264232428,1.80981909653878,11.8527543682829,17.2596109458294,5.84238133449121,2780.60572551491,105129.870769144
26.309496776604,0.550310177113173,1219.6411232985,309.338948350072,1459.5812870812,88.233280581776,418.036190839136,2.54859174270678,1.8336140619582,11.5835605981449,17.1725655052388,5.8448519768032,2796.21132070407,103510.853225367
26.4281407084818,0.521252248578791,1230.08198337685,311.015812659768,1472.03067425572,88.9873646592576,422.290147733837,2.55048223474356,1.86303089312904,11.3112720102167,17.1605870680734,5.84227199387713,2819.77531558049,102215.247641434
26.5363976460233,0.496120698316484,1242.62118275095,312.717097440624,1487.15844991644,89.9038467796489,427.293541911203,2.54251277769127,1.89446718785619,11.0495688488144,17.2017035415957,5.83640817215904,2847.94796451977,101313.891420797
26.6285337307056,0.474060934130933,1255.30801301849,314.137461189054,1502.57496848896,90.8379671983117,432.367147287779,2.52963049030194,1.9254916844508,10.8056066612334,17.267279613389,5.82915560830222,2876.33948948563,100742.559586175
26.6938580634327,0.45364437196464,1266.68838520808,315.019795307523,1516.49576326662,91.683408332221,436.983593953263,2.5173779684721,1.95566730530029,10.5877657725471,17.3347205856267,5.82175561035459,2901.64160076979,100273.051662751
26.7246998949862,0.434481856608232,1276.29783973456,315.279982960177,1528.34438600095,92.4070552984185,440.952680805415,2.50826888966742,1.98567546623589,10.4021878856854,17.3941299070761,5.81460337247562,2922.77804832322,99838.3408959702
26.7229970623601,0.4163265713252,1284.48062425125,314.999621346383,1538.53042797638,93.0342940648068,444.369308866976,2.50300768643321,2.01720323667044,10.2465050618691,17.4464559696342,5.80739641603867,2940.51825881967,99177.6982114143
26.6964992411981,0.398656870460477,1292.23098629196,314.390283951715,1548.25549063115,93.6372572130259,447.556269394771,2.50102330953672,2.05302798681017,10.1012178126752,17.5022303834168,5.79918156201772,2957.11120429482,98116.176460684
26.6525568420263,0.38176731673061,1300.9104823314,313.747279052471,1559.16519348791,94.3138078391218,450.965523086701,2.49848255884881,2.09396848422245,9.93007815199115,17.5777378703156,5.78896675222246,2975.64603765635,97030.4444069417
26.5951389732196,0.366342511801289,1311.18714471235,313.242086733427,1572.0643080966,95.110786436838,454.817764463695,2.49246912203553,2.13889350811108,9.70578768590939,17.6811022376771,5.77647192520397,2997.65421680762,96030.3852358417
26.5254781541576,0.352865557288011,1322.72949756367,312.846846988063,1586.54916576279,96.0026855384418,459.000446173113,2.48208211948134,2.18547118995469,9.42527669395943,17.8082393049931,5.7622484659965,3022.41083877539,95346.3889024178
26.4436014014397,0.34135952680944,1334.42950931787,312.385374241441,1601.28308647247,96.9081569153952,463.138996410559,2.46826975920126,2.23012867151936,9.10288049515569,17.9445274480192,5.74758586247624,3047.44665522062,95188.3189600189
26.3496149973854,0.33132270932225,1344.6682816621,311.582748790927,1614.32758115358,97.7099524179721,466.67611128776,2.45566944215881,2.2714771170977,8.75585489397683,18.0675998138109,5.73387394062046,3069.14939323378,95217.4316327188
26.2442868487608,0.322450675838465,1352.37220631275,310.252325662674,1624.40642016738,98.3312604120592,469.237978821551,2.44821044438577,2.31034863125823,8.39518874603244,18.1613300783426,5.72185987214615,3085.12703927937,95302.9893181203
26.1288276589279,0.314432959677055,1357.56730202368,308.399146418465,1631.55778346486,98.7748704928558,470.830660388564,2.44773111161563,2.34863459053725,8.02406566976476,18.2236993795174,5.71140017986343,3095.44360977492,95177.5694621541
26.0056548608152,0.30685424891242,1361.34290362898,306.18993084196,1637.08664917692,99.1204318347022,471.826343667496,2.45432129334074,2.38983255087097,7.63900595833761,18.2675957840723,5.70133508674135,3102.51563980319,94504.8744133073
25.8800260922414,0.299593579619202,1365.63635783217,303.905488874665,1643.30743270111,99.5087596390043,472.890135364354,2.46387538470364,2.43600706640463,7.23503449652443,18.3182441587764,5.69003386780166,3110.62434850015,93559.3590237769
25.7593772510903,0.292660912549979,1372.0298760982,301.783423046342,1652.10683660067,100.054238524243,474.565673215732,2.47161142786701,2.48652181714391,6.81179440354679,18.3972725918637,5.67642384528671,3123.26891177053,92566.7293381615
25.6502256162854,0.286064673421751,1380.88433668183,299.892797810806,1663.9102657978,100.782154866159,476.977218175315,2.47586272802658,2.53994660895604,6.37361398414407,18.5120787671222,5.66030921089574,3141.253533694,91573.6976731427
25.5568548431135,0.279814660267245,1391.74452678674,298.184584102351,1678.1702379597,101.658748680606,479.972504988425,2.47774232244542,2.59506352992634,5.92562428127443,18.6602303076435,5.64200654503177,3163.58343403069,90536.938213993
25.4828459816718,0.273896226579022,1404.06858070043,296.595513050686,1694.24115506625,102.644510217257,483.377965203912,2.47866119009433,2.65003399371717,5.47185186985585,18.8379456804455,5.62200831132772,3189.08155410907,89540.8951123155
25.4302516386939,0.268244753800202,1417.41355917015,295.070492495179,1711.59597470484,103.707133446404,487.052703200464,2.48003337730545,2.70259525411533,5.01542578097364,19.0415738385211,5.60086064609045,3216.78441373422,88616.3983686609
25.3983230216619,0.262799876602445,1431.37624455922,293.550978394864,1729.75061226746,104.816699500702,490.85805269811,2.48350001501447,2.7508099324306,4.55936514489427,19.2664947492391,5.57910477639249,3245.79804867841,87766.4766006485
25.3838308502816,0.257506127562151,1444.96071721422,291.854244139365,1747.4990077918,105.89916318848,494.443339482558,2.49156836813946,2.79324150666084,4.10828216317733,19.5070861952815,5.55725402912261,3273.87143933452,86989.991709752
25.3818953602306,0.252332394469145,1455.85639549061,289.548659731993,1762.03900237106,106.78327090296,497.004702031551,2.50970089586613,2.82963836810136,3.67010857171721,19.7557489707389,5.53575451441104,3295.77905813185,86277.1151835888
25.387889490663,0.247309062577288,1463.35747508485,286.531050599183,1772.50759069983,107.415210966607,498.283198223527,2.54105569469725,2.85922550319983,3.25388809783285,20.0054625812259,5.51509199127621,3309.93047376292,85622.2457157725
25.3990113527659,0.242476262728736,1468.36569064259,283.002873826798,1779.98855825404,107.859231850716,498.5770573304,2.58458009290614,2.87887959579802,2.86678759096615,20.2525997721809,5.49591377778608,3318.36933498424,85014.6752168357
25.4144316723283,0.237851137854292,1472.07460251499,279.203373769268,1785.92095193716,108.201145873983,498.29695071424,2.63773918283934,2.88381059510268,2.51359209564139,20.4962117114779,5.47898038465073,3323.79442423257,84441.9533285594
25.4346927339506,0.233428799274539,1475.32608099927,275.287397312153,1791.31948802357,108.501086422722,497.741968083733,2.69808812444164,2.86896722512593,2.19734365372297,20.7365127473022,5.46503926012498,3328.10390019787,83914.5235465719
25.4606155664692,0.229188390881614,1478.49956641146,271.318369596182,1796.63904650952,108.785548106374,497.056488248519,2.76361622295559,2.83047929443006,1.91976091405996,20.9735183240567,5.45468043246781,3332.15148106017,83437.7715390071
25.4924852629329,0.225127402218077,1481.61662425211,267.302934423888,1801.89950330865,109.055271426252,496.264763748129,2.83195851901876,2.76640195166116,1.68145638330619,21.2060021468814,5.44828250065956,3335.99151670287,83118.7105918007
25.53025743032,0.221273377660109,1484.3423648059,263.201582793575,1806.68541723199,109.285402298346,495.273921746864,2.90021099340275,2.67688593412502,1.48161934268626,21.4286271806461,5.44615155207506,3338.8896962532,83121.5819435698
25.5743532207517,0.217631049581573,1485.95871363078,258.923892366711,1810.11297940962,109.423641968934,493.86508304543,2.96766417128213,2.5653121293338,1.31586132039451,21.6291739837722,5.4485209555137,3339.26257539344,83298.7709841205
25.6255965400915,0.214200391079523,1485.87292542714,254.399736119023,1811.45007426443,109.427512477174,491.862187232495,3.0355378646149,2.43728834624495,1.17670037451868,21.7949025158476,5.45533801925495,3335.80756267964,83537.7937262122
25.6847943720738,0.211007535002944,1484.0594714802,249.642961035927,1810.6571332855,109.296389760129,489.27757560373,3.10398902100504,2.29782623061902,1.05783288771531,21.9193924704055,5.46627689137522,3328.48703181213,83939.1799415044
25.7547536947075,0.208141464823292,1480.68161749871,244.696389755476,1807.93296346731,109.043483172028,486.190350856107,3.16899867951728,2.15074451902761,0.961035523763211,21.9987250162727,5.48104108467358,3317.69457294222,84718.2364583394
25.8442492166413,0.205693386036846,1475.49865055922,239.544942611045,1803.00288466781,108.653146884453,482.559304844395,3.22071250419085,2.00350183357207,0.900860002897454,22.0239778093187,5.49911058761561,3302.95123242694,85698.9958201262
25.9651818457827,0.203772852319635,1468.28559077872,234.174833918369,1795.62331218826,108.112472628688,478.357290489433,3.24454368005025,1.86983525953856,0.894650743615508,21.986168931863,5.51907800481974,3283.82978291645,86744.9203027798
26.1255713435348,0.202654056246724,1459.30183766937,228.64274070789,1786.13081295292,107.444317643893,473.712835813205,3.2297693275392,1.76349540294992,0.953140414078137,21.8829663367851,5.53915143536086,3260.96904601571,87994.7884011061
26.3268392657524,0.203321286254327,1448.87732797387,223.053994325715,1774.90289483991,106.674708682982,468.806436297594,3.16950816244727,1.6918285835124,1.0998051073535,21.7143669422324,5.55838794330381,3235.1683733568,89697.3211713055
26.5638618011013,0.208018077253457,1436.77014396341,217.532239482793,1761.53282598813,105.785237008757,463.736159368643,3.05504051730411,1.65955479819881,1.40521690736215,21.4769587094275,5.57664346673129,3206.0139562656,91597.0921682437
26.8265194475069,0.220960978562706,1422.64319339482,212.227045645641,1745.45679134542,104.748394534632,458.618260293881,2.89575600624747,1.66796730249613,1.96334964291274,21.1687066417107,5.59433897035971,3172.90090343264,93529.5988082645
27.1047572396245,0.248579217065187,1406.89225204973,207.325403092242,1727.06530815381,103.587859105781,453.697382901456,2.72687168440006,1.70349921881763,2.83841781732768,20.7936645938461,5.61348323685391,3136.78744406029,95714.3372618579
27.3922161025854,0.296463016511045,1390.1852609189,203.094595827459,1707.15329570243,102.345141652061,449.116959346857,2.57658595853869,1.74253809703108,4.03385211092041,20.3579371490601,5.63694467595833,3099.21662537866,98418.6401519611
27.6821551283836,0.363390630752673,1372.31688513829,199.938430665983,1685.44800225974,100.996038403637,444.575456591013,2.45677914595869,1.76871607578333,5.47846338912483,19.8679866540064,5.66608008415813,3059.88764878738,101199.219568274
27.9640032517846,0.443118724157421,1352.03641475305,198.115033223353,1660.38952027147,99.4434843263085,439.423583507281,2.37020739881341,1.77845708236762,7.05769826443368,19.341174836326,5.69970135860176,3016.16906764263,103841.637380991
28.2261500112932,0.525867455001,1328.34013468339,197.519078968338,1630.76522851904,97.6173640399616,433.203041228564,2.31892453565072,1.77844337170951,8.66538329943593,18.8061415854045,5.73480115466071,2965.79515691175,105602.970789625
28.4568259996326,0.590577427761443,1303.56262997078,197.991601516315,1599.56564377863,95.7020161349857,426.568418217107,2.30429390045723,1.78029510991157,10.1902429061061,18.304272173644,5.76717753585285,2913.65896416841,105965.244771285
28.6475808825245,0.618660557686942,1282.25950594051,199.447469062844,1572.59091136731,94.0477146622693,420.852761703878,2.31807948643874,1.7894669582157,11.5148435932637,17.8786623992209,5.79340148924711,2869.47006706991,105862.671727725
28.7981522109575,0.614867279853732,1267.05836889218,201.815428360667,1553.20196402502,92.8547279541975,416.829066548317,2.34517998526095,1.80507834701862,12.5886234518287,17.5420837746305,5.81281398578672,2838.82700824611,105552.023270063
28.9132833215581,0.592903427012488,1257.87879813476,204.973897101896,1541.31561234002,92.1156346951863,414.503910492754,2.37477167724901,1.82644637501094,13.4293912830923,17.2819994764463,5.82639131615695,2821.50036420074,104836.828801383
28.9998140031194,0.560023429847355,1253.87733293998,208.687973677095,1535.86827499109,91.7659436579031,413.670691233738,2.40321122914194,1.85429822350707,14.06650358123,17.088569801701,5.83477500066315,2815.5382682841,103603.392121772
29.0672773021902,0.519426423996354,1254.67577300058,212.623728873762,1536.37875545886,91.7783269031947,414.248309491461,2.42815161667446,1.88843344843687,14.5155312792694,16.9635832794273,5.83795274314809,2819.89862255015,102235.735035867
29.1242814439011,0.474451955500462,1259.77714796218,216.52975198682,1542.22822636793,92.1167723811414,416.091747865587,2.44792569118273,1.92794933649399,14.7903754637518,16.9071793366601,5.83602901531624,2833.34154830865,100865.206946862
29.1755999846039,0.428139633675889,1268.28414417892,220.312424495387,1552.31042440359,92.7144644795451,418.914078490304,2.4627805338578,1.97295237274923,14.908512667545,16.9126713503738,5.82935328896414,2853.8918182236,99452.4753197679
29.2252202526224,0.382763652614565,1279.34392798286,223.954741941305,1565.59148431951,93.5086025221561,422.438245470462,2.47367245127575,2.02445184325886,14.8857805813716,16.9723153892823,5.81822132392265,2879.7399711583,97969.2168585551
29.2800660575224,0.341014712905398,1292.39711870311,227.437491679147,1581.41997736734,94.4599844171652,426.483493681555,2.47997162876949,2.08318295223235,14.7352229527946,17.0805319441596,5.80285149465505,2909.71963310958,96563.3218069081
29.3466817227715,0.305883839633663,1306.93184806596,230.730359316326,1599.19458402032,95.5324039946857,430.882291411119,2.48021440250004,2.14956136737025,14.4722359679295,17.2305208416018,5.78358794099919,2942.7476642188,95286.153791685
29.4272178233282,0.279081449103255,1322.37046591946,233.802366234762,1618.2079164636,96.6828216951241,435.439937701389,2.47405571994436,2.22456822196628,14.115158473104,17.4133007327053,5.76083474727039,2977.57277695098,94040.2968795896
29.5173224915555,0.260249796399094,1338.34866233044,236.645388528947,1637.99919929451,97.8827897975787,440.030155516696,2.46235073548097,2.30939428056256,13.6813852388716,17.622401253318,5.73483895367449,3013.39785131011,92731.1023218117
29.6062610299938,0.247617858647882,1354.88412609074,239.300861999106,1658.57078797094,99.1315451482662,444.660041236747,2.44551919630592,2.40335649184863,13.1867127660692,17.856932634473,5.70580966183531,3050.27286272437,91510.0659314372
29.6846722595139,0.239011361268006,1371.97654155327,241.813847291981,1679.90229104421,100.427111604765,449.338864060931,2.42452165637924,2.50414950202628,12.6467615929696,18.1164091717286,5.67415949408109,3088.21667364878,90425.5939829983
29.7499956241759,0.232822484454277,1389.34346707914,244.186026793589,1701.63154187913,101.747408266599,453.984768183017,2.40083663887338,2.60935707765055,12.0766725592893,18.3965288810762,5.64051748833185,3126.62245553776,89542.8515902226
29.8040704173224,0.228108406244553,1406.45364777285,246.380690933013,1723.09774564378,103.052691768965,458.430465862818,2.37605937640204,2.71692752114284,11.4919902865329,18.6887067664596,5.60568473296898,3164.33101433886,88925.6656059899
29.8482856393511,0.224336961631084,1422.56530441022,248.327660797989,1743.39002644848,104.288363513074,462.432178904175,2.35251535003526,2.8263347435788,10.9094108286481,18.9809290568281,5.5704231561378,3199.71495256602,88454.1608819835
29.8824802793,0.221247980340802,1435.86042816536,249.763078186552,1760.27968531961,105.320789873749,465.400667941289,2.33393417967567,2.93861435974915,10.3427800293304,19.262069255303,5.53522429929365,3228.72535353521,88066.6582385811
29.9067263979178,0.218662443095478,1444.36828771459,250.380188284552,1771.34629376861,106.004576805828,466.705422910871,2.32529665618855,3.05535196648671,9.8003216749139,19.5243897093451,5.5003232484763,3246.95805049636,87753.3544689917
29.9236992166601,0.216448647269912,1448.6059713102,250.250389276624,1777.22059811507,106.377247366919,466.518997076097,2.32672339476976,3.17662218764857,9.28606983348721,19.7651712546915,5.46588779911603,3255.56170301374,87516.5176951059
29.9403253817601,0.214482031821246,1450.26123162823,249.600787212374,1779.9681058304,106.56255781537,465.391076760901,2.33485690949211,3.30063319497376,8.80349042082367,19.9854647132968,5.43213071975527,3258.27999030831,87338.3246605183
29.9643873391261,0.212647127044112,1450.79346729924,248.616000302247,1781.37332538024,106.667510052388,463.79792119645,2.34622657912757,3.42453591381101,8.35593512812453,20.1879330691967,5.39931565539852,3258.34040317374,87206.7092728206
30.0000744844777,0.210885740385288,1451.02412849342,247.410130500748,1782.43877318073,106.752016261899,462.013703805593,2.35833349115085,3.54470853005321,7.94576349916259,20.3753255130225,5.36781115370976,3257.56885999707,87186.2307300352
30.0472514214693,0.209232640737701,1451.12995054611,246.043271386748,1783.37926713946,106.828264519393,460.121664177524,2.36978609175683,3.65654852051205,7.57624442796171,20.5482715008497,5.33827464965049,3256.39797495035,87365.1628374243
30.1029235475759,0.207700082953837,1450.7023067446,244.5167660038,1783.70065999102,106.86537795663,458.049080831258,2.38103423155811,3.75510096773342,7.25314831376758,20.7042713372567,5.31165379232717,3254.00433612035,87637.3480636374
30.1632061109184,0.206273337069594,1449.31464938806,242.81789910358,1782.8932729576,106.831622209624,455.727478578488,2.39296561385873,3.83664653998191,6.98129653353902,20.8410035914996,5.28873399691721,3249.52829393305,87940.2018092805
30.2252276738763,0.204938236777661,1446.99990150293,240.971734814551,1781.00685134898,106.729542272073,453.20958018722,2.40583321584872,3.90013597613613,6.76132521733796,20.9593379113565,5.26969792171616,3243.09219491,88172.5033253795
30.2895480712327,0.203730544178435,1444.28688534238,239.06813938771,1778.68482028278,106.598074574864,450.681812550106,2.41894906532416,3.94654381828461,6.59561889182338,21.0658616239851,5.25407514607414,3235.88831696413,88223.5458620116
30.3625174282457,0.202706982751522,1442.11394731646,237.294696264578,1777.05223026313,106.505329777801,448.466508508527,2.42941220068465,3.97537758346599,6.50073580075909,21.174320221033,5.24120724375813,3230.03232096521,88209.0919380064
30.452481999528,0.201919800231177,1441.00150292519,235.802362119012,1776.71248755716,106.487985174065,446.760776763069,2.43429877565005,3.98527690347176,6.49907343651473,21.2977195213343,5.23060827025095,3226.72419405197,88187.5256373069
30.5634612527694,0.201412247851369,1440.68275441811,234.607223399122,1777.31303724612,106.52507318895,445.498789365542,2.43253445699485,3.97608616665768,6.60168083509045,21.4404824658868,5.22207414851014,3225.39899013848,88310.4986998913
30.6889979479589,0.20119667553771,1440.41352956372,233.645249202641,1777.92962757104,106.560744775058,444.436764038831,2.4249085711216,3.94863442546598,6.80280313809152,21.5952511165948,5.21587618924752,3224.41893225573,88760.4664981154
30.8059181561394,0.20129436517411,1439.10816879812,232.817677697103,1777.22560019456,106.513797510953,443.190060715543,2.41502581551337,3.90619962600561,7.07796200754284,21.742868791714,5.21255404575829,3221.3841192217,89416.42333739
30.8824074223731,0.201807407355823,1435.88811207588,232.046003079797,1774.12304643754,106.318546769652,441.430119797678,2.40640645005078,3.8527258550293,7.39476349854205,21.8624156866325,5.21263479479243,3214.34657413248,90331.7359654488
30.8908403434731,0.202894068321602,1430.28743857451,231.291389958353,1768.05196579475,105.940178588106,438.989599050522,2.40049023167516,3.78886495435334,7.73321827925585,21.9372733591719,5.21691359135187,3202.28099244807,91669.2130967638
30.8169766058391,0.204664329744579,1422.04780147097,230.537918470746,1758.68393222268,105.359490745129,435.805468551365,2.39770955565047,3.71202341460501,8.09506764965405,21.9510510653956,5.22670067860522,3184.62989978117,93455.1875601298
30.6711086944036,0.207076654798276,1410.99227156696,229.746966025376,1745.75961176185,104.56403619828,431.847602494408,2.39936349270898,3.62106480680343,8.49497761201724,21.8868629388153,5.24314682742579,3160.96824704699,95372.6103735857
30.480099690061,0.210060740006331,1397.40491702217,228.886792876006,1729.58002473015,103.576352348853,427.210315217079,2.40596924516369,3.51810307466568,8.94119436052489,21.7378634328776,5.26633778882183,3131.83439198918,97297.0473611843
30.2659011467384,0.213482553994078,1382.42186335471,228.029546040051,1711.52743615753,102.482308930725,422.234228169643,2.41630835756638,3.40655694132952,9.42708571939679,21.5115977046867,5.29532922177209,3099.66520733496,99136.8516179776
30.0347242629817,0.217086490736247,1366.8501353756,227.193769509233,1692.61666041342,101.343519885455,417.156440766227,2.42936544050347,3.29095514868769,9.93063078715475,21.2245008589734,5.3285008823426,3066.1944947548,100743.663414634
29.780922170596,0.220637969083547,1350.11716331817,226.178877116879,1672.18331916082,100.119761118963,411.792558279341,2.4467122067114,3.17761107069736,10.4182020146554,20.8946864562816,5.3638676319244,3030.09535828422,102123.725906109
29.5007990157127,0.2239478868509,1332.14207443576,224.887871234822,1650.1683754316,98.8069110081446,406.098932760567,2.46956360916634,3.07215851338047,10.8609714230143,20.5383386490241,5.39964395770136,2991.15117735016,103266.735973978
29.201487539854,0.226590434678868,1313.90509042238,223.424467054596,1627.80509450084,97.4784784708308,400.346925754443,2.49776662542738,2.97914043815007,11.2422763102572,20.1718365540179,5.43419472377215,2951.51803947542,103887.540817472
28.9007139966768,0.22803998609777,1297.20401800437,222.008815741994,1607.33571778024,96.268127517947,395.046137783769,2.52883563077471,2.9030724597535,11.5500814501351,19.8178643714514,5.46552021244821,2915.16110828208,103905.806850266
28.618197363325,0.228366898020119,1283.89692250504,220.871484697794,1591.08882847035,95.3134384223934,390.722836445785,2.55676960283165,2.84577209533023,11.7775331257043,19.4998374042366,5.4919578783381,2886.18998409187,103797.771194077
28.36226004576,0.227932060174926,1274.43215412042,220.076573873974,1579.63939163956,94.6469560099034,387.494855098529,2.5780236315184,2.8060671046622,11.9272281952566,19.2251886047267,5.51322218881438,2865.60827004254,103685.630446522
28.1284298637198,0.227010328751215,1267.94967205431,219.52096758074,1571.92336482348,94.2043875557712,385.10267855995,2.59286816296885,2.78147127122743,12.0065690868854,18.9859774846625,5.53013037913501,2851.51867567432,103670.977547105
27.90479997756,0.225724214703829,1263.21624849438,219.045170442808,1566.40372923258,93.8941185908912,383.175811583806,2.60358400415336,2.7694848341765,12.0214164802896,18.7683452068695,5.54384268234687,2841.18334163346,103750.076440541
27.6776675481435,0.224142230445758,1259.27264140482,218.510561823477,1561.88248188277,93.6452110993458,381.414938123966,2.61317261244982,2.76922657412437,11.9720913220263,18.5606722487361,5.5551400181214,2832.45317662169,103757.146148888
27.4410583302424,0.222407743270343,1255.82589825934,217.86633054737,1557.99319280658,93.4362861817416,379.720474695325,2.62290458113928,2.78030996454024,11.8592548842082,18.3600589985589,5.56422919739731,2824.66034833017,103682.409145837
27.1984272812854,0.220597419295954,1253.08074525506,217.144457655976,1554.99138545659,93.2828416153559,378.153799231113,2.63313504064339,2.80224910379413,11.6891833471384,18.1710249066073,5.57092792525893,2818.26399145174,103361.810916602
26.9528307412093,0.218762537039908,1251.61569027081,216.442110096633,1553.59594186197,93.2285083954498,376.903286666252,2.64345933721211,2.83479955045039,11.4706948053408,18.0045362569993,5.57467834773,2814.57258726499,102648.499771059
26.6988259813885,0.216956747246079,1252.24541888023,215.909226181471,1554.8119200578,93.3347341876309,376.243313705472,2.65105335118908,2.87601609665226,11.2137128208937,17.8755585952006,5.57495657920235,2815.43752365743,101808.426151922
26.4315463840385,0.215167253922154,1255.31489234875,215.637357400217,1559.05936392156,93.6273899139984,376.301779734099,2.65390885216097,2.92318103926228,10.9293085628748,17.7917142148443,5.57176458273069,2821.6656724609,100924.950737405
26.1559038289901,0.213318935504941,1260.57671431503,215.610744991968,1566.02853662376,94.0875746713105,377.007100876007,2.6525957450268,2.97538928478522,10.6266981120742,17.751279949577,5.56535567085627,2832.71983750024,99888.58737321
25.8889982396348,0.211305190329545,1267.79099758163,215.762570740281,1575.41918891717,94.6964310620009,378.265464883167,2.64810306758924,3.03377076108673,10.311415676254,17.7513575864027,5.55572227248151,2848.0254038023,98675.972739868
25.6558617229218,0.209113775322196,1276.94681044023,216.014725908246,1587.20430366009,95.4513798388916,380.033309158176,2.63978007641309,3.09953900826189,9.98790860151471,17.7907246913132,5.54271238835484,2867.4626372657,97521.8486701148
25.4718745532846,0.206772597245679,1287.79391976128,216.283040165689,1601.0572270787,96.3321233616759,382.202304558936,2.62752292611424,3.17277577148072,9.66132309679936,17.8647473846223,5.52653634362221,2890.40231482432,96482.4237895574
25.3343772610973,0.204348240823583,1299.72124766737,216.49252170447,1616.21356351176,97.2924790189996,384.579996254245,2.61212238779631,3.25215683337537,9.33614950483978,17.9646102062041,5.50787831267028,2915.48228523192,95646.7740238669
25.2228555857009,0.201919608150686,1311.90968434357,216.580248200417,1631.66821263851,98.2720605857194,386.932660505191,2.59496561866653,3.33525651223816,9.01121920319201,18.078697203748,5.48776719236179,2940.93847042675,95080.2623348198
25.1011635930392,0.199530071256826,1323.47215945728,216.483748437356,1646.35381329379,99.2069330396549,389.016960392642,2.5787563886848,3.4202142525363,8.67400828630442,18.1941269880334,5.4672356320154,2964.89098099964,94629.651096614
24.938411535169,0.197201908778374,1333.87065336251,216.169504474542,1659.63655870346,100.059183216828,390.690999010017,2.56570981977692,3.50600802604724,8.31042005688732,18.3022126491163,5.44695130957744,2986.21938017558,94242.3811577806
24.7250409149653,0.194929047873382,1343.05775806207,215.64404777688,1671.46967097558,100.825957005398,391.948186255867,2.55672627957391,3.59198777030465,7.91610504302308,18.4003307057457,5.42716886776199,3004.8442534401,93877.5050889338
24.4704608960417,0.192665269202212,1351.28704746339,214.914873267022,1682.1639859016,101.525723337838,392.862117675877,2.55203580142495,3.67804459653891,7.49444969896976,18.4900533417421,5.40781413298272,3021.30298604748,93444.909831685
24.1949160213472,0.190329531457165,1358.99956511891,213.963457503469,1692.26469319482,102.190934648576,393.557560920974,2.55117982038154,3.76415378831675,7.04982731307101,18.5761920269161,5.38860301632465,3036.50903287333,92940.607912929
23.9185514247219,0.187854182403738,1366.66710294559,212.781222969823,1702.35863528549,102.856465540106,394.165848077169,2.55344959677734,3.84985442466987,6.5862087496705,18.6647517552154,5.36923584827961,3051.45010654525,92375.8401123039
23.6545051763416,0.185223889471419,1374.63803101794,211.399897607429,1712.87713210538,103.547756181985,394.78088345072,2.55836566544862,3.93414035803187,6.1083925445138,18.760794903674,5.34954466579965,3066.88013799177,91763.7059726
23.4109983168092,0.18247033111719,1383.08531696686,209.874751389507,1724.03004484859,104.276685645377,395.44632283331,2.56553781185624,4.01515750320787,5.62248441153546,18.8673908248924,5.32960491788555,3083.1967461835,91193.3737962309
23.1955164845114,0.179641550846688,1391.40672054524,208.167394775502,1735.05786865152,104.996076720467,395.987235264279,2.57573071366199,4.09040210351217,5.13548935399347,18.9835732958514,5.30983282234605,3099.08592844301,90740.6398503028
23.0119987561881,0.176779063758441,1397.80458177715,206.070108074028,1743.70800030779,105.568085689969,395.894464986876,2.59291331151888,4.15784540976875,4.65413550420138,19.1025636888155,5.29093252949493,3110.57924551958,90414.4327605881
22.858217362453,0.173895785849489,1401.62784440542,203.531674529391,1749.16173987127,105.941857569043,394.98759066852,2.62049891066876,4.21579877168576,4.18318842013147,19.2160009220431,5.27365769374408,3116.25642649734,90089.3615834957
22.7285936152372,0.17098451509104,1403.6112504755,200.679874251737,1752.33744138877,106.172034772014,393.482094116453,2.65953450829346,4.26254310775146,3.72500439076505,19.3217212109145,5.25840442676175,3117.77242340066,89552.9207638141
22.6182747417352,0.168049709154549,1405.15643628179,197.7261581528,1754.99290906525,106.364142101615,391.786394242918,2.70850582065301,4.2952162981402,3.28218280402983,19.4277126449406,5.24513879806042,3118.26496358615,88881.7562112929
22.5250022015113,0.165101342422828,1407.42095310885,194.842728058956,1758.57992970002,106.605005029073,390.237454810674,2.76569114375857,4.30983361584826,2.85942405762979,19.5450883372723,5.23380375324347,3120.32312948323,88138.6089307309
22.4489474136445,0.162151746176692,1410.82707867495,192.092149272824,1763.62476856469,106.92518294345,388.957764201935,2.83067196949479,4.30204880578345,2.46323036517773,19.6804318455608,5.22465696183072,3124.88694506523,87391.715207539
22.391444738091,0.159208047443947,1415.17494094746,189.442811077513,1769.86947265746,107.307688976194,387.890080272764,2.90393891610911,4.26761221613256,2.10150998102153,19.8339762423563,5.21831179365568,3131.50016195892,86693.9725962873
22.3539746483763,0.156269614181765,1419.96121888042,186.813708545296,1776.67251552996,107.712668541615,386.891543015677,2.98554609260189,4.20338558501475,1.78278423161636,20.0013484492035,5.21548918761427,3139.02347009333,86058.500658234
22.3368667248222,0.153337204355279,1424.68170217956,184.126474639624,1783.39138378704,108.10084521121,385.822336630173,3.07368424912256,4.10836980498733,1.51287871292814,20.1766558246489,5.21668882309486,3146.32033232103,85507.1554965582
22.3383021390832,0.150422479946761,1428.959054888,181.334305398678,1789.54560560061,108.443419744088,384.583398002785,3.16458797918885,3.98398700064205,1.29220525071626,20.354186653739,5.2220503418274,3152.55329108688,85098.1286849767
22.3539257803987,0.147552368686161,1432.46400641339,178.417803553853,1794.71992154724,108.716051240823,383.095238830473,3.25337955372592,3.83366277812086,1.11719592679758,20.5274960501241,5.2314706901561,3157.01614708076,84930.4480549375
22.3764091805138,0.144760832680265,1434.77877219193,175.369455863301,1798.39545401639,108.888513691333,381.260074183204,3.3353706334245,3.66305969525642,0.983473303339155,20.6874459812163,5.24469113816441,3158.83533965097,84979.2972050433
22.396889014046,0.14208129658607,1435.51367922303,172.192561658656,1800.09266536295,108.933406980961,378.991189047738,3.40637065525124,3.47984197336741,0.886292028075665,20.8237915088071,5.26123352212687,3157.21121583002,85216.5821970158
22.4073745623883,0.139556526773153,1434.39333458338,168.89416793965,1799.4720411169,108.832074507136,376.235000923972,3.46144479639918,3.29113580199092,0.821503864354754,20.9268556717323,5.28065877819458,3151.58688447944,85901.2353312357
22.4026450540322,0.137249083517716,1430.77305089076,165.426271952598,1795.71606753054,108.537351517105,372.849814471362,3.49243869479754,3.1021859089346,0.792116197399686,20.980428078413,5.30319868543829,3140.57692085274,87454.1661553377
22.3827817777565,0.135174990176034,1423.05125161784,161.615640889067,1786.77689905347,107.929557782296,368.464604440828,3.48965847561808,2.92182767591961,0.813990707957874,20.9538543678069,5.32947856664597,3120.67014485147,89532.0291771632
22.3526603529698,0.133325717558947,1409.97150095405,157.310593175599,1771.02073189273,106.915771866193,362.815386199752,3.44556573160255,2.76310023596163,0.907060877137075,20.8178247233037,5.35945925135982,3089.09274200396,91900.6410969599
22.3165402082105,0.131756712610933,1392.27383453548,152.581978593572,1749.33311578289,105.55386286768,356.151063292663,3.36508492796624,2.6344360535514,1.08541487385634,20.5630062532686,5.39254553109275,3047.45428051633,94329.6799430531
22.2742783646181,0.13078681881479,1372.45192441344,147.727862653101,1724.83929764522,104.033571388412,349.205044537033,3.26181368038672,2.53356698258622,1.3697897796964,20.2081705975857,5.42806796721114,3001.2823648552,96411.2416472856
22.224400722867,0.130963681412748,1353.4300943616,143.152721661809,1701.2458907639,102.577462733997,342.937568034764,3.14189449104025,2.44905965968255,1.81398793013937,19.8003773677093,5.46522294105708,2957.19807682024,98163.1375030001
22.1697175874047,0.191904957614157,1337.17885782519,139.162861962519,1681.05475662865,101.299540971819,338.277766555628,0.0387916387603148,2.08320101194818,2.67238181775379,19.4850825952645,5.53751792447734,2919.82905308314,99597.328457975
22.1223265649309,0.465530840582526,1332.04164246585,136.702534125324,1674.58221286482,100.744433223783,339.022722108233,1.03013214851939e-10,0.545093666469941,4.54810394872635,19.6818283605647,5.7451156817183,2908.22894347143,110520.026709489
22.0992647433622,2.40325181259204,1338.53597076013,135.810204791674,1682.51722711225,101.155035661087,342.458098756117,2.36616330348758e-11,0.030167525751751,6.14175052852468,19.3592717638033,5.84308288972197,2922.0263035321,113044.889998385
22.0760252547331,8.18939189562667,1335.62460378987,135.073155252925,1678.40287638844,100.8650412742,340.901600824001,4.51201105082193e-12,0.00169332899002,7.6360136705904,18.635794653714,5.89230825688533,2914.37607989581,115482.627716752
22.0415527980159,14.9972050004035,1322.61130911164,134.918688528115,1661.37676628778,99.7813695945952,335.77186858885,6.33698881651429e-14,0.000933907253975726,9.14943783357828,17.817410702081,5.94068220150879,2885.06435522115,117500.971279861
22.0025001794274,21.3938637258898,1305.11858826583,135.75907619343,1638.4642894252,98.3272147525351,329.882566253494,1.91966349959161e-16,0.000737423862796359,10.659627440096,16.9661967149618,5.99120334162726,2847.03251087421,118134.226513914
21.9714861310954,26.9615591397039,1290.31320196869,137.697938212526,1618.74573446692,97.0578446187194,325.326595327103,2.05444966818463e-19,0.000505117636509052,12.0567066885074,16.1807229529977,6.03852083024166,2815.69117094404,116904.355732561
21.9571693571211,31.7370963099613,1283.96250700793,140.699555021461,1609.55376551819,96.4231644509671,323.313896914655,1.39848765159981e-22,0.000284652401037447,13.218319522495,15.536571766941,6.07768900320131,2803.09357806837,115200.102161962
21.9611359798758,35.8830995778914,1286.99773296789,144.63103081323,1612.08611060852,96.4982836449998,323.837543766557,3.94783509303479e-26,0.000134027803228178,14.1164204009588,15.0404190159532,6.10808657564818,2810.98382837724,113404.248090268
21.9808559947365,39.5491793603,1296.78263557661,149.267624978449,1623.02511667083,97.0827663957907,326.130054163023,3.69703863695519e-30,5.49986195677534e-05,14.8012941788695,14.6583195719797,6.1318312880784,2833.57848443021,111586.923694334
22.0107684645982,42.8433778766229,1310.45364536927,154.295352958107,1638.78895934016,97.9600951556842,329.439232218903,-2.6414058150272e-31,1.988320513927e-05,15.3333927092715,14.3548069361608,6.15117442265677,2864.61279888038,109775.027027386
22.0425210804474,45.8562581692557,1326.1550619379,159.302660064686,1657.10207152726,98.993673059626,333.26748842972,-9.00461213586103e-31,5.81131450763443e-06,15.75306881879,14.1054257192542,6.1675768613479,2899.90943162445,108066.940365359
22.0696681080102,48.6724035660892,1342.80154721289,164.012632590823,1676.64224003851,100.104238649627,337.291215568734,-6.58735834277306e-31,1.30877154040327e-06,16.0856766007392,13.8933271742249,6.18195426187031,2936.98692190988,106520.20378883
22.0904715874771,51.3627530777766,1359.63456744052,168.380000927969,1696.45452138159,101.233672307998,341.266118607896,-4.23193463083122e-31,3.14993092724574e-07,16.350983629395,13.7045853287386,6.19505263160782,2974.18094878602,105304.965751862
22.1119071364745,53.9742692456485,1375.38646494596,172.412485449378,1714.92076023336,102.283882162797,344.858313015331,-3.09737613000056e-31,1.02439492499903e-07,16.5655840441149,13.5244990286962,6.20768933393261,3008.79630115166,104528.224728953
22.1528315778209,56.5122633258127,1386.21599683412,175.808518527276,1727.2057269839,102.965499170071,347.137856182908,-2.70571524123541e-31,3.48443309880362e-08,16.7394805848636,13.3383061996223,6.22069127524465,3032.54008216939,103930.406006753
22.2299162630798,58.9566956549576,1390.95345443126,178.453919267744,1731.8424254388,103.191721203694,347.863826197531,-2.55671467199938e-31,1.11275301280129e-08,16.8763657379325,13.1382538387116,6.23447533788429,3042.90169860006,103427.686378436
22.3461773699633,61.3079479177153,1392.21918836953,180.580655260269,1732.12450070935,103.160298969922,347.731542808657,-2.4140118840641e-31,3.38175499910866e-09,16.9795830599731,12.9247071044991,6.24900254606506,3045.59056195343,102896.044065158
22.4924264873616,63.5874320915298,1392.86975732164,182.421259397668,1731.65855546481,103.087104220769,347.475009604022,-2.22856024764805e-31,9.88618235968298e-10,17.0548711147447,12.7033809709839,6.26393931936808,3046.81582621418,102230.47382448
22.653499668178,65.815614456159,1394.525553141,184.074130396971,1732.52297804943,103.096147302224,347.507357985956,-2.02277998815588e-31,2.82454236637069e-10,17.1102545618641,12.4820580724452,6.2788373132933,3050.10334616958,101612.562792997
22.817684086873,68.0005491664806,1397.28668210453,185.530531699045,1734.87811645552,103.196497817633,347.85231183194,-1.82403916563384e-31,7.9903938006831e-11,17.1538831449142,12.2648508285905,6.29345998551096,3055.68885016212,101103.706857807
22.980407414088,70.139800537525,1400.3940971792,186.747837019844,1737.77487038078,103.330969891939,348.312450488139,-1.64545530081741e-31,2.25234617909194e-11,17.1909126174492,12.0513867923708,6.3078287323317,3061.94387124618,100693.538772321
23.1382172081898,72.2306299851977,1403.10431806176,187.705642466131,1740.26269727798,103.442374319146,348.693067008562,-1.48853216712927e-31,6.3425148245045e-12,17.2246089271208,11.8398484619,6.32204729171012,3067.26861171866,100428.860471296
23.2808622017412,74.2759025457778,1404.95135576779,188.415107896792,1741.73551670603,103.493936172917,348.87005770615,-1.34976687368087e-31,1.78613446087063e-12,17.2597806331828,11.6279874860224,6.33624348759104,3070.66692322774,100380.475659972
23.3949214392844,76.2688556269044,1405.60545561008,188.887863189762,1741.7683858918,103.459732225091,348.75662101468,-1.22501074891436e-31,5.02705417613102e-13,17.2997977341267,11.4126296120703,6.35059735124621,3071.4409458945,100555.754737608
23.4710465445072,78.182630358676,1404.82788622205,189.11899422695,1740.0649397875,103.321884096834,348.293120826439,-1.11119742821026e-31,1.41045517215267e-13,17.3422351189255,11.1903370772564,6.36530221116112,3069.08837519437,100925.538835655
23.5081729942474,79.9805556547118,1402.58931798257,189.119457525492,1736.59928066844,103.079070002094,347.475514131839,-1.00656759799374e-31,3.92607381475204e-14,17.3755544713948,10.958972887216,6.38047584773459,3063.56843624594,101359.973490013
23.51627435078,81.6388987752767,1399.32053633309,188.974310339125,1731.91802051898,102.764379305338,346.415525556156,-9.10351391916667e-32,1.07335018966547e-14,17.3783021453152,10.7195541618069,6.39605778214746,3055.85857181484,101753.137537946
23.517633888555,61.304782249458,1392.26446774149,188.190921197148,1723.01776776488,102.256819574955,360.458929832794,0.758179702820994,0.321310098182349,17.4833853073839,10.6273485874742,6.39871404497678,3049.90543074597,92854.5394323184
23.5298754953544,36.2641895626742,1378.79588820715,187.176464531112,1706.34955170146,101.325225029033,375.948004298273,0.999614588964046,0.868945005867408,17.3818885593488,10.5394447071938,6.37616881193786,3032.43819169244,93320.8641625342
23.538210665053,17.6802478265266,1366.77565755979,186.44706126139,1691.51788879896,100.466070644768,386.915605812909,1.05294050160928,1.12117227935799,17.2613166401511,10.5239858509456,6.37699602135524,3015.28238405107,94161.7379329074
23.5225809037312,3.669310723883,1358.04036147815,185.895393898635,1680.97938588488,99.8628658138963,395.145595600639,1.29076682956881,1.31065288659973,16.9557585671779,10.6028079402247,6.36940127350586,3003.1886236314,95067.1540559376
23.4690683753001,1.12465140018637,1351.24575153247,185.26949356204,1673.082906991,99.4385266643826,394.793713204282,1.78444766051694,1.59172088136361,16.1987332300669,10.7192079285486,6.32043405321424,2989.8922692797,95902.8234292534
23.376384714233,0.641479581583189,1345.08420474478,184.457783316312,1666.13147975799,99.0774022796381,393.689451995293,2.03547360662436,1.82028237641225,15.414593447869,10.9038137245142,6.26926678030225,2977.38998596668,96805.389779407
23.2602269763569,0.430826905546009,1338.88697735448,183.518128408379,1659.23481053816,98.7174438835377,392.944633711754,2.18891409638543,1.97648807829442,14.7378463709514,11.1059884651215,6.22661650254676,2965.03088150406,97880.4007360077
23.1556142535704,0.339056652541961,1332.21838298344,182.594414186336,1651.79732150621,98.320272779807,392.27290658715,2.27538814438943,2.08193065075462,14.2059065503395,11.2814708554453,6.19322222971567,2951.85191390637,98843.3900464977
23.0970615408145,0.305500540613306,1324.56909340813,181.759744494599,1643.14940564715,97.8450903159484,391.400966692451,2.31986022710209,2.15312286364315,13.8316324804135,11.4164377866474,6.16813016118704,2936.72048640574,99601.3952071201
23.0978667169041,0.296819477708308,1315.88852730983,181.017121270637,1633.21011862612,97.2878014078129,390.271866740241,2.3451796079114,2.20049633658455,13.6046797844828,11.5193718082305,6.14950788691024,2919.49001898209,99868.1560779425
23.1453784168406,0.293900133338722,1307.49448888372,180.457370494765,1623.60477867836,96.7474182005075,389.22154342227,2.36556720931292,2.23402644409864,13.4879085548929,11.6092145831178,6.13473749122414,2902.97571977892,99446.7145359514
23.2074632396293,0.287749637877677,1301.44636895499,180.289824483711,1616.87386700924,96.3778119235301,388.758855767363,2.3835364252982,2.26127160264087,13.4244185152918,11.7063516032764,6.12134835157421,2891.61754925152,98933.8901743355
23.2549510895387,0.277066647118291,1298.6190433442,180.644825194671,1614.0924646622,96.2442741957899,389.052698393079,2.39752723830643,2.28647267205353,13.367760218639,11.8196334487957,6.10798557015072,2887.30052458654,98522.1735257544
23.275781006535,0.264306645837735,1298.21831184299,181.472907894685,1614.27637699604,96.2876857779025,389.840762090178,2.40550741930209,2.30982677169868,13.299241916726,11.9439784927847,6.09471530169657,2888.29233104093,98701.3273067544
23.2779435949723,0.251521020007006,1298.02041347307,182.563082594895,1614.66961735357,96.3420374146745,390.475588746263,2.40829790467857,2.32761234573546,13.2161282214315,12.0604405991157,6.08294412895407,2889.73978538429,99843.7295581046
23.2899664394249,0.238407113664681,1294.9565729938,183.553229047077,1611.46305378437,96.1789043746379,390.0197919816,2.4150521484555,2.34084733036236,13.1039802099552,12.1388046412055,6.07396591679574,2884.86135253378,101204.103240734
23.340825531894,0.225861325120145,1287.38891395619,184.158976036434,1602.62250883886,95.6770702535322,387.937987681401,2.43234427157955,2.35499004503045,12.9399874750576,12.159132022733,6.06791494436044,2869.94787655207,102546.381079315
23.4396832126202,0.215464607561773,1276.04800098233,184.354922419567,1589.05555672578,94.891687938441,384.434212066017,2.4607908694264,2.37594794168356,12.7125712542729,12.1235836152574,6.06379267233196,2846.52009333414,103399.151070338
23.5746716519503,0.208328281961732,1263.47885765179,184.341580506052,1573.91823812161,94.0127198858122,380.310552134533,2.49637598326768,2.4082294298666,12.4333567132304,12.0560418480447,6.05977063502018,2820.13989720556,103389.244007845
23.724330382079,0.204413893551571,1252.87137486767,184.444626831216,1561.15323198836,93.2768193920928,376.615897395382,2.5293287781939,2.44854772243095,12.142418410702,11.9928737467383,6.05454340531599,2797.84720415471,103150.818706916
23.8741571505836,0.202404037023482,1245.90753949662,184.892324614072,1552.8322255834,92.8078839849246,373.940848443884,2.55340765831506,2.48993529359114,11.8761425676401,11.9578425541056,6.04792831302885,2783.41159221755,102863.361883425
24.0206367126677,0.201150906220192,1242.29413090506,185.694655178878,1548.59462656722,92.5839877521802,372.252497342918,2.56882298757354,2.52933427158663,11.6421463629296,11.9547233182776,6.04012752743329,2776.25541133809,102469.185356487
24.1627068949626,0.199782610303393,1241.13690805554,186.72828073292,1547.37325102548,92.5410682226018,371.299757777905,2.57878207337032,2.56856002032523,11.4211839993916,11.978532740198,6.03103575692375,2774.44327651723,101855.534472977
24.2954964366385,0.198021882735953,1241.98517661056,187.847082947346,1548.69476051885,92.6506952301982,370.924391717034,2.58535427554455,2.61204105057286,11.179315171185,12.0254241173387,6.0200789922059,2776.97949768973,101055.756648252
24.4159654437225,0.196084212377786,1244.80658234171,188.970412725021,1552.58493208812,92.9144381415174,371.083766699346,2.58865624337972,2.66299116311602,10.8937010133515,12.0952038198328,6.00669438209743,2783.77839009005,100153.730674155
24.5259796891952,0.194026749572881,1249.62458033908,190.087001062984,1559.08073638413,93.3348917695443,371.765818488066,2.58920709478992,2.72298374079541,10.5625762338118,12.1897170751929,5.99051281028345,2794.87755008883,99001.7125229712
24.6272934040814,0.191775221630177,1256.6553144566,191.228790695815,1568.42134107358,93.927252335706,373.021018983333,2.58754928772101,2.7939685965821,10.1959769276837,12.3133595691983,5.97101558258596,2810.72299142805,97456.3880566638
24.7185797685569,0.189460225854616,1266.4252216754,192.466835782383,1581.21991094666,94.7291357436699,374.988374465728,2.58127020804059,2.87670039849667,9.80881196072714,12.4730708479441,5.94771654253863,2832.43385156276,95889.634449201
24.7982886739372,0.187196398618128,1279.01612564857,193.837319324818,1597.54662947045,95.7450907808824,377.680606571655,2.56867854379811,2.97004283878133,9.41354013959634,12.6713928496833,5.92063025629574,2860.1737188,94424.841728554
24.8669616270602,0.18510269420049,1293.76864521228,195.303203839086,1616.56738268423,96.9248071361822,380.905297502375,2.54943739181751,3.07060306085749,9.01694114228777,12.9036054161103,5.89049275691292,2892.50619620341,93380.021853003
24.9281098835714,0.183290779383046,1309.28170455392,196.755868172669,1636.52702140128,98.1621944917631,384.265761057923,2.52492003319743,3.17217414033024,8.61937925247915,13.1565247988512,5.85891889711288,2926.38036573443,93039.3647389178
24.9878316078293,0.181719623525163,1323.50402384498,197.998743334712,1654.84955253686,99.3020974685345,387.177688692123,2.50139610619685,3.2701151993454,8.20910308574917,13.4085970138485,5.82778281239324,2957.29368233111,92953.6187209908
25.0510204771845,0.180339017845779,1334.98289518096,198.860591535992,1669.70806589193,100.234729727567,389.225508448163,2.48470669048462,3.36267076262605,7.77089397823377,13.6421795711668,5.79834394173849,2982.03016112237,92943.1167812055
25.1187941985385,0.179042597499683,1343.3420454645,199.262301800661,1680.63291590806,100.931825975213,390.29927355503,2.47825096545343,3.45052367474275,7.29849096605684,13.8521266034265,5.77081796106955,2999.73277095781,92678.9394666506
25.1879432275544,0.177690085774792,1348.34367777305,199.111716059779,1687.34359382428,101.376127645476,390.324841757459,2.4847854872974,3.53757911682723,6.79628563701683,14.0463010549015,5.74422784286047,3009.84076954269,91861.6699452645
25.2521837662815,0.176247870468729,1351.63712640043,198.583822095578,1691.93790720193,101.69292369529,389.769662134572,2.50082798733744,3.62615873243741,6.27759271810078,14.2426610158195,5.71723722880612,3016.01019367795,90946.7203044342
25.3070585106425,0.174731162061479,1355.35538091379,197.97205545196,1697.11210298096,102.043272698001,389.244429355908,2.52020261591325,3.7146670152767,5.75694396923708,14.4554461272174,5.68926711486803,3023.00718861975,90111.1551808152
25.3523060164101,0.173184699186273,1360.02490878992,197.391551342969,1703.52792336629,102.465926357896,388.907134993731,2.54046245255485,3.79981655278918,5.24435288535752,14.6864896708872,5.66069574423414,3032.04021544674,89421.6732921708
25.3907765986552,0.171651357176742,1365.08332386645,196.815147999981,1710.4670639506,102.916799762813,388.607749452157,2.56247822820322,3.87773941165882,4.7465105526547,14.9284079886727,5.63252104326361,3041.88871307886,88923.6513847077
25.4268744099323,0.170149609230767,1369.70812210482,196.162871879593,1716.88124743327,103.332199275197,388.118532297434,2.58877152634762,3.94515393029669,4.26928781398468,15.1703237855048,5.60585660808984,3050.73518230654,88526.9996504252
25.4643510054649,0.168681451656403,1373.40529606463,195.376041645644,1722.13826928533,103.673512112501,387.302022639304,2.621415643183,3.99937528424029,3.81804844882275,15.4036395227376,5.58159873447326,3057.47697316074,88183.5559410462
25.5049331699327,0.167239097605464,1376.16028963561,194.44682659811,1726.21297030555,103.938414823978,386.157584890256,2.66114103494755,4.0375321646202,3.39709251961767,15.6245682181759,5.56039789682721,3062.07212832198,87881.2909689229
25.5488353159059,0.165802231498727,1378.21525964563,193.386082745789,1729.40306741755,104.143797506436,384.759253588936,2.70776349556881,4.05636181014648,3.00938758256493,15.8327527993642,5.54276792144829,3065.03891060374,87617.4924602088
25.5959588107503,0.164324633787859,1379.83105517226,192.176753899114,1732.02444829989,104.307702570951,383.186889221864,2.76086665108629,4.0525827993858,2.65640698389527,16.0290247453781,5.52915686405341,3066.90961111505,87381.3712005188
25.6462772625572,0.162759481002438,1381.19180147826,190.786849188429,1734.29521038894,104.442454691191,381.497881039633,2.81999153458519,4.0235389542296,2.33871224658151,16.214242034128,5.51991545687886,3068.04083560303,87166.9370575215
25.6995784305865,0.161096763836939,1382.38807646663,189.207185141273,1736.32167811213,104.553808650362,379.723487224815,2.88417370915531,3.96751862689812,2.05667175960423,16.3889184204034,5.51527041289365,3068.61359570465,87029.7414789222
25.7546796579984,0.159375852361862,1383.34078780761,187.462664590535,1738.006131392,104.635489339099,377.85080863605,2.95197783095985,3.88385830160383,1.8098829464642,16.5520287184836,5.51538173703285,3068.48561971159,87047.4209382987
25.8082026879101,0.15766930651384,1383.75561052545,185.605020673403,1738.99129557522,104.666062899497,375.812598479061,3.02286734729651,3.77356088651575,1.59533774701734,16.699920597918,5.52032412152767,3067.09268846374,87162.2464489281
25.8554263810206,0.156051065769498,1383.34648344343,183.692537661085,1738.93408621143,104.625426613993,373.546897509196,3.09699940680922,3.63907016140368,1.40813696341334,16.8285179458437,5.52999387968373,3063.89888533438,87348.9409656705
25.8923451154838,0.154548136581639,1382.08082382573,181.770940146278,1737.8036992608,104.512646006263,371.058524589679,3.17528839567385,3.48425837187753,1.24319352504771,16.9359134673878,5.54395919544052,3058.88831133385,87444.42191154
25.9172882769674,0.15312611586311,1380.40207525822,179.876306520076,1736.1579065754,104.362430256417,368.476092364037,3.25906548070281,3.31448623808583,1.09623578105708,17.0261685504592,5.5612327532031,3053.03271937571,87193.3841621772
25.9326644982415,0.15172577080881,1379.38450269519,178.063695596172,1735.33751207607,104.25635082563,366.095109837991,3.34583391900636,3.13410910865256,0.966142367123002,17.1121100458554,5.58046606427925,3048.64062870992,86774.7373457425
25.9440135230032,0.150301063523834,1379.9033146284,176.368345287793,1736.4282861335,104.260304878105,364.154002434285,3.43055717873995,2.94616495926853,0.85365641419204,17.206809332724,5.60048266893903,3047.57771867031,86336.649262121
25.9565316211245,0.148856357507585,1381.84172778545,174.754928876998,1739.27147452886,104.365295759176,362.623721937487,3.5093183118265,2.75365941011369,0.758836764364172,17.3145838785594,5.62061450805013,3049.56099970544,86006.5440107585
25.973200481455,0.14743620377432,1384.40215588695,173.155091981902,1742.86229484976,104.511488187089,361.294076474745,3.57958212236328,2.55991247999588,0.681261859703116,17.4297951025653,5.64071989149623,3052.85367230864,85899.0050668365
25.9953273371469,0.146087824236075,1386.55918446689,171.497372812928,1745.92647222615,104.622926649283,359.894347202621,3.64046643636448,2.36966802461127,0.620542868808963,17.5402229838615,5.66082421418265,3055.25154484047,85888.4523648511
26.0230942234071,0.144845329818267,1387.65846810422,169.742736658699,1747.66625746921,104.652476171369,358.25164085049,3.69158825403725,2.18854416496094,0.575453261987329,17.6349806136316,5.68073889572345,3055.36800550591,85897.9863444749
26.0557172846273,0.143720706694349,1387.68470697366,167.900060574957,1748.08152216876,104.601039602531,356.361849948699,3.73297173485088,2.02112950215979,0.54358680676126,17.7097006449384,5.70004162434286,3053.19646029458,85889.1944815698
26.0909900003751,0.142716688050623,1387.04371438351,166.007509944328,1747.68732628313,104.500501097137,354.333290646913,3.76454035398337,1.87038321151514,0.523226094510412,17.7658752133737,5.71821139585469,3049.62869962041,85834.5673460829
26.1243950769827,0.141837254677699,1386.25341533849,164.109241588657,1747.12665859275,104.390631547098,352.307284739599,3.78363442973687,1.73879946886757,0.515529192073115,17.8080474324057,5.73462816948573,3045.78752190077,85761.2591738624
26.1509456363806,0.141085569969465,1385.65923461462,162.234225838467,1746.82089592522,104.298108936328,350.381425272932,3.78665015035433,1.62945341701329,0.522210762220536,17.8404701253969,5.74860878376546,3042.41681396869,85686.3233557845
26.167736628117,0.14052250903625,1385.25242123796,160.386428308639,1746.74806517216,104.222709923145,348.56227137636,3.76975772760349,1.54402622869485,0.544548774494265,17.8640610411568,5.75985712580591,3039.49688211535,85987.5528492382
26.1727038923979,0.140318116840721,1384.13388627444,158.504729270868,1745.76417204881,104.09689570095,346.641784425408,3.72582702263302,1.48224331309563,0.589407750110216,17.8682883751838,5.76902454038337,3035.08891130585,87230.0888085264
26.1596566849053,0.140561360298688,1380.06426686055,156.396185622562,1741.03132675827,103.753352040607,344.096200668799,3.65016656862834,1.44775510639683,0.673068821241561,17.8246673857009,5.77726442364439,3024.34118189079,88906.6948320185
26.1186762869003,0.141220938141743,1371.19595065235,153.86023321562,1730.20893023391,103.055725536881,340.507401604822,3.5454257083404,1.44682281951141,0.81194553036728,17.7061409306155,5.78526532138493,3003.23042349137,90670.8936672909
26.0429648194282,0.142391654497078,1357.85445299046,150.883266892602,1713.70697294138,102.030300162242,335.983687387585,3.42341382786456,1.47919272993624,1.01740609867479,17.5074568630839,5.79334792508337,2972.44948171911,92419.7990262472
25.9360235307491,0.145297494765864,1342.57744879923,147.731346733782,1694.72213752928,100.867265315864,331.219290524553,3.28884828163701,1.53723230418234,1.32408191700857,17.2455882702609,5.8017024087367,2937.57549491007,94120.5119796489
25.8147511705204,0.153061163092563,1328.10131004904,144.817247329794,1676.67240387139,99.7696749863634,327.106345818241,3.12957779752993,1.6134293928704,1.83450963701239,16.9490478678464,5.8101867157537,2904.77471666086,95797.6323350703
25.6990933435334,0.171169597565266,1315.02428262956,142.37314872875,1660.26631377033,98.7784631647269,324.055601238785,2.95220005792216,1.69992485882907,2.67180439627236,16.6404838540261,5.81919953124534,2875.59295978976,97447.4417379675
25.5995316650515,0.206836809781708,1302.50815911719,140.426632260956,1644.42324310603,97.8256247959929,321.960135019657,2.7840574977904,1.78136569694687,3.89573019920137,16.3293750364271,5.83063730281998,2848.3210121516,99380.8121155077
25.5155382109813,0.263228567025077,1289.80548810544,139.166928176705,1628.17805874301,96.8489696817388,320.509328918008,2.6408408558932,1.84171699472068,5.45682271545731,16.0149068857299,5.84653851580115,2821.42619907334,101881.264425342
25.4417448436007,0.333615491187427,1275.95052897539,139.18635968741,1610.24270424913,95.7673789204266,319.169861230127,2.53003320754574,1.87624952965923,7.17857681413769,15.6916635864976,5.86716602572391,2793.07201194849,104412.651078834
25.3744654528278,0.409816298339419,1259.5910597999,140.96572884226,1588.84299180933,94.4736967137396,317.333221043651,2.45346555641418,1.89079456803475,8.85567800986457,15.3610947915285,5.89092180546099,2760.54099178129,106754.024682317
25.3147801548685,0.484824510882027,1240.23399262266,144.435174843334,1563.36364573622,92.9334225280021,314.750704191586,2.41013438216732,1.89606123467729,10.3701435469639,15.0325599379185,5.91546692992342,2722.67511856517,108187.062309063
25.2742705862023,0.540422863159612,1220.45716751632,149.176856560525,1537.15959663425,91.350547892673,311.965619390772,2.39902713760811,1.90345023705658,11.6725362606657,14.7276114843651,5.93783118636631,2684.6337842843,108269.18321812
25.2758972683266,0.559509313094788,1204.40570275259,154.74126907638,1515.59814612739,90.0482978204257,309.851976552129,2.41258240774566,1.91737250820862,12.7390403604616,14.4745733069301,5.95549440318927,2654.851015427,107937.129921351
25.3343200428593,0.547759429560006,1194.1339980632,160.880618626862,1501.34257636723,89.1855797472779,308.840645828183,2.43754790703764,1.93685878531649,13.5806132371472,14.282531089557,5.96792549385149,2637.48838605819,107450.455486187
25.4464343732643,0.519005690515662,1189.18778055229,167.482668296521,1493.82372160198,88.7266627149751,308.866652836553,2.46475174927403,1.9615477524812,14.2271799511642,14.1428971503644,5.97578764725787,2631.53590409351,106643.665626097
25.5986374243058,0.480757473178631,1188.54500184022,174.307898503899,1491.75248478781,88.5948943671648,309.763966585486,2.49156389965797,1.99263984102052,14.7022089707434,14.0494766851819,5.97943986766508,2634.71477189057,105386.813852652
25.776542174957,0.437247008735288,1191.71545384149,180.911247268335,1494.53102521867,88.7581746705825,311.476908670383,2.51527128666868,2.03003300932686,15.0247573132233,14.0046012714436,5.9788396318594,2645.7215493646,104140.195669749
25.9703868800613,0.392562453955799,1198.04108432659,186.978792623043,1501.33699218579,89.1700279522943,313.873386486995,2.53374447618308,2.07268185890819,15.2159499938924,14.0066594042876,5.97424097569256,2662.96369495588,103032.08832536
26.1749660253303,0.350518767477801,1206.42334612339,192.470869834601,1510.77201060372,89.7464074632016,316.684557291158,2.5463929534136,2.11991097724527,15.2954563489484,14.0460023179315,5.96630597956911,2684.08784125632,102165.045020219
26.3901719880419,0.3135125402897,1215.65612718301,197.462012997344,1521.31146923736,90.3935256065669,319.59923647969,2.55440676758652,2.17202888938543,15.2825540112906,14.1090988978714,5.95579401689349,2706.59734841419,101432.061769951
26.6218038166404,0.282557393207278,1224.92437238494,201.996677746884,1531.96037487438,91.048655748002,322.394699474358,2.5599574973491,2.23160493406756,15.1966694198187,14.1851238327597,5.94299549758211,2728.8255539282,100572.049524701
26.8754341636258,0.258709414642544,1234.2245583373,206.123046190757,1542.751631546,91.7118641386435,325.057469809976,2.56253008622384,2.30178261072968,15.0527551860003,14.2715384403028,5.92766597696097,2750.82753135885,99622.4098280533
27.1509734216324,0.242167671900656,1243.98669187834,209.920864568626,1554.23385060931,92.4160390128393,327.700417410124,2.56039970543343,2.38459313984848,14.8612304684364,14.371145489727,5.90944511238894,2773.57828336256,98560.5890496448
27.4383562954589,0.231522347441805,1254.64262017421,213.456815527806,1566.93208280122,93.194511552798,330.456302200576,2.5532320229187,2.480711154232,14.6288941486967,14.488936524812,5.88806135837777,2798.03553473706,97298.5114691579
27.7174966705842,0.224830055212879,1266.58216166548,216.782623111696,1581.30583832126,94.0777753552068,333.467769987332,2.54029096120551,2.58775113999674,14.3615517328116,14.631676928048,5.86358419108318,2825.05851805633,96097.0084871723
27.9722851286849,0.220382144191565,1279.77885670883,219.920206393047,1597.29236968612,95.0641286007115,336.767012005251,2.52193729306982,2.70180129518836,14.0686743181669,14.8017034930918,5.83652289817634,2854.60503721349,95026.312660408
28.1986011661158,0.217144219021802,1293.73966054039,222.847125456008,1614.25585070247,96.1157224824337,340.241894474006,2.49987748693828,2.8201792886424,13.7620899227971,14.9946755069085,5.80754530094292,2885.61301547695,94088.944535327
28.398354026662,0.214596638336858,1307.86911165086,225.532725709029,1631.44591137064,97.1861967869541,343.730720322762,2.47604401180002,2.9417153700025,13.4508785762352,15.2032370088627,5.77724008551547,2916.79650662921,93278.6622533725
28.5713273119183,0.212511328899742,1321.71634941538,227.974103297037,1648.30213038281,98.2393410652408,347.095443697638,2.45204093991112,3.06624948232313,13.1380522767541,15.4203584275923,5.74601690856114,2947.193615495,92565.0715290815
28.7158099461918,0.210787771930438,1334.95416572964,230.171757273651,1664.42092468858,99.2486526180181,350.23258284361,2.4289352176052,3.19377842516137,12.8237519997204,15.6411815456171,5.71414181793077,2976.10885559967,91930.529528997
28.8323514770736,0.209413038884736,1346.16324150988,231.932771378889,1678.02841731285,100.106822232438,352.770549212427,2.40883182632918,3.32344074512581,12.5099729755599,15.8620432184885,5.68194267279465,3000.41185019062,91496.4334783837
28.9242099290107,0.208371403603435,1353.74618828876,233.04372841083,1687.11899681885,100.693409617587,354.299697590728,2.39518777060969,3.45304317459347,12.1977887511433,16.0763467022137,5.65009769742673,3016.57948439618,91396.1608406014
28.9950174951978,0.207574275291764,1357.64819065275,233.533342245325,1691.61157206669,101.003791555054,354.805162784092,2.38960736561465,3.57994366503514,11.8765654995839,16.2746276693433,5.61949470504936,3024.50596210521,91430.7126136408
29.0468179481478,0.206921247702438,1358.73622485793,233.540782150982,1692.58472216085,101.103110968575,354.509317224093,2.39131446048168,3.70176175895236,11.5291902584263,16.4508139977144,5.5907913795812,3026.1118769025,91511.4717525383
29.0807137786276,0.206372409303339,1358.24456259185,233.238719980623,1691.58424553149,101.084299585996,353.737881091152,2.39792681083902,3.81631082934208,11.147464924079,16.6052184283947,5.5642807641053,3024.12726620588,91624.8642080623
29.0996667231928,0.205964992024425,1357.1785833513,232.764615653967,1689.87172162741,101.023001744381,352.781098953491,2.40685247865416,3.920867846126,10.7439410407289,16.742518547101,5.54013488739226,3020.79059268651,91770.5620241676
29.1108378666642,0.205667959459892,1356.13193132865,232.195788967255,1688.19326044671,100.964038020362,351.858670262101,2.41599541220959,4.01102736497486,10.3562089271637,16.8695711540433,5.51870248598034,3017.45091393837,91947.3931198681
29.1220823501274,0.205421825981721,1355.30822419199,231.560046923536,1686.80495836365,100.922895641023,351.092024214663,2.42391087392085,4.08263452189449,10.024194810935,16.9922421327337,5.50035452813474,3014.59983081223,92151.7456260727
29.136988349272,0.205248801334366,1354.49071509865,230.840762383646,1685.4341574287,100.883141637104,350.4600402001,2.43040780630553,4.13435306375377,9.76737495751204,17.1131178867047,5.485191901969,3011.78866972045,92350.1098042298
29.1509415498429,0.20530780389279,1353.53592919665,230.06628219529,1683.89714144712,100.833412123343,349.94101186964,2.43566776104896,4.16642278127038,9.59420937588618,17.2340634704376,5.47310340789745,3008.7419426784,92505.055278103
29.1490995312713,0.205746073229763,1352.56581801659,229.352699459388,1682.33980926269,100.781879849114,349.603208430299,2.43881770558306,4.17722271541822,9.52639676114743,17.3603065065927,5.46408627639905,3005.81819810708,92647.9195071355
29.1160321079314,0.206639246165116,1351.71518955998,228.81748401589,1680.92450242787,100.737780889946,349.524950952669,2.43878251824515,4.16473826001857,9.58850664880147,17.4976768811534,5.45816599936575,3003.40849184367,92786.2847315132
29.0462028549899,0.208075763666455,1351.00185589339,228.519463410465,1679.66668758397,100.701571649933,349.726131646434,2.43384748263299,4.12737546416639,9.78785467895581,17.6473339076579,5.4555137582672,3001.59658902383,93267.7740346041
28.9477332248433,0.210077862761503,1349.60393176492,228.409811808613,1677.51672569127,100.608845424863,349.965566907469,2.42387374759776,4.06320371800735,10.1106540425376,17.7961886820275,5.45707045591904,2998.57904877202,94474.1734195793
28.8432268941693,0.212457856207116,1345.74360146174,228.341896576594,1672.21291647136,100.32149497393,349.677753517338,2.41532594498192,3.97704427556716,10.5100630582692,17.9113189854669,5.46382888320723,2990.40684786133,95881.2913314501
28.7574712191916,0.215117424112433,1338.49793941114,228.226039597404,1662.57916179515,99.7673826085848,348.479933544959,2.41418693766796,3.87994262864983,10.9196210788336,17.9637363330886,5.47562470127137,2974.9640637473,97260.9251667027
28.7025674191264,0.218129091111653,1328.87851168686,228.150462217715,1649.88522805763,99.0230080807174,346.546009899816,2.4204810030292,3.78022872231521,11.2928935577985,17.9481473904742,5.49142443076989,2954.39518224857,98609.22507578
28.6746851497986,0.22167577108828,1319.10878734104,228.305917991828,1636.91028438755,98.256892489938,344.456906598444,2.42947683419837,3.67910934976099,11.6138448469721,17.8776881075393,5.51031105884925,2933.52034406622,99951.1529153657
28.6590975106092,0.225859481585929,1309.90666890836,228.587684042712,1624.52115429493,97.5228514413682,342.47635765596,2.43807148026935,3.5732503024602,11.8776676738099,17.7693975860089,5.53191058350744,2913.78880664799,101245.18836085
28.6422193850206,0.230578563537309,1299.94598265562,228.621380090589,1611.03096384336,96.7203754967966,340.341897399788,2.44852576580607,3.46108466230533,12.082198968189,17.6338251590716,5.55597818278167,2892.15431519999,102471.61940812
28.6194599526028,0.235112975512751,1288.58956854006,228.243389500692,1595.65308771682,95.8028917715807,337.910121331342,2.46552747521089,3.34789109709261,12.2259181241821,17.4782703294442,5.58140408565578,2867.17818914029,103054.924104244
28.5928406243503,0.238281635735777,1277.38269950215,227.67903028751,1580.39126214394,94.8928018609951,335.545330669952,2.48997040697795,3.24560181505578,12.3074029208043,17.3240002808408,5.60525591073392,2842.32622661492,102570.215815399
28.5651327905105,0.240053122345699,1269.2853574595,227.449981906631,1569.04657419798,94.2209329142267,333.979041323004,2.51323550999231,3.1623287268002,12.339722791667,17.2065080757759,5.62431804088238,2824.288128639,101808.141042805
28.5376740808025,0.241016830221401,1265.9036747292,227.921484873685,1563.67765690599,93.9118926110977,333.624865892614,2.52774002046526,3.09858899854689,12.3439281520915,17.1461877526368,5.63735356210307,2816.76130493541,100985.472772098
28.5113523322045,0.241334736871072,1266.77683032225,229.083314368225,1563.70377082852,93.9303710065929,334.371582409196,2.53256656584075,3.05229022886315,12.3294734686101,17.1410753998207,5.64478506792125,2818.76956756899,100127.304048374
28.4893075995372,0.240815862893127,1270.70777924111,230.73341030757,1567.61798450025,94.1849654606376,335.900785741959,2.53030243214162,3.02219014960362,12.2867516337139,17.1795303221349,5.64743200045212,2827.6296999908,99250.7871960508
28.4785802367744,0.239493264958292,1276.68485178335,232.663039268599,1574.17439709815,94.5998977387944,337.918707675597,2.52381016928057,3.00886026181685,12.190404222415,17.2498857041044,5.64580731834822,2841.05703505921,98365.3431685513
28.4848354918643,0.237773768102939,1284.0804235361,234.732521292149,1582.61179202189,95.128829644188,340.232139206106,2.51477643513084,3.01272516132522,12.0206541231295,17.3445380628263,5.64021471989803,2857.63117081101,97490.8557010229
28.5074769050635,0.236173676954874,1292.47837303431,236.871581135411,1592.40794339031,95.740025321837,342.72595556161,2.50293396887936,3.03089128928756,11.7777183816356,17.4589624600498,5.6312952545079,2876.41817200653,96912.4312130854
28.5343107656533,0.235043372695103,1301.0968355738,238.994779913022,1602.55661691658,96.3724494125235,345.210258709066,2.4882250808672,3.05672236874,11.4737810907024,17.5834249123546,5.62055042795657,2895.69024122621,96879.6243321736
28.5374181068281,0.234238503421786,1308.54543962644,240.90668534533,1611.28519213718,96.919277913633,347.333290155705,2.47482210149777,3.08508837090693,11.1141825707337,17.6987654294502,5.60980630678871,2912.35051824153,97016.7962626501
28.4905398833711,0.233597522972715,1313.85188343378,242.427528858851,1617.36137286829,97.3067331757345,348.839382481132,2.46668416790499,3.11421786530354,10.6975882475933,17.7895560181259,5.6001911884443,2924.20268519633,97201.2209960977
28.386198454801,0.232952165236204,1317.04209035039,243.523319059269,1620.82023726618,97.5373960397338,349.729665114511,2.46556519744806,3.14457550895359,10.2278912838329,17.8527407387808,5.59182032365273,2931.27541404333,97208.4708803785
28.2364344050096,0.232098525087212,1319.01657636278,244.291191846186,1622.80134490926,97.6806080125964,350.234414790247,2.47092952375515,3.17862648078577,9.72532867923949,17.8976638685074,5.58383262876003,2935.54635224214,96851.5816536289
28.0645341187506,0.23109999523703,1321.15325183509,244.903197656848,1625.03854042138,97.8417053935172,350.712549112151,2.47832998317942,3.21782373068427,9.23287203699377,17.9409589486159,5.57509549975721,2940.05346389429,96456.3477179067
27.8894354219148,0.230067894635696,1324.26913576687,245.491746731922,1628.55322256203,98.0825007720132,351.383993970765,2.48373582261885,3.2613238563048,8.79143745819936,17.9928303918591,5.56516901208792,2946.61852037167,96125.0791693038
27.7187372185455,0.229007713344889,1328.25341748744,246.080284189903,1633.20224773562,98.3939254247064,352.229804803137,2.48642484362973,3.30780400667291,8.41627040730834,18.0529304505335,5.55428711726494,2955.02721569313,95783.2132665451
27.5570614039602,0.227852409135385,1332.72239278816,246.633054379702,1638.50616970502,98.7463894134541,353.151405495396,2.48758814310656,3.35710353440596,8.09456241329641,18.1175411773055,5.54269997269035,2964.4463074855,95349.2219875458
27.4159517011289,0.226608098167734,1337.55870844052,247.119811425693,1644.32624120857,99.130725213153,354.104375891416,2.48798559528301,3.40990065284635,7.79420019123157,18.1852917160051,5.53037608384121,2974.60489608169,94910.6429260044
27.3071091842133,0.225300900542057,1342.76585963296,247.524230078674,1650.67397760207,99.5469095549835,355.072996598068,2.48818663544962,3.46643183669417,7.48667517609239,18.256082634153,5.51726421712623,2985.49426939296,94491.7309237056
27.2334032419876,0.223929206135263,1348.28418033929,247.830959299986,1657.4744588082,99.9901655817308,356.034726402286,2.48903487719574,3.52644449694976,7.16133745404608,18.3297962625866,5.50339887850701,2996.97269336666,94032.7474385426
27.1874927363487,0.22247232043626,1354.0489033084,248.01183300915,1664.63729730393,100.455599999693,356.97540489965,2.49115881657813,3.58975453695884,6.82177417718319,18.407860690717,5.48873424029547,3008.87599358553,93478.1265371045
27.1541339565911,0.220911774958156,1359.51804412206,247.932382842307,1671.47497381583,100.902915820997,357.76180628551,2.49518483980079,3.65610839188056,6.47793232337567,18.4934545498504,5.47314131643555,3019.96003861841,92911.0607514523
27.1192651352645,0.219224775178215,1364.18327323728,247.478328234828,1677.34114372351,101.294016163996,358.267160591277,2.50210150748202,3.72511086575242,6.13908287454368,18.5880965027588,5.45659965868835,3029.06410084018,92367.6039691712
27.0770384171307,0.217397559112149,1368.14843507088,246.67011740318,1682.35495275624,101.636215834395,358.519454191526,2.51228111481337,3.79641409093627,5.80918278228807,18.6915459608635,5.43917630934371,3036.41235275952,91742.7096622911
27.0294098501436,0.21542405455241,1371.89497832411,245.595926682466,1687.12059089739,101.965364738366,358.647056858798,2.52555059915902,3.8699096083796,5.4852280440391,18.8059788660646,5.4207754569382,3043.08670573692,90926.8814464912
26.9822807716375,0.213308126025429,1376.06540226029,244.361616714805,1692.46033767299,102.329773352741,358.829891478436,2.54046254386922,3.94408986241573,5.15952019533149,18.9381597780571,5.40125335690509,3050.54211593272,90094.7493627082
26.940622443417,0.211056229477078,1380.93343386831,243.025511395434,1698.73754826561,102.749784557108,359.153419141617,2.55624918771928,4.01621008651414,4.8263861312665,19.0928119774536,5.38075892354002,3059.42516484283,89319.7598119368
26.9061665997538,0.208693141232255,1386.24369722301,241.578599420399,1705.64159570689,103.205363932163,359.557213291549,2.57360235597904,4.08361845743981,4.48598885660097,19.2683963794112,5.35977249087411,3069.20282669197,88624.7533118076
26.877968335759,0.20624902406845,1391.52730480584,239.982416663133,1712.57986362136,103.659916633229,359.916160005707,2.59381164934952,4.14407378940625,4.14360711167079,19.4590850244165,5.33894653128299,3078.85160377955,88021.8542377164
26.8537062001715,0.203749718724089,1396.38600620304,238.202683170477,1719.03782949337,104.081917210921,360.117188033573,2.61804943549895,4.19583858281685,3.8072920107309,19.6578293408972,5.31892209738215,3087.4864222315,87486.9411252421
26.8311167298778,0.201213782493865,1400.6291134793,236.228699938625,1724.75924763565,104.455513051054,360.101333620957,2.64687035908497,4.23733701556191,3.48466348182083,19.8589199567798,5.30024134574429,3094.67529649803,87006.3138375577
26.8089886059604,0.198655665240411,1404.25279598434,234.075328700537,1729.72697585488,104.77909857084,359.863674863422,2.6800655137632,4.26653577050482,3.18102368695972,20.0587962935355,5.28339646392031,3100.40664107983,86609.7962225541
26.7883616708703,0.196090103888981,1407.2822453261,231.766098851829,1733.96628787019,105.053360928252,359.411516047717,2.71707993334252,4.2808927505604,2.89926633158954,20.2544092157184,5.26892781086894,3104.7448173268,86339.0523219995
26.7739074205839,0.193532581161071,1409.65483939878,229.31689901775,1737.39595491859,105.272467386021,358.729359745774,2.75794468271772,4.27834494007145,2.63969329973507,20.4414506128071,5.25737792162974,3107.56689883832,86139.831129706
26.7714561089645,0.190997318195016,1411.33706303782,226.744756436718,1739.97132549933,105.432984052768,357.809060947222,2.80293314560774,4.25770384133092,2.401018858402,20.6160409869026,5.24913874048456,3108.81223360974,85980.2161889351
26.7841137713359,0.188485856940378,1412.43881700354,224.077706006947,1741.82647719105,105.542659092833,356.681827165998,2.852260714884,4.21879190804261,2.18178293858965,20.7768598202317,5.24431514632132,3108.7310077076,85787.9751855542
26.8105154240016,0.185985326844248,1413.2525979421,221.353987124396,1743.32566671698,105.623588811509,355.429741790677,2.90586635780341,4.16262410611974,1.98093272506638,20.9265750746691,5.24262129683397,3107.96923358193,85476.8642948973
26.8450273667844,0.183477865320061,1414.21874229849,218.615834462437,1745.02309102847,105.709581109164,354.177858892788,2.96220294303773,4.09038812140109,1.79896695969558,21.0720402818663,5.2435136119664,3107.49458077808,85136.5292151296
26.880956306358,0.180949589722057,1415.61573774575,215.884797999922,1747.27373111617,105.822451559538,353.010703070683,3.01904435477429,4.0033378882894,1.63737795987863,21.2194452743044,5.24647604642301,3107.92286801641,84818.9194089491
26.9139102935364,0.178409382421158,1417.37807022405,213.152297711738,1750.00037501239,105.957932247503,351.92130812635,3.07455177857213,3.90321250354001,1.49688131417567,21.3704382830849,5.25117605525603,3109.12079974748,84562.3917163452
26.9422021002381,0.175889724957262,1419.20107783217,210.397375447176,1752.82175286061,106.093435700368,350.839969317707,3.12743970468557,3.79194762433134,1.37701053882837,21.522365663745,5.25749537974387,3110.437832818,84404.7694693894
26.9652365890757,0.17342421935489,1420.71043136495,207.606574239557,1755.26484613236,106.200952679428,349.682740122428,3.17721723910876,3.6716077608346,1.27637415215224,21.6702425956503,5.26543739936933,3111.08055683693,84302.1131840612
26.9826354388658,0.171038709865046,1421.67474605884,204.785672071095,1757.03311940948,106.263288505268,348.40350201796,3.22374997318451,3.54444983070686,1.19271349444641,21.8098435254175,5.27493846361177,3110.56894099951,84224.4977447928
26.9942762693319,0.168792209026576,1422.02449838435,201.953568718403,1758.03295367447,106.275372429813,346.996469620885,3.26453941453578,3.41128669594231,1.125338008466,21.9382161980835,5.28605904449888,3108.77247633621,84500.2390744285
26.9992951721001,0.16683507832553,1421.16078707085,199.086345651239,1757.51381129317,106.192160544562,345.340897575227,3.29186115461845,3.27044060879157,1.08291186905425,22.0437552413454,5.29971539236284,3104.43355162448,85677.1202900629
26.993710103004,0.165308478750604,1417.22302784723,196.054094263443,1753.15592954986,105.874883740866,343.045697281259,3.29723805296757,3.12429782461376,1.08684800202269,22.095304657482,5.31741734398151,3093.60571147271,87309.0863861371
26.9713420879002,0.164328478318878,1408.53008526309,192.742713859411,1742.86081885598,105.200003195226,339.786042751939,3.27430340755721,2.98161592925804,1.15812788646379,22.0612909289586,5.33981708350944,3072.74217097257,89048.5849794241
26.928186023486,0.164083360919702,1395.29273659916,189.209794437016,1726.88069071085,104.185889221901,335.679955131858,3.22353668958229,2.84968123630503,1.30817010549943,21.9321080780013,5.36648953792282,3042.35924672375,90925.4808775655
26.868287426409,0.165228796818191,1379.56999086619,185.701119023132,1707.76039452874,102.98769225479,331.315491929159,3.1462790381913,2.72689589362114,1.56354984312917,21.7186051657469,5.39716216852023,3006.97520891944,93092.8202443819
26.8091045015663,0.16918863967213,1363.28556301677,182.438498026397,1687.86952574529,101.749471580832,327.380489855465,3.03815587087251,2.60419099519776,2.0052977258087,21.4419309772487,5.43229118418022,2970.88052100015,95370.2482292115
26.7727080752419,0.1796440445592,1346.63371236122,179.423102596429,1667.4321392771,100.485537149314,324.196408949713,2.90753821479904,2.47287272596872,2.73212574426133,21.1221867503522,5.47247597575455,2934.62973742818,97655.0111803609
26.7711620470984,0.206097454738349,1329.37685384983,176.626828482123,1646.14022322213,99.1765610762477,321.830998898539,2.77731247372751,2.33292628779093,3.78898189139938,20.766584797702,5.51765685959254,2897.76880634103,99851.00597012
26.8031688261271,0.264842297040827,1312.66664455972,174.443687538028,1625.36639079168,97.9026654171491,320.420744496048,2.65513355602138,2.20243557836371,5.1333306014449,20.3697427814288,5.56555134030025,2862.84990026514,101860.573605665
26.8601457234013,0.362488158037783,1297.65814529595,173.750154913622,1606.39317304735,96.7356220561349,319.869084157111,2.53687883161263,2.10340882337507,6.65494354156947,19.9334156711528,5.61239884055158,2832.56071342534,103697.4078675
26.9337176646827,0.489484207007081,1282.98297958751,175.052267475759,1587.3879528254,95.5603672781062,319.505175077802,2.42903477542094,2.03726543362454,8.24657717029989,19.4798587750933,5.65595506675289,2804.09388767625,105322.037779119
27.0178298544287,0.628779611904377,1267.45601752314,178.228590772953,1566.87886427762,94.2887411560518,318.892620057206,2.34380363594553,1.99568365676501,9.83661236207799,19.0371214236908,5.6952911841005,2774.79970488029,106107.267758134
27.1009003257766,0.745144962402168,1252.76143186753,182.833719509815,1547.09721719263,93.061155062808,318.345240756155,2.29163414312235,1.9749509669985,11.3359433103021,18.6390421069999,5.72866295514477,2747.9363341865,105653.411935292
27.1614440956305,0.803072814828791,1242.21208311203,188.404653565401,1532.34897797121,92.1449266079755,318.518826801687,2.27283086214547,1.97192684822354,12.6228621647793,18.3220748173054,5.75399586487985,2730.16250110174,104805.271252274
27.1848420353716,0.801617110316771,1237.51269112286,194.659812471271,1524.86325249401,91.6778879296637,319.750420354916,2.27660774993732,1.98254247507838,13.6340895189109,18.0985054074254,5.77092262908899,2724.88419267679,103815.257518022
27.1730628489037,0.76410038424653,1238.04453909076,201.453942335684,1523.88833342083,91.6127355668174,321.942661524285,2.28970854568097,2.00248735593014,14.3894367143671,17.9558182951751,5.78086651765695,2730.74887575215,103013.49774462
27.1455870618725,0.713240301858937,1241.8933362875,208.556690707159,1527.05581496018,91.8021456014926,324.7427067037,2.30333359132428,2.02640278327771,14.9422956904937,17.8687301147696,5.78625685816746,2743.6657628803,102633.648222397
27.1375242215462,0.657619379219901,1246.77540203016,215.449717370007,1531.61163279596,92.076249812758,327.679409262129,2.31798555559808,2.0515483396289,15.3287932182628,17.808666334229,5.78924578916605,2758.61167223214,102325.706281167
27.1758902066313,0.599463974673227,1251.31743155148,221.679243286585,1535.93886167431,92.3358652678476,330.436197233369,2.33674041495979,2.07785833264558,15.5602974321139,17.7588771248416,5.79079650669349,2772.47751250338,102016.469374589
27.263395875671,0.539364028281768,1255.3735481383,227.156940871943,1539.87391695731,92.5712967783827,332.958633759639,2.36147446427499,2.10719992054466,15.6420001997602,17.7176510029663,5.79072557128663,2784.89859235632,101403.383237601
27.3792369304571,0.47833606076559,1259.80211125523,232.053850840599,1544.4447062244,92.8469468571108,335.439786864923,2.39164757468289,2.14339771089128,15.5824520319878,17.6964792854166,5.78788389716531,2797.74868018965,100277.189731091
27.4878350613657,0.421071035959072,1265.96705876011,236.64279694176,1551.2832297926,93.2651289238739,338.229107306974,2.42068825080714,2.18789540120664,15.4011645275972,17.7136549861456,5.78114407337197,2814.030344717,99126.8596649956
27.5631864305184,0.372451726835737,1274.40749741225,241.125358740904,1561.00526309838,93.8650874044973,341.491807493176,2.44205665190771,2.2399353150114,15.1262107424849,17.7756985916924,5.77038963259918,2834.98943691388,98091.630831661
27.600040936173,0.334651375099909,1284.58134668357,245.541172829882,1572.91417022091,94.6041939801047,345.112800912304,2.45366330136866,2.29925127969999,14.7823772892231,17.8741112944689,5.75626098465711,2859.51286245578,97153.7495760337
27.6046067222942,0.307142059247056,1295.65114957708,249.8243293099,1585.96660770802,95.4174038502559,348.881010761478,2.45668429792312,2.36604656236904,14.3856901507404,17.9960425692998,5.73952837796786,2885.7960637925,96283.658479103
27.5832169451442,0.288096600223555,1307.02821706592,253.886543051449,1599.42685535335,96.2578052314089,352.63209376754,2.45319521719492,2.44026880604279,13.9455400496395,18.1317516771086,5.72078336118992,2912.52629536772,95500.0814980333
27.5396245029555,0.275351950696466,1318.38358431766,257.661741440438,1612.88128543684,97.0986413262974,356.26867621779,2.44527724951143,2.52125084453947,13.4696961879446,18.2753563905046,5.70047346289788,2938.95134883661,94800.410997674
27.4771384074191,0.266848937129395,1329.51693315393,261.112706440516,1626.0846159599,97.9245838118214,359.737946507871,2.43489107365769,2.60785631493536,12.9667001224841,18.4234446137592,5.67897643233493,2964.62617482439,94168.1416185642
27.4035140683033,0.261034844964217,1340.30475340637,264.226862265723,1638.90046927465,98.7276438973103,363.017684760376,2.42357211622488,2.69882467009637,12.4445037898728,18.574074973147,5.65661074672256,2989.30510706144,93588.9709833438
27.3348565854998,0.256910448879778,1350.67924159973,267.012268807594,1651.27563750911,99.5048472088265,366.106442202339,2.41226989447644,2.79288829379629,11.9085963707246,18.7261704186766,5.63365042113543,3012.89178445449,93065.6653850117
27.2866782464337,0.253858704733355,1360.59662906129,269.484866171476,1663.18221454345,100.254519236496,369.007985020486,2.40157093365904,2.88879186520063,11.3634472654841,18.8788562628257,5.61035328056461,3035.34091172419,92598.2960021454
27.265499157112,0.251536794755986,1369.78361628564,271.62018069058,1674.28949993311,100.956484646317,371.659141948932,2.3917970073468,2.98484888097541,10.815031406419,19.0306609142362,5.58706088976255,3056.07462413011,92279.511419015
27.2754778015025,0.249732042201023,1376.78377817112,273.195731623615,1682.79175915667,101.501223394482,373.670859783512,2.38533598337987,3.07924629328272,10.2731262670216,19.1760886450329,5.56433336110732,3071.87194797628,92205.7869236965
27.3300928845115,0.248264580096786,1380.62150926095,274.075530317555,1687.45778009596,101.814481976359,374.762649483142,2.38544668597893,3.17158480699406,9.75075283689215,19.304693471449,5.54277110095319,3080.5528572919,92235.8570048112
27.4448871221318,0.247037452385992,1381.7090210991,274.339673802173,1688.76457376313,101.925731937617,375.020240223983,2.39222804322731,3.26183126035078,9.25845872682576,19.4090073359543,5.52275073058003,3082.99515238006,92308.0269158415
27.6242208465384,0.24599697669342,1381.13969741343,274.16677818459,1688.04169302075,101.915719326549,374.729050469173,2.40383922021004,3.34941355105388,8.80097243446786,19.4891536087554,5.50433836205787,3081.59681968104,92310.6696711368
27.8554502863083,0.245160987912165,1380.15517198913,273.75019524806,1686.80896716531,101.876188438075,374.248142354543,2.41785627699025,3.43284358349648,8.38318745148113,19.5536190896673,5.4873337701579,3079.10386646881,92135.4630108983
28.1102450434271,0.244477586508341,1379.9369205769,273.274572563397,1686.50417587485,101.893365433739,373.963407110317,2.43065409282028,3.50769156418152,8.02001010807808,19.6180093857099,5.47163386791342,3078.14768808992,91926.145743807
28.361367417214,0.243851911754311,1380.85213326074,272.812870869833,1687.55972977037,101.992429909198,374.046163484516,2.43979841730233,3.56916847454699,7.7282213769132,19.6948785599568,5.45735458587369,3079.57408395946,91739.5219613365
28.5962703088064,0.243335105301537,1382.46878854365,272.332867262126,1689.43292262666,102.139820258312,374.417189734759,2.44500328682768,3.61525666838375,7.51492499674415,19.7872056146176,5.44467907452319,3082.46727101591,91635.6592659918
28.8142838865805,0.243190334067405,1384.15556923508,271.802307334089,1691.33989975634,102.287727083369,374.926594774825,2.44672863867534,3.64470350291697,7.38531391083762,19.8915887557521,5.43399637764603,3085.48911436091,91670.2025176856
29.0168264267254,0.243601868079683,1385.35328137994,271.235786954437,1692.58039138657,102.393720224622,375.470213312583,2.44567751573024,3.65457911296419,7.35712206628957,20.0042949476686,5.42599086286813,3087.49844217276,91751.4602448621
29.2036391530601,0.244631611822868,1385.82795074507,270.681819561533,1692.8557003417,102.440003887011,376.037466972749,2.44204901190282,3.64247089280649,7.44893355724998,20.1243951671053,5.42112873166532,3088.06421257201,91836.5710557687
29.3743806701018,0.246317098540881,1385.70534806209,270.196115443187,1692.31788686185,102.436062544968,376.680108340816,2.4350458649896,3.60814224059004,7.66424537652147,20.2518785439604,5.41945646400943,3087.49937421147,92088.3344216362
29.5278958983089,0.248651857289775,1384.92692085697,269.799930669013,1690.89622712251,102.377176336049,377.355841760986,2.42426820626584,3.55284810667912,7.99378037296108,20.3804061210558,5.42107849112273,3085.68248417514,92714.9325064543
29.6575774580151,0.251561158109669,1382.88915704848,269.455933335272,1687.8549631572,102.217535176893,377.828566300476,2.41253257332371,3.48158168693016,8.41929806320767,20.4923449436901,5.42611959663155,3081.28591940806,93490.60778241
29.7528834380065,0.255076688481526,1379.16737284799,269.132640060939,1682.6861255881,101.925383489385,377.898637933295,2.40289052781932,3.4016042073452,8.91718828731062,20.5706145545305,5.43433725108744,3073.36068739623,94311.3660171937
29.8060703024842,0.259677641595518,1373.97339675297,268.87097353379,1675.65915231711,101.516674465787,377.581961070504,2.394499724249,3.31541608827067,9.47096270329452,20.6075484581496,5.4457046983994,3062.36342488596,95558.5395424351
29.8148073740806,0.266238220092959,1367.18931792849,268.711578208724,1666.62111549734,100.981262201583,376.862525453583,2.38514629393827,3.21808266321135,10.0743745343716,20.5914577784556,5.46155199897814,3048.07941063717,97618.8143661583
29.779727164954,0.274960118402175,1357.51219650096,268.540527500225,1653.97213169829,100.220624936225,375.406145734923,2.37901001629963,3.10685395390659,10.7014072726831,20.4951231163241,5.48377494566302,3027.7128369139,99875.9824288887
29.7024954101771,0.285655281269645,1343.99334066033,268.200940236969,1636.57855575033,99.1652483530861,372.93808051495,2.38108940452612,2.98567114659433,11.3015277917842,20.2995124521118,5.51283475998485,2999.18398216435,102084.53938905
29.5875784539078,0.297612720346286,1326.72193967418,267.568719528266,1614.59371399521,97.8252280342803,369.448442535843,2.39479254590103,2.86347895086727,11.8321293349429,20.0128893134601,5.54697901072973,2962.60829144422,103702.342559085
29.45143867447,0.308970791642745,1307.51781953621,266.685498631335,1590.28139706658,96.3407134597081,365.400572664894,2.42062929265927,2.75185037957526,12.2758478899249,19.674823616192,5.58238253809352,2921.82926896474,104294.352974567
29.327471487408,0.318896292171486,1289.79401540925,265.847578461904,1567.81919981,94.9686740437583,361.719000277701,2.45010119474239,2.65601178103659,12.6487992880528,19.3411207594069,5.6152572396306,2884.18540204171,104565.547674612
29.2426802314643,0.327566931341158,1275.69065905204,265.310638542661,1549.79847836129,93.8680595689648,359.00900723022,2.47506621159485,2.57472611384837,12.980346835978,19.044541375641,5.64402572929821,2854.31854632408,104712.874151661
29.2017666700217,0.333937476233842,1265.43389020831,265.137888269642,1536.483290434,93.055150629633,357.347351113488,2.49508196628816,2.50803443706355,13.2794279130776,18.7902503440785,5.66843157185516,2832.7446917624,104388.30948141
29.1909040132742,0.335797624034812,1258.99471381032,265.32987639251,1527.86382673634,92.5299878935345,356.714995716272,2.5128845393625,2.45964091403829,13.5219474184997,18.5825697334229,5.68769104643937,2819.42222577203,103358.145220425
29.1874617706691,0.332873056846715,1256.93652724556,265.962214975428,1524.67090374446,92.3380038409772,357.246441045572,2.52660462336429,2.43169389267835,13.6689440570292,18.4357120903093,5.70065607495309,2815.61153849105,102129.453666475
29.17643744306,0.326950325653071,1259.36201640929,267.069670560877,1527.04881111911,92.4882960962334,358.961325054795,2.53338314460159,2.42298394707763,13.7012463964002,18.3571133325909,5.70704008743444,2821.56586535545,100859.702570047
29.1562533624645,0.319597908383873,1265.52960877843,268.564921134264,1534.08418426759,92.9249597379447,361.655769338905,2.53273642205921,2.4307182976531,13.6257886653706,18.3419649024099,5.70747674012965,2835.66651521822,99647.3950492795
29.1312926813543,0.311500586068572,1274.34109554186,270.291380702101,1544.42003747283,93.5647183411789,365.020188114643,2.52604895794088,2.45184547525248,13.4594549129006,18.3787434055453,5.70299740753582,2855.48694703454,98568.4281477838
29.1043874113888,0.303062928725324,1284.72047259336,272.075296754789,1556.73236438046,94.3261776971518,368.731488595302,2.51582669861299,2.48471830115386,13.2147964919919,18.4537492919867,5.69452683011434,2878.62776353296,97569.1761185738
29.0763334887165,0.295065196878267,1295.8983625601,273.788523091075,1570.07665217563,95.1512852581397,372.55123568758,2.50377781781869,2.52845636294266,12.9012146014726,18.5559690359838,5.68274464588025,2903.36805878897,96647.3409259781
29.047816890962,0.287786737228393,1307.47717139851,275.370562435831,1583.96388213696,96.0102868467094,376.361752755599,2.49156306801968,2.5826932264272,12.5297344594101,18.6794172277708,5.66802648952854,2928.82553219987,95598.3497619515
29.0201535422659,0.281011055472564,1319.59675344351,276.832308254032,1598.57032782947,96.9148104327749,380.207630202489,2.48016599124121,2.64845197496895,12.1148844077979,18.8259085387555,5.65015427834744,2955.30956549304,94250.4921188346
28.9948343775189,0.274899587676653,1332.9088089682,278.25853147926,1614.70617388334,97.9154649280517,384.283471676083,2.46689469793817,2.72551631082264,11.6781133619249,19.0041527981953,5.62870732994755,2984.26603425909,92987.0335154711
28.9713182427222,0.269618572864526,1347.63545327036,279.698879302616,1632.64810089413,99.0296578331686,388.664898153248,2.4492988916038,2.81125429390081,11.2417876409751,19.2167900426833,5.60393101632139,3016.20951042356,91986.5108708482
28.9456800832418,0.265089739101988,1363.11048728118,281.090288811517,1651.57416436773,100.206957943993,393.173150214626,2.42790159613098,2.90214661540277,10.8207002215864,19.4540927533857,5.57687026702838,3049.69860246714,91298.219713757
28.9155505233358,0.261115992802216,1378.22569919381,282.296142557737,1670.11735737678,101.363100044305,397.494349082138,2.40571459363382,2.99580858065922,10.4182693961333,19.6991890870289,5.54879901012123,3082.30180351892,90771.5010207711
28.8888066562028,0.257514308883031,1392.18350069916,283.201553812453,1687.29276005821,102.436724691485,401.389581085703,2.3860166785076,3.09213292697589,10.0255346099147,19.9383098728332,5.52049623281275,3112.24728256255,90214.5728014327
28.8792273102592,0.254227837861052,1404.46929221918,283.705421429611,1702.46866208875,103.388185889841,404.698003655323,2.3702492136937,3.19156740171236,9.63046336536815,20.1677263897447,5.49211100339277,3138.37096460615,89682.6220342712
28.89530673729,0.251212828320575,1413.60764996694,283.528123515249,1713.8492832199,104.107376529114,406.991983836645,2.36132644154726,3.29445854743815,9.2283092635,20.3882471976658,5.46355894791152,3157.38031987812,89211.859979617
28.9352680858383,0.248389806836799,1419.37741213851,282.633827091713,1721.15943788846,104.577595355197,408.202683964762,2.36075448797404,3.40064141365592,8.82111691577479,20.6000334434755,5.43485401294054,3168.77799197662,88799.9229468965
28.9884161800523,0.245664537970611,1422.87535422579,281.199192755064,1725.71793965629,104.880431831469,408.637575362668,2.36667896206059,3.50879925841442,8.41198743472454,20.8031260092517,5.40616771680702,3174.96721957822,88442.5531968859
29.0425693831218,0.242957829502399,1425.27476781882,279.398377224925,1728.93510581782,105.103343070392,408.630552907685,2.37648376703872,3.6171007101563,8.00292426891922,20.9976286925263,5.3777469654335,3178.51045431718,88135.783447667
29.0904391636169,0.240248074720656,1427.27775962837,277.344558516208,1731.65491022748,105.298379082537,408.38912434468,2.38816005679699,3.72340960496341,7.59577341528215,21.1832634174936,5.34992346356794,3180.95218790069,87938.1628453468
29.1290878137942,0.237552399794143,1429.02944406485,275.079312842643,1734.05066292793,105.475619140829,407.971044641631,2.40086024308973,3.8250857414576,7.19168190065044,21.3578600557632,5.32322616128469,3182.63256151388,87899.5075624446
29.1558625396512,0.234853195526345,1430.27322050527,272.570748949558,1735.81214451622,105.615130033997,407.32772522812,2.41525919371917,3.91935730045563,6.78820990036235,21.5168619060766,5.29835098854277,3183.00813727373,87959.8652117062
29.167521498568,0.232116161723519,1430.72030354164,269.767832346528,1736.59223761883,105.694775256735,406.400856154508,2.4325355468717,4.0038434035433,6.38089424161982,21.6559789112913,5.27592330258908,3181.45587343886,88085.7801414242
29.1619008885792,0.229318502797806,1430.30891409084,266.661753889799,1736.31811155405,105.709371563288,405.187177967924,2.45331622024031,4.07662687206193,5.96787178957449,21.7730451346527,5.25636856386494,3177.85047786819,88293.1112330297
29.1396665834533,0.226454858537411,1429.10111584619,263.282080893589,1735.06759144003,105.66282451476,403.707652944686,2.47768098028161,4.13621820959942,5.55363673771067,21.8667859491893,5.23998332279758,3172.34698948698,88597.5823901553
29.1056179912322,0.223534162937768,1427.18110086055,259.67845059452,1732.95377395128,105.560661372286,401.981208242252,2.50554881820268,4.18197420070337,5.15049755661808,21.9354125233813,5.22696010667364,3165.16414039783,88941.7127840926
29.0662614350763,0.220572923846123,1424.72688994097,255.913936215096,1730.20895008249,105.415598306967,400.051604771351,2.5362628908468,4.21388297204654,4.7722809771226,21.9782302392791,5.21733861317686,3156.73003683274,89296.4964060962
29.0259480532083,0.217561534526421,1421.9801748854,252.043743470873,1727.13846399639,105.245527840047,397.984307016389,2.56948843424868,4.23287328260504,4.42583987606711,21.9975324338055,5.2108673277518,3147.59826562187,89493.5556504215
28.9844437715864,0.214481089337205,1419.44797618882,248.148704123124,1724.37124884715,105.089084150123,395.926740309864,2.60507794994567,4.24087334633797,4.10696323076403,22.0023487338319,5.20679111060041,3138.90051753713,89384.8853360429
28.9353979208133,0.211353696433609,1417.97378653017,244.367173752224,1722.95450073124,105.010832828245,394.131981053574,2.64113217915749,4.23781842144154,3.8032816028723,22.0086019169193,5.20426114375776,3132.52817150426,89250.2756151397
28.8690178073488,0.208206059430197,1417.80116241246,240.754778034185,1723.20036929384,105.030000420558,392.687792355958,2.67691343577689,4.2213059319442,3.50379519401866,22.0264052576465,5.20308254163037,3129.05728845739,89211.583551795
28.7768477736261,0.205062930804732,1418.2536947882,237.224609309627,1724.28469211285,105.095774731479,391.416817165324,2.71432762531838,4.18883352649093,3.20508157283995,22.0532529530306,5.20377045623033,3127.01951156097,89275.1407678798
28.6562780844736,0.201930519723235,1418.50936085885,233.662392209421,1725.18901909352,105.145243072047,390.089760244849,2.75624104015996,4.13919760637762,2.91118139323329,22.0800920312241,5.20701107047132,3124.59935921667,89332.4492182709
28.5149079875885,0.198804751369298,1418.23890219543,230.024208320737,1725.47962816605,105.151458149578,388.60487203395,2.80417344369696,4.07291400252292,2.6312461452533,22.1011259579463,5.21305610417708,3121.04025207661,89277.0671243789
28.3670267750876,0.195683524317019,1417.75718947326,226.359660453617,1725.50899760446,105.135817494934,387.036104667893,2.85717168512222,3.99160207685215,2.37430529689495,22.1186556651997,5.22154232421102,3116.99725206148,89083.6337483993
28.2253999768013,0.192570675845116,1417.66283399129,222.75815088496,1725.99400910037,105.142075772098,385.539703946754,2.91277684641866,3.8970150211474,2.14484652020771,22.1404188151023,5.23178148547883,3113.76640788693,88784.634364248
28.0955999613786,0.189489802593512,1418.32034146438,219.276705584422,1727.38740759929,105.197745520988,384.215238625555,2.96829777638861,3.78996503389502,1.94245651832952,22.1733307601403,5.24326610830617,3112.15692223136,88540.2544865443
27.9728170710681,0.186472263035563,1419.53866312939,215.900883330091,1729.47976854089,105.28978491299,383.018458993451,3.02265405922284,3.67014990936507,1.76276928332349,22.2169047445656,5.25606598941168,3111.78740264455,88463.5568457596
27.8443180855421,0.183546173890794,1420.63037907529,212.553485418138,1731.45569726454,105.368185709379,381.774592491129,3.07710771351727,3.53689831327523,1.59997340284133,22.261785564169,5.27080647663762,3111.19870849371,88581.3988545587
27.6950332287271,0.180806474099055,1420.69850721219,209.135537038526,1732.22796261145,105.3662930245,380.256968429285,3.1311989897028,3.3877557667723,1.45236204330505,22.2920838640566,5.28873648593312,3108.46677856219,89332.2919262002
27.5112799708845,0.178442037372395,1418.15438516215,205.478051541912,1729.83211005144,105.164092858007,378.072052476567,3.17975101101659,3.21821141152075,1.33201292506925,22.2775596927356,5.31222852735814,3100.1565530319,91224.4935188511
27.2879457706069,0.17656014516459,1410.38605088855,201.304662210553,1721.00773999494,104.564586796724,374.584253199722,3.21615337508477,3.0307938670151,1.26824603942037,22.1694711553296,5.34375430954773,3080.60101937579,93530.0065904157
27.0349911265909,0.175249962389677,1396.03735137338,196.498873404508,1704.01716949609,103.46632698306,369.502902019951,3.23012679376615,2.83846049907297,1.28866022138214,21.9342807160301,5.38344989665787,3046.86197362783,95870.1366334581
26.7700711989905,0.174812101899503,1377.13854029969,191.360736322401,1681.30132727648,102.022301557036,363.417667100596,3.21460104662757,2.65444396196197,1.40537443383002,21.57669226902,5.42921252016269,3003.38130333052,98249.4547265738
26.5074283954668,0.176426683993142,1357.50222118285,186.425380657604,1657.54334233312,100.519950990788,357.447112272581,3.16365974862226,2.4822479067747,1.65360900308951,21.1280931269384,5.4789230393275,2958.57557053755,100716.043301573
26.256421835575,0.182752025435498,1338.78321577613,181.996097933918,1634.84488791935,99.0892866501108,352.324478597013,3.06838939895093,2.31832020094716,2.14439508867627,20.6279666723515,5.53134876925382,2916.36677915483,103140.890001742
26.0240378059267,0.299031087782006,1318.9826859763,177.903728071465,1610.80445149691,97.549321375395,348.034878445295,0.0312299831778136,1.85663021474171,3.1981917644702,20.2081398639884,5.62215163924049,2872.79023214547,105448.728713559
25.8249795855521,1.17691371017493,1305.15238082111,175.211584032995,1593.77673659425,96.3473454357742,347.832453820007,1.10855996015714e-11,0.315545861242958,5.36561485806446,20.2356863987025,5.83898320475646,2843.82719699591,117238.13247512
25.7074905880351,6.77029289535969,1302.68824419671,174.660091437742,1590.40677535546,96.0712296613601,347.939615356511,1.39432405334634e-12,0.00870009956752904,7.21811823596687,19.5462727593503,5.92440329914736,2838.33795518996,120323.695165486
25.6245720961067,15.8110544201917,1290.28911863944,175.118758101344,1574.50027176775,95.0359221020983,342.53136378757,2.11246004169962e-14,0.00122482356279842,8.94089285270028,18.6150321126024,5.97622629509785,2810.84939450824,123242.490948153
25.5630231908982,25.0651527625185,1269.28567926208,177.580252185342,1547.42635195355,93.3004566008696,334.613717285171,1.13125441182114e-16,0.000775570155774173,10.6043453236994,17.6045374978559,6.03064354722399,2766.19612859135,125775.885128514
25.5291298829465,33.4988321367408,1246.95778512429,182.285546644023,1518.15652490451,91.4145981852554,327.10525355467,1.34168928234978e-19,0.00053431374642876,12.1669575597481,16.5834666539918,6.08681159104263,2720.36062723619,126875.520456354
25.5192851194592,40.8867262068092,1229.42794472051,188.479687208556,1494.50719696722,89.8638049897014,321.582680619395,5.75522880409072e-23,0.00029501662219222,13.5281226473701,15.6557440348556,6.13867702282218,2685.80505254828,126098.154379765
25.5132471730769,47.1932823475105,1221.11225830668,195.360390549672,1482.20100027084,89.002450310602,318.913052432006,8.74542941581789e-27,0.000128294981998186,14.5747195120675,14.8864544104925,6.18212622733088,2671.24294552146,124862.204911648
25.4959353674141,52.5418710130146,1221.69410680332,202.557520349384,1480.94014748327,88.8132163050219,318.782623010851,-1.00800329571611e-28,4.59066363902225e-05,15.2943952418694,14.2680884011756,6.21747256278934,2675.68664340821,123475.569474194
25.4665401729528,57.1903826262021,1228.1246825117,210.027723239819,1486.92003680915,89.0636293184964,320.214557519393,-4.58836669384613e-29,1.16301228867376e-05,15.7540726407127,13.7585934817904,6.2470500964277,2692.58849591119,122349.094861825
25.4318619474626,61.3715505460497,1237.00170129517,217.623676335731,1495.90782174236,89.4977542773302,322.203722085671,-2.00013551542078e-29,1.63958660498687e-06,16.0233544923632,13.3132013083405,6.27329994332895,2714.63336949057,121752.388886484
25.4000417048829,65.1790966331198,1245.40703940786,224.864583952792,1504.34770837229,89.9052207767044,323.96051086379,-1.39472939357097e-29,3.04987145048384e-07,16.1404100320002,12.8957038314811,6.29821775325158,2735.40059721086,121278.275042343
25.3735865261039,68.6372575702449,1252.13973135092,231.406525324136,1510.8119699665,90.2028087363033,325.180239521664,-1.35104871906986e-29,7.29403637419065e-08,16.1236015076319,12.4886568051044,6.32275540262028,2752.18563132842,120871.44945748
25.3479669974366,71.7912430158834,1257.42059369555,237.255322120532,1515.58520789603,90.4063921215682,325.946676354632,-1.3124955830547e-29,1.72997784186599e-08,15.9911818402261,12.0881610549757,6.34707066279163,2765.47977157138,120368.790811144
25.3109561357489,74.6878503412874,1262.02226986866,242.556359543059,1519.6067549138,90.5702029542458,326.506757775543,-1.18872537855546e-29,4.04684428072501e-09,15.7661084094552,11.6961023381881,6.37098604389613,2777.01602795598,119827.007129665
25.2408520423486,77.3298270567788,1266.42737493223,247.411306628144,1523.45480725969,90.7279117264794,327.030229851014,-1.02911360022549e-29,9.47709599766876e-10,15.4715575549073,11.3124775524172,6.39443719029451,2787.88645408832,119648.8950212
25.1178648940221,79.6945567192867,1269.99189377606,251.772680025925,1526.34016040461,90.8319751085105,327.372664418248,-8.77949049108749e-30,2.24272296994268e-10,15.1220860059802,10.9290280627531,6.41782167649285,2796.73084887112,119903.644848196
24.9321762170787,81.7622729743818,1271.56090485976,255.497669488414,1526.86705476871,90.7990968658354,327.240058578199,-7.49902460018571e-30,5.31562864712307e-11,14.7256759492484,10.536128165253,6.44162105714409,2801.0651232142,120226.469181361
24.6842316076323,83.5502828210425,1271.06085725719,258.599309213718,1524.96597969645,90.626009877112,326.615502559628,-6.43670820815578e-30,1.24040293050275e-11,14.3112965086923,10.135387429386,6.46572701242801,2800.76811466447,120132.335887908
24.3855588565326,85.1402156417792,1270.01131982056,261.402707933859,1522.49484769699,90.4245496883946,325.894459023178,-5.54486049843451e-30,2.80665766752672e-12,13.9423764768743,9.74042614304351,6.48940932891782,2799.23772590511,119852.85783097
24.0544941384889,86.6294030095125,1269.87847535251,264.211712459238,1521.22645710366,90.3004668622725,325.452738893678,-4.78548905879986e-30,6.27294866528296e-13,13.6628962239038,9.36251307517783,6.51208001781389,2799.72176779155,119439.618456872
23.7107645371843,88.0802501896747,1271.03392733219,267.061827206346,1521.59207622321,90.2788232871221,325.378424812868,-4.13391148350368e-30,1.4229392609561e-13,13.4713713008984,9.00509529409694,6.53357011263061,2802.99009174578,119176.778215615
23.3821832242089,89.4979793391487,1272.68627153543,269.705950675544,1522.58536595745,90.2991436400504,325.453370578606,-3.57137525864758e-30,3.2853000718609e-14,13.3313364269597,8.66362544561781,6.55412216213522,2807.17044846846,119402.418705221
23.1087188582189,90.8388721526767,1273.29255903511,271.672768916068,1522.26011622611,90.245793497912,325.261468905761,-3.08231823932653e-30,7.69507067344629e-15,13.1863998288035,8.32862330148131,6.57422267777381,2808.64232406291,119847.039874921
22.9122452626512,92.0535455911113,1271.89842235818,272.667692231121,1519.41687261499,90.0478328066809,324.547774248641,-2.65559713620115e-30,1.80169658098334e-15,13.0006964915127,7.99479827621143,6.59413273088637,2805.16992232327,120433.018918119
22.7822271719886,93.1179723561351,1268.54803088381,272.750594551412,1514.12592330652,89.7092906565812,323.327298328245,-2.28351545463063e-30,4.17056431496611e-16,12.7729566496607,7.66280493485446,6.61380987929027,2796.90732487652,120971.874014538
22.6783877357428,94.0571767065912,1264.00049415997,272.220152791207,1507.39425332002,89.2891101052902,321.812693307435,-1.96057498124361e-30,9.4155523007197e-17,12.5182607139221,7.33734658306328,6.63301522790085,2785.73708811877,121277.51084836
22.5408067109877,94.9378867826379,1259.37679963415,271.478377976269,1500.72229552584,88.874952389718,320.319931177158,-1.68190387909337e-30,2.07219804195236e-17,12.2514636985968,7.02431962975856,6.65145999004847,2774.42373449255,121537.153477199
22.3295883355885,76.6559508642261,1244.41222291115,268.661742510759,1482.328288053,87.8134556846096,330.08150059748,1.02848705685466,0.318203444378911,12.0770263372976,6.81200981203501,6.65466003673628,2749.3903434192,112576.549573198
22.0148520783969,56.3114684630522,1211.76884058899,263.206337962451,1442.98697923597,85.5362076104268,336.22165182506,1.49571175102956,0.79646740081179,11.6943735617624,6.55804357019317,6.63880542949916,2686.95054586317,112754.1034103
21.656703502929,40.1294778003295,1184.10873016137,258.465906381331,1409.75160622811,83.5911525362989,340.619288629797,1.57600193639305,0.994799068902636,11.3882378093587,6.42742860464514,6.64597465216791,2633.54750802633,112677.644630065
21.2918611403195,24.211660969186,1167.45601809504,255.051015300819,1389.91374917765,82.4339737314722,348.2405119517,1.64498615104052,1.08862909965978,11.1741047762621,6.44436260224901,6.65812233978722,2604.12574004936,112366.339452589
20.934101099189,10.8674993668703,1158.74657841553,252.396679457877,1379.74237676958,81.8474878079415,356.915411839864,1.74632648553313,1.15674544750156,10.9926754850144,6.54359355163487,6.66368988285984,2591.09930562132,111835.748200917
20.5929095946677,4.03479825114056,1154.5712526073,250.107299631058,1375.06639185261,81.5866118606701,362.782903986116,1.97170114195368,1.2373365631326,10.7376550366453,6.65818460846623,6.65357092672899,2585.31390697949,111343.635271572
20.2939674382553,2.64022755310749,1152.88946401379,248.103314236335,1373.34199361302,81.501520538461,366.129221636917,2.16197992492721,1.32483496336166,10.4716537696157,6.76154899043945,6.63288276933432,2582.92123903613,110964.825345413
20.0873968843672,2.35711894954568,1152.67986133202,246.484500480959,1373.25031095243,81.5121621958921,369.935484012328,2.22349894030407,1.38857436903299,10.3880188253758,6.86026698410571,6.61493535013655,2583.7568335133,110316.238762493
20.0058724304005,2.30353286898055,1154.01385641724,245.404088709576,1374.84151740769,81.6219063001991,374.515593160723,2.23507393383744,1.43175447068535,10.5335641400649,6.95782206747376,6.60100811285684,2588.22583951472,109353.252412244
20.0423115357862,2.32687506986291,1157.50613730896,244.959032636631,1378.88785601873,81.8770027254771,379.845111235276,2.22311706904266,1.46347148732964,10.875673414482,7.06101564638551,6.58963136851163,2597.58571661844,108203.481905894
20.1647164715054,2.35658231917306,1163.44380699617,245.169106658046,1385.79257900556,82.3006918399728,385.85678185428,2.20019150685188,1.48926396255819,11.3354227468073,7.17535381456594,6.5795585683051,2612.4109797369,107122.467133128
20.3334548548023,2.34814602798209,1171.38098665635,245.987739712698,1395.06482276222,82.8622926802368,392.299830904769,2.17618972405925,1.5121295701585,11.805186808642,7.30130103020628,6.57000241549864,2631.71123906144,106152.075651327
20.5208369613182,2.28878431869087,1180.4936404107,247.295380253203,1405.73576934716,83.5032219435114,398.841209370952,2.15747688092133,1.53397899990697,12.2100993165975,7.43630929684179,6.56048758891305,2653.65205058497,105289.44435255
20.7162917094939,2.18546156844752,1190.06579559591,248.936450404912,1416.95158456217,84.1727758692779,405.232883547621,2.14650363865174,1.55606119316342,12.5350782152647,7.5780815866139,6.55072841997947,2676.61489161556,104483.9657767
20.9120257640894,2.04695791869137,1199.70888262008,250.769069893677,1428.26171435378,84.8447022993742,411.367014386024,2.14414750509729,1.57948906741397,12.80010158939,7.72599419795771,6.54045290770253,2699.70708039856,103653.111658395
21.0919471017335,1.88371903192439,1209.3675659599,252.69418578318,1439.63899242938,85.5177222920206,417.248895989752,2.14985806123141,1.60484888747227,13.0343267871099,7.88108468359948,6.52938859136254,2722.79034575297,102881.4354024
21.2430612807937,1.70963345404746,1219.01982769456,254.656951340317,1451.08588231837,86.1920918641814,422.890245418193,2.16201434702143,1.63204236683251,13.2567875187654,8.04407483647737,6.51738823237235,2745.81652424801,102199.903709966
21.3648538710476,1.53776607600978,1228.51679926539,256.628036846765,1462.41894888305,86.8570711669141,428.259416273713,2.17887887169653,1.66070628136383,13.4700468287697,8.21431597798335,6.50445476351699,2768.45781349592,101598.056836167
21.471074782561,1.37562097664946,1237.6907654375,258.567476159696,1473.39181689694,87.4986228794148,433.31177337689,2.1992473833628,1.6903565069444,13.6621139349714,8.39047691649577,6.49067840334742,2790.29677043886,101064.091775197
21.5880877765485,1.22603398130021,1246.45266258747,260.398680263486,1483.8145365753,88.106686391898,438.012276092906,2.22250718871691,1.72044039458129,13.8104130802195,8.57121545360634,6.47616631660048,2811.00774720957,100604.810690194
21.7364571171426,1.09098996870055,1254.75007652863,262.057848939821,1493.55961225232,88.6746520699929,442.336606036266,2.24792023767294,1.75040665009762,13.8978045586185,8.75522516597775,6.46103573040177,2830.36805597605,100217.065537095
21.9194388553153,0.971899678838605,1262.51341161011,263.531294060899,1502.53594051304,89.1971566894959,446.270383751702,2.27422717831534,1.77958663251478,13.9230951789187,8.94113202312085,6.44545220805263,2848.21959438644,99930.8921493605
22.1301926043842,0.867371467814319,1269.5969831432,264.817650373841,1510.61442566632,89.6657680867943,449.780604659051,2.30069711303613,1.80727857677633,13.9015188158675,9.12700773778856,6.429616852604,2864.30819111061,99768.2140962168
22.3620474373097,0.774065980406517,1275.77768050112,265.881766718642,1517.61048191407,90.0683813137916,452.792666022365,2.32803780379496,1.83344642015203,13.8604749679411,9.31011823502001,6.41364402179934,2878.217922065,99666.8848640362
22.6105822434271,0.691393624613783,1280.93594626863,266.68952116565,1523.4496189824,90.3997814900606,455.253993349603,2.35625080249425,1.85855117024303,13.8224657644895,9.48815069129343,6.39756340363982,2889.73006515582,99603.1722637085
22.8708140339152,0.617895263258302,1285.22509365966,267.247563283191,1528.34081476209,90.6726481913487,457.214189384537,2.38629814285893,1.88488340583505,13.7918766596282,9.66075350635924,6.38111655224309,2899.19432989663,99154.2407728776
23.131560265411,0.55117522403085,1289.64525640736,267.685897548803,1533.48516006307,90.9603995136348,459.036821055483,2.41863539149426,1.916918127301,13.7538889348234,9.83467192453518,6.36346611939221,2908.82627192704,97994.2635524478
23.3755844074459,0.492110468999424,1296.0163001791,268.291586138076,1541.05695918983,91.3951229149673,461.394899397597,2.44724090282042,1.9560392401603,13.6884929627391,10.0247112180783,6.34383996719525,2922.69059566455,96727.7647725238
23.5920010298972,0.441961183458694,1305.28985216995,269.252045313688,1552.17995534196,92.0449728874359,464.661696398238,2.46648041152823,2.00076935131087,13.5876487414017,10.2407714878703,6.3220501999137,2942.94079238645,95537.5846108862
23.7808718675881,0.400865487611374,1317.03276076891,270.526655693698,1566.31800918027,92.8777071509115,468.707583381452,2.47535416023828,2.05000050780374,13.4550441215747,10.4823868053665,6.29829247704392,2968.63098010151,94455.035021404
23.9482066153849,0.367564507765768,1330.25355586989,271.951612876547,1582.27515111865,93.8212427572499,473.185154142561,2.47591928310084,2.10311763854531,13.2955640956648,10.7438222535242,6.27290420488566,2997.54229337947,93492.6030107351
24.100887913004,0.340531023605993,1344.05121904165,273.344756400708,1598.97537158778,94.8108783876508,477.760608888314,2.4711412051813,2.16017337702587,13.1071603993374,11.0186682371727,6.24613887430933,3027.63299570558,92612.2070761654
24.2438626757166,0.318987112854342,1357.87110628928,274.579376123593,1615.76189016814,95.8072368497142,482.217951060439,2.46301678158979,2.22166277598521,12.8854127381141,11.3021764596655,6.21811848477388,3057.63445359883,91799.0836239308
24.3797406620457,0.302416212958648,1371.45373312983,275.608369404238,1632.32545410761,96.7917296498264,486.455370896356,2.45192385416997,2.28709802798543,12.6315676376392,11.5915633923642,6.18903651399133,3086.95989052839,91193.1570017396
24.5093588689265,0.289956645257746,1384.44789119307,276.415865172187,1648.22980718897,97.7381981598623,490.348047033943,2.43810979048721,2.3544291468357,12.3562964550875,11.882975990733,6.15937177637941,3114.84196639553,90945.4954296373
24.6311403396059,0.280401601358606,1396.10272634782,276.947882738779,1662.54141217286,98.5913053166728,493.626254717018,2.42423939043943,2.42268263466333,12.0768317721493,12.1684420269858,6.12965324837218,3139.62319158878,90843.5592152925
24.7419204325969,0.272907072691154,1404.88951833871,276.984119082939,1673.40061631652,99.2409986514781,495.748647502472,2.41430995869676,2.49282748190619,11.8075423917621,12.4395522987067,6.10017823448299,3157.89021435534,90793.6447646407
24.8397742369089,0.266892442276076,1409.48411807875,276.30018705515,1679.21437258088,99.5928150219948,496.254183225489,2.41251561212548,2.56652432494732,11.5540992902434,12.6912397554659,6.07100934299031,3166.68281265171,90732.83434303
24.9262833666127,0.261936884183383,1410.77744150126,275.022611464887,1681.07193275247,99.7112039473048,495.465122149957,2.4185646221476,2.64464487612463,11.3094905666862,12.9238581825675,6.04205399560109,3167.99817830636,90607.2338278312
25.0072569614115,0.257705335739079,1410.64224596132,273.387043236986,1681.2762362893,99.7320422501284,494.057024064652,2.42869961466747,2.72648935668709,11.0526513995684,13.1419464516213,6.01321909510575,3166.02292438879,90492.9697516902
25.0895031922695,0.253923970359483,1410.51960204692,271.554001634972,1681.61330126195,99.7602795615643,492.555901832383,2.43946140093437,2.81022690865201,10.7625155936158,13.3500347158692,5.98455647010671,3163.97959829712,90422.1357544199
25.1768286298412,0.250393413554566,1410.75017714041,269.555679665782,1682.5129553904,99.8208058036062,491.097948675015,2.44993176724256,2.89420067063889,10.4313673417339,13.5501335158266,5.95621838014091,3162.63972799414,90340.2642961106
25.2682925307354,0.247007087233226,1411.18626220972,267.400410814727,1683.78260233441,99.902469537763,489.642009563161,2.46079004316068,2.97764573805761,10.0652513626456,13.7431698026755,5.92829081363127,3161.69030794009,90178.2519914914
25.3587415640033,0.243753142319319,1411.8440211347,265.156214652755,1685.40749546899,100.005568806949,488.200380641919,2.4719113882819,3.05987106280201,9.67904383242161,13.9314222319557,5.90077805905689,3161.18886020377,90006.9239986709
25.44281320378,0.240632730683424,1412.71560613133,262.885491220541,1687.34549415302,100.128781391922,486.775651945583,2.48294530265851,3.14008367722031,9.28791557429352,14.1171914765985,5.87369014663239,3161.13868813532,89853.7013478845
25.5180204967897,0.237610620536301,1413.69399805073,260.604208087773,1689.44907909418,100.263895421231,485.333331157523,2.49454661745681,3.21852605195912,8.89972433268342,14.3015771467182,5.84694809711753,3161.31034736432,89576.8283941422
25.5843964464449,0.234624491899194,1414.92158265733,258.320934503421,1691.88099038761,100.420612132585,483.922249084756,2.50751846819897,3.29677528515727,8.51289599854375,14.4877960932144,5.82017560122139,3162.00189809898,89014.7031867085
25.6434665175562,0.231628428919098,1416.95613094947,256.074350667269,1695.30019302675,100.637713803908,482.734150564028,2.52055839052723,3.37540879944248,8.1207275247833,14.6839839489692,5.79287985218754,3164.40510769334,88367.4516962319
25.6976084320853,0.22858018822532,1420.14411989591,253.878433096296,1700.10943818689,100.938492938093,481.886693487348,2.53237966738972,3.45373653315514,7.71808337383025,14.8973191006092,5.76478380339395,3169.24519597111,87730.3931586125
25.7488605987775,0.225483831953942,1424.2414283735,251.687572833596,1706.00874326924,101.304442681584,481.293835459388,2.54293159854572,3.53065470175962,7.304427948651,15.1290956883311,5.73596223069075,3175.9659271418,87206.7921273166
25.7968458074995,0.222377944839293,1428.56919187241,249.419692536115,1712.18826024161,101.686762415002,480.723706040685,2.55308923494333,3.60452212976488,6.88340097753008,15.374503329999,5.70688150448553,3183.08292430774,86904.281072433
25.8366336764415,0.21928455703602,1432.27572976037,246.982536578843,1717.64679608962,102.025343550898,479.890967725821,2.56509991887167,3.67417443482034,6.45990563426016,15.6242507156541,5.6781835684397,3188.7596939018,86696.8499666189
25.8613654183747,0.216215491888387,1434.84765399596,244.329179269807,1721.79461569324,102.284693696907,478.628776403109,2.58087963136274,3.73902285425783,6.0375616738109,15.8700984918324,5.6503848907088,3191.91191972989,86516.4043236674
25.8672798177039,0.213168351159431,1436.35082098438,241.484305771411,1724.72568027688,102.470109524217,476.965370311125,2.60109346070746,3.79850628620971,5.61824648772905,16.108748287102,5.62374507514335,3192.71399243082,86307.6952021005
25.8579013335174,0.210138681784051,1437.24486410144,238.519923530631,1726.98515953294,102.613750557015,475.05923671248,2.62555088889069,3.85188146842666,5.20200565640863,16.3418299240342,5.5982957710951,3192.18051055554,86017.3291305582
25.8463074051671,0.207125200069496,1438.11072677047,235.523908983411,1729.24004659967,102.754858805333,473.109616139803,2.65338570255223,3.89737525588752,4.78740246295197,16.574276446234,5.57404925067705,3191.5696796816,85710.1728054867
25.8482181468633,0.204128933523886,1439.31108434222,232.556713401373,1731.8879062106,102.916419264723,471.24270904776,2.68413761299075,3.9323987969169,4.37382527699598,16.8102839003529,5.55117799639482,3191.65391011041,85423.5828248455
25.8730081747146,0.201171037011336,1440.83060220276,229.629091165067,1734.88437433929,103.094910998597,469.457966210933,2.71775004144441,3.95377337094366,3.96401739731576,17.0502478822106,5.53013787667385,3192.38624234121,85289.7812018547
25.9214034716361,0.198287604314651,1442.21779568613,226.695526421184,1737.67554893566,103.256246900695,467.610746282302,2.75446499220067,3.95737586025111,3.56501829958186,17.288479569223,5.51184349920672,3192.7767641905,85485.0833104764
25.9874656812685,0.195486308354141,1442.61146895002,223.652784063915,1739.22305597384,103.337452779995,465.421649093773,2.79646789566738,3.93990775455973,3.18579165447284,17.5120669058464,5.49748913220369,3190.94108136624,85835.8309814614
26.0626563971966,0.192763839619733,1441.34409574497,220.413925016334,1738.72645048495,103.289904661133,462.67621903155,2.84590857229053,3.89957079549284,2.8338175118112,17.7081652910735,5.48805713553204,3185.41880906039,86228.3555338212
26.14025070954,0.190146589751874,1438.43977014383,216.983616104234,1736.21935753111,103.114763561214,459.39022799383,2.901788736347,3.83408322129462,2.51538724269942,17.8704456931606,5.48424355376476,3176.27237280457,86845.5311802168
26.2167819258017,0.187716079851632,1433.9720295417,213.389726848077,1731.79278040294,102.816804431402,455.611525000598,2.95964536835975,3.73946721037792,2.24358794084766,17.9936401388092,5.48694244935445,3163.69294791149,87990.3212045102
26.2891192797305,0.185515217100873,1427.36911610447,209.592760748462,1724.76537853162,102.356034612202,451.207451675974,3.01384818113144,3.6147125502267,2.04620358894009,18.0655084787214,5.49704559099018,3146.49187632261,89368.0026935049
26.3525804465771,0.183571795865872,1418.18403206774,205.56279365489,1714.61587987574,101.70386003341,446.097289173777,3.05532123378134,3.46588399387762,1.95166711271131,18.0753376776958,5.51435465121279,3123.76708478063,90790.3481001816
26.403612034659,0.182040623970305,1406.85703524944,201.36854957034,1701.89054631967,100.896052876059,440.47213604411,3.07524467166929,3.30350288835212,1.97300832241768,18.0234959816866,5.53739479904217,3096.53998889774,92232.2895520568
26.4463585513112,0.181489229325671,1394.55234694352,197.181766565763,1687.98796910178,100.018632451547,434.791984995493,3.06703803875506,3.13477067584724,2.1362446237525,17.9227086231391,5.56455440575249,3067.42767208109,93707.7499371536
26.4983562981395,0.182779285559535,1382.3641861984,193.203588286956,1674.18955146673,99.150450987977,429.631741004627,3.02255284519579,2.95906810513957,2.53031069105167,17.7968999156233,5.59496183701922,3038.97351841012,95171.030053228
26.5800576172565,0.187519272677972,1370.66705315486,189.545527617485,1660.89885432214,98.3177973232465,425.371773761939,2.94576515819695,2.77359190949487,3.25953394385076,17.6690254017237,5.62819867350289,3012.15795352454,96586.3821018033
26.7004441873197,0.199462446236575,1359.31571138744,186.242117893174,1647.91110972748,97.5088505660405,422.085609681392,2.85690769789396,2.57773667054847,4.36712867265562,17.546196926546,5.66423226802108,2986.74669084129,98240.4026596146
26.8528708173912,0.22704545573392,1347.75177192783,183.511724002352,1634.51982233926,96.6794613305331,419.534537120166,2.77027874825138,2.37960195595404,5.81386261005064,17.411462917769,5.70289752653341,2961.66434081993,100411.07997023
27.0162350002675,0.283226011506137,1334.34685433219,181.951833131584,1618.68396811893,95.7037024306354,416.988013028094,2.68888976029388,2.20126556116112,7.47855667819228,17.2304831058134,5.74278865252333,2933.74463881013,102609.789296587
27.1674098301075,0.376702161747243,1317.31217048734,182.099006145077,1598.17952322141,94.4452216919362,413.622599818047,2.61216007770307,2.06164743941777,9.21645387057732,16.9850319815854,5.78184081277391,2899.42512873955,104643.59745933
27.2928162149093,0.501316961841631,1297.08966352341,184.084242511284,1573.5567911932,92.9358862650187,409.383069690468,2.54529271743871,1.96179838131978,10.9261204614638,16.6909762503021,5.81853913094413,2859.62745820725,105919.823163082
27.3760918827171,0.626791263008755,1276.71532980191,187.623507872756,1548.57333737104,91.4021362351917,405.050344340211,2.49919113795563,1.89490875845821,12.5173728914293,16.3890372740504,5.85103313804059,2820.47781059843,106048.59126571
27.3851520240665,0.714597977327158,1260.09172095166,192.257235816896,1528.04569503673,90.1346381879117,401.636787670882,2.47870528119137,1.8525922970656,13.8832932709197,16.1230905913981,5.87741526565975,2789.77266308279,105825.579339417
27.2983917179593,0.754277334105292,1249.09179563915,197.653849426565,1514.28717244189,89.2727073302123,399.618369988963,2.47750127123508,1.8274755369787,14.9717222215952,15.9112445373553,5.89735835374568,2771.16596597292,105470.478539844
27.1228925662799,0.756002354248268,1243.17698073434,203.623558863225,1506.65543091879,88.7774541597162,398.875658333447,2.4878676051908,1.81587400147722,15.8011953784147,15.7487717344774,5.91171667574828,2763.42533447159,104811.497939084
26.8953425624187,0.732484982265393,1241.34582665343,209.923437600353,1503.97279458799,88.5782823751894,399.214855159513,2.5049371150905,1.81648967387922,16.4173035379005,15.6306246434722,5.92118148119589,2764.37527307601,103740.16906435
26.6738403155661,0.695128292694337,1243.16622419829,216.151173694443,1505.80036550669,88.6498451269939,400.617967712803,2.52305709524456,1.82733823349135,16.8682087637157,15.5599413132502,5.92603181301015,2772.9604377987,102575.260095346
26.4997223282189,0.650998530694301,1248.21229690131,222.013096086093,1511.68240778765,88.9656245325093,403.019489551041,2.53844372930094,1.84592544294042,17.1910205766173,15.538218275016,5.92661704060085,2788.16687753065,101418.292217434
26.379726499043,0.60435882002484,1255.75953386696,227.46769173852,1520.73906626538,89.4729709447701,406.201987715622,2.55006128266055,1.8703396755719,17.4048050599464,15.5608512249669,5.92348068115522,2808.44848876627,100347.73929898
26.3000567044413,0.558442849354327,1264.94280940868,232.606872027466,1531.88908808795,90.1074241271128,409.879881093788,2.55808471469673,1.8988996688909,17.514322748078,15.6195752805612,5.91732579771917,2832.02059536888,99422.3416227068
26.2429956898637,0.515259372598252,1274.90546940038,237.512872824317,1544.06685222443,90.8067565698998,413.776068183254,2.56355424764309,1.93041517836486,17.5153482973217,15.7050618410341,5.90886471523003,2857.118872388,98588.0430915948
26.1967233069156,0.47572559018207,1285.02318713489,242.213269599551,1556.50184680805,91.5264060286168,417.690786689668,2.56740086468841,1.9640173967346,17.4072910990239,15.8096925125109,5.89868098179941,2882.44077168573,97865.6865831314
26.156656859402,0.440023349390765,1294.91831227475,246.693831367063,1568.72969464314,92.238889965786,421.498309122987,2.57028613405675,1.9990943095247,17.2007244118659,15.9276512317914,5.88722336832443,2907.17331368087,97232.7939622918
26.1220388045976,0.40675457190416,1304.41639976032,250.91162203835,1580.53938740856,92.9308230883097,425.123893011006,2.57390899516073,2.03643560068868,16.9097088888073,16.0547331582709,5.87463551005765,2930.90619624838,96499.8269071706
26.0951227628318,0.375024711510817,1313.72766904346,254.84318739984,1592.19298668905,93.6161702907444,428.59527880496,2.57864220531086,2.07745157874642,16.5444178488098,16.1906293324867,5.86071501158576,2954.04504673408,95766.682067723
26.0796305326895,0.346625817763674,1323.14429178856,258.498911942941,1604.04938762115,94.3146720938925,431.971848229043,2.58268376769051,2.12323845199632,16.115865135563,16.335741742257,5.84527240937134,2977.19386997863,95077.4761936118
26.0782931902456,0.323574333805355,1332.72858691333,261.889195276695,1616.18153530899,95.0299769699295,435.266595619627,2.58421483119629,2.17466327424127,15.6389382832286,16.4884599704968,5.82831505600013,3000.48406373273,94392.9848870755
26.0916271673213,0.306262762820652,1342.44546562284,265.00686764162,1628.53389296966,95.7591224132482,438.48180011808,2.58257009337845,2.23206348382399,15.1285341914106,16.6472029168838,5.80995606779909,3023.83255069648,93682.586594948
26.1177910144607,0.293804770416842,1352.32030882647,267.83155277899,1641.11007931542,96.503270217539,441.645767392508,2.57761016578794,2.29460281568854,14.5960133036727,16.8121625123453,5.7903752615459,3047.26441156424,93022.4102925235
26.1540514498649,0.284831027599453,1362.3145147938,270.344611537035,1653.83669094068,97.2588669145669,444.764265207281,2.56991534205491,2.36067786320133,14.0499267343192,16.9833563762634,5.76985247357341,3070.67079412123,92432.9891280677
26.1978932521064,0.278143858950066,1372.24305233396,272.539815567737,1666.47837411232,98.0121385005422,447.790702288585,2.560309300853,2.42845010096004,13.4977562347393,17.1590208364431,5.74877847387804,3093.65561333675,91988.9364556439
26.2441702038334,0.272861119547695,1381.73687407455,274.414605336906,1678.59372574644,98.7364843494855,450.609465192012,2.54975381027748,2.49620279037862,12.9463980749259,17.3343220686586,5.72767125496016,3115.44868656068,91765.7394123156
26.281055218386,0.268452620812584,1390.0724561296,275.913541219274,1689.32508524325,99.3804459924005,452.973712787503,2.54042815902408,2.56396673983995,12.4008391507628,17.5007687083901,5.70697236394405,3134.49772860817,91634.8629017318
26.2960257879453,0.264764106897728,1395.73511664286,276.808411022088,1696.85111652255,99.8358172848518,454.376177498863,2.53587783523137,2.63332969905636,11.8638822908434,17.650511305866,5.68685880868624,3147.45095336887,91541.6321602661
26.284385696984,0.261752658969293,1398.27054959944,277.026345118748,1700.62546740616,100.069959682581,454.658902421705,2.53842803430376,2.70551984407787,11.3382047790952,17.7807621920493,5.66729711780624,3153.29603683844,91409.1723367903
26.2557375322349,0.259450806051178,1398.83437335875,276.752812971295,1702.03796300945,100.164931519654,454.20733653996,2.54668798608848,2.77975633378637,10.836215667784,17.8966313984535,5.64815201280591,3154.59758178505,91124.4408365151
26.2376465909125,0.257726881792437,1399.07400889943,276.249807772551,1703.04837458895,100.236661544099,453.604528926898,2.55643586848341,2.85177880717135,10.3923840400239,18.010768282061,5.62943514443941,3155.00956758134,90808.2589457393
26.2588594513292,0.256322806364051,1400.04326455948,275.699940861559,1704.89012817425,100.358104681477,453.251211611317,2.56395257319924,2.91655709398591,10.0436951987257,18.1346863650966,5.61134190981283,3156.87797300789,90517.8579313005
26.3316791807863,0.255170579992693,1401.76785623329,275.139074951014,1707.56881711713,100.529468285224,453.19130156285,2.56782940079707,2.9714571300411,9.80596292800358,18.2721069370279,5.59410747164519,3160.28055697739,90313.4787973813
26.4516761396262,0.254481642637866,1403.74605285951,274.549047457503,1710.47356147055,100.714073540491,453.284518885557,2.5682176214542,3.014965256258,9.67987178582178,18.4204215571543,5.57812656056583,3164.15918291786,90251.7765071556
26.6058933851278,0.254411708991335,1405.38054285708,273.934347586732,1712.89184359173,100.868653605739,453.379276013143,2.56625293180161,3.04465145196755,9.66976300169902,18.5754368074939,5.56404346067289,3167.29660995375,90250.615876398
26.7814467320293,0.254974407036269,1406.34724930052,273.33167124925,1714.44653798125,100.96985932122,453.41767773607,2.56285578392572,3.05843462753049,9.7817405319197,18.734766200748,5.55236273720472,3169.08134859731,90269.3272206398
26.9707396229091,0.256252517579747,1406.63357688905,272.787147989501,1715.13126189014,101.016758726837,453.417895941289,2.55716198970569,3.05490504402476,10.015235591004,18.8968604674178,5.54339906767819,3169.54284328353,90575.7436545053
27.1728683758565,0.258415736368488,1405.87015986736,272.312219178311,1714.48678403162,100.981647855403,453.254441897294,2.54816713628538,3.03215885715558,10.3648478047764,19.0523774614199,5.53791577330515,3167.8981963105,91499.9004545139
27.390726109739,0.261414291062698,1402.84866532624,271.841196966914,1711.02198260472,100.775786701329,452.494633749764,2.53980485395582,2.99195901002167,10.8142648989186,19.1774122117031,5.53691509542324,3161.50743547891,92636.4068476632
27.625199869161,0.265171244177141,1396.82472341916,271.339322428696,1703.8256346673,100.345251801449,450.831659632042,2.53638985711515,2.94002455916401,11.3331160236417,19.2498462467264,5.54070208479431,3148.73169937232,93785.506606598
27.8729939236241,0.269706558177248,1388.60888357867,270.927461329459,1693.89673860931,99.7495939064773,448.47578198821,2.53802069046927,2.88115570654033,11.8918775133206,19.2645946463176,5.54878359700097,3131.35041517235,94922.8166830775
28.1231883772398,0.275044280783463,1379.87447634513,270.821575342699,1683.26324150282,99.1095138891653,445.947120881797,2.54162834821572,2.81730642737971,12.4717784846324,19.2298267127804,5.56039159393084,3113.03045844379,96055.4076831781
28.3520218536812,0.281242055730425,1371.74235509001,271.156098749304,1673.21843247726,98.5025542480358,443.60343233652,2.54450406909319,2.74923850416705,13.0599866620483,19.1561110312878,5.57484284729078,3096.16429188192,97166.6278978697
28.5354524490947,0.288465269114256,1364.08605566897,271.875521065026,1663.52247147636,97.9154781319036,441.410023248968,2.54633556048592,2.67820842198776,13.6464663910722,19.0505924506594,5.59159525484265,3080.36641162545,98241.922975271
28.6636681598932,0.296974721912325,1355.70905735383,272.754091505357,1652.68560507244,97.2604503197856,438.99974588333,2.5486238582578,2.60534447489929,14.2257781833365,18.9159182158146,5.61036935709209,3062.92708565202,99433.9488636959
28.736352209945,0.306595744245132,1345.43326922451,273.568097513834,1639.33307714311,96.455719284613,436.012710275687,2.55340079570416,2.53092403936727,14.7917782485335,18.74806905556,5.63133883265272,3041.26547629733,100874.483706507
28.7493306989026,0.316230631326166,1332.55523479433,274.110639655104,1622.77726731007,95.4602956926908,432.225698419289,2.56393769745481,2.45701141126286,15.3221268580234,18.5376170629269,5.65465214687091,3013.90779908759,102297.186229133
28.6965585295497,0.324906033764511,1317.23377971818,274.267233968276,1603.38637224555,94.2962156325856,427.672693896653,2.58183932944709,2.38711787400955,15.7848419955304,18.2817347992404,5.67985096025552,2981.25966385251,103598.745115552
28.5801635685438,0.331404088955888,1300.69539181077,274.109123601387,1582.73237674085,93.0573439256333,422.721096952374,2.60812559526262,2.32613976040878,16.1544348575165,17.9922779059341,5.70550333090587,2946.01719415669,104199.893793687
28.4219409610177,0.334645844168796,1285.4782690521,273.90034091431,1563.8988909454,91.927696094201,418.167406900866,2.64109342217977,2.28017201897175,16.4143955484554,17.7031422403978,5.72884772983426,2913.70690121759,103708.279712616
28.2645687420201,0.335631782194228,1274.6159133662,274.016851611323,1550.52091393446,91.1234339922419,415.000977830362,2.670951054703,2.24996354354297,16.5675539927833,17.4600697559355,5.74729453073663,2890.95265896133,102927.631780004
28.1407607856179,0.335480082988622,1269.28282819599,274.658656016531,1543.95995430779,90.7250298231297,413.629850059675,2.69062888237055,2.23202998953205,16.6334639024064,17.2863566812453,5.76012369696418,2880.33056559546,102086.635208217
28.0562278713032,0.334277194181397,1268.67135348596,275.763143477567,1543.1952632199,90.6717065462183,413.807882592795,2.70043237950711,2.22405856049191,16.6291890323757,17.1788142048251,5.767876592424,2880.06480537754,101123.907964176
27.9960053206014,0.331553295299057,1271.56617285679,277.170834747395,1546.74900322935,90.876189563959,415.133078702702,2.70353455826529,2.2258042820478,16.5578031275794,17.1269386345338,5.77114302143049,2887.47156217266,99991.6474975067
27.9350134277494,0.327349435749947,1277.20078558819,278.75605464606,1553.71097641981,91.2853780538776,417.334046039365,2.70156025763621,2.23741064355513,16.4108081719773,17.1240797782592,5.77020074546957,2900.85011647942,98845.4452471502
27.8554679923402,0.322351933083724,1285.03657042319,280.434870481655,1563.44173728229,91.86193702581,420.216760128253,2.69504257547297,2.25822201124314,16.1846587281198,17.1654199317199,5.7653505769647,2919.00678050729,97742.4922440033
27.7548608239324,0.316984173979802,1294.52904599367,282.138161101798,1575.27663871793,92.5664440576911,423.595729708571,2.6849774224253,2.28713920599316,15.8882896185499,17.2455862170164,5.75702485457384,2940.73507805089,96649.5678189751
27.6401508225336,0.311244573887405,1305.26062120924,283.810619969578,1588.68063980737,93.3668698613061,427.324022839286,2.67258261395913,2.3234658449318,15.5381945526608,17.3597508416237,5.74558514842608,2965.08074452677,95537.2425656042
27.5199022371172,0.305274284533119,1317.03471603547,285.416279059001,1603.35772582015,94.2453044730479,431.311427919326,2.65816815409434,2.36688484470565,15.1529324082719,17.5042348511651,5.73126533740938,2991.5321088327,94492.0829474854
27.3999993242676,0.299441699529741,1329.65482518059,286.92588475862,1619.01660536764,95.1841626641911,435.469395127632,2.64174374379644,2.41688223965295,14.7484138194977,17.6746754673118,5.71436542416266,3019.58814793805,93546.0157006861
27.2830798344224,0.293929417999756,1342.79130590668,288.306856472965,1635.24017924035,96.1584993622772,439.684240058113,2.62378543571875,2.4725470916998,14.3355191283833,17.8653998846586,5.6953302110438,3048.51032347101,92702.4232014551
27.169502655064,0.28869238924729,1356.05573638853,289.524001841982,1651.58624012515,97.1418882087312,443.836997235386,2.60511372463317,2.53304781868077,13.9215795778723,18.0701524325548,5.67463091897421,3077.48691163847,91958.3076046322
27.0582924884133,0.283719178036998,1369.08596665058,290.540166961324,1667.68916775849,98.1123177902098,447.819474396372,2.58649869974489,2.59824240747918,13.5129299824172,18.282658146358,5.6526285548753,3105.80393538114,91309.7962821106
26.9482379392494,0.279086712436537,1381.60535401475,291.326997964803,1683.28299667949,99.0536876939756,451.547270079558,2.56844868376891,2.66824247205783,13.1148427177043,18.4974499002833,5.62959940207904,3132.92762783755,90750.6614898887
26.8390286259272,0.274766049248078,1393.46451813389,291.872749775472,1698.21006409688,99.9565706576694,454.972264727804,2.55179886542148,2.74339343969404,12.7296887070357,18.7108304192694,5.60570295382856,3158.55759045935,90153.8221418428
26.7340028239986,0.270653734263811,1404.79127703834,292.191075263028,1712.60666006097,100.829328394172,458.130443355754,2.53720875088706,2.82476483497887,12.3540947197535,18.9235052162904,5.58076420405315,3182.95197716328,89383.8440875768
26.6422487903452,0.266737413174314,1415.17840687873,292.160885960309,1725.92854742736,101.640325495307,460.882127897458,2.52470667090966,2.91303779548898,11.9791682102656,19.1412952833514,5.5543761216288,3205.11146043479,88610.2896209523
26.572581794741,0.2630075591149,1423.50441319783,291.548785675686,1736.75702239498,102.30591829347,462.856002910182,2.5164015057913,3.00848297898266,11.5974275055325,19.3676463782573,5.52631238508938,3222.44231150742,87905.1385164495
26.5276296649034,0.259467764894418,1429.7939839207,290.38541603185,1745.09464043001,102.825907990592,464.05262255055,2.51294438775126,3.11047010888986,11.2067668921581,19.6014814393368,5.49671923723034,3234.98850084552,87268.5781394626
26.5037519713855,0.25610119825192,1434.71927042746,288.827973360487,1751.76053988485,103.248098044476,464.689659002165,2.5131749030517,3.21718723593687,10.8086193664459,19.8404213376291,5.46598621632954,3244.28444187134,86686.9098309029
26.4934644242446,0.252842578619888,1438.91337438823,286.996079143398,1757.54456918717,103.618551156892,464.981089359102,2.51566240648704,3.32626652959377,10.4047570688902,20.0829519591151,5.43454224090552,3251.7768716719,86157.9184999939
26.4893100091297,0.249618336319592,1442.74463584434,284.943565412715,1762.91597936558,103.964532814916,465.058585914317,2.51949126843406,3.43564261357358,9.99626229514417,20.3283731075093,5.4027349341915,3258.30916925347,85678.3778320756
26.4867377326483,0.246390451031805,1446.33997736375,282.692505171991,1768.0396423927,104.295523524777,464.973675017122,2.5241881402852,3.5438544795658,9.5842456176142,20.5759565574016,5.37083083616938,3264.18122525197,85277.6966166307
26.4844828625838,0.243157823533077,1449.63404800332,280.257086121075,1772.83619146223,104.606759169307,464.712365491912,2.52961160989403,3.64984177976955,9.17111483826175,20.8237204787049,5.33910856195356,3269.27041086561,84997.448429035
26.4836773074342,0.239939765520781,1452.41710180812,277.649573010368,1777.04892670562,104.883241966218,464.211141415589,2.53627540125938,3.75322756193844,8.76100746139576,21.067601756563,5.30786222189016,3273.14550755202,84785.2072185228
26.4862511296755,0.236762247760019,1454.5337794568,274.891006506737,1780.48999416168,105.114157633452,463.42278196021,2.54472179046419,3.85410443984039,8.35799854402565,21.3036599827263,5.27730971577153,3275.4983063017,84607.8866634158
26.4935535810674,0.233639121564303,1456.0131479889,272.014518387912,1783.195716101,105.301800284668,462.359588821667,2.55498761556382,3.95236432126515,7.96434625745269,21.5302151752058,5.24757085464782,3276.4176743563,84468.3845734728
26.5064856498316,0.230569469769145,1456.98246506387,269.049724129867,1785.31658552453,105.455005585493,461.065718267726,2.56678298635996,4.04743711825236,7.58024824325613,21.747232357576,5.21874044335545,3276.19144688268,84382.6592581579
26.5267343992503,0.227538155022481,1457.53912942851,266.006668025807,1786.95861096589,105.579917340198,459.575312069194,2.58001043905384,4.13855908233226,7.20415924828094,21.954681756521,5.19094229550735,3275.02183304335,84332.6455551875
26.5564292064247,0.224528123071317,1457.74362089711,262.884163595039,1788.18033865867,105.679873849141,457.910239313741,2.59474963559071,4.22500204582289,6.83398716757659,22.1523223671987,5.16430708735397,3273.02223559553,84305.9348719529
26.5966741901003,0.221524412319858,1457.66550604544,259.686493623529,1789.05661451009,105.759149872642,456.09526685079,2.61125519288307,4.30634524136354,6.4683055631199,22.340352978244,5.13889625899205,3270.33425408403,84251.5856439172
26.6463276757396,0.218516435000078,1457.46884263171,256.436955736363,1789.78473771092,105.829238324901,454.185865325891,2.62976965684232,4.38264054655969,6.10653352517977,22.520918907915,5.11459484029907,3267.31997012583,84100.475774772
26.7014038957165,0.215502552413382,1457.45747243614,253.182370557114,1790.73554986516,105.911813474246,452.283868451015,2.64970781566608,4.45356651980365,5.74939550525808,22.6993109869532,5.09116472707208,3264.65743540241,83916.1427726766
26.7569934548608,0.21248489700327,1457.84176559593,249.960058570668,1792.16398777854,106.021589356049,450.462268271399,2.67037509216505,4.5182700052799,5.39898882498509,22.8807191028089,5.0684493738911,3262.8193694631,83740.0131078162
26.809928187454,0.20947627839838,1458.58003902791,246.774689690608,1794.01545132855,106.154906903473,448.713073051127,2.69157265610783,4.57576193659279,5.0580973918038,23.0669038448026,5.04650328127918,3261.72067654193,83604.6021935134
26.8602097191519,0.206498994208997,1459.4343236112,243.605599478119,1795.99710631966,106.29388970021,446.966075253713,2.71344448382227,4.62484579867874,4.73075757569527,23.2558817199326,5.0256212137683,3260.8450651424,83549.3347223565
26.9112902969016,0.203574789996009,1460.06945075334,240.421649735588,1797.70212828649,106.413667107205,445.123436812774,2.73615140498608,4.66396807662814,4.42396614815459,23.4428347000952,5.00631332100278,3259.4698079793,83604.2330424199
26.9675112120306,0.200726770803685,1460.12515377141,237.190856240538,1798.69467950702,106.487531993028,443.082787246719,2.75945309342766,4.69121592931115,4.14685864722204,23.6209581676202,4.98925793719986,3256.82218083886,83820.7534424515
27.0308041686938,0.19801058559424,1459.16521753076,233.874604124378,1798.43943643994,106.482919045503,440.722033893945,2.78189451480269,4.70343061807108,3.90996135279643,23.7806643644378,4.97547182770436,3251.96070455626,84432.488960708
27.100563871357,0.195522833808703,1456.35272547352,230.386792161624,1795.89154994256,106.337119336225,437.809222288201,2.80152932954757,4.69522877844764,3.7286986773068,23.904144904339,4.96678117857815,3243.05520320413,85673.4777698127
27.1761880886173,0.19327914853588,1450.34235945465,226.559678906102,1789.35908302647,105.94954733642,433.983418940916,2.81970649488258,4.66214585734643,3.62267143262502,23.9640291698099,4.96548750872389,3227.13792399131,87083.8173932055
27.2585589227528,0.191228111321154,1440.69938406119,222.315232577396,1778.27269641194,105.286983631889,429.171369152757,2.83771599798116,4.60327833389564,3.60329939715515,23.9436812736712,4.97278288304374,3203.23699833812,88370.5925911528
27.3503857627157,0.18945243735145,1428.88469238612,217.827328001255,1764.42134593327,104.456354016891,423.858652428529,2.85183089938819,4.51838411896337,3.67249062740818,23.8503800541717,4.98833866337678,3174.57946809727,89855.2870717533
27.4532867560809,0.188494765778091,1416.40485328248,213.330416514222,1749.65576015815,103.568127176579,418.589760238373,2.85385905404937,4.40065179439719,3.86530358518481,23.6974191043088,5.01247839414406,3144.56629878611,92087.6255356694
27.5596202048916,0.18919180053185,1402.51117250612,208.835212230989,1733.02262697012,102.567430751108,413.398446905719,2.83894439064564,4.235585142756,4.30285921729332,23.4861027085356,5.0476094043434,3111.75514748936,94623.152193496
27.6530059834075,0.193059865863377,1385.62811997154,204.251592944166,1712.54399259669,101.339652199593,408.134511632686,2.80902269687585,4.01066051203902,5.12907884749985,23.2178845488487,5.09596466143976,3072.91972922642,97194.9792667783
27.7214008764037,0.203022720861638,1366.12794276139,199.715944770424,1688.66789982277,99.9129508159707,403.061764047543,2.77205358521575,3.72336254735137,6.40442945757578,22.902429177631,5.15760965138863,3029.02922856114,99851.4108272523
27.7775043927735,0.224553133226193,1345.92436660825,195.769110503665,1663.73409660371,98.4243617890075,398.648351575597,2.73299616640357,3.38580805140581,8.06800441440292,22.5447306122488,5.23043019278097,2984.43879818272,102682.844902885
27.8714480924234,0.26847927569021,1324.62448014647,193.139696092564,1637.16216895525,96.8334981068239,394.495705745962,2.69215088027924,3.02939064318667,9.95565526550409,22.1302585992463,5.31050077158531,2938.60109099268,105536.598055865
28.0521214257032,0.353526182448713,1300.01881312006,192.290559024569,1606.12246415582,94.9665662763375,389.683480997257,2.64588477888766,2.69481109953474,11.8973876676481,21.6342017866226,5.39326639277959,2886.94548329615,108323.201974877
28.325323124829,0.49445243642529,1272.02618746665,193.297174460944,1570.51731236981,92.8159997613719,384.028315057653,2.59184628856382,2.41278929982582,13.7858264430632,21.0486329270927,5.47470687010526,2829.26277566923,110463.104819041
28.6477328407155,0.671069370092234,1243.42540008929,195.818074287758,1533.93102835203,90.596646443164,378.176603592748,2.54145519422044,2.19378711136534,15.5107334354621,20.4078164305767,5.55088427820099,2771.19472486827,111562.370948991
28.9505787096812,0.831500240636175,1218.0820697339,199.253636610597,1501.38166806909,88.6093061515216,373.011811925789,2.51032651594861,2.02959682758244,16.9156973104589,19.7717945152458,5.6185559417403,2720.51718126199,112294.547592736
29.1899760177451,0.943695609830729,1197.98737371462,203.16750486059,1475.48036831959,87.0105472490945,368.97598871883,2.50075336177455,1.9065875133367,17.9112599899671,19.1767164647576,5.67691075343027,2681.15724811958,112830.335247771
29.3605134209629,0.994675879047111,1183.01578534184,207.381402265194,1456.09380308091,85.7940558201835,366.074217223844,2.51252548456417,1.81815616337625,18.5112893361053,18.6346779706561,5.72612424821484,2652.76422671175,112328.653464145
29.4749107375097,0.98026864780279,1173.79550263922,211.864722768273,1444.00555235521,85.0110691334798,364.620675322369,2.54501817183187,1.76429975267158,18.7846964262842,18.1750898726612,5.76469294166336,2636.72766842166,110250.204083788
29.5511391973889,0.921691894429336,1172.27338736654,216.683332271221,1441.65083023625,84.8123333211525,365.343125271157,2.58348306157802,1.74132583966578,18.8345112705518,17.8443966993303,5.79069195873402,2637.3256929535,107756.064611045
29.606532596446,0.841338571383887,1178.86163449184,221.886686952602,1449.52615995459,85.2297216940459,368.470667322989,2.61490426272114,1.74271658238453,18.7487896693732,17.6591760964537,5.80428849038882,2655.51846244016,105155.577474645
29.6535220718175,0.755030556389849,1192.07555211713,227.431589437147,1465.74019322391,86.1496124366566,373.58449074383,2.63460938099241,1.76273090410271,18.5708733489217,17.6037403863108,5.80729050447817,2688.10076722045,102792.003889188
29.6995373458581,0.673025578229284,1209.64221541263,233.193713894158,1487.40648822529,87.3983623137837,379.983520873384,2.642201515978,1.79526871466302,18.317706928342,17.6480467536902,5.80231027669883,2730.09460776202,100956.034044183
29.7478521124242,0.598342513311849,1229.11207395469,238.955583043958,1511.41685128125,88.7905133841456,386.897836620037,2.64242380124799,1.83609322558454,17.9968455508286,17.7579230330812,5.79191490438987,2776.06779542637,99362.0310511249
29.798421271972,0.531343336479881,1248.7765580771,244.511375035408,1535.61646792069,90.1982685928745,393.781419282102,2.64013371824729,1.88310159599242,17.614773055488,17.9083633526046,5.77784365033429,2822.19866957964,97929.7000962829
29.8497490221791,0.472647477919154,1267.92824269519,249.767443834661,1559.1347758447,91.5697978548082,400.40617677788,2.63668943146143,1.93450483060438,17.1828186480147,18.0864995298452,5.76111776728417,2866.91783738387,96718.2111181348
29.8990194141134,0.423332216300693,1286.27361912352,254.723590087686,1581.63645235057,92.8843985474361,406.685451394156,2.63125478908294,1.98856236003901,16.7183648617354,18.2835520598374,5.74254948719117,2909.63197331776,95777.6662284177
29.9409166852872,0.383733368331958,1303.48610525463,259.414829388844,1602.75092901362,94.119053326682,412.528926501411,2.62351887031263,2.04434445821863,16.2415434054026,18.4893394836618,5.72293492382213,2949.71329328504,95011.0954426923
29.9708398121872,0.353327355011661,1319.30532893471,263.866963148092,1622.18051470915,95.2554376106652,417.865309996539,2.61366266103134,2.1016017890678,15.7693864469549,18.6943577492484,5.70293429872243,2986.65813513454,94380.8687566521
29.9879878546244,0.330645313645233,1333.68212391969,268.079723427716,1639.87301607862,96.2904217156821,422.68384521684,2.60269403825674,2.16090674871128,15.3122029669369,18.8925077786252,5.68288697978809,3020.37309522215,93709.4566646776
29.9944791976386,0.313572057440517,1346.96484269373,272.0404005281,1656.25884529389,97.2501061501305,427.090763611784,2.59181288120163,2.22395723893416,14.8710134445188,19.0844664852045,5.6625694479036,3051.58530231149,92831.8936981396
29.9933496078174,0.300738403124912,1359.93708859327,275.766816081296,1672.30170244256,98.1921753416475,431.326228449382,2.5795986504261,2.29141150248784,14.4390212469468,19.2783237659552,5.64146200261257,3081.96091643843,91985.7593296458
29.9873930843904,0.291384050291828,1373.13084008067,279.294973322691,1688.64830136203,99.1549353011572,435.557847816633,2.56441020416298,2.36227464641567,14.0108584120791,19.480124733793,5.619387571496,3112.64416686751,91251.3555893908
29.9786028933926,0.284686909999385,1386.46558443468,282.640953857511,1705.18684644303,100.131325683472,439.769848271183,2.54635665742939,2.43481297670516,13.5878589958611,19.688852781641,5.59667727033306,3143.47008896096,90660.1500865945
29.9681371572417,0.27995882536581,1399.49047702004,285.795399780006,1721.35723605709,101.087455903364,443.837544096622,2.52660262071749,2.50694777280904,13.1773700873465,19.8989768920759,5.57396923002109,3173.48311549102,90233.77670132
29.9566310895938,0.276603211065145,1411.63628656737,288.718169230478,1736.47241061422,101.981694656337,447.604560483395,2.50690891627184,2.57694691191667,12.7902931980098,20.1039532278382,5.55191153691553,3201.47533063251,89899.1128095081
29.9444029431954,0.274159203255755,1421.59424685834,291.196600063799,1748.93988155968,102.719227683082,450.680158771925,2.49003353953426,2.64418051632135,12.4353879060159,20.2990506398393,5.53088249766875,3224.54983796226,89616.9528351586
29.9314987938931,0.272511083575362,1427.95157101035,292.98364435067,1757.02349163851,103.197109856218,452.62920564993,2.47900072446628,2.70824107482674,12.1166663744777,20.4812987088259,5.51110423159019,3239.54246081813,89528.403847333
29.9172099394946,0.271970912195521,1430.8934789461,294.15405008096,1760.91861949546,103.426571979035,453.516802751977,2.47306079995596,2.76590066662794,11.8382709647051,20.647019511585,5.49324364449342,3246.87355825518,89816.0893683059
29.8991641055222,0.272619615582957,1430.99332552949,294.872244252975,1761.24273389253,103.444556891355,453.549740590204,2.47121497788535,2.81184011223799,11.6089988882488,20.7888324153753,5.47853022364122,3247.81063899866,90278.3949448074
29.8737963652876,0.274250160521641,1428.834920477,295.258754843698,1758.61867829595,103.289080717369,452.945720613816,2.47287208023297,2.84171823552785,11.4364333709663,20.900643164828,5.46800583739621,3243.60850182728,90811.268430174
29.8380375490304,0.276662233239778,1425.348899467,295.441274642647,1754.15147938092,103.026452389244,452.017115769223,2.47700863155133,2.85434190163507,11.3207229004571,20.982500103431,5.46188499132182,3236.30449994043,91261.5606702228
29.7920968908176,0.279837097469987,1421.7759406104,295.570371224201,1749.41310002462,102.749753875853,451.171069876154,2.48207537046016,2.85175893687057,11.2611548787844,21.0433057528406,5.45940134089607,3228.68765345143,91402.9355107203
29.7425928665572,0.28396265095337,1419.34900471056,295.800064664569,1746.04535505698,102.555013529925,450.84339693059,2.48469674532498,2.8357695782828,11.2716089535511,21.1019653130214,5.45929012350513,3223.62657987617,91356.3196563597
29.6995069294733,0.289250320326256,1418.70043788182,296.231551747641,1744.94560366092,102.493776398221,451.291797911772,2.48177900108774,2.80721777934583,11.3727075766575,21.1767087623326,5.46047559444062,3222.68158208726,91255.5771510115
29.6695710054349,0.29652042835706,1419.43693805182,296.858017850377,1745.66727719959,102.538417454883,452.427279272694,2.47077899160406,2.765319391044,11.5767016912205,21.2728315231906,5.46281076161014,3225.07158126936,91604.9189547947
29.6514471439616,0.307414999080624,1419.83617030681,297.563815293756,1746.03099687111,102.558958337099,453.713725409628,2.45108953133845,2.70607741888797,11.8870088795732,21.3708172730089,5.46796039674154,3227.0141816583,92938.0847575274
29.6342096872453,0.322441543037555,1416.98621060306,298.102008870526,1742.33718166002,102.336455004437,454.179180556751,2.4303647579146,2.63023332752595,12.2853702463999,21.4229969399046,5.47841346716589,3222.02397122716,94603.7354615264
29.6042178589743,0.340906998504586,1409.11108408464,298.277817745367,1732.32105869072,101.738158588965,453.148561477917,2.41667583108008,2.54498177131513,12.7280314357858,21.3869654159544,5.49533195680182,3206.05619240156,96352.640207304
29.5530151906542,0.362393354263945,1396.9763609837,298.148950222036,1716.91976368435,100.820778382969,450.760715854667,2.41156306350595,2.45700379177036,13.171534218523,21.2513772958794,5.51819983381931,3180.70776912276,98112.595449356
29.481716756506,0.386773519630266,1382.46093496024,297.874931761991,1698.46403766796,99.7228652531616,447.565063563598,2.41221733122918,2.36996911786286,13.5801167208207,21.029220333694,5.54566481117052,3150.06361659417,99790.6064515188
29.4034112688627,0.414284342679093,1366.19116841575,297.37799269859,1677.70039982445,98.4888911835196,443.756718641914,2.41673327479505,2.2855496164451,13.911035598443,20.7403008509152,5.57637296425772,3115.36547674432,101469.957075473
29.3321119889926,0.445186123686886,1348.13002680232,296.538292695586,1654.53985817293,97.1134882870209,439.331514455116,2.42514268290337,2.20419342164537,14.1284304021417,20.3985694209221,5.60950353632109,3076.40814613442,103174.988230524
29.2710260029414,0.478102533532401,1328.47180089944,295.346706834202,1629.21527796705,95.6103343375469,434.353967154082,2.43879501879914,2.126857559197,14.2214761946031,20.0121829471078,5.64447171729199,3033.59151498969,104684.241651591
29.2101366407397,0.507635515329798,1308.17812860536,293.893852717371,1602.96117745445,94.0530368590674,429.112782924335,2.45990441487041,2.05649298114037,14.2092263221315,19.5944410503489,5.68006295131136,2989.05745602222,105703.877959541
29.131651801076,0.527822809276783,1289.04657927822,292.350502423946,1578.07464258812,92.5785391709688,424.144451409092,2.48759730534924,1.99580287183525,14.1406369860848,19.1691296165549,5.71444405439799,2946.79871417599,106396.890548095
29.0265775145538,0.537502582814091,1272.53569721599,290.885190800385,1556.41549716212,91.2973843440839,419.890716972444,2.51825546819814,1.94595421513458,14.0595394460873,18.7584367245756,5.74612283405682,2910.07716264581,106807.240711286
28.9023562332684,0.538751661083465,1259.15787503269,289.602336389626,1538.64589157237,90.248360419599,416.52033417403,2.54852974341242,1.90692474800782,13.9785921978264,18.3759744998675,5.77434343171295,2880.08860474295,106981.68168312
28.7819675681071,0.534031399414414,1248.85075075943,288.534458245313,1524.73756743932,89.4284786378782,414.040403379509,2.57653768221271,1.87789041221775,13.8897267805486,18.0286917806702,5.79888143826,2856.78668051884,106938.237155417
28.6996824526538,0.524879444948355,1241.3807767744,287.645251395145,1514.50486933693,88.8247581226375,412.413568040147,2.60163363052866,1.85793426309364,13.7820882761361,17.7206057754578,5.81968734207782,2839.76740835426,106669.458467595
28.678364249929,0.512531546370264,1236.56279618612,286.90337435955,1507.78934459364,88.4265070697232,411.606374592299,2.623072239777,1.84592544887375,13.6515530285344,17.4546822872148,5.83678528019015,2828.69577453535,106286.16693596
28.7167773949631,0.49658239075508,1234.28250243742,286.307571842442,1504.43962089116,88.2251260178306,411.586706314596,2.64292817234776,1.84288368720536,13.4980671328278,17.2337115180206,5.84990774253781,2823.32158079729,105310.850612389
28.7930321683129,0.476168463608262,1235.22131943591,285.993244467677,1505.24429760149,88.2691284485109,412.575285319984,2.66274937110301,1.85229049923838,13.316736878471,17.0716751855711,5.85784410197554,2825.14463245445,103454.80622364
28.8744787022732,0.453913321409508,1240.79834255295,286.2635785592,1511.88459031498,88.6599121808355,415.053261769405,2.67599934276558,1.87405982554433,13.1008820949138,16.991755023641,5.85940987740957,2837.35255531278,101520.45279341
28.9390558671338,0.432440966822663,1251.27867196063,287.245967422863,1524.62877320852,89.4141620986094,419.13240095977,2.67761969685732,1.90512241952711,12.8521156657664,17.0003302659918,5.85475987348307,2860.56368299646,99716.6442144467
28.9826162981721,0.412311470252063,1265.50855050775,288.780143433543,1542.0306649613,90.4462476976464,424.443771322163,2.66904537166184,1.9435684171513,12.5786382606902,17.0845543948426,5.84489984512783,2892.19001819476,97947.9634687025
29.01028775552,0.392947004884432,1282.17923130547,290.629803209187,1562.48656832337,91.6605639460931,430.546858222394,2.65387765837238,1.98865641777032,12.2881675298266,17.2287535947184,5.83077598957112,2929.27632826312,96205.766274365
29.0266192115591,0.374493188672067,1300.43353416104,292.626042876657,1584.96662814212,92.9947119784041,437.137516626324,2.63363145474437,2.03902076328903,11.9849227374136,17.4217402845284,5.81314363956487,2969.88573360888,94722.2985347629
29.0308737467769,0.357777594915311,1319.46833532959,294.628190705609,1608.50407901992,94.3901008429161,443.930683622,2.60922790490304,2.09259828751965,11.6705877152783,17.6518059710812,5.79288640726785,3012.21484765102,93545.5855951669
29.0178708851491,0.343632606581099,1338.2861100125,296.486137664319,1631.87943713783,95.7737482181236,450.588034048088,2.5808564973929,2.14557454019511,11.34729497892,17.9035730639435,5.77135284115654,3054.03465323516,93020.8046128929
28.9804110983355,0.332246381755749,1355.28729290304,297.964995084007,1653.12831101522,97.0286994435016,456.575833875966,2.54942655389598,2.19152820046829,11.0204651220304,18.1516405191356,5.75079983245444,3091.77255072243,93548.3104013765
28.9101955854615,0.322568862357436,1367.8800543499,298.621865758732,1669.09035535118,97.9675002808917,461.00791252447,2.52224404116357,2.22734274890428,10.6940820048588,18.3545845893221,5.73384998309136,3119.60247710058,94633.685491172
28.7980071205716,0.314050980566607,1373.88312842063,298.026861027092,1677.13149066124,98.4342550910818,463.120362066331,2.506597798207,2.25423435908617,10.3672501131967,18.4738231836708,5.72235135995266,3132.59236442867,96068.2614963311
28.6327933490451,0.306814666063493,1372.6832666162,296.026643637324,1676.53022186124,98.386392876774,462.688639924968,2.50525343561112,2.27390463541299,10.0372275804275,18.4902252592783,5.71707950957449,3129.3437408842,97733.7394426884
28.3940444860585,0.3009573449615,1364.98926548783,292.737238562033,1668.12623942408,97.8750243260533,459.958348964547,2.51827964066068,2.28789520491107,9.69981688950197,18.4035437398949,5.71789231412038,3111.42581272056,99334.034990085
28.0473205338742,0.296366701255888,1352.53282003994,288.480320040654,1653.91902164259,97.022506336297,455.541123434901,2.5430772922335,2.29661251764511,9.34903301666229,18.2295676141159,5.72400715507664,3082.65875172994,100796.426814694
27.5701962829673,0.292724308735455,1337.45434736326,283.66670344366,1636.3992588322,95.9799651769248,450.191395128312,2.57550643614879,2.29933588101396,8.98252413772147,17.991442840518,5.73440684567762,3047.79058361235,102112.707674002
26.9764672826702,0.289468305826651,1321.59903993792,278.649097193624,1617.78312824375,94.8792836676833,444.552116243163,2.61370433110991,2.29777698375088,8.60268069084275,17.7128318025302,5.74766226246043,3010.97249600293,102796.34596134
26.3255682951421,0.286047505936107,1307.0151434143,273.780108614658,1600.64068559875,93.8704450747129,439.322878188671,2.65611760680525,2.29692394085911,8.2117532405264,17.4265477218137,5.76134386976474,2976.87713207112,102467.594847601
25.7074194376495,0.282411666601258,1296.21561072329,269.479712681528,1588.17338744163,93.1389104694408,435.362228337578,2.6956451829304,2.29927030937135,7.81087889722545,17.1738852685429,5.7728814677772,2951.27272863814,101741.583490485
25.1833516329537,0.278512895085782,1290.56713431907,265.978088007159,1582.14323599129,92.785881816224,433.135682476575,2.72690782501607,2.30472845760162,7.40087564230485,16.9802267694349,5.7808995343368,2937.31593520243,100774.038873317
24.7634569019828,0.274290096549086,1289.83798268544,263.223441677504,1582.27676522345,92.7946063536449,432.553920364632,2.74916679503918,2.31338865962993,6.98304676752768,16.8503386157772,5.78509201245355,2934.47881030663,99650.9457769015
24.4260971505204,0.269731753239226,1293.14652889457,261.041888236766,1587.4498329352,93.0995881137946,433.294957650643,2.76387217354114,2.32547821900845,6.55923816441296,16.7791793350443,5.78565188259528,2940.70398757205,98472.9760781465
24.1399902749711,0.264844329722036,1299.59288406756,259.24916965792,1596.49456224669,93.6331848352964,435.022459469181,2.77357657738392,2.34157730724119,6.13002281196089,16.7595467522255,5.78283396398626,2953.86267024924,97191.1599278287
23.8845616823114,0.259700681100519,1308.57598044045,257.719986145484,1608.63002321041,94.350129300716,437.505979081296,2.78034377481085,2.36215361139016,5.69547907649951,16.7868846238896,5.77677190453866,2972.52695231578,95823.7676372212
23.655906176839,0.254389932133786,1319.78090129421,256.396430139385,1623.46500852562,95.2273136198255,440.6243195612,2.78531334137022,2.38689946816394,5.25677630794316,16.8594570295829,5.76756882236512,2995.97095497245,94420.1333270378
23.4587636678976,0.248991464820554,1332.9611787913,255.245820661698,1640.72166810593,96.2476072005631,444.287940973816,2.78926895178631,2.41479176412717,4.81623001083503,16.9754933033357,5.75543985042655,3023.66562511388,93043.5770423938
23.2975980771926,0.243600936025276,1347.7800054224,254.224949403181,1660.02525201802,97.3876975159889,448.379067533477,2.79320309967011,2.4442887807593,4.37677446193518,17.1309742278284,5.74079953676668,3054.8963803141,91752.3949282537
23.1723039900802,0.238307669788294,1363.78085602199,253.271484211759,1680.84509124562,98.615001359458,452.74022106983,2.79863285718209,2.47323144911212,3.94174123873041,17.3193467558764,5.72429772364393,3088.67176654175,90579.8676599086
23.0786770844858,0.233161598584608,1380.46172642914,252.315202446088,1702.57334953621,99.8925738403266,457.199871341981,2.80785159163487,2.49904904589714,3.51492007870154,17.5326626686079,5.70673703333104,3123.87838399784,89474.8848010213
23.0119437264244,0.228194218152644,1397.46306927853,251.307462386626,1724.7595353054,101.1929692812,461.636982317193,2.82325910880521,2.51890885740851,3.10190250755056,17.7642052019104,5.68891153846974,3159.70658991917,88373.5268803793
22.9695747281706,0.223432262606933,1414.6914693666,250.241954701006,1747.27045933921,102.507540784059,466.0249360276,2.84577945187523,2.52907598090891,2.71188087348288,18.0102580764344,5.67159858017438,3195.93776188464,87355.7957142819
22.9497305967493,0.218882300481715,1431.97402054275,249.098999122159,1769.8745956032,103.82168750373,470.314045128989,2.87545146838099,2.52545209330731,2.35469751577777,18.2672538147965,5.65562769802278,3232.1757718254,86451.8804965321
22.9492039241788,0.21453952183354,1447.24688115248,247.54614735648,1790.00734308269,104.983390771535,473.839133161797,2.91425148183382,2.5050257953922,2.03770905458904,18.5282445922283,5.64186063143718,3263.77520916551,85716.4590446049
22.963135188294,0.210416162683998,1458.11018920897,245.22241215631,1804.68938622875,105.816132769644,475.823707634079,2.96510082704207,2.46664873784782,1.76621226282322,18.781921708635,5.63112159562408,3285.35449839055,85214.2789967712
22.9855645407336,0.206552596261538,1464.50280764808,242.173098124503,1813.8347213337,106.313751106198,476.248190298618,3.0256148150279,2.41041025443195,1.54375289250523,19.0166565171198,5.62404785836789,3296.80694190529,84874.2208546327
23.010810757404,0.203002647540089,1467.60653748833,238.636983696599,1818.89655185312,106.561447403518,475.500956686316,3.08855128726378,2.33763929211523,1.37101034361659,19.2247198948829,5.6208679282368,3300.81791591876,84721.0906373689
23.0331593894904,0.199811541310557,1468.56389046152,234.832049526611,1821.27964322811,106.642633176327,473.967292659967,3.14486540989491,2.25072250275902,1.24592063039999,19.4012135922408,5.62150238855414,3299.98059358665,84945.2484295575
23.0435802358456,0.197025714690406,1467.60983889038,230.828562915961,1821.25974545138,106.57538519477,471.750235929744,3.18679737375077,2.15320007926158,1.16576554710973,19.5366479748045,5.62597724148397,3294.85062968664,85784.3701179587
23.0262567517156,0.194622917891453,1463.8793079033,226.518394383182,1817.73890000125,106.298308103759,468.60777916153,3.21261292470162,2.05143393885835,1.12677603149259,19.6114745749226,5.63450269592987,3283.50775906718,87005.3873707609
22.9626372486741,0.192540491622497,1456.41648176049,221.760873990851,1809.50199778987,105.743787714177,464.271661739707,3.22538937679206,1.95313890770114,1.12262765193614,19.6057693918981,5.6471274601111,3263.8122996684,88451.6710225257
22.8390180878117,0.190865049932983,1445.36827955252,216.571948777528,1796.70705804376,104.924040499999,458.822914480435,3.22742350793029,1.86312813692867,1.14837166008802,19.5096833369299,5.66374060670601,3236.0885262918,90273.627808242
22.6545595327601,0.190283268506917,1431.55794206944,211.090436489327,1780.33621909742,103.898868561066,452.597876844637,3.21127718896449,1.78233734992325,1.22476544811324,19.3200354156548,5.68448753633119,3202.19912940901,92739.6592401169
22.4319080508742,0.192214375188793,1414.91656631444,205.377270476607,1760.20130601556,102.661221996869,445.779157616318,3.15545487496644,1.71495822316324,1.43093614191527,19.0333568644277,5.70934151341637,3162.07169648033,95618.6749049031
22.206847772614,0.299353080775227,1394.79303943811,199.442899676665,1735.29612059937,101.130777536047,438.685572490122,0.0350988239948246,1.40407877967925,2.03706230008098,18.7508883001691,5.76876672213964,3114.43769643907,98776.5925280328
22.0045652466314,1.39219596136261,1377.42607742097,194.354673651511,1712.67481011706,99.6820754788753,435.387790350701,1.41153856843903e-11,0.135402216640728,3.63200526095974,18.7364320368908,5.9488155166119,3073.9173460817,111589.348057315
21.8615691556644,6.32469827184814,1367.85213412572,191.178599172438,1699.26047518735,98.8456095666648,432.339695490168,1.77027296534298e-12,0.00252415205662083,5.01979325011239,17.9140556168782,6.01779481945788,3049.67776599651,115619.225269592
21.7171198325545,13.1039034718502,1349.76908478527,189.368852383749,1675.02668453253,97.3671745564595,424.742065884314,4.06989005094376e-14,0.000388548766067482,6.38708261940012,16.9865483402598,6.07014161273676,3007.0179766243,119580.286438427
21.5456636304571,20.1792179116982,1322.39128478551,189.829904969383,1638.93519843678,95.1683711595295,414.018642697818,1.55948657847867e-16,0.000276318256109306,7.79581474605431,15.9892465799628,6.1251514369252,2945.87473003446,123232.559710442
21.360147715597,26.8006790891364,1290.57664063748,192.538547020563,1597.11915426664,92.6125631023833,402.450021241785,1.3868034833554e-19,0.000188693302715753,9.21244208462109,14.9669806425028,6.18218551971705,2877.09936707323,126001.366614134
21.1887698506744,32.6657459812979,1260.41434549918,196.583637473111,1557.26724758532,90.1667848830781,391.960444716427,4.38446622652556e-23,0.00010305272411592,10.5497714889941,13.9975276136262,6.23681278894949,2813.08289565754,127510.939927083
21.0592926858045,37.5902388344844,1236.68120576789,200.907698937711,1525.32872311257,88.1987675203013,383.820289912411,-5.49308801821694e-25,4.28672461944067e-05,11.705951599923,13.1358741809106,6.28559622687528,2763.07231595453,128299.416697671
20.9831087193843,41.607060541707,1220.83239511164,205.122012849825,1503.07660929879,86.8189377184652,378.259304567562,-2.40501958137893e-25,1.08510590453692e-05,12.6419482512087,12.3936024102764,6.32770628222351,2729.70340615495,128515.373427393
20.9558192757787,44.9465216081901,1212.07920622277,209.410118509532,1489.54761742121,85.965216788015,374.886275379112,-9.98273876547931e-26,1.40986615217225e-06,13.3783380273553,11.7600456855037,6.3637451927832,2711.36301539937,127848.713158723
20.96259209443,47.8322873162643,1209.75593890334,213.930916576653,1484.04397184585,85.5877133058326,373.468498824468,-6.97963613710337e-26,2.45000448125588e-07,13.9361293578209,11.2276739533862,6.39429333307105,2706.85715311078,126275.060836744
20.982528212157,50.4277874529451,1213.66140997467,218.589139461683,1486.50881451671,85.67519666206,373.973561582345,-6.80407149524354e-26,5.12164514962991e-08,14.3194239570516,10.7907399701733,6.41980496844333,2715.88245183302,124448.136832251
21.0033438728597,52.8510136908238,1222.64762542796,223.224749838334,1495.57991225413,86.1445822035286,376.062539057591,-6.54492268551489e-26,1.07953122391336e-08,14.5480203194277,10.4329377849465,6.44119604959989,2735.95148262131,122551.900355884
21.024698256844,55.1818588088555,1234.92567987132,227.733071212913,1508.96521590141,86.8625717218111,379.186514649557,-5.86721131947842e-26,2.34727622664844e-09,14.6585242117091,10.1326820283284,6.45960567322312,2763.12825574041,120710.857976441
21.0546151526175,57.4659614294433,1248.9134688412,232.055244819647,1524.59747628556,87.710455350678,382.859550904887,-5.06134648804802e-26,5.3107099849984e-10,14.6820394257614,9.87088957576637,6.4760235505694,2793.91987806539,118985.608392035
21.1058058079799,59.7235681988952,1263.52495255511,236.151929500092,1541.04939328305,88.6067041383133,386.746629101835,-4.33528753333746e-26,1.24496102266067e-10,14.6351973839986,9.63343123836949,6.49117721879682,2825.92112606649,117328.576963764
21.1844034050145,61.968841960257,1278.22367744645,239.976647918975,1557.62483509055,89.5117584995865,390.682902054803,-3.74194532140509e-26,3.00530122116105e-11,14.5324183675683,9.41153445976058,6.50551348255224,2857.93268769579,115748.041195143
21.2867886407876,64.2212940863834,1292.84719468544,243.47258514604,1574.13185586997,90.4148814682989,394.620752942474,-3.2619239344321e-26,7.42799193064745e-12,14.3925003693108,9.20055123493674,6.51926398222811,2889.57883562349,114099.131515152
21.401836658233,66.5232906962441,1307.59769720422,246.605749387488,1590.84970839662,91.3325812875581,398.628158766937,-2.8648335319021e-26,1.87625980199173e-12,14.2359822307243,8.99971667941197,6.53245904975407,2921.29314277038,112417.822477604
21.5130622854798,68.9319286864811,1322.67520624534,249.357115384546,1608.05738064476,92.2813999741733,402.773389031073,-2.52850975974807e-26,4.8774039673181e-13,14.0805308261828,8.80891348943284,6.54509700304017,2953.5187470678,111033.699483717
21.608114463724,71.4562044260648,1337.55653185239,251.660343148744,1625.12576382704,93.2250156709253,406.895494142777,-2.23864544683281e-26,1.31260906030802e-13,13.9335691215308,8.62391413882881,6.55738990232915,2985.1170495068,109993.911206235
21.6826053439815,74.0408405025199,1351.21823212051,253.415792127624,1640.79025024887,94.0900218843808,410.673168577538,-1.98568385101725e-26,3.65375333357564e-14,13.7922369604041,8.43805932914023,6.56967174104931,3013.84673319431,109393.645221491
21.7336969336175,76.5781516300781,1362.56283310915,254.507079146034,1653.66729111481,94.796036025197,413.75563131231,-1.76250061076426e-26,1.04617068942604e-14,13.6520391400661,8.24452881705145,6.58227765972249,3037.26719861165,109313.987601544
21.7534185366483,78.9230871831642,1370.59536983177,254.786404250336,1662.46645410789,95.2682012743652,415.816623052661,-1.56362687778517e-26,3.04503574352629e-15,13.5140153028488,8.0374509392443,6.59548760573705,3053.09480765578,109564.987665177
21.7329902234609,80.9618843465295,1374.87530903821,254.167955310582,1666.59387903273,95.472196591034,416.706820756942,-1.38526509738992e-26,8.82968655901796e-16,13.3799452003511,7.81464887513126,6.60938983285312,3060.27890510665,110076.606319421
21.6682375558722,82.6584900089997,1375.63696469858,252.688554907,1666.3354742548,95.4247030112614,416.499336193911,-1.22506400191306e-26,2.47621985544771e-16,13.2489838690014,7.57816353181254,6.62386222210088,3059.33949744669,110520.334003178
21.5592604831128,84.0730265509724,1374.05761149074,250.562140898833,1663.19792589582,95.2126810340149,415.57383834408,-1.08200208648268e-26,6.43726340447664e-17,13.1308698276411,7.33531597659297,6.63852878859644,3052.98445736776,110548.818540263
21.4089299191533,85.3385633793505,1372.12094190649,248.174514967165,1659.72656871478,94.9823874681903,414.568684634392,-9.55452724377366e-27,1.56036623408586e-17,13.0562083876909,7.09688599698385,6.65285560066072,3045.80035513126,110506.36076263
21.2354364304764,66.1999659457564,1363.68951521295,244.506967378592,1649.21904790781,94.3843994148031,426.077378191777,0.875419167805156,0.298005819448116,13.168591644072,6.98770140734009,6.65460001342099,3033.61774473319,101270.345732046
21.0232761941525,43.5203336241798,1342.90470362983,239.156852538305,1623.97182344686,92.9701374673161,435.868822006387,1.21413981097015,0.786391638936676,13.1729504919966,6.87328613262418,6.63393588296107,2995.85386980705,101618.601300258
20.7780332916173,26.1625370101773,1323.54796211692,234.062130219285,1600.52281482441,91.6301762148891,442.21991034269,1.27004236828608,0.997912260281602,13.2638304710518,6.84891097689498,6.63551910126475,2958.97668387331,102641.202978724
20.5115637491108,10.3211026890869,1308.39556870624,229.430457149152,1582.49198772879,90.5965797903262,448.938302638667,1.37797707027832,1.11203930867457,13.346628803306,6.93450166839143,6.63944676075597,2930.98083066096,103883.811237039
20.2343390463252,2.25182680917417,1294.34480410827,224.723552737123,1566.14537966592,89.6669770521601,450.18357785988,1.77207359460576,1.24741426643051,13.163178993718,7.0601389927311,6.61998691815461,2902.08265095661,105191.009612811
19.9490241365452,1.27856682708108,1278.99929845382,219.64134528927,1548.45207611241,88.6679980314529,446.119542070075,2.09348915304256,1.39868435553263,12.7751792549772,7.18285284981092,6.58283779119083,2867.46963406874,106757.141881109
19.6477872599541,0.98385712830907,1261.49093375291,214.224447382762,1528.20076082876,87.5201827235357,441.701685678875,2.2480858216528,1.49198752757726,12.4647114505639,7.29509799644451,6.55323440643241,2828.33097155359,108670.898489901
19.316127332613,0.867530416647292,1241.73481313544,208.719772845781,1505.09620911124,86.203650013621,436.803776392139,2.34096723532443,1.53827479868504,12.2868814285627,7.36778312013184,6.53288104744198,2784.42841111224,110565.057175175
18.9482086836018,0.831077550391353,1220.40630257645,203.406525386393,1479.82405722635,84.7571215715188,431.323371452729,2.401203284309,1.55408384128973,12.2557768040983,7.39266093074483,6.52035925767458,2737.06941880322,112350.397690185
18.5502850272812,0.833370329475755,1198.61431957831,198.460228649631,1453.7305136864,83.2583957653204,425.496837823965,2.44393906105057,1.55081455558771,12.3553016928297,7.37543065004623,6.51388474387168,2688.64286956191,114020.321192577
18.1192945192213,0.854249387104084,1177.37587908812,193.987860001028,1428.15808621631,81.7851085961623,419.6732877007,2.47702981283993,1.53590143993646,12.5451065642888,7.32500160434072,6.51192118891792,2641.48145405316,115566.739889739
17.6287580820012,0.882943825581318,1157.32947631391,190.093851705248,1404.03849300529,80.3906772183196,414.120282816136,2.50458497016954,1.51434105740163,12.7694282888535,7.24928129525948,6.51329470169772,2597.19096294314,116963.274524699
17.0629101776781,0.911971403739859,1138.76032489453,186.826061582383,1381.81272561058,79.1004204226015,408.962041865219,2.52942215168237,1.48969147720183,12.9870653316949,7.15524053247034,6.51706444825984,2556.51608220489,118183.07515562
16.4386696100699,0.93399675172427,1121.89149817443,184.168181832735,1361.75178184459,77.9307305628766,404.273823346832,2.5540332182248,1.46480441132124,13.183957933192,7.04984940145071,6.52235112061267,2519.91611760158,119152.340010923
15.8077313089723,0.939445677358706,1107.02686850433,182.092153064773,1344.19433758182,76.9037981381161,400.149985202099,2.58087092466071,1.44208233263796,13.3663132336995,6.94056408128116,6.5282454578819,2487.9798999765,119851.022954806
15.244091222486,0.921064620085553,1094.39267736225,180.575354072785,1329.40353576752,76.039302804423,396.65235902138,2.6116313163034,1.42322798266738,13.5513419700546,6.83419689179361,6.53389607019699,2461.15229035362,120373.670764565
14.7879531312644,0.882282562775685,1083.95414631187,179.57825459672,1317.33130031162,75.3369791295814,393.762250609324,2.64555622526554,1.40905803977275,13.7455543748291,6.73531627218852,6.5387311065788,2439.32280390971,120758.711670547
14.4314632103425,0.830255750328335,1075.60033861047,179.046608225787,1307.83331161444,74.7878506039939,391.458360245219,2.68253659747989,1.40092380711987,13.9377675688151,6.6475598027304,6.54226828497999,2422.21654175435,120612.150153519
14.1433271175283,0.776452383780171,1069.88605493453,178.986537141895,1301.58923785263,74.4284393127249,389.991433832618,2.71949262036234,1.40038627546865,14.1096827423533,6.57862152196229,6.54393151686479,2411.05016536122,119774.892807413
13.8864315227255,0.733124889969938,1067.72922726677,179.450487499514,1299.73952240097,74.3208311519669,389.780427714511,2.74710479229771,1.40615621093142,14.2504415601143,6.53822905335387,6.54354452712908,2407.88674365738,118825.247482185
13.6389820869891,0.699678663139654,1068.98818843994,180.389416798783,1302.12712281465,74.4540928678653,390.839033571929,2.76226725212459,1.4159040840092,14.3601477005148,6.52870148211021,6.54135047476376,2412.43996433234,117878.755551494
13.3984719009681,0.672338419863702,1072.55193420566,181.654012582428,1307.39172560518,74.7503530304866,392.776044705549,2.76640861794848,1.42718498149567,14.4415844735267,6.54487674227903,6.53783175925877,2422.23340375783,117339.361293746
13.171368865076,0.644474548109826,1076.66279770622,182.998895531799,1313.34015881363,75.0856759013283,394.912687436079,2.76435696239505,1.43696650484744,14.4762485040013,6.57555611269267,6.53374360652738,2433.26880939136,117492.487543988
12.9668717328238,0.608124010507202,1079.30367339248,184.105142965099,1317.41313254222,75.3166161846297,396.417532918778,2.76695993883772,1.44458018016986,14.410122182702,6.60577982493997,6.52961950410072,2440.8590278587,117903.035702106
12.7883451870155,0.566596970794402,1079.47861906535,184.830797602414,1318.32751311904,75.3713470755263,396.853997396953,2.77897954781274,1.45058530378996,14.2078108423938,6.62573800668963,6.52570137622408,2442.66732316102,118492.83764899
12.6286324031789,0.525927071890913,1077.2978357566,185.262724210959,1316.21833867356,75.256531060621,396.262560540479,2.7990139292421,1.45523731968825,13.8820449418915,6.63253492157323,6.52215186408235,2438.99350556696,119083.946417912
12.4638849022351,0.48883003703239,1073.39170413059,185.540890134372,1311.91613357541,75.0176768893385,394.911746611303,2.82346048210369,1.45846137006309,13.4841764803526,6.62699558350306,6.51907688320324,2431.3661015104,119758.664111869
12.2510499013404,0.456486224618784,1068.16122044237,185.766027693141,1305.99434957748,74.6854282951834,392.981408150967,2.84798894795961,1.45908418943868,13.0860917739612,6.60855909241686,6.51676184047418,2420.81383205883,120881.592953214
11.9588820274493,0.43134991247001,1061.26343925107,186.249140843994,1298.01056091521,74.2303142235881,390.339076337334,2.87056810101378,1.45566968825651,12.7313306565176,6.57114492888997,6.51578654314304,2406.80779149931,122484.23378361
11.5867433475377,0.415439226920324,1052.17024554133,187.651697266538,1287.15775105148,73.59952894933,386.747738456495,2.89286985618585,1.44800000614501,12.421585966302,6.50749350942549,6.5166799484089,2388.53057203664,124184.782755612
11.1697851636213,0.407235264007572,1041.17930185341,190.138572814575,1273.70994410232,72.8073962392991,382.321344848914,2.91851987784633,1.43793795562976,12.1387338389853,6.41830346307276,6.51932574769394,2366.65735370897,125360.708889954
10.7703591281482,0.401864808519572,1029.79847379111,192.62728177451,1259.67990931057,71.9796566336865,377.725169951319,2.94705162212138,1.42756619542763,11.8653115339772,6.31520687452634,6.52295482958688,2343.83431139574,126089.337037521
10.4273756376428,0.39508828978837,1019.6939680861,194.119425295356,1247.31449517084,71.2555884108744,373.661674300507,2.97603189395379,1.4187275894901,11.5963030815764,6.21105133452253,6.5266459074518,2323.13494567596,126392.22766386
10.1455869979618,0.386230580066764,1011.67452697646,194.534365670895,1237.66186818875,70.6973168828932,370.43610820829,3.00219506141521,1.41250685578898,11.3363645517571,6.11374732112962,6.5298082368857,2306.28936677335,126529.567910356
9.93615940054563,0.375986955003991,1005.47891989577,194.260155305021,1230.34134561124,70.2789171955557,367.909922022432,3.02411644871159,1.40878742813538,11.0867309485396,6.02480847431987,6.53235439466684,2292.94292559299,126708.078285782
9.83377098048262,0.36497832930495,1000.44518606699,193.676946220758,1224.45145749838,69.9432120387776,365.779313776242,3.04413826181373,1.40789120380586,10.8389975558911,5.94203297188808,6.53431784693586,2281.837694432,126694.587653571
9.85174955765378,0.354332202574236,996.409199608085,192.99513276785,1219.75157171825,69.6737696944948,363.957569381126,3.06320078026242,1.4101784196117,10.5887225230806,5.86577048778139,6.53561681947132,2272.72454753332,126477.517450958
9.96726022762855,0.344060525911608,993.717624974387,192.287793063755,1216.68370894269,69.496385158452,362.582930241699,3.08244475579677,1.41659834688561,10.3392364568429,5.79988346485936,6.53592573570691,2266.42292775821,125667.39077533
10.126846974051,0.333711925424802,993.275697201005,191.595325482929,1216.40440873024,69.4787987431404,362.008341830395,3.10012464805743,1.42818889260075,10.0971984856754,5.75171657894515,6.53472579810341,2264.95742493932,124390.067286246
10.2603268230639,0.323517095244915,995.717598940144,190.895638666485,1219.73843037691,69.6690843457218,362.481286907991,3.1104389013516,1.44368620176641,9.87052299091888,5.72612669090183,6.53192090396318,2269.72238108896,123384.660469699
10.3320214581905,0.313879768757849,1000.25365366628,190.050455734767,1225.7307338423,70.012467155348,363.714652877462,3.11232916664354,1.46083579201443,9.66242462514998,5.71850396028754,6.52801427897043,2278.93929065829,122747.346023376
10.3472998619678,0.305759853952841,1005.24952030073,188.922306934876,1232.35105307686,70.3917288516263,365.106830574256,3.105952198422,1.47597781354802,9.47099779585353,5.71824926561662,6.5240276313824,2288.98254647272,123069.72340262
10.328860423028,0.300591813389789,1008.40786061413,187.52493671462,1236.6986953701,70.6377440019806,365.80595407661,3.09426345822048,1.48417639551946,9.2817323427693,5.70979823370406,6.52145973517539,2294.8611232719,124516.060495478
10.303426108777,0.298763358041506,1007.38219487063,185.903356699775,1235.80461426671,70.5782313494602,364.957790676298,3.08702998866538,1.483052752591,9.0623995403761,5.67751426135726,6.52151509448655,2291.50474349673,126240.045689149
10.2845562790667,0.298996634459567,1001.55307977666,183.779643867769,1228.93927223287,70.1752411996347,362.389820999381,3.0897012625155,1.47268975376992,8.79539323416545,5.61660405688962,6.52449920001492,2277.44518060678,128114.220584458
10.2661523164363,0.299079480965941,991.828309397274,180.773924775028,1217.318741559,69.5045965121396,358.480996816474,3.10462777633678,1.45591624296869,8.48967425678686,5.53126157862353,6.5297997923219,2254.47043840121,129564.779130503
10.217091064506,0.297028910903015,980.322943057395,176.951418507696,1203.57741778776,68.7192063616846,353.982161944361,3.13121774341442,1.43801529936152,8.17450970210018,5.43252438860125,6.53605882321934,2227.17876569913,130144.382340213
10.0903055393358,0.29267243641241,969.672765152402,172.807125144942,1190.90169570717,67.998832052215,349.782801359655,3.16157245818717,1.42268489988258,7.88917848396259,5.33428294765781,6.54198654320034,2201.48611828319,130367.543187256
9.87132265762205,0.287027383849407,961.20449700168,168.745092498678,1180.87509178471,67.4311742964268,346.31999763194,3.18985655641566,1.41130574268345,7.64980151415356,5.24408412740213,6.54696919130279,2180.45916708266,130274.730723253
9.58106099203939,0.281077594373796,955.073694940896,164.944731314517,1173.69493751632,67.0261609757,343.651918319785,3.21351340440056,1.40357681923169,7.4451288985863,5.16415011859223,6.55093219703537,2164.57081371306,130078.356267411
9.24425093010012,0.275438565946097,950.908463337878,161.49342334398,1168.98578560095,66.760198708615,341.671601008353,3.23283120547209,1.39837744964524,7.23854184993351,5.0942587438351,6.55405273784039,2153.1837407773,129781.717378852
8.87739737177353,0.27017180623825,948.396047807664,158.499004354425,1166.49787167061,66.6155841835277,340.299190777291,3.25105638713832,1.3953215128322,6.97858650663798,5.03481903326012,6.55637477134016,2145.85515882325,129055.366203538
8.49471726865679,0.264963177582488,947.897704872703,156.056252195242,1166.72264849532,66.6197560850381,339.676420461559,3.26909742834137,1.39462835359891,6.64927526629685,4.98957926154725,6.55767433231325,2143.47982492199,127921.129566593
8.11112044461728,0.26000351672915,949.975238187414,154.167550824093,1170.29687703328,66.8114092445666,339.995090604856,3.28479020904911,1.39631350512039,6.27356551116154,4.96266706949562,6.55772143590491,2147.20484441538,126576.428777441
7.74857976047665,0.256390727783032,954.68120536899,152.694447225001,1177.20225599954,67.1926080936772,341.278822902895,3.29475551877736,1.39889582411977,5.89567332743473,4.95553700951346,6.55666706163425,2156.96539191166,125327.028908455
7.43490695112562,0.254270729250329,961.377783049929,151.383354155685,1186.58502723577,67.7173043150002,343.330827704917,3.29775705013669,1.40002720023386,5.56607196233569,4.96623991359739,6.55500709772824,2171.16381836637,124216.462000924
7.18089490381594,0.252617363766729,969.229225386265,150.048505958435,1197.39110134725,68.3261113033708,345.861596757263,3.29492077520224,1.39907313469594,5.30497759593465,4.99024061804936,6.55308904173534,2187.85662910537,123257.584771215
6.97908099383704,0.250240055977972,977.610790094202,148.635025569324,1208.85626975759,68.9746242220419,348.619168838423,3.28904989732964,1.39742336802756,5.0999037937061,5.02253708727661,6.55093212438585,2205.65404080364,122296.045820443
6.81980801203685,0.245385534425421,986.384895095456,147.202191908331,1220.79390660877,69.6517191781487,351.488445398927,3.28382349196407,1.39787790090658,4.91893540251982,5.05995069997315,6.54820001690346,2224.2500035305,121141.027962333
6.69921863585973,0.237650480125131,995.744084842081,145.8602297331,1233.38646701915,70.3682029424698,354.44929637752,3.28099548098338,1.40312794923795,4.72309514415236,5.10156477725985,6.54441260807231,2244.03372718017,119904.58212041
6.61661274936598,0.228527087089783,1005.50442843788,144.619986288846,1246.3825349408,71.1095925523502,357.392118931866,3.28118476609317,1.41381849963719,4.49531807125875,5.14747550565089,6.53938463945996,2264.56996789847,118613.247447544
6.57403693873767,0.220065610927775,1015.32490992464,143.427406468719,1259.38883333293,71.8523061963017,360.213932059958,3.28155152601345,1.42726233680157,4.2455306182757,5.19747212748736,6.53351382635968,2285.12487326337,117792.757158258
6.59462642607256,0.214604507989359,1024.20128435163,142.123902717075,1271.23209428397,72.5269924904604,362.638337417608,3.27810757599308,1.4372886910239,4.00251622119182,5.24745051344648,6.52800807218456,2303.54037980044,117897.859942608
6.72953765319169,0.212562914781475,1030.28440269424,140.44150848986,1279.71801961064,73.0053056406605,364.13942472327,3.2733926888234,1.43819765135308,3.80359139710595,5.28928869575112,6.5243271930228,2315.81948956447,118388.678395166
7.00693430640457,0.212848624904845,1032.53758102193,138.248264557406,1283.6086236952,73.2150128816408,364.433211191384,3.27018538168873,1.42850280991696,3.66788309934397,5.31660879977477,6.52319007925313,2319.73432134804,119144.458033284
7.41147540107705,0.217232251483605,1031.11689787417,135.614294606969,1283.07056746897,73.1656835706459,363.585705111789,3.2671047352009,1.40915752397334,3.59794058509839,5.32656120755547,6.52468089208984,2315.65299834067,120226.793405124
7.9075685941493,0.235258483326009,1026.46873756065,132.781315847085,1278.56269682442,72.8839646788785,361.84252417986,3.25569588148333,1.37854226644328,3.64203516075794,5.32130175621684,6.52916939441339,2304.67659496478,121624.244141611
8.45891745703707,0.284131266326123,1018.99923588153,130.148988688327,1270.43858361121,72.3908769539032,359.594512584068,3.21952168715035,1.33482340466012,3.91801098910428,5.30638686808485,6.53725408990044,2287.98161914834,123194.237442375
9.04054072620459,0.382360410084209,1009.27310271737,128.013269529273,1259.302665086,71.7219412116406,357.179465356943,3.1490000541973,1.28607586427769,4.48639663531981,5.27928619005572,6.54838565629887,2266.99309227731,124893.571175324
9.63951927377816,0.544581070390858,997.69049399286,126.470726761366,1245.64625171245,70.9043796991952,354.640243822548,3.04729378005818,1.24105780702499,5.31076904792661,5.2311716385097,6.56169570832738,2242.57665665613,127335.778629736
10.2415409995269,0.767569871130675,983.554036403617,125.732345175664,1228.61649670818,69.8831238271515,351.459772364009,2.9338541585808,1.2008028839891,6.33041585994437,5.15383820531117,6.57688983167483,2213.23879738348,130470.307152279
10.818511848734,1.02083050359729,966.22493847273,126.210202893101,1207.41711301541,68.6055868230245,347.0615116434,2.83945264622481,1.16548872712521,7.49103506610017,5.04551640921587,6.59318713583837,2177.69826030342,133211.75467909
11.3482234495212,1.28426435748636,947.281911066947,128.046627021507,1184.02861757843,67.1870765495549,341.837896072362,2.77460397484467,1.13553179815098,8.73820878078886,4.91766549308553,6.60938649613627,2139.37041766169,135381.835146469
11.8233726859041,1.5257457310994,929.765625375697,131.042283895969,1162.27968469002,65.854878667556,336.917290088491,2.73997543188248,1.11369020187559,10.0018177841758,4.78878048963789,6.62405308857175,2104.71933294427,135678.769035081
12.2345649866412,1.66779136976356,917.610186061659,134.856230728598,1147.1064508576,64.9018359491941,333.736057614012,2.73546429071944,1.10472804018345,11.1273926523079,4.68315391571505,6.63514075818958,2082.01507256285,133812.26558293
12.5735731374253,1.66261426156629,913.581014375,139.13732339546,1141.95892155795,64.5335443495098,333.220987431498,2.75085991171704,1.10898543858008,11.9299571899446,4.62054351609259,6.64125946672455,2076.9195646472,131391.971844859
12.8468531692302,1.54616425871109,917.226214805303,143.727193613349,1146.28666283282,64.7187561719949,335.189973662167,2.77522049379284,1.12439096916873,12.3747255181816,4.60290501333497,6.64246464647121,2088.3415175984,128658.426478569
13.0665108178618,1.37806619279067,926.791797247439,148.615231829674,1157.94067283827,65.3306195046897,339.062777556949,2.80170862366333,1.1492523306361,12.5392147408408,4.62390269195628,6.6394133612571,2112.55786878431,125786.288104377
13.2319629143666,1.19489469196183,940.767769007949,153.674119065627,1175.09455900952,66.2629739495228,344.354722412855,2.82618555283396,1.1813106432559,12.5028353421145,4.67755312837004,6.6328260052069,2146.30785611053,123140.193600052
13.3266606060503,1.01265444677399,957.690692726213,158.561769398383,1195.98230424723,67.4167757801415,350.569727050923,2.84878018305381,1.21841540679032,12.3105889704446,4.75756241445779,6.62332729747192,2186.25864758023,120833.31536485
13.3437731232758,0.84504183347627,975.953836499008,163.018380365378,1218.61440858126,68.6794175260848,357.134132429253,2.87041636798625,1.25885431031458,11.9851811977518,4.85711846291733,6.61151394816048,2228.77144243419,118902.364371838
13.2946752783935,0.702559459421691,993.770456540472,166.935157585748,1240.73489135629,69.9206862921227,363.408307181458,2.89038102204476,1.30013073223527,11.5448171548161,4.96928532289787,6.59818419871933,2269.89001266674,117604.614146044
13.2082472557822,0.590388335060276,1009.50120771049,170.277437304342,1260.28731947405,71.0195727119523,368.824359794939,2.90779371869605,1.33910522521889,11.0122598363974,5.0856339671107,6.58439052635097,2306.05544046671,116975.15292147
13.1271991010488,0.507243811232832,1021.95290188193,173.019437101094,1275.81971734316,71.8883552335683,372.996055353335,2.92397081675558,1.37390721553552,10.4148362961028,5.1972388926134,6.57109652696535,2334.73388105551,116644.048989429
13.0788864953075,0.446385328714301,1030.89750787915,175.174269547932,1287.07672346564,72.5098545343058,375.869766420764,2.94054966598836,1.40374896552193,9.77628510434028,5.29858289008016,6.55889393200432,2355.48628137502,116546.07481986
13.0653855517338,0.400727691230762,1036.82814695937,176.791972463105,1294.66092902301,72.9191868139748,377.620832889149,2.95956204478666,1.42905094839912,9.11270859893466,5.38747013544646,6.54794540667032,2369.40003986433,116413.394754764
13.0774948347844,0.365599428706423,1040.70573532041,177.934425871672,1299.72110910093,73.1853413267435,378.583203974625,2.98173280418824,1.4512153642407,8.43344338528691,5.46485295261617,6.53806734041577,2378.5403288339,116099.324810521
13.1066684864855,0.338787987822372,1043.65017856951,178.664052292025,1303.57868713914,73.3884440331878,379.15834330248,3.00433819233133,1.47034631647283,7.74354152785432,5.53377085445555,6.52913871743657,2385.29815507865,115897.07874379
13.1490673204642,0.318795525032901,1046.17810371082,179.020350407814,1306.83357457394,73.5649880971045,379.539550029474,3.02596012103335,1.48547685553993,7.05052700499081,5.59509876447996,6.52129980147742,2390.78026778478,115814.332913121
13.2035209454471,0.304338989977509,1048.1843810846,179.016479368586,1309.35737582262,73.706664265133,379.701291487284,3.04736627531431,1.49549920115388,6.3677680213899,5.6476117531538,6.51481997007694,2394.77914602562,115841.421989867
13.2667760814622,0.294850548252349,1049.36238600545,178.654480027151,1310.7576922759,73.7889471959948,379.546603317578,3.0686826749784,1.49846781193269,5.71687200846259,5.68981938276471,6.51010538185834,2396.63235896953,116173.845878622
13.3300959545506,0.29007395289907,1049.23477472055,177.911662717255,1310.37018662254,73.7724164601831,378.914352569002,3.08977959158447,1.49186189133629,5.12578671720366,5.71909436754498,6.50771668046104,2395.23387433475,116901.671430394
13.3830250747421,0.2895456504783,1047.14570237033,176.753420774832,1307.30475294871,73.6055256541006,377.580318899529,3.11133211242165,1.47390378423408,4.61218063486973,5.73119747082815,6.50819237050195,2389.08259384815,118013.92850427
13.416171672084,0.292860558749905,1042.59248820812,175.203854170491,1300.90512204836,73.2499999244759,375.375075749812,3.13536960553633,1.44479669576337,4.17671330161271,5.72205198260888,6.51176668150329,2377.09192124029,119230.876674145
13.4142873989904,0.29925355513045,1035.86187051377,173.364400085247,1291.60864798323,72.7293808294623,372.427534427717,3.16441104503235,1.40716306619546,3.80484232549564,5.691925119468,6.51808060334175,2360.04572978512,120081.746908954
13.3567309050335,0.307709333812646,1028.2364493401,171.310312375595,1281.24951980186,72.1469377030274,369.257702279664,3.19720083444933,1.36379936343357,3.47273532190899,5.64742329822136,6.52637841613634,2341.02065237749,120658.563965785
13.2392895010043,0.317397173172311,1021.04302030356,169.101652941094,1271.65644729444,71.6062313913995,366.376957487845,3.23124965898459,1.31679278189578,3.16607645560205,5.59582233529898,6.53593271837827,2323.1052265812,121002.617520101
13.0798387960797,0.32863336390544,1014.93848013231,166.834928001437,1263.64880531947,71.1535932277151,364.009707617615,3.26246615555134,1.26716144902742,2.88881427981323,5.54084063189871,6.54634995039959,2307.77941093833,121505.393036933
12.9235420512483,0.343253952623171,1009.43403819982,164.632723252427,1256.53186287761,70.7492152614975,361.957872321159,3.28518567652007,1.2156029011336,2.67613603432222,5.48020412991443,6.55762112191823,2293.98764794617,122485.095485631
12.8392062942979,0.362880984559762,1003.2689544359,162.653162772309,1248.65957022642,70.2995880865774,359.755191401709,3.2945100269679,1.16664578279368,2.59113806148484,5.40785969376237,6.5694087341798,2279.05532662461,123537.925134116
12.8612445267103,0.387860027181782,995.888361482385,161.02191879247,1239.30533069195,69.7640338721774,357.194640725306,3.28690084054374,1.12691672537264,2.66017393495486,5.32188238320743,6.5808441831463,2261.84477206195,124579.104811503
12.9738074645071,0.419292784007694,987.678099747618,159.765189892655,1228.94338029467,69.1699258348105,354.410718886549,3.26604850460519,1.09991919304132,2.86040036569129,5.22609596463927,6.59118458135051,2243.19780512932,125334.357572174
13.1409028775917,0.465003167178633,979.734207806125,158.817160870085,1218.9512874422,68.595339072729,351.849746676703,3.23489259149363,1.08577793010377,3.17675159332185,5.1303625337117,6.59996175789793,2225.46683789093,125465.293988713
13.330529666348,0.534242356880892,973.597541188204,158.066790597107,1211.26849376616,68.1500557939132,350.192279329065,3.18812762062587,1.08302790007355,3.62883938377905,5.04855338472835,6.60688181156462,2211.97949017106,125162.682726789
13.5296499220389,0.621294773271695,970.205950391392,157.466027935269,1207.08011198628,67.901644517929,349.825120142898,3.12795812925343,1.09043853985657,4.21607177317275,4.99023977574439,6.61166747309693,2204.76420686611,124495.765146049
13.736905963426,0.713285772138118,969.577912453486,157.052745776775,1206.40986318105,67.852179112967,350.685100873899,3.06158412706785,1.10534577364172,4.89824515276309,4.9584281211804,6.61432260082267,2203.84859696474,123936.430032168
13.9328016112825,0.789361069258998,970.776488041715,156.878337645293,1208.0437982757,67.934581017792,352.290204019374,2.99996820328099,1.12366493545204,5.5873617600894,4.94934539907228,6.61524979491655,2207.12474384399,123700.350879608
14.0724463556003,0.825716400488377,972.510457131799,156.978752019552,1210.2899701543,68.0560118860489,353.984444153751,2.95922205456869,1.14331323541313,6.15297392498221,4.95550624089374,6.61468392062171,2211.64905869631,123258.677298423
14.1367777507098,0.824694184589623,974.510837296118,157.381499200467,1212.77856032066,68.1970097387811,355.567672085412,2.94201854259169,1.16383521375321,6.53112398998702,4.97364322860526,6.61263696831906,2216.76952379855,122558.857682597
14.1458533353354,0.802890559229767,977.24806736269,158.08588057174,1216.11754961857,68.3908864980699,357.235281550595,2.93838188989443,1.18428393139545,6.74958583605032,5.00395758621474,6.60931794833427,2223.53364094798,121890.427614678
14.1367980398933,0.773060299558774,980.765465029997,159.032218282077,1220.3905067337,68.6389291084714,359.061539209634,2.93922471026314,1.20328053564171,6.85966935075394,5.04414023516703,6.60522040805796,2232.05010190212,121440.446997062
14.1464870293744,0.739232645539727,984.546974725008,160.118863888121,1224.97228481016,68.9010537381935,360.88264529349,2.94326112385705,1.22055614611203,6.89153578493553,5.08883116840532,6.60077989708169,2241.15768475808,120947.356486486
14.1907448431896,0.703578641632158,988.351709560253,161.285332650089,1229.5708013852,69.1585240418784,362.616045474604,2.95075205913147,1.2365050530755,6.85730835361427,5.13465000778467,6.59617947868199,2250.30064928436,120382.384472976
14.2659164171424,0.663465112830304,992.468296176032,162.530179470625,1234.55762859206,69.4335745483474,364.373567232267,2.96469896336256,1.2533091751931,6.76455031348399,5.18219520417149,6.59112484707672,2260.11643636361,119105.948088121
14.3694965209353,0.613697208491086,998.188242396343,163.965009347474,1241.60182394612,69.8236733949051,366.62686040947,2.98692226868846,1.27499762937487,6.62973722603785,5.238999294671,6.58465400588361,2273.53255978874,116826.115011329
14.5096146213542,0.556188782588884,1007.27372370996,165.785165083362,1252.99540477397,70.4614375752491,370.020353382079,3.00978408888817,1.30321978990917,6.4845153114987,5.316510779152,6.57589096306016,2294.58913298898,114384.641455868
14.6907019027259,0.497269438210965,1020.1123980831,168.043119008031,1269.25527318271,71.3771917456996,374.697732385473,3.02653784250204,1.33783116659603,6.34998506753179,5.41937238477953,6.56459291952419,2324.19567436112,111932.57243109
14.9078846665163,0.443370016219846,1035.86187532123,170.636150601683,1289.29755392492,72.5088790648065,380.351589810514,3.03399158466391,1.37778484311158,6.22733130348764,5.54546415012542,6.55104002954548,2360.4260782088,109764.996389716
15.1550035550181,0.399117826098949,1053.15809670296,173.386666116698,1311.39313539894,73.7567134825312,386.498823835841,3.03100198298345,1.42037588345099,6.10599752308838,5.68939776458646,6.53595169250778,2400.18586221338,108118.154648448
15.4287753664517,0.365066481642947,1070.43113959851,176.069684540807,1333.60431552118,75.0086607317485,392.599062472899,3.02143126054154,1.46332640555092,5.96783338954367,5.84418594921909,6.52009426327259,2439.95720642007,106663.408456527
15.7264200458162,0.338559650375333,1086.76191134858,178.542341054319,1354.80985815689,76.1999205478209,398.335400439947,3.00997334358023,1.50531651371187,5.80182198789507,6.00541801713488,6.50393523881087,2477.68453618881,105340.768415626
16.0434048404485,0.316322095428899,1102.06867085363,180.784515482934,1374.90010874116,77.3245413505724,403.66407918405,3.00061167408833,1.54666883248721,5.61006610492044,6.17214859366141,6.4874779538931,2513.16101698375,103840.075941172
16.3678059253749,0.295727503297127,1117.04217979439,182.854518560105,1394.67861622271,78.4297211985671,408.790224040509,2.99507894541293,1.58958507945944,5.39980765631853,6.3470193095181,6.47023086848443,2547.83831398985,101998.470444547
16.6800782128352,0.27660507565298,1132.80673596464,184.845000388459,1415.43977198532,79.5910823063686,414.060510322664,2.98915468299173,1.63477755434983,5.17946869698515,6.53491473525839,6.45177075689099,2584.07194016428,100352.772027009
16.9672611875281,0.260337554767521,1149.65311120875,186.779163761112,1437.46582939051,80.8259350835766,419.542433539167,2.9790740014328,1.68104742354969,4.95699043845728,6.73660375992777,6.43218720430522,2622.40789154105,99022.8466099913
17.2277769419571,0.247334906296247,1166.85002988072,188.590875914909,1459.83454377044,82.0819758519336,424.97188578833,2.96530120530843,1.72683436300763,4.73755470206094,6.947668085729,6.41194605530727,2661.21132673492,97957.75281629
17.464526658553,0.236665832706133,1183.46529533615,190.193055240343,1481.43266282855,83.2952520695921,430.030381763875,2.95113738802265,1.77123262299383,4.52134294412583,7.1621946984966,6.39151528341069,2698.46571554159,97005.6118752344
17.6795610196176,0.227474499246242,1199.01265839002,191.537037887162,1501.74217180245,84.4351490712986,434.554508669103,2.93952807605588,1.81447314535374,4.30311072904295,7.37588239578226,6.37108998973378,2733.17735081277,96092.0878614875
17.8752031984695,0.219620715517847,1213.53848277298,192.632853170766,1520.89157150273,85.5077763096962,438.565030036827,2.93141750813841,1.85690076635859,4.07824997460169,7.58726967633938,6.35069008520967,2765.52229088101,95199.5925254235
18.0550353296623,0.213067070306032,1227.32384497774,193.526291432191,1539.24672445496,86.5331252197898,442.169319783681,2.92590369900968,1.89762895935009,3.84763030058141,7.79681375310323,6.33043210389411,2796.15786190031,94460.4685976565
18.2183197219533,0.207648034591797,1240.4169702775,194.245457548607,1556.83735563741,87.5127509323298,445.395866784558,2.92178033390332,1.93447710177417,3.61656574569764,8.00378068948813,6.31070484048942,2825.18661049988,94033.0997792662
18.3525749370706,0.2030813966052,1252.37820831838,194.757832874444,1573.06435008196,88.4134050300896,448.097160824415,2.92024105109917,1.96598301691334,3.39008481470528,8.20388028960216,6.29199602996284,2851.59601763588,93766.6632323078
