21.7148386281407,0.14615362700238,1386.31193332982,168.325288468658,1514.09208072901,114.140828937726,268.85175012523,3.27506201795397,8.12171796848719,1.02290569498442,16.0887101646284,4.91737071883451,2795.18150166654,86431.4744748399
21.8194844151741,0.145351957856435,1389.50733776545,167.897142794915,1517.64717386158,114.397827795022,268.176066988842,3.39871264144456,8.07442119155919,0.892517347654716,16.3393065613815,4.90903395042756,2800.2915367624,86191.8321746585
21.9221704591798,0.14447375705406,1391.718084348,167.290162031665,1520.53820699418,114.595803601506,267.330685810723,3.52511065263352,8.00332151668163,0.78029574608361,16.5785996490263,4.90479187756176,2804.05134954063,85948.5202263609
22.0244452274496,0.143520813182602,1392.1724463094,166.52133495097,1522.92707293473,114.747720206405,266.353463680876,3.65048457487101,7.91109667643514,0.68577467450676,16.8070215715842,4.90424368625594,2806.76728598554,85728.959793369
22.1268374655837,0.142502079855333,1391.16696433033,165.613763573756,1524.97769980665,114.867778096371,265.288744929717,3.76746135920981,7.80288387663642,0.610101289225947,17.0262624027999,4.90656597224096,2808.76040074639,85547.3499147346
22.2294876843631,0.14142855474522,1389.85195274591,164.588482165702,1526.79669892371,114.966620387306,264.171224577237,3.86871606990325,7.68658350256626,0.552939246306481,17.2381367620529,4.91053121404335,2810.25056895302,85352.4421510971
22.3324633447591,0.140306715279529,1389.10147078333,163.461247229179,1528.4398329235,115.050852062892,263.020860173529,3.95194690555883,7.57056007141215,0.51082192209503,17.443962594943,4.91487030442159,2811.35891529737,85070.4595188059
22.4359100933544,0.139134816746594,1389.22331593392,162.246932001252,1530.00052532015,115.12860860222,261.855819479793,4.02166367635117,7.45931761089059,0.477737341190439,17.6452162549403,4.91884891146406,2812.26331308092,84768.7356396692
22.5402426324802,0.137905076306567,1390.16680432006,160.961529759559,1531.62948662902,115.210591570239,260.69726785075,4.08696339715056,7.35122061885569,0.447360735413654,17.8438080863067,4.92258015152378,2813.23542234411,84486.411363835
22.6461910098194,0.136613420281744,1391.71058940574,159.617453921066,1533.42724133867,115.302644883804,259.555493656794,4.15604849075477,7.24052881600349,0.415921794795055,18.0411481620303,4.92679683561172,2814.45351743522,84264.9529317801
22.754622980669,0.135266227806107,1393.56340493744,158.219934353735,1535.36110223998,115.400718165469,258.420682017786,4.23156611738488,7.12136513890523,0.38339099262561,18.237321933052,4.9323338353705,2815.85959797737,84152.0186188001
22.8662397688641,0.133876501039998,1395.41078308526,156.762911399515,1537.25518529063,115.491155962328,257.262865763519,4.30982719690006,6.99179195285213,0.352513401516849,18.4306819201157,4.93956764884187,2817.1411969531,84093.7316783741
22.981300082286,0.13245645674959,1396.97052253192,155.2307258589,1538.86692326228,115.556830860787,256.044045936972,4.38284772059004,6.85539472313596,0.326704219131198,18.6184150425142,4.94814995077767,2817.86624399937,84097.150362445
23.0995936621542,0.131014671536367,1398.05977182664,153.609435364613,1540.00133736196,115.585188819777,254.73637298585,4.44217795611093,6.71878809691788,0.30823997801729,18.7977980225279,4.95728142001771,2817.68988999246,84290.2872914953
23.2206018076408,0.129558448571118,1398.5347517176,151.889442605194,1540.48120222919,115.565069229842,253.316404744526,4.48266499121729,6.5883998719049,0.297716139663393,18.9658335825557,4.96619804324596,2816.30184936108,84714.83642793
23.3435460048734,0.128096375870411,1398.15759536252,150.057925442221,1540.02466010663,115.476696736137,251.744752156816,4.50507710496445,6.46846444131364,0.293931430674336,19.1176374827575,4.97456896724233,2813.2035196778,85278.2729900248
23.4672173853388,0.126636722148134,1396.61689839002,148.099491900956,1538.2800927728,115.293769320058,249.972237534513,4.51566750968027,6.35916055573186,0.294416193837237,19.2466703149381,4.98275545839591,2807.76759873834,85929.3056632862
23.5896671859198,0.125181724729298,1393.72933302455,146.008408186335,1535.04887997693,115.000367639065,247.97472274045,4.52247525902132,6.25685187473158,0.296526400857059,19.3469609231988,4.99163971257779,2799.6379948007,86586.0918561549
23.7079381383991,0.123722127035563,1389.65295862775,143.801166158656,1530.51443476556,114.608929325779,245.786360173284,4.53232729041857,6.1570001425071,0.298091972168083,19.4154357792693,5.00206461578404,2789.14205487443,87062.039146088
23.8180787848054,0.122238717104318,1384.90681578383,141.515143494804,1525.25688209923,114.162239031177,243.49942112582,4.54792052269825,6.05674633743923,0.29826885134623,19.4541033940161,5.01432419204654,2777.31759295601,87338.2564936317
23.9162724389065,0.120709652266192,1380.18559930711,139.196346151017,1520.04471052334,113.718290325471,241.230842658507,4.56729293989321,5.95631800232416,0.297490188519618,19.4704734747097,5.02793101968601,2765.54064814971,87435.2032680643
24.0009311819575,0.119120418687507,1376.13944860455,136.890304692954,1515.59195896939,113.331672964864,239.085970736972,4.58703431833479,5.85824099371419,0.296420278270987,19.4749831483937,5.04188974558605,2755.09395482686,87423.6536335998
24.073861367448,0.117470327916669,1373.18597517718,134.632587906251,1512.35352780394,113.037461065172,237.130384076279,4.60436777277313,5.76487641068382,0.295531016556644,19.4774263677649,5.05527024884664,2746.80149986353,87432.7766226635
24.1396935863834,0.115769411139865,1371.34303175251,132.431762794917,1510.34405594448,112.837293478986,235.364530893993,4.61842075208744,5.67735848624816,0.294944770822104,19.4839403754515,5.06754712294905,2740.6983099344,87452.3360428302
24.2040043764258,0.11403100290321,1370.30129669765,130.270047485451,1509.2198845293,112.705562654937,233.737288044945,4.63019937279554,5.59576283932354,0.294492287484482,19.4961071987503,5.07863012389762,2736.17358172012,87459.8161941165
24.2711376524405,0.112267901414373,1369.67198561782,128.122456956225,1508.55193782722,112.610014724586,232.187066724635,4.64036791536601,5.51913865044623,0.294278866293603,19.5126378254636,5.08874672648581,2732.46169553795,87558.6524747624
24.3425858651879,0.110497173908678,1369.12002018817,125.973657101123,1507.97056564698,112.522956965656,230.664811160271,4.64620549712213,5.44643099294555,0.295865098987514,19.5309459910481,5.09820913530832,2728.91007681288,87892.7067094694
24.4151078944304,0.108752181119748,1368.28562455137,123.825612495766,1507.07604627131,112.415462042294,229.126088213116,4.63984421269903,5.38042137622805,0.303122907953078,19.5470724589746,5.10687132684571,2724.83500008576,88297.5658224433
24.4802516050297,0.107086352302308,1366.78403516449,121.702241873085,1505.43723982954,112.257898779323,227.53477715062,4.61040557621499,5.33022436254127,0.320949557972884,19.5565391079882,5.1137302594541,2719.52633937261,88682.0563216402
24.5281055179838,0.105556071263642,1364.41710424215,119.6473600012,1502.82797500507,112.036599428823,225.892062168755,4.54948327818907,5.30638952383212,0.353594649740272,19.556770246414,5.11746179586519,2712.65156187038,89267.5139741231
24.5529985867121,0.104218095269672,1361.18891773651,117.716205761472,1499.24860828644,111.754322831003,224.243886264705,4.44785668627961,5.31575432596077,0.408946259084206,19.5470963773477,5.11716272444833,2704.28550998984,90363.440676336
24.5589727561248,0.103154788649186,1356.96343504948,115.973034680558,1494.55369018563,111.403706184572,222.664826108888,4.28519721699006,5.36687770491937,0.508421430246623,19.5269856523872,5.11176402127519,2694.28045032848,91637.3592929595
24.5607263712262,0.102491330437304,1351.25846031266,114.489451232393,1488.22701307549,110.951369019629,221.248419811195,4.03903168466184,5.47286490307594,0.691614569497576,19.4972991130441,5.09959565384253,2681.88612140048,92914.8760164905
24.5758384718814,0.102358990279428,1343.68349186179,113.344572105552,1479.85681538929,110.368727350772,220.11882777703,3.71820848153373,5.63241829462903,1.01343266782231,19.4622706374193,5.08087375253033,2666.54410229435,94432.8435086957
24.6137706921175,0.102890168363055,1334.37057418402,112.663560374553,1469.59183110446,109.660347713168,219.413498313755,3.37276229794225,5.811590084484,1.54091757342783,19.4254967121263,5.06041967725121,2648.66865979286,96487.0962703524
24.6651851116171,0.104312398530236,1323.62351145222,112.701171398535,1457.72101663813,108.833652487397,219.158039822063,3.06718059663789,5.95906581625554,2.33359928626091,19.3810556905043,5.04591481581464,2628.96261054139,98691.9873139381
24.7008919085434,0.107008809668474,1311.40918131668,113.83421724757,1444.1046455756,107.864300555469,219.184457075139,2.84057678469253,6.04061929198957,3.41010195050398,19.3126921395095,5.04300617672199,2607.4338476344,100870.998062127
24.6893173578889,0.11129625306241,1297.8091903976,116.380910969521,1428.72926558868,106.745617156287,219.297492915638,2.69379615453349,6.05748589957601,4.73147486644025,19.2068369526697,5.05201950547676,2584.24652260478,102539.223030543
24.6188884173228,0.117041026410649,1283.97241599937,120.422219881752,1412.82533494032,105.573424312816,219.501849647198,2.6072556253736,6.03836154729278,6.204312814066,19.0656208823905,5.06843316355941,2561.52819886443,103308.439398709
24.5107984979122,0.123698704221547,1272.06739418024,125.77177535126,1398.83190100376,104.537712154698,220.009144776978,2.55699239570376,6.01207283703766,7.70338018512663,18.9080367513779,5.08671915206379,2543.2761977527,103760.03420696
24.4068787236852,0.130765119106173,1263.80268415024,132.095153531677,1388.72026562172,103.791896424126,220.997651730356,2.52374516449638,5.99414579207949,9.11043022027303,18.7562151438217,5.10310662839833,2532.55468017251,104046.547441663
24.3413249082402,0.137896334603035,1259.27178266701,139.04811147972,1382.66545416328,103.352173567652,222.436079736291,2.49749605812176,5.99310588895025,10.3491042175488,18.6222519278223,5.11554625184138,2529.33042240659,103919.096632232
24.3267889690004,0.144815495719655,1257.63984442321,146.32626358774,1379.79068212471,103.154073082672,224.185317819553,2.47512431774937,6.01498989950879,11.3862272403558,18.5102673137625,5.12292940278869,2531.81238230197,103213.132323566
24.3596518351786,0.151300096264828,1258.34789586294,153.624918560004,1379.514488228,103.154780629491,226.166086336313,2.45471609231467,6.06170731176497,12.2107910678018,18.4250293208514,5.12471575864662,2538.73949802984,102311.601492186
24.4310406859973,0.157194707089091,1261.2137686609,160.647467329325,1381.66961440809,103.342749338629,228.354084919835,2.43411293582833,6.1325633039875,12.8195313112856,18.3723685677757,5.12064769471912,2549.57624025432,101345.23959768
24.5330184130226,0.162435760830167,1265.92722096999,167.198918020464,1385.93332492634,103.694371313795,230.695767128299,2.41239708014651,6.22746350800154,13.2174613227645,18.3543035012629,5.11061099912115,2563.59770685361,100368.736981189
24.6596584116914,0.16706567560935,1271.95082433934,173.218884752369,1391.71166601663,104.164739677574,233.102258335412,2.39002235788407,6.34569961518647,13.4212540268194,18.3683787546618,5.09487322343626,2579.72305087544,99425.7223528716
24.8060082980754,0.171169121455826,1278.70100113831,178.724687096234,1398.34398790002,104.703508595652,235.485184841841,2.3680657445419,6.48513173497668,13.4576272638167,18.4101661370355,5.07405297869464,2596.82994621236,98529.8084515237
24.9675075231208,0.174820077816903,1285.7013995213,183.750194282739,1405.28274157242,105.26895111037,237.779995759754,2.34755947738679,6.64241923315805,13.357856021079,18.475328047421,5.04894791445773,2614.0135506811,97698.9060299692
25.1403660800265,0.17806902130303,1292.63122418045,188.320513902949,1412.15866410734,105.832993442675,239.946115846533,2.32926696561172,6.81444664675625,13.1499003447082,18.5601071935576,5.02028374990309,2630.66753146158,96878.2539851913
25.3206134409322,0.180941608386846,1299.32731608008,192.448709924951,1418.78907726114,106.381873478971,241.964193685234,2.3136173790243,6.99941038707743,12.8545281550686,18.6615586071451,4.98854122448522,2646.48962888862,96017.9377671712
25.5012232922336,0.183447964365231,1305.79045228614,196.146878221855,1425.1844767989,106.916501516215,243.843079779486,2.30045537756072,7.19524509664597,12.487705706848,18.7783119883404,4.95413894240821,2661.50517436085,95223.1181535808
25.6722536868199,0.185593605402427,1312.08682612042,199.431464432007,1431.43359088304,107.443677192636,245.606503955505,2.28938144951746,7.39885105103,12.0639711296202,18.9100281151357,4.91757937835236,2675.87702260732,94525.9159492017
25.8255247896772,0.187392935126679,1318.19572438115,202.317225866291,1437.5261853321,107.962673434994,247.263031515283,2.28033994123609,7.60744328385438,11.5973887286315,19.0555422893047,4.87936755764094,2689.59593944005,93882.7893548288
25.9572170241839,0.188875553199388,1324.01555249793,204.822434748937,1443.35553101175,108.465386762502,248.803857102751,2.27359192146397,7.81918641959261,11.1014258402727,19.2124747076057,4.83994162942997,2702.49006719143,93246.8377610411
26.0661605158246,0.190093150603415,1329.47956433939,206.991693139536,1448.84780766059,108.946115202723,250.223619122018,2.26921467933611,8.0324074090953,10.5895658102794,19.3784507085855,4.79970975551007,2714.46750385591,92668.7812195442
26.1515857207069,0.191113599944872,1334.5884825989,208.898029976368,1454.00133107025,109.404585260389,251.528327499303,2.26699580362175,8.24520117244115,10.0752779713714,19.551767456222,4.75906848797789,2725.58540840375,92162.1447157048
26.2131687625125,0.191997687801181,1339.34279893556,210.608640800007,1458.81367081572,109.840474353312,252.724328417863,2.26673967499486,8.45609232874583,9.56996740621863,19.7308695091402,4.7183438645506,2735.89586901213,91693.4202303841
26.2522907921286,0.192777923766636,1343.7276577106,212.157827070861,1463.26659787187,110.25207945685,253.814652828383,2.26841124025609,8.66429086116225,9.07954613186662,19.9141537217618,4.67776528635711,2745.39720921056,91226.0595201557
26.2736504324138,0.193449676958636,1347.76352242583,213.54295739726,1467.38489744631,110.640279306497,254.805817007143,2.27210388787987,8.86906572797117,8.59976562118449,20.1004518132095,4.6375194064007,2754.12991113415,90792.337683912
26.2849482997833,0.193981526128468,1351.5131173299,214.738451995098,1471.24437547711,111.009062440329,255.708098965234,2.27817537640712,9.06932733592421,8.11689034566032,20.2891217024658,4.59780163589479,2762.2002117475,90403.2588988763
26.293652055698,0.194349600961323,1355.02303213869,215.723486310092,1474.90215620796,111.360797233379,256.528715416023,2.2871616716783,9.26259442443196,7.61825265638071,20.4795267509101,4.5589976274974,2769.68557578836,90174.9010927694
26.3047304114142,0.194562931326685,1358.23938725758,216.496792195231,1478.29739203575,111.689235511689,257.263170374095,2.29958378231987,9.44361096189339,7.10433453090508,20.6700299658467,4.52194675904128,2776.48106497248,90238.4372149939
26.3214703797719,0.19465208057124,1360.90229665317,217.051662711106,1481.13103333627,111.971209566977,257.880641636228,2.31601398384012,9.60699843008385,6.59575638039246,20.8563999180029,4.48767649092563,2782.0761982515,90415.8214661057
26.3468839048789,0.194649055053618,1362.62869509275,217.360187204616,1482.95871418585,112.173895800064,258.33744223113,2.33626377634331,9.7494743495178,6.12977473180795,21.0326062178941,4.45704113164941,2785.70410083305,90621.1366986743
26.3832977460432,0.194575418700248,1363.2196753575,217.405041779668,1483.53849986551,112.280340478791,258.62256633365,2.35856902434954,9.86971081551911,5.74272529684801,21.194203429082,4.43051901078137,2786.96145662044,90831.7534344299
26.4312365638784,0.194451158309956,1362.80434322485,217.215367860096,1482.99861644343,112.301245890062,258.778799747999,2.38001740709893,9.96827445596962,5.45517735405944,21.3404507811534,4.40809023987811,2786.11861040142,91038.2156003657
26.488566392633,0.194322665384702,1361.72796067604,216.890067181343,1481.71835663092,112.265115773191,258.896154964387,2.39750202672685,10.0457105601525,5.27321309344552,21.4748588192702,4.38950569746361,2783.93226459039,91249.9332976915
26.5509463284548,0.194274237733446,1360.3982827014,216.587412407912,1480.1560451266,112.205170788795,259.093828228052,2.40831198009697,10.1010616745802,5.19666356630361,21.6041378275219,4.37457718955592,2781.34382146099,91469.2885019949
26.6140657994148,0.194400956152841,1359.07827113116,216.455561106259,1478.61293895178,112.142182837854,259.467208894817,2.41058227810797,10.1308936571612,5.22453457889506,21.7350210113894,4.36346562370538,2779.01054388396,91913.2417166025
26.6760212931421,0.194788338598927,1357.67749253391,216.578298857116,1476.99510526362,112.06701111743,260.0282393491,2.40401326454452,10.1288289686934,5.3574576944702,21.8693725030127,4.35698615268796,2776.84105614261,92827.973951965
26.738735448852,0.195511915744122,1355.65893830881,216.966933051643,1474.70511451884,111.933271624907,260.663275263089,2.39129183045056,10.0922033999494,5.58968237655708,21.998326444415,4.35598092415819,2773.78932366046,93888.0260763727
26.8072366921506,0.196635792937508,1352.25487914059,217.582961674824,1470.88055220603,111.675701881887,261.166709669986,2.3774566777934,10.0253965059518,5.90200512943534,22.1038045283045,4.36076021606181,2768.2865538365,94940.1249931162
26.8864201273618,0.198172825572005,1347.17281258713,218.401785606551,1465.17901742159,111.269432040646,261.404954244532,2.36681377033755,9.93712945252955,6.26599058400994,22.1701342062864,4.37086113024716,2759.68199247685,95760.1344830389
26.9780998425107,0.200045991667047,1341.06677959015,219.442258253971,1458.3068315123,110.77013513527,261.439729831694,2.36048853966037,9.83931576641154,6.65038803728762,22.1944713200794,4.38466237310223,2749.20806349775,96151.3073722149
27.0803889587335,0.20209737029164,1335.20809540261,220.717747268867,1451.66307114985,110.286256497078,261.485003530808,2.35610715251314,9.74122676543118,7.03177297454476,22.1892546883211,4.40008226161124,2739.32304806368,96389.3237256726
27.1894290963808,0.204137939228018,1330.67649030473,222.181388994725,1446.44780772125,109.910602657927,261.749009353217,2.35047939544554,9.64717944876376,7.3995979875911,22.1739889304107,4.41536925003234,2732.09835681566,96573.2698075404
27.3017496339016,0.206034600597392,1327.81908396637,223.742483599368,1443.05784529716,109.674216176306,262.313362256838,2.34206236975545,9.55885633531708,7.75220649631694,22.1636527276557,4.42942703563548,2728.16306505656,96768.9053853338
27.4148779023486,0.207755020177182,1326.29373560683,225.31587941259,1441.12292241913,109.549181190981,263.126764101994,2.33130011021185,9.47580915253327,8.091036906391,22.1638529685413,4.44200687708336,2726.80507146219,97026.091112894
27.5257307749221,0.209344857603325,1325.4615330568,226.855033365568,1439.92539062007,109.481467641453,264.068409679416,2.31997256568338,9.39765956577307,8.41217108419431,22.1722022924605,4.45330520944757,2726.7384963558,97256.3568783527
27.6297921801272,0.210878241721165,1324.8032322848,228.358334883,1438.86021608327,109.42636644354,265.02618533213,2.3098870311058,9.32523304263067,8.70371899946135,22.1830151113447,4.46352902099764,2726.91670409224,97429.8429794115
27.7229196424837,0.212410326952418,1324.10707464222,229.847800028101,1437.66357972175,109.36501122598,265.943578671624,2.30186502900224,9.25899552735991,8.95345176039794,22.1921479539516,4.47284399822968,2726.9074089511,97609.7636596173
27.8030951979456,0.21394963909102,1323.42145106033,231.335858402803,1436.38046002014,109.301223461571,266.821475622498,2.29563935879158,9.19804728071253,9.15750782087806,22.1981398499296,4.48145844781937,2726.80103521919,97859.3516906683
27.8705352193615,0.215432369897788,1322.79748396366,232.762261770581,1435.09304715884,109.24113161916,267.671395958618,2.29067041074953,9.14139977909962,9.32459286531676,22.2003106505739,4.48955401415242,2726.67768647488,98099.288047249
27.9266801799512,0.216741698977928,1322.11557265844,233.982672014858,1433.72187007472,109.178485405201,268.476541554601,2.28676525844769,9.08881106184652,9.47232300731807,22.197575540482,4.49722866310176,2726.25163238073,98310.7129442493
27.9729597531284,0.217763214187457,1321.2828911297,234.866675320266,1432.21296883837,109.109284433266,269.219920726986,2.28403580248785,9.04251916267171,9.61395039795937,22.189460954554,4.50419043061865,2725.2927133459,98278.8748395893
28.0096270201759,0.218430010784414,1320.47650368162,235.384261731547,1430.78532754957,109.050725718059,269.924198577531,2.2823734962076,9.00887570055731,9.74593848547335,22.1787611656235,4.50937534403572,2724.13883457029,97826.6842690416
28.0345686157594,0.218766682636917,1320.26489669982,235.653276424341,1430.06128963499,109.050145058108,270.678535678408,2.28047549057293,8.99312906157067,9.84771880298192,22.1737779059206,4.51154842530219,2723.96505164504,97286.1941954305
28.0439862637054,0.218863125746527,1321.27855296997,235.870343953966,1430.71578733219,109.157996565982,271.584439129258,2.27673368500064,8.99678167529102,9.89270608418854,22.1847882456686,4.50989038852118,2726.10984148195,96765.3001932074
28.0352227540834,0.218810067745963,1323.61832605074,236.152342114515,1432.84431968461,109.380574885319,272.649801746539,2.27110109622004,9.02012145171742,9.86315221311323,22.217427460364,4.50404300310742,2730.83339328148,96211.5742014609
28.0085569315168,0.218656881362988,1326.93023089051,236.496772865481,1436.05556938205,109.68757083246,273.80567573624,2.26476520191944,9.06306117109007,9.75676774430434,22.2716377656427,4.49404760287866,2737.44485980954,95569.439684811
27.9672446964446,0.218398934620684,1330.81198816182,236.830056779231,1439.92357503313,110.046400802877,274.980068868105,2.25876555775101,9.12459796373285,9.58396762688816,22.3451905422426,4.48019654031186,2745.12861968209,94926.4750443045
27.9161375272479,0.217995606376555,1335.00421302038,237.06277462639,1444.19242674164,110.437549671843,276.128764630136,2.25355499174977,9.20299264908615,9.36093474636904,22.4360054411579,4.46286313849919,2753.34696291864,94314.0065591134
27.8596337292662,0.217412984352239,1339.32922902231,237.126657168258,1448.69179360199,110.847966147744,277.221310693398,2.24933946620285,9.29618421505067,9.10302099558578,22.5418974663884,4.44246582751359,2761.73098944948,93768.2061357102
27.8008476489635,0.216649104860388,1343.62120683039,236.989831956615,1453.24729487718,111.264086660322,278.228295751016,2.24635878469473,9.40134941065191,8.82159092106136,22.6599420006742,4.41957599773461,2769.94446942694,93321.4658046466
27.7425207609113,0.215729395883467,1347.7030429437,236.648763312405,1457.65216677925,111.669755403756,279.115674703914,2.24510217700318,9.51563249009767,8.52200239434521,22.7860883757688,4.39483995624673,2777.62949587929,92928.9269304566
27.6877313308551,0.214690495679662,1351.42298118494,236.116453182281,1461.71428861642,112.049904985819,279.851899536023,2.2461940615786,9.63662867160827,8.20442254210222,22.9157376569087,4.36887527752068,2784.47533086035,92575.1236823197
27.6391395591393,0.213557234965948,1354.71920431732,235.411861329487,1465.34189335996,112.397384696214,280.422180117573,2.25031725561799,9.76419749357722,7.866082410723,23.0452280706604,4.34193003446943,2790.35132438949,92038.7729650606
27.5977474279245,0.212324774644788,1357.72705043159,234.555974907885,1468.67173804874,112.72308038273,280.850716138758,2.25790656864772,9.90237714698936,7.50151024681353,23.1744870066458,4.31345994000656,2795.52302566165,91103.6623460436
27.5616670652469,0.21096138823704,1360.92663585693,233.589681466349,1472.22998964919,113.067658687474,281.233842100338,2.26814614164373,10.0541322728978,7.10558264225741,23.310542304837,4.28265407506115,2800.95260685018,90102.1365718362
27.5265972207592,0.209424162429754,1364.92308488073,232.559643500364,1476.68555070773,113.482301082934,281.695569111067,2.27975119887018,10.2186453529179,6.67605045263633,23.4648442886512,4.24896734847359,2807.85578593237,89168.6176514122
27.4883203974865,0.207691716494897,1369.95664083189,231.476642849798,1482.30826948473,113.987300162937,282.286355645508,2.29259321280426,10.3934043608819,6.21473733587128,23.6451414024341,4.21230547697678,2816.71399946287,88375.8329879926
27.4448614090988,0.205778571380655,1375.77182839888,230.312251732299,1488.8223714267,114.560772040926,282.957490645387,2.30801315004605,10.5740070081829,5.72847507124729,23.8515040440863,4.17328786559791,2827.01538909638,87783.4397198195
27.3976941925666,0.203719710281814,1381.79515222841,229.014401985886,1495.60212172773,115.154007074542,283.596691671643,2.32851672948827,10.7556101215683,5.22571980866932,24.0770532219702,4.13300352514309,2837.61233293944,87296.6927394046
27.3512890157268,0.201550317868906,1387.42023490383,227.530686475317,1501.98557753961,115.715745014578,284.08505152181,2.3571216677736,10.9339281945178,4.71337535641734,24.3115022843724,4.09266461670801,2847.29323367258,86865.6753609805
27.3106381237659,0.199296802504273,1392.27154386301,225.837341594728,1507.56179659849,116.213790220323,284.35074478715,2.39652473444186,11.1034957314872,4.19795046113849,24.5457541304027,4.05358176036376,2855.31406910931,86581.8232209177
27.2793943549325,0.196980166173263,1396.21946794097,223.942971525428,1512.18562879362,116.635718532378,284.372155886001,2.44892793476287,11.2561977751024,3.68785176962776,24.7732440660736,4.01729220572846,2861.42838628683,86578.7358233811
27.2605671460089,0.194618824392225,1399.1606576328,221.859050240911,1515.73750696228,116.970636925797,284.13169673224,2.51700915697645,11.3835867427134,3.19207255600498,24.9869574621734,3.98541151408955,2865.43855032319,86703.6832500615
27.2578211105888,0.192228255871714,1400.92005431334,219.58308346239,1518.01724248759,117.201256886443,283.595640451613,2.60441639019417,11.4782591526984,2.7185357967992,25.1780270962145,3.95952428141807,2866.99414128343,86866.9755563177
27.2747488845542,0.189813699409197,1401.42694253702,217.116762314213,1518.93844941358,117.318924477141,282.750582447396,2.715443207873,11.5338662389117,2.2738736961158,25.3389878211215,3.94099381023542,2865.94926439193,86887.3036987534
27.3127540769589,0.187365174597789,1400.9264016403,214.489974085595,1518.76213459382,117.341703462082,281.646078972066,2.8545705169897,11.5463895458304,1.86356471755883,25.468192330678,3.93052780872774,2862.79274200583,86559.9196451591
27.3690238209602,0.18486949267783,1400.08519886174,211.78163481001,1518.21336884874,117.322951840207,280.418471662331,3.02383337227744,11.5112340419304,1.49621347866703,25.5734409818026,3.92836953281792,2858.87090096312,86119.0764287325
27.4368850850225,0.182326255250917,1399.76654554635,209.100328149099,1518.23485514988,117.332714321871,279.24607924704,3.21911986492198,11.4235132859096,1.18357254361941,25.6694511725903,3.9343909131499,2855.93708721034,85692.3630718166
27.5089841469338,0.17975674478491,1400.4665486918,206.514588832815,1519.37023617178,117.41153840823,278.234111570601,3.42873857829286,11.282824575893,0.933761433298796,25.7693967342706,3.94789765184401,2855.00712238538,85379.0084062251
27.5802322043944,0.177198198296071,1402.10673399941,204.026919275539,1521.53428454787,117.553689488388,277.373111764393,3.63495669474318,11.095187380433,0.746588050386376,25.8790535279487,3.96768465075388,2855.93589654349,85278.4226058233
27.6486358314961,0.174683521046989,1404.17804768369,201.585153889085,1524.16668380518,117.719070288407,276.567471285789,3.82054265757645,10.8729908587402,0.613664535145476,25.995660123687,3.99211561214896,2857.70115393995,85278.4802286676
27.7144703488174,0.172226642580425,1406.03304608867,199.111581651299,1526.5502333695,117.856769936389,275.693474422389,3.97514521208208,10.6315934494343,0.52282651249093,26.1109939999711,4.01944010847832,2858.98893803871,85306.9286036265
27.7789043670289,0.169822919389683,1407.21861737519,196.546027466588,1528.17797159986,117.931941169393,274.665612595356,4.09618035431013,10.3844349412293,0.462374825138166,26.2170696188813,4.0481629928452,2858.87216540659,85395.0272169487
27.842887157924,0.167460293016586,1407.58674481753,193.868236944081,1528.8796887252,117.934556046127,273.45866003775,4.18679722517164,10.1403806940348,0.422709202260728,26.3092191492574,4.07724940091285,2857.04624968926,85612.5841283555
27.9063981350717,0.165131350218952,1407.15390654913,191.089891062808,1528.67304514216,117.867566526324,272.080920791218,4.25480639253469,9.90345698601464,0.395762968724281,26.3848636011883,4.10624732880306,2853.55598875755,85883.5377409399
27.9682220080714,0.162838748976607,1405.95159300251,188.237703725217,1527.60107191824,117.73441371234,270.546220616953,4.31098018419735,9.67297611636675,0.374881444034847,26.4418138574221,4.13537765230359,2848.49544217095,86158.8118483651
28.0265945288288,0.160592189895087,1404.06022146056,185.348675884838,1525.763844203,117.541995629395,268.879703337281,4.36393606105788,9.44458532498123,0.356035775990706,26.4787414863295,4.16534715415906,2842.06467304419,86515.1549314486
28.0803982907148,0.158404347482846,1401.62465223174,182.462669648341,1523.33071741729,117.302504766684,267.119987628245,4.41509480754855,9.21343959515533,0.339139024842472,26.4951408493722,4.19688354872269,2834.58984919478,87076.7823483662
28.1305008561527,0.156287159495362,1398.67502751436,179.595317681287,1520.3484531261,117.019752017081,265.2879689428,4.45580537888701,8.98040330605476,0.328656643879913,26.4893610778452,4.22996597325051,2826.16358668979,87721.1063665585
28.1800879077617,0.15424822614431,1395.03435285029,176.725895384186,1516.64532501418,116.68263338738,263.372257321192,4.46974521641132,8.75655160840033,0.331305760206399,26.4582897925046,4.26319901481017,2816.46499253861,88373.1829720418
28.2331296347273,0.152291143490394,1390.54100526055,173.831126442471,1512.06790563344,116.282758774343,261.368298255982,4.44240378688686,8.55799540458618,0.352704890698154,26.3997889103221,4.29439551474398,2805.20590132534,89239.1813298201
28.2928478647286,0.150438855811962,1385.16495026973,170.922206231456,1506.59596752785,115.822172284731,259.309896188844,4.36235895926316,8.39711583883857,0.400811777812063,26.3127901334588,4.321844321284,2792.37586794126,90610.7861006514
28.3615408035523,0.148775545998718,1378.69298911994,168.048772097617,1499.98835204911,115.287207090986,257.255924832426,4.21148280494831,8.28400767122943,0.49612995715498,26.1953006452328,4.34432231598471,2777.65663166001,92167.4917930746
28.4407066268075,0.147461609667946,1370.58115986298,165.292558154579,1491.61984058624,114.636687669075,255.290089982488,3.97124024075531,8.22819552155362,0.677542202294113,26.0468610253527,4.36075773314565,2760.14804850064,93728.9159007002
28.5305235270525,0.146662334151489,1360.5139440887,162.770215299576,1481.10593930867,113.844770737302,253.555828852138,3.65516012028542,8.22279919012276,0.999081499319681,25.8729600865227,4.37212044259712,2739.41535337074,95349.7861069165
28.6277506983958,0.146502019980767,1348.90347646496,160.665088507585,1468.85597751693,112.937241109788,252.241337046327,3.31914422994294,8.23055933065285,1.52014561807785,25.6827016258862,4.38339910164118,2716.41228926721,97117.9622382487
28.7201569955303,0.147167868821181,1336.5833960412,159.304164918078,1455.71300173006,111.965072111871,251.453410091933,3.02868967219005,8.20053825568357,2.27824715333308,25.4807699829387,4.40158852910625,2692.88319933076,98870.3963925467
28.785624684746,0.149001693041295,1324.17173162153,159.130461986112,1442.2455676771,110.958601658564,251.127286160167,2.81628801976347,8.10248707894959,3.26092077823317,25.2645332777787,4.43097542743437,2670.12726804585,100526.577741656
28.8032139749944,0.152310586172718,1312.0453980417,160.491021947677,1428.77144055368,109.937101367554,251.137027982415,2.67612245995257,7.94159742374705,4.41044709597591,25.031166260236,4.47075774865595,2648.91693052079,101844.495615562
28.7652629066647,0.157045071107149,1300.82536982168,163.464420811041,1415.95161849027,108.954719875209,251.452539394206,2.58750598542597,7.74619211661048,5.64359465364019,24.7850098003807,4.51645173854379,2630.40652389662,102630.791506683
28.6818858066351,0.162774346314405,1291.46368596655,167.838292327978,1404.91275094867,108.104886388075,252.132728142436,2.53091203256925,7.54564922095771,6.86064837317726,24.5370996760092,4.56300758071311,2616.29151850838,103172.000749444
28.5738928670939,0.169021838561338,1284.63567116657,173.232579213728,1396.53783716925,107.461215087646,253.192172706983,2.4924680020641,7.35954654675747,7.96177546195388,24.297667485673,4.60678713332945,2607.66894012034,103552.601037482
28.4599434840107,0.17536900438484,1280.27051017855,179.252357197707,1390.86960933176,107.030562125951,254.537157920373,2.46499074021255,7.20328014384836,8.87324234639396,24.0726740112103,4.64507990896565,2604.17841665784,103160.965473878
28.3508195868576,0.181437910124493,1277.99256595187,185.53403058301,1387.5558098256,106.78805538967,256.059936381057,2.44554868213758,7.09307662437211,9.55687424243709,23.8723823443902,4.67493738874623,2604.85944198417,101600.504692065
28.2514458940104,0.186993330867314,1278.17299836769,191.800994675378,1387.0051386413,106.765843756688,257.842315970592,2.42920167716597,7.03524186196299,10.0152517284912,23.7204732268335,4.69412805684845,2610.23151660078,99803.0034433981
28.1641756089118,0.191878033777696,1281.83129030618,197.912136107206,1390.30610753257,107.047356083152,260.120351317952,2.40932944362573,7.02550845606734,10.2785267383286,23.6437788890945,4.70177172048444,2622.15672379672,98041.9897356329
28.0897627082467,0.196022141606354,1289.43806759331,203.82013970821,1397.94665559331,107.66963879115,263.025373947557,2.38228172137612,7.05894225984264,10.3802053008662,23.654603133161,4.69792399882306,2641.50686698908,96338.4821446579
28.0270976408295,0.199491422187775,1300.21183519906,209.470688789217,1409.0618887481,108.565294337861,266.434678827023,2.34912045104395,7.13121244633437,10.3473251853488,23.748392472461,4.68351563389784,2666.73688841561,94695.2168602778
27.9726860230732,0.202410443888812,1312.55356891122,214.7624663062,1421.91356844776,109.59950755682,270.052813727331,2.31419887128893,7.23803955261866,10.1994792566974,23.911545645876,4.65997713829913,2694.697555353,93157.8926555643
27.9214984453352,0.204890626519383,1325.1334604551,219.617534448812,1435.06831742934,110.661103154015,273.62683113272,2.28145726837311,7.37491829706518,9.95151113986717,24.1293589079619,4.62882010245393,2722.7821960052,91745.9649856203
27.8693020926158,0.207028495445824,1337.23698092377,224.022116332108,1447.75988155582,111.689991724576,277.023182203083,2.25267083084292,7.53390361918437,9.61988988584767,24.3897215563935,4.5918829976483,2749.61594025992,90807.8696540348
27.8133746460331,0.208929683809166,1348.44774715659,228.016755697041,1459.53264404774,112.649099738414,280.174652171242,2.22824866374656,7.70039176087694,9.22716623499725,24.6807161307791,4.55193132223219,2774.43028889309,90714.5683412815
27.7511421289301,0.21068015616692,1358.02195424348,231.593901621417,1469.56478537833,113.47349151607,282.945105696227,2.21014384137951,7.86206313147123,8.79185532553638,24.9817083385364,4.51191238826528,2795.77683448201,90945.6567562929
27.6793741999161,0.212326166448454,1364.91850863588,234.648244848603,1476.71258830778,114.074730781058,285.12147866589,2.2017805936535,8.01410096466923,8.31961065761724,25.2626097019552,4.47424866359461,2811.55193905543,91262.1229238132
27.5954989557284,0.213853924330446,1368.5934804001,237.071497104749,1480.38156216821,114.407358335472,286.575677212947,2.20546398662756,8.15448111589329,7.80801160151132,25.4972709650839,4.44072018715156,2820.61005134283,91602.6231322352
27.500440055679,0.215208716146799,1369.37534929481,238.847155165807,1480.93393820975,114.499685622632,287.351135154384,2.2212458123961,8.28217747083089,7.25530785396405,25.6729896286689,4.41218489897192,2823.56507202097,91941.293134447
27.4030777581215,0.216356230578197,1368.16509126171,240.07617456276,1479.35820135384,114.427725106101,287.61404719663,2.24745310063692,8.39589480170662,6.66894916663723,25.7897143982314,4.38882221528533,2822.23240558325,92323.8857524198
27.3204943025529,0.217312444820507,1365.98985653376,240.94180884452,1476.77975099506,114.277370621716,287.568359382686,2.28170330900441,8.49353641842095,6.06667688665195,25.8537640653879,4.3705779859026,2818.73934193247,92767.6847874913
27.2697928376925,0.218120675147727,1363.53674804914,241.607489828383,1473.95103656487,114.105561195487,287.359641651437,2.32232797728136,8.5732674886919,5.46877179399937,25.8719436024369,4.3573541992763,2814.54417956818,93195.3588861853
27.2592514279139,0.218816706768395,1360.95807528704,242.141432385824,1471.03802281696,113.924202907768,287.030327487734,2.36929694604121,8.63447015030013,4.89133998552103,25.8495230690886,4.34898528711521,2809.99884906399,93515.9388809411
27.2837375012612,0.219416905224199,1358.2894735381,242.566492463503,1468.07108867197,113.734921956614,286.602058359281,2.42287854951019,8.67628712009521,4.3471328057846,25.7920762005526,4.34532627509823,2805.18918179044,93815.0804788165
27.327621024577,0.219923723479793,1355.67420590033,242.905014679526,1465.1897345318,113.547844702001,286.118586047373,2.48256270053758,8.69713923996746,3.8476906541355,25.7064897131593,4.34625332196187,2800.4011475691,94111.1500641669
27.3744051416134,0.220338878346041,1353.25123633475,243.175154366034,1462.52892623209,113.372882745272,285.620135555969,2.54721126595166,8.69586049570783,3.4018816811427,25.5990881982584,4.35160692236987,2795.90793115916,94419.9296648587
27.4144562444648,0.2206672631984,1351.0804459894,243.382313859272,1460.14380234039,113.213989008698,285.131086312818,2.61497434999563,8.6716607581148,3.01609209385889,25.474510713195,4.36126440195309,2791.82664023905,94755.8686360377
27.4471126472463,0.22090485319616,1349.02932564081,243.489113734548,1457.88672251884,113.059943520399,284.646084921668,2.68281851223868,8.62472809106943,2.69816718550607,25.3364375530932,4.37502911742302,2787.88278455004,95051.9671266847
27.4778890602133,0.221037556732867,1346.93229413862,243.436844150481,1455.5772772986,112.897827516982,284.164526479953,2.74520335506973,8.55750374689153,2.4577618275817,25.1891072041475,4.39236087175249,2783.73271768228,95283.2162035603
27.5131132098617,0.221053392144149,1344.79652638068,243.194381123089,1453.22430172253,112.730011534429,283.717664783974,2.79485874347664,8.47536277175805,2.29928156849285,25.0380309015077,4.41220857060616,2779.38739709743,95460.3897818384
27.5563146340447,0.220959149047681,1342.76180463039,242.776841316874,1450.98027421658,112.569957860058,283.356250712095,2.82601043428378,8.38504022437795,2.21903907520346,24.8897655434975,4.43324663940933,2775.14372479842,95602.1109606897
27.607758322967,0.220794884087835,1341.02305459189,242.258881879584,1449.05266284305,112.434753886947,283.158818794167,2.83568270864833,8.29115605127403,2.21130299413458,24.7524920490515,4.45438501199982,2771.45432465399,95707.879624807
27.6657657666244,0.2206344896817,1339.66695526939,241.741436061374,1447.52622295962,112.331340260447,283.207552338414,2.82338303956199,8.1950350025138,2.27303717507268,24.6356421742889,4.474976282493,2768.59216946549,95785.3242893801
27.7282110516076,0.220545913032378,1338.64164058172,241.30132904989,1446.33592710861,112.254818632999,283.548684563784,2.79156586856366,8.09685316870065,2.40138527738389,24.5467299305669,4.49463458800001,2766.54030139573,95852.4858958628
27.7929009241321,0.220562779702548,1337.88193426191,240.986358527932,1445.40663520164,112.199441673921,284.182485749964,2.74538701207357,7.99770999995438,2.59060796309842,24.4885381591053,4.5130426782244,2765.21252876786,95924.6561528948
27.856538893806,0.220713167866996,1337.32118290366,240.836962710742,1444.66480074167,112.159362041278,285.048032411613,2.69128549990418,7.90116942606553,2.83167551905771,24.4578885285324,4.5297788456077,2764.48068287581,95995.2454321345
27.9145089176718,0.221041068208524,1336.89512368158,240.903137230666,1444.03994067941,112.128748709798,286.043056224466,2.63505465489153,7.81291456813563,3.11400936641606,24.4472230979935,4.544310747935,2764.20354024244,96062.4106217467
27.9627595909285,0.221592885105706,1336.5604765829,241.231459497375,1443.48305978256,112.103396805351,287.081732304696,2.58021112357086,7.73631065895437,3.42957341196163,24.4488031318519,4.55646458147773,2764.28386203263,96285.7044112126
27.9986695451138,0.222410270380277,1336.19197533716,241.841667808034,1442.85091635903,112.07189125874,288.107437705122,2.52839941680266,7.66903993824511,3.77348804319883,24.4558467057076,4.56688582877374,2764.46846014755,96815.0853856317
28.0191463530571,0.223520061724224,1335.42416330106,242.704138999423,1441.72788630682,112.002325893423,289.049458012208,2.48213901763052,7.60659603094565,4.13256086231345,24.4594982075107,4.57671554726215,2764.01335187835,97415.3163082943
28.0195459300675,0.2249328728594,1333.80338149572,243.758689080867,1439.59334156373,111.855266536054,289.829340467883,2.44487155965745,7.54509485827869,4.47995650537677,24.4492447375361,4.58713459390228,2761.97898586676,97999.4750850576
27.9960582697445,0.226629510642153,1331.21993942179,244.971311356012,1436.30735339327,111.620807220546,290.435499796951,2.41832250441522,7.48236409337383,4.78712009466009,24.4183730617523,4.59886517789167,2758.115047137,98420.9638735108
27.9496742083532,0.22854537940809,1328.11719699054,246.354020934421,1432.35478003413,111.337179341252,290.963113915167,2.40140289705866,7.41965761243156,5.03437170594083,24.3679210294787,4.61169107776278,2753.2939251704,98560.7995513851
27.8902752517613,0.2305806438058,1325.30323658172,247.935295266648,1428.64870067245,111.07492588864,291.584438591033,2.39063209268447,7.3583412829262,5.21566404506265,24.3069707879778,4.62491146090516,2749.13711684586,98616.7098781473
27.8345663411525,0.232625334451527,1323.43550081261,249.709142927244,1425.95797932175,110.892521511286,292.445510862799,2.38240374574141,7.29806541745613,5.3355093708069,24.2473538716556,4.63790969106002,2746.9699727238,98652.1564569467
27.7968651210051,0.23458159079251,1322.63792727265,251.609906492189,1424.46422278438,110.80310018884,293.574515700624,2.37538469980729,7.24082979620386,5.39951444577523,24.1968838040971,4.64996887639663,2747.02939591426,98413.3048083459
27.7822643859545,0.236364814210567,1322.7753836344,253.551995482916,1424.0449570626,110.797218301096,294.929231763387,2.37000985474819,7.19304850770577,5.40916902357484,24.160241695379,4.65991868102265,2749.00503276628,97688.4323316857
27.7853427988667,0.237928451940299,1324.01097522532,255.509362279913,1424.87668378781,110.88919226673,296.520608772504,2.36553948670459,7.15968226417214,5.36872867552339,24.145096912442,4.66659917889811,2753.17907300201,96853.1976067691
27.7948858911465,0.239256169111249,1326.70145284505,257.506112789061,1427.33038508288,111.108410659334,298.401695078388,2.36007197620982,7.14183854478932,5.28905253325599,24.1613389737815,4.66925419972287,2760.23158989405,96030.3636000519
27.8014004247196,0.240367821237706,1330.86354020539,259.546758553873,1431.40586702727,111.454916742045,300.56316203761,2.35240921115153,7.13728737946545,5.18387193296407,24.2140031422009,4.66788442997829,2770.17280297458,95470.0506212803
27.8017222800359,0.241324337073832,1335.98750590175,261.592610035693,1436.53824325652,111.883848272972,302.894905468008,2.34266540215034,7.13916998714687,5.06841184203797,24.2987845260806,4.66368594228428,2781.97317616653,95393.3385281243
27.8008843816184,0.242182270945957,1341.07347249683,263.531062510779,1441.64941629523,112.310016025478,305.172458997684,2.33300937305349,7.14274877071886,4.9544541270783,24.399891693423,4.65820026561104,2793.61023890595,95452.6932195288
27.809962126052,0.242972932618384,1345.05150972163,265.204303975403,1445.60576422772,112.644082060148,307.135913687228,2.32640513600343,7.14858406000242,4.84745403553315,24.4952134191325,4.65255760380834,2802.89977599677,95524.5893777688
27.8392204606236,0.243682639010957,1347.42165631263,266.507548504199,1447.89550858924,112.84565008,308.643731227205,2.32461753179373,7.15985345718473,4.74695150726848,24.5682946297084,4.64719280858349,2808.80328086703,95427.8729568682
27.8921887720486,0.244253575451139,1348.4663237201,267.431720085436,1448.84418726257,112.940518594315,309.736686577243,2.32767189686956,7.18146206332374,4.64654301947477,24.6156431864919,4.64158693473824,2811.86837984015,95010.8747392871
27.963296656377,0.244612830160612,1349.06499688729,268.051610950317,1449.40812079904,113.004255622901,310.612147888012,2.33366207046819,7.21515307520673,4.53862959544225,24.6471053234011,4.6349464403185,2813.86364219488,94540.3106144839
28.0409808294124,0.24469558057695,1350.16483129296,268.464956071621,1450.6048617,113.117274042286,311.504257001208,2.34008121177785,7.25819041087052,4.418793929498,24.6783688153265,4.62680467358024,2816.70750202011,94113.7053381747
28.1145463767994,0.244465644631071,1352.14280627794,268.704696562891,1452.83185195088,113.311530416182,312.521265100986,2.34616514596447,7.30892511393848,4.28513030108096,24.7207318411311,4.61680163687029,2821.16122628281,93536.4249363568
28.1784314877347,0.243914985753291,1354.90012082791,268.749647324255,1455.97234383407,113.578665123588,313.65049494556,2.35298925982492,7.36970830323479,4.13479655899656,24.7793213107452,4.60435659404081,2827.01396052543,92612.3908479051
28.2325070523532,0.243060757742447,1358.41809796651,268.608176826375,1459.99090952808,113.915915163609,314.881371086206,2.36149059335929,7.44216662035312,3.9630976838722,24.8589790071742,4.58898190028264,2834.21703408444,91638.155591977
28.2798261442255,0.241928913552811,1362.87068611968,268.33341449451,1465.05317726032,114.335380484654,316.237911045293,2.37225016583041,7.52456991277702,3.76522971166875,24.9661162565155,4.57055361218798,2843.11605694537,90723.4210272854
28.3237560263441,0.24055268207052,1368.26529659501,267.95971099027,1471.14653766852,114.834942945476,317.707929457041,2.38650508623823,7.61378133686511,3.53966604131021,25.1042137358249,4.54931481851843,2853.72166711065,89900.8008880929
28.3660142212239,0.238969500917409,1374.3109827111,267.472839610078,1477.94612171139,115.388045631498,319.220461996798,2.40610909186957,7.70558008150259,3.29050775603655,25.2714748930663,4.52597258599554,2865.44418183534,89190.2604898323
28.4054650812271,0.237202093111951,1380.55405674127,266.815032459744,1484.96610698497,115.955638438776,320.675248047722,2.4332055605264,7.7955472021134,3.02504264771281,25.4619802922109,4.50150407490744,2877.36459944377,88547.7247555843
28.4384619794557,0.235250735866489,1386.57381397254,265.911313261045,1491.76837499098,116.50246365279,321.982314027282,2.46992951550717,7.87959236799077,2.75063176588635,25.6682993273605,4.47692723182942,2888.62856292675,87952.9559831396
28.4611215625221,0.233107622028437,1392.12160792441,264.708961271326,1498.10162633612,117.007824406654,323.090020274916,2.51806876869483,7.95350853581612,2.47398776394339,25.8840108941167,4.45321727094353,2898.73279818425,87412.2100943434
28.4715864214135,0.230775063231115,1397.12680587788,263.197541728452,1503.89894910461,117.46536527419,323.985941034519,2.57892172590478,8.01272067511261,2.20148966120393,26.1046444579672,4.43129124422079,2907.54272628095,86937.6218528588
28.4713524167626,0.228274176457226,1401.61249994735,261.403890068199,1509.18580872748,117.875947057153,324.679973413169,2.65339071944458,8.05249851443659,1.93904474698499,26.3271957836648,4.41201089011471,2915.12558751959,86515.2557055391
28.464886402389,0.225642199614537,1405.62156400536,259.375664641564,1514.00378418335,118.24175474519,325.18930732429,2.74201242632133,8.06824425917123,1.6917907726261,26.549411302015,4.39618407232638,2921.59924273798,86137.552176992
28.4573220470178,0.222919130742112,1409.19585203899,257.162652136857,1518.39155044601,118.564905068989,325.531792646644,2.84484028295484,8.05630408315756,1.46379967116691,26.7694620854417,4.3844634508851,2927.08008797444,85749.0916851324
28.4523914144881,0.220133457557006,1412.39929649727,254.804510165204,1522.41195566665,118.849686429072,325.727694681527,2.96143212315245,8.01494394891722,1.25741353675031,26.9862748345437,4.37718248877136,2931.71877968413,85279.5325700543
28.4519913644082,0.217296011919377,1415.37164510574,252.330899769003,1526.21078825645,119.107092379482,325.810654405314,3.09056090935878,7.9433860808672,1.07340609842145,27.2006737155053,4.37441773740789,2935.80452563099,84805.3467910077
28.4568367800069,0.214402957692279,1418.30308071038,249.761627896059,1529.98915062622,119.352601516601,325.822569513932,3.23020538050524,7.84104177797946,0.911491944518337,27.4152270780214,4.37610445429681,2939.7160627322,84370.0351616439
28.4670542397557,0.211457736671589,1421.30666268552,247.106898404813,1533.86413536338,119.595211917589,325.789059780643,3.37626003035791,7.7063728061067,0.772292778593107,27.6321457980625,4.38231925940353,2943.67538319496,84248.475411735
28.4819527469942,0.208496466232938,1424.23845516181,244.364903426777,1537.67257582786,119.822252403939,325.684494895618,3.51956187014924,7.53628420264132,0.65869941932002,27.8494001087765,4.39358207229347,2947.39860388014,84846.4788923108
28.4980115541885,0.205583164524391,1426.4022955472,241.485757273881,1540.65356924669,119.975202532395,325.360348406675,3.65045858172902,7.33254660418477,0.571229168979262,28.0529127384355,4.4104071833763,2949.49517656981,85805.7859538327
28.5069142644777,0.202786899237331,1426.59359594559,238.363207393956,1541.49959087672,119.953390782665,324.549228528992,3.76627618484952,7.1029895642499,0.505644247547829,28.2152166276235,4.43322518694497,2947.54658306308,86859.293545204
28.4976662239233,0.200140364436277,1423.89327595105,234.917214794441,1539.21764706228,119.680445133531,323.043569454462,3.87276950678873,6.85631750747643,0.45426393583056,28.3087893518337,4.4623568628288,2939.71077150596,87649.2521685896
28.4627081321057,0.197614177015879,1418.46462103475,231.180386885803,1533.99020372782,119.171062358978,320.875398909197,3.98177402347587,6.59910232630063,0.408383390240003,28.3227532681072,4.49750013342678,2926.33238639581,87800.9206285856
28.4048170679692,0.195146474488102,1411.77301233887,227.337280339356,1527.4067648499,118.549070006874,318.374164644053,4.10019657041133,6.33191452902992,0.36338626961535,28.2723515793534,4.53772778586917,2910.39773093447,87711.993832586
28.3374825625211,0.192683732644759,1405.94429403621,223.660730156416,1521.76589228309,117.99353682165,316.025696592769,4.22460797205875,6.05131784638243,0.319426170008969,28.1905461854508,4.5816705675213,2896.24042589629,87593.8897147005
28.2768943062049,0.190206274184055,1402.26547967083,220.313055111637,1518.45435906891,117.612935571024,314.130166380434,4.347653566129,5.75532858578935,0.278666227775428,28.1075397441632,4.62791484005863,2886.481288789,87560.8270790783
28.2341620107523,0.187730128879383,1400.66335018586,217.280266864059,1517.3847434691,117.401512103419,312.682240918491,4.46178412844207,5.44563323004915,0.243605599046406,28.0377082283383,4.67542448509198,2880.96738127701,87705.9452295571
28.2127918840251,0.185283547533137,1400.26708216221,214.444641050737,1517.60498570393,117.286947121752,311.492934974176,4.55997562598853,5.12912714971516,0.216230138421958,27.9791627493833,4.72333595573948,2877.91651636041,87908.6149984753
28.2104145829314,0.18288389029292,1400.07587703871,211.665038570618,1518.02188181935,117.186767526942,310.336569143836,4.63644533551895,4.81767795679086,0.197339288327727,27.921198575006,4.77055688105459,2875.27246405196,88098.1840370732
28.2223510474019,0.180532962014063,1399.43879589415,208.843970154446,1517.92325891873,117.048316855234,309.062464268642,4.6883988091021,4.52340963934999,0.186362577177465,27.8534484681619,4.81591308189067,2871.69106664859,88426.2294656793
28.2446115583455,0.178234027668477,1398.10231002887,205.948631517676,1517.03156695085,116.852385089287,307.613785226959,4.71348731732517,4.25517030535258,0.183219435634544,27.7689436112854,4.85849078121298,2866.65479233191,89109.3036827288
28.2751050190453,0.176011733847172,1395.84834852695,202.9771927239,1515.11363196162,116.584066317004,305.954392966023,4.70375149363771,4.02383061315392,0.190632003229663,27.6605209824864,4.89711232093735,2859.75243405388,89899.0948974581
28.3133147726794,0.17391354904173,1392.35855020859,199.939296123602,1511.83326771267,116.222736874096,304.042906221697,4.64661268728114,3.84778013236716,0.2134000835704,27.5198894361588,4.92961486405101,2850.40461336878,90662.1880070842
28.3593915261543,0.171988177792523,1387.52890844683,196.875518474116,1507.08609541385,115.766495761184,301.898190289059,4.53452401586017,3.74585341019565,0.256804482679782,27.3420280823109,4.95360336128605,2838.47888733694,91611.2730247485
28.4130199005766,0.170289390449381,1381.54093955138,193.85441111593,1501.07199708459,115.235459344587,299.617811436789,4.36106299558199,3.72907258441447,0.331502001060352,27.1256212831399,4.96762092649259,2824.42052315857,93032.7586361869
28.4713409909016,0.16889895292537,1374.42321512617,190.924186101247,1493.82301634057,114.636038663028,297.318911834647,4.10807279689274,3.80601503803032,0.46570474805772,26.8694263545476,4.97066551926689,2808.39216470264,94599.8270442231
28.5279261537352,0.167939146879596,1365.82345687279,188.08723269825,1484.95954436002,113.942493642922,295.110582656482,3.76256788046938,3.98358948776263,0.713429308004229,26.5726260666406,4.9621006967489,2789.8298022423,96159.2508223457
28.5756460216239,0.167552508059466,1355.50159217062,185.355760697425,1474.22326515162,113.132205990408,293.134004011299,3.35858237898635,4.24231463026627,1.15383024435162,26.2370801039023,4.9449542179511,2768.39284826606,98021.6971797148
28.6109394383224,0.167921609619559,1343.65757965834,182.851293285626,1461.82141977868,112.207438656585,291.539112396482,2.97502606629899,4.52170168133185,1.87822539379749,25.8626820578065,4.92812206550782,2744.60197087181,100513.215912664
28.6370503667909,0.169327060831404,1330.42292666365,180.907869455567,1447.84433802288,111.155754169797,290.304595361007,2.68216228378233,4.7525457437325,2.9387681473021,25.4402259454599,4.92203035564037,2718.86386334496,103129.82950565
28.66321349637,0.172185448377104,1315.53101050577,180.036826476493,1431.90249625555,109.933451798412,289.179306098861,2.49610440781702,4.90112907831059,4.29806248272694,24.9578504686963,4.93189663028121,2690.81881863655,105661.374105168
28.6980316319356,0.176701504729357,1299.18008670229,180.670213156867,1414.12725979122,108.549345009743,287.976494086745,2.39324085094624,4.97949339314829,5.84249029116544,24.4194440038105,4.95537336368449,2660.95406006124,107237.904637957
28.7426311895881,0.182282540993032,1282.71061426766,182.879330220109,1395.96943932508,107.123857803149,286.795110724259,2.34427417576673,5.02632951752732,7.42288701250576,23.8560512283927,4.9848248836573,2631.81006977987,107275.466575142
28.7886268158547,0.188014454000718,1267.92727286275,186.339901896904,1379.45191633658,105.822500784534,285.889925006506,2.32570069490769,5.07063511176267,8.90178557795104,23.3185055320878,5.01295511623538,2606.63130593877,106876.345887583
28.8237939062346,0.193461720830671,1256.46822097063,190.657470915032,1366.42723063878,104.792891458798,285.528175593724,2.32005271690723,5.12155787721598,10.1863221318549,22.850950687049,5.03575524349726,2588.32182097241,106312.031201905
28.8401082318561,0.198551291735368,1249.07821071949,195.561052193066,1357.75344606842,104.102021272263,285.841188570462,2.31657993734423,5.18236278563867,11.2373659691593,22.4709249311479,5.05170684332516,2578.15329643201,105508.453231505
28.8357853457941,0.203271801415837,1245.63928319801,200.866641573301,1353.33434864225,103.741834543627,286.826640134978,2.3103470874979,5.25512678623165,12.0553833811408,22.1754401027511,5.06073842980354,2575.80354516581,104429.742300828
28.81226275976,0.207548179829909,1245.73300056194,206.351497964475,1352.75636963854,103.680830452672,288.441470151731,2.29942576011723,5.34015333317059,12.6541373056968,21.956551093917,5.06332370847397,2580.36305537652,103257.95114008
28.7715004556158,0.211263507371734,1248.93270130795,211.752080500669,1355.60578291641,103.88876607363,290.634700563273,2.28316377969131,5.43653731540115,13.0468160789912,21.8079980592618,5.05996566998518,2590.88183701644,102071.714016064
28.7156784357096,0.214355893392781,1254.78101229711,216.881997368977,1361.41878810743,104.33122954872,293.324025319017,2.26194350373077,5.54491280283898,13.245586511029,21.7239268204729,5.05089069106069,2606.37677155593,100784.945829108
28.6477672583628,0.216856394237745,1262.83766760764,221.685242393232,1369.72732089474,104.972364016725,296.408475511107,2.23671092400345,5.66791750536843,13.2654002835108,21.6984930681204,5.03603483081776,2625.95889730113,99342.9414145422
28.5719253224025,0.218900614296241,1272.82805333722,226.222316099278,1380.2350457148,105.788473395178,299.815430812134,2.20784674302888,5.80705809560795,13.129538109075,21.7273342491896,5.01541801933482,2649.1342705298,97962.4855516835
28.4927332076821,0.220642410649704,1284.57996174474,230.603962605301,1392.75760911083,106.764000798723,303.498312291749,2.1753629068482,5.96170333132872,12.8685743519861,21.8065913682735,4.98935035297597,2675.64777523388,96713.7503325898
28.4136620801527,0.222180325132429,1297.80175264488,234.909039810219,1406.97634487868,107.873122280641,307.392822699428,2.13984981397193,6.12955189295209,12.5131214882946,21.9303633788843,4.95851463390271,2704.98932957239,95687.6640835738
28.3374238515773,0.223565264684266,1312.01170193069,239.148103735966,1422.35682525246,109.073630673959,311.401425773853,2.10267463388296,6.30603189312112,12.0880299914836,22.0899548113784,4.92408715079455,2736.22503489692,94952.6091804774
28.2689585855292,0.224795981054006,1326.49075255167,243.231593621493,1438.09979130004,110.303558471215,315.374483388293,2.06616617076404,6.48652231020535,11.605953136623,22.2739270749289,4.88741066625187,2767.87911499114,94377.4706495371
28.2161430289855,0.225836917935435,1339.87010856957,246.903972739574,1452.69902102052,111.447170535685,319.005492133407,2.03451831966458,6.66771607765328,11.068389044037,22.4693507049194,4.84972243842588,2797.08145219504,93908.7226710413
28.1858500547555,0.226646782173494,1350.62998503017,249.870809363021,1464.48966958787,112.376581442136,321.941824695554,2.01261559776037,6.84755518174712,10.475839630249,22.664412848873,4.81200974323678,2820.63735269086,93466.2535457702
28.1806097280029,0.227201569618017,1358.34419194835,252.03845527243,1473.00301306584,113.055683290048,324.075481633953,2.00220807510731,7.0255041088773,9.83502532400101,22.8516671750209,4.77478675892608,2837.63532571836,92976.5622992707
28.1982368560579,0.22751120361447,1363.67270318007,253.528365195075,1478.9533725532,113.538929652785,325.548016032537,2.00160731526334,7.20090660463543,9.16306845541386,23.0295597300719,4.73824591579699,2849.44221707005,92526.8030462872
28.2338091933962,0.227614038768253,1367.64763112919,254.556121886774,1483.45708646188,113.911346273195,326.590695181318,2.00775490663319,7.37236542969992,8.48505001139332,23.2002657912075,4.70247757429233,2858.21987155219,92145.1633461206
28.2824520703128,0.227564457338233,1371.0438923394,255.310016785298,1487.34871759727,114.236091351421,327.384726549651,2.01800570131452,7.53686268159984,7.82591702257398,23.3658257278772,4.66781986702776,2865.61188953881,92002.3352865272
28.3410804708287,0.227423329585008,1374.11483103701,255.896203160473,1490.89580710796,114.532362189547,328.00235534273,2.03093030638434,7.68817143955721,7.20545991989089,23.5246940569327,4.63527593868725,2872.19072706816,92278.9954098599
28.4085195344936,0.227233516314094,1376.53151779046,256.308962289964,1493.73836394255,114.771031063285,328.384606243953,2.04699973738496,7.82119303164091,6.63425242812083,23.6685180195169,4.60608324857781,2877.31780562549,92707.2252251164
28.4846392383908,0.227006617207466,1377.66587323041,256.457177413415,1495.19990502997,114.898827650022,328.40042326165,2.06787311493125,7.9342684305487,6.11350917000826,23.7843083610027,4.58125921483067,2879.71460233546,93165.0851252298
28.5694682550586,0.22672796695864,1377.16276517377,256.263439210941,1494.90458366281,114.885922150594,327.979357772913,2.09459500715919,8.02654365207551,5.64019157518942,23.8621638472753,4.56152393403544,2878.64727823123,93646.1343865774
28.6634427761494,0.226374390879242,1375.19106452211,255.727046983957,1493.04371253302,114.746801460071,327.173592803273,2.12665334380112,8.0970938934393,5.2122985137155,23.8995068531639,4.54718533603817,2874.45954944957,94162.0385331177
28.7693615707571,0.22592504709938,1372.30970605477,254.916758403054,1490.22815583401,114.529398528749,326.138133081048,2.16187783272092,8.14484775709595,4.83398833838787,23.9002424497083,4.53821494089519,2868.31148586325,94683.3593785466
28.8928452626324,0.225367194824986,1369.06473139603,253.905816220264,1487.05183554575,114.281457281351,325.039536589073,2.19708258841221,8.16895013395767,4.51562326107846,23.8717714612739,4.53437040242845,2861.34832079708,95194.4728505843
29.0389579360295,0.224697503571803,1365.66800865592,252.718663929485,1483.74379581072,114.022893605984,323.962960028871,2.22956246820876,8.17097749795169,4.26554444732197,23.8217793173125,4.53504404439289,2854.02381310236,95570.025310913
29.2085574481569,0.223927153201444,1362.22178902654,251.376835945667,1480.41031182362,113.763508950187,322.955060866024,2.25745716941092,8.15583343913642,4.08463125596945,23.7583170323262,4.53912488544715,2846.56390173272,95690.9119689635
29.3971558835038,0.223103309256822,1359.13471578597,249.996954946626,1477.47914095316,113.536337753691,322.141921087665,2.2781236869269,8.12673721765316,3.97318380868245,23.6936786166053,4.54551507092651,2839.85513776885,95722.9493066596
29.5970375793245,0.222312247450289,1356.9373140089,248.761498213741,1475.4987001296,113.382458445621,321.697342925729,2.2881636365367,8.08327860586166,3.93605296473562,23.643864258255,4.55344811965044,2835.06989009423,95723.5522130926
29.8011093384301,0.22163867112764,1355.78484644182,247.788332134795,1474.61187336701,113.311651581069,321.701795270974,2.28575220743048,8.02457294682943,3.97721786155388,23.6213716551603,4.56240718957692,2832.59930321973,95780.7893153746
30.0052493384992,0.221129160357814,1355.42558840158,247.092196642297,1474.53266136988,113.301099841822,322.108794317879,2.27185904274396,7.95069146834813,4.09386063184383,23.6299903896772,4.57216998439734,2831.95819269282,95972.6630491777
30.2081662437131,0.220789202329279,1355.38556536222,246.614010869159,1474.74871783717,113.310905078509,322.772644640636,2.25042241046506,7.86494135638663,4.27020269735021,23.6639616347761,4.58251692654381,2832.15954729474,96172.1788478396
30.4099004726554,0.220600522532161,1355.2087064139,246.272741932265,1474.7769897077,113.303548114971,323.515643993552,2.22673637941737,7.77357356467345,4.47899487920586,23.7121092986839,4.59306303675927,2832.22280313099,96336.0511187666
30.6104504077977,0.220538029493704,1354.69916841662,246.020098280548,1474.41851758881,113.263489591506,324.225431621511,2.20456246221077,7.68152307380625,4.6945045710373,23.7651143140011,4.60350838910488,2831.70332710018,96540.4504272529
30.8098780737359,0.22058771635872,1353.91180506993,245.860908872197,1473.74871499766,113.196449589633,324.879417195668,2.18517865130653,7.5904353866238,4.90131462526691,23.8180473072288,4.61381269608128,2830.70574740313,96862.8299089806
31.0097189159983,0.220765441942145,1352.92334135867,245.839318041471,1472.88597303168,113.111525343003,325.483682459324,2.16875150736422,7.50125080755455,5.09064220510995,23.8671217783309,4.6240055639753,2829.43972325863,97202.1611214236
31.2131030268418,0.22111632637396,1351.65485477555,246.003434549935,1471.80162158534,113.006423603831,326.015251742874,2.15555105830921,7.41580431338948,5.2549021833336,23.9075439997763,4.63406397645733,2827.8403258473,97526.706090793
31.422455951788,0.221675146876408,1349.99196900801,246.382691686551,1470.42068485541,112.875313685293,326.44578917025,2.14589212353311,7.33594422111146,5.38802311365638,23.9354964316381,4.64392658018926,2825.75372249288,97781.161853397
31.6364520473258,0.222432742453188,1348.04339173398,246.990370943896,1468.87325520836,112.728563903688,326.800088012482,2.13958043219822,7.26327538248054,5.48469593894897,23.9504000959796,4.65340262512846,2823.41340526104,97918.3878291197
31.8469555311923,0.223328508609945,1346.18008949074,247.812003603351,1467.52143831677,112.595037940061,327.161477722851,2.13586848678223,7.19788012395495,5.53699555536713,23.9553616668006,4.66231621505283,2821.49059231353,98021.6520110013
32.040636561688,0.224270475617685,1344.74128934504,248.78532102048,1466.6557750528,112.49845724055,327.600718445793,2.13439391659486,7.13827976187275,5.53418477500145,23.9548422242183,4.67063488066051,2820.51992953716,98116.2643416887
32.2062767430267,0.225179550123229,1343.79996699999,249.82460646522,1466.2866442986,112.440693382184,328.124046439489,2.13567982605192,7.08344898591677,5.46827413319368,23.9516531770594,4.67835554045831,2820.50677840888,98134.5237045753
32.3392598112445,0.226014289309813,1343.27907141835,250.868845480005,1466.29891229463,112.413547481954,328.705242613136,2.14048245581711,7.03369109557169,5.33856599306273,23.9470612125694,4.68537582001047,2821.22031754962,98015.6204612672
32.4405475142738,0.226767728402007,1343.16155429717,251.904982572543,1466.67308363447,112.416352675523,329.339493278414,2.14885365094225,6.98900258874895,5.1535321728924,23.9430718168649,4.6915945148722,2822.61690371874,97852.7024986459
32.5135828688067,0.227447472270265,1343.527698931,252.953165529686,1467.50646665396,112.457846692003,330.051243273872,2.16013966759037,6.94840084865987,4.92765865446095,23.942722385059,4.69698988713012,2824.88257414362,97676.6333344049
32.5622144574236,0.228049485176244,1344.38419824736,254.016638571017,1468.81810842454,112.540643612196,330.844635302374,2.17416326939138,6.91250570914917,4.67311271049521,23.9482736898434,4.7013581704687,2828.04694079482,97312.11787003
32.5912068313515,0.228540124907525,1345.71138082856,255.066466812093,1470.6057011511,112.664871581823,331.708370594986,2.1915636027932,6.88470844819713,4.39517002153357,23.962059993287,4.70409483793123,2832.06480481446,96611.7593360885
32.6093526671126,0.228866343672382,1347.70357702025,256.076255523183,1473.12040397104,112.848262818422,332.678163816695,2.21252520028416,6.86665866757384,4.09663999184803,23.9896982977824,4.70463958564849,2837.32674972831,95845.3069927423
32.6292669486153,0.228969008091688,1350.6500835296,257.028208234168,1476.73133801654,113.116045253446,333.814420131967,2.23686368065635,6.85651061478582,3.78224585611589,24.0386344011263,4.70281228465737,2844.42928729891,95107.1142108305
32.6616726287403,0.228811248301697,1354.56892404255,257.887045345204,1481.49812759711,113.469860369343,335.115653987566,2.26530836414236,6.85155374038014,3.45821669677303,24.1127953566044,4.69876468717697,2853.41387258613,94374.3479291861
32.7104234129801,0.228393265918744,1359.1873300474,258.606115458034,1487.13093326848,113.885730241415,336.512802925393,2.29955527663065,6.84897629419103,3.13173633143256,24.211170745449,4.69295937705819,2863.71550222674,93617.0972138736
32.7704253064173,0.227745487810667,1364.18703575653,259.155657089503,1493.25619309036,114.334469613185,337.924040116626,2.34123494557391,6.84548837598643,2.8113049503765,24.3302693158503,4.68607339951385,2874.65968457588,92890.8682441838
32.8304415542273,0.226910913261539,1369.35028473199,259.532123727677,1499.59005233264,114.794459185528,339.288789685715,2.39110315269392,6.83751334736113,2.50632379684685,24.4662656523692,4.67884181627585,2885.76778264863,92217.4867938217
32.8801207254208,0.225935360437104,1374.52651781069,259.744721240482,1505.92615952679,115.249949578976,340.565902793319,2.44871820620157,6.82108921963754,2.22577244638179,24.6153733996975,4.67205291813176,2896.70820966362,91689.410546997
32.9144203149353,0.224864711904719,1379.54345841125,259.799612362252,1512.05298418273,115.684273459901,341.717229442456,2.51240470411282,6.79157132013969,1.97670842142538,24.7729758928567,4.66664128475223,2907.12705948503,91399.584115702
32.9332351809181,0.223732551054802,1384.11165280003,259.676538187997,1517.65077659107,116.072163795329,342.680275452431,2.58077251337559,6.7458923181186,1.76029762266728,24.931855876433,4.66346867611283,2916.44239678629,91214.0704096577
32.9388884561371,0.222552610336168,1387.89828290251,259.333411976775,1522.3656414753,116.385634036931,343.380962101149,2.65423290135056,6.68290192462279,1.5713315524182,25.0829053321584,4.66323267010322,2923.9830749257,91074.5277348469
32.9340588370533,0.221314619917482,1390.75002660265,258.741234538139,1526.04411807969,116.612244450447,343.785279764126,2.73480998109937,6.60307247439239,1.40216218200006,25.218958917988,4.66628861390753,2929.44183938579,90775.6431037819
32.9209284034989,0.219981328458635,1392.85144874414,257.902752828907,1528.90213789812,116.768438622584,343.935669691771,2.82536628821702,6.50933718754614,1.24564922578321,25.3387482478837,4.67230564901871,2933.19488115989,90109.3448562593
32.9011287769136,0.218500265867882,1394.80092672051,256.861665456235,1531.60837861666,116.905692664857,343.973144827802,2.926515447882,6.40331258241191,1.09933783411463,25.4498450735473,4.68061960205868,2936.45992936439,89366.3219277398
32.8759556281587,0.216820054416402,1397.32695382565,255.673498415202,1534.97293911886,117.086514433861,344.070570825124,3.03509172318033,6.28459588295059,0.965407208086904,25.5651295053888,4.69052949065693,2940.71821019659,88672.0158929928
32.8465571045731,0.214917264181469,1400.7868936024,254.357708665026,1539.39414653299,117.342089786735,344.311204282053,3.14675049151717,6.1540263752987,0.846578870127947,25.694293828809,4.70134025107033,2946.69089746107,88005.8794250862
32.8140587193598,0.212805676397608,1405.06289815273,252.896409696281,1544.74254418289,117.66326306417,344.666354992282,3.25804277071655,6.01407716999447,0.743714286933917,25.8403146356835,4.71252240890113,2954.13357749501,87320.2069520899
32.7798531090193,0.210520866285287,1409.82677464727,251.266332523156,1550.65375887867,118.02278183392,345.06219713228,3.36721704898956,5.86693283945605,0.655456953540431,26.0020044500968,4.72383930260915,2962.38405389975,86659.9928516504
32.7456817429808,0.208100934869781,1414.78399624993,249.459915997947,1556.79940499791,118.395906041691,345.437843918588,3.47418691780382,5.71314766097979,0.579252694729583,26.1772581945643,4.73534710857473,2970.8597601641,86046.1327514736
32.7131519793917,0.2055783006552,1419.72574228023,247.481395240428,1562.94547479007,118.764891873277,345.753432540031,3.5795711094109,5.55219569968582,0.512810722439243,26.3638826945542,4.74726328733815,2979.15558796396,85483.0042839012
32.6834088538038,0.202978928321256,1424.50645048815,245.338301376057,1568.92766143519,119.117287279204,345.981479796351,3.68328171682765,5.3836346370906,0.454811978334264,26.5594415483506,4.7598032749972,2986.99161789871,84971.8388158182
32.6575512197859,0.200322292436343,1429.02548782005,243.037333387692,1574.6310755915,119.444614513134,346.101707943206,3.78406830630551,5.20807195965891,0.404658313618958,26.7612343318141,4.77304097253476,2994.17362844663,84503.3001341658
32.6370641278897,0.197621787599636,1433.22169026978,240.584638538617,1579.98433423767,119.742015512272,346.100770630977,3.8800191760681,5.02737531847933,0.361914513385782,26.9665431611877,4.78686534535112,3000.58337876118,84071.5563761352
32.6234000507305,0.194887847792127,1437.07215083818,237.989428839943,1584.95837461959,120.008041477743,345.974301787677,3.96904533670566,4.84382974995019,0.326086580903144,27.1729793182831,4.80108170384653,3006.18037715776,83741.215278365
32.6171062731152,0.192132770606602,1440.55325968397,235.263498503711,1589.52333320783,120.241219417567,345.719795268875,4.04898869249763,4.65927006209223,0.296698269748884,27.378031563941,4.81556222445937,3010.92591049753,83609.9656896612
32.6168212246483,0.189370363483696,1443.54668833896,232.409394859573,1593.54475651563,120.432122811624,345.313508340395,4.11926190203243,4.47562649526137,0.272856737472541,27.5771748767417,4.830284583055,3014.58874026794,83584.1546767847
32.6189803024115,0.186613342335344,1445.83871495183,229.417530142738,1596.78294936275,120.56325311839,344.709591552784,4.18171298965964,4.2948754783442,0.253251946323454,27.7634031080237,4.84537115996439,3016.74121761565,83597.7366372414
32.6191206581216,0.183871245487865,1447.27203494236,226.284049457949,1599.06091736673,120.621715405818,343.877186507135,4.23844924388183,4.11787790339389,0.236804512003542,27.9299314673589,4.86109221663901,3017.0721936,83719.1009548115
32.6132588607287,0.181153233704901,1447.80962420746,223.021353915863,1600.33568613214,120.604627280151,342.815623177711,4.28977867881289,3.94421847222939,0.223094036551656,28.0717215348393,4.87779306754507,3015.52132834214,84083.5625211879
32.5974765615247,0.178470838097509,1447.39864275931,219.64440172369,1600.55039806843,120.507899108706,341.518940014308,4.3358624677725,3.77392126519795,0.211762526418198,28.1831593085507,4.89578640203039,3012.00149892421,84576.1413761768
32.5669094818031,0.175838564105657,1445.8702751123,216.157691911693,1599.52531549184,120.317892513674,339.950691036734,4.37858397139351,3.60796731118053,0.20215650490156,28.2564743901491,4.91537475859462,3006.19265519902,85110.4752589442
32.5166049206994,0.173266006397741,1443.12639270407,212.572538122177,1597.16186549256,120.026879387207,338.089286799341,4.42098649386727,3.44732206967303,0.193410608941722,28.2846360250538,4.93682439076087,2997.92055123462,85567.2681287062
32.4440628899666,0.170750176550615,1439.38403699813,208.929546793079,1593.70863125689,119.65324016692,335.986729849155,4.46630931321823,3.29234946107378,0.184627161901663,28.2656487236988,4.96020928873066,2987.65110374263,85808.6447885071
32.3522893766861,0.168280599933312,1435.21354937521,205.302059628043,1589.79980781954,119.244552782759,333.782866916865,4.51513948304724,3.14213024590267,0.175535396187145,28.2053884600282,4.9853481511322,2976.56770624195,85961.9240189627
32.2501707368566,0.165847654471395,1431.29560305337,201.771268241891,1586.18614616662,118.857481456796,331.650817946064,4.56485524391923,2.99529498782884,0.1665063993121,28.1155143000936,5.01180405077673,2966.07601207461,86103.90470037
32.1482518599937,0.163453701545118,1428.04668549637,198.387796661671,1583.32310286051,118.526771925347,329.706146166786,4.61096603119726,2.85125408235592,0.158378027837094,28.0068662466089,5.03907617443673,2957.03912711121,86457.018959905
32.0540454353515,0.161121049069073,1425.3558666512,195.146252878588,1581.08244553236,118.243850176593,327.943853340663,4.6453650197666,2.71151631724935,0.153147915285248,27.8829263332902,5.06676386204422,2949.24305914479,87315.7145983551
31.9707367808788,0.158879241818855,1422.48010439719,191.966565029702,1578.63852490729,117.949529679359,326.210993704574,4.65437052235884,2.58584293897477,0.154651942201898,27.7355230807196,5.09392678516605,2941.17829771763,88380.1033586428
31.8986840076807,0.15674620590326,1418.3057053805,188.712974280982,1574.7568518472,117.556914867198,324.268514705084,4.6216855988206,2.49636084435646,0.167499918991963,27.5479868499475,5.11831743475082,2930.56902934671,89454.7679146891
31.8373699975732,0.154721773265035,1412.10772332129,185.28559719366,1568.63125413592,117.012687833257,321.971915528218,4.53804616808434,2.46866157828135,0.195689481171491,27.306172636012,5.13704118149663,2915.9324741305,90595.2337357306
31.7860335488884,0.152834582244522,1404.04606309503,181.698623998273,1560.43072205758,116.335493582837,319.397712707963,4.39632144869049,2.52155827231471,0.24669514200781,27.0056859611778,5.14766031135538,2897.61485139634,91925.1559826095
31.7425231939509,0.151221665224973,1394.76055263672,178.063281208935,1550.84703036292,115.582894145717,316.793560799123,4.17168100847853,2.67303755643497,0.342480753849723,26.6513412799763,5.14747200001657,2877.00582338453,93282.508851405
31.7026331229099,0.150158033068288,1384.68693178357,174.51480500465,1540.33272925385,114.795458474894,314.4476356068,3.83475767388963,2.94527557747899,0.527070826192519,26.2534416275045,5.13306216570651,2855.1524881566,94585.0471897842
31.6618086917894,0.149967189715499,1374.02794576785,171.174190764141,1529.08043485769,113.988496415013,312.606074094129,3.40148840656837,3.33620731179856,0.869212328376259,25.823736347278,5.10445462233679,2832.63333112647,96186.3048216543
31.6158219443886,0.150853891966926,1362.92082681166,168.189654742057,1517.22433340238,113.158948954537,311.400781252265,2.94992779719261,3.788246350436,1.46125371480552,25.3709614400291,5.0695849922799,2809.86010488625,98472.2361284308
31.5575885340717,0.152791684677511,1351.04327886516,165.845607465523,1504.39838245644,112.254671921359,310.687211986148,2.57856087664751,4.20724274748535,2.38110305077208,24.8968317114259,5.04164280631833,2786.3391549744,100898.763437124
31.4760592589323,0.155801115229177,1337.56795894675,164.58750264442,1489.67281262862,111.184164165245,310.059914519627,2.33277199124668,4.52280381642239,3.62937469523374,24.399461216026,5.03027949955454,2760.61655859319,103238.577856433
31.36292311389,0.159796922292949,1322.37352143542,164.826943732919,1472.90690334303,109.930906890379,309.238719518577,2.1944883443857,4.72787965310037,5.11163222476947,23.8867757252702,5.03545501805967,2732.59925214423,104546.840978632
31.2218932162425,0.164044235848445,1307.15208417229,166.689790192204,1455.99595706525,108.646444681158,308.388368972718,2.1265433594819,4.86591514575723,6.66914773005087,23.3877904368541,5.0488765169377,2705.60091350264,104162.178670949
31.0719414959403,0.167882723506522,1294.41618303706,169.91786275767,1441.75375921322,107.555898551848,307.925087521414,2.09607351486575,4.97993529360416,8.14479169393111,22.9485029872592,5.06154044335045,2684.31117122848,103337.256184055
30.9371726383514,0.171254355607309,1285.95298178375,174.09821962375,1432.17538104788,106.818733931232,308.167734230418,2.08030856341185,5.08933658834715,9.43482149930177,22.6079495314778,5.06835733482724,2671.90133072585,102407.268290644
30.8325893956678,0.174440619767937,1282.20177644572,178.913823226427,1427.75010800979,106.475160718347,309.202010115714,2.06631077020188,5.20014653974139,10.5034461773024,22.3770915519495,5.06790288532534,2668.99375478557,101588.005714434
30.7592287337456,0.177654024098557,1282.51679872224,184.174872835005,1427.76536737832,106.470655628935,310.930158302746,2.04871209151121,5.31044132267067,11.3666001351177,22.2417937562821,5.06142027422142,2674.20935782819,101029.837171692
30.7063368682936,0.180843040422804,1285.66268945669,189.658951744553,1430.87322642603,106.703018235356,313.126831222435,2.0277121461243,5.41836157946476,12.0498374321472,22.1763438670297,5.05077419351079,2685.00800017113,100483.465492617
30.6579620510957,0.183872228365126,1290.36116372913,195.060878261782,1435.69646355636,107.069887551438,315.524413755016,2.00571617371407,5.52559687552147,12.564548156423,22.1555783685807,5.0371936485008,2698.70335063064,99898.5900436151
30.6021153559897,0.186657460167465,1295.80276928281,200.135816339258,1441.3750259662,107.508162484492,317.931404789223,1.98452290597418,5.63669623798382,12.9111053352839,22.1630684171838,5.0209471109974,2713.55491335314,99103.937819643
30.5365722942943,0.189189071567696,1301.78722748028,204.78501735592,1447.7102594569,108.003462782631,320.285541309714,1.9643932134762,5.75897851344138,13.0886622834112,22.1929954660858,5.00132614051305,2729.10839230502,97980.9389817583
30.4709830941137,0.191485227579782,1308.65101023597,209.053842164006,1455.08646941047,108.583479706364,322.67003519191,1.94381547854421,5.89645430138397,13.1078926446252,22.2490958781745,4.97761221096013,2746.07265313704,96849.3489487124
30.4217850451757,0.193527980498083,1316.88459629112,213.059932494016,1464.05044169976,109.287032963258,325.230734957894,1.92098182509008,6.04754294946539,12.9927636679048,22.3391235164349,4.94969418685336,2765.52082606875,95817.2560549383
30.4016178364294,0.195329313583435,1326.64535531849,216.909661006118,1474.7702764952,110.124553960133,328.043218656921,1.89509653672759,6.2064692995628,12.77347330666,22.4667150433511,4.91827978600762,2787.85741425007,95158.3293391058
30.412534728161,0.196958378184976,1337.40604221543,220.643080936956,1486.644274678,111.048972358684,331.015110784661,1.86712069575109,6.36319951359781,12.4803319059358,22.6263571158834,4.88516237824329,2812.07473966321,95113.1373309875
30.4427751629952,0.198493727842604,1347.4139493195,224.126452538661,1497.70737123047,111.911906005468,333.735948055114,1.841834069978,6.5111068971991,12.1310119529718,22.7999053177508,4.85233082449842,2834.60020365805,95291.1489383379
30.4700190099281,0.199996030357773,1354.68707014499,227.152572044667,1505.74928759751,112.547503415713,335.712299094879,1.82509340462886,6.6501013329171,11.7256471310077,22.9612747932567,4.82127036470176,2851.3468516342,95540.6653130099
30.4734205860778,0.201478265313426,1358.45427801958,229.625245367789,1509.91716598893,112.891870835406,336.733895149705,1.81944557478352,6.78141800174889,11.2580268731855,23.089858561267,4.79295978026081,2860.70897663561,95823.2196646858
30.4427071101235,0.2029045984931,1359.23513720095,231.581264162968,1510.79908283551,112.988996063277,336.910354447956,1.82385919937008,6.90544540168167,10.727772507109,23.1774441883822,4.76780917486276,2863.74132898906,96116.898729659
30.3789744227569,0.204210073076666,1358.13657358551,233.111934595846,1509.63826361348,112.931417823665,336.510272632151,1.83555460887085,7.02125802200025,10.1473235381629,23.2258447789646,4.74587314966104,2862.71183313382,96435.2545479791
30.2898821627644,0.205323161220856,1356.26771471809,234.303193649151,1507.68055588271,112.811304921002,335.817435038408,1.85151811049266,7.12717336339723,9.53931313665733,23.2412005022467,4.72708988908161,2859.89712312785,96776.9947598114
30.1835229134683,0.206194303798491,1354.29345459095,235.199768285298,1505.67354881287,112.683600249183,335.013777568145,1.86973242108908,7.2216567331664,8.92661356531934,23.2293998584016,4.71139805718147,2856.66433501039,97144.9124914025
30.0635693779153,0.206814407829537,1352.30444196077,235.806291029707,1503.71921037099,112.555600179051,334.139756732542,1.88979692865801,7.3037902722341,8.32438027820496,23.1939497904873,4.69877843501532,2853.20801914072,97538.5206963287
29.9252462640585,0.207220637290218,1350.18276220915,236.149259044851,1501.68275342186,112.417964231454,333.177551896926,1.91216774197958,7.37368636359887,7.73631315135957,23.1360938020956,4.68917867827206,2849.31863434906,97927.3888945095
29.7567135679371,0.207476873335938,1347.8279029972,236.290144708202,1499.44749816183,112.263486170874,332.106408904103,1.93758184656592,7.43216935283612,7.15732747698946,23.0563653879554,4.68247162642459,2844.84251422448,98291.8466643617
29.5479840156987,0.207628460256404,1345.27880361854,236.294149278329,1497.05359456663,112.096704296922,330.936541864521,1.9668754836017,7.4816981778613,6.58061647501696,22.9567774431564,4.67821468231341,2839.90439956611,98420.0172130704
29.3010437213171,0.207671145651036,1342.85558464948,236.211694604513,1494.85593477328,111.945312729253,329.75144513983,2.00025808905691,7.52671281382919,6.00692164267758,22.8443417536667,4.6754158463828,2835.1783300217,98136.7821270718
29.0373369659954,0.207559268988129,1341.12523346418,236.076166469714,1493.48056242765,111.856511087952,328.716543340688,2.03593448392372,7.5681845216925,5.45964585421696,22.7341540966465,4.67313879279793,2831.82268418889,97731.9174711555
28.7913540138606,0.207244500843068,1340.62123886013,235.903673952988,1493.51067625588,111.873804451676,328.007096453537,2.06994046011343,7.60338175105078,4.98083554769845,22.6448594736969,4.67077805302367,2830.92153768673,97303.8019350199
28.5910104769041,0.206725518398711,1341.44537537152,235.683834154518,1495.04739056276,112.004449107296,327.685285188267,2.09771966650497,7.62922454129545,4.60581272267727,22.588784027066,4.6681065535177,2832.67869608547,97099.7467274574
28.445491701877,0.206068296196058,1343.16029513744,235.393245437795,1497.58778113284,112.210139815436,327.668026053657,2.11589629720952,7.64125875941794,4.35082112507713,22.5667864357162,4.6657102241862,2836.20924640977,97334.0630905592
28.3449374015916,0.205383693779858,1344.8628726375,235.001356406562,1500.09488780634,112.412777411434,327.759082727631,2.12414809955913,7.63654101717371,4.2131234166402,22.5689978948572,4.66458869448109,2839.68678142552,97669.1216830125
28.2684779911275,0.204792068038701,1345.59713791398,234.492882106173,1501.4578642537,112.529173446721,327.75848765958,2.12472267988214,7.61412669963466,4.17795159441779,22.5816790987908,4.66571605063992,2841.18308891173,97991.8801272598
28.1973118913892,0.20437913391125,1344.97080006168,233.90701537096,1501.20128495392,112.523707049515,327.600764238633,2.11964600708588,7.57168593419804,4.2297985602718,22.5956835775563,4.66999001576758,2839.93192737317,98473.4834127204
28.1231751776588,0.204185024034471,1343.13042726885,233.318369990379,1499.47661141147,112.407356554242,327.334950278527,2.10977791847013,7.50574671084616,4.35804938436549,22.6065172878835,4.67815664627023,2836.27550392644,99277.8384842381
28.0505616003305,0.204214741474805,1340.20103724877,232.766523963034,1496.44671830658,112.191636896478,326.980716825323,2.09674130976998,7.41669517528101,4.55166857717495,22.6077293165108,4.69047937172979,2830.50673789572,100157.523679563
27.9927117393837,0.204455837847116,1336.11486964937,232.242173036238,1492.08585140404,111.873785189802,326.492502053755,2.08329609957547,7.30954223560475,4.79495697242095,22.5897402842074,4.7067171898098,2822.51465063437,101031.108404002
27.962178667751,0.204871354870143,1330.72971817764,231.702614419449,1486.28137825945,111.445120286745,325.803703892897,2.07246548842158,7.19233828568803,5.06925161467974,22.5460678521803,4.7260267417006,2812.01086996491,101609.626491797
27.9633849580065,0.205394497862163,1324.16271680726,231.121726765604,1479.18602642304,110.918075935521,324.9094705421,2.06639512003758,7.07657097866923,5.35334504945777,22.4790417381712,4.7465886400232,2799.21012003378,101667.382774412
27.9902494213931,0.205982994120996,1317.18984590655,230.582621053765,1471.66179467693,110.358467251401,323.9609297246,2.06418944548014,6.9706782295321,5.62942400099871,22.4014000897415,4.76641392653265,2785.68643044229,101596.75601153
28.0303950463365,0.206635194653322,1310.90598267433,230.249853619125,1464.91219179184,109.857103268642,323.187835321568,2.06291467776745,6.87779313230831,5.88681763065563,22.3291763057512,4.78407537538589,2773.69264816974,101501.17030226
28.0728608715932,0.207363127234955,1306.01110717113,230.243819071605,1459.70161362474,109.471447041913,322.738584835156,2.06027871031806,6.79877006635964,6.12045833092589,22.2723054146995,4.7988452772315,2764.67624939511,101399.429070591
28.1113137075367,0.208171844983306,1302.6039920162,230.58516461385,1456.13692158855,109.209300161323,322.635521464953,2.05555467813683,6.7326733323974,6.32856873827179,22.2327461618544,4.81073878002789,2758.84385626115,101300.473216303
28.1415527565806,0.209044037574233,1300.41366313018,231.215984292977,1453.93492778405,109.048872630694,322.82159611724,2.04928853759621,6.67812405570514,6.50779183570692,22.2077265758721,4.82011882197036,2755.6387576698,101165.562194148
28.1592899127847,0.209945093553187,1299.10572693583,232.05082141034,1452.75822483361,108.964109528483,323.223158195274,2.04245810417401,6.63414928024873,6.65173976616569,22.1935627605764,4.8273388437486,2754.37316565005,100989.152685734
28.1614431349874,0.210818943547537,1298.47658595134,233.012167196324,1452.41089794886,108.940149295111,323.786568231649,2.03609410142742,6.6029232175827,6.75120470401978,22.1883658270927,4.83219326175647,2754.61344105468,100474.478126828
28.1496243005534,0.211585608025895,1298.63627335505,234.046917751509,1453.0261975135,108.988118341551,324.518146700537,2.03074400806207,6.5911805901935,6.79245632271149,22.1953012855056,4.83352869762125,2756.53662954959,99410.0664433233
28.1344255288907,0.212174302209898,1300.19578334377,235.159778577218,1455.26516073121,109.159371395046,325.543276517891,2.02515555196968,6.60226557672828,6.76107728051978,22.2255526578796,4.8302018793471,2761.32394667972,98262.944248447
28.1323972460059,0.212532077689646,1303.92372019838,236.394327905821,1459.94362176755,109.516575061771,327.03434738705,2.01740542313499,6.63343434912175,6.64721587404045,22.2930119336047,4.82177884428254,2770.48237398444,97179.0207992945
28.1559809902386,0.212645223398933,1310.10819706145,237.769116861537,1467.34756542157,110.081718450197,329.056568504612,2.00689976948698,6.67979698845337,6.45026669542839,22.4046455210515,4.80854139683945,2784.55952367584,96249.6567288149
28.2078600458199,0.212543410035391,1318.42278480591,239.257626215607,1477.09927992855,110.825807052758,331.532647559708,1.99459572466077,6.73527356118324,6.1818270270269,22.5576333430875,4.7915117595525,2802.87653169282,95540.030157585
28.2809095265694,0.212269311734725,1328.13354930807,240.784835135593,1488.39045436845,111.687038749903,334.280680209619,1.98243993851949,6.79550570557677,5.86302615157592,22.7414604231882,4.77190269061388,2823.93073434919,94937.3935933956
28.3624676547789,0.211855908399618,1338.41810165166,242.248523050967,1500.32865423698,112.597466988195,337.086508043294,1.97235433710115,6.85901361577567,5.51856768634716,22.9425637046815,4.7506797380839,2846.03177150379,94400.8134791201
28.4412038524579,0.211311151633404,1348.55204834061,243.539532605476,1512.12855040439,113.497766526287,339.754535271811,1.96605905969582,6.92757181632637,5.16691297787503,23.149809039214,4.72820987736663,2867.67339099788,93672.520407932
28.5104829948062,0.210614965771575,1357.68060653174,244.49894624002,1522.84498487219,114.317305520315,342.055039506619,1.96626815152956,7.00684788454611,4.81378025924829,23.3582553268805,4.70397003681273,2887.03908596497,92521.337688761
28.5669433107985,0.209744277772396,1365.52347146547,245.050284126652,1532.16111693516,115.03245610825,343.906887265271,1.97461641453169,7.09947313487696,4.45745353712756,23.5724794362661,4.67732972692066,2903.504822478,91323.2362071564
28.6083324036584,0.208684998032027,1372.69194174685,245.273886584231,1540.75013965888,115.693263481481,345.459080335126,1.99044062808288,7.2019744984311,4.09589158753997,23.8036845650766,4.64814446912087,2918.33269617887,90218.2435973949
28.6336084025213,0.207451644264506,1379.86574589477,245.292104195027,1549.35929726868,116.354579654597,346.887184241138,2.01258637006674,7.30627919464765,3.73227732469605,24.0603797028864,4.61708514918542,2932.95483050609,89501.1900550885
28.6440047319764,0.206100759650547,1387.1568328276,245.180066226656,1558.09793962878,117.022420125725,348.23725894579,2.04038376566348,7.39903446397418,3.37829144126632,24.3414824712151,4.58613242574212,2947.64346626946,89490.2910947977
28.6444878096425,0.20470536527148,1393.85247343287,244.908437042733,1566.15056643341,117.633466468493,349.347760539407,2.07534538999379,7.47000052955409,3.04360491299724,24.6310690206125,4.55769188297301,2960.95054823901,89757.2629067751
28.6438150864047,0.203324142092437,1398.78042317534,244.365453489462,1572.1894199208,118.086691249308,349.92981876521,2.12165343431886,7.51597281884963,2.72737660128762,24.9016699719499,4.53384252332294,2970.44795707003,90087.8963036729
28.6510768767347,0.201971900572125,1401.19819623801,243.46434329364,1575.37616273748,118.318295168951,349.792335816672,2.1843116446012,7.53641160984451,2.42224366483307,25.1286868216583,4.51611394847142,2974.58349203338,90292.6452228975
28.6724468352442,0.200613186319549,1401.29547619427,242.210593054916,1575.92797603962,118.34409362244,348.972792009262,2.26777855124504,7.53188974852757,2.12079505115332,25.3016989765239,4.50505644075184,2973.73673382808,90199.409807784
28.7115222033826,0.199188679457034,1400.09204458244,240.703155124241,1575.00026637012,118.250251693424,347.721628358842,2.37438737563637,7.50005018537039,1.82349986743298,25.4271834107478,4.50065775132826,2970.01957423712,90027.6698994172
28.7711788526798,0.19764638569256,1398.90364643585,239.083038102324,1574.08150783674,118.147714755273,346.372234749078,2.50343879947903,7.43504191769235,1.5397868999916,25.5215385934606,4.50282570297504,2966.17069843119,89877.1302443277
28.8534712140282,0.195964722223365,1398.52069836081,237.433209701917,1574.06549941101,118.102867267982,345.131791575918,2.65259182641878,7.3323040553319,1.28130066712548,25.5996926820218,4.51137386389525,2963.83758008294,89692.0252014498
28.958129399791,0.194154350737755,1398.99874627501,235.753157200095,1575.01675203485,118.120099481016,344.025571564856,2.81857725836836,7.19123210532825,1.05616092169117,25.6698529663116,4.52594582187213,2963.13895916683,89389.4982210856
29.0810525664509,0.192242212412753,1400.10908805793,234.016481146799,1576.68530095919,118.180302697412,343.007931714894,2.99608773873003,7.01395904470233,0.867504009751621,25.7360359264804,4.54602928675763,2963.61283557593,89063.3197484829
29.2149049310426,0.190253966849293,1401.66452134413,232.207921189602,1578.87649062389,118.268647097871,342.042453837276,3.17778458197038,6.80428325656471,0.714093201827391,25.8013119927805,4.57091287248724,2964.89606821799,88754.4278988366
29.3521905594934,0.188205685118516,1403.52361787216,230.318322139592,1581.44771246387,118.374686546369,341.101065876613,3.35716265111585,6.56818644666048,0.591182915234249,25.8678927787499,4.59961535945186,2966.72044910863,88368.551313828
29.487388367242,0.18610049413675,1405.58937837321,228.338542582831,1584.29841379937,118.491699108384,340.163475062812,3.53088743219245,6.31291105706074,0.492419392472408,25.9376078691981,4.6309995350161,2968.89718249834,87789.1137583723
29.6166065857845,0.183930388983676,1407.91957443067,226.270212017696,1587.49166380242,118.62559047264,339.247431159538,3.6969650908386,6.04404249752651,0.41252716462671,26.0143485331204,4.6640441748537,2971.5438277303,87153.1040651893
29.7366648787768,0.181681879752005,1410.70150931416,224.125203692952,1591.22864005747,118.792843577662,338.403721737077,3.85277986022005,5.76512278937357,0.34786782293731,26.1042096709738,4.69788758728596,2975.03703942365,86530.4835818514
29.84542631458,0.179349340421791,1414.036608307,221.90892150424,1595.61104964496,119.002495122609,337.662606835307,3.99549161243681,5.47878523657787,0.295920793757347,26.2119428182164,4.73187237687723,2979.57523758929,86044.5547339835
29.9420951381013,0.17694560967408,1417.79083711845,219.612531946563,1600.47534687343,119.24359214424,336.997766206585,4.12220604177472,5.18711654666425,0.254863059776335,26.3376570635776,4.76568209921463,2984.8777383388,85840.0167348198
30.0260168335018,0.174497241923603,1421.54108790436,217.206505311548,1605.33153585839,119.480658370587,336.311456487145,4.23307183691096,4.89295519496768,0.22247606411707,26.4746180073369,4.79929273602314,2990.07137715069,85760.1161323562
30.0953684090648,0.172034493676288,1424.72027406117,214.651448183662,1609.52574355563,119.665789753948,335.469613833517,4.33209734928737,4.59940649980865,0.196333738887012,26.6107682906394,4.83296181451928,2993.98643700181,85712.4180948038
30.1476257103528,0.169577914492544,1426.95043865109,211.928398745205,1612.61928227857,119.766929013481,334.383883647973,4.42413676038481,4.30871710066298,0.174457287637367,26.7346689443281,4.86704170838983,2995.84666632484,85586.0363409133
30.1813920164762,0.167130503271527,1428.24269771979,209.054115590972,1614.61842584346,119.785007692521,333.059577084658,4.51282867496233,4.02259085571172,0.155550594059093,26.8405860215158,4.90163976174287,2995.6826872148,85260.8869849316
30.1986624583281,0.164684173688952,1429.00652390436,206.08302809339,1615.98581030655,119.754869741111,331.599005816432,4.59771084563683,3.74234505636091,0.139321720192913,26.9307507651701,4.93645631375624,2994.35354660487,84871.3768841316
30.205296656426,0.162229459015482,1429.82089867414,203.085585115486,1617.37987421062,119.726010131876,330.14631468429,4.67494502896598,3.46984091469793,0.125918824038482,27.0129082489277,4.97078700908317,2993.07276794577,84497.3615336104
30.2085030399261,0.159763857245724,1431.07939215126,200.111493815725,1619.25012657272,119.732470893879,328.801405942522,4.74130728886468,3.20806913994241,0.115279355606399,27.0941983453795,5.00379800568841,2992.66985523138,84196.7957845285
30.213721163364,0.157295951611078,1432.83078393489,197.175707401452,1621.65496106225,119.779266233908,327.582405714608,4.79539492464177,2.96052357691116,0.107171713740287,27.1769475525984,5.03486041075049,2993.26077476247,84026.3192888314
30.2227068544375,0.154843487099522,1434.82495151042,194.266157424733,1624.31554684783,119.846450405746,326.436541736182,4.83704692371108,2.73124266309905,0.101389488377817,27.2578509559873,5.06359190258315,2994.34710094181,83928.0017986665
30.2335054245494,0.152428027588307,1436.6822676712,191.362144513014,1626.80988939308,119.903615996257,325.280062232675,4.8667077851237,2.52490820954558,0.0977330878125397,27.3300525929092,5.0897198137948,2995.16934814231,83861.8002301059
30.2423640814735,0.150070337639366,1438.10129932375,188.454101950528,1628.80580312261,119.927102073488,324.048569974271,4.88450418696021,2.34539391120423,0.0960612817809807,27.386705424109,5.11307508897406,2995.13393016252,84005.3604547016
30.2460437367019,0.147793548714058,1438.86792068753,185.543856041941,1630.0668248615,119.900419352496,322.702144114548,4.88790299833021,2.19508724401166,0.0967920168862352,27.421488840972,5.13365421960642,2993.82898785097,84658.7983015596
30.2431888476898,0.145622953294104,1438.57202921508,182.611750728824,1630.12831214674,119.790768029565,321.161954256727,4.87130172126984,2.07872111236122,0.10123360166173,27.4241578932285,5.15134638410249,2990.4351972519,85568.2497310992
30.2343824475428,0.143580523332696,1436.52784413477,179.602728629009,1628.20581194131,119.543001057561,319.297219400501,4.82821383404891,2.0065745492531,0.111188001803454,27.3792861576475,5.16556708782744,2983.55944372805,86538.9490522083
30.2210650247286,0.141682930114965,1432.20591621456,176.471861101527,1623.68613488959,119.115653164512,317.027580658522,4.75342164881897,1.99052101953707,0.128821682624341,27.2729775202415,5.17542973663386,2972.1309135379,87791.1510001699
30.2038415173291,0.139983885474825,1425.53127924146,173.233894295519,1616.47201056212,118.506014544878,314.395378032184,4.63295094590516,2.0419066885879,0.160457415859031,27.0962594354412,5.17985273104148,2956.03945337368,89723.1267569571
30.180053101611,0.138651544703053,1416.56326406989,169.964032979228,1606.63071484944,117.726967736069,311.527619690991,4.42489033898852,2.18556109136393,0.226092559497086,26.8403680357771,5.17590662804426,2935.53458588446,91951.3362890296
30.1424648256208,0.138020973384933,1404.99216440603,166.754542869621,1593.82309402051,116.767229483297,308.568499497185,4.07421295525027,2.46775374058792,0.368937375293873,26.4949906751356,5.15789322577796,2910.22290521264,94235.4429648758
30.0822441895295,0.138502785409459,1390.48143465188,163.703994414388,1577.68126473809,115.609010880464,305.691671936889,3.57790466204787,2.91366325235819,0.66431026579192,26.055742165356,5.12291117605938,2879.68148398234,96524.4179889098
29.9942307332264,0.14031628551496,1373.58466713354,161.008157089273,1558.8403084324,114.287475263,303.143424762658,3.03409761158374,3.46748402408367,1.21853854971931,25.532754715701,5.07861974184651,2845.22599814283,98800.9156059367
29.8809144758625,0.143364074409065,1355.79629298614,159.103202185912,1538.96162539263,112.892776853587,301.163691507969,2.59039477717975,4.00107227539813,2.11748292066172,24.9521372400973,5.04169732524167,2810.03157620827,101011.6543104
29.7518021226673,0.147551179058818,1338.46525877822,158.591405089782,1519.48376034704,111.502173936922,299.815303837888,2.30919509124316,4.40836807623181,3.34472593103928,24.3491376085655,5.02479510817521,2776.96926541829,103096.302122039
29.6180690542058,0.152836483083348,1322.2234842262,159.902789068483,1501.03118738317,110.155544843178,299.003683753328,2.15465017355301,4.6695440887706,4.78057081872893,23.7594381483146,5.02813536402457,2747.37902648373,104637.824867933
29.4878731121852,0.158744001521809,1307.44919758806,163.051315880706,1484.00981598842,108.894200100341,298.639261402365,2.07503030251534,4.82534800407008,6.27088818562917,23.2131541363448,5.04373329810861,2721.90543953878,105321.100008719
29.3645413588692,0.164543559380605,1294.25978493403,167.62022764805,1468.61651904832,107.747489058959,298.598030991852,2.03753390476295,4.92402560656149,7.67556675981171,22.7309754049921,5.06318043489315,2700.45426332123,105624.530617555
29.2478255623721,0.16998527889492,1282.71530911872,173.059865656113,1455.02243931648,106.737567134352,298.74667701283,2.02383367835408,4.99687359295977,8.88918444279426,22.3209451397218,5.08128844363104,2682.75336721442,105689.659595851
29.1370955401235,0.175021187388949,1273.05929753375,178.960167507444,1443.58513178036,105.894443422018,299.037824201239,2.02316777725036,5.06566820878204,9.85135615088834,21.9801355407507,5.09503656181707,2669.0000122346,104969.161768031
29.0342239665756,0.179499869235337,1265.92086100842,185.054197421376,1435.06069600691,105.274474945978,299.577629729717,2.02844753602051,5.14961812303619,10.5422216616334,21.7075955396857,5.10183491470045,2660.26407331604,103152.003038308
28.9446701514347,0.183386212187832,1262.52620627457,191.150077555529,1430.85400582301,104.980492731315,300.675031495141,2.0318038450385,5.25608329853138,10.9816903270631,21.5159633933463,5.10007131379153,2658.86959552204,101137.353975561
28.8747800544136,0.186632352627156,1264.05361017079,197.115391328394,1432.30009074925,105.109833171695,302.662944764295,2.02613085419294,5.38133620116528,11.2138229559039,21.4229514151057,5.08939745011456,2667.09549062993,99186.0185464806
28.8275177148951,0.189319299117254,1270.70555507757,202.896950220592,1439.61846911679,105.677380690825,305.649547928814,2.00814558737062,5.51902289625054,11.2837404823627,21.4342602050714,5.0704812580341,2685.33045502169,97630.7918989466
28.8009865447415,0.191644730750083,1281.63754789614,208.512586341064,1451.83426121691,106.609232536694,309.49232290054,1.97862536226131,5.66008386077235,11.2298612446037,21.538839776734,5.04530181966352,2711.92085762191,96718.7831803836
28.7887788841758,0.193745635476873,1295.21390712629,213.93842341168,1467.07475244355,107.765901365098,313.837314743718,1.94219641054897,5.79949943196999,11.0747017190552,21.7114112351314,5.01604620711687,2743.59071124156,96030.4624806645
28.782054905813,0.195682860666187,1309.56718652922,219.058416051947,1483.20999158205,108.990300372716,318.243085951611,1.90497405357085,5.93842913470401,10.8246766017531,21.9208282791708,4.98432862371087,2776.5202395809,95432.25703055
28.7734825505258,0.197461917811456,1323.38311702523,223.750128162804,1498.74470261821,110.172654884583,322.382961968927,1.8714232416786,6.07916875481313,10.4818236336504,22.1424693539805,4.95122250626879,2807.98512474767,94878.2677958093
28.7585772576823,0.199057992465489,1336.11006481581,227.953575863457,1513.05507721561,111.267291613133,326.113517356134,1.84353503653261,6.22362116129653,10.0534551269647,22.3631342913808,4.9172292831909,2836.8354886955,94336.8627047014
28.7331391439836,0.200461387137204,1347.3950228678,231.642687626027,1525.74724876947,112.244831170273,329.356532483085,1.82217930628911,6.37173233262234,9.55888871988293,22.5787980866107,4.88264650820379,2862.35755533337,93869.3873202945
28.6915877216907,0.201693337174075,1356.58726950171,234.77397961416,1536.09108663318,113.050401002133,331.980536034611,1.80880163692189,6.5213472441999,9.02781949466219,22.7891250159989,4.84789117992264,2883.24227924972,93495.8764071545
28.6291940491157,0.202790443616806,1363.43556318002,237.368418271847,1543.80740431171,113.662252183823,333.950496238045,1.80376085098549,6.67027194957411,8.48899002856324,22.993438192361,4.81340353740382,2899.02395174568,93159.9590520376
28.5456518364013,0.20377703797311,1368.30172810339,239.519044289777,1549.30917565651,114.110102647755,335.366632032346,1.80583373008778,6.817250302568,7.96056788515208,23.1906189693906,4.77948885775444,2910.50399992527,92800.2372741524
28.4486080214352,0.204674456107862,1371.86118085217,241.360141941105,1553.36237502434,114.450203905413,336.394067942367,1.81312765698074,6.96055059470493,7.44783361617145,23.3808186926156,4.74641639809435,2919.13197266777,92485.7234348887
28.3524820410141,0.205515085124127,1374.75331622505,243.03440824788,1556.69006524672,114.735949064634,337.187161549317,1.82410042015536,7.09742674611701,6.94741163369473,23.5655013030298,4.71451075542284,2926.28888989371,92235.0331229552
28.2710786504832,0.206323185359432,1377.34708278708,244.637506517144,1559.70832112901,114.998343978829,337.836690493494,1.83830228582617,7.22707622877379,6.45349772700653,23.745683569463,4.68385536345547,2932.78180360443,91854.5852142995
28.2119106775559,0.207084804085024,1379.84088989059,246.193649710157,1562.64303868223,115.254471933951,338.392269095285,1.85607271104675,7.35257270804793,5.96180483846505,23.9228595311195,4.65397075280705,2939.0270804151,91144.4418396599
28.1757502488193,0.207745466902122,1382.572304928,247.691706502605,1565.88215180536,115.532540621091,338.939275575222,1.87714996148609,7.47596913833668,5.4746808946929,24.103126792172,4.62425712255103,2945.69687476312,90363.3811299756
28.1594724134881,0.20823464474737,1385.99462858232,249.116799769188,1569.94617517292,115.869451261523,339.593273786923,1.90051263516276,7.59589147694012,5.00147848828105,24.2966761449861,4.59435244787205,2953.69308645489,89616.775867498
28.1589906385059,0.208517631617083,1390.31136881554,250.452013532092,1575.06822323671,116.280517543637,340.411460383745,1.92527510770874,7.70853773224546,4.55419322567417,24.5115264809569,4.56435007264987,2963.4144397571,89107.2829433132
28.1704798762525,0.20862687691559,1395.27830458113,251.682696475695,1580.96496208768,116.742940428083,341.351232021859,1.9509240574076,7.8064423202008,4.14686364661505,24.7487497319538,4.53525605397587,2974.36448019776,89055.6327745469
28.1895092311354,0.208637047759794,1400.16757167548,252.769506747031,1586.79681497967,117.193643755384,342.264906238796,1.97748108414292,7.88324917385855,3.79399047124503,25.0000259540484,4.50847792283749,2985.06334930182,89175.1337901657
28.2103262193473,0.208626628121813,1404.05426947985,253.64260679152,1591.49848505229,117.554078310203,342.966764914365,2.00460338889293,7.93689071439171,3.50811268002101,25.250742028762,4.48520121431129,2993.61976492825,89322.2852864893
28.2274720172706,0.20864689151652,1406.38071369891,254.254270160016,1594.42600289083,117.777503183069,343.357697391304,2.03031249729671,7.96731884648234,3.29687902177695,25.4884895431118,4.4661904562216,2998.89597705282,89509.8832642936
28.2376679046982,0.208720172723214,1407.16872204164,254.616504670227,1595.6006371306,117.866456513381,343.467654652296,2.05127947109421,7.97537382789429,3.16230103121347,25.7078016051008,4.45165893811815,3000.95687989903,89784.9992613858
28.240237056884,0.208859752106383,1406.77234407938,254.79163734041,1595.42711528733,117.851719571493,343.404920933772,2.06379977454178,7.96266977634078,3.10607219661,25.9091298497665,4.44136299954549,3000.57335463049,90098.9526137538
28.2362975479757,0.209086317037013,1405.60818198066,254.866369157692,1594.38495861206,117.769600046996,343.30131569193,2.064474260124,7.93148639689975,3.1334834666487,26.0961019981638,4.43479285489218,2998.6681655871,90428.1940807154
28.2275904129221,0.20943657889276,1404.00630675972,254.930818535535,1592.85390098299,117.648711369392,343.272857995197,2.05103355166169,7.88159382154803,3.25267308101855,26.2730875803674,4.43174694012286,2995.99510453601,91060.8375397287
28.2163507514371,0.209979618127269,1401.95975580276,255.059347996925,1590.8207036266,117.487791066097,343.351134044352,2.02370931107421,7.80713499609644,3.47346490340486,26.4400816001174,4.43305083492066,2992.61054770903,92349.6229638784
28.2075833628895,0.210813525299965,1398.83276947582,255.281196648326,1587.54044216399,117.23156780755,343.388205690973,1.98796601500884,7.70450177622711,3.79514788933844,26.5837616277371,4.43994706662271,2987.24765346894,93873.8364688797
28.2104985255626,0.212042920807335,1393.62396496161,255.587664686331,1581.83865672135,116.793972677803,343.102181433769,1.95336580166709,7.57737132204689,4.19563272931499,26.6781590054896,4.45332940024058,2977.84055895048,95423.3739536203
28.2349342623433,0.213719090818536,1385.88038259835,255.994199377266,1573.16903856251,116.136110593784,342.318035415569,1.9275370195322,7.43303212111372,4.63871744577833,26.7005000416926,4.47336848169261,2963.42731860308,96841.5192514976
28.2871268406119,0.21579250013193,1376.26848136623,256.575459177542,1562.28358332659,115.315305487752,341.135091041867,1.91259661373488,7.28065192006728,5.08551297584299,26.6445879417729,4.49902561762996,2945.35485193606,97998.7434040407
28.3698931597887,0.2181340064164,1366.22290421831,257.423741048942,1550.84363891211,114.455087193699,339.859661081427,1.90596948135491,7.12746756064218,5.50205298733887,26.5218058754849,4.52855223582105,2926.56521927824,99034.1839705735
28.4847534362467,0.22058826383104,1356.98053140219,258.561473786077,1540.30975805266,113.662656422708,338.770978719644,1.90406511802275,6.97754570701314,5.86189070436247,26.3512320873257,4.56023731228061,2909.58721619131,99982.7514897615
28.6314234322603,0.223019134303112,1348.93502844765,259.904627194285,1531.17790414183,112.973716865969,337.954956727269,1.90516932125233,6.83541994952297,6.14696821023316,26.1492532441075,4.59249221615209,2895.18504309839,100662.345375162
28.8048325786056,0.225329470490869,1341.66681527586,261.280366241995,1522.99316573884,112.354702205285,337.301670046406,1.90983259900685,6.70765794614461,6.34805215482527,25.9282406661951,4.62369503001651,2882.40699568829,100920.642119762
28.9915780042962,0.227467517577556,1334.71428847438,262.543903019782,1515.22261962264,111.767181077487,336.693150280139,1.91858036390084,6.59844681807011,6.46800747744313,25.7012694220719,4.65252607025117,2870.21123784663,100988.817967496
29.1727819604957,0.229407530232698,1328.18857841402,263.675949566123,1507.96703899952,111.219803838718,336.154418038626,1.93022015763898,6.50793168201858,6.51903997011543,25.4827904171583,4.67815210346436,2858.7806445586,100941.963777012
29.3334033529183,0.231127046812167,1322.50825780525,264.728349290865,1501.68068356529,110.747128207514,335.783293329965,1.94298645251568,6.43604196903566,6.51201988476251,25.2842051747986,4.69993581216425,2848.9685196435,100693.193088657
29.4660624565797,0.232593425526682,1318.07884761187,265.74635550193,1496.81647146528,110.383221739669,335.669366190004,1.95559128026534,6.38397903492334,6.45095091436019,25.1128312030849,4.71728469275364,2841.60679347919,100182.833578076
29.5667945369304,0.233763470188036,1315.25902304264,266.741013469528,1493.78095908954,110.158361686711,335.888982641064,1.96701788026353,6.35183527485107,6.33593196392707,24.9744479484536,4.72984137772439,2837.41331398683,99587.3677160878
29.6316439289115,0.234591429716497,1314.30703275698,267.696209732622,1492.86564166535,110.094057654929,336.496216555463,1.97656237263919,6.33768975306302,6.16793083547537,24.8735964094285,4.73760024068816,2836.8849646901,98977.0838585797
29.6585794156826,0.235047889754968,1315.24003608294,268.582325092363,1494.08879524183,110.191526353002,337.488852574675,1.984415578101,6.3403016649206,5.94970217132907,24.8117091081783,4.74064568946612,2840.02865392399,98227.4162961294
29.6496450831527,0.235131714931257,1317.91529743131,269.379076569924,1497.29434897469,110.439004590042,338.827377794128,1.9914736330256,6.36020176142945,5.68430165828211,24.7882914401052,4.73893269449107,2846.54669492606,97237.0497943934
29.6110262302858,0.23487707458482,1322.28404641464,270.112456149632,1502.44567908266,110.833001501023,340.499322005278,1.99831813231491,6.39623595888697,5.37510556477532,24.8043428539927,4.73256964754567,2856.37820840299,96240.5208955792
29.5508298470475,0.234333003075653,1328.39019873752,270.844093535813,1509.6185427464,111.377735031828,342.518842090488,2.00534285578466,6.44439315498455,5.02667325032533,24.861875867556,4.72200951784593,2869.68304538405,95316.5271973487
29.4760894114707,0.233538984890243,1336.12270128581,271.606566435377,1518.70585312228,112.064069022658,344.860496109488,2.01386189892699,6.50168955972399,4.64447471074596,24.9601592994079,4.70772575016662,2886.28199303781,94279.9144726708
29.3918100891142,0.23251272241641,1345.24800388735,272.384816267071,1529.44870987008,112.872207693477,347.464019176978,2.02607609234439,6.56789094302136,4.23504436393448,25.0964065185711,4.68993128095369,2905.70054668304,92959.6784962613
29.3019931681588,0.231257455557683,1355.73348732867,273.169201988156,1541.80595930847,113.79840721916,350.318896898538,2.04345581353483,6.64090528478606,3.80998455763793,25.270830814837,4.66892882295949,2927.86010161386,91644.9262491516
29.2103804699898,0.229771405645191,1367.68741591817,273.963934173255,1555.89077690814,114.849915642335,353.450818771537,2.06650630453671,6.7152088034823,3.38600244548456,25.4867864893807,4.64531914696943,2952.96922416851,90438.4173249113
29.1198387543403,0.228071937848163,1380.44121631059,274.648358073048,1570.92953791059,115.968100623207,356.688812630401,2.09711123756347,6.78381939494935,2.98058851824125,25.7443502205552,4.62009487011213,2979.58136603141,89497.0144486153
29.0313978860099,0.226209271760411,1392.60839661814,275.010667807587,1585.32838435445,117.033334866281,359.682223456844,2.13819628230893,6.83830844734162,2.61016131063645,26.0357548762192,4.59490055304022,3004.73910123418,88978.3404713605
28.9436442521416,0.22424819477281,1403.01285791482,274.903094616663,1597.73012484138,117.943741842915,362.131670838484,2.19120231723394,6.87275085977954,2.28527581598476,26.3448144171812,4.57150744591388,3025.95149329307,88646.2091101952
28.8532043395371,0.222243058384182,1411.03202329109,274.270197850903,1607.40694912652,118.644651639507,363.874300815096,2.25566162581903,6.88542294083803,2.00829317957952,26.6512022671289,4.5513302974422,3041.90528483439,88385.1712722869
28.7566399662888,0.220225804213146,1416.68950498923,273.147794076843,1614.37105696639,119.136591417573,364.913483113223,2.32901191655981,6.87583714579237,1.77669729911637,26.9387512297298,4.5353690478958,3052.65859699173,88213.9280038343
28.6515090795646,0.21821027660235,1420.44752061043,271.630991732528,1619.14257175029,119.458069211016,365.36945746122,2.40728154870088,6.84371149146722,1.58560828476736,27.1990791659427,4.52414469199574,3059.20637897399,88181.0994295062
28.5351059096338,0.216197930145938,1422.8249110963,269.818437290398,1622.31728323797,119.653774054596,365.379670905691,2.48766534801401,6.78987542539659,1.42656950317047,27.4287118851557,4.51773442896144,3062.67299074241,88225.2199136405
28.4033221579322,0.21417974010493,1424.16812767379,267.777650558383,1624.30450370162,119.754946991327,365.037297562195,2.57118395963748,6.71558674847508,1.2877599314439,27.6254860744624,4.51607718466232,3063.82295382542,88312.718755735
28.2523343290601,0.212135465300624,1424.68875898245,265.548121141398,1625.36269826543,119.781508015459,364.398975643564,2.66266861484785,6.62226894565593,1.15756190166416,27.7880855293754,4.51904902716309,3063.13016512938,88226.1130862234
28.0821520978183,0.210029891616817,1424.69194188438,263.166552907982,1625.85415312891,119.760551143028,363.541661531046,2.76874463888619,6.51239758823993,1.02780000295574,27.918971412737,4.52618031034401,3061.24905430889,87715.2770583013
27.8998802966417,0.207823334089991,1424.81340931803,260.698487483559,1626.51216208529,119.745655647385,362.628101183696,2.89202519458676,6.38590531921107,0.898739541093432,28.0293313500374,4.53686848802666,3059.51422605802,87083.1880179081
27.7184379224101,0.20548552870125,1425.80387736896,258.214863232088,1628.19436715706,119.799208331034,361.853523626807,3.02739027740138,6.24093451690599,0.77768666833631,28.1369275704003,4.55037756414065,3059.4903371047,86479.0253496321
27.5502025355638,0.203011419268384,1428.02636922794,255.739911197574,1631.31000024987,119.951144386692,361.314991283666,3.16545761006001,6.07840856223374,0.671885048484449,28.2563442079536,4.56574852921758,3061.9228349308,85968.2707357745
27.4019718932153,0.200425093625969,1431.30929163799,253.246857378289,1635.65428119109,120.187026339175,360.975093435704,3.29696583321136,5.90220060081797,0.584652251966154,28.3931276992476,4.58211300150236,3066.44238153575,85599.3612694574
27.2741990190781,0.197763498586372,1435.12433684218,250.680623444503,1640.61570490447,120.463043434485,360.707768704565,3.41685624364175,5.71756292439147,0.514752261401784,28.544168257969,4.59890181126341,3071.94366701219,85300.7283390257
27.1631437988107,0.195059474291286,1438.87744448695,247.986675632528,1645.51139291995,120.730148941536,360.371762096754,3.52545891585232,5.52888085899411,0.458369082226619,28.7017293258455,4.61593960124326,3077.19416468794,85028.9458086645
27.0640054619168,0.192333647800748,1442.16910351197,245.13631713512,1649.88414959471,120.955540500748,359.875061364526,3.62571652457413,5.33822976945245,0.411644987918934,28.8584139720413,4.63336223786684,3081.37479315032,84786.6088137108
26.9732927037115,0.1895945593689,1444.86820496293,242.13090349581,1653.58461142397,121.128696583291,359.191356844455,3.72031050326146,5.14591960763951,0.371841744578222,29.009696581639,4.6513894915444,3084.22800889706,84592.5536014132
26.8900737686714,0.186842131529155,1447.01622699384,238.986834325799,1656.65958560869,121.253355112152,358.334508625514,3.81089986794456,4.95188348468061,0.337207023638603,29.1534384810276,4.67015450309167,3085.85122188143,84424.4329538214
26.8159347951669,0.184071790682175,1448.71009560815,235.720894361323,1659.21740570577,121.337752795124,357.329571969379,3.89849725735533,4.75636859115578,0.306598592637089,29.2885443741144,4.6896842732643,3086.45008496937,84268.734442242
26.7535016261473,0.181277178610178,1450.05378522377,232.347172669444,1661.37369920437,121.390668389605,356.201997711898,3.98398828894872,4.56011155326074,0.279151052197429,29.4144370137916,4.70990847782439,3086.24082847087,84060.0863407977
26.7048045978824,0.178451043148705,1451.17339473463,228.881580885792,1663.27081638264,121.42275738857,354.982240769796,4.06862757558835,4.3642900981489,0.25406330493998,29.5315838214712,4.7306407855401,3085.48648024964,83710.8561542044
26.6704777339063,0.175588394249969,1452.27470987176,225.351851610257,1665.14584870975,121.451373920372,353.72187307618,4.15267821578272,4.16955354829763,0.230976731450862,29.6429668736568,4.75162873696943,3084.62301208406,83312.7446357993
26.6497997937244,0.172688504624362,1453.61495477173,221.795253237778,1667.29845183492,121.49822664249,352.48684184376,4.23465861292606,3.97598576014069,0.209996529124265,29.7538395324781,4.77256802964686,3084.20120034449,82926.5482232865
26.6411446191258,0.169756596025745,1455.35292277691,218.239369386948,1669.91593898682,121.576824307315,351.319234250854,4.31251519227861,3.78411731756567,0.191365196442035,29.8687477532718,4.79313030044654,3084.56750026101,82571.648200203
26.6425258800526,0.166803447247655,1457.46718526957,214.691213813767,1672.97605882463,121.685654182264,350.217069889954,4.38431984320741,3.5954337885841,0.17531411407407,29.9892966251154,4.81301819199058,3085.68842090001,82253.1217795648
26.6519729262344,0.163841811128112,1459.8014836654,211.141135987946,1676.29777834319,121.812099576203,349.145599970324,4.44809281167709,3.41260493781313,0.162102622718812,30.1141762559076,4.83192880397513,3087.24370747948,81965.6259210329
26.6677002999337,0.160882374959953,1462.16184731709,207.573333261399,1679.65369620509,121.94068128497,348.060781209407,4.50189922480136,3.23951504095534,0.151871754204758,30.2405086432938,4.8494694697251,3088.83016032913,81704.4024865882
26.6882411720834,0.157934390941363,1464.39085489089,203.976576680119,1682.85731691064,122.059164431787,346.92838316197,4.54389418238534,3.080051199151,0.144661159705656,30.365203332601,4.86524857516611,3090.12120433094,81628.2761217259
26.7123982496315,0.155012643165144,1466.32266535415,200.344339077878,1685.71316012164,122.154761687352,345.715553886626,4.57016721932583,2.9373570998721,0.141113549920894,30.4841736368541,4.87902040598975,3090.77968280282,82022.5731057964
26.7386185238196,0.152141490009132,1467.55793138378,196.654165054123,1687.75975441141,122.195863996572,344.335771695386,4.57385972581911,2.81769470051211,0.142903241950531,30.5876934413739,4.89040767098614,3089.9918212272,82689.6639202865
26.7644337138735,0.149353881831563,1467.38691696974,192.860278331839,1688.18131163643,122.126328534584,342.632702765577,4.54717614226554,2.73391530388382,0.15225885475208,30.6586492700221,4.89851757371024,3086.30937593541,83441.1083437898
26.7870018589917,0.146682078326356,1465.18766201208,188.933102134445,1686.26306466664,121.898298674228,340.481895186659,4.48423105168906,2.70109519349744,0.171647222713088,30.6794056028979,4.9021739332784,3078.47997798236,84445.4926306058
26.8039569729684,0.144164475610265,1460.69879637504,184.884582307009,1681.70252901975,121.494262901922,337.862385419233,4.37405332817135,2.73216858864787,0.207303551204613,30.6368067018488,4.90025991279765,3066.0148562099,86095.4581563698
26.8133682885814,0.141865334866102,1453.71294692077,180.735981034631,1674.25554411426,120.903184821326,334.800878636186,4.18586483108791,2.84742509903126,0.277915235189162,30.5178619524069,4.89065042297626,3048.55986051352,88087.9343468531
26.8133907902681,0.139885828607912,1443.8982267849,176.5008998196,1663.52632022832,120.107064119328,331.356145492993,3.87749033832336,3.08173979585693,0.423480662386277,30.3073306137669,4.86938222909501,3025.53765110469,90180.6029016347
26.8025868503177,0.138340680189453,1431.08285363056,172.209526190801,1649.29499520913,119.097890320344,327.665005108126,3.44436991347682,3.45488313151273,0.713585464212182,29.9945576762708,4.83449494679399,2996.71823704957,92477.7453259982
26.7808695920384,0.137329511981981,1415.51795972552,167.970072218875,1631.83308063117,117.887751956153,323.921464410626,2.9616940235526,3.92507222929055,1.2522033016003,29.5778013063524,4.79230224792396,2962.74376214681,95180.5008549649
26.751517608651,0.136941595121788,1397.809077578,164.096647443786,1611.83323466808,116.500522511134,320.283348270688,2.5554695750127,4.3884170055769,2.14108259515314,29.061503144655,4.75748544295375,2925.04591129716,98020.3547938652
26.7220325541825,0.137361540416916,1378.56708869696,161.126183109892,1590.00245352928,114.958971446175,316.790665853907,2.29453179462288,4.7484801070308,3.39764133191087,28.4559161565725,4.74309595839312,2885.16856364338,100832.15938157
26.7007557610756,0.138795732664001,1358.43768746082,159.564352912754,1567.09205368215,113.307184246201,313.43157239112,2.15836943401496,4.98253521573089,4.91632302655801,27.7849311092217,4.7506978474363,2844.68640426671,102661.411763701
26.6933327823612,0.141075518624898,1339.01453023103,159.625693758444,1544.94906048953,111.688640376268,310.388710476854,2.09979313645079,5.13399479561092,6.50996767524949,27.0954286054256,4.77106218656728,2806.86338555507,102753.390632593
26.7036584975752,0.143825147389114,1322.9011433737,161.182450028922,1526.57431927635,110.337205334296,308.083112693124,2.07925389438154,5.25332389177215,7.99703161834076,26.4512605962429,4.79305043600983,2776.73160954538,102277.916537793
26.7354718219864,0.14686963134468,1311.7218459334,163.871263651958,1513.82407076674,109.399377920808,306.751734060535,2.07179648701242,5.36782247018074,9.26083112159765,25.9053349486723,4.80958189328557,2757.18874919869,101573.691470245
26.7904648513814,0.150121836546692,1305.45216246905,167.322188345161,1506.65474018556,108.876653240345,306.327030355283,2.06555841996736,5.48897874088526,10.2602231395842,25.4768512759389,4.81793351934071,2747.86073081846,100824.934874836
26.8667922252544,0.153476142415715,1303.23819023849,171.274986392812,1504.07993928131,108.696550023077,306.624140500303,2.0564049131005,5.61775723183504,11.0104338835279,25.1561723598088,4.81863925772839,2746.84450079286,100173.714510563
26.9590654640288,0.156775432312878,1304.04091357291,175.477469206047,1504.91581192229,108.77109815021,307.434957000366,2.04418690962816,5.75278205520066,11.5446665329689,24.9212715502413,4.8132474077939,2751.89778781925,99470.5542702618
27.0601118324067,0.159841525994624,1306.95267481733,179.6377718083,1508.13930179536,109.025278586798,308.561575988386,2.03008422559235,5.89492863733292,11.890344908353,24.7501986027824,4.8028923954111,2761.01018756808,98708.7673490546
27.1639979773008,0.162538428355076,1311.40839155848,183.537528400365,1513.12066650933,109.413376279712,309.867351048127,2.01511723259405,6.04688435798461,12.0646755288825,24.6283243306037,4.78798436817407,2772.90191206423,97807.3074850115
27.2665109255228,0.16481166206503,1317.19088925233,187.095384863947,1519.62639582044,109.918551042029,311.297077562225,1.99969944141622,6.21238198447916,12.0789971624098,24.549840445332,4.76829620177565,2787.08975990258,96708.1912807948
27.3626478166823,0.166674649206968,1324.35847210517,190.344302671213,1527.73983449787,110.546776116299,312.881940869995,1.9833248256117,6.39212653016654,11.9486125500251,24.5161904649211,4.74366663016009,2803.74156193851,95629.3614666808
27.4460209839553,0.168172727092553,1333.03067137871,193.365042171791,1537.61455625605,111.30898291582,314.688371323649,1.9652324000016,6.5829030229978,11.6962600181402,24.5312443317997,4.7143910004753,2823.19598906483,94650.5227063105
27.511902584676,0.16936567728745,1343.11168696437,196.221890810822,1549.14887815441,112.197450645226,316.73074237428,1.94536159854729,6.78069749564636,11.3473566876251,24.5950347755995,4.68109940627299,2845.33916477438,93800.9885204342
27.5594251960728,0.170313687109191,1354.0578706731,198.913553366112,1561.71548734394,113.165944240519,318.901910607818,1.92494917686361,6.98200620384585,10.925020227785,24.7016488534666,4.64466680284764,2869.08957546975,93094.8940507653
27.5916040565641,0.171062173185211,1364.57502587924,201.318498956169,1573.81837157432,114.104585324029,320.899139027272,1.90750895147037,7.18462363278106,10.4463533803391,24.8401649878242,4.60604222773515,2891.75300274841,92502.657343325
27.6136561300256,0.171635127525366,1373.4881348501,203.306389601588,1584.10296141954,114.913270721348,322.432188718185,1.89655045153185,7.38754309844002,9.922223700744,24.9976241717511,4.56610012718532,2910.86212141846,92005.7457635504
27.6304283005973,0.17204025337306,1380.43646604027,204.837309943439,1592.15657578545,115.56042783291,323.398365640891,1.8933836050058,7.59005982741368,9.36072718708922,25.1630366833252,4.52555663879567,2925.65347299346,91564.9624410869
27.6451486122991,0.172278537940467,1385.69723396402,205.94889019999,1598.29921006432,116.068402419203,323.851992231321,1.89755258912309,7.79144325395691,8.77007862916316,25.3293311568143,4.4849226387217,2936.7050460611,91140.7190646285
27.66023071593,0.172354072868793,1389.79860284273,206.715158897497,1603.13137501986,116.480692761414,323.917182012994,1.90788926488649,7.99032239234306,8.15941037394699,25.4933165293427,4.44459796872228,2945.12476221664,90761.9003428607
27.6782011909999,0.172277742357999,1393.23095465097,207.213056385847,1607.20137421636,116.837476200202,323.717412652948,1.92335745741234,8.18460576756359,7.53812025483402,25.6542142426718,4.40496116212516,2951.94386249732,90436.088944464
27.7011782979441,0.172062376947186,1396.2975775813,207.49792540409,1610.84183540175,117.163332546909,323.335513375092,1.94356613978736,8.37267719036045,6.91470491226318,25.8116612251272,4.36630681278098,2957.80375084214,90099.8536226309
27.7298844646785,0.171715869608924,1399.1429277624,207.599325438376,1614.21069648598,117.469966112257,322.817244288434,1.96875058209302,8.55406297103496,6.29617975279029,25.9653643136063,4.32876511175323,2963.01567233509,89682.6067761782
27.7630402902123,0.171242050641132,1401.88812291919,207.53916932202,1617.44968770154,117.767549580074,322.204277617953,1.99926218828084,8.72775001051658,5.68955696904225,26.1166180730841,4.29244885808466,2967.84914172243,89264.1313298429
27.7978262807376,0.170645964545766,1404.66909478994,207.343331478605,1620.72433400566,118.067651198401,321.543482280252,2.03540000116576,8.89131175452972,5.10277615359576,26.2684315354457,4.25756851401002,2972.61362080111,88879.3418915053
27.8314123857624,0.169941332647404,1407.54303641119,207.036033040244,1624.10867038384,118.374819713122,320.862976347311,2.07755011658338,9.04078971562689,4.54444835937022,26.4232064251017,4.22458086554926,2977.45803095498,88650.9326970572
27.8621311130206,0.169157316539104,1410.39687174886,206.634802116794,1627.47381726203,118.678342320217,320.151199391964,2.12620596520241,9.16983062209066,4.02417060715916,26.5801244374164,4.19446253468787,2982.17766984422,88721.1001807859
27.8895420699882,0.168335853761981,1412.86985021523,206.140103037755,1630.39811264133,118.946100977464,319.340933348049,2.1823000443861,9.27264180201542,3.55018285082418,26.7328368323079,4.16843801729125,2986.05206539482,88910.0385160871
27.9138451452966,0.167522213782359,1414.46949804868,205.538347012963,1632.30487063193,119.13491258406,318.337800688197,2.24684770418639,9.34575398496008,3.12740250496935,26.8710143342342,4.14764634348822,2988.0850876128,89123.5188233289
27.9353364114656,0.166749880096152,1414.90869414964,204.827270944058,1632.85654078666,119.219204417539,317.094554289853,2.31978367086808,9.38676990150939,2.75786764315951,26.9861147539263,4.13296963841976,2987.70332881892,89339.0390701165
27.9539302500163,0.166036204555368,1414.27243123606,204.031555573638,1632.14755840497,119.205141130161,315.648310465606,2.39903822277061,9.39424078662615,2.44306702305286,27.0753219418116,4.12481627488812,2985.10219031844,89551.0399891581
27.9683329424324,0.165394605538783,1412.90670353983,203.200873033272,1630.56905395401,119.120955851324,314.108888838583,2.47899148488079,9.36766766978745,2.1901395690092,27.1423141050215,4.12309699969265,2981.02312772606,89765.0929154451
27.9758112659041,0.164848848099685,1411.24647073206,202.400483055753,1628.60643687775,119.002694134907,312.627071382782,2.54889530718425,9.30903891506633,2.01253068058675,27.1955073137615,4.12711480634389,2976.40279041672,89983.135937848
27.9735517261725,0.164429877856021,1409.60254436318,201.685494243161,1626.6003706809,118.876982903416,311.327453435869,2.59584833476964,9.22423736273123,1.92058554906354,27.2440022894351,4.13556070333777,2971.92211995798,90288.4409576127
27.9606686995689,0.16416942858901,1408.00174602328,201.086033656371,1624.57135274139,118.747491216648,310.249240198629,2.61182805242686,9.12109471434001,1.91441342004928,27.2930293990692,4.14701937307296,2967.66915057465,90778.3745526525
27.9403934356919,0.164104165579012,1406.21550528593,200.625939525338,1622.26046507391,118.596884264366,309.337904895428,2.59919115151414,9.00751218593449,1.98134535675243,27.3405194199264,4.16043137079374,2963.20805534329,91327.1396645989
27.9202314106751,0.164275718609577,1403.89612709983,200.336865240545,1619.28763162277,118.397811496077,308.479460589251,2.56904817152024,8.88958519627846,2.09904195723555,27.3784461766203,4.17530099906229,2957.86537139533,91870.3501909671
27.9082935418147,0.164715953909155,1400.87255018683,200.263188499607,1615.4818563749,118.137349186674,307.591706265468,2.53305423307445,8.76972351005445,2.24514193025696,27.3990810022393,4.19163557476433,2951.33062876008,92475.1185097688
27.90891109941,0.165437222980808,1397.27636826844,200.454905442286,1611.01761124895,117.827656268303,306.674632689137,2.49784685804364,8.64733077381201,2.40455628188984,27.3985618907332,4.20966931853567,2943.90858973352,93227.0327113401
27.9196021749052,0.166429982481597,1393.23409927336,200.926342886536,1606.06719601582,117.480845321512,305.745105728717,2.46626076198008,8.52218548131457,2.56836270603351,27.3747605349899,4.22951220155486,2935.88155697602,93999.41078385
27.9317045232159,0.167666437633748,1388.66444203379,201.63766900031,1600.57433748864,117.092274968506,304.783117981384,2.43995860709105,8.3958546537261,2.72998677021785,27.3252580902816,4.25105545631034,2927.0916037954,94733.7576946515
27.9357386582289,0.169094521408382,1383.56698694508,202.534728287542,1594.57597379837,116.664450976899,303.783350933995,2.42019670114897,8.27260398154141,2.88168615899047,27.2495989098533,4.27370128218714,2917.53019963636,95156.1923431996
27.927564948146,0.170625661323071,1378.39853217886,203.58593929288,1588.61811902651,116.238041724933,302.824485743238,2.40744949676808,8.16072580063135,3.01236345862455,27.1540514190078,4.29588456808043,2908.09338952072,95014.4660928162
27.9126742914967,0.172156684699911,1374.1310539376,204.797517853575,1583.80634961696,115.894963207403,302.079306576929,2.39942153352448,8.06677249248925,3.11538772271842,27.0547400821991,4.31568804914943,2900.69114103675,94692.1064824184
27.9040465590144,0.173599395584433,1371.71271278521,206.183558430969,1581.1890501817,115.712692078003,301.708337313411,2.39206450838864,7.99318253787185,3.19334473384602,26.9716352316746,4.33153923061614,2897.15845230958,94333.4956197271
27.9139228551797,0.174917564322877,1371.36826047076,207.720762267536,1580.97814574803,115.707043249984,301.729752415968,2.3825681585133,7.93921120433917,3.25474492703871,26.917440513282,4.34276360625994,2897.86305169799,94151.2165282828
27.9487445084959,0.176136687910733,1372.55561012564,209.354296173574,1582.5208739385,115.829885112564,302.023100925854,2.37001408540726,7.89957078663881,3.31070705763821,26.8921033203688,4.35011103128327,2901.65189382184,94339.1078788571
28.0101280822029,0.177296316094627,1374.21374223783,210.982749949678,1584.59401432422,115.99162220625,302.370726544285,2.35629433466475,7.86938022404742,3.36606638382478,26.882764148722,4.35504393856998,2906.33676437343,94611.462800587
28.0974672062498,0.178408469790089,1375.22747239563,212.467406864269,1585.93435602258,116.100505765268,302.541038390405,2.34533342893881,7.84678182538476,3.41522408853071,26.8703090189701,4.35895926766557,2909.61445324927,94858.4534960895
28.2089011123422,0.179441998372437,1375.0446667014,213.701015049531,1585.93345206297,116.113042731999,302.41248843137,2.34067248123079,7.83276681931304,3.44603310825994,26.8407977913851,4.36253323965556,2910.32868601985,94829.1798701955
28.3409479342787,0.180328290229126,1373.95264886637,214.652261946363,1584.94135015563,116.055915190833,302.032036080644,2.3441407176983,7.83215376873852,3.44294282774019,26.7933257788855,4.36513177619116,2909.03997356529,94306.5984926905
28.4883844149676,0.18099242290479,1372.96947338053,215.37971464037,1584.1332648296,116.015256363761,301.604417108267,2.35487267759365,7.84721742449517,3.39332751975244,26.7417018571071,4.36562375921988,2907.81794154189,93662.261000912
28.6455318554141,0.181380412510763,1373.21996583291,215.981719891555,1584.79278103164,116.083949380801,301.366404973636,2.37085891514054,7.87487229487433,3.29156766424704,26.7060706967306,4.36327858333413,2908.96529381825,93038.9824705633
28.8080324277802,0.181480586816952,1375.103998946,216.502399286152,1587.36280870015,116.292935923202,301.405847786694,2.39177149582015,7.9104376711928,3.13962275999463,26.6998666687581,4.35800198750217,2913.29570278802,92461.764405515
28.9729280115826,0.181320865218893,1378.28477398955,216.924336759412,1591.44029620889,116.611377485539,301.654908657425,2.41908237061297,7.94912577887252,2.94613713726469,26.7250695040779,4.35039246859909,2920.11088042388,91935.8281386573
29.1365691299572,0.180945206350766,1382.13352008209,217.204986511062,1596.29219905815,116.984821877947,301.978548976926,2.45506463002669,7.98673808747738,2.72248314034905,26.775457985959,4.34143421052571,2928.11503463068,91452.6846068002
29.2936244887761,0.180392821848719,1386.09179417242,217.306822344243,1601.27190404947,117.365640469015,302.249965140821,2.50207151698913,8.01965713200568,2.47954314574029,26.8418790114227,4.3321843652678,2936.15808726712,91007.0222008348
29.4389483173084,0.179685512245721,1389.82341925718,217.207047724095,1605.99151729077,117.725271505656,302.387605919366,2.56258630825447,8.04560553334559,2.22580451187319,26.9163964123526,4.32343832633568,2943.54577017576,90415.4116117875
29.5690551486762,0.178821180603997,1393.29257068773,216.900089221129,1610.41094242097,118.060360616179,302.376858306771,2.63949108576253,8.06413221261879,1.96665831561642,26.9958425538214,4.31546882545713,2950.19905075304,89488.6128444114
29.6817043889654,0.177783388403545,1396.85654099819,216.416050725217,1614.94567347652,118.399896482273,302.295813935135,2.73469427093706,8.07206209385889,1.70829308714481,27.0853095645624,4.30846229191254,2956.85679474513,88496.3113610419
29.7752411861563,0.176558628680176,1401.05340618077,215.809746774081,1620.22106242314,118.787253480716,302.269027533617,2.84826396852916,8.06237684818135,1.45975845125057,27.1955336869292,4.30282183772502,2964.64237702462,87558.165769594
29.8490907157675,0.175153765208867,1406.14723269586,215.115159753296,1626.5442129983,119.242499061493,302.363712478056,2.97894676022469,8.02827763078417,1.23075615036346,27.3345974705265,4.29907394425052,2974.11513137639,86693.9740124556
29.9043380573821,0.17359739271606,1411.99022194788,214.328211435977,1633.74326832398,119.751401754508,302.557101664961,3.12380128017654,7.96540432994619,1.02894680876398,27.5037308692246,4.29779180122123,2984.97939037797,85903.092896828
29.9438698069993,0.171922183649255,1418.20086629184,213.416342968775,1641.3749234265,120.280922804676,302.773461890838,3.27860993501014,7.8724231915294,0.857193452748519,27.6986720408482,4.29942563370127,2996.44892411293,85179.3500964148
29.9718580957229,0.170149485888835,1424.38765273957,212.337610467058,1648.98483491984,120.79800214282,302.93207939456,3.43954885771739,7.75003857364857,0.71355972813199,27.9128980282115,4.30425463754557,3007.70999901371,84518.1651248017
29.9924482050883,0.168290893698679,1430.27434293657,211.061064247458,1656.25213848154,121.279682522469,302.975572176359,3.60362689420838,7.59972617329338,0.594206206792956,28.1401435821612,4.31242621057752,3018.18727276016,83913.2631941368
30.0085493245516,0.166356339694013,1435.72197973618,209.57691410067,1663.01370724652,121.714719439764,302.876146932051,3.76762459878552,7.42354201830104,0.495658772628089,28.3755254450297,4.32392282409911,3027.59503287023,83357.395716756
30.0211780872385,0.164357306713195,1440.69686584317,207.893715396699,1669.22631456331,122.100900706811,302.629051602883,3.92739535201829,7.22456500195713,0.415222148876783,28.6156379284787,4.33849425533522,3035.87054304917,82850.5378121372
30.0296264106923,0.162305329188973,1445.22365290822,206.029686668995,1674.91263170753,122.441143050902,302.242061429854,4.07848071672993,7.00703790543129,0.350497667147816,28.8581463935003,4.35566025929394,3043.07373989556,82391.4166525802
30.032504305974,0.160212321823506,1449.34370109886,204.007130391474,1680.11447364534,122.739906854448,301.727039588126,4.21688201797767,6.7755226220955,0.299214267267077,29.1013179926927,4.37485659769043,3049.3012876551,82052.5606283576
30.028555744761,0.158093849546458,1453.05894137913,201.848355145895,1684.82936263207,122.998380548163,301.08905688203,4.33895459334066,6.53403835779567,0.259492792737748,29.3430271290586,4.39561322295115,3054.57324233354,81952.6096181217
30.0162378170083,0.155969010184041,1456.23295681866,199.563904359038,1688.89723520983,123.206249669694,300.304855968434,4.44223399232721,6.28728246893795,0.229688021689546,29.578327777233,4.41752760804342,3058.62735439184,81989.4731387628
29.9929004621812,0.153856041049378,1458.5947884771,197.14817662639,1692.00544217496,123.342152700922,299.322934657294,4.52619280322948,6.04140896124203,0.20814905215904,29.7988019422542,4.44019533142019,3060.92361891972,82079.2476466932
29.9551967507186,0.151764350310911,1459.92223472778,194.593985875628,1693.90028482667,123.389000943355,298.101712896666,4.59251380238372,5.80249794453752,0.193026213069764,29.996004299464,4.46322331594138,3061.02046639993,82185.9968381063
29.9002149462617,0.149691498369485,1460.19872254844,191.908069703218,1694.56632432119,123.3467414326,296.641425092174,4.64510757348994,5.57464601734597,0.182315252547509,30.1648886126033,4.48630470774707,3058.89666115716,82293.4621075391
29.8258713910796,0.147627921175626,1459.62159725568,189.115345246183,1694.23241298295,123.232490835389,294.985397708306,4.68948492318768,5.35861757751951,0.1739854877764,30.3046380605619,4.50936872542708,3054.96704647092,82410.3687736219
29.7305546716384,0.145564025732723,1458.4858397638,186.250378651373,1693.23488770833,123.070451811937,293.196239085988,4.73152120409952,5.15163099642591,0.166325079075028,30.4172817901783,4.53269625618112,3049.84198108991,82543.5989569062
29.6131634340984,0.143494141325946,1457.07724886509,183.347653822214,1691.89610785852,122.883328556641,291.333779418452,4.77574667929871,4.94916652616038,0.158294321972787,30.5056967833893,4.55677947127615,3044.10923342549,82619.7370921223
29.4741497553699,0.141415150267477,1455.61751652774,180.433246290478,1690.46530952694,122.688513292637,289.443804197636,4.82460806910292,4.74748392173794,0.149545374949546,30.573125166341,4.58198821035916,3038.22291784968,82519.8462862625
29.317535738691,0.13932492539526,1454.31278921608,177.528194158272,1689.1786898418,122.502917785074,287.56901454109,4.87701637695817,4.54474389862737,0.140538417427211,30.6249365333512,4.60829370198288,3032.60764787639,82339.997490153
29.1514965232854,0.13722193606545,1453.4200598398,174.657526016071,1688.33731058461,122.348840602533,285.762150812264,4.92877219947969,4.34147629407838,0.132132081072946,30.6690950450256,4.63516383621667,3027.79863014537,82151.874652603
28.9855102528676,0.13510730249513,1453.11176290775,171.838866513812,1688.14715103234,122.242122970918,284.057967395628,4.9758613180192,4.14034062539938,0.124932263971629,30.7131298818257,4.66177882913846,3024.15959578746,81974.1341208146
28.8269524450716,0.132985819710303,1453.36698894426,169.072572393435,1688.58942914796,122.18233710495,282.452542573281,5.01630974215848,3.94480279024814,0.119124306378691,30.761375649416,4.68738839171299,3021.65542090505,81804.3881928799
28.6799573255891,0.130863428367906,1454.02377733569,166.345593223733,1689.47988083447,122.156830588625,280.915883525203,5.04980568162095,3.75790075683956,0.114663873388116,30.8148290202444,4.71150167962398,3019.95899781391,81639.9839042831
28.5462234808331,0.128744079224769,1454.88742649769,163.640158828937,1690.59483014721,122.149834786548,279.414439505998,5.07678867817474,3.58180818318342,0.111416219695022,30.8726216135801,4.73386501725968,3018.67457868168,81478.6009884626
28.4259259179988,0.126631216624237,1455.80209390215,160.942309200995,1691.75486557299,122.148613548905,277.924578365108,5.09704071804773,3.417448401129,0.109366822093648,30.9333169418583,4.7544313405022,3017.48708465549,81518.0567088537
28.3177834993625,0.124534469478561,1456.58214125976,158.241081136168,1692.74534665476,122.137984524275,276.418966066113,5.10710953177126,3.2648759242856,0.109174887187286,30.9935478772421,4.77336784181616,3016.02508883309,82123.6489389904
28.2186632882193,0.122471364275925,1456.7284961794,155.504009110829,1692.9864401308,122.0771556469,274.811759550706,5.10069199403667,3.12759398383835,0.112375298549203,31.0420629832241,4.79079673493952,3013.27790486394,83059.2008736546
28.1240693228038,0.120461365997388,1455.33106901519,152.662758751715,1691.41899571958,121.892248450391,272.944316539978,5.07128974408421,3.0159052146966,0.120848728661302,31.0574388312517,4.80646714123001,3007.39323524766,84086.3570711975
28.030232786452,0.118515496756389,1451.55260155416,149.651145504964,1687.06673525981,121.516585031568,270.683521734096,5.01423083286935,2.94271091442031,0.136517379483343,31.0168209750905,4.81984259550853,2996.67169594544,85376.4620082975
27.9361279001687,0.116647014194933,1445.03057308017,146.450284895848,1679.50304555225,120.923625527991,268.003935558284,4.91973575640742,2.91936315484319,0.164150212088815,30.9029563413687,4.83028878560676,2980.4027142243,87345.4426008588
27.8462734016851,0.114906383215486,1435.72099195216,143.106716371123,1668.66657698019,120.114943025362,264.980436243244,4.75953544801427,2.96400429227038,0.218051052714902,30.7007144441916,4.8361454073961,2958.57911441131,89655.5580310078
27.7735355310856,0.113410414339369,1423.52111259415,139.720294964455,1654.41738252543,119.089826447007,261.748268052257,4.49328862135684,3.10874363461384,0.327898362443739,30.3953035872696,4.83387923300514,2931.15277323254,92055.4741628428
27.735961582591,0.112315039971686,1408.31790529263,136.414645711165,1636.59673934561,117.844313361027,258.481971531423,4.10899202316089,3.3769499779808,0.542385431731584,29.9790145511845,4.82091369187045,2898.08937241545,94430.6103990447
27.746198882018,0.111780255186471,1390.62859746414,133.374151979076,1615.78795951994,116.415557833109,255.413381212324,3.65849581943081,3.74620340825874,0.927179737860157,29.4565288400218,4.80047545545967,2860.61453674434,96705.0557584615
27.7972458329346,0.112002115642575,1371.92563503005,130.967258273149,1593.70310037159,114.905920881102,252.806035948302,3.24298112516582,4.14175558616212,1.53856982193355,28.8443411446515,4.78239706323619,2821.90560167195,98916.7516120822
27.8600123200372,0.113235050245788,1353.76470297044,129.711468726229,1572.16307935004,113.421199057505,250.806314734213,2.93646515018273,4.4818308280881,2.37926479742982,28.1676267697548,4.77675678450739,2785.34513452713,101037.679371597
27.9017704773858,0.115651226926349,1336.87757245732,129.991952939119,1552.03526883405,112.011159684997,249.367912190578,2.74338861069852,4.73028838259355,3.38455210256504,27.4579621547839,4.78656602820696,2752.5711248391,102653.570620805
27.9080621343636,0.119083131282516,1321.68124361949,131.859565965392,1533.81814379881,110.715833780522,248.40517060123,2.63264131071641,4.90121805896761,4.44979263414148,26.7517737064196,4.80733608702706,2724.36933124019,103419.994827316
27.8936512723748,0.12309643539729,1309.01772565391,135.036654363839,1518.4857915046,109.618324182868,247.922430386729,2.5718313065588,5.02644897196951,5.46655474360216,26.0854413853062,4.83206306187781,2702.12054455943,103783.760090522
27.8911071652886,0.127379516280841,1299.25007141766,139.046748100208,1506.43587325778,108.759567271458,247.848298307143,2.53872583136938,5.13215995949556,6.34881379419083,25.4845220210233,4.85525342692547,2686.0932647279,103883.540267364
27.9255527219588,0.131721550622514,1291.92151468862,143.441407318733,1497.12095202047,108.107353119044,248.007648956826,2.52201324502609,5.23900102179847,7.04534222197804,24.9584676632827,4.87331235279338,2674.98028144785,103259.230493559
28.0002867670908,0.135920439974005,1286.83976554845,147.93083572706,1490.33582668329,107.64955429554,248.335399574761,2.51550546688048,5.36456204353522,7.53514818174363,24.511603045051,4.88354420695594,2668.18484621506,101636.797056046
28.0978246064751,0.139810960431942,1284.78479394739,152.362663898597,1487.04210267128,107.455200956444,249.002072027072,2.51181589852591,5.51600085435194,7.82372658413315,24.1555470930376,4.88438556284188,2667.21079578667,99804.5913335912
28.1931527142414,0.14323056529484,1286.86205610994,156.663795121667,1488.58676601971,107.620018239729,250.264236930416,2.50368183370567,5.69115434361061,7.93341086775266,23.9042672131542,4.87545039472796,2674.28925732566,98011.2433953393
28.2684412607292,0.146085037639279,1293.43699690879,160.808642923719,1495.43037706947,108.175770300168,252.233361114878,2.48773762972981,5.88644741823416,7.89024458165369,23.7611192077116,4.85712385666718,2690.18657957957,96353.9759539942
28.3180485808524,0.148397963785811,1303.99176482988,164.802669657645,1506.97441823788,109.077708244875,254.839856282352,2.46451005184667,6.09771542894367,7.71926765647971,23.7165758333187,4.8305807452716,2713.89571770769,94893.1942650999
28.3463062888151,0.150254309328092,1317.52823135068,168.646221511855,1522.04533403839,110.239740603437,257.906223181906,2.43688760795708,6.32121368903844,7.4414897331006,23.7536443707459,4.79733988199599,2743.42419092524,93574.0314436858
28.36234639363,0.1517420302923,1332.78744228964,172.293952696001,1539.16564376438,111.554075136315,261.191639502462,2.40890090751545,6.55403651849179,7.07394459199517,23.8537664030815,4.75887726201951,2776.21759800059,92379.8209072815
28.3743571359553,0.152928801881094,1347.8843552096,175.595996959945,1556.13865953589,112.860754708181,264.329755372189,2.38664242706717,6.79376271715794,6.63215544695962,24.0003486410446,4.71649045453533,2808.40170625475,91231.3843056395
28.386476673177,0.153856408087354,1361.21894103312,178.404320586323,1571.10426916396,114.024112261137,267.007296488076,2.37592070032521,7.03867570429474,6.13145373242785,24.1804233378799,4.67118078042175,2836.67519076774,90049.9964158737
28.398309338356,0.154543210078303,1372.40606809905,180.687561202579,1583.61182979857,115.01061474393,269.146621122535,2.37895815835315,7.28610362813959,5.58829641160646,24.3865421580058,4.62377844047496,2860.24188468731,88948.3292933686
28.4065261806023,0.154994288248807,1381.93291456092,182.506767967346,1594.21997689651,115.859871835592,270.842797412897,2.39542772256514,7.53170158608432,5.02041531156168,24.6157880070125,4.57509940529729,2880.11028845428,87967.9711705473
28.4077465844815,0.155222389047825,1390.4301879326,183.950220417133,1603.65193337371,116.623105949883,272.224774003357,2.42460800124284,7.76899845651096,4.44623917701738,24.8659392733246,4.52622829275316,2897.59640781975,87276.3653103513
28.4007137018673,0.155263664076856,1398.21369599942,185.095468980952,1612.26352677071,117.324067087778,273.367499479193,2.46653950296132,7.98791199737789,3.88486527050045,25.1317422079341,4.47893833859005,2913.38301512238,87074.8053674982
28.3875733493703,0.155170395100283,1405.07112529253,185.978001968685,1619.79561481298,117.94129185739,274.242967576697,2.52326016489858,8.17882851425886,3.3510516322861,25.4007308393966,4.43535514141966,2927.06726394037,87103.622908692
28.3737134342334,0.154991873006126,1410.44416936728,186.587852204983,1625.58723811998,118.423847240856,274.749079905454,2.5988327592734,8.33492873399819,2.85186602070379,25.6539130847556,4.39758750791109,2937.5187780649,87216.5182750967
28.3652935609347,0.154748648349871,1413.94429717478,186.90285606989,1629.1788236432,118.735446004377,274.809780388778,2.69821394299549,8.45086806271122,2.38937807365341,25.8736983537456,4.36745516570926,2943.93609368818,87213.94667735
28.3660247452468,0.154422006032314,1415.71833907797,186.920678087069,1630.74117699444,118.886217579697,274.448843456104,2.82629576932398,8.52318777775922,1.96471153274714,26.0515797868391,4.34599295849943,2946.605250679,86883.6301992251
28.3745166244416,0.153975183414742,1416.52519997109,186.687532497118,1631.16478454032,118.939198745028,273.814269305646,2.98500897432012,8.54707267425342,1.5846806966835,26.1925072996208,4.33365512972377,2947.08000734848,86460.2511777414
28.3845173416311,0.153384573889562,1417.40323498542,186.291728499594,1631.66863516663,118.982125272201,273.118607753623,3.16948080215557,8.51697337193214,1.26180855327979,26.3112657412971,4.33042607063759,2947.51297501111,86066.352471029
28.3886701438883,0.152660074635955,1419.02482217548,185.807765980178,1633.04415074277,119.073066073888,272.509447536337,3.36675734865769,8.43280930142184,1.00548929986968,26.422506943599,4.3355055806692,2949.32002808034,85730.349671237
28.382247230422,0.151839911377686,1421.44562758793,185.265256822034,1635.36066679962,119.219257621218,272.016764951966,3.55811897748711,8.30288989378338,0.815869707522756,26.5345212259076,4.34724352069077,2952.65226877915,85457.6093589839
28.3649670371081,0.150967378423156,1424.33466828589,184.658643381548,1638.23482626612,119.396527872285,271.597056257415,3.72427353200455,8.14267419097737,0.685532015254772,26.6494280765786,4.36330683677723,2956.86316666406,85225.5297482011
28.340478749967,0.150073310658505,1427.28137284287,183.967442804101,1641.1912217752,119.574973067635,271.192572182993,3.85026494435127,7.97136947710377,0.604204692769472,26.7663817691363,4.38098519380438,2961.138452408,85018.5845156481
28.3138074626538,0.149177201277783,1429.9894607721,183.178882139634,1643.88729607774,119.734200858916,270.76609226827,3.92820099409615,7.8062600121416,0.562008292480699,26.8842671088664,4.39784014419413,2964.89623099942,85064.0387396164
28.2891975897776,0.148309796667482,1432.21851676968,182.302232045081,1646.04099332226,119.857075635716,270.292406472408,3.95490911239252,7.65799032201538,0.553130555719025,27.0007744115045,4.41243294818059,2967.67781590866,85710.889588758
28.2704291238987,0.147535254358023,1433.44518489786,181.354306731731,1647.03493777849,119.901283932274,269.70332723115,3.92915206308681,7.5344363155438,0.577688099181417,27.1069106408656,4.42413166619415,2968.46663828431,86633.4226092732
28.2620890919101,0.146948194934036,1432.80973091402,180.347063828569,1645.857563089,119.795818430053,268.884413573154,3.85138825809604,7.44439469161197,0.640950741573341,27.1862870380683,4.43265119682754,2965.58057413857,87603.6441337977
28.2690112585434,0.14662078408924,1429.70453536073,179.30103868054,1641.79392472765,119.490928403648,267.771571947936,3.72868933611911,7.39477359639848,0.748897678701059,27.2243970180814,4.43789001496744,2957.85029485155,88381.7370066624
28.2944712782987,0.146553365859037,1424.40387310709,178.268998089705,1635.16043422927,119.010255233466,266.439181348227,3.57941463326192,7.38669846573795,0.90185323751201,27.2181602344465,4.43990116909753,2945.87278072447,88734.139432016
28.3392240778161,0.146691454306485,1418.2752209385,177.374813182852,1627.54214239511,118.466863292156,265.120992270606,3.42652584024858,7.41220202784499,1.09065158254362,27.1794604284932,4.43912311948098,2932.44021042867,88920.904460882
28.402211182164,0.146977771279692,1412.98986409998,176.774076039141,1620.87091849013,117.99684385694,264.073495809405,3.28749606882699,7.45741306244278,1.2983228179557,27.1288877855478,4.43629034846842,2920.94399853127,89078.966077781
28.4817306693925,0.147390039697252,1409.36619720896,176.552064855015,1616.08863866003,117.664535274532,263.394752461402,3.16994241028886,7.51002715763698,1.50825862076828,27.083881441646,4.43209681349122,2913.0293136143,89325.4516402354
28.5754139308229,0.147943844067638,1407.22887349357,176.707311936505,1612.98777168917,117.452694135334,263.023963526741,3.07288906380269,7.56240507792643,1.71258171819828,27.0515471106209,4.42719118207858,2908.32405960572,89770.1802502277
28.6778420301629,0.148663545819641,1405.82868409562,177.173217082864,1610.70210293359,117.298731825234,262.814957913457,2.99210803233008,7.61257253296256,1.91264647562555,27.0277962923376,4.42207667908895,2905.28996500804,90271.5696875715
28.7792276530204,0.149554685686451,1404.31514755747,177.846023070386,1608.25631713816,117.134047557635,262.607016342461,2.92385340384801,7.66288087433948,2.1142633298605,27.0017478412696,4.41702895375733,2902.17230590246,90751.376854219
28.8690969086189,0.150603800152229,1402.19262186701,178.640656903832,1605.08857409561,116.920254099947,262.304314788542,2.86503087441189,7.7150898392685,2.32394291817103,26.9632802136307,4.41235555954246,2897.93610913426,91325.4422019374
28.9425636601934,0.151798870829368,1399.39998212329,179.526992455578,1601.13600141949,116.653940633183,261.89445852964,2.81286698922517,7.76708334145937,2.5475122905072,26.9062090920712,4.40869077140516,2892.44568922115,92146.2950127973
29.0070856690661,0.15313811867164,1395.95280421864,180.502962465202,1596.42305046453,116.336703940404,261.380772097567,2.76646351289849,7.8156865214314,2.78615606208886,26.8251376890172,4.4067871325878,2885.73670057865,93009.0750685966
29.0827851891467,0.154622794731191,1391.72064794651,181.555504531192,1590.80946874984,115.957364889219,260.736254605686,2.72716806938979,7.85917479939023,3.03355858402513,26.7138652376941,4.40724583113589,2877.5485561901,93820.1328265016
29.1909631465878,0.156225829981939,1386.70920167524,182.660439043822,1584.31559059931,115.516679874105,259.950624070364,2.69722755496416,7.89981263286063,3.27493174665329,26.5697610087602,4.40989955909374,2867.88024642032,94192.0783292714
29.3404587274632,0.15786203313001,1381.52542593132,183.803052643337,1577.6542260664,115.06712666948,259.114256403219,2.67794341542115,7.9464949447663,3.48682718520312,26.4010488918637,4.41302300850764,2857.92123108318,93767.5187049615
29.5214148353777,0.159411098119454,1377.51529376911,185.011105946958,1572.37907206677,114.722852368309,258.459364946301,2.66641324624645,8.00600365742009,3.64967589096739,26.2314921889041,4.41430210974622,2850.34719759867,93109.3289622024
29.7121093296158,0.160766118860903,1375.97649585608,186.323618601751,1569.97491904541,114.592522057349,258.225370160559,2.65746584818387,8.07871518932052,3.7573567731129,26.0914495528644,4.41196118630197,2847.74321576397,92436.410753123
29.8926709430299,0.161878051642668,1377.20752752303,187.724251525771,1570.77253518366,114.700365017519,258.475761640927,2.64832936112148,8.16397491140304,3.81340757799659,26.0012689402089,4.40495770812232,2850.6795634962,91724.4269364762
30.0522629119067,0.162753710018995,1380.62708190871,189.148629953751,1574.09723646084,114.996893289556,259.110007242407,2.6392382069026,8.26184772862684,3.8239750344464,25.9659237049605,4.39302717889242,2857.95774437261,90919.8589173162
30.187393992076,0.163419306761376,1385.42182482255,190.522667061924,1579.02372347834,115.413662441089,259.976174307075,2.63196766712533,8.37198977322909,3.7912470058478,25.9809676109107,4.37648336213017,2867.92368551589,90103.6908551826
30.2977253885288,0.16389278245981,1390.96596662211,191.78797115766,1584.8568211736,115.898384737083,260.948618581336,2.62874960192364,8.4928576655848,3.71254821959273,26.0394388972403,4.35593364259678,2879.31389401439,89312.6345905295
30.3841684063774,0.164182835894966,1396.85645733846,192.905168351997,1591.15702882181,116.417356190979,261.940773541927,2.63176706889594,8.62224603575303,3.58524699532088,26.1346930089762,4.33205693541819,2891.31729625335,88535.1379137021
30.4486094908393,0.164294519508216,1402.8452371535,193.849244374812,1597.65040901731,116.949340431005,262.897972210055,2.64284350089373,8.7575994751181,3.4108304189296,26.2610836396628,4.30553247539692,2903.42974645896,87752.6927444488
30.4939174408335,0.164228858776186,1408.80792003248,194.60350684636,1604.18962555486,117.482829490113,263.792355453086,2.6633723363122,8.8957437895277,3.19511657057899,26.414266172863,4.27706058626152,2915.38530419121,87000.1398306539
30.523616724794,0.163982885063642,1414.70227200011,195.155446725777,1610.71098305051,118.012701889739,264.613620230504,2.69459084643528,9.03273762480872,2.94659992039381,26.5909030432572,4.24739729785058,2927.07462164069,86296.579991092
30.541144809261,0.163560498121775,1420.49752644774,195.500621758396,1617.16154544228,118.534374236407,265.356506196677,2.73758082644661,9.16299418083301,2.67624680144619,26.787760097901,4.21752889792955,2938.41622876689,85770.526977967
30.5491150681737,0.162984060799626,1426.08218757621,195.644916363276,1623.39929869629,119.036091381991,266.005571199497,2.79290958402417,9.27820145827283,2.39799117271731,27.0000918358791,4.18891564218016,2949.18282409195,85586.9853624153
30.5486622681168,0.162288640601654,1431.12668106785,195.583137088876,1629.0389278628,119.488107931836,266.507021474298,2.86130818161327,9.37047890513886,2.12490862831939,27.218518777227,4.16322641740541,2958.71628710706,85575.1615772808
30.5392054000639,0.161508241594497,1435.13720721229,195.288511095573,1633.51384500689,119.847652888494,266.775250207556,2.94394527307995,9.43406012111994,1.86583156758522,27.4289482797845,4.14210160360537,2966.02461785943,85680.6026957221
30.5189280823874,0.160663011752211,1437.74016422648,194.734493089935,1636.39931176221,120.082558635337,266.744609841887,3.04169595624666,9.46420086630062,1.62556424207287,27.6175290904677,4.1270166584165,2970.35577491309,85849.9054571865
30.485177803649,0.159755321679509,1438.8523064117,193.912803427088,1637.60406890235,120.185382115909,266.400671606535,3.1551253965174,9.45807261438103,1.40550731531207,27.7747486988049,4.11892468866123,2971.54335516365,85948.0420207849
30.4343599423775,0.158778260841766,1438.71696335499,192.845383147932,1637.40891038922,120.176093613147,265.78907717653,3.28377283443307,9.41383716420087,1.20606263930669,27.8976985720089,4.11825878404966,2970.08528584665,86039.187366822
30.36225717999,0.157726238641836,1437.80714873455,191.583587537192,1636.3542240457,120.093798414314,264.999388072677,3.42516687209596,9.32993839604611,1.02834798690083,27.9894819877045,4.12506429490406,2966.95183558099,86172.3833794715
30.2652285845795,0.156602620277301,1436.60440821614,190.18919674879,1634.98733533883,119.978448099344,264.124200782866,3.57503104703905,9.20641257301959,0.873567220256817,28.0552495022066,4.13904233404091,2963.13632865564,86341.4801075694
30.1414551044886,0.155419175309976,1435.35215206506,188.703450132351,1633.58194261605,119.850466197381,263.213385965148,3.72856258460734,9.04582623866018,0.741712117747336,28.0989457804449,4.15960526360201,2959.14774309536,86469.4142053135
29.9921549885522,0.154188857806966,1434.06010220625,187.140566534393,1632.14324162975,119.711158465589,262.274699184856,3.88179421805814,8.85287280756931,0.631023470124903,28.1232627023146,4.1859381483345,2955.01456168627,86504.6172146093
29.822383902104,0.152918931499656,1432.7655035729,185.513131463023,1630.70571436357,119.564335736694,261.320500695986,4.03182245038831,8.63292581840815,0.538578471375222,28.1317634399973,4.21708032519107,2950.81616066233,86444.7908176616
29.6401279432325,0.15161077125028,1431.63576043395,183.84359112522,1629.45199378458,119.424616104213,260.384493790384,4.17628888418546,8.39069084525968,0.461428718480242,28.1299256916157,4.25205159550972,2946.89326468354,86368.8781224575
29.4540139499468,0.150264631072061,1430.85844271704,182.154989566716,1628.58944970453,119.308153870331,259.500964122509,4.31260161453696,8.13003706097871,0.397456188821682,28.1235700405821,4.28996284968753,2943.62623465922,86346.9886692371
29.2714024836762,0.148881877228992,1430.45549033803,180.450219599231,1628.1389338984,119.217359779676,258.671234738303,4.43761552959562,7.85551787849134,0.345498369180308,28.1160630474222,4.32996170850883,2941.05548793761,86345.4953782715
29.0976514565339,0.147463131281971,1430.27124320573,178.708984941413,1627.92077103056,119.140205647939,257.862380314141,4.5479273958081,7.57351787904826,0.304668918642526,28.1074605501613,4.37111829219016,2938.85619763046,86337.770290354
28.9359044328249,0.146007051483064,1430.11922687963,176.906290252433,1627.72160854007,119.062398196931,257.035932712526,4.64136573336704,7.29090736113969,0.273522272248918,28.0962612103735,4.41251529821871,2936.64112164471,86381.7927913492
28.7873273086043,0.144512504761736,1429.86199165797,175.025936837561,1627.38390385476,118.973542660878,256.164136386294,4.71835117779255,7.01264968349895,0.249956738900981,28.0806197808044,4.45352319992096,2934.12672635693,86566.3177398112
28.6520561281174,0.142978515500276,1429.34971387282,173.053789667478,1626.73261245958,118.861384229621,255.217992109045,4.78343324392725,6.74071266059066,0.231163056813015,28.0573445121362,4.49402498830962,2931.00352471421,86798.0505479422
28.5302711662447,0.141402843449806,1428.39280715632,170.970888556052,1625.54232120829,118.709191321855,254.161137473208,4.8441450796059,6.47365432435317,0.21437131298841,28.0216558224536,4.53449610425822,2926.87466036447,87022.6620484315
28.422603150387,0.139780205131095,1426.90287959328,168.766215386131,1623.70170336325,118.508078102828,252.975012255366,4.90704686536296,6.20805482003009,0.197835536037662,27.9697084366338,4.57565413941825,2921.54590978022,87129.0461552656
28.3299669445943,0.138102539524105,1425.05451268773,166.45452694217,1621.40469438663,118.271542104006,251.688047288915,4.97515485062904,5.9413638840161,0.181124541267486,27.9017351746654,4.61787160940673,2915.36363553185,86991.0540331088
28.2531793815944,0.136366259298918,1423.30979949363,164.085071409404,1619.18548604401,118.038474113696,250.382578190665,5.04544822787968,5.67335024791321,0.16525897999384,27.8241692437635,4.66083438644185,2909.27817935867,86760.0277524743
28.1925917827779,0.13457745225936,1422.17712082766,161.72100049723,1617.643811663,117.853294665714,249.152775761837,5.11090468512113,5.40682782991523,0.151665777474044,27.747591459393,4.70354552109478,2904.35628326525,86520.6961541585
28.1477816116611,0.132751876167629,1421.88478749385,159.403982659914,1617.06240131453,117.737735247554,248.044979583972,5.1657923096728,5.1464855590961,0.141077290173849,27.6808570016047,4.74482911069752,2901.10311083575,86387.7067683553
28.1177373396392,0.130912633558237,1422.28868785244,157.142477016384,1617.29022493061,117.681899024695,247.040568620184,5.20711080108376,4.89649046426784,0.133667288881244,27.6266803290145,4.78392383723611,2899.26042925108,86490.3859523727
28.1017411554327,0.129086381633093,1422.9210197351,154.915393273595,1617.79220637364,117.647865357917,246.064538542586,5.2340792908719,4.66052503558104,0.129479912436068,27.5801983212478,4.82056989312715,2897.89919727322,86691.4566826692
28.1000845657331,0.127299153362793,1423.18397336269,152.689239078664,1617.87197737228,117.586109475982,245.020052740637,5.24710277808331,4.4425810654014,0.12848410462777,27.5315865684912,4.85475164058216,2895.81436836809,86908.0063636327
28.113691106228,0.125570402124404,1422.66853973659,150.445225243377,1617.04472721814,117.462523242055,243.844032396739,5.24694940774594,4.24588845881904,0.130533944904768,27.4717440303756,4.88651681085461,2892.17871615274,87246.1646458562
28.1424935967394,0.123915177310349,1421.24798793147,148.18995537248,1615.15386899465,117.26673912977,242.523919356944,5.23287023032288,4.07227076134068,0.135985691251854,27.3945637767874,4.91593487311447,2886.74386461064,87874.9709070807
28.182385838587,0.122354040715964,1418.82858607779,145.941383366832,1612.0952752391,116.992535992716,241.057892777478,5.20090484891268,3.92509918057454,0.146436177821963,27.2941156602131,4.94284938034559,2879.35224737431,88615.4415905078
28.2238357544251,0.12091749341433,1415.23644897583,143.722162719969,1607.69006817443,116.629177891324,239.438857292799,5.14524566251729,3.81183158092625,0.164247017089981,27.1634752664414,4.96659064932888,2869.71497174045,89361.9906209981
28.2556523891471,0.119638269819508,1410.41869404979,141.567570948691,1601.90303664667,116.176755643024,237.686867483051,5.06137692492906,3.74061158707433,0.19205397774991,26.9977673348507,4.98627888895357,2857.79914476314,90315.3690526018
28.2704224134818,0.118558136369502,1404.46099569328,139.525010794712,1594.85047524075,115.646356983802,235.858690972611,4.93864186630417,3.71837476362478,0.237135347132783,26.7944498257778,5.00108529822558,2843.85362656086,91757.0120244999
28.2684159729152,0.117750690980091,1397.25330009296,137.642501152674,1586.41742822222,115.034446869953,234.028831992281,4.74483094714445,3.76121202723495,0.322123075410092,26.5506327732549,5.00896962705253,2827.76955024846,93367.0639264644
28.2579153059347,0.117330573045939,1388.38157618157,135.964539481282,1576.13663929631,114.315035805543,232.296231646125,4.44146182123127,3.89772928370632,0.491838605002756,26.2644942654881,5.00616631180841,2808.88368084014,94978.0611698328
28.2499263283409,0.11742798107859,1377.61215716989,134.550596745774,1563.74039326042,113.47205550255,230.809100005701,4.03508582308596,4.13595395423858,0.815783766866564,25.9381865868803,4.99167973629992,2786.89797969782,96932.927495272
28.2512147743553,0.118225965696752,1365.13442521414,133.537854993321,1549.42672248789,112.509360172918,229.720838289578,3.597467414565,4.42914135406777,1.38757980634375,25.5723546365757,4.9723778468576,2762.33163077528,99614.676194358
28.2594158346052,0.120098337742554,1351.01033546405,133.259642267196,1533.19344296225,111.404079125249,229.036473264892,3.22747793337283,4.69423557307401,2.28613642672215,25.1563377888445,4.96083732439155,2735.46139501046,102450.801546098
28.2636034550295,0.123641340743261,1334.89975938954,134.237499183707,1514.51564720553,110.097430734519,228.566126368679,2.9764427438674,4.87105674155479,3.51024901093877,24.6729746361828,4.96654932190099,2705.78222060253,105196.315885987
28.2522653821346,0.129267607597451,1317.01671932983,136.913572806806,1493.51356529731,108.592126689401,228.160879276213,2.83068981060367,4.95550941977138,4.96889975804148,24.1194814826528,4.99002255531259,2673.80770796772,107347.027908299
28.2257694686956,0.136560516039714,1298.77090302497,141.341619903601,1471.77403962123,107.011215311184,227.870994006163,2.75517390226351,4.98194342079108,6.51945985798265,23.5189962621323,5.02472570334134,2642.20938859548,108549.493933026
28.2090160009092,0.144426308371735,1281.41486885655,147.039977429806,1450.8363401076,105.478475789122,227.711907262687,2.72277768735334,4.98529041566038,8.00215725978481,22.9096020588821,5.06310670367102,2613.07640018932,109383.034536886
28.2423008110421,0.152098793853433,1265.46715270323,153.30982080794,1431.45758971208,104.057392251798,227.582569170963,2.71694104665393,4.98508070665304,9.27667643096076,22.3221817240531,5.10021081080049,2586.95406674254,109982.138057073
28.3521683843692,0.159272079851924,1251.20066088411,159.654216330932,1414.06418958168,102.782919060198,227.416529649188,2.7272434523819,4.99407570201191,10.261401991068,21.7713337705312,5.13318313639686,2564.0512449475,109856.486211977
28.5343953722413,0.165870207861369,1239.18588754494,165.860222070985,1399.34603450194,101.707260375072,227.3061937061,2.74585679850487,5.02369367768449,10.9408260970241,21.2672528239927,5.15987733468163,2545.36169227638,108747.900596681
28.7561295874642,0.17195231218205,1230.56773403401,171.9043377989,1388.60631891609,100.927593600046,227.538913457981,2.76358908144953,5.07742093955746,11.3545139599755,20.8278796603837,5.17899710212311,2533.16334808345,107388.538333897
28.9768863184925,0.177486468688131,1226.39111229317,177.836556756793,1383.02414554222,100.532469485253,228.418905414453,2.77262215322896,5.15202942279756,11.5647133801057,20.4718110196886,5.19017587203378,2529.604552863,105979.536638481
29.1716673483613,0.182479508446647,1226.78535727836,183.707550584266,1382.73156214549,100.532596849617,230.056696638391,2.76963553581629,5.24303759264335,11.6225207129198,20.2045874724672,5.19387121064215,2535.01554413375,104829.329427942
29.332974368556,0.187021103789988,1230.96558494631,189.530311422379,1386.81449060129,100.859718030604,232.354218873104,2.75540416615418,5.34395855130146,11.5605910591343,20.0161987595564,5.19160317815243,2547.8715832642,104143.506728345
29.4575238031893,0.191135867469874,1237.52862337352,195.191654388824,1393.65458476835,101.392833281714,235.062159415322,2.73438107585884,5.45043195964177,11.3942972093208,19.8858482865062,5.18513676496858,2565.31532279144,103586.599589337
29.5392629978836,0.194784769479681,1244.99780622819,200.471834422044,1401.55544714739,102.005378951161,237.891933224919,2.71204779234483,5.56104763216563,11.1293752014235,19.790763908035,5.17590230982294,2584.25533544075,103090.898382769
29.5740349421531,0.197912601933053,1252.419382195,205.189407466338,1409.42605338737,102.616324585433,240.642862229256,2.69243254900395,5.67672249433788,10.7710031176936,19.7152803253712,5.16460902338662,2602.6615774934,102377.0261893
29.5643426745202,0.200477097169619,1259.56606368997,209.27785789664,1417.01069648141,103.207497519007,243.249659476078,2.67723736352294,5.80192482659494,10.3273275114248,19.6544988498777,5.1508897713537,2620.02725599769,101253.373384863
29.5199505532244,0.202491980137279,1266.93038300817,212.808017930994,1424.86966325238,103.820834012545,245.789828769848,2.66490361438092,5.93906375877923,9.81403282074903,19.6135138133057,5.13413026225347,2637.36513155067,100151.801539828
29.4536011330225,0.204000890135519,1275.22436308479,215.924973003745,1433.8051620786,104.51543366087,248.393680840241,2.65274964607124,6.08665000449495,9.25282542936833,19.6002112403881,5.11412068488731,2656.17385486229,99184.1876828121
29.3752854448775,0.20506500005213,1284.71135019319,218.739658461563,1444.10880273914,105.312639431698,251.117992201032,2.63971416541094,6.24220693969975,8.66484203848833,19.6169544986679,5.09110762502328,2677.05074459106,98342.6733881295
29.2918589934293,0.205764382396977,1295.13857592478,221.302246304629,1455.48697673096,106.190790064736,253.928088613787,2.62657716494486,6.40260001218484,8.06578231137447,19.6595238403955,5.06580016017577,2699.53841066076,97608.2544252387
29.2124375835703,0.20619651238431,1306.03575687092,223.642393221845,1467.39299658425,107.110026269311,256.744107681039,2.61512995484029,6.56451719156619,7.46112654893958,19.7204576128009,5.03910634254213,2722.72893417638,96965.5658694564
29.1499082496559,0.206459861167706,1316.97256097373,225.79763892785,1479.31811130998,108.033619918801,259.486039741923,2.60750782145935,6.72478551348152,6.84775936812573,19.7923211267844,5.01190637699744,2745.78728522707,96399.3619775334
29.1146803581877,0.206618043135787,1327.65508750194,227.794362157233,1490.91267782984,108.936309564636,262.096053318086,2.60594994759702,6.88113006382087,6.22246948694629,19.8695756109519,4.98485131578853,2768.13969001312,95780.2295626534
29.1087652835372,0.206681251353017,1337.97590678343,229.632206996225,1502.05463849438,109.808884496565,264.552951818511,2.61241638935084,7.03268188007556,5.58878193629207,19.9499279953259,4.95822287106378,2789.57409203679,94997.3952753996
29.1231336045306,0.206619782667731,1347.88820849052,231.272223107586,1512.71362472374,110.64775555166,266.85349949476,2.62803165808219,7.17749598515504,4.96185130958463,20.0355074301948,4.93221426747171,2809.99355650223,94219.206596409
29.1415570893553,0.206396664614636,1356.92435660427,232.597249901099,1522.40008957993,111.414794885151,268.9172778219,2.65429563115827,7.31204137059334,4.365381090418,20.1302993254326,4.90713664472228,2828.43483286255,93504.3125626292
29.1498830587931,0.206004048442872,1364.6651832104,233.526603351853,1530.67119748988,112.075194011172,270.671680973674,2.69189407263978,7.43221452028057,3.82093837281051,20.2359358297995,4.88350112874847,2844.0482362701,92975.1481047509
29.1422392376337,0.205473055732988,1371.06226943903,234.078916002022,1537.47967370691,112.623530121237,272.116528283886,2.73937518488296,7.53266226791736,3.34319415798518,20.350368447563,4.86219075135755,2856.76372807513,92746.9999220056
29.122474088261,0.204854183787055,1376.14959886753,234.308901611738,1542.85057947598,113.060616679721,273.275736627212,2.79375838033271,7.60901584566441,2.94231638825814,20.4679243847848,4.84416552373412,2866.68553776634,92640.1425257048
29.1011980521066,0.204199608704122,1379.9017889209,234.259824931454,1546.73231925997,113.382764186306,274.172119602917,2.85011029280698,7.65979918859236,2.62630214028768,20.5815655381988,4.83007220686014,2873.79086562993,92579.3043240979
29.0892002972283,0.203549259430507,1382.39491064692,233.973922643521,1549.1906385276,113.595689409947,274.84782640458,2.90150667597219,7.68674591852168,2.39804610342313,20.6865016267953,4.81997086499412,2878.2582615172,92526.7489048212
29.0921994078972,0.202928406167684,1383.8909083506,233.507790118546,1550.50906304038,113.721529226804,275.374996252123,2.94080804173488,7.69461391698454,2.25441090134565,20.7819986545196,4.81324971320557,2880.64586860975,92453.6040381425
29.1088708559801,0.20235880193096,1384.7700434684,232.938363425647,1551.10771983594,113.792657933608,275.857705803393,2.96135504865621,7.6888380182235,2.19396862222488,20.871981993303,4.80894595591465,2881.7675390201,92395.4196834296
29.1326235624868,0.201869755141033,1385.40610829907,232.352940991577,1551.39793666321,113.841060246052,276.416183754503,2.95729512830571,7.67443808774044,2.22122435453367,20.9637140847688,4.8059846613486,2882.44143098457,92364.8519080699
29.1562130286635,0.201489964696994,1386.02299089954,231.819704168243,1551.6236915061,113.886365684624,277.138908423174,2.92676305061439,7.65585364544563,2.34031947115583,21.0640730906736,4.80338142971203,2883.17764790964,92405.6956269727
29.1748908191426,0.201245261413128,1386.62195847321,231.381054131605,1551.78462360997,113.929360363362,278.045324331451,2.87446900310862,7.63560824871054,2.5483829898526,21.1762631990282,4.80058808305069,2884.02097414992,92561.6316560664
29.1862123758207,0.201186350839123,1387.04269291071,231.095344888163,1551.7087800456,113.956688988712,279.085221764739,2.8106445837856,7.61467831044319,2.83002973283003,21.2982025789653,4.79752501243185,2884.69748601612,92760.3636239469
29.1886433371008,0.201398447524447,1387.08431248743,231.05911326165,1551.18793361374,113.951088701161,280.171059233023,2.74647040289149,7.59359157784886,3.15826294053958,21.4240006630945,4.79436229449454,2884.87278167262,92967.2663646717
29.181176207807,0.201964951695683,1386.66284020862,231.375374688317,1550.14515046714,113.904878148035,281.240409891668,2.68873314768549,7.57136978341003,3.50701460824028,21.5480472682987,4.791475256848,2884.44724477435,93330.5885810311
29.1634723092061,0.202932842523664,1385.7915235124,232.105785708814,1548.6027188098,113.81852713963,282.273685378637,2.63894806664703,7.5445774265595,3.86208009509182,21.6660865938471,4.78953737701999,2883.48581670915,94013.2584435887
29.1359045515477,0.204286132338196,1384.29639126179,233.205367212675,1546.36106777429,113.677670039194,283.226028513743,2.59714173985647,7.51123806796079,4.21709470475591,21.7714484942216,4.78916729809926,2881.60424905685,94778.7721025402
29.0994263657681,0.205950775923685,1381.78847536951,234.52146782985,1542.97394077673,113.450972244086,284.002673099915,2.56398187807823,7.47268849221114,4.56537522004794,21.8542131492478,4.7906933546387,2877.90837138089,95525.8297274657
29.0551827147605,0.207823317947732,1378.13128528908,235.907362208156,1538.2822890852,113.12836877894,284.552692436852,2.53978626970649,7.43189680104096,4.89785548041786,21.906768032419,4.79408596896657,2872.00260725029,96105.4530065622
29.0036627442822,0.209795165000683,1373.79177852457,237.310807410485,1532.81465123124,112.74997870714,284.950016363748,2.52337264974981,7.39302611503932,5.20288860635029,21.9291658168437,4.7987413731256,2864.75573855888,96389.4172569349
28.9430816950651,0.211768131340209,1369.6706870457,238.759770324738,1527.59737773617,112.391667991607,285.374307608109,2.51177423045,7.35791601984869,5.46966694943092,21.9306600869774,4.80390264215641,2857.96710684888,96570.7909445502
28.8693157561356,0.213660251299135,1366.52989408341,240.28531166454,1523.50599661186,112.117379118128,285.996565747139,2.50198948176434,7.32516229474497,5.69111133869322,21.9248171701919,4.80905480707585,2853.18209965523,96717.8828164551
28.7788004342974,0.215427435768317,1364.5681312662,241.876033398745,1520.77907552031,111.943863196225,286.877410168061,2.49256591308964,7.29260597393842,5.86494584703584,21.9217375789913,4.81398499464601,2850.80805674522,96886.6300565412
28.6733656630828,0.21706966161925,1363.48899338384,243.493214324536,1519.09213038365,111.846256968636,287.964898583719,2.48354168884873,7.25839785109806,5.99354100855633,21.9244417966707,4.81880873267865,2850.24708681999,97120.2222197444
28.5671621688573,0.218617102819163,1362.78993800371,245.09663883097,1517.89207237457,111.78263994055,289.13990265727,2.47590925663904,7.22296654065188,6.08032890401694,21.9293555130167,4.82364781064127,2850.48349044618,97339.5782472393
28.4854710683179,0.220108762366822,1362.06147674799,246.662512464365,1516.73812495329,111.719228440843,290.28010354025,2.47070527025671,7.18924385407334,6.12707640576379,21.9298445898463,4.82840852416539,2850.69048429548,97517.0717972292
28.4507707953383,0.221549089511956,1361.18393160004,248.181235678209,1515.51352871985,111.646764537728,291.31992388018,2.46860990249099,7.16231433718343,6.13202509049429,21.9213795050918,4.83257897886354,2850.61798283284,97427.8254401473
28.4708418115132,0.222887709332651,1360.40619979818,249.644587859795,1514.50397327002,111.587159658801,292.282029807437,2.46974907904002,7.14927617989719,6.08744380580027,21.905904382309,4.83503157931953,2850.73778264496,96887.0430052347
28.5358864842155,0.224044326205304,1360.36020466892,251.059318053416,1514.40725914803,111.59391463855,293.291141372282,2.47293040007328,7.15356795198751,5.98155240884449,21.8939429223081,4.83470301249268,2852.28198795285,96234.1442620521
28.6259852142985,0.224937569021169,1361.66047671696,252.429798573426,1515.88926377604,111.718410089445,294.487586402412,2.4769492350983,7.17328370992199,5.80349565587889,21.8995553011763,4.83110154951302,2856.44653100719,95589.4872839376
28.7233225964257,0.225523792956549,1364.40297889865,253.722343529553,1519.03634431368,111.96848346506,295.907820254245,2.48230806209334,7.20522834570129,5.54949565133541,21.9316648476159,4.8242095737032,2863.38508691821,94938.5420173336
28.8188885299222,0.225803364704033,1368.22303795583,254.875918012509,1523.42982955418,112.313289887032,297.485626178421,2.49084267858972,7.24647096703114,5.22682271959998,21.9916048525172,4.81438991321493,2872.3328844362,94256.540991106
28.9125792339601,0.225793240372775,1372.65176188697,255.825659655562,1528.54852551531,112.713036822982,299.121186256306,2.50434051191432,7.29435256954097,4.85417658684204,22.0761302416144,4.80220554898428,2882.32328871238,93595.3399721066
29.009376670293,0.225504649929193,1377.33658675521,256.517902053506,1534.0109601379,113.137514843128,300.729477819172,2.52374365531088,7.3465302558235,4.45686176689637,22.1806570285938,4.78823342002455,2892.62893849695,92975.3258004626
29.114185842117,0.224941619876319,1382.04724065232,256.915394329887,1539.57149900301,113.566946484336,302.249014176638,2.54965426255748,7.40239568331685,4.05646494673639,22.3008057895032,4.77279685183407,2902.77267043494,92228.4901442183
29.2281384467081,0.224104440390992,1386.71944097237,257.006500042913,1545.16113092588,113.995677291843,303.657359751661,2.58278157926779,7.46354226848175,3.66441130501159,22.4343818257797,4.75580526146761,2912.61666971993,91190.6305783554
29.3470022350404,0.222997599718917,1391.59424304002,256.831291242049,1551.03890592224,114.442892236295,305.007260904908,2.62318542550151,7.52925124410559,3.28532922220846,22.5844621189328,4.73721539608868,2922.65460320732,90120.9050003427
29.4629141609692,0.221632831281699,1397.0650046618,256.46389217732,1557.62435200848,114.939583709671,306.393367391753,2.6705474031845,7.59488822534295,2.9224853115238,22.757888806656,4.71733328117065,2933.70057740672,89124.2874422054
29.5687840253501,0.220041537461507,1403.27967401037,255.956491942003,1565.06278696563,115.495948100363,307.860901330127,2.72487693112447,7.65357180501223,2.58095025367596,22.9591143653612,4.69691408202483,2946.07223205391,88373.4725694973
29.6607372826153,0.218279789992328,1409.9663271065,255.315345199274,1573.03671957506,116.087204611824,309.364340317734,2.78602912555506,7.69636573424952,2.26891346942964,23.1859866792849,4.67735786049587,2959.23405377323,88052.3364882424
29.7366121526369,0.216409296788464,1416.42627747226,254.485213241946,1580.76007717952,116.654011839077,310.758230665637,2.85422403568662,7.7168641913725,1.99245305808587,23.4274068786532,4.66019201359716,2971.77020757579,87917.7952720296
29.793804212917,0.214477245527074,1421.80276322762,253.37250204194,1587.27679864558,117.125159737588,311.851749865575,2.93041138901792,7.71319976805471,1.75157634602133,23.6659253774893,4.64664464836491,2981.92617235129,87843.2650032479
29.8295381484845,0.212504395468819,1425.57932602217,251.915766359783,1592.01348986265,117.458186941905,312.522741507085,3.01517730901364,7.68528849749462,1.54244465279861,23.8860416515971,4.63757360474187,2988.63934526059,87780.0143151143
29.8424794339921,0.210488677986675,1427.77474741491,250.11995175557,1594.99392532183,117.654922211567,312.766557053844,3.10803725737715,7.63375658047609,1.3604351975683,24.0797173458437,4.63332098131843,2991.94786427985,87697.6014358139
29.8341395293832,0.208418700931957,1428.79624859695,248.042373159888,1596.67424226767,117.748989200683,312.667440811278,3.20698399512313,7.55961902566822,1.20236249758716,24.2464231202732,4.63375993676375,2992.69276337378,87629.3202723175
29.8087347619161,0.206284429483776,1429.15904804443,245.756574165723,1597.63019535616,117.78268413251,312.337270836193,3.30860708897426,7.46458329922906,1.06661395812674,24.3898694686847,4.63843190597397,2991.94060347108,87591.5028024594
29.7712310838406,0.204084579728614,1429.25708743786,243.323965375108,1598.30097515892,117.78837663705,311.864731983382,3.40899652582694,7.35133928103463,0.951937622137782,24.5142929606952,4.64671122166785,2990.51173220225,87605.2382277646
29.7253220652426,0.201828922358715,1429.25324044001,240.781060141549,1598.86644498743,117.779712793325,311.291146699225,3.50490545981348,7.22303377777306,0.856387733369205,24.62229304861,4.65799995395962,2988.75513241829,87693.1791898672
29.6724706563257,0.199534462082337,1429.09743955002,238.142169214518,1599.26832990488,117.753236891363,310.614112953941,3.59534481864788,7.08257378857911,0.776375970648456,24.7141927462773,4.67186627812862,2986.58682514746,87823.1992812688
29.6122013927702,0.1972196254471,1428.64851456091,235.413549242689,1599.34739872892,117.698223312439,309.81314556186,3.68221308756249,6.93155032379116,0.707164093547049,24.7887745364697,4.68815963679813,2983.73994653837,87974.9893129805
29.5433888378385,0.194895979221342,1427.8033624112,232.602801702471,1598.98768983938,117.606957219674,308.874783230026,3.76926524031819,6.77053941578373,0.644289842501243,24.8448656393076,4.70688130690358,2980.02318927353,88018.0911378021
29.4659065972907,0.192559863637469,1426.64165487717,229.728104217828,1598.27710729665,117.486414216916,307.820642638113,3.86063692266196,6.60038663066224,0.584365097677756,24.8835992200522,4.72787598161985,2975.60857490725,87797.1489590989
29.3821416869951,0.190192361587409,1425.5439302145,226.828577528025,1597.6370017231,117.367675262246,306.733375574774,3.95774384366757,6.42117257511771,0.52636953880146,24.9111075184764,4.75081402733068,2971.26882204585,87482.1111206467
29.2969490065036,0.187766715940085,1425.01479028982,223.944660197605,1597.62353989693,117.291478518241,305.71982508921,4.05842800620309,6.23237605434256,0.471290034080668,24.9373272841332,4.77522638161364,2968.01558842941,87160.0869835569
29.2154427207689,0.185266369313208,1425.32202078035,221.086999376712,1598.52686696777,117.279008066655,304.835311237155,4.15889295335559,6.03400737473401,0.420826025815237,24.9705719605821,4.80065033600886,2966.37188811896,86948.718170327
29.1410292331921,0.182698091773604,1426.35325908322,218.234809638496,1600.2142344744,117.320554164661,304.056465732518,4.25437393281451,5.82660132954316,0.376835031852239,25.0134425813161,4.82685823356814,2966.09523956188,86980.041749601
29.0754202006152,0.180087692770155,1427.64145835871,215.342478210875,1602.16067066427,117.378008516862,303.28806351691,4.34089120773074,5.61266704382682,0.340491466014674,25.0613779900853,4.85374282232545,2966.23575750687,87103.4693961674
29.0196261465464,0.177468259802806,1428.57331539662,212.359091343101,1603.68242656575,117.402067636398,302.40759880819,4.41622465062505,5.39695999212491,0.311926303023736,25.105126286293,4.88114628843666,2965.56010620735,87233.4793914835
28.9744431483086,0.174864583375942,1428.73862333494,209.260771646614,1604.3257910226,117.360532882275,301.337635949213,4.48000329573773,5.18449166482011,0.29018132290937,25.1364952255282,4.90881506318764,2963.25766998978,87342.2980493447
28.9406356163774,0.172286697218943,1428.10285396626,206.064464590271,1604.05623626227,117.251829556679,300.078522549782,4.53394692809694,4.97877674090103,0.273510834764947,25.1519196859085,4.93644886273995,2959.28288438258,87417.9648351254
28.9195688058704,0.16973828700379,1426.9158809243,202.81925058653,1603.15086418929,117.096988779254,298.686929950834,4.58103585929329,4.7809953066354,0.260000609615026,25.1522359879973,4.96383427474587,2954.16307416346,87479.3635456473
28.9135724588465,0.167226427260364,1425.52928843219,199.588611388847,1601.9922314343,116.92457632848,297.23780886156,4.62426025979984,4.59030848866834,0.248124402513071,25.1404490291748,4.99092684258705,2948.62561008724,87538.1202008682
28.9250251708847,0.164762989990642,1424.21342868337,196.424928717938,1600.86926655997,116.756111551965,295.78841832376,4.66513241657109,4.4049716992809,0.237233097691315,25.1194444804932,5.01781955231153,2943.22713011505,87650.3667290243
28.9556201829511,0.162361201713254,1423.01751418181,193.346304397697,1599.82904691568,116.595415107459,294.354111487389,4.7012873014052,4.22430694100951,0.228447477570809,25.090473400801,5.04454461841079,2938.07328218691,87884.8919681078
29.0072196182647,0.160028498653507,1421.77835308087,190.332139937583,1598.69579116194,116.430797280034,292.91870447035,4.72269683750899,4.05316389463672,0.225721566513233,25.052708841151,5.07046676178046,2932.84728460541,88168.6289948492
29.0827128138142,0.157761621606051,1420.23337552108,187.336375444718,1597.19985990344,116.245323021748,291.46102269098,4.71394430590097,3.90515017278867,0.234114335173509,25.004436153036,5.0937519596962,2927.04624964975,88460.1584024789
29.1851654329168,0.155555296663269,1418.18822495636,184.321017605553,1595.15253998554,116.028865201022,289.9814962598,4.66324847935926,3.79676568712478,0.257812223622462,24.9443748078883,5.11211517379487,2920.316641125,89075.7796288563
29.3172038342674,0.153435655280561,1415.46514492154,181.275203141035,1592.36923465705,115.771816305862,288.495221157198,4.55705765261391,3.74157400579083,0.306045259890145,24.8693846769579,5.12379143629895,2912.35071837768,90444.0321643255
29.4811168516155,0.151497587554561,1411.44159335796,178.188395482265,1588.13560097545,115.428768119175,286.973348542116,4.36333685113892,3.76056921333974,0.407299834903223,24.7697833769656,5.12640137662976,2901.9705938798,92096.9578224573
29.6780639937105,0.149916535287799,1405.01375903751,175.04865887861,1581.16250544845,114.916370921526,285.364705564587,4.04756986343987,3.885464578431,0.619872810871015,24.6317855427118,5.11640928756938,2887.06996760498,93773.3669599449
29.907033721953,0.148900683030237,1395.55367269514,171.910105906829,1570.68345650759,114.183669010914,283.739934793359,3.63205665872896,4.12080488239703,1.03509389046559,24.4462723514607,5.0939920010938,2866.52304727651,95674.5822302464
30.163094951866,0.148688564101561,1383.50978548618,168.973321129187,1557.14983718976,113.251996999047,282.316805316814,3.21186680773132,4.40927509960653,1.76683282892416,24.2091979167352,5.06785393290587,2841.3739695648,98067.9454547695
30.4304077553927,0.149619890323507,1369.71296119742,166.667053447441,1541.42893382368,112.161686607061,281.237660890917,2.88570873129087,4.66359830277383,2.88853129317104,23.9141888111972,5.05092850420328,2813.47201437692,100572.802081998
30.6792179666154,0.152140859125637,1354.53399168936,165.597762527279,1523.84134448108,110.918969515064,280.397395381908,2.68052335556758,4.8322459574182,4.36144053140962,23.5550013498106,5.05071938005849,2783.78191563511,103019.740266416
30.8783748129794,0.156490971260073,1338.34177644953,166.271331453131,1504.72960676261,109.546663291458,279.635573360915,2.56802193400465,4.92063477769222,6.05068491590762,23.1389282721728,5.0656160977423,2753.19310416652,104688.335994399
31.0110131926099,0.162174730524793,1322.48825053373,168.822308859117,1485.6388411754,108.165699702714,279.020760108762,2.51293299088453,4.96689460132205,7.78689095031582,22.6938169451328,5.08819889498771,2724.36523014934,105043.209265876
31.0808750190215,0.1683208312035,1308.64304632153,172.922875033359,1468.57879725173,106.930801435847,278.745308223689,2.48899981402916,5.00257104312434,9.41840452236902,22.2613685992725,5.11132246093675,2700.37367241605,104991.377221702
31.1037960573828,0.174424927811624,1297.78959195116,178.045907707677,1454.8172637884,105.937266249196,278.916887307355,2.47957122488858,5.03999753134807,10.8401095147849,21.8771576360733,5.13104126861324,2682.85560229051,104764.179674123
31.0945495378293,0.180228019844031,1290.15944373608,183.766658965504,1444.72528813283,105.212090600419,279.540728276804,2.47587287649043,5.08697055514813,11.9995117802531,21.5567095075944,5.14532729581528,2672.02857843293,103928.387722932
31.0614876545229,0.185496837362263,1285.7902177777,189.802891016929,1438.39868470442,104.762542237375,280.62514342485,2.47360733409589,5.15325293210724,12.8839761537433,21.3043067734255,5.15260580174935,2667.8072161831,102220.781150999
31.0080685520582,0.190132014068704,1285.15966983317,195.94461034628,1436.4069299985,104.631679349755,282.306444098025,2.46785601864998,5.24297962788749,13.5094817408399,21.1283331197059,5.15189083459693,2671.02704793866,100329.205270268
30.9360985944976,0.194090666741965,1288.90766709007,202.029401503757,1439.49455634509,104.875820163769,284.770880817165,2.45353795979611,5.35399375887336,13.9075694052862,21.040130266365,5.14290121501274,2682.88079206124,98468.5291154237
30.8476860684398,0.197448880936766,1297.09247936447,207.975953974829,1447.73031035772,105.500874803189,288.075504506096,2.42794706736785,5.48175218333503,14.1135186592302,21.0426272618457,5.12614282839243,2703.45279662065,97015.7089274604
30.7459116148037,0.200388750079047,1308.98802762588,213.790193901911,1460.27257350302,106.444248911958,292.103190556013,2.39147383116318,5.61762980861659,14.1637499098391,21.125814940451,5.10341408427774,2731.31654037532,96266.4079768445
30.6362163235363,0.203037799416083,1323.0886257199,219.453440940471,1475.39013214372,107.578066709013,296.55057634016,2.34852910968098,5.75558912775317,14.0863917338802,21.2669943341448,5.07684399713134,2763.46877890164,95747.8588371626
30.5263660856568,0.205478543838047,1337.56059354577,224.861251470399,1490.98869262516,108.748915651972,301.018232624248,2.3053165082787,5.89471386671478,13.8973630953233,21.4376728475226,5.04813904822287,2796.18760850505,95308.7124236017
30.4235818951055,0.207731808018892,1351.08379924801,229.88179296059,1505.56951522183,109.847829398218,305.198719342557,2.2666217953609,6.03793277981811,13.6037730126541,21.6156947398523,5.01809968747412,2826.74860083868,94588.866930048
30.3324201488478,0.209738690405917,1363.10145154466,234.384718686751,1518.51357066519,110.830987232386,308.938015630582,2.23484097009922,6.19358958327931,13.2081506407832,21.7926769910478,4.98600790599256,2853.94578894908,93284.1700789134
30.2543222439238,0.211432788387211,1373.56417459037,238.266935508872,1529.78048681294,111.69628994268,312.201660348062,2.21001837688641,6.36673056654598,12.7211533810083,21.976084701881,4.95075312214613,2877.60586943021,91930.689052079
30.1886447206691,0.212765458403156,1383.04882945147,241.554123769983,1540.0235545848,112.491147108376,315.112995149089,2.1901923637281,6.55529586742516,12.1654170645311,22.1815623271025,4.91178976244673,2898.88718483719,90714.8883889211
30.1340013257692,0.21374108438709,1392.21865722378,244.358699839456,1549.98065487939,113.268454281624,317.83029234041,2.17306542340499,6.75388696292591,11.5680879252514,22.4202188348959,4.86930324614021,2919.18013017706,89808.5141931567
30.0886573239886,0.214427236358408,1401.25539080135,246.787607043434,1559.84168338513,114.040447495847,320.416507452446,2.15756152425701,6.9539783688593,10.9557762185281,22.6925055754477,4.82451279026107,2938.92139112438,89373.5354677036
30.0499602310931,0.214909588809575,1409.71562195673,248.874510882731,1569.09579098111,114.768225497025,322.793683772181,2.14466809550656,7.14857357935646,10.348841112853,22.9873604436619,4.77905937361668,2957.2607095558,89148.4869154222
30.0141277143688,0.215255540826354,1416.86043887083,250.582240370039,1576.90675933186,115.389703428318,324.806876891735,2.13643475669319,7.33486291091543,9.7587284784444,23.2866672417192,4.73438011127124,2972.71232369553,89003.0008903797
29.9775580849172,0.215499205997194,1422.23449208796,251.875195675066,1582.76128294504,115.866768039441,326.35699064641,2.13405747525456,7.51068289436223,9.19121383121318,23.5742729148322,4.69170173321498,2984.35091351431,89015.4076607843
29.9389936119303,0.215654917739048,1425.82165966305,252.764263781531,1586.63870639528,116.197370302614,327.442125430458,2.1373632968406,7.67224143811369,8.65071498446218,23.8402163348143,4.65212861346367,2992.15093689141,89310.5143078953
29.9025580020284,0.215735965087726,1427.74665845973,253.286346898416,1588.6734190582,116.390940802728,328.090600841457,2.14589607382964,7.81665031082494,8.1407059551302,24.0774986621992,4.61647335816657,2996.38041297874,89722.3998910256
29.8784556299328,0.215760805209345,1428.06913609134,253.473829502115,1588.92487758953,116.451690941527,328.312974227585,2.15949707637293,7.94359234195682,7.6624913464697,24.2792322895675,4.58518263212428,2997.17217792887,90163.7853661941
29.8781029489727,0.21574410707925,1426.95386458604,253.368947378761,1587.57047454947,116.392535935109,328.144177953202,2.17768182731669,8.05286819029208,7.21636829606171,24.4406032883177,4.55856950893351,2994.87421514723,90686.0874175607
29.9076011731194,0.215690677652711,1424.76232758726,253.032406516996,1585.01007577352,116.242700643243,327.669857628769,2.19924442867986,8.1427968904469,6.80379219784706,24.5602242310478,4.53696479339447,2990.24181732545,91369.8429427895
29.9625242522692,0.215586878324816,1421.79245361538,252.495716304007,1581.57831655978,116.02703082312,326.972620828677,2.22298440157483,8.21153631199718,6.42896822828227,24.6383223250211,4.52064244617766,2983.89607511356,92114.6611953818
30.0281491183336,0.215401441649162,1418.08106636009,251.727245384267,1577.32518662586,115.750107836608,326.086370314486,2.24819786791208,8.25824736999511,6.09857931536987,24.675258702388,4.5097390385289,2975.91051220626,92869.1767815203
30.0875008679448,0.215099959169534,1413.61221965839,250.681417386922,1572.24418621665,115.412608425806,325.032182434552,2.27430205847416,8.28365672505229,5.81807322466927,24.6724408293217,4.50410873845059,2966.24641750644,93542.4672539246
30.1296515216888,0.21467068855915,1408.6153696287,249.376498970894,1566.59996047246,115.034881163889,323.883022399733,2.30010287059436,8.29037524233445,5.59097834983113,24.6347588685247,4.50314445975801,2955.39057865668,94042.8748705477
30.1528706419924,0.214160683903701,1403.58984566647,247.945828427208,1560.95266451627,114.658160484173,322.794001044076,2.32285303728627,8.27936646982037,5.43003704068751,24.5737429156068,4.50613626335355,2944.45327737388,94465.7714408031
30.1621830479603,0.213681126813324,1399.03343926849,246.598931107725,1555.8559365118,114.322484001515,321.952275703816,2.3385630071791,8.24877518089637,5.36151666537388,24.5062658408095,4.51252283771267,2934.6130149899,94841.4856452234
30.1640864288401,0.213358670379521,1395.16214543137,245.51159804875,1551.54583137882,114.044318365737,321.48132584387,2.34374762268675,8.1950086381836,5.41177853712729,24.4471240060678,4.5220943475764,2926.4655537348,95441.858922589
30.1632369226337,0.213295222348247,1391.75304890245,244.760331981497,1547.76135774351,113.803446518362,321.369507313739,2.33753075185495,8.11259226699043,5.59476881715444,24.4009094754564,4.53540621580881,2919.64028254648,96538.92090377
30.1628787098215,0.213560780791002,1388.01741922729,244.307401812592,1543.59401751424,113.532466302586,321.410132942688,2.3239515682067,8.00138540619579,5.89821174940878,24.3561616072305,4.55306826902536,2912.51263036869,97719.8413373459
30.1661253890807,0.214203628851391,1382.9814105035,244.059579748497,1537.91483512327,113.148338790032,321.290266451528,2.31008875588282,7.8690006512626,6.28179962017194,24.2907166866177,4.57511902247744,2903.00076495663,98825.1800806646
30.1752654017313,0.215230240140165,1376.36488955821,243.984108936008,1530.37724313263,112.625807150678,320.846721758805,2.30080932907788,7.72423441342934,6.69843876357197,24.1880509202904,4.60110077314711,2890.43657900736,99835.5861771693
30.1893001231703,0.216595720687132,1368.80806338177,244.139716252719,1521.68975807859,112.017729324496,320.164788989258,2.29656850196487,7.57401155074141,7.11215432839138,24.0458874428955,4.63006448360905,2876.08256415552,100753.774549503
30.2002675147607,0.218232172812151,1360.93984679753,244.550834357997,1512.58175528843,111.379488005819,319.370219265717,2.29608062495338,7.42334724885551,7.50034385035703,23.8716689394083,4.66083270538031,2861.21242806496,101594.299580964
30.1944472831365,0.220079494120012,1352.67840314111,245.129964791384,1503.00857065117,110.710153007136,318.449532523996,2.29939629008374,7.27621162172029,7.84918042566502,23.6739153703293,4.69234612695333,2845.65002597027,102364.722319138
30.1607520992509,0.22206228569306,1343.77553682831,245.768007033994,1492.73499991994,109.994623738013,317.350478177114,2.30771178749437,7.14038965398325,8.14634665838959,23.4599411350873,4.72309879105209,2828.8702268809,102531.553168207
30.0986556760887,0.22406061087388,1334.64494545807,246.426805820611,1482.24854025651,109.27006501068,316.159588648541,2.32095181738984,7.02961686518094,8.37730049308569,23.2432053096678,4.75041498434974,2811.68008024642,101708.445258154
30.0211599921546,0.225956348607612,1326.7793303422,247.21505203364,1473.21920390642,108.658115361474,315.216571462361,2.33453184877404,6.95094831298181,8.53985315339398,23.0504140362322,4.77182199116827,2797.10119443325,100663.274838059
29.947883899207,0.227652068797545,1321.96239727092,248.321291360813,1467.62430260969,108.301248943888,314.943672254945,2.34196593392481,6.90183683304155,8.64796225583558,22.9115951679378,4.78601804972127,2788.77890094082,99610.9485811699
29.8933635782303,0.229110252133923,1321.0288475627,249.851575235905,1466.37832540341,108.264369355926,315.549381338896,2.33952789120873,6.87739087269286,8.71847053098346,22.8428399704937,4.79281193415466,2788.4275586466,98697.9745733843
29.8629698137984,0.230359789923753,1323.66857095316,251.787746457011,1469.12607434454,108.520055359104,316.97552859197,2.32719996312434,6.87139565806525,8.76396452096656,22.8422193791634,4.79319765047392,2795.42071634568,98032.4724508104
29.856552702612,0.231442444136129,1328.86874743,254.007348638038,1474.74867797637,108.985285690596,318.989111601168,2.30780813784751,6.87962335968016,8.78754730378826,22.8953192892389,4.78857058375525,2807.6824784297,97434.060043365
29.8725765622312,0.232382833185135,1335.48285007795,256.340259674467,1481.99658667187,109.567534072777,321.312264726878,2.28503439398285,6.90076355014647,8.78401946794557,22.9839281664814,4.78011015378623,2822.84751375205,96855.2949589253
29.9093496542135,0.233184602224807,1342.70521385982,258.649605170384,1489.99843485023,110.202317159258,323.742221205384,2.26158423935164,6.93414646939584,8.74729764645987,23.0941127220169,4.76866056464392,2839.24273049722,96282.5208305773
29.9653428625257,0.233834219740593,1350.15957836266,260.854081047813,1498.34685709915,110.859896897173,326.178724020104,2.23880172874866,6.97915166170343,8.67377520316012,23.2184272052734,4.75470064053605,2856.07036554502,95709.7537910934
30.040217057738,0.234300231436457,1357.744925651,262.894440651522,1506.92922608163,111.532965346028,328.588215014256,2.21713624191612,7.03485445326275,8.560296232522,23.3536824688668,4.73851482095855,2873.08188881165,95183.1200174901
30.1350327582348,0.234538819961001,1365.44329621014,264.708454142378,1515.72087292612,112.22107119203,330.957271804102,2.19681293177468,7.09993788431589,8.40302635766987,23.4978458552936,4.72037601746755,2890.18648526503,94722.6157064962
30.2505052404208,0.234518188577788,1373.18800670263,266.242643564514,1524.64195907122,112.919429763511,333.262637517083,2.17828432697743,7.17360739293845,8.20009507957489,23.6482949982437,4.7005246082027,2907.20375701552,94237.4621045649
30.3839283741801,0.234236137624267,1380.73417121251,267.446736427766,1533.41430382333,113.608019365569,335.441181261445,2.16243513115634,7.25625183338889,7.9528005034461,23.8024436520556,4.67904803336134,2923.60538710263,93637.3935870415
30.5251013206405,0.23372296759346,1387.51674419763,268.248537006211,1541.40205133964,114.23966771548,337.356321689381,2.15087061388896,7.34749610150974,7.66541644101755,23.9593911422555,4.65605816887096,2938.21516644588,93060.1570413106
30.6573879822916,0.233026723901671,1393.20849970564,268.643384602552,1548.23182784166,114.786252960714,338.930463727477,2.14461214261693,7.44536629755601,7.34380934890836,24.1197679825911,4.63180967368801,2950.37534182395,92551.8523469795
30.7659828002131,0.232196035203816,1397.89686602904,268.704241378378,1553.9918676199,115.253754989966,340.187102302266,2.14349116983752,7.54715492318118,6.9945757959989,24.2837698969864,4.60668729811403,2960.30532901063,92138.148359986
30.8444250162065,0.23126971191616,1401.80661211674,268.517641184591,1558.92519123396,115.659609458113,341.185073908804,2.14690439307438,7.6495125439119,6.62450317834603,24.4498639837284,4.5812663190012,2968.50893795143,91838.4486826599
30.8959611909048,0.230272612181843,1405.07939566683,268.140254698841,1563.18431720451,116.01478547687,341.963607263628,2.15466793296795,7.74942865846855,6.23723953648586,24.6145780444634,4.55618535594584,2975.30598471477,91598.9656801503
30.9303052510961,0.229217312296603,1407.7533800219,267.596997246577,1566.80779148009,116.322120120426,342.535545837851,2.16725244945974,7.844665909003,5.83188009693552,24.7735720874437,4.53202338475908,2980.78884303618,91393.4245984566
30.9575321075207,0.228104082906307,1409.86132432336,266.899350584718,1569.82902120072,116.584155005245,342.910529261007,2.18555737650364,7.93379933629971,5.40612894694026,24.9235134167557,4.50918892565113,2985.02893575005,91145.4757699543
30.9842172315195,0.226918952866794,1411.51982177266,266.056982908842,1572.37372472607,116.810200024121,343.115663139276,2.21057885707938,8.01654343145803,4.96025043600773,25.0635931531909,4.4877883676408,2988.25908223365,90778.954375994
31.0139254266053,0.225634851073453,1412.98365424169,265.082248404112,1574.71438497868,117.020217890514,343.208345919255,2.24280936062627,8.09215241119428,4.50157815357125,25.1964827749195,4.46779150452098,2990.97797532216,90393.3825109976
31.0491190930314,0.224218822650601,1414.55826739083,263.983657416599,1577.17111047297,117.237503429794,343.255634183602,2.28215943408473,8.15879913675905,4.04438091338316,25.3269531300218,4.44919397465204,2993.77119574455,90032.5604894751
31.0914392110633,0.222647575260488,1416.41149934368,262.756121449228,1579.91085594424,117.473956617645,343.291042424979,2.32866907320892,8.21522866441184,3.60299691413326,25.4586984816984,4.4319706697268,2996.9423092811,89629.3122317037
31.1405539581902,0.220912223817013,1418.55310764665,261.386848573071,1582.93528856521,117.72913470776,343.312430297667,2.38302427247284,8.26129706704618,3.18577565552525,25.5935168375012,4.41605267259623,3000.48886129781,89101.2858944649
31.1923307428187,0.219010485573509,1420.98769873309,259.872777356006,1586.25779560399,118.002970255666,343.321173414457,2.44649037440274,8.29564520225914,2.79408422389405,25.7333837361983,4.40153595476737,3004.42484818385,88555.437206168
31.2391264427532,0.216938896878315,1423.76815640714,258.22200770778,1589.95960331483,118.299718822199,343.334035495143,2.52118297507485,8.31430094251009,2.42533506483374,25.8811799774234,4.38883552478592,3008.88318628542,88041.4403748787
31.2734601998892,0.214698582780469,1426.88297956865,256.438446617452,1594.05052068896,118.617919291165,343.35265601814,2.61034048443511,8.31179254223084,2.07779680577719,26.0386742844892,4.37864617453287,3013.86668347101,87548.9257067743
31.291319442586,0.212302033535777,1430.21678793759,254.517931707121,1598.41459253009,118.946762094326,343.352515753717,2.71745936450354,8.28217054779717,1.75409953909556,26.2054608357865,4.37185840591863,3019.15658131959,87054.9218256946
31.2931103166692,0.20977313608042,1433.62678602616,252.456296731245,1602.89528239247,119.272807794495,343.301630298448,2.84413244128111,8.21998799344918,1.46169944363186,26.3799402030335,4.369357363517,3024.47009589471,86582.1272095326
31.2824676487059,0.207143586564214,1437.00834742338,250.25488402635,1607.37348959015,119.586241683282,343.176990053178,2.98760267583186,8.12217564862827,1.20966870904244,26.5605294051562,4.37167975507978,3029.59964146727,86142.1085245705
31.2639052500921,0.204451998502414,1440.28899406423,247.921353567982,1611.76353811013,119.880853855846,342.964677288367,3.13959418555223,7.98897847351599,1.0041229719155,26.7458937091472,4.37885996070595,3034.40534951257,85878.4478240678
31.2413025986324,0.201745040794928,1443.34194838546,245.46498323205,1615.91610354263,120.146806561973,342.640879027252,3.28757955693073,7.82340567920099,0.845977674969219,26.9334635143319,4.39058863389132,3038.64119556,85984.9730611032
31.2184681826899,0.199072220243906,1445.81581585213,242.876724765148,1619.42580511444,120.356253512726,342.128394127214,3.42058104596074,7.63279344761883,0.729886030752089,27.1156038626395,4.40622485632786,3041.59961970096,86257.9842650179
31.2000848132258,0.196478127173159,1447.17192677352,240.129619800962,1621.672918097,120.465809307599,341.303649036745,3.53420415560722,7.42718654960724,0.646563027882427,27.2794002901249,4.42505333802188,3042.18392642535,86571.0481647578
31.1908357495657,0.193989025853297,1447.05112696377,237.21569196778,1622.23900614526,120.446649697997,340.08531108027,3.62956439928444,7.21507192404952,0.586582382003426,27.4130394937489,4.44652425208937,3039.66640753091,86878.9825558578
31.1938309687452,0.191606169444011,1445.52173696474,234.168481917629,1621.18955044102,120.305208157714,338.492779091982,3.71022439081499,7.00207309441214,0.542335361594075,27.5110232564853,4.4701389457624,3034.19999683387,87159.9141492338
31.2098370269669,0.189314823993992,1443.00263820977,231.052486660044,1618.98679265824,120.076888580838,336.626709923378,3.77898678486293,6.79166183433872,0.509004032241591,27.5744990018434,4.4953266352896,3026.65665966308,87437.7867144997
31.2376900252717,0.187097292887785,1440.06225878633,227.943562534858,1616.26123308275,119.809481523863,334.620769619344,3.83640566905874,6.58664674745521,0.48417368076201,27.6083832995339,4.52139429976872,3018.21183919819,87725.325216563
31.2754205329916,0.184939239623409,1437.12983751567,224.894685869732,1613.48843513071,119.539304388744,332.574888009723,3.88256303219926,6.3901891210038,0.46628533860784,27.6180304379231,4.54757753474496,3009.74902762964,87964.6105255315
31.3211866345437,0.18282776570501,1434.34756572953,221.916229270794,1610.82669819401,119.278930827824,330.523808860922,3.91962780729514,6.20534139783488,0.453221966866889,27.6079247792118,4.57319053285246,3001.55767224196,88077.7440579234
31.3736635658378,0.180745747774919,1431.79230519943,219.005743106583,1608.37018279069,119.035457186903,328.49365398754,3.95228303113345,6.03233724572509,0.441818511601243,27.5830376566043,4.59793763618285,2993.80061577956,88143.6973252259
31.4320524198872,0.17867113426089,1429.59493236592,216.164412950176,1606.28255471975,118.820144492691,326.530081823609,3.98658142040326,5.86705074222221,0.4286714607845,27.5493614052178,4.62210034813644,2986.76213051233,88201.148057055
31.4960503899055,0.176595103699294,1427.82404243844,213.392595240095,1604.65761841946,118.638551365393,324.666874140767,4.02490757421219,5.70186225813405,0.41309524036602,27.5113843292683,4.6465386273375,2980.60384916718,88605.4229181523
31.5662819371157,0.174545725571234,1426.21400035941,210.67145450355,1603.20575872564,118.468586535647,322.860578467085,4.05884133254382,5.52966203217259,0.400629090003437,27.4664238022265,4.67241590517152,2974.80509153512,89820.9733091604
31.6449496139702,0.172585337136672,1423.75466116199,207.909081812227,1600.79782516411,118.228921445583,320.890934579198,4.06777564013001,5.35725496979992,0.403767245577832,27.3963530883377,4.69977110211015,2967.3149405423,91336.5744002676
31.7353964884677,0.170785382401962,1418.90863584418,204.949920413693,1595.71913851262,117.799001635662,318.411264557576,4.02440976140654,5.21248711331879,0.438800453483554,27.2705626484753,4.72633520737895,2954.99973441326,92860.9958210425
31.8399626154764,0.169179964684791,1410.75643167002,201.698330840201,1586.95525484331,117.111345559035,315.217175737802,3.91452289226402,5.12938571737342,0.519307314687436,27.0652072842333,4.74856341146781,2935.99924361625,94142.7023852058
31.9573592372822,0.167756315577679,1400.02130217706,198.244540330841,1575.33181729,116.231413052586,311.501682003585,3.74484665688577,5.12672903146732,0.658449635165923,26.7805624459171,4.76378356305747,2911.84339518373,94974.0550703995
32.0806205440546,0.166507053506384,1388.79336751263,194.857381651921,1563.18836769465,115.333407506459,307.858250255144,3.52174392370261,5.20050940183069,0.886469563223053,26.4466997882619,4.77105350645932,2886.92559600683,95632.1406920282
32.1985336267922,0.165469846347958,1378.92245702131,191.798675470065,1552.57041807061,114.568602830647,304.929717119149,3.25258006968987,5.33070701658038,1.25960616764961,26.1102147157253,4.77095501113615,2865.19742706302,96227.0262939887
32.3012299569934,0.164692077237661,1370.99657544997,189.181704184229,1544.10196529377,113.98003639591,303.063463261808,2.97020588629479,5.48387876311393,1.8445515792022,25.8090260840144,4.76648493002085,2847.99516466873,96913.8798706193
32.3853297918832,0.164235882073884,1364.63492013569,187.045660385576,1537.32720270851,113.526396781899,302.26753526897,2.71988450408072,5.61968522933825,2.6901196856404,25.5578612272362,4.76276876426371,2834.61888951125,97822.2019112365
32.4570307451584,0.164304067964883,1358.98113112607,185.551744660245,1531.25015808473,113.124178196122,302.282712363921,2.52905910489104,5.71157200792633,3.79096596489883,25.3491258638275,4.76399072518636,2823.41760306411,98725.6622664679
32.5298619371625,0.165283618700359,1353.31872294895,185.060385932972,1525.0190252047,112.701837578791,302.767248008479,2.39785236011518,5.75800574981155,5.07965637083844,25.1650870576153,4.77115155833639,2813.08587677777,99533.9251153483
32.6157619334229,0.167512480949328,1347.52731579589,185.922373904638,1518.4636849774,112.24261903832,303.512521185611,2.31096203190636,5.77206496983783,6.46771341594807,24.9929012162341,4.78285201620342,2803.50252304146,100220.260828598
32.714062698532,0.170989784527251,1341.9418600886,188.246843121827,1511.95947195928,111.775036508831,304.472832400767,2.25231106290102,5.76803411809428,7.88136171800349,24.8284506304131,4.79708302556022,2795.33748980494,100776.958567883
32.799765803663,0.175346042032014,1336.87552679571,191.829084365558,1505.89119086327,111.331863440044,305.622660619737,2.211382697585,5.7564909050531,9.25724403382321,24.6703232959292,4.81220592937972,2789.03366809923,101230.295772999
32.8290963959475,0.180190015891952,1332.22543172352,196.260642034029,1500.19044304707,110.913279685264,306.834606070877,2.18282936812969,5.74461072847433,10.5338028430355,24.514960893657,4.827139215919,2784.06975495601,101600.802595017
32.7669766662518,0.185258064794483,1327.72906949364,201.169743041096,1494.60078596951,110.503715700652,307.968537402442,2.16376293687769,5.73738302061605,11.6651243299739,24.3584345464908,4.84118257981205,2779.64071212367,101752.618011526
32.6094803801184,0.190332785590435,1323.38116402259,206.323722991257,1489.14311215289,110.105716890597,308.988283612377,2.15189888791465,5.73884726211203,12.6266285803633,24.2009693741938,4.85364503047536,2775.56762591745,101584.019618111
32.3922047868636,0.195206473764701,1319.57505335232,211.551722876478,1484.28790912394,109.753697984369,309.978025417502,2.14452235946544,5.75043513012629,13.4053469131439,24.0489428910199,4.86391377511748,2772.52345259751,101325.882307239
32.1733547674627,0.199730179884084,1316.84241749898,216.6874251454,1480.66505963676,109.493616972179,311.058540051746,2.13878446948661,5.77171598102957,13.9921230372201,23.9106277827372,4.87153506953833,2771.46446973842,101048.768015326
31.9993409710991,0.203810596160997,1315.4558403393,221.602999774789,1478.60449844455,109.349730177113,312.287387678219,2.13309000755545,5.80511545826216,14.3826366341748,23.7908238366129,4.87586067922069,2772.85334410487,100509.420362093
31.8862676068755,0.207414952131991,1315.4906579302,226.233259448998,1478.20581585231,109.330136246477,313.67880378932,2.12685359524466,5.85666468782884,14.5794330836102,23.6929495550632,4.87584432153581,2776.80338858679,99525.210622412
31.8216600195793,0.210563520207027,1317.19986272865,230.579349757238,1479.77211873881,109.458543074951,315.310086867512,2.1185794201414,5.92895466311463,14.5966868545387,23.6250119334656,4.87070928373593,2783.84646666376,98471.2816481413
31.7797627959578,0.213248936743099,1320.95413673443,234.678827949231,1483.74362894881,109.768808733079,317.307173461953,2.10637282957099,6.01925974214761,14.4586177482704,23.5977746179898,4.86030158564266,2794.79207485126,97463.2682014191
31.7394039454747,0.215454008715491,1326.82374104124,238.552192054805,1490.21463597891,110.268890974623,319.718931780306,2.08971435058221,6.12540594362024,14.189807216628,23.6169937835397,4.84466631042382,2809.82986020834,96387.4598293892
31.6913387803464,0.217186709556485,1334.56556681221,242.19333631286,1498.91235032677,110.939071840293,322.49699954857,2.06943098354343,6.2479234343724,13.8090602658247,23.6821838373316,4.82379382547591,2828.47996824763,95143.5021702461
31.6358915611542,0.218492697332327,1343.95680807626,245.612184271168,1509.57377670054,111.759556766102,325.578686147357,2.04629836224518,6.38695665395716,13.3298601247178,23.7914215060461,4.79778503291746,2850.28994737961,93925.2613106366
31.5773808254916,0.219428555658785,1354.90408204345,248.849903365422,1522.07488005213,112.720184645384,328.926595214419,2.02074890796378,6.54063229217053,12.7637186637473,23.9436413920155,4.76696837493858,2875.07707923021,92799.7254232755
31.5198455869013,0.22005354093741,1367.09202058477,251.917791349157,1536.04294581438,113.792149795615,332.458162861431,1.99371655354528,6.70507736377546,12.1242995121445,24.1365116087954,4.73203475138617,2902.20147596111,91911.1701043537
31.4655726563147,0.220430548878704,1379.31337463688,254.685329331188,1550.10400160083,114.872275777458,335.888933854959,1.96844871083106,6.87380155422604,11.4308122185842,24.363273064241,4.69430567646448,2929.15642472655,91396.1114257341
31.4158089685791,0.220609909599086,1390.02038833847,256.957265930587,1562.49936173895,115.829371710145,338.848471108761,1.94944051409145,7.04203386369346,10.7060049085153,24.6101481320283,4.65525460125845,2952.70736024992,91042.9662342471
31.3717101428701,0.22061917171824,1398.27855213884,258.6101947335,1572.15821637886,116.584139679954,341.099610836239,1.93944428289217,7.20873394919684,9.97187320642549,24.8594232884999,4.61603962024714,2970.88094796463,90760.5000517209
31.3342746056288,0.220458071418293,1404.03749046409,259.634796936205,1579.00876663777,117.13178275254,342.613614048728,1.93871243850655,7.37434606499954,9.24557949983223,25.0969545661115,4.57740529158009,2983.54610919103,90465.2509334593
31.3035675289206,0.220112065236821,1407.86676696279,260.109742308261,1583.68708632683,117.519882608522,343.519332671921,1.94587131993102,7.53988570867784,8.53750901920231,25.3165439989249,4.5395814058526,2991.88315375767,90080.5493168839
31.2775854450597,0.219579509725822,1410.59133686968,260.172464566477,1587.12815183792,117.817317400496,344.025455748882,1.95876955766846,7.70460510055562,7.85490078911397,25.5202938431386,4.50260198450228,2997.6447634311,89706.9629665595
31.2522384469615,0.218884905788108,1412.95001870781,259.97896323922,1590.17693473335,118.085266338837,344.33703916164,1.97532954354042,7.8653002875421,7.20536767621384,25.7151044942697,4.46659690603568,3002.4425814429,89387.3831394431
31.2231697071045,0.218085801903949,1415.33010251834,259.659234152797,1593.27923463739,118.354574103883,344.582966399321,1.99392513928697,8.01462056077404,6.59927007565513,25.9069538949724,4.43233389177952,3007.17188768587,89508.3614143308
31.1879813785815,0.21727804308804,1417.56696177285,259.289806606292,1596.24961338213,118.60864287966,344.762833995024,2.01352453121389,8.13815460697979,6.05343945678269,26.0940416179797,4.40200201488147,3011.58406009748,90549.8116744919
31.1491371994498,0.216564542659514,1418.60908073582,258.817812470839,1597.90458429595,118.7577085691,344.656123890668,2.03524602113197,8.22488991639074,5.58647946142198,26.2572061991204,4.37829522800839,3013.56977924806,91952.2513876784
31.1155279960965,0.216016720019685,1416.79849985085,258.052964930094,1596.39183736243,118.664333224682,343.883926123565,2.06171114581815,8.27359347583324,5.21254252342829,26.3619903908704,4.36339607277908,3009.72042277844,93417.6237690369
31.0986552126201,0.215637441487906,1411.09957655691,256.823565429781,1590.57044031929,118.245438499794,342.204389022354,2.09414691771279,8.28900070096271,4.93701587572067,26.3787972686864,4.35834464154695,2997.88115498876,94654.2667609207
31.1068169754222,0.215369105266462,1402.10913468806,255.152917209894,1581.12847514715,117.554677586393,339.763829922141,2.1302844443876,8.28020137438623,4.75616504325272,26.3016438385126,4.36221223145235,2979.27409804543,95409.1047151861
31.1428099677905,0.215161511629167,1392.05569139354,253.338362760798,1570.55345355022,116.778837671396,337.133484621964,2.16259934167686,8.25195115008396,4.67598981586521,26.1546163721309,4.37301489331948,2958.54909168762,96006.2374047723
31.2056429367796,0.215022344794437,1383.2106000094,251.748135134789,1561.34056378397,116.104166329439,334.940872145374,2.18153732097391,8.20229403152151,4.72182525609009,25.978672177951,4.38882412949274,2940.48142890828,96562.0033749686
31.2927665459655,0.215003926323376,1376.3739230771,250.560634158663,1554.32396067148,115.592778734617,333.46264715109,2.18220959898163,8.12859619792518,4.9204143596613,25.8075585247559,4.40822135496719,2926.77950059914,97236.3867306336
31.4004666619721,0.215171990154895,1371.1064636214,249.78185809045,1548.96827055319,115.204636990736,332.634760683653,2.16661056287883,8.0292203452917,5.28004185460736,25.6545225225701,4.43073836992147,2916.56083832282,98162.2147660616
31.5214489353854,0.215600044594482,1366.38911668064,249.352959563337,1544.11052858926,114.853713701339,332.183252766695,2.14259672712775,7.90728432151282,5.7717622520084,25.512513984038,4.45627886847242,2907.72582194452,99083.3697533562
31.6443496229958,0.216365770175431,1361.28362017568,249.237198505104,1538.69213146172,114.462862438812,331.796018872104,2.11930332001493,7.77120055513299,6.33131999453864,25.3648109917796,4.48446135913518,2898.33136476309,99899.3093133035
31.7585121066025,0.217502529107543,1355.35497976426,249.420897841009,1532.23016757222,113.998030634501,331.279040927213,2.10224957459449,7.63057036450294,6.8911279079135,25.2001993589934,4.51441339240822,2887.4582320929,100513.183536672
31.8565665569269,0.218956019650242,1348.54963694719,249.844360527039,1524.6852702007,113.457259930429,330.563262030432,2.09307127379432,7.49438349754574,7.40569610438728,25.0195025347886,4.54470901730963,2874.94279673095,100863.523664347
31.9308570062713,0.220587473411194,1341.21978684812,250.4067734314,1516.5029306413,112.872387492152,329.708082614797,2.09049716207705,7.36877319324777,7.85644019096811,24.8325589334056,4.57385017156474,2861.43981732917,101082.857496174
31.9717275414627,0.222222665312581,1333.9737789528,251.006124461621,1508.43726084517,112.296278377681,328.848589956441,2.09188784805397,7.25658103023072,8.24213882149677,24.6511301402543,4.60071046652889,2848.13801324493,101227.063065096
31.97240354009,0.223710755466534,1327.35534267525,251.574170937246,1501.15473829651,111.776030778316,328.106830526908,2.09519890941769,7.16180029917538,8.56367451127999,24.48403173267,4.62418757076309,2836.11088677114,100981.40216105
31.9339928025343,0.224955628727935,1321.88308418382,252.108101698156,1495.25620453331,111.356367190229,327.597757810383,2.09903796927281,7.09178966497401,8.81410807214533,24.339971059922,4.64273192537398,2826.39661148071,100111.652255717
31.8670994600832,0.225941205207958,1318.33507955494,252.715537143008,1491.59366209656,111.10216253616,327.507966957451,2.10087699827566,7.04938350502952,8.98373603298064,24.2333572738057,4.65512569220841,2820.59857884181,99119.5182812831
31.7870571782124,0.226700497742964,1317.52630500878,253.564750154359,1491.0379006162,111.07967372069,328.045119205322,2.09782002801556,7.03095906640122,9.06737481584328,24.1802999050138,4.66098120062649,2820.42418632287,98155.789116856
31.705955930135,0.227276485947177,1319.72932338925,254.752127012867,1493.85721804277,111.309896830746,329.286508020263,2.08875546273512,7.03317410266743,9.0654085854324,24.1885077171989,4.66035685894104,2826.45750822581,97132.8750590826
31.6296220598894,0.227696885728545,1324.65878648722,256.262271529392,1499.71994452579,111.768640862134,331.167816945449,2.07439592855526,7.05500241865129,8.98352165421117,24.2561771772263,4.65351717092629,2838.11335023787,95971.3238780385
31.5598709247574,0.227965894696382,1331.88680862227,258.020943455952,1508.16774780306,112.421658085801,333.585400645162,2.05574458531109,7.09530505386965,8.83360836246499,24.3783143500295,4.64090403374888,2854.50853509184,94828.2473080515
31.4973478572893,0.228070527481019,1341.06885648749,259.948147331411,1518.85571145121,113.242696063836,336.454273466385,2.03346137859013,7.1516874321418,8.63203313386388,24.5505148733251,4.62308711476833,2874.93880263436,93759.0266769696
31.4423106154595,0.228006966237924,1351.86612468269,261.974664313378,1531.43726546231,114.205265991154,339.689801436364,2.00820286721212,7.22091511065484,8.39461208279165,24.7678808692363,4.60078062609188,2898.71078089159,92847.0265513288
31.3942899851414,0.227794243105574,1363.85703910116,264.041317650554,1545.44714360514,115.274079394328,343.185815070488,1.98093903476823,7.29849431197432,8.13301255991672,25.0233736448417,4.57500337955485,2924.94862733655,92166.1585390098
31.3515574595484,0.227461506020572,1376.2126461114,266.027152963552,1559.93020991031,116.37777927401,346.727321066804,1.95398957054515,7.3809943253835,7.84969752279206,25.3062271997359,4.54683797711832,2951.88491238902,91603.2556940926
31.3113495726662,0.227029584705392,1387.38595661005,267.678814816753,1573.09772155332,117.383253944649,349.910706530362,1.93205358363389,7.46739845323711,7.53849729259165,25.6021464566502,4.51722649101231,2976.19354078738,91112.5855024856
31.2712128071759,0.226506161525844,1396.25168048714,268.811072712083,1583.63985972956,118.19312295523,352.434207633196,1.91898908793849,7.55796243031232,7.19237705769975,25.8977836324334,4.48687977535331,2995.44118095956,90619.6424476143
31.2302738821432,0.225885273430117,1402.76258073288,269.41619044556,1591.48552471011,118.802199963149,354.268765186323,1.91563424817513,7.65345522656141,6.808941084493,26.1853659400469,4.4561258695369,3009.50038488841,90050.9026676595
31.1898972474237,0.225151563803057,1407.62593790435,269.602231046426,1597.43643862455,119.269915405546,355.58110149661,1.92049032810685,7.75330662364605,6.39317226536193,26.4640528082544,4.42509304516087,3019.85954640429,89505.732294114
31.1531471863634,0.224286083247543,1411.70817078831,269.497226465939,1602.48368560169,119.669341028685,356.584306881747,1.93139050656479,7.8552435907995,5.95608744263107,26.7371911761572,4.39391622078213,3028.35231842221,89025.4530135801
31.1230540012703,0.223276666620952,1415.58540371541,269.18757480192,1607.28949124636,120.04900547453,357.423694225189,1.94695652965242,7.95742727697818,5.50958354133899,27.0077297789302,4.36270283082588,3036.20393273584,88534.2666604102
31.1012152436407,0.222121057608453,1419.48307682304,268.71198381279,1612.11681569641,120.428026713019,358.159920135966,1.96696314179062,8.05958867143643,5.0622981395262,27.2767085620392,4.33145921277625,3043.90334694232,87936.5448799902
31.0873550161368,0.220824973612955,1423.48943223886,268.093078460955,1617.07617887635,120.814432064641,358.821401732342,1.9916943512055,8.16106234683018,4.61967389380015,27.5454171054333,4.30023335205595,3051.65770612346,87338.8512883205
31.0797991720754,0.219397196020046,1427.68243531382,267.356344330485,1622.27143993116,121.215778493992,359.434604053372,2.02159964291276,8.25961447918241,4.18575628286871,27.8164328786299,4.26921405034956,3059.66099707243,86790.5178274315
31.0765009072629,0.217853544632273,1432.05993435763,266.521566585673,1627.71338292231,121.632410735369,360.006181123682,2.05738561813266,8.3515872873408,3.76509509932706,28.0916393389959,4.2388296623818,3067.94048959303,86381.3807869337
31.0757566508849,0.216220376484626,1436.46704693804,265.59264113744,1633.23064473883,122.050555296942,360.505932256885,2.09988777725156,8.43131336574449,3.36453859357713,28.3699659331829,4.20996497738909,3076.19782436565,86217.5637672431
31.0761831978745,0.214521889570321,1440.55746112583,264.538042909429,1638.42782095898,122.439563887461,360.853854445776,2.15020466885057,8.49375823820066,2.99123556863838,28.6452945638137,4.18370868204351,3083.71729689353,86167.3056742241
31.076464979444,0.212767321290657,1443.8989441308,263.292329460694,1642.81127169447,122.761727975464,360.943385894866,2.20950885809469,8.53634148080338,2.65005670770105,28.9073991829474,4.16103608887126,3089.58240918021,86152.4581823852
31.0754776018074,0.210952502723899,1446.22243918378,261.799219416803,1646.07449060936,122.993542996478,360.705557466479,2.27817657072945,8.55719295849953,2.34368561676575,29.1469236579267,4.14276156935878,3093.21009785263,86199.728433124
31.0725444225825,0.209073065917537,1447.51462142899,260.043907068971,1648.20203278687,123.133346753137,360.13579153136,2.3553304856789,8.55400370369175,2.07309580093135,29.3585124631332,4.12952209150085,3094.56110146311,86369.9759984566
31.0675663746478,0.207133762590335,1447.8848515571,258.046382262319,1649.31697487782,123.190000033472,359.263054746496,2.43973472575821,8.52500471800067,1.83605361151593,29.5395964567839,4.12171811410219,3093.86884177233,86597.4379958677
31.0609487668849,0.2051470475461,1447.42520213411,255.839121528385,1649.52193148947,123.171003593846,358.115586122201,2.53129414834508,8.46930217222751,1.62653530443821,29.6884969794638,4.11958183709679,3091.34301716631,86842.1720288491
31.0532712208909,0.20312453136427,1446.24980033252,253.461727449721,1648.94466600012,123.085741380802,356.729123055972,2.63119464049171,8.38599761473145,1.43759474115388,29.8046693211033,4.12328485581896,3087.24409361424,87081.1979723085
31.0444689688008,0.201069339204102,1444.55139898263,250.955887037286,1647.80276605176,122.950260638887,355.158153426521,2.74088885466342,8.27422010350272,1.26447198506046,29.8894502064716,4.13288569343947,3081.99135302837,87295.6081716375
31.0321474178531,0.198971837175726,1442.55709971284,248.346680147023,1646.35221587765,122.783486714339,353.46391098156,2.86049125093054,8.13356385048272,1.1063301846667,29.9460724183295,4.14826309586772,3076.05865671338,87504.4342567355
31.0109202800063,0.196811923047187,1440.45266619972,245.631169782549,1644.80042849629,122.600948719292,351.69578803348,2.98756899275406,7.96504207021456,0.965264535377046,29.9787045645312,4.16903356853021,3069.81386117735,87716.782866395
30.9747468297597,0.194565530351625,1438.35073263925,242.78907331083,1643.27122986133,122.412480890231,349.882489038123,3.11863718851746,7.77293567940286,0.842364744382248,29.9912968714346,4.19436015776621,3063.46401409395,87759.8417049249
30.920352996257,0.192209086007161,1436.38375434175,239.810810031808,1641.91223767078,122.230173493672,348.054533893165,3.25209147418544,7.5646457355515,0.735445573841447,29.989112470401,4.22289375571749,3057.26364299216,87419.0897559508
30.8495138098911,0.189733459037031,1434.91569783358,236.741641513066,1641.1354119544,122.085746916288,346.300892837404,3.38628895336007,7.34567300369325,0.642318433708597,29.9830912601774,4.25322763610178,3051.97326882405,86938.8854966588
30.7682302111997,0.187151242647795,1434.46693724053,233.673655728195,1641.53024525744,122.02398933622,344.752796389794,3.51690991288018,7.11854467270648,0.562444747927726,29.9890683130931,4.2840894164425,3048.70312207284,86446.518814675
30.6832390447402,0.184490481845611,1435.2970059652,230.67404959494,1643.38791873738,122.067452692276,343.479171906266,3.63927691226966,6.88575469287329,0.495451360883508,30.0200170932634,4.31437782567932,3048.02260354842,85983.3957876801
30.5995683459408,0.181783319615764,1437.25458367831,227.751588487135,1646.53022724415,122.203695314998,342.448339099876,3.75032350751319,6.65038675894522,0.440298385498313,30.0810107124289,4.34336440657772,3049.63381538179,85571.5336886297
30.5210635031052,0.179054125117799,1439.92891786106,224.869872425689,1650.48097580101,122.397992484754,341.563269860275,3.84981640749068,6.41551677278151,0.394974016074188,30.1698141768686,4.37074237149054,3052.68230831839,85184.5950027552
30.4516913302422,0.176315180591369,1442.87790621059,221.977918835513,1654.72553038315,122.612562477951,340.716561271029,3.94005220048252,6.18325032356141,0.357043538745633,30.280368151196,4.39656234919311,3056.23553305655,84808.8593516758
30.3950782249677,0.173570054184868,1445.79218144201,219.036931421488,1658.90078049642,122.820673113515,339.831652624022,4.02389154076226,5.95437118866705,0.324503451305751,30.4064215559721,4.42107283412112,3059.63478521893,84439.0327181086
30.3532848655303,0.170819326733603,1448.5351042422,216.030980640082,1662.84475270882,123.01039836062,338.874678082408,4.10323878153714,5.72889269823326,0.296095388610541,30.5434857044572,4.44453063395579,3062.58845882694,84072.0105470145
30.3261754462609,0.168065328233819,1451.09569030318,212.964844245417,1666.54630029602,123.180925630769,337.845888745261,4.17859113355519,5.50664596090984,0.271195231838198,30.6891357727884,4.46710287293656,3065.08125858232,83716.9320420935
30.3117819453904,0.16531406092786,1453.51645783307,209.855571725204,1670.06281921013,123.336485394988,336.76327675631,4.24943571011263,5.28764600447803,0.249515540609644,30.8423241393311,4.48885613491846,3067.22423420936,83380.4858936714
30.3074015435491,0.162580338754096,1455.83010436653,206.725510019549,1673.44259547351,123.480718983111,335.64729468138,4.31249384573892,5.07109843045304,0.231628641167729,31.0022753808972,4.50994757758709,3069.11776725677,83424.5849773208
30.3106325037618,0.159901548867412,1457.86472055705,203.588695581675,1676.49530309286,123.600172770819,334.478479262081,4.35772916741534,4.85524912271437,0.220130493854379,31.1641372616365,4.53087922187049,3070.44795001133,84464.0777819285
30.3197639701634,0.15734587743347,1458.73894478715,200.405585525865,1678.20905421172,123.622318989954,333.082868627769,4.37246772720832,4.6448863931795,0.218716724719742,31.3070078381535,4.55216050772412,3069.4415634966,86044.9591019311
30.3337707031173,0.155008300350523,1456.77020474299,197.075505829951,1676.64306930251,123.408477697706,331.11739418606,4.34773459698705,4.45535886682514,0.23090770856576,31.389977996834,4.57400176196753,3062.67964789876,87776.3830560661
30.3523730099008,0.152972346735738,1450.51613020339,193.529683860626,1670.12602738866,122.841165760191,328.308039414485,4.28230730982952,4.30464447281923,0.259136845042463,31.3709223493418,4.59633580566393,3047.25094922632,89455.9070128631
30.3761454464915,0.151285150695183,1439.89300408699,189.82475203068,1658.54706441089,121.917177334926,324.699299475762,4.17596359780245,4.20592310950253,0.308687378234272,31.2291016143625,4.61856153417122,3023.05898497522,90958.8577864402
30.4071750199017,0.149986850016763,1426.5210504464,186.181096262831,1643.75710570477,120.777754398916,320.762313838567,4.00424872335137,4.17318603725364,0.400683997241823,30.9753252742249,4.63819395782643,2993.56380864759,92413.2531567789
30.4493185055985,0.149158082007482,1412.69265267709,182.879033768295,1628.38066113618,119.622587010456,317.190588367157,3.7268124904443,4.22857653524161,0.580672768368153,30.6433973225954,4.65036689238232,2963.65838474311,93876.6574944829
30.5067053176883,0.14896162505731,1399.63019644526,180.069967665308,1613.80824555142,118.556727813239,314.463203958911,3.34573697134028,4.38026109703176,0.919758059506619,30.266263563066,4.65236297450881,2936.00941377117,95627.9664245135
30.5818249608311,0.149730931103395,1387.18985193112,177.807779880395,1599.84938332466,117.556819475164,312.695859588799,2.93162510120158,4.59243008729208,1.5115204778868,29.8544670030294,4.64906180701813,2910.42593247262,97944.7994589813
30.6737475982796,0.151924599988802,1374.4225041363,176.251326417822,1585.35581689283,116.517447396367,311.674449156845,2.58190916038125,4.79761411230612,2.43075516847718,29.3916832688885,4.6512682824681,2885.05592081258,100357.321099965
30.7775721632291,0.155826552918866,1360.30728858083,175.750049003067,1569.06306723624,115.325725962228,310.985381292559,2.34521679886565,4.9435328473825,3.66843999948762,28.8561918692651,4.66753966482455,2857.90516214223,102631.601905218
30.8865012364037,0.161370388666534,1345.03182468028,176.695581967181,1551.11805196155,113.986063017721,310.399664503441,2.20665803259455,5.02067741269464,5.12501873456587,28.2514422784034,4.69849046893853,2829.40706124395,104322.745818911
30.993660245477,0.167887809903824,1329.64769471681,179.19344208907,1532.72964209581,112.594771920888,309.909608790145,2.1328507573173,5.05241530418567,6.65655476405078,27.611491326542,4.73817606200527,2801.60206735621,105120.793423204
31.0919592039924,0.174438050790417,1314.92096229969,182.95274165916,1514.83251183013,111.233331282461,309.498961942533,2.09909442249967,5.06519427809592,8.11840275818561,26.9828386643822,4.77957548824989,2775.75351702876,105541.863760197
31.1746170458605,0.180594314146081,1301.56701471807,187.586465948998,1498.31393875759,109.977134436435,309.187754918566,2.08902065084338,5.07394619385135,9.39521682289301,26.4018177656832,4.81805695236634,2752.98824320007,105750.630364422
31.2372900324393,0.186146079626068,1290.27777362955,192.800566480967,1484.02702147558,108.894245510549,309.051662126427,2.09209855606312,5.09164615044762,10.4185438818956,25.8857571456151,4.85060908221425,2734.48108935428,105101.787467711
31.2792800503913,0.190780576962101,1281.86916987807,198.361022970442,1472.98167863543,108.061050049,309.254721491329,2.10151196479356,5.13464886012595,11.1640527635797,25.4467637245801,4.8742316178908,2721.74680868946,103213.072895129
31.3033384489046,0.194482995014776,1277.64980803615,204.074937502462,1466.78346623177,107.595535591542,310.134080990321,2.10910167287931,5.20909477376435,11.6516833881094,25.1074182232363,4.88683914706786,2717.37907824326,101112.404704596
31.313803146603,0.197366441254315,1278.83616070888,209.811103996712,1466.92762156929,107.606369619867,312.038839233084,2.10693071228725,5.30989233361871,11.9283419809743,24.8920359610369,4.88783939865439,2723.84795762551,99081.8638455544
31.314484387416,0.199621227296031,1285.58854426421,215.49380911444,1473.6453970163,108.109001368544,315.066356473771,2.09139586925305,5.43211247250646,12.039144749004,24.807803626389,4.87759777609056,2741.49777391733,97187.4812047834
31.3075927086872,0.201482246410268,1297.07025065667,221.087337707578,1485.97009666751,109.030593458744,319.064136909966,2.06326137398556,5.57212607732819,12.0169376293599,24.8432645186871,4.85736925177645,2768.64501861895,95466.9432246366
31.2933110008951,0.203130320673079,1312.03160287573,226.555283196137,1502.43993664642,110.26224382465,323.766605933501,2.02566841264543,5.72734583159339,11.8813688471217,24.9778090636868,4.82878468286136,2802.74902708882,93892.8049171413
31.2704940579488,0.204620823728327,1329.27532888105,231.843708845411,1521.65667206539,111.700343292257,328.908352678846,1.98240214016798,5.8957968854249,11.6439419423356,25.1902141809678,4.79341336525897,2841.35749994457,92459.2436487292
31.2383499293791,0.205936547620956,1347.88414882079,236.906366604696,1542.54958819324,113.265615182948,334.282147426355,1.93672418428762,6.07444346610146,11.3156993281324,25.4631736899646,4.7527325387432,2882.586190839,91250.8015201101
31.1980200733837,0.207064261424354,1367.19651631405,241.720992951306,1564.34192608394,114.900266429311,339.737128702859,1.89102344156946,6.25837017512129,10.9112535245727,25.7831833067044,4.70825150393895,2925.07898283909,90348.3488779849
31.1542887808478,0.208013091140784,1386.35049361985,246.222036195664,1586.02432151814,116.529407282995,345.066245175506,1.84792177778841,6.44340830512852,10.4462547200151,26.1369910069731,4.66134982576807,2967.03808129455,89618.7776732314
31.1152447769915,0.208800757849997,1403.53407037489,250.173327947339,1605.49708397223,117.997994572863,349.821165779123,1.81234078192115,6.62779659822875,9.93482639448913,26.5092122567293,4.61318305991834,3004.62473757814,89000.8687370301
31.0886100291047,0.209432936034215,1417.20388966861,253.356046955025,1620.97562388544,119.174221404577,353.61037446969,1.7885611526452,6.81184595233577,9.38873221228703,26.8849583197962,4.5645794519289,3034.55397556144,88375.167556356
31.0782940490897,0.209894045276727,1427.21514971825,255.742267841848,1632.29180194284,120.045460629776,356.379976139124,1.77716032142004,6.99778455032231,8.81623058854006,27.2547142713011,4.51578764975453,3056.500906078,87616.2789068606
31.082972997577,0.21016123074352,1434.56027742356,257.465842029053,1640.59071947193,120.695568177672,358.360587075996,1.77567630500409,7.18647415742956,8.22481240360479,27.6174859496408,4.4667677616817,3072.55706330874,86873.9413324317
31.0973782464466,0.210218904233997,1440.55711223254,258.719463314618,1647.39160076297,121.235486651897,359.874304615961,1.78080123981608,7.37591869838849,7.6237216056906,27.9785885011054,4.41753262881933,3085.51890530264,86216.7503716494
31.1155785711633,0.21007236860681,1446.15064423594,259.662594159678,1653.78077188231,121.744114497563,361.162198660541,1.79022193025001,7.56311153042606,7.02333241204483,28.3433797121925,4.36824774527467,3097.41035411788,85663.0927150659
31.1332836321374,0.20974966304036,1451.70708605831,260.389339542073,1660.17461005449,122.251098517711,362.330703128337,1.8031255479849,7.74475979500671,6.43387074078511,28.7133852881806,4.31934653074573,3109.0427796734,85220.7235630775
31.1478113218581,0.209289624247306,1457.16495844887,260.93893952219,1666.49740091971,122.750137306915,363.383871361898,1.81986790310252,7.91789712385357,5.86348260158135,29.0860487296811,4.27145013710836,3120.32796002098,84857.5145522758
31.1571182844253,0.208729239680729,1462.28942550815,261.321460225235,1672.47735777586,123.220810154266,364.281698093959,1.84138570165778,8.08016286297759,5.31721965190202,29.4565817291588,4.22521546558596,3130.80977294395,84551.0889268908
31.1596298879569,0.208100266837272,1466.87938417327,261.544479653273,1677.88309881644,123.645654684667,364.990087499183,1.86856795977169,8.22843888040283,4.79880555205232,29.8203724562862,4.18138607716104,3140.09819103822,84389.3134138229
31.1548622693218,0.207436833928464,1470.80868360955,261.627089648406,1682.56622787905,124.012891083438,365.49403900271,1.90181478733758,8.35720557878692,4.31456127753568,30.1735444149541,4.14099606684623,3147.95946347546,84511.578606331
31.1446464003519,0.206777556980079,1473.89132598069,261.583168850203,1686.30377820493,124.305051443441,365.767715008148,1.9409766080156,8.46108109510165,3.87592323806397,30.5104238527349,4.10517202985232,3154.03215028083,84774.3163175435
31.1336839926287,0.206161041319379,1475.83419679791,261.402255262115,1688.74597755409,124.495651887186,365.76355913406,1.98475109870782,8.53748002025018,3.49862138274756,30.8226449964542,4.07481255777405,3157.72068631651,85077.1484257353
31.1278538240959,0.205615887470812,1476.45403167986,261.068851699053,1689.67075404714,124.568162685739,365.461051456432,2.02974699425506,8.5858366144788,3.19754787104958,31.1028049483908,4.05046611068157,3158.64849449434,85445.6547747392
31.1315905095102,0.205163718842516,1475.81982153463,260.593525380511,1689.14932963346,124.528183024796,364.898910796455,2.07061564692337,8.60654644849993,2.98255226410861,31.3474106517363,4.03229863631388,3156.96776507284,85955.95519854
31.1459710883879,0.204836249036286,1474.14062711683,260.026663436008,1687.4133559154,124.393634422086,364.156444313814,2.10122966356659,8.60120256241443,2.86052668935509,31.5563463278808,4.02011299121042,3153.14576236648,86531.2504125434
31.1684950806019,0.20468631934519,1471.65095767274,259.4553227538,1684.71998589825,124.184822019676,363.334254527103,2.11586698932581,8.57259767261116,2.83894091507193,31.7317567814458,4.0134329487184,3147.73426138326,87120.4759027735
31.1949022918611,0.204781760750282,1468.52671562815,258.976578273182,1681.25682412094,123.916809051325,362.528308840904,2.11061835390542,8.52083989672267,2.92714139141326,31.8775032771344,4.01206349224786,3141.1783583697,88025.5963158317
31.2204470332765,0.205210199543249,1464.69485138182,258.672727396743,1676.9217927969,123.582175495787,361.774037238532,2.0849710122342,8.43892048306476,3.13857224241557,31.994078455325,4.01698937025354,3133.40748559646,89691.7937991802
31.2371636135747,0.206063195042433,1459.52444341549,258.565583872373,1670.9666281429,123.125125211858,360.948746191091,2.04487800623841,8.3205235649842,3.48150442180002,32.0671025029335,4.0299319158853,3123.16601049876,91675.735221313
31.2310185167547,0.207401011834809,1451.91829626749,258.583096534529,1662.10851897795,122.450614466367,359.770484293104,2.00230599016035,8.16670797984901,3.94482796847449,32.0658038111071,4.05246954210488,3108.16515195179,93704.8945660128
31.1863037364514,0.209205207080199,1441.2269329965,258.630700517707,1649.59318239894,121.503372427981,358.025058252642,1.96845130381993,7.98406198399707,4.49640370800011,31.9612878369827,4.08523158878239,3086.98825348213,95572.6880871692
31.0949531634907,0.211361147423127,1428.12032966164,258.703285718888,1634.20583591254,120.343148539412,355.803879315201,1.94799278513181,7.78382658325941,5.09065555515841,31.7456482544485,4.12695091970236,3060.95090422703,97108.3076812317
30.9648142699407,0.21370458350835,1414.38323870419,258.897470916824,1618.03595167088,119.127065881818,353.48835178571,1.9385222507559,7.57630132562837,5.6823504686483,31.4364191467949,4.17504395945931,3033.71917964595,98481.0816529141
30.8177050487735,0.216077399543455,1401.67394243332,259.290527531775,1603.03897398977,118.002609632579,351.462586400804,1.93509179029828,7.36777696248739,6.23659453871451,31.0640813878391,4.22680000226619,3008.72185282056,99737.4104547582
30.6760319399047,0.2183630681637,1390.47722376537,259.830350976131,1589.8127246516,117.016340537234,349.845217022055,1.93484492884153,7.16363163268502,6.73158233853907,30.6555097209983,4.27990497172396,2986.93581890049,100779.17342145
30.5502708453587,0.220487515448071,1379.99805536843,260.324279652753,1577.46291977572,116.103286897486,348.437036029028,1.93848725725309,6.97052124012294,7.15749133764022,30.227704988097,4.33245890749738,2966.63570301307,101517.114239179
30.4328988005363,0.222424594429089,1369.30906618382,260.607452210011,1564.91919615597,115.183949116865,346.976385981502,1.94758165789154,6.79538895606924,7.51547438902485,29.7912437802059,4.38285635192153,2945.80832883628,102048.739205765
30.3041912677008,0.224189725708768,1358.29633911886,260.671934785424,1552.03098124757,114.245809531228,345.374315720432,1.96172911960749,6.64392995329485,7.81326140883735,29.3550591902249,4.42971313457152,2924.16184157604,102408.024519787
30.1478401302262,0.22578294113458,1347.4982225246,260.605201513908,1539.40124260978,113.332195376134,343.706581674456,1.97914337492323,6.52148873824415,8.05488508039189,28.9287484612073,4.47165755255157,2902.79390606411,102408.154328267
29.9620054308235,0.227166017811651,1337.73258709184,260.499938142692,1527.97130442727,112.51202388772,342.148339153559,1.99755614717843,6.43304245680573,8.23595299847589,28.5252349437609,4.50722531823425,2883.40359789622,101928.13870129
29.7614334279311,0.228271934724658,1329.91655778347,260.426195517934,1518.81340997044,111.863607578813,340.944382050532,2.01399071447833,6.37821475029575,8.35147886081429,28.16255657124,4.53547531378238,2867.91577010398,101296.622273053
29.5688205260964,0.229022372658362,1324.76383942165,260.42350108167,1512.77097743082,111.447865841935,340.319485752181,2.02572309385751,6.35129887430161,8.40269027303305,27.8583161409089,4.55628098355953,2857.84574039995,100630.364669267
29.4013622651331,0.229368981878498,1322.46624300389,260.489090186646,1510.0797181843,111.281384983529,340.361167780855,2.03179651276165,6.34862935218726,8.39357801449442,27.6214147904557,4.56971932991258,2853.61529098761,99731.9539139835
29.2651830545571,0.229306690706726,1322.86254363622,260.602985904296,1510.55687339791,111.350848471486,341.040899835972,2.03272476721158,6.37130459995298,8.32454857597357,27.4533163609419,4.5755862025568,2854.89454004901,98452.2066130164
29.1574836459086,0.228879023874844,1325.90106266337,260.78997368671,1514.13075371958,111.6513760983,342.336486473368,2.02870283376314,6.41936456864674,8.19090853094522,27.3554706060362,4.5737880117023,2861.58092683204,97148.3956681651
29.0715428015108,0.228146314465791,1331.66601892293,261.114232919839,1520.8762122682,112.188593738953,344.254010098469,2.01962939419085,6.48925983466449,7.98694677291877,27.330197334331,4.56466894251437,2873.86196403407,95932.5947988331
29.0010245117092,0.227169767756561,1340.00537213209,261.607304402735,1530.59910273988,112.947976707911,346.745218514983,2.00618198500218,6.57621154342651,7.71308597159523,27.3752024704538,4.54901785615483,2891.43012117237,94856.2720559568
28.9424363298725,0.226009779901245,1350.42981352735,262.244116926211,1542.72804397002,113.886759083003,349.684161671001,1.98991170372191,6.67475411594074,7.37909706777713,27.4816629034576,4.52810469048707,2913.27016220963,93953.7993336838
28.8967676312703,0.224720298292344,1362.24678884571,262.958795689213,1556.47262952183,114.945677009214,352.890703484138,1.97290601825667,6.78059037627062,6.99975529209154,27.6358703550799,4.50330936003464,2937.93889730491,93162.0102776071
28.8685975948912,0.223343029373627,1374.75849097568,263.673989619062,1571.04729783255,116.065671683671,356.175301468836,1.95725050832039,6.89132608680899,6.58969380635252,27.8225845501811,4.47581973610705,2963.97950175181,92455.8709241727
28.8621457952854,0.221903789087431,1387.43393896105,264.32809499957,1585.8573468261,117.201890370038,359.39025110082,1.9445722669348,7.00512655918325,6.16112445471772,28.0288961885427,4.44661363613892,2990.28212744946,91826.6900785087
28.8778028743586,0.22041435117932,1399.94619503975,264.881279132973,1600.53516656042,118.326589259123,362.445807591324,1.9359892531652,7.11993816144188,5.72316060416059,28.2456947287473,4.41649618974687,3016.16130434929,91267.9998780532
28.9102255378021,0.218874576241719,1412.04762404861,265.293136586962,1614.80064195156,119.418879809526,365.278138496026,1.932469117467,7.23343135043374,5.28165809487411,28.4667618165796,4.38615715196426,3041.09126199088,90780.7566986066
28.9495893773448,0.217274316281232,1422.98217696782,265.424908342152,1627.79180301936,120.414994649855,367.695583978415,1.93640147820425,7.34335729494025,4.84029011423865,28.6866822038219,4.35623454205483,3063.45108732784,90362.71577757
28.9862520006063,0.215598876098266,1431.73013216128,265.096305417881,1638.34305886632,121.228617534416,369.437179811347,1.95149411604461,7.4493673887693,4.40148593238815,28.8994457821108,4.32713848802805,3081.05525139679,89843.083826025
29.0145196478974,0.213831291758626,1438.07222697685,264.264906645388,1646.20291884769,121.840923886026,370.443697283091,1.98000910759009,7.55362298482788,3.96582726856368,29.101686670579,4.29878043068778,3093.42821241621,89037.7824826812
29.0335639808871,0.211950949861971,1442.77522661676,263.042297361341,1652.2464354622,122.315888237064,370.911680662242,2.02176244829198,7.65568095615004,3.53522362367196,29.2981153154922,4.27098068284754,3102.19349756897,88189.0498752216
29.0457663607056,0.209935505856639,1446.98914667146,261.594384040059,1657.78524203046,122.749159658658,371.141449633156,2.07545666921105,7.75053990523206,3.11517518928214,29.4999068698397,4.2438347959343,3109.78734018899,87403.6461648299
29.0540837028718,0.207783946038783,1451.49837764033,260.042368201313,1663.70951456349,123.204709581258,371.344187072099,2.14013424247825,7.82950748716461,2.7154037224088,29.7161442192193,4.21808204590024,3117.87609644039,86968.4948915197
29.0598828297061,0.20553766286725,1456.36240210497,258.428486231809,1670.072948106,123.684131450101,371.551341067964,2.2147514269159,7.87925241515264,2.35074813669028,29.9462301907471,4.19567099507791,3126.60478213567,87240.1369097693
29.0608623705924,0.203261176750042,1460.78276849804,256.68357382392,1675.93464200226,124.116087682503,371.571973188659,2.29894327057711,7.89003896320047,2.0323689947187,30.1729619309647,4.17900048038446,3134.29529082093,87813.1136989795
29.0505825195689,0.201007660961085,1463.44351891815,254.64725179841,1679.74832840517,124.385775955938,371.074143586912,2.39416442439363,7.86007552539087,1.76036588521071,30.365188779963,4.17015239820503,3138.14327517529,88446.9730041492
29.0215923019117,0.198785449217683,1463.44567760503,252.186553279184,1680.44758660768,124.414765659127,369.825785211384,2.50335301113371,7.79212820295026,1.52535778134058,30.494692806257,4.17038739466252,3136.20314717048,88832.4691533406
28.9701308983637,0.19654853795507,1460.99885666843,249.296422755834,1678.25823225532,124.220505269534,367.872453563959,2.63091053147143,7.69192815276579,1.31331274069219,30.5523445002242,4.17943977461625,3128.87506273236,88661.1803877335
28.8996867839914,0.19423263959487,1457.46856892326,246.131108176223,1674.76144289404,123.919953271529,365.557739629901,2.77924805536681,7.56134005379946,1.11609402533922,30.5545799747748,4.19610596392513,3119.03638059533,88304.0259101024
28.8198379516511,0.191793713816193,1454.69240258425,242.929319061741,1672.10003946758,123.670864396882,363.352012701436,2.94538947845399,7.39734444269289,0.934829353419987,30.5332474058402,4.21897330203691,3110.6011809608,87944.2339425635
28.7407401216398,0.189223799580201,1453.72158644706,239.834610369422,1671.51264912674,123.564299210582,361.529117509147,3.12370481163237,7.19853421335487,0.77401192150782,30.516094284566,4.24664111887325,3105.82894546885,87562.9350160678
28.6687421069817,0.18654672343292,1454.51471567838,236.850019131654,1672.96766319492,123.598099206399,360.087983298498,3.30801043866694,6.96777307581668,0.63697409011892,30.5170536990959,4.27791142836828,3104.65979619553,87096.4186373665
28.6053202720947,0.183802913342384,1456.54125042571,233.922629758099,1675.85617068271,123.728132547758,358.906759864113,3.49076237803045,6.71073165211312,0.524906658324608,30.5397295958638,4.31178870351667,3105.99411935128,86612.9094029702
28.5484863255931,0.18103356507821,1459.29588198211,231.010800691413,1679.58978040841,123.912373650643,357.872434707934,3.66309515146835,6.43461085701283,0.436785260642135,30.5839633838183,4.34727272674311,3108.78538616303,86146.8959350926
28.4951775188301,0.178268504883346,1462.42523157934,228.092542101731,1683.75265797524,124.121875788077,356.908776736098,3.8181013017356,6.14737826450545,0.369320102713366,30.6484689630346,4.38331036898509,3112.30522695028,85706.5604865689
28.4432340144112,0.17552196980493,1465.69256680871,225.153502023606,1688.06395501628,124.337572077266,355.964735584885,3.95329009159883,5.85609802186725,0.317992179845234,30.731176262086,4.41901318238422,3116.06423511125,85294.4098241671
28.3926627182678,0.172793643373767,1468.94072811697,222.178483771589,1692.33490476682,124.546808490676,355.005436173128,4.07055916812722,5.56558083116206,0.278231257397354,30.8294198077764,4.45384416598176,3119.73058196499,84901.7955947395
28.345682489283,0.170073940142139,1472.0762223346,219.151144073203,1696.44972511517,124.741849110861,354.009991105996,4.1742190191395,5.27805101395239,0.246310096299554,30.9403406958205,4.48764804063332,3123.09797807108,84524.6360140775
28.3052679457611,0.167352914843858,1475.05989695933,216.060323454178,1700.35611495997,124.919293082238,352.970636225067,4.2680638106009,4.9938887454887,0.219857258718316,31.0612660937102,4.52052356017947,3126.07380811132,84199.5144106061
28.2736872985671,0.164628297427718,1477.87206420956,212.904243961279,1704.02741258129,125.077557632226,351.885192036435,4.35342625231721,4.71307277406732,0.197825755236801,31.1894608676241,4.55262882095756,3128.61520051304,83980.1833281224
28.2522381739391,0.161909518004675,1480.44560145878,209.688431492588,1707.38866811405,125.21177450894,350.741329318434,4.42923271792458,4.43719796212117,0.180024514834119,31.3210380584352,4.58395715097608,3130.59658388648,83817.9480956907
28.2417085030347,0.159215962998825,1482.65706382217,206.424633923393,1710.30757993112,125.31331771082,349.514896050679,4.49332779444891,4.17039667902652,0.166443962287476,31.4507738638575,4.61421670712697,3131.79260723701,83680.8313182021
28.2425644302108,0.156570045023316,1484.40940478329,203.133118882222,1712.68522659651,125.376299149669,348.190498076494,4.54355733393101,3.91759258412794,0.156960307211248,31.573638053742,4.6429859024527,3132.04193052587,83702.1472359581
28.2548339894145,0.153994260444693,1485.62216712665,199.833606303716,1714.43660935866,125.39606752919,346.760155172594,4.57571482431369,3.68332762411583,0.152222021535186,31.6845732815839,4.66988967986062,3131.21336261809,84104.4887447128
28.2778719841171,0.151508818404646,1486.03374062631,196.514778076006,1715.25505554763,125.352792963557,345.175610779608,4.57990165811053,3.47668395369523,0.154809794654485,31.7745124958267,4.69413520098049,3128.77881624734,84702.9858561908
28.3102592707,0.149126916401367,1485.15309112403,193.124330562279,1714.55433069019,125.208366432985,343.338614119668,4.54199484542482,3.31628676427621,0.168679733231619,31.8293487125036,4.71386067412501,3123.70881667086,85357.5285885938
28.3503011512526,0.146853745076887,1482.58084539063,189.612831956984,1711.8449553063,124.933248616826,341.183181791077,4.45104407676004,3.22449233536057,0.198410248154815,31.8356857597935,4.72663453596545,3115.1591318173,86294.01789912
28.3970789180019,0.144717214642205,1478.1668317934,185.977493625939,1706.92597949172,124.519024065508,338.726505186754,4.29470097054295,3.21934739499573,0.253631937052111,31.7831239386109,4.73049714454361,3102.83656022298,87918.3083574017
28.4516621974889,0.142825785026061,1471.69632945053,182.274020747976,1699.53814063301,123.953847745722,336.03073663804,4.04621144303194,3.31964830158783,0.359901343308266,31.6587731766089,4.72363915692535,3086.41465868679,89874.2074269445
28.5174246360607,0.141414826032154,1462.58664569559,178.60571769039,1689.02506832634,123.197886624393,333.165871902468,3.67921122076603,3.54618715215397,0.570040046678539,31.4460793139936,4.70436958437782,3064.94807618794,91916.4744118311
28.5985298420146,0.140838351179316,1450.27099253415,175.116791682534,1674.76777330324,122.207368564815,330.252416445379,3.21770369646485,3.89045333957983,0.974522814389312,31.1316863037655,4.67512407666668,3037.59454086839,94441.8532456486
28.696263209898,0.141555388074876,1434.68198505561,172.054782157369,1656.71796091003,120.963288789828,327.465736944203,2.75809717571112,4.28052917287448,1.70202046371746,30.7043657081031,4.64723043302446,3004.5336961677,97986.1637995011
28.8005912471976,0.144032812568245,1415.84658997405,169.932518217241,1634.90059740585,119.436810835698,324.824941894572,2.41215320928166,4.60739413286635,2.84771853470968,30.1462630432825,4.63743735732981,2966.17824317688,101855.707819608
28.8854692127358,0.148771070036859,1393.40445858345,169.530244529215,1608.84873390946,117.566462276733,322.050148416041,2.21279999552513,4.80214930383389,4.35935010274786,29.4405132433891,4.65625754233728,2922.19838393566,105697.741974322
28.9217699384559,0.156063208732841,1367.57643934957,171.495394245139,1578.76745258652,115.359753135453,318.896910650821,2.12306434760774,4.87315129078203,6.04209713108493,28.5972233804149,4.7013087317617,2873.29007981473,108525.432421402
28.900606379945,0.165194013653266,1339.74773635749,175.769428471891,1546.26287089577,112.945966426738,315.410190439201,2.10019585422862,4.87678509354839,7.67526798934357,27.6690829644226,4.76092071147869,2822.04015620644,109646.329738588
28.8491790551527,0.174818784100284,1312.03885187173,181.510596942902,1513.84151183491,110.5270697429,311.884717061085,2.11423769178697,4.86055504811564,9.13145889012883,26.736137923045,4.8232796932819,2772.02714571799,110179.530101576
28.8139572285533,0.183901812261736,1286.94242852119,187.761226243087,1484.44324973907,108.33223593817,308.773810782756,2.14399363025954,4.84454552278368,10.3871287360015,25.8669857708191,4.88130092941486,2727.53228112378,110380.456534086
28.8262533994458,0.191882804017327,1266.15292847789,193.959113735234,1460.06048866823,106.513426647314,306.41358627113,2.17640122985585,4.83872514644564,11.4562679718491,25.0945494683338,4.93158318462896,2691.54030175123,110016.262286066
28.8875877957121,0.198491289531242,1250.34238262706,199.930418320768,1441.48021181305,105.128751893856,304.958764053775,2.20514113521442,4.85046118847092,12.3420940316797,24.4273243409817,4.9726298170623,2665.27979368784,108989.068167159
28.9749299047556,0.203724037828888,1239.76579989575,205.650781689493,1428.99244279285,104.198471995217,304.493721467358,2.22662981646698,4.88199038499444,13.0256460029575,23.869782161627,5.0039130721474,2649.25415853428,107721.986175867
29.0586224409385,0.207710037720631,1234.44413790048,211.104197621259,1422.61003805296,103.723082471871,305.051760714752,2.23855576496478,4.93125779425619,13.4834197943025,23.4262631464936,5.02548294933202,2643.49911246248,106370.942734383
29.1204154713975,0.210567058516433,1233.96650337189,216.26371519495,1421.85116517846,103.667397511835,306.553620897513,2.24093235251293,4.99942829546453,13.7061455918402,23.095895447176,5.03721812454304,2647.17247113144,104616.256446671
29.1570374917359,0.212435440001978,1237.7505310015,221.110812477994,1426.04846481913,103.982891918103,308.868604244756,2.23503254289399,5.09245852512145,13.7028650669283,22.8752024393448,5.03848243408566,2659.09957059404,102289.966699476
29.1742448767409,0.213626314251692,1245.57417853905,225.69884993497,1434.9627193026,104.65168561387,311.959648511479,2.22019338209718,5.21219147738806,13.5016848047946,22.7644145581391,5.02903930523059,2678.89977839015,100013.3066539
29.1798174908363,0.214446963861867,1257.40916774012,230.136141981907,1448.58002878776,105.671530767283,315.849145675992,2.19485167131698,5.35493330426433,13.1420314298848,22.7637862815966,5.00946796494995,2706.63194115483,97950.4206600098
29.1796144244021,0.215052326332186,1272.81529091319,234.484352762895,1466.40110632518,107.004564791639,320.460556105802,2.15960563693351,5.51761271617669,12.6621977113936,22.8649486512667,4.98077623805746,2741.48181602066,96056.2470826927
29.1768118393448,0.215463899538699,1290.93702006989,238.734216589782,1487.43592799461,108.577148571268,325.611870053348,2.11737395774562,5.69791220262287,12.0951625903413,23.0521981952565,4.94428643293485,2781.73243259069,94277.9459549163
29.1725463953924,0.215671688733721,1310.88561287124,242.852506208442,1510.6510611548,110.312396230837,331.112063837349,2.07150055307468,5.8920595717438,11.4707921802083,23.3096210440718,4.90153038052449,2825.5764678769,92679.8947915179
29.166887617292,0.215683929769008,1331.96296310231,246.818060388899,1535.23316269172,112.149462656254,336.8167610805,2.02457852217813,6.09478886288138,10.8169492546797,23.6246317490064,4.85405145831316,2871.59954212066,91270.6773420498
29.1596683259108,0.21554061129546,1353.64813453155,250.625522875024,1560.57324107193,114.042542432282,342.62081710131,1.97821375881011,6.2993274940478,10.157970518209,23.9867579652904,4.80346789008346,2918.75338548658,90252.6323527399
29.1507166589192,0.215304914643879,1375.45253401854,254.279536967525,1586.09614920316,115.948267622802,348.421416071082,1.93350799821065,6.49629951043295,9.51406087039361,24.3844302913657,4.75180589578191,2966.0556131366,89843.6569559884
29.1394936111663,0.215043015767194,1396.57846675932,257.742533441654,1610.86512284318,117.797382428822,354.024700167204,1.89257362982809,6.67948609008433,8.89561737069957,24.7992764441376,4.70101598411261,3011.85633137581,89698.4219400961
29.1248679603411,0.21481129438111,1415.57480747915,260.85280183224,1633.18642911512,119.466052071252,359.05672070209,1.85923475239258,6.84872545768632,8.30070824837135,25.2061514355782,4.6525692340505,3053.08267033538,89652.2708520812
29.1055879540729,0.214635590280557,1430.28488515503,263.293155548576,1650.55325982217,120.770822764133,362.96159257803,1.83907698392653,7.00488753550283,7.72371620362652,25.5814319206516,4.60769962565287,3085.11996975773,89774.1045457135
29.0810127137575,0.214521377161893,1439.48340877501,264.8772729964,1661.53919049184,121.606663041679,365.420479623989,1.83533225535978,7.14649697336858,7.16287371087645,25.9089333947074,4.56754480412048,3105.33738065553,90180.6204350199
29.0518175418102,0.214458247187726,1443.51568454085,265.661353998289,1666.53836377813,122.001512027394,366.51334762596,1.84728726931167,7.27059407360732,6.61886012363416,26.1794973150753,4.53304753997854,3114.46464276882,90724.3520024719
29.0200638151512,0.214419794565828,1443.62699952636,265.825834441965,1666.99059003219,122.060016862926,366.550576383021,1.87217243905462,7.37386366227162,6.09116045732739,26.3886262880798,4.50493285693176,3115.1499196003,91329.9606925081
28.988119300024,0.214376836072965,1441.24377225056,265.569321107211,1664.54722104844,121.902429987206,365.896291752144,1.90680933647181,7.45181900611381,5.57937742917989,26.5359147835915,4.48386727060496,3110.42790100364,92048.7330463835
28.9574205644527,0.214315982259987,1437.41374292052,265.041631429169,1660.41776859934,121.616685126189,364.832326790854,1.94871842013365,7.49916273696339,5.08833738778743,26.623334131978,4.47052308936038,3102.53575301209,92950.8311620639
28.9278755269739,0.214242537298424,1432.63808923255,264.323378383006,1655.16809502016,121.243986153812,363.521187116495,1.99594340904069,7.51182570283792,4.6356190070136,26.6528277076805,4.46544321047508,3092.55471647468,93925.8790120342
28.8981702861655,0.214174363018243,1427.08928654469,263.447336480643,1648.97236063211,120.797665840549,362.058014333145,2.04542973264301,7.4883870162103,4.25145425111597,26.6264166506287,4.46882193598229,3080.86488892759,94910.4448255654
28.8668708430059,0.214131194180705,1420.87698171263,262.429651081916,1641.93368556041,120.286520582742,360.518344045476,2.09247952458881,7.43076011917408,3.96355011904912,26.5479504017117,4.48026192359282,3067.7068637666,95858.1249335046
28.8341650505387,0.214130491147838,1414.19999142699,261.298894786169,1634.27557599916,119.728213847974,358.984124779884,2.13194306055305,7.3442099751536,3.78620952722625,26.4242561316162,4.4986826127392,3053.51781332744,96726.6838874929
28.8043864135405,0.214195825007252,1407.40745213518,260.127773698946,1626.42374900635,119.154390060684,357.574451361307,2.15883061525557,7.23492719517407,3.72898401857086,26.2661703534999,4.52263045707718,3039.09794526513,97513.2681139553
28.7859144294773,0.214360491466044,1400.831236101,259.008675272669,1618.80702226183,118.59604767458,356.415380785182,2.16904323391364,7.10860743677207,3.80487844031021,26.0877814645368,4.55054347680678,3025.25564585947,98207.1254355587
28.7865233580306,0.214656601054001,1394.36121745464,257.960387426633,1611.33918196205,118.04619441464,355.517331058719,2.16219771014727,6.9688059932212,4.02381375867811,25.9018092023469,4.58122143023481,3011.8445858126,99049.9693855054
28.808796258419,0.215110515708946,1387.40580902104,256.926371707133,1603.3480784107,117.455052362254,354.743302977319,2.14328791882728,6.81538565594082,4.38231999105849,25.7128739470384,4.61439899685457,2997.6455314205,100264.085078229
28.8473808785691,0.215747597326635,1379.15266057015,255.840916100384,1593.86848512221,116.75249429108,353.846063489947,2.12217275764482,6.65075375179648,4.84442810979796,25.5126430357743,4.65011823052049,2980.91809239723,101485.953461987
28.8906702763517,0.21660693464345,1368.94775042468,254.677215215595,1582.09500392431,115.881438762718,352.567064235414,2.10899225735019,6.48220320006576,5.34145190728749,25.285584070392,4.6880783966719,2960.21892193391,102599.889418515
28.9278626929569,0.217693586468049,1356.79882610409,253.469209978052,1567.99930451838,114.842134287248,350.813946147808,2.10870376239696,6.31876618943282,5.8053254281737,25.023466710213,4.72732003728363,2935.49861333217,103397.174001097
28.954204623614,0.218931274858408,1343.50701648177,252.290174989848,1552.50674580828,113.704241388792,348.729436905547,2.12043543765106,6.17004530033177,6.19504171541237,24.7332979661024,4.76598926711199,2908.3957994389,103733.989221383
28.9713969997075,0.220198162490338,1330.38500811318,251.221266266864,1537.16840035632,112.581697253552,346.626739766011,2.13920226134114,6.0410856731387,6.50499794739009,24.4343778871116,4.80223082643279,2881.64503113162,103918.481328501
28.984308369092,0.221375966064415,1318.63783459082,250.317094262091,1523.42223461069,111.578713583096,344.817900458351,2.15926123344387,5.93184101694655,6.75254482461453,24.1471747876585,4.83487919785467,2857.76873209072,104040.747180966
28.9968412718921,0.222379698106385,1308.85162734754,249.588820112772,1511.97747898032,110.746103291598,343.464270021982,2.17721350239149,5.84228523927257,6.95554506930692,23.883866212206,4.86326168579322,2837.99693054255,103952.373452064
29.0088308679699,0.223177341032263,1301.12548336928,249.039604005632,1502.96048750499,110.092733287477,342.599499195012,2.1920231733911,5.77393898292069,7.12160641255494,23.6495257109345,4.88689999784289,2822.54840269417,103546.13804744
29.0135685215572,0.223811631530577,1295.52060385948,248.728083918588,1496.43976695309,109.623608598092,342.245967959756,2.20295154503531,5.72652791880382,7.25260673319782,23.4484995354086,4.90560801566034,2811.59272119627,103051.535634535
29.0002940091521,0.224361064996046,1292.14751104481,248.752564460945,1492.5347934267,109.347432646725,342.439690750856,2.20906747204362,5.69734846955482,7.35053894976961,23.285488544187,4.91951863324436,2805.42367355711,102535.227403537
28.9614597049121,0.224869288984583,1290.94415115983,249.160454790258,1491.16683722324,109.258522363969,343.167523772524,2.21032985230994,5.68506505766401,7.4158558841974,23.1622819628427,4.92873015056403,2803.94626618126,101850.674183046
28.897803186881,0.225317748143102,1291.72060993164,249.917309788995,1492.11657129047,109.341167564087,344.373172742778,2.2075677465334,5.69084823788138,7.44361190623594,23.0784581368249,4.93309470642238,2806.74652212476,100897.439821248
28.8201323207922,0.225659943944787,1294.41362071024,250.947831720175,1495.32083060039,109.591054299741,346.025604080446,2.20127327092511,5.71478248575893,7.42261566273372,23.0348570605265,4.93251968065358,2813.64104719012,99922.2373139491
28.7446007880039,0.225846196664164,1299.05296949343,252.172471457544,1500.8284111452,110.011779780385,348.11674774282,2.19166334403711,5.7545967084055,7.34020813072271,23.0329161512121,4.9271976170387,2824.63490780582,99003.0839923106
28.6835868211349,0.22583742900081,1305.49179347693,253.511651271723,1508.47895671955,110.591480725964,350.595718094931,2.1796320546132,5.8084675658257,7.18938856347183,23.0711659281339,4.91743475464894,2839.37245327672,98031.5178077064
28.6425932470921,0.225619462591015,1313.42460277268,254.8969838042,1517.9204146372,111.304221204684,353.373507169012,2.16658817015457,5.87606889263376,6.9708901722521,23.1457001393252,4.9034832082202,2857.17905312543,96916.825815772
28.6242158493676,0.225210293071032,1322.64458523372,256.298700192842,1528.90761862869,112.131616077719,356.387535109554,2.15339457320705,5.95626532643121,6.69124736338649,23.2535670119115,4.88566119001037,2877.60208368529,95841.3520958078
28.6313921442544,0.224638367841121,1333.07966673249,257.720742426682,1541.34724102952,113.066065810637,359.610273445888,2.14043651820643,6.04632347658204,6.35974582643057,23.3931411919983,4.8644373250628,2900.4829130312,94862.2057728223
28.6659635661361,0.2239211453051,1344.57713667286,259.155193366605,1555.05407710946,114.093403660948,362.993987719134,2.12868362582212,6.14490407581414,5.98502221804774,23.5615729812842,4.8401626394249,2925.49265741538,93793.1809546985
28.7258947952491,0.223059148342059,1356.92327756219,260.568768073554,1569.77765132649,115.195211422494,366.477816893547,2.1196751474926,6.25329424494304,5.57376203658872,23.7556717336762,4.81285216417405,2952.1671016248,92462.0402126282
28.8032345299693,0.222040573541167,1370.13611095345,261.944988033782,1585.5396438832,116.373177848793,370.071058274494,2.114132374038,6.37075327601888,5.13450560309086,23.9764614327648,4.78257780399117,2980.53405199437,91145.7521040382
28.8860616759546,0.220846588239302,1384.46076348751,263.298274626273,1602.62508081255,117.648072473137,373.850411423182,2.11198450475284,6.49280243932985,4.67912570111016,24.2288781149556,4.74971787488174,3011.1099020624,89943.472883528
28.9640942557161,0.219472824351067,1400.00586496114,264.636751994525,1621.15948078945,119.0286077698,377.854788425857,2.11364249528571,6.61400582823359,4.21978599735097,24.515748675785,4.71490208569235,3044.12658872948,88897.5461197559
29.0322526491833,0.217936890937323,1416.49778677474,265.928424644379,1640.82426078246,120.490347541998,382.016020046608,2.1206637087183,6.72856230409056,3.76719632925695,24.8345272407765,4.67911178852012,3079.00472031459,88039.2057194507
29.0906644367556,0.216261920741579,1432.64962356603,266.976297791808,1660.12738997855,121.922093255117,385.986924880136,2.1375451381288,6.83155217880377,3.32913215377065,25.1768143778315,4.64353064214456,3112.9775949382,87300.5251903717
29.1425995349137,0.214463501064641,1446.61729502734,267.489070214977,1676.93236097325,123.164821893125,389.262821846203,2.17107261188817,6.91952837573725,2.91078147069615,25.5299061880302,4.60937440235787,3142.07123854511,86645.3493867623
29.1918146740685,0.212551063216404,1457.49762028378,267.336232930434,1690.19364976374,124.139501633292,391.587768289839,2.22601316589135,6.98931647889672,2.51620076990784,25.8818607161255,4.5777786417928,3164.34293908625,86013.3067567079
29.2408626454652,0.210527845977127,1465.54894620649,266.575637876662,1700.21148195791,124.866206459617,393.020397388483,2.30423569717785,7.03736754691405,2.14893118675694,26.2254384189277,4.54967647140585,3180.35381986692,85337.9055056082
29.2908576177256,0.208391720295685,1471.65832820404,265.355547650141,1708.01351067499,125.418832762098,393.795068581087,2.40577932982085,7.05873425896674,1.81232980287281,26.5591067841209,4.52588633912956,3192.01415104917,84685.2982911441
29.3420372519408,0.206138481655382,1476.77029178188,263.822085339482,1714.69235544731,125.876407645619,394.167962067868,2.52991554134537,7.04720498159424,1.50954153649689,26.8851587162835,4.50719306001626,3201.35199490734,84090.7384821619
29.3943109009484,0.203775118600715,1481.52093272834,262.074396108296,1720.98074585961,126.291784638557,394.317840461143,2.67499085995564,6.99659749334484,1.24400062121902,27.2063306025756,4.49435260678415,3209.73433412672,83625.0730474389
29.4471895089219,0.201331071116769,1486.13584795756,260.162408939165,1727.13292450957,126.68304371777,394.319697729001,2.83661224229189,6.90208174973072,1.01939937451837,27.5233246456272,4.4880407860719,3217.65834729343,83381.438323352
29.498569684724,0.198850509270534,1490.46724743812,258.092949185026,1732.96991203012,127.037355907604,394.154147983934,3.00728660654239,6.76332980319772,0.836736822373339,27.8330176608917,4.48850925319667,3224.83375603451,83261.3154178441
29.5438517557417,0.196374661230739,1494.15986092087,255.845083513794,1738.07473882574,127.325509777724,393.749981429089,3.17874703510375,6.58533065762263,0.692461661313849,28.1289215579641,4.49544499275078,3230.5334169648,83194.78577342
29.5773395286352,0.193927292955278,1496.92759214071,253.401336461313,1742.11381958051,127.525033990378,393.054050597525,3.34445234516636,6.37555405349234,0.579894648758905,28.4046136165299,4.50817150563418,3234.17675300698,83159.2565879616
29.5945059579661,0.191513377685656,1498.70898756291,250.768069589141,1745.01497690678,127.632644533694,392.067505097051,3.50088484892452,6.1412877306349,0.491660429419222,28.6564197765052,4.52587095018515,3235.65510569972,83149.5040757464
29.5931312295653,0.189130398415476,1499.6396492163,247.977909736809,1746.93092738056,127.661234687259,390.835536491487,3.646975558007,5.88848695516104,0.421483886829953,28.8836165297449,4.54773748809901,3235.27107812463,83164.1483682319
29.5730251708804,0.186779060379506,1499.9427187651,245.080245929152,1748.10968547685,127.630359936502,389.419124217388,3.7828356866429,5.62184168368253,0.364733657723924,29.0871772859266,4.57304325040073,3233.50689773958,83201.2690249497
29.5352028398134,0.184464531852328,1499.82639426285,242.124814119643,1748.77879079919,127.557825112912,387.87203667822,3.90901014434715,5.34524014523593,0.318154438719366,29.2684978287766,4.60115115669038,3230.80947892365,83246.5662988369
29.4814716374806,0.18219120854155,1499.4501246863,239.150127876959,1749.11179183069,127.457249255577,386.235727649831,4.02628374746163,5.06208907696388,0.27940934322822,29.4288102480743,4.63150697890203,3227.52091515966,83279.0202451414
29.4150750890035,0.179957208826914,1498.9317547253,236.177677415856,1749.24059911266,127.3389349138,384.542507274177,4.13543569977768,4.77527468635804,0.246818360691697,29.5692927224221,4.66363703505134,3223.89330926858,83311.3838296333
29.3411831902319,0.177752978525666,1498.34868875574,233.210916473105,1749.25704356955,127.209996643408,382.81514946084,4.23710220715995,4.48721610210476,0.219172868802579,29.6911360912738,4.69713360551852,3220.09017201455,83352.2099036997
29.265564012401,0.175567374009467,1497.73610676859,230.242939825096,1749.20724673076,127.074075537403,381.066370205193,4.33154027044107,4.19991164946713,0.195662422007763,29.7951819557161,4.73166813024787,3216.18519839987,83450.2313834003
29.1926095224932,0.173395419593321,1497.07113938908,227.264495380313,1749.06893619654,126.929875840922,379.295807914683,4.41837368482337,3.91497399814584,0.175796307293582,29.8811499731611,4.76703035818184,3212.13282823761,83678.5955538142
29.1243702155745,0.171238871410249,1496.2177914029,224.259501539693,1748.68514442656,126.766500563582,377.47567711729,4.4977922903107,3.63432340830825,0.159053297638006,29.9463042803915,4.80311128384726,3207.65099244866,83969.2906980818
29.0608704657068,0.169102133849019,1494.94379116481,221.203024515687,1747.78411872588,126.564937253693,375.554719167661,4.57116132901557,3.36033093763716,0.14481480569072,29.9854975622116,4.83988334962884,3202.25389551853,84270.2343266697
29.0011777165213,0.16698441144909,1493.08989927025,218.076515492381,1746.17875919228,126.312415532271,373.499871098263,4.64071644447471,3.09549944144767,0.132399154032172,29.9938152981946,4.87729302098647,3195.60817357567,84445.7789111148
28.9446594850808,0.164873658999961,1490.76737836261,214.886498421079,1743.99951844952,126.019082568428,371.343853687836,4.70866576077049,2.84243529905996,0.121278641828394,29.9703347438485,4.91504993555015,3187.9485660521,84322.3093205313
28.8920769564516,0.162751130556456,1488.45581467763,211.676018392234,1741.81063276343,125.726392761784,369.211032980804,4.77319288196685,2.60366783108703,0.111703397233191,29.9215788289917,4.95244193359256,3180.28772907766,84062.4996954681
28.8457452176346,0.160597564221498,1486.80179167487,208.504911560015,1740.3752719603,125.490224815072,367.266718317589,4.82882185489524,2.382669563755,0.104230439565341,29.8601230773933,4.98825794896003,3173.9930655298,83773.8027274969
28.8082959876639,0.158406504292914,1486.18875183293,205.408652778234,1740.14904404554,125.344223652611,365.610034303181,4.87050022710796,2.18360635395554,0.0991726180007048,29.7975570740896,5.02122750359595,3169.87930448162,83744.0204710899
28.7817738666586,0.156199150445197,1486.47128544394,202.381472971913,1740.96466167936,125.277116101539,364.21146145191,4.89315287437613,2.01012744015947,0.097076295432293,29.7369245004855,5.05062014362415,3167.65434845718,84393.9175765019
28.7688972908128,0.154019980305702,1486.77987995847,199.358648427596,1741.80123701928,125.216654594478,362.861876195244,4.89163007625337,1.86872129493878,0.0991332660434307,29.666253210662,5.07614437685948,3165.50651417376,85382.9163614437
28.7748485987977,0.151923164548797,1485.6684030992,196.224994724636,1740.95635994013,125.042952953085,361.211011753741,4.86148231807443,1.77158011827725,0.106952463272969,29.5600445889181,5.09746168809599,3160.41175833285,86441.2804664983
28.8064687690396,0.149950273434321,1481.97376335416,192.894839886056,1737.05493549582,124.66104363447,358.987900442651,4.80064143688696,1.73218455468913,0.12224389818673,29.3931890729226,5.11402719962528,3149.94560214899,87580.6356246298
28.8692025677189,0.148150522625175,1475.44428114666,189.377957026866,1729.79321005369,124.053551327968,356.163437063914,4.70153025077919,1.76214869190904,0.149765702654989,29.1526863106752,5.12489570160898,3133.61964728102,88922.3225222536
28.9635838803335,0.146643562520329,1466.56521705068,185.78796914518,1719.74928073758,123.268458661859,352.937255317795,4.53124049520677,1.88255242130718,0.205506661461561,28.8382382944107,5.12713330862327,3112.5672530818,90340.0143232611
29.0838984494877,0.145633355504447,1456.16920688451,182.32031436437,1707.92625403538,122.38804470718,349.677884778258,4.24160112158913,2.13289796311646,0.323066887075981,28.4574715682757,5.11490099808144,3088.75905624642,91756.0916240859
29.2213075938604,0.145329657852641,1444.94714743914,179.163288376917,1695.16004227474,121.479743154525,346.756576043598,3.82048602325218,2.54010853911704,0.558320876088429,28.0220457559655,5.08404973883823,3063.89155235835,93245.9901987143
29.3681730382357,0.14581272651372,1433.16626556015,176.459305523096,1681.77445074237,120.559929130564,344.357373970952,3.32949940776142,3.07086289166906,0.990934137074773,27.5457473738602,5.03878855358988,3038.68905792279,94909.9626144049
29.5192657931736,0.146970433237633,1420.94580266871,174.438943381077,1667.87592176712,119.613269771676,342.455008434128,2.88646698629911,3.62597651089707,1.69555186711593,27.0437237682365,4.99232062237753,3013.48089606187,96594.8845168188
29.6705550502427,0.14871458604342,1408.50514291446,173.488468832863,1653.63122768117,118.627594559806,340.903454949437,2.57289435486189,4.10085499795227,2.68341996220311,26.5327960543516,4.95820069673467,2988.77304304867,98213.4382020315
29.8183031656263,0.151045218252271,1396.12569306673,173.94681540793,1639.27298791766,117.611161294563,339.545619496955,2.38573496192509,4.45194237567538,3.87939331259525,26.0333487742808,4.94095485612327,2965.15362737305,99276.8063982394
29.9593091623196,0.153819513072747,1384.44929812085,175.886194845442,1625.51234252373,116.622626266972,338.363523622668,2.28480439167433,4.69944655878325,5.15565964204253,25.570759498386,4.93583666818763,2943.84139542479,99372.2008550682
30.0930014533123,0.156820187802481,1374.61441665433,179.066236891861,1613.71015828321,115.771903817186,337.517668918783,2.23302656962707,4.88352303392133,6.38317905786638,25.1726708420158,4.93530979106586,2926.93220571443,99124.3432910635
30.2218877195018,0.159991891899458,1367.454035248,183.063055013964,1604.89798742899,115.141263012208,337.133117158,2.20588728539694,5.03438917526184,7.46609710415991,24.858586586121,4.93387698231151,2915.81212150438,98740.0480001655
30.3486786500379,0.163382690562723,1363.10738484842,187.509222491734,1599.28488099149,114.748367063676,337.212668548406,2.18923211078855,5.17000905349227,8.35900509908232,24.6295448741663,4.92900472492726,2910.51610917399,98351.0402852057
30.4732151796049,0.166969161234314,1361.23048097893,192.192044977186,1596.497774191,114.565266472126,337.694681656773,2.17583318426736,5.29818911459657,9.06212056835973,24.4708686616256,4.9206177251747,2910.22817133065,98060.8191469393
30.5900614668483,0.170590373847806,1361.21671866268,196.938642756476,1595.86402566151,114.541870842653,338.477149093868,2.16337087714451,5.42194794362813,9.59309616471664,24.3619776819979,4.90964974233571,2913.65094997501,97748.2308559766
30.6898407022931,0.174047348412386,1362.414585891,201.537117621684,1596.67555339024,114.626654376071,339.43717900804,2.1519717643626,5.54332836237959,9.96566614600516,24.2846488691256,4.89694586938489,2919.37838036814,97392.3266413917
30.7646810567893,0.177172743026151,1364.39135993891,205.804141224901,1598.47438985806,114.787001109597,340.477517873696,2.14242062597147,5.66681205855375,10.1840082362052,24.2280130338831,4.88250379214963,2926.44782986795,96681.955260562
30.8123265992462,0.17985244159172,1367.1532980311,209.646807495143,1601.29418790669,115.026113939704,341.581570891271,2.13497880702852,5.80158458019163,10.2453322872,24.191420716443,4.86504069529713,2934.81759508889,95369.6643972432
30.8371995480406,0.182049303259323,1371.3294904476,213.098591909486,1605.87398053745,115.397263376145,342.88396896428,2.12765594125087,5.9534565498236,10.1534951095018,24.1858635958723,4.84309755335162,2945.77965126774,93972.834391419
30.8477552339182,0.183761836938357,1377.79772087192,216.278135983669,1613.22788765602,115.972616590837,344.59412471189,2.11748256391453,6.12171477878434,9.92475936635021,24.2270770857934,4.81588755139293,2961.18625125425,92670.726908483
30.8520014427756,0.185016017869258,1386.95383933695,219.287064772954,1623.80040629942,116.78331246888,346.812438880224,2.10315831370537,6.30462742718455,9.58083984096338,24.3240025900455,4.78316588968615,2981.89950622181,91423.5996614193
30.8547019133003,0.185865095042649,1398.50913513586,222.15631945555,1637.23780459228,117.803317924091,349.476284086224,2.08556688403537,6.5011613716275,9.14319732964815,24.475789779511,4.74515165483751,3007.34612251678,90170.0947137366
30.856686732661,0.186368264591263,1411.34831296906,224.793909080338,1652.22603506575,118.937474414173,352.323951043062,2.06782096955533,6.7095755554515,8.63207370271206,24.6762809421495,4.7024704359906,3035.19318397259,88994.8027277833
30.8560902239171,0.186574371240841,1423.96536368625,227.037343244283,1667.00015584096,120.057898246047,354.999027930772,2.05433759155699,6.9268575913499,8.0672607684012,24.917975708802,4.65600521917737,3062.269074168,87927.9479642239
30.8507804917799,0.18652652560223,1435.42711851101,228.799929555848,1680.46815104744,121.084833215032,357.283493354408,2.04791856531717,7.14803494660094,7.46805490497688,25.1936691155377,4.60688974432528,3086.62172961943,87136.386691492
30.8403267947462,0.186273774797808,1445.42363758431,230.09372572598,1692.26410272169,121.990364402056,359.110821171173,2.04940701724769,7.36455275857938,6.85402979101446,25.4958302920492,4.55676865944838,3107.63278300374,86821.1170119112
30.8274430917923,0.185868962317142,1453.75173758307,230.956853272118,1702.14308794597,122.755398049184,360.436460715922,2.05952721238278,7.56887548262969,6.24219086693342,25.8124544076909,4.50739515153176,3124.91369662355,86721.9405467688
30.8179187346174,0.185357719223062,1460.10677288902,231.405293151096,1709.7416112463,123.352831303005,361.186927108769,2.07955129042306,7.75759854718013,5.64432360454388,26.1263028207284,4.46024777622116,3137.85176074276,86692.8883965494
30.8180127095369,0.184755429237368,1464.36802762175,231.446177928248,1714.916725621,123.771987708999,361.332287780768,2.1107042619491,7.93052287300672,5.06626402022848,26.4214479270634,4.41628998939467,3146.20534822209,86519.9501350372
30.8313811324783,0.184035936298466,1466.87558675329,231.103615170498,1718.07225498415,124.042176224176,360.952800390055,2.15380475176686,8.09102422470966,4.50715956966664,26.6902752188729,4.37551547339146,3150.68624246141,85973.9064953902
30.8572495226656,0.183152938133707,1468.52693389444,230.453363299572,1720.26711962541,124.239758891602,360.266645337708,2.20873862034585,8.24075023177405,3.96402664620655,26.9380494959655,4.33742726284679,3153.17875080067,85319.3277453416
30.891200752756,0.182068469410278,1470.41924242728,229.609422437505,1722.78973462868,124.456836461534,359.544641899207,2.27534680304826,8.37634454559155,3.43671553324426,27.1794332357217,4.30169594525868,3155.9982808281,84699.932820631
30.9281361533303,0.180781635544148,1473.21923371572,228.666035451374,1726.41597935291,124.747530121413,358.957115755493,2.35478108429402,8.48980858339336,2.93146107277055,27.4280714220893,4.26871027558414,3160.56599188604,84380.7462275837
30.9646702286556,0.17934444095199,1476.86558206218,227.670156734125,1731.05908794618,125.102568923865,358.506458996637,2.44874885114872,8.56705166520842,2.46432085863701,27.6882205247006,4.24026462168061,3166.78596023132,84716.8943562191
30.9995007221231,0.177844521984335,1480.49167852838,226.592568331868,1735.68133714978,125.444052575045,358.008736148678,2.55803857259634,8.59516207353792,2.05636337776538,27.9486336831599,4.21889528408135,3172.87022531664,85378.6961524894
31.0323976909718,0.176372721799623,1482.70721574493,225.324241860916,1738.6303001079,125.651155172273,357.160864768253,2.67954824765182,8.5694051456041,1.72534206427482,28.1843051887441,4.20678780643042,3175.91386809231,86127.8689370716
31.0631143698319,0.174980497383861,1482.4310783604,223.747660669857,1738.62508486287,125.632108496436,355.735019602687,2.80400928037152,8.49406186916313,1.47784029734613,28.3700016460493,4.20484313741042,3173.64379145726,86751.2697311547
31.090975231663,0.173661664727958,1479.56704065249,221.824282050951,1735.55385035032,125.381715447347,353.731404386081,2.91932768875794,8.38192837984686,1.30652216196332,28.493998490536,4.21193768925653,3165.85354430332,87042.1761746823
31.1150907382287,0.17239289872941,1475.08253154323,219.657359712574,1730.56004843639,124.986350807309,351.404946479049,3.0126947769738,8.24793831501455,1.20153320272232,28.5647199297644,4.2254594024106,3154.60776916994,87199.6175129352
31.1347353838303,0.171183764652573,1470.53700355299,217.477968456112,1725.4796717126,124.582662197359,349.16274979437,3.0695192402835,8.1061759778521,1.15969357654206,28.6056506871485,4.24204810087263,3143.27191369787,87335.8457175728
31.1495814747311,0.170077462620644,1467.04385820411,215.49606007319,1721.61916401505,124.268945343136,347.308529923538,3.07917726530091,7.97040447304085,1.18110059442046,28.6414198246802,4.25832690870797,3134.28704893008,87533.1941445029
31.1593395693413,0.169125476677588,1464.74042626364,213.800244382868,1719.13275643983,124.059146584699,345.901873466856,3.04201782500403,7.85101136653613,1.26459663681261,28.6867353771477,4.27196376287979,3128.00997467714,87869.5426494925
31.1624842588196,0.168370745362712,1463.15231053685,212.394546678739,1717.44911065313,123.912738833196,344.828000532724,2.97050812679411,7.75290662384787,1.40379426800262,28.74312446399,4.28214514405637,3123.4674473896,88249.7196785553
31.1555621020045,0.167842591686279,1461.64927552695,211.254366682811,1715.80774592152,123.773472284744,343.901950743139,2.88365107876844,7.6757136863177,1.58572651982048,28.8028154440668,4.28931975893478,3119.32108829789,88617.5413466989
31.1346080939735,0.1675569305425,1459.80489188994,210.364092092158,1713.68850055711,123.601522416708,342.975894562432,2.79711630235649,7.61455615967418,1.79618420559502,28.8565082518969,4.29465124353718,3114.64584531545,89120.3138983807
31.0973936979695,0.167524357419011,1457.48920910312,209.730169371756,1710.92470157316,123.383025098073,341.986964174422,2.71813896689697,7.56174812704189,2.02668617467803,28.8970678400641,4.29958539078952,3109.14861584689,89960.3506894307
31.0456256991172,0.167747705422058,1454.53680376432,209.338631962961,1707.31162189911,123.103122447093,340.881878431716,2.64913493712541,7.5120697539099,2.2731110570529,28.9160318600699,4.30531417166052,3102.46495021057,90898.127034979
30.9854611547634,0.168214023200935,1450.55931990917,209.1220888056,1702.38551102049,122.730233573956,339.561823494428,2.59189646128123,7.46494916897271,2.53051875723946,28.9019756419096,4.3125520916315,3093.74725824558,91806.1981911809
30.9245752275344,0.168893438589782,1445.35123905197,209.013671513537,1695.90337270687,122.249263832615,337.971913364313,2.54715803693866,7.42084599634835,2.79251955693208,28.8461447891006,4.32171401433744,3082.52570048776,92710.8202113243
30.8690427443606,0.169746366675772,1439.22665487824,209.004013507525,1688.24312406826,121.68910613313,336.17947465598,2.51368818661929,7.37892011466489,3.0522449910744,28.7464377468068,4.33301833821447,3069.43597153447,93668.6605265831
30.8233533521059,0.170724150919236,1432.72457153663,209.10601832434,1680.06568999059,121.097946165495,334.305616645692,2.48956171758062,7.33780687768482,3.30061244650485,28.6051918864461,4.34650840978562,3055.60391277629,94611.6957118893
30.7916418075778,0.171770518458228,1426.12559554817,209.291023137097,1671.7472177795,120.502606405382,332.41235251652,2.47379747126484,7.29659387301918,3.52549325160498,28.4255321685402,4.36212488842592,3041.61894947898,95509.661344569
30.7770709712253,0.172822566183172,1419.49303157817,209.49956002897,1663.40983921343,119.911541223044,330.507860713392,2.4665899515616,7.25765327757589,3.71254235337607,28.2114870412982,4.37930158671958,3027.60658085345,96014.3808762754
30.7796596177507,0.173809267493333,1413.19725228822,209.706472144014,1655.52030744363,119.358582406769,328.664635851528,2.46786931033591,7.22865541460682,3.84613350281069,27.9736582518417,4.39635594149994,3014.32046537947,95804.8779056396
30.7937845084763,0.174674721269674,1408.26065933006,209.983066343817,1649.2817466682,118.930195643245,327.112661679209,2.47441926807517,7.21405757356664,3.91934977578704,27.7352708618891,4.41134479454698,3003.8813667403,95373.8377144993
30.8095535052347,0.175393399499183,1405.75242322157,210.442334875136,1645.92535087943,118.714027939338,326.107065819296,2.48143138680628,7.21196796257144,3.93811940137272,27.5252770769116,4.42290839579911,2998.51783375077,94896.7963179021
30.8182489141924,0.175975131262794,1405.87326192961,211.120108010009,1645.6559869137,118.723587432233,325.70756565239,2.48632495685725,7.21900703016065,3.914473033962,27.3627256720992,4.43047492090681,2998.63994299417,94487.4256361696
30.8150369098964,0.176448575415959,1407.9850304517,211.958471836761,1647.70588024295,118.902419133067,325.774525406993,2.48918134736201,7.23148972399338,3.86113891486861,27.2502408614439,4.43444406733052,3002.89885868987,94237.4317514069
30.7966863587463,0.17682346974558,1411.0694001097,212.824802762332,1650.88615085439,119.164325375911,326.061311213567,2.49205126195994,7.24809855521674,3.78625029922473,27.1770887849244,4.43560654695791,3009.13397579622,94010.8765383419
30.7593934829751,0.177074364614675,1414.19952123604,213.557069518388,1654.1381367657,119.433133362141,326.322202065153,2.49763523062096,7.27038521226359,3.69208702596024,27.1270717100432,4.43461703717812,3015.35822563947,93763.0547769775
30.700277875621,0.17715700058401,1416.89406092828,214.036187928768,1656.92997915727,119.670813630374,326.410778611073,2.50804542474108,7.30086475090523,3.57721360632378,27.0876056038813,4.43177592747018,3020.51973854023,93373.3126201973
30.6199158701051,0.177030988157528,1419.18193204492,214.221404261722,1659.31675689408,119.881437096639,326.308627018441,2.52454294953415,7.34226840204827,3.43746720503033,27.0545983253444,4.42688864210229,3024.65191303616,92734.0322924123
30.5238683199211,0.176677035153003,1421.49617415949,214.151379602546,1661.80984751862,120.101131458929,326.105198479447,2.54744518949725,7.39439562909852,3.26781394641625,27.0327496000506,4.41969951514241,3028.65573095977,92047.3436340949
30.4210772131943,0.176098408758161,1424.35242298997,213.903486759805,1665.00315133113,120.371043887992,325.919789285476,2.57708035384356,7.45324533887701,3.06484965446778,27.0306324897398,4.41029077427117,3033.6199636851,91398.1594231086
30.3195909757056,0.17531452989601,1427.96168219927,213.532230654272,1669.12839483485,120.705995189229,325.806785598323,2.61498010693419,7.51401060125166,2.82930535194328,27.0536422972127,4.39906093902048,3039.99860246507,90725.7738880137
30.2243482224654,0.174349805895888,1432.20478006391,213.051152564464,1674.03396982805,121.093479923539,325.746424063141,2.66379101714136,7.57259934128685,2.56671522695278,27.1020950963965,4.38661133663058,3047.55261878987,89952.8135439871
30.1385436777714,0.173225883736646,1436.89563963842,212.458966493237,1679.49834306237,121.516192448292,325.703717673047,2.72624380916471,7.62414989521449,2.28633176301476,27.1744119599113,4.37375987171878,3055.90520093487,89193.7900189502
30.065262441139,0.171960345437073,1441.92115578163,211.759102121162,1685.39237452164,121.96348104911,325.659354625247,2.80475099868812,7.66225007851913,1.99933565553018,27.2692527162874,4.36152377412363,3064.83649875582,88496.7889124635
30.0068260435989,0.170571990907267,1447.15555270364,210.953316989031,1691.57238388456,122.423519960563,325.589774510316,2.90146942864633,7.68005447568081,1.71753917938348,27.3843393984218,4.35103509669959,3074.09919226924,87866.9425910752
29.9633121985281,0.169082678246358,1452.41299571534,210.0357086268,1697.82040676212,122.879013656034,325.457460689888,3.01765299215296,7.67104528855392,1.45233989669719,27.5156390384609,4.34348255123459,3083.31490496809,87300.6236282409
29.9312467503575,0.167510605614208,1457.49352961166,208.991075984498,1703.89931559456,123.311351864365,325.222003143656,3.15296910079198,7.62982699027599,1.21249120084731,27.6580555288515,4.33995556398081,3092.06749819198,86789.1089540145
29.9039896150602,0.165865390981093,1462.2430483991,207.798918073008,1709.62570227413,123.706081102053,324.853541188749,3.30536934709546,7.55270983039448,1.0026749454719,27.8065927909022,4.34128951754819,3100.02974389468,86326.1368525345
29.8746351132663,0.164151404409153,1466.58109034383,206.443606001239,1714.90271084991,124.055541429422,324.33832671264,3.47132179192547,7.4385432001882,0.823916828857986,27.9571856377996,4.34789828366985,3107.0271125769,85838.3503192809
29.8388354999821,0.162370547140201,1470.52509199401,204.922114837888,1719.7479019178,124.361097526914,323.683759634656,3.6461555954409,7.28933277820992,0.674754229696186,28.1076388029128,4.35963380295028,3113.09191440783,85234.6542221668
29.7958380396492,0.160521992418124,1474.23982682862,203.247970793434,1724.3510315765,124.637336589665,322.930554701388,3.82308938166569,7.10910336988237,0.553200669245256,28.2591877659421,4.3758525745623,3118.56650656603,84613.8659238687
29.7476112840676,0.158602197591527,1477.98037619674,201.443361187038,1729.00736135562,124.907252197943,322.139978606426,3.99316631399503,6.90361543836711,0.45705271979572,28.4160118004485,4.39548054712287,3123.9824874286,84031.9500307621
29.6969127382611,0.156611797907304,1481.90938673165,199.525148799495,1733.90312022445,125.186446409573,321.352526689023,4.14791613641238,6.68005109507102,0.383212431233383,28.5819028960594,4.41725459625397,3129.68072456862,83580.7451192934
29.6458572668971,0.154563174061164,1485.97470109153,197.499945558443,1738.97107535584,125.472202624112,320.561598296906,4.28157934769276,6.44527092042452,0.327915085948889,28.7572364194069,4.44014978380374,3135.56004649754,83377.2093600537
29.5958022302561,0.152479858354552,1489.8662868043,195.361075125779,1743.83842556326,125.739454358431,319.704075587695,4.39353139584715,6.2052775840974,0.286751552772043,28.9368165020299,4.46359275421082,3140.9864081995,83305.0012823161
29.5479433752974,0.150390323708306,1493.12682619358,193.094920056409,1747.9560270704,125.949949580907,318.685268048466,4.48823269269672,5.96438315371986,0.255312740708315,29.1107481033307,4.48753867290862,3145.02031190385,83281.0422154132
29.5035761085464,0.148316078356774,1495.42337378641,190.698384826126,1750.92048850433,126.075434021288,317.438431650549,4.57220178796355,5.72456310136223,0.229961510160678,29.2692317718804,4.51228153160745,3146.98059747034,83202.2839798719
29.4639501537718,0.14626239985493,1496.73930885804,188.188136803802,1752.70412041122,126.114270803564,315.964907357263,4.65168985906966,5.48620257220554,0.208047221385558,29.4072083393098,4.53807511820425,3146.84167740955,82948.7770748372
29.4301187441857,0.144219720324027,1497.42358653877,185.603396712369,1753.71549424463,126.095854143991,314.344747251379,4.73008821188818,5.24826962528609,0.188168159504758,29.5270600538269,4.56494269688418,3145.33750568453,82626.282826527
29.4028482205782,0.142171927673493,1498.02259457061,182.993790536083,1754.60126739359,126.066479174582,312.700314997289,4.8074023343877,5.00901285357794,0.169945559934262,29.6370781042159,4.59266134655488,3143.61314248133,82309.1198378136
29.3824300084717,0.140107319715447,1498.9552329578,180.394548395059,1755.86050648755,126.061825985268,311.125293870567,4.88206167951538,4.76746666352149,0.153493196745797,29.7459455942343,4.62087160747796,3142.54741418505,82016.585474216
29.3685549395719,0.138024171377521,1500.35141813,177.816474112777,1757.65112403751,126.093281492485,309.649721076166,4.95209783626943,4.52421411038951,0.139090048132854,29.8586465117656,4.649206254782,3142.41648390903,81747.4647109005
29.3602658046426,0.13592857250088,1502.10770181214,175.25210517937,1759.85416321003,126.152747623167,308.251305510304,5.01516815528473,4.28168813617411,0.127108716754953,29.9759610233301,4.67727126106688,3143.00925956202,81500.3923808503
29.3560607394995,0.133828934480902,1504.02746367513,172.687180352494,1762.23958637381,126.224611264489,306.88479911361,5.06886179608069,4.04414569895614,0.117786330430932,30.0961040429725,4.70454889416951,3143.91899472454,81273.9398603497
29.3543074342007,0.131732474736758,1505.93004189505,170.109927910434,1764.59545650001,126.294790168028,305.506999952594,5.11190674608224,3.81640031109569,0.110995276007284,30.216560264987,4.73047399142917,3144.77170343053,81112.9415398018
29.353799956074,0.129645573518655,1507.67653223858,167.514285787232,1766.75813897234,126.352539476889,304.085759157519,5.14464850932621,3.60200909548875,0.106305581731435,30.3347321841285,4.75466346858334,3145.28218180096,81095.8181329968
29.3543694269197,0.127574926706963,1509.11139884889,164.895281870739,1768.54259552731,126.385188362508,302.59097473559,5.16971371049573,3.40234555465701,0.102995937212426,30.4468824293047,4.77712650398399,3145.13377171023,81162.6776178416
29.3571955684632,0.125527915109077,1510.0385402897,162.246086583696,1769.71352546159,126.375973844953,300.991191720815,5.19144520466354,3.21627153799122,0.100252132588542,30.547578571931,4.79835441839381,3143.92819553466,81258.8006440811
29.364303812668,0.123511385753555,1510.30866080646,159.563847298955,1770.08956652804,126.311636804547,299.269434957022,5.21320032586482,3.04055313004603,0.0975723477466869,30.6314249290478,4.8191491172731,3141.36573225155,81443.0574319319
29.3777024271316,0.121532023013429,1509.86683556273,156.853118519949,1769.60232677089,126.186996168375,297.429111443673,5.23433065420961,2.87179757791253,0.0952748143520069,30.694213629315,4.840259072754,3137.34433415895,81854.636074185
29.3989420880657,0.11959670799558,1508.63357320999,154.114670633289,1768.16139867744,125.995921380177,295.468236695917,5.24822688941113,2.71090504092954,0.0948787986616761,30.7312593315594,4.86183036373571,3131.71674332116,82396.8582854287
29.4291437063574,0.117710479617262,1506.42515615546,151.337012017627,1765.56400500025,125.725565012072,293.365471359173,5.2442594774299,2.56679120533445,0.098447387578909,30.7363926405579,4.88292983433181,3124.12936078026,82978.0582069329
29.4690641148071,0.115874225673028,1503.104014725,148.510064258772,1761.66649272074,125.368517466784,291.114326956695,5.21359596271154,2.45366397641718,0.107778502291126,30.7042176650615,4.90181087331573,3114.33135655954,83708.5839046039
29.519044304325,0.114097567520836,1498.66557191924,145.643399324927,1756.4764137116,124.928952834765,288.748534562611,5.14692509548819,2.38657629464935,0.126141742163203,30.6309810693955,4.91652703289284,3102.35725683362,84826.6663821611
29.578483127157,0.112429838676564,1493.03181533025,142.777486031632,1749.90263120024,124.4061208785,286.324576128129,5.02226674972766,2.38619381481607,0.163112594893726,30.511898725289,4.92446334499643,3088.12994550848,86150.1600317772
29.6451242031996,0.110986033722423,1485.88735031084,139.990088314384,1741.5565053754,123.782182477872,283.91929544336,4.80651114917881,2.48557933385234,0.238190617618451,30.3402602151251,4.92148426917808,3071.15089739865,87529.4516597576
29.7154084682855,0.109932588099589,1476.96501907227,137.390515233601,1731.08945776196,123.042740198184,281.665162882465,4.48130680887448,2.71611374683712,0.383026564961337,30.1105677745873,4.90375385683147,3051.05403328262,88927.3349134343
29.7854256561861,0.109458224771186,1466.46455721281,135.119166137634,1718.70144996478,122.203978368931,279.745891983089,4.06712817194727,3.07862464104041,0.642977770318889,29.8211206811289,4.87157659375664,3028.39952710116,90343.7488386007
29.8507584322814,0.109718852148029,1455.0684528647,133.38206251901,1705.16877893876,121.307668600817,278.309513423128,3.63124619332812,3.52626498638838,1.06826949926292,29.4752499469715,4.83158709589201,3004.67994511109,91747.8085380967
29.905988427111,0.110769024956028,1443.5212142143,132.4506104997,1691.34599910801,120.389759958629,277.370706111472,3.25483443839301,3.98034570783713,1.69050253679079,29.0840365168778,4.79422027218016,2981.46861362487,93107.9009486392
29.9459168459276,0.112563019891384,1432.3193128867,132.559534552966,1677.80318451088,119.469416013609,276.829798845771,2.97933770136314,4.37377336081335,2.50029879066008,28.6678280944241,4.76748160585792,2959.78512545176,94270.6740128682
29.9671320065356,0.114927670038609,1421.86164418945,133.80263033551,1665.01013046266,118.573355080929,276.586972074901,2.79865121701344,4.68084392715856,3.44407418168581,28.2524760471934,4.75307752201834,2940.38658161475,95077.311918862
29.9680601547556,0.11762315218507,1412.68776290574,136.103424747795,1653.62081833194,117.755755372067,276.60839934143,2.68699859619703,4.91038181060137,4.43873515236374,27.8624833205954,4.74789920862104,2924.23836535048,95682.7338328045
29.948099296839,0.120580425096158,1405.31622603499,139.267180006138,1644.27686264742,117.076564486569,276.884812618718,2.61921140919962,5.08514916688588,5.39565881558228,27.5136027427754,4.74745736000507,2912.21030115555,96145.561835791
29.907500471539,0.123834792246979,1399.90164265844,143.065313001423,1637.19096596956,116.563658902471,277.376026250648,2.57716169270497,5.23056498047625,6.2460590838697,27.2090848332593,4.7478044808507,2904.43980440443,96241.3834376868
29.8483591555688,0.127330496008213,1396.33543963596,147.278051653783,1632.25875719877,116.216722004693,278.036565604733,2.54987564017891,5.36950484992712,6.95070194384443,26.9454501816435,4.74595019628922,2900.55906621055,95773.8206198102
29.7760209870502,0.130913325749768,1394.72790984911,151.699108154567,1629.62487492449,116.047369366128,278.899504295186,2.53007192297815,5.51519532183995,7.49727033421925,26.723097630849,4.74015420191127,2900.65681714088,95105.0082469605
29.6981597043977,0.134393623618127,1395.36705993323,156.14107288362,1629.63582364699,116.078131975109,280.047861213701,2.51259938728699,5.67096241367865,7.89052461943703,26.5480621446285,4.72974987627314,2905.19095712175,94381.2151651414
29.6212655899275,0.137637858718353,1398.17858430737,160.468293019727,1632.20610921928,116.29957196451,281.495371730211,2.49492204639684,5.83467932031486,8.14468227847177,26.424466244482,4.71490551262671,2913.92666962363,93825.3234928375
29.547950902824,0.140627155360179,1402.566946664,164.623847073492,1636.63437859068,116.658212685208,283.151938252676,2.47675601285079,6.00016811691129,8.28073109547453,26.3486509736556,4.69676618934561,2925.64014108175,93637.0494384689
29.4760390737455,0.143411610026877,1407.4973130112,168.585557830962,1641.71218394116,117.065532412557,284.827164300418,2.46007080104135,6.16288803107171,8.31808940870787,26.3071685511024,4.67676810614365,2938.25530108606,93555.449425149
29.400009002816,0.14605649566063,1411.87650829972,172.323770412858,1646.17760083353,117.430764634762,286.298476309767,2.44767486186464,6.32261023149871,8.26893135091516,26.280843676476,4.65603294826704,2949.57720273873,93484.8330037255
29.3147598787688,0.148592864575816,1415.10424828629,175.80993432808,1649.35068734642,117.70561687196,287.427794667704,2.44136175959894,6.48134528201556,8.13891699675041,26.2540280812427,4.63515111155112,2958.39497619367,93318.3546292065
29.2179449416747,0.151000011610682,1417.23854620925,179.026039221692,1651.31606924566,117.896762721662,288.205358238633,2.441417401238,6.6425941043643,7.92915594832186,26.2203390367354,4.6139817307001,2964.815080106,92962.3763292785
29.1089082875063,0.153223956533026,1418.83500899495,181.968731284175,1652.73267308702,118.051554270497,288.730100967705,2.44668369490058,6.80828408229965,7.64016988511819,26.1828137757578,4.59208752480572,2969.94769569679,92581.1451903373
28.9869243917058,0.15520355649514,1420.53122710689,184.640247310135,1654.35006409342,118.223201277456,289.130696823445,2.45575611592955,6.977473845743,7.27485559634487,26.1490270818497,4.56919499288762,2975.07349693101,92240.8136160457
28.8513480460092,0.156906490070361,1422.62317965149,187.039174244852,1656.51329619651,118.435579111371,289.477219719646,2.46823594036052,7.14743106836933,6.84081661529496,26.1244178314331,4.545418413104,2980.78798938824,92008.0052547216
28.7027964565201,0.158345371308938,1424.99711939197,189.167232055574,1659.0819589356,118.677578039226,289.764142736408,2.4848334631683,7.31371686578642,6.35254400119593,26.1090844478572,4.5214272721271,2986.86725474418,91941.3734275306
28.5447470752551,0.159564598845999,1427.27424527178,191.03165901145,1661.59808050293,118.915454764673,289.936735545442,2.50695444033718,7.47167309057337,5.83202252954809,26.0982077854541,4.49821388701918,2992.55656353029,91948.8700880154
28.3835961732415,0.160618508968187,1429.04058083625,192.644216425739,1663.55727405018,119.112449741126,289.934683030686,2.53578891951761,7.61751540405698,5.30599842343396,26.0849269289846,4.47677195443965,2997.03029554339,91986.3562106576
28.2260431593366,0.161543087315845,1430.07520270112,194.017913137605,1664.68388453087,119.248544885946,289.731658770724,2.57180113215395,7.74935360038935,4.79758410143886,26.0639794209796,4.45773113017823,2999.85021414939,91923.0385650707
28.0769552671663,0.162338484823362,1430.47302113564,195.163600353544,1665.07951477011,119.331165132852,289.353032444588,2.61485692952664,7.86837808588089,4.31879459535477,26.0343365351679,4.4410264473301,3001.2091422913,91628.6118939247
27.9393684615843,0.162977254596984,1430.67705603069,196.10159976929,1665.25585865492,119.397179230655,288.880493408736,2.66421828521165,7.97612306905705,3.87078091217373,26.0004693430912,4.42620097534428,3001.99806105154,91272.5747483806
27.8152081995461,0.163424556226161,1431.26289571747,196.862516706567,1665.87699100766,119.494111730191,288.41328541548,2.71937368170926,8.07245516833245,3.4491340387686,25.9698812898937,4.41283666267336,3003.37257736916,90926.2379942507
27.7052210721098,0.163665594345593,1432.51781991899,197.464837342815,1667.26953161646,119.644771101679,287.995833701723,2.78091614138492,8.15524194705141,3.0509391659105,25.9480258026279,4.40091649903813,3005.90363664616,90690.2114612366
27.6089715988705,0.163717269337257,1434.31051586286,197.909524321926,1669.27774433302,119.836605320955,287.604767578016,2.8499243940265,8.21944793859089,2.67971774913788,25.935442345114,4.39113569092895,3009.32776485675,90665.0612490105
27.52573143434,0.163610944863398,1436.17713063765,198.172795889878,1671.37701667661,120.03006665545,287.175239690902,2.92694876917154,8.25930315963981,2.34429554374019,25.9278141858606,4.38460838024276,3012.73180600323,90713.9358228694
27.4553345124731,0.163374018666512,1437.56159535394,198.212348149094,1672.95722330564,120.179440580239,286.645570466754,3.01055355616511,8.27063261402873,2.05452482033904,25.9188217542373,4.38236680392422,3015.03880583327,90773.7783780324
27.3979939036666,0.163027578061707,1438.13202467999,198.002888208454,1673.67174859313,120.258472776027,285.999285498136,3.09607965172943,8.25102545409301,1.8174783264397,25.9038953399345,4.38507858108238,3015.63488490312,90965.9885940855
27.3535481593712,0.162600220278895,1437.81539771912,197.557597748174,1673.45359779771,120.262019879362,285.25625344202,3.17586292135222,8.19999259975402,1.63743774355865,25.8803173017032,4.39299200532334,3014.42204766489,91441.6003587765
27.3209434502928,0.162141528412626,1436.52804312819,196.912385350755,1672.18496101666,120.182956558684,284.422285551936,3.24032217257438,8.12176322651824,1.51930856364952,25.8441194395767,4.40573763079837,3011.25534577717,92010.4332644182
27.2984379336991,0.161719170394216,1434.10390446472,196.111714326366,1669.61761171139,120.006620633632,283.484306706748,3.27889468949417,8.02639558355172,1.46953313701234,25.7899937271126,4.42219384783831,3005.79879285773,92583.9380196438
27.2843300666804,0.161389527892335,1430.55498316017,195.214274308098,1665.70626717055,119.73359295172,282.461252269055,3.28396869544433,7.92575945869516,1.49151240204381,25.7150115197965,4.44083040039994,2998.07648563106,93216.6901754791
27.2764171041967,0.161185414759611,1426.15645629918,194.297959815238,1660.73166141525,119.386881907101,281.410809936678,3.25586055689499,7.82860512373245,1.58269445877997,25.6192402640741,4.46036066507152,2988.66162126473,93981.7980998824
27.2690194846967,0.161146240845352,1421.20906708565,193.462867678144,1655.02043845654,118.991118160168,280.366920895131,3.20345847248511,7.73965811096182,1.73443144105068,25.5020091582124,4.48007751675859,2978.19181495402,94779.3817190543
27.2520765170784,0.161336664545572,1415.83414339905,192.819249629611,1648.69456986593,118.554982835342,279.30040489807,3.13964695589301,7.66104813033413,1.93385916799804,25.3601957215408,4.4997589796464,2966.94100916711,95562.5842039146
27.215942619956,0.161814780740044,1410.08530349828,192.457055945805,1641.80306058878,118.081511016367,278.170118746993,3.0751785300643,7.59321579088393,2.16781106988221,25.1914331324281,4.51939381612688,2955.03910398035,96306.9334492815
27.1581344556558,0.162592145483498,1404.15864945806,192.423112616098,1634.57302209508,117.586731539136,276.988248499934,3.01634564062551,7.53573293238432,2.42323584588403,24.9971177075085,4.53892185417138,2942.89475893554,96991.3495229847
27.08972999181,0.163615256652385,1398.37725309892,192.700326713566,1627.39210461555,117.09833073799,275.819366027299,2.96656027516884,7.48693785526127,2.68218618975157,24.782479747394,4.55828135942228,2931.15055458411,97618.8726520659
27.03337343318,0.164786340035566,1392.98511059291,193.208632946966,1620.5625210976,116.637699916194,274.726800307282,2.92805205318773,7.44378725618485,2.92104310206737,24.5544234781076,4.57753509595697,2920.25910553376,98183.6102538472
27.010023119099,0.166016795921967,1388.06218378777,193.856247501858,1614.19404206335,116.212313341625,273.740965770049,2.90132978585971,7.40291393874052,3.12008385883678,24.3190620568165,4.59683960014952,2910.3354654223,98721.668850637
27.0289330686469,0.167257201508359,1383.50578482527,194.571460935915,1608.18124468847,115.814275475501,272.846915381974,2.88503118256766,7.36185270726888,3.27246416524685,24.0800600940504,4.61635084201007,2901.13772929123,99267.0172646754
27.0872324736866,0.168483357076071,1378.92067352287,195.270127412795,1602.08541436942,115.411984959944,271.957224355333,2.87715194795453,7.32085526107421,3.38634528331355,23.837557745386,4.63601754954822,2891.8299973647,99754.952391799
27.1754642909831,0.169673218431048,1373.88649135582,195.864698958814,1595.44902425601,114.97271749154,270.966726836051,2.8754075204684,7.28286774047003,3.4787660815561,23.5894579514718,4.65551173989345,2881.52637099014,100167.8318283
27.2837865252944,0.170788865604648,1368.32203367176,196.301623256419,1588.20837833124,114.492490426497,269.833322544836,2.8784359629261,7.25450018240098,3.56036810069887,23.3358739974066,4.67386500628577,2870.03953013646,100066.32887508
27.4049187761406,0.171767611710694,1362.76032107841,196.587786829386,1581.00851689947,114.018719323603,268.643178030923,2.88584251690889,7.24594847176856,3.62593952690169,23.0860484442629,4.68911183721389,2858.45023932608,99121.13971463
27.5349289685112,0.172546998117331,1358.519653295,196.835076846467,1575.40330837516,113.663343964262,267.662750350853,2.89465918772775,7.26110796966836,3.66540781654057,22.862740024356,4.69943813037695,2849.49244246986,97993.1272575998
27.6726307208074,0.173090347833924,1357.07308900551,197.210655711702,1573.11990013077,113.549768882341,267.211585602232,2.90022885683841,7.29593504528131,3.6746455238811,22.6925352548815,4.70395156654071,2846.25596115603,96889.0120960747
27.8178887345725,0.173406023909092,1359.08279350815,197.818717313648,1574.93032769616,113.732539994302,267.448688703449,2.89954401761285,7.34437161462322,3.65616989236371,22.5897750909574,4.70273622668837,2850.15596133344,96020.3596315838
27.9694836339396,0.173537691742244,1364.20359292356,198.659300452348,1580.4245512081,114.181149478978,268.320299310102,2.89218334876937,7.39916356451398,3.61610547058751,22.5513955593341,4.69700783591146,2860.50424183009,95556.2104587544
28.1216278746876,0.173521350152617,1371.33804285605,199.620181539563,1588.31858792309,114.802568224858,269.601474427658,2.88152686105908,7.45567091083225,3.55227886763822,22.5600506650158,4.68839306321715,2875.01744920081,95218.7755273446
28.2637248989081,0.173360961979247,1379.15178509081,200.520972141164,1597.06144718853,115.484820189,271.001063364515,2.87382254084547,7.51233969035485,3.45100719643513,22.5925364948662,4.67839245903386,2890.88597335523,94912.2716197881
28.3857830429424,0.173034583445594,1386.69514875367,201.209045291804,1605.55480899843,116.148503322359,272.300847290565,2.87533318319839,7.56883016253003,3.29801928689754,22.630832429125,4.66804191320418,2906.0906680092,94422.5598751613
28.4831446396154,0.172514249817382,1393.54633238915,201.598570225062,1613.31310723503,116.758386893586,273.394704961327,2.89085600507427,7.62662876608418,3.0873083026881,22.6680716620331,4.65750741970975,2919.71774643365,93562.666482307
28.5578493641676,0.171793863557305,1399.58747419969,201.664118917143,1620.19629034785,117.303665428748,274.247870509648,2.922920512257,7.68524802168861,2.8272846756666,22.7087132618847,4.64660503031298,2931.50292811286,92653.4778600802
28.6163365092325,0.170894326081373,1405.11780006531,201.466939855722,1626.53911154965,117.807334538734,274.914961797628,2.97144853910357,7.74092137413444,2.53775785707015,22.7622771233661,4.63533221438811,2942.07179620078,91815.7307145946
28.6652749872368,0.169852421215349,1410.5306319805,201.098938740497,1632.78285944305,118.299972243962,275.473659128981,3.03529009852625,7.78900790748606,2.240130499488,22.8347978177995,4.62401898324909,2952.26018420987,91067.9034729699
28.7084632511433,0.168706599495898,1415.96932690964,200.619165318868,1639.08350864119,118.791421266283,275.957459947022,3.11348300232294,7.82433200836371,1.95163905965741,22.9258297399515,4.61345041844296,2962.38944807633,90410.9692254608
28.7451557439997,0.167485710925402,1421.32522369934,200.041543377665,1645.31391186559,119.270950325004,276.353867532462,3.20542436579498,7.84156252992909,1.68357221334534,23.0304388411984,4.60469407306246,2972.25676177034,89830.1067130615
