S_I,S_S,X_I,X_S,X_H,X_A,X_STO,S_O2,S_NOX,S_NH4,S_N2,S_ALK,X_SS,Q,EQIvecinst,mR,tagS,tagF,series_diff,tagR
27.7403891288405,0.176615857607258,1324.84629334989,221.553529480639,1933.58908587687,70.2707568202546,503.632479409499,3.97076484782932,2.77048887478423,13.9131404988248,12.7580647907681,5.97195452824185,3267.49061173053,89523.1217932356,1837389752.520215,1837389752.520215,0,0,0.38953115036705016,0
27.7756785736742,0.175709995493411,1333.64238582341,222.02878071438,1946.80708809222,70.7746963887453,505.265048621782,3.95367816164029,2.81766869267405,13.6410817100993,12.9005058908868,5.95469393772648,3287.79134686738,89061.5486452396,1836146236.7943854,1836767994.6573002,0,0,0.4036013041823244,0
27.8075491309648,0.174786277477039,1341.62625970302,222.396189017901,1959.48690089766,71.2601023000166,506.659295089573,3.93831311842579,2.86741427863573,13.3708526190394,13.0445722928907,5.93687485119775,3307.06151347219,88365.292906248,1829234959.1638715,1834256982.8261573,0,0,0.4347163791436124,0
27.8343093679778,0.173827009780097,1347.86635544533,222.631905214741,1971.62426546282,71.7270020402021,507.820222160086,3.92448570120446,2.92057376239559,13.0993764273861,13.1919936373974,5.91830762290023,3325.2764291598,87627.8397465419,1820382596.139676,1830788386.154537,0,0,0.47816567865133286,0
27.8541280069912,0.172807441008866,1352.37734489063,222.661452487065,1982.836089012,72.1616185698218,508.662129770863,3.91244453680002,2.97652478842106,12.8260106346343,13.346510407245,5.89889959651419,3341.77438595026,86940.4074121028,1811134247.6303751,1826857558.4497046,0,0,0.5199945780210257,0
27.8654094458823,0.171714206773165,1356.02697894622,222.433799792393,1992.81560988,72.5528368584018,509.117767916029,3.9026704222923,3.03424910967143,12.5511498951408,13.5110225733405,5.8786489338628,3356.03509185939,86318.7955383957,1801752513.221679,1822673384.2450335,0,0,0.5495399933567929,0
27.8674262075042,0.170548843208428,1359.5740195536,221.955296490141,2001.59224434002,72.9016530547527,509.202268012848,3.89513538435679,3.09278611539149,12.2755226644645,13.6862986952477,5.85765133754606,3368.11893625651,85761.6666606917,1792424925.6886427,1818352175.879835,0,0,0.5647782057958961,0
27.8606921451629,0.169319127037494,1363.30871650415,221.260879547304,2009.37174793301,73.2154216244665,508.974439096546,3.88948283168109,3.15130584099194,12.0001429879696,13.8714337508485,5.83607346700532,3378.39090686553,85259.1708704607,1783217759.3853967,1813960373.81803,0,0,0.5691769381435681,0
27.846786527206,0.168031161715731,1367.17340298772,220.384399955277,2016.36773247839,73.5017870277091,508.49596015017,3.88532898983407,3.20910118003657,11.7263166990755,14.0648399857837,5.81410612577121,3387.22963048845,84804.0223163817,1774177562.3339007,1809540061.4309049,0,0,0.5675329668884563,0
27.8275984957452,0.166690190424565,1370.98428841612,219.351159949367,2022.73593408022,73.7662858798384,507.814703563105,3.88228125409874,3.26532827075125,11.4554868388859,14.2649761227061,5.79195964147222,3394.91498439564,84448.5097065748,1766519025.0353363,1805237957.791348,0,0,0.5639762372802425,0
27.8050241318887,0.165305843950592,1374.55302581462,218.181141436281,2028.53569476865,74.0108989262033,506.954253789219,3.8799856343276,3.31869280889752,11.1890082660461,14.4703706988179,5.76990293936276,3401.56735326959,84269.8888249047,1761913400.763031,1801299361.6978645,0,0,0.5611306465972686,0
27.7821070711274,0.16389469346202,1377.67519778896,216.887423557355,2033.65551104638,74.2313818663173,505.893057803101,3.87862011720247,3.36821971528296,10.9269944744799,14.6787098739399,5.74820440409431,3407.02657785581,84183.9001724034,1758545875.1409674,1797736571.1514566,0,0,0.5591966568669177,0
27.7639894303575,0.162478854941583,1380.13978640382,215.477964183874,2037.85384065371,74.4188002433595,504.574886519162,3.87877068803803,3.41377166534823,10.6676571838082,14.8865480630449,5.72707735062508,3410.91933511275,84134.0000125876,1755103185.158926,1794457079.9212618,0,0,0.5577978649804759,0
27.7564680352245,0.161076044090576,1381.83934074846,213.964834534991,2040.97294557155,74.5673364642918,502.964057915417,3.88095541292643,3.45579021767373,10.4081506527444,15.0905675179135,5.70664915761832,3413.00804749096,84045.9100294221,1749971733.9656985,1791279555.21015,0,0,0.5561794708140874,0
27.7633823658822,0.159689545251705,1382.85127026381,212.366920884204,2043.1039790363,74.6803484482567,501.085534507559,3.88535115732853,3.4953803937133,10.1453825116202,15.2889899243767,5.68686983181785,3413.45441889847,83833.5676543478,1741468432.493403,1787958813.6957004,0,0,0.553553189628756,0
27.7844608793114,0.158305208180232,1383.45389841714,210.707461579187,2044.63818130247,74.772183161168,499.036813643081,3.89137029796861,3.53353955344905,9.87688351494608,15.4825862130284,5.66755931452801,3412.89769749758,83577.5558164547,1731566273.106752,1784434279.908891,0,0,0.5503906211150574,0
27.8152510110994,0.156895965355981,1384.01795400608,209.004934416754,2046.11619408515,74.8626143354851,496.949606001674,3.89798731233629,3.57063055991778,9.60113643255911,15.6742394496943,5.64850140271325,3412.20739790444,83331.6601937256,1721739006.6314497,1780746322.6572769,0,0,0.54710437550287,0
27.8496829342678,0.155440081193945,1384.80155216123,207.265721187322,2047.92060255808,74.9655323448976,494.916326111452,3.90416181237412,3.60592546647214,9.31812492512854,15.8670311116473,5.62961682240879,3411.9920192097,83284.8540867258,1716111216.5854847,1777155483.431066,0,0,0.5449987699781441,0
27.8828933943222,0.153939099935267,1385.78203274,205.484027846047,2050.01784332182,75.0793634567708,492.932804781837,3.9091305570746,3.63651846254081,9.03024698651276,16.0619031132992,5.61125382924133,3412.19487292187,83721.0932495642,1720454347.0657659,1774171213.0960503,0,0,0.5458983479492115,0
27.9122582394767,0.152417824715362,1386.49458489793,203.626007201449,2051.71473132306,75.1782968325943,490.836772402633,3.91393592276044,3.65976881380064,8.73965019220117,16.2541697536696,5.59404594250646,3411.69437866785,84409.9108946721,1729484120.6455178,1771936858.4735236,0,0,0.5480928734460735,0
27.9368813924304,0.150912793463611,1386.1025762316,201.624497846769,2051.76380779612,75.2162861869782,488.331198091575,3.92119331681967,3.67538009229429,8.44530979687985,16.4328164337697,5.57866097969782,3408.46477268084,85166.8521345038,1738477908.1103337,1770343575.1228957,0,0,0.5500403858541513,0
27.9567023867316,0.149446470040627,1383.93150521873,199.422069636512,2049.15945161002,75.156263225123,485.17694085896,3.9335070609473,3.68494874923279,8.14321353810658,16.5858164131257,5.56556292272054,3400.87078729729,85729.0231386506,1741298026.702694,1769023322.9219773,0,0,0.5497666522832823,0
27.9720224541358,0.148010281967562,1380.00603669435,197.021513739963,2043.93895350415,74.9996660160431,481.381932215108,3.95207201589105,3.69209764559362,7.82867530138114,16.707143775944,5.55459325809542,3388.97325275216,85801.9195420547,1732037138.508637,1767415227.9474843,0,0,0.545403060392344,0
27.983781393949,0.146577286975844,1375.25342663528,194.521462886591,2037.48304526995,74.7973206642558,477.27696066704,3.97479231116134,3.69937829098862,7.5036338268201,16.8018835857986,5.5451179165673,3375.03565944951,85669.1457539984,1717624236.0881276,1765340603.2866776,0,0,0.5391508950820112,0
27.9937784255651,0.145123066093943,1371.12071371575,192.089962777054,2031.94391666396,74.6283390369103,473.38005527107,3.99730610027452,3.70664976637609,7.17983494707043,16.8840403380676,5.53637975968362,3362.5992524781,85501.1465327625,1703258468.8460588,1762857317.909053,0,0,0.5326424470879364,0
28.0041549880613,0.143645962964364,1368.53544110224,189.844658723113,2028.69946692564,74.5433324235395,470.028261492878,4.01580387509085,3.71188106477933,6.87330114382439,16.967662346417,5.52788701670105,3353.94274394234,85639.2697063347,1696857536.1747003,1760318864.765424,0,0,0.5283611953364968,0
28.0173164900215,0.142176033388925,1367.39003179989,187.796950984703,2027.5819371312,74.5358688314892,467.202542183733,4.02847577313753,3.71013493797496,6.59971771992508,17.0589354997859,5.52001031204925,3348.82489472464,86537.554375648,1707263788.3506649,1758353861.935248,0,0,0.5291087122394394,0
28.0377158529446,0.140761147160709,1366.56618252052,185.852652813682,2026.90657458934,74.5438543821418,464.541663128501,4.03743145461191,3.69697924536014,6.37094511049671,17.1511543650635,5.51381064547768,3344.53887287536,87774.8625197838,1724843893.21084,1757157077.3379476,0,0,0.531964743891561,0
28.0732886318769,0.139448753669105,1364.35679526104,183.845865808662,2024.09628267051,74.4727921110318,461.495554299246,4.04733658839306,3.67079507564433,6.19374436588811,17.2266873340089,5.51061779616539,3336.93244871199,89059.6247944731,1741870398.3807342,1756629950.4773538,0,0,0.5346490075637221,0
28.132933137995,0.138265041855998,1359.5035624014,181.644164852846,2017.23766631424,74.2527384798058,457.679261168399,4.06165342469972,3.63070692529812,6.07096852340999,17.2679607379587,5.51166727260694,3322.93701303192,90324.9501965791,1755470325.2551813,1756591296.3032815,0,0,0.5363872012237191,0
28.2207299054534,0.137221784531109,1351.90418179836,179.23876344208,2006.15233395462,73.8774959137233,453.110119894742,4.0806012406419,3.57554592892642,6.00906586009818,17.2671270847132,5.51767607391868,3302.31271649994,91572.427316589,1765465819.0301387,1756877571.2299545,0,0,0.5372080594835996,0
28.3283616911094,0.136353075648221,1342.56900498243,176.783845046698,1992.34276657348,73.402645850783,448.226265261616,4.10063304624917,3.5021264863362,6.04181012144298,17.2293743041396,5.52896768720019,3277.6057274189,92779.8762617048,1772811054.798066,1757375492.5914578,0,0,0.5374472253586722,0
28.4336064837281,0.135752095799811,1332.83209667188,174.525125985481,1977.81536080346,72.9024481154785,443.643305455227,4.11581553701141,3.40530593455677,6.24091993423222,17.1693334749001,5.5457301464976,3252.25294729645,93933.6257514858,1779410481.4951603,1758043219.5279338,0,0,0.537654239172802,0
28.5115650462499,0.135604010099809,1323.34946335463,172.647885418863,1963.57023150832,72.4140172290872,439.76936389929,4.12052668596844,3.27971170055434,6.68710582692114,17.10048082974,5.5683039257043,3228.06874160221,95624.657671325,1797861528.7030034,1759214346.268377,0,0,0.5415431288397264,0
28.5484957141061,0.13634013765288,1313.82727852251,171.278024551502,1949.1596669006,71.9200745966164,436.655356427081,4.11176316694577,3.12102220255927,7.43826985416054,17.021652382992,5.59769898369389,3204.5369052933,98508.9813708132,1840583325.7510648,1761539174.2535965,0,0,0.5525829865440106,0
28.5518759718915,0.138888944089167,1302.76732324992,170.611357190926,1932.26666402813,71.3320770331389,433.841250034857,4.09296753039285,2.9358474130643,8.49597272880556,16.9052476051707,5.63483044320922,3178.22765522743,101711.528208389,1890154862.006167,1765111832.2467237,0,0,0.5634426582851862,0
28.5505444990989,0.144505691372654,1287.612521507,170.944208687729,1908.93038494775,70.4978973680384,430.36119517369,4.07221860394971,2.74420900783299,9.78473090095459,16.7047628504741,5.67962671560192,3143.14372070119,104852.617680349,1937529536.1654427,1769771770.1904726,0,0,0.5628745270917582,0
28.5758883563436,0.15382913569802,1266.79940073687,172.537350733532,1876.70873405875,69.3215404114921,425.467738706861,4.0596754246596,2.56800762541336,11.180718698708,16.3905673965248,5.73045937311019,3095.56248210383,106963.927755424,1963570321.7951546,1774871732.0748065,0,0,0.5387521898027205,0
28.6391399447645,0.165756556137105,1241.62951263664,175.421554056054,1837.56737337457,67.8744942755475,419.322068320578,4.06399524622708,2.42299892157474,12.5544132657779,15.9792700814952,5.78353452545195,3038.42311753385,107386.926110895,1957594742.3011851,1779556937.4652264,0,0,0.4950764537350607,0
28.7233026083787,0.17816672445506,1215.97766435435,179.414671160864,1797.41625189582,66.3791390560895,412.971274021214,4.08345493417333,2.31178074323102,13.807988586115,15.5258888456343,5.83450923593573,2980.67260358805,107331.339450046,1945416809.289965,1783703434.2608447,0,0,0.4501281767620921,0
28.798507953779,0.189493814914934,1193.91673544882,184.308872023444,1762.46026622314,65.0704580601526,407.60289061287,4.10842528024823,2.22868502097272,14.8879092756137,15.0870540084599,5.88022257164334,2931.74986494849,107093.043885652,1936082978.1915317,1787420008.5030565,0,0,0.41372317855179785,0
28.8439721839207,0.199043019941915,1177.49133397344,189.928708394325,1735.82653006132,64.0682709712729,403.828247537599,4.13129508994508,2.16968586324385,15.7776725340517,14.6946027995533,5.91903621077775,2896.36184214711,106533.530988036,1928664451.8851287,1790782971.440725,0,0,0.38733987249670027,0
28.8557486398111,0.206633318772636,1166.72167213768,196.073737920565,1717.58682283548,63.3774890983957,401.67335548107,4.14952073318883,2.1326451401316,16.4838519149791,14.3579226324252,5.95064095429201,2874.4584715168,105571.638643086,1920965521.7129958,1793810472.6098478,0,0,0.3680580234070063,0
28.8429382352951,0.21239188602917,1160.87438966668,202.441063866594,1706.6891955429,62.9609358656963,400.959680370464,4.16229686855247,2.11471140122438,17.0218606580456,14.0777627412444,5.97546214319485,2864.17006102745,104458.082548333,1915643196.6688414,1796579398.156643,0,0,0.353677226161046,0
28.8190630463526,0.216435436876411,1159.2216113304,208.683395438522,1702.09395700403,62.781953955435,401.51124519706,4.16921808486094,2.11215744125421,17.4080945997807,13.8534568384192,5.9941371732269,2863.61087651874,103288.879574777,1912491650.834403,1799155225.9939268,0,0,0.3425611547815609,0
28.7939886262974,0.219031567157842,1161.08919318052,214.576715889592,1702.82188042341,62.8053100744234,403.144188625825,4.17016300883672,2.12134378805559,17.6579698977928,13.6827453523254,6.00735805945481,2871.07912491648,102210.761858117,1912793286.33941,1801625618.6101327,0,0,0.3341408854767466,0
28.7707718665225,0.220576568297662,1165.76245316246,220.053914005302,1707.81115582803,62.9913621915809,405.639978280969,4.16530431024691,2.13863888209504,17.787340633736,13.5606856468725,6.01596671861037,2884.86063377268,101335.369338062,1917763382.8339949,1804096634.870215,0,0,0.3281071088586259,0
28.7455439900185,0.22134456242107,1172.41656055999,225.084635683732,1715.84284955481,63.293614789427,408.732781490426,4.15602434103243,2.16123354290943,17.8130610304697,13.4795843341386,6.02085489483964,2903.00933279626,100556.597914935,1924589207.1689668,1806606896.7931054,0,0,0.3235675983403516,0
28.710718240223,0.221519154024767,1180.21229371662,229.604894898801,1725.69452836967,63.6651275005239,412.147111909507,4.14427393589859,2.187295035994,17.7524304276502,13.4305137251858,6.02285088107609,2923.53375671048,99861.8303833664,1932101055.7312496,1809168002.0775573,0,0,0.3200157920400977,0
28.6607013311978,0.221162889629803,1188.49668669315,233.55635016811,1736.41739559809,64.0696415603975,415.663597900919,4.13207009123899,2.21599847282802,17.6212243376758,13.4056949834343,6.02257258079941,2944.87736795037,99083.8138284143,1936320259.915743,1811711047.2343214,0,0,0.3165739694225597,0
28.5952167714642,0.220316899720177,1196.93287325936,236.93672678664,1747.51261140108,64.4885290305483,419.160807862635,4.12091920373211,2.24789517218804,17.4328957053755,13.4001775496867,6.02028174974141,2966.24470563255,98089.1656302198,1934298201.9240065,1814114716.9341187,0,0,0.31263906001425984,0
28.5195651062657,0.219172358520073,1205.59331267142,239.850624694187,1759.0608009817,64.9252561149916,422.655596190963,4.11011124154086,2.28301849242712,17.2012238076849,13.4128768581379,6.01609913356678,2987.8547990989,97143.3730117036,1931653681.5140798,1816375081.6375797,0,0,0.3090328892915678,0
28.4417773875044,0.217934840752688,1214.75357526584,242.474447650875,1771.42487767303,65.393871140068,426.239299542798,4.09788489530187,2.32026008803375,16.9413551316103,13.4446642009096,6.01020286027857,3010.4425605975,96319.6308496284,1930718853.1948245,1818532511.2896032,0,0,0.30602922035953045,0
28.3682648990074,0.216767184455704,1224.50234600001,244.943840248242,1784.69541502699,65.8981154458161,429.945178240328,4.0831390069101,2.35836628002003,16.6676059999717,13.4946176667133,6.00289592676967,3034.28156981947,95675.3457281997,1933225515.198875,1820656455.8064418,0,0,0.30381345831003187,0
28.3023040852461,0.215749608404927,1234.62237156187,247.304372350578,1798.52777152173,66.4252948669993,433.706961038447,4.0658643462595,2.39587480229795,16.389999907201,13.5588178783642,5.9946707582723,3058.88001769683,95252.5166017118,1940057500.9264517,1822827383.8995326,0,0,0.30244777120865585,0
28.2460252943603,0.214882070545585,1244.66235236399,249.527642574811,1812.25118248627,66.9506536784197,437.377690276725,4.04734685845578,2.4317280061385,16.1088898598677,13.6310832416914,5.98606885595727,3083.16071219835,94938.3524842573,1948494405.7212968,1825071437.8606355,0,0,0.3014518159215617,0
28.2020691281275,0.214149227045801,1254.12282117327,251.555583482701,1825.1380488422,67.4475372660554,440.790541928168,4.02930606174901,2.46553736750124,15.815230929774,13.7048184367935,5.97753980546085,3105.92306434816,94684.3382716023,1956926551.7651713,1827384685.472996,0,0,0.30054741855962036,0
28.1726373792978,0.213528170017661,1262.67313085055,253.342048301764,1836.7140290437,67.898633632822,443.834779253114,4.01292284944366,2.49706152002873,15.4996616139933,13.7751693511812,5.96940463721234,3126.37328374568,94481.9261438885,1964745019.6206028,1829752967.0962303,0,0,0.2996300860323072,0
28.1578584276864,0.212976356355154,1270.20549554459,254.862381465697,1846.83144121235,68.2984588544167,446.474137747417,3.99870858046301,2.52612139156965,15.15981646039,13.8395970789713,5.96184190734435,3144.25173791595,94329.1070325264,1971762946.018175,1832159915.8915179,0,0,0.2986746032731533,0
28.1545808561547,0.212433910044249,1276.75476329829,256.095612552373,1855.55173517841,68.6489409756663,448.716401212776,3.98680511935274,2.55278518921434,14.8016061211771,13.897075532115,5.95490066686075,3159.63083043058,94212.222021095,1977710697.9854116,1834585762.2597494,0,0,0.2976570469226956,0
28.1570686518455,0.211853411769493,1282.40729413695,257.01539334082,1863.0124614941,68.9546103757154,450.58179682563,3.97712006660294,2.5774195876643,14.4357213227196,13.9472042122382,5.94853937712574,3172.69620412502,94124.5738473233,1982501452.7183504,1837010609.6443164,0,0,0.296587155600667,0
28.1599669509382,0.211224856404271,1287.25687999455,257.611257746393,1869.3575653202,69.2201934687722,452.095710298117,3.96913304563282,2.59991434732083,14.0727029937225,13.9898176300713,5.94276877100919,3183.66004465106,94186.1530633969,1988767974.1817305,1839458309.0723393,0,0,0.29586516439133165,0
28.1615282588758,0.210581991062547,1291.32578196765,257.896451200609,1874.62139776533,69.4463172847543,453.27110447994,3.96214778586378,2.61897443261936,13.7234100922832,14.0242283756958,5.93781037120496,3192.58836901895,94517.9881844496,1999180070.3275785,1841993575.1240096,0,0,0.29586759182852984,0
28.1667356566175,0.209955853739938,1294.41572496715,257.871700115203,1878.52676401627,69.6218935838318,454.062205349564,3.95645255208625,2.63340498826619,13.4072402811458,14.0479715495297,5.93400298017101,3199.0446851327,94936.5136470181,2009742276.2238765,1844614648.578695,0,0,0.2959821032152462,0
28.1867084025858,0.209347887785562,1296.16577102882,257.511164345237,1880.57830298344,69.7275593681967,454.382782955879,3.95303267863985,2.64287136476399,13.1544744377277,14.0574562115041,5.93165966733904,3202.22141737655,95366.1170012935,2018525928.964556,1847290206.7384775,0,0,0.29592482670196535,0
28.2321857093325,0.208745356362917,1296.35810879898,256.799741878408,1880.49260686617,69.7520345696108,454.194488476905,3.95278492179672,2.64814751221945,12.9920206945933,14.0505619277566,5.93085897194591,3201.65420220736,95627.2581446532,2021556892.4679654,1849930611.0677123,0,0,0.2951373602673364,0
28.3070488315082,0.208165549814401,1295.16649998892,255.776435942761,1878.53839091776,69.7051705002897,453.582316273684,3.95572317455023,2.6514432253543,12.931500666025,14.0290493873501,5.93125731111807,3197.80561297605,95559.0872818566,2015763979.9376965,1852405735.9762194,0,0,0.29323107451482294,0
28.4055913648435,0.207674272295805,1293.24282384801,254.574895410196,1875.64395243174,69.6218063032874,452.80855902619,3.95962909700616,2.65366719891207,12.9754364313295,14.0000971949948,5.93243692934425,3192.29354342656,95400.5396257079,2007235038.6729333,1854682637.4864652,0,0,0.2911568727012348,0
28.5156666637601,0.207321446504396,1291.43563450607,253.388065537943,1872.99262369462,69.5464282333258,452.227042163896,3.96149005144041,2.65365220929104,13.1266656568243,13.9736618963688,5.93417768590686,3187.22224930819,95236.1110309449,1999123549.8812447,1856775984.0429115,0,0,0.28940981345466854,0
28.6258414677212,0.207159450849446,1290.30329413818,252.36883155968,1871.3429101341,69.507547373189,452.087941353161,3.9588848129068,2.6494704027784,13.3877805965656,13.9565879205985,5.93652336753795,3183.98730049584,95352.3105724663,1998398588.202582,1858799164.1023352,0,0,0.2889955898311949,0
28.7276701416479,0.207246270998878,1289.82904527446,251.588076938803,1870.63088328716,69.5024461796926,452.412182524321,3.95082040820771,2.63835468757398,13.7582555487739,13.9486768269524,5.9399323512228,3182.58154060143,96020.4497513826,2010894117.7784648,1860941346.548478,0,0,0.2906909559821892,0
28.8089152787458,0.207604624126694,1289.30556945958,251.049828006581,1869.80053999746,69.4907422093407,452.920987655297,3.9399689443614,2.61989413487961,14.225943210586,13.9411564218437,5.94486681740214,3181.31827369983,96822.2851791437,2027129101.847649,1863249509.816522,0,0,0.29300052763932466,0
28.8499605671677,0.208310747391411,1287.68509013279,250.741127631625,1867.30844540604,69.4133876288165,453.160904575584,3.93079738374406,2.59670070442188,14.7634214466408,13.9207521462456,5.95149546594577,3177.68001599883,97596.6997946538,2042577588.8929596,1865706058.8449664,0,0,0.2951149653319049,0
28.8326809886108,0.209462823481814,1284.31004090342,250.671703090553,1862.18940046908,69.2330255373751,452.813678407292,3.92611252820125,2.5710226697251,15.3394877774262,13.8782526694849,5.95980622281728,3170.0828449051,98334.0345390203,2056294422.2248473,1868281577.2690187,0,0,0.2967720513885641,0
28.7497085072363,0.211063044438337,1279.1824591627,250.848599474984,1854.44763931284,68.9493374980661,451.828574673818,3.92643769758484,2.54393469122594,15.9253515980252,13.8118776298197,5.96961449477898,3158.50666554666,99044.3137724918,2068393491.3609238,1870949736.1235774,0,0,0.2979460954338503,0
28.6062080415163,0.212962880494214,1272.73660482701,251.214441753686,1844.71490532746,68.5866481726363,450.337304824119,3.9311892071002,2.51601893961011,16.4831817760762,13.7246333551987,5.98059920026056,3143.90681022014,99720.3712727736,2078850994.8674676,1873685279.0017865,0,0,0.29869168804322005,0
28.4148930516941,0.214974057823774,1265.50503882192,251.642421341115,1833.75803664262,68.1751700987687,448.516444362996,3.93947875597328,2.48782581747084,16.9624805624572,13.6207277899931,5.99239217567616,3127.41480774054,100361.089273417,2087628940.3707466,1876463768.1104743,0,0,0.299141346086123,0
28.1891446325849,0.216897314254106,1257.92403164628,252.00869497633,1822.20619198562,67.7400662094433,446.508445589264,3.95122372015588,2.46139658841967,17.3197830440645,13.504283867827,6.00443218772856,3109.9425791641,100603.711037914,2087124176.3277137,1879164542.5747979,0,0,0.2983586893910551,0
27.9427949899803,0.218573058853311,1250.49568092698,252.275647922227,1810.79978835236,67.3104846023659,444.481719084596,3.96647026371561,2.44094629769767,17.5379292662832,13.3815951084913,6.01577119584448,3092.63584249084,100161.626592381,2071816522.3342822,1881603175.2299812,0,0,0.29566013181592465,0
27.6964528376224,0.220040811320864,1244.12770190429,252.567014096898,1800.88029259415,66.9377598816021,442.77301587326,3.98195508454715,2.42850572401648,17.6363956958743,13.2640435511366,6.02555768003852,3077.73028978098,99552.6627043161,2053868204.2702172,1883756488.0929844,0,0,0.29280250682449577,0
27.4758595522918,0.221363193975759,1239.85748823518,253.101023735442,1793.9752013379,66.6799094317053,441.788584020367,3.99314057826974,2.42298137928718,17.6579462744466,13.1646685092904,6.03333600111615,3067.84573008371,98928.183302046,2038233054.1682825,1885663606.1926794,0,0,0.2904630736174846,0
27.2997210465828,0.222568983012745,1238.16928033242,254.0210574233,1790.79819087991,66.5641534744552,441.734338528602,3.99764795072698,2.42308069487687,17.6403859378986,13.0911896026682,6.03895285749112,3064.24665044184,98346.2087634888,2027085989.7898347,1887388269.4072788,0,0,0.2889073377830863,0
27.1737401468639,0.223649543583897,1238.86931303456,255.334067318521,1791.07493008856,66.5801894399292,442.557813365143,3.9955887290968,2.42759369572231,17.6018690435865,13.044341194162,6.04256922684271,3066.50391361518,97847.4718590215,2021096324.9494169,1888999209.8354974,0,0,0.2881644680277276,0
27.0944307075484,0.224548147193848,1241.37068306065,256.935588447025,1793.98017294513,66.6966161167814,444.048363852191,3.98881764047347,2.43565372182069,17.5400816535644,13.0204723758623,6.04447651554501,3073.19756824454,97364.6180416035,2017948562.011342,1890534321.170924,0,0,0.28783400914776086,0
27.0552925435046,0.225220308858121,1245.02731443268,258.67377639564,1798.62597600798,66.8794833142983,445.962755441403,3.9794943696555,2.44677530538559,17.4412364629748,13.0148105096588,6.04493632099208,3082.74916546789,96884.0239455305,2016228149.8168921,1892013072.0961707,0,0,0.2876602213268542,0
27.0504546813372,0.225628532583536,1249.36963674022,260.419673172923,1804.37502529391,67.1044480546465,448.116112360025,3.96932159117551,2.46090488826937,17.2930561535822,13.0237824885964,6.04408376106084,3094.00026262804,96307.4508011322,2013008535.0464423,1893419996.0839646,0,0,0.2871943196185827,0
27.0747728534786,0.225723333414685,1254.1939002997,262.097940397932,1810.94598511725,67.3609957004282,450.415065834222,3.95936530631645,2.47872608178009,17.0928468859263,13.0459611993022,6.04185286590141,3106.42148446909,95554.5158127021,2006145644.5848331,1894715693.19317,0,0,0.2861243303674364,0
27.1215447482085,0.225498426213434,1259.5857812735,263.692557786322,1818.43775067977,67.6532277264691,452.865864150005,3.94936951351413,2.50050163804245,16.8509757126084,13.0822917472155,6.03812146971676,3120.16200785665,94798.0971766479,1999281790.9535694,1895903944.3040833,0,0,0.284976336094594,0
27.1821989103685,0.225006484776761,1265.76330105119,265.222804770522,1827.11435641295,67.9915440037822,455.520529505238,3.93829419492812,2.52566255710265,16.5868669748563,13.1347008382714,6.03283495583613,3135.6793063364,94102.3337492599,1994058140.9739742,1897006800.446442,0,0,0.2839891038157058,0
27.2493777324109,0.224346684547898,1272.80421764252,266.706360954422,1837.03954582654,68.3786615618992,458.390217745505,3.92514212211478,2.55305062831092,16.3194617717807,13.2036928687609,6.02610908516726,3153.11179372819,93595.1958495167,1993359521.929075,1898077386.2406936,0,0,0.2835686385593319,0
27.3191676344428,0.22361937281061,1280.50930777522,268.138667794016,1847.89786782245,68.8027489200874,461.404731851407,3.909532951236,2.58055724363961,16.0616865188454,13.2870485014527,6.01835519723489,3171.96846912032,93392.5961439435,1999543480.5224133,1899192398.265767,0,0,0.2840278394096446,0
27.3907315710499,0.222869222993089,1288.35758888214,269.464519715648,1858.93710680951,69.2355495339351,464.389659448189,3.8926988840069,2.60655872244049,15.8192929860937,13.3792800932894,6.01009728961818,3191.00656486047,93315.3959298882,2008230017.1941166,1900377589.775858,0,0,0.284721390029068,0
27.4647135380342,0.222113534327108,1295.66954010211,270.585372182911,1869.19896036098,69.6412306222018,467.115802939116,3.87671557943287,2.6306447464641,15.5928694923438,13.4730324404403,6.00178685920438,3208.60579174649,93289.2758350997,2016956815.350615,1901631129.8358016,0,0,0.28529775583256245,0
27.5417356062906,0.221340180412631,1301.94426080833,271.415262952108,1877.98936597493,69.9939161980798,469.413600133683,3.86335563958049,2.65324573653703,15.3809407213598,13.5622947745289,5.99368686517467,3223.5730840291,93181.2715683274,2022155451.756408,1902913303.473255,0,0,0.2852765538561869,0
27.6211196945373,0.220506402980349,1307.06328148075,271.917593404583,1885.1588799811,70.2880763632236,471.239801931799,3.85355126561982,2.67588815002606,15.1806313588788,13.6445476911655,5.98572519068267,3235.62603071573,92867.3776072972,2020901905.596822,1904155288.758766,0,0,0.2843033724537134,0
27.6996793419093,0.219575360013415,1311.34202031797,272.116817229397,1891.16898142142,70.5407239965849,472.695277170721,3.8465805226372,2.69980513028744,14.9867306953736,13.7214508811223,5.97764659458299,3245.51284438551,92519.7896409876,2017277630.8021684,1905333646.488385,0,0,0.28302269248446466,0
27.7720633018748,0.218529255707096,1315.32873254695,272.074315788674,1896.80273481991,70.7805482585757,473.955853549162,3.84077032975482,2.72525880390306,14.7918197647099,13.7970511430329,5.96919505336016,3254.5304333368,92204.5493803265,2013383815.7839024,1907166917.980715,0,0,0.28178031336787224,0
27.8332299050653,0.217368145597712,1319.43876916482,271.843891170744,1902.64527640548,71.028817627992,475.150598959075,3.83480681086195,2.75225343840565,14.5893634549551,13.8745131139151,5.96019545570614,3263.65653395797,91943.3297823506,2010208377.3234632,1908980065.2778928,0,0,0.28074136952414513,0
27.8802616924162,0.216107275805793,1323.78747936807,271.45198384101,1908.85020977551,71.2909294062498,476.312861311752,3.82821336074647,2.78051950323808,14.3757238401376,13.954680691233,5.95064492377164,3273.16127761421,91748.9827907345,2008202190.8126428,1910844307.274234,0,0,0.27997001335261107,0
27.9121716213848,0.21476664386424,1328.25081685804,270.901122968655,1915.23100372281,71.5600384766384,477.405525754791,3.82129093814082,2.809601141417,14.1474736554455,14.0365629853668,5.94068070963693,3282.75637142992,91589.0298138242,2006543016.541492,1912783478.3200865,0,0,0.2793366211112261,0
27.9288995397643,0.213361858734667,1332.6146029161,270.183104957642,1921.47635471106,71.8250549591775,478.370117125103,3.81469796682944,2.83900139092841,13.8990739020691,14.1185214846689,5.93049325449794,3291.94841607577,91447.1254920319,2004646593.5843318,1914799231.9237735,0,0,0.27874410239923,0
27.9307937269638,0.211896297388718,1336.71152416852,269.289985338226,1927.34664938058,72.0776581923561,479.16398486136,3.80925066481948,2.86889380389631,13.6247294898884,14.1993078120099,5.9201601801014,3300.35620468567,91184.0225427768,1999278342.7753758,1916856792.6482909,0,0,0.2781753475639272,0
27.9190415608349,0.210356830726878,1340.53896517603,268.222403221067,1932.84469232801,72.3183712427397,479.793102944123,3.80554148467782,2.90080277011588,13.3211940676299,14.2791751734771,5.90948432231042,3307.98488626128,90656.688340513,1987304365.382696,1918886786.8117707,0,0,0.28063176327947853,0
27.8969778729628,0.208719235634069,1344.38343634178,267.006416031555,1938.39543229156,72.5629560063882,480.358998674842,3.80280990164975,2.93585535466612,12.990373971523,14.3613129856547,5.89815937373718,3315.52838339629,90062.9592245208,1973415109.8070092,1920868009.2119958,0,0,0.2910466648369217,0
27.8700931715971,0.206948934713846,1348.71832511278,265.686540586296,1944.69520448791,72.8368259911834,481.025668936798,3.79949473259244,2.97386638773646,12.638429436094,14.4510154925577,5.88593894545357,3324.12623262527,89490.1218845206,1960096086.0100758,1922804660.5002897,0,0,0.31100893866826057,0
27.8437372276837,0.205020327177807,1353.88206572494,264.29279564735,1952.24156374485,73.1579571039331,481.905167651792,3.79464679241484,3.01473394786969,12.271564427829,14.5524982811093,5.87261116390789,3334.58818457436,88888.6261861408,1946658620.7625282,1924681114.6224477,0,0,0.3394741513592696,0
27.8209610933585,0.202929987746121,1359.90650585138,262.824148898489,1961.08366460019,73.5278999824788,483.000277781795,3.78829194363106,3.05901975079786,11.8941392006009,14.6675419068052,5.85799638111195,3346.98481728571,88187.7233640429,1931580052.7492542,1926448475.5806377,0,0,0.3740583203693795,0
27.8016960996439,0.200697654262656,1366.35524244252,261.218215423892,1970.5917177484,73.9231275685787,484.153368830187,3.78135091615774,3.1070228200001,11.5108812449725,14.7966312728658,5.84202149476645,3360.25657660496,87481.6816037261,1916379423.2587395,1928092575.0401976,0,0,0.40856272684352396,0
27.7835371690593,0.198355624566311,1372.61697571618,259.399166398077,1979.88330505074,74.3108152695217,485.150772822937,3.77522962140646,3.15822632627103,11.1284550416733,14.9399827701752,5.82474086387677,3372.93218916661,86816.2965619118,1901349901.0720513,1929615978.3309593,0,0,0.43512106548068524,0
27.7637053757832,0.1959361539018,1378.35900082009,257.348283401684,1988.47770923745,74.6731909279915,485.87858701961,3.7707325559597,3.21183051062335,10.7530942062609,15.0974105633819,5.80626717965131,3384.22895303598,86200.8752840553,1886392003.530356,1931037022.8055913,0,0,0.450672772625227,0
27.7406307803582,0.193464707802678,1383.53105971758,255.093292877521,1996.2999856861,75.0075530827311,486.321889112249,3.76795107980118,3.2670495466454,10.3879769015406,15.2680605601585,5.78674705687745,3394.05082421757,85636.1502606963,1871576636.3964837,1932392316.5962484,0,0,0.45692458234193084,0
27.7145698402135,0.190960330322672,1388.20894496625,252.677283701743,2003.45547194205,75.3177681582845,486.50951649845,3.76668754134556,3.3232002785257,10.03199114233,15.4505196277878,5.76634642065412,3402.60303765513,85117.4361883345,1856986981.2476363,1933698782.306049,0,0,0.45740882439285757,0
27.6872608449421,0.18843836192245,1392.48358489617,250.140891172248,2010.07089845928,75.6083505368158,486.475639264707,3.76676171369622,3.37968357714522,9.68052838947162,15.6431332825343,5.7452376695421,3410.12345337749,84641.49435595,1842729153.2032223,1934959096.3328383,0,0,0.4552946413755226,0
27.6608348580143,0.185912981622403,1396.41916687612,247.516418595154,2016.233983333,75.882252540462,486.246569818817,3.76791436801655,3.43540586147715,9.32866361484389,15.8443244929848,5.72366185899106,3416.78221145203,84310.351622324,1831145721.5713673,1936157372.4264414,0,0,0.4531235120339799,0
27.6366848855823,0.183398320657191,1400.00397305163,244.821461488687,2021.92110103791,76.1381707024696,485.824530992565,3.76984030196111,3.48812481676637,8.97448125698657,16.0522003802825,5.70203733265347,3422.56249646475,84273.4171795507,1825483910.5654461,1937251430.3795633,0,0,0.45256297431164505,0
27.6146139428223,0.180904359722054,1403.04017114711,242.039882684324,2026.83793931002,76.364695934038,485.145296290607,3.77306277230097,3.5360145672984,8.62006589942646,16.2626874817001,5.68083834041563,3426.98879611726,84384.130532254,1822322653.8829358,1938218498.4341195,0,0,0.45294502084012983,0
27.5927023473004,0.178435527200427,1405.17221679617,239.123715428337,2030.46208268881,76.5419977982047,484.086751068543,3.77873915126332,3.57882080546335,8.27097975230324,16.4690232651055,5.66046239692691,3429.19480535215,84541.9436444544,1819055748.1152678,1939057850.934171,0,0,0.45349258772244694,0
27.5683687224492,0.175988060881552,1406.14190440913,236.033306700955,2032.41448847433,76.6557746207068,482.560513009084,3.78781352487041,3.61737370099704,7.93399072669251,16.6644765819699,5.64115745147742,3428.54837660405,84622.9464608002,1812708401.0266943,1939801709.0000458,0,0,0.4532665458530855,0
27.5400273272968,0.173551746817252,1406.01549478086,232.775354528311,2032.7898070199,76.7097223885773,480.591693688163,3.80049866519294,3.65353395105411,7.6134393973023,16.8455014904407,5.62286515116007,3425.20826225347,84487.5836462733,1800410155.2913756,1940513927.924866,0,0,0.4514012375564766,0
27.5086929601572,0.171119606807261,1405.25295460363,229.420760016497,2032.25409862029,76.7291262964934,478.346317327477,3.81560541908763,3.68855089866293,7.30984356337584,17.0139398459622,5.60533462126173,3420.29750009155,84271.1552148734,1785675942.2629635,1941222799.8641872,0,0,0.4486967653118253,0
27.4781829065335,0.16869362107959,1404.53826513379,226.083501964228,2031.79575791737,76.7513937636693,476.072825272166,3.83111677370892,3.72209948615709,7.02063596125155,17.1760682949805,5.5883057435344,3415.49136977091,84060.1369479843,1771219286.3006356,1941930725.046006,0,0,0.44579527662940976,0
27.453166625432,0.166286744090623,1404.35325703634,222.853625650328,2032.10737332679,76.8026812253358,473.951353747919,3.84534380105291,3.75269318889662,6.74254227534842,17.3384604595501,5.57166506850043,3411.97689497316,84016.7137910258,1761059498.5606165,1942599495.487526,0,0,0.4436882084124446,0
27.4371539693561,0.163921374918701,1404.71077748223,219.75612949548,2033.19926533397,76.8831811240942,472.00165914891,3.857510178681,3.7773792722014,6.47587918556489,17.5041022073585,5.55569091830847,3409.8038271975,84358.5605509387,1759754462.0485852,1943146273.338546,0,0,0.4435239509860945,0
27.4321651701897,0.161622328273586,1405.1191354789,216.746435901089,2034.35014240935,76.9654013457783,470.071095567358,3.86852177738797,3.79376007754436,6.2284884279817,17.6695586465365,5.54092884895253,3407.80119368801,84891.4938647392,1762653857.297684,1943540127.131117,0,0,0.44415073638053654,0
27.4394272571377,0.159412408031738,1404.7706767878,213.735502431419,2034.3834350509,77.0047821170526,467.90183951564,3.88017661958414,3.80151044614847,6.01705951764053,17.8256420465447,5.5279514908057,3404.03742101097,85471.3725164551,1765856391.1589613,1943789981.222557,0,0,0.44464640131185296,0
27.459771934149,0.157311655188062,1403.02229249354,210.655102302951,2032.36399567897,76.9658782707034,465.298798821113,3.89290071417284,3.79973207245371,5.86355894750094,17.9626942571978,5.5174403363108,3396.98418785281,86355.801357632,1773959962.130744,1943982581.6066773,0,0,0.44628577981640816,0
27.4932095001526,0.155349281406703,1399.56351308702,207.489848054892,2027.83514099721,76.8310800588791,462.197214793603,3.90503549303419,3.78374806150395,5.79546145790487,18.0734230787942,5.51049476330112,3385.92932744813,87999.266196903,1795857713.6861477,1944299163.8426778,0,0,0.451439468793242,0
27.5367184848612,0.153574475911767,1393.98250224723,204.235963156975,2020.17697553681,76.5765292501431,458.545692996727,3.91558242711433,3.74720504556301,5.85961789230626,18.1495928089545,5.5085955157885,3369.94810323461,89987.8734840793,1822528757.1160686,1944817056.575157,0,0,0.4579566796691847,0
27.5820653798013,0.174881641824136,1385.6127150109,200.885866026562,2008.36402766343,76.1445632947533,454.400850890777,0.29236827727499,3.53225729711527,6.23044956184815,18.2388642278368,5.53124280044128,3347.58954968033,92037.0657874863,1847730965.0546734,1945528728.2789018,0,0,0.4657176642290282,0
27.621024842956,0.371065009854619,1373.64749490983,197.657594856864,1990.75726019432,75.3388730954826,452.446647934189,5.04241112042096e-14,1.36109769809458,7.92671619491361,19.2819043065385,5.76937132414878,3318.36631356958,103478.331067099,2058553579.4899533,1948244270.474599,3,2,2.3257292839782213,3
27.6405969244251,1.23244857483055,1363.34822908227,195.018127871513,1975.10855514706,74.6766219769164,452.307733287584,1.0795153818738402e-15,0.12719397798084,9.72509969537988,19.5650233372888,5.92877954836663,3293.82491622003,106060.776742003,2095883341.4873385,1950903645.6385186,3,2,2.4009809389690875,3
27.6464531230092,6.61894571230149,1353.19483578995,193.102891329546,1959.1243328461,74.0570552932739,450.422746660432,8.61691908083791e-18,0.0004733456347784,11.5137170187877,18.872585978352,5.99253743265296,3268.62483609657,108729.624977384,2138230209.5966945,1953487763.8425865,3,3,2.5094604639888978,4
27.6567119755161,13.9582679629076,1342.43290696791,192.586262893223,1942.03844060551,73.3900697508213,446.225879904444,6.889943362595311e-20,5.15555268909574e-05,13.3474394655376,18.0810826909928,6.03992146881864,3241.58926921768,111339.989279221,2182950446.3118014,1956044231.6566112,3,4,2.623856291321106,4
27.6888803953078,22.14949704768,1330.50849807043,194.005626035253,1922.855845283,72.6258341363833,440.724433836489,2.65696931534009e-22,4.56706097294681e-05,15.2254687643444,17.2745061078168,6.08541535055353,3212.36554981591,113271.951850969,2219269718.2460465,1958707767.036308,4,4,2.7343944897500134,4
27.7446652948754,30.4388017952513,1316.36508441129,197.181428957899,1899.98844192466,71.7063225999171,434.440390434475,1.3343819074877501e-25,3.77016752816299e-05,17.0871026601632,16.4706157532017,6.12984188138776,3178.85175434688,114038.642354837,2235966263.9583535,1961607470.3869035,4,4,2.8213307710817124,4
27.8009261083507,38.2267090654393,1301.21176266135,201.60300377451,1875.33279138467,70.7100110913881,428.160865674956,5.95094633481136e-29,2.59272370616041e-05,18.8369319642334,15.7107801822851,6.17171693370805,3143.83051401011,114374.436577297,2246813610.7328,1964747020.4019327,4,4,2.8916633168307233,4
27.8222967947727,45.2001494106439,1287.69428830399,206.801878025939,1852.93044689023,69.7954891062005,422.755809290076,1.67133344049131e-32,1.41039134320472e-05,20.3852128082681,15.0272192264585,6.20942124931659,3113.25531028375,114471.841655013,2256680934.3036795,1968086582.4447677,4,4,2.9582075310737563,4
27.7865768052973,51.2935052787719,1277.60229131636,212.507699235776,1835.50219624849,69.0685672596995,418.68802115495,1.3208309734913001e-36,6.05661772188548e-06,21.6916761792433,14.4290600480369,6.24248379758279,3091.09953042644,114286.84351802,2265620533.0358458,1971596541.623421,4,4,3.0276073356435513,4
27.6950319019384,56.5991837485599,1271.27748459191,218.577107954783,1823.57798325091,68.5505764248518,415.961911688737,-1.4449704833087899e-40,1.97020116627687e-06,22.7601458604218,13.9090181495062,6.27139818747621,3078.0131767131,113806.456054556,2273172235.2471266,1975265361.5560684,4,4,3.099004099732256,4
27.5685283415699,61.2844778950391,1268.33564636977,224.833986748394,1816.61044389957,68.2223510318339,414.385784351572,-4.74050831340462e-38,3.43253243291312e-07,23.6037975818661,13.4551249130804,6.29691333856779,3072.94882788128,113164.567880219,2280889036.665951,1979070005.722705,4,4,3.1699429694620536,4
27.4339201633738,65.5232414758774,1268.25030788925,231.053834642883,1813.85374591989,68.0575877418413,413.745022026144,-4.25588025192137e-38,3.79793836708015e-08,24.2315530139452,13.0560910874334,6.31968304193773,3074.51647457251,112436.502061054,2288883301.809072,1982990752.0870245,4,4,3.2379148992743967,4
27.3090269523174,69.44939254202,1270.49372210542,237.078429226046,1814.55389828898,68.0286960647308,413.830574531381,-2.95392897011668e-38,6.650283106281881e-09,24.6589760171576,12.7017973212799,6.34026305463736,3081.369543982,111543.884536077,2294412939.0607653,1986965956.8028717,4,4,3.3000072390241266,4
27.2005145208191,73.1534206658877,1274.6267829052,242.842680707074,1818.07914325993,68.111336666215,414.480058535684,-2.1279740409039e-38,1.49784920934836e-09,24.9147828646548,12.3838507381721,6.35909987134653,3092.4391098727,110441.567789927,2295821354.5886445,1990904060.675316,4,4,3.3548153110808347,4
27.1110182594794,76.6949056847987,1280.41511574001,248.324603798344,1824.10218710567,68.292048689857,415.632377613412,-1.7520759460524601e-38,3.56422988148791e-10,25.0393721032056,12.0962967185565,6.37649306252313,3107.1879878473,109355.007427664,2297519066.9794416,1994788746.7150087,4,4,3.4054556323579694,4
27.0432046387103,80.1155159313341,1287.68620148644,253.502706309314,1832.39096010379,68.5610864826678,417.267528134826,-1.57763512658803e-38,8.812215859712149e-11,25.0763251173225,11.834268994515,6.3926706920135,3125.23988923194,108359.169498694,2301008824.8759627,1998631535.9769325,4,4,3.4528248567576982,4
26.9981037051156,83.4509827686564,1296.08506849471,258.337790135094,1842.4415058199,68.898827224462,419.301801447012,-1.45013965880281e-38,2.25204086176893e-11,25.0609045545234,11.5924285566381,6.40788091306031,3145.77541772409,107251.888110675,2301633586.2077513,2002436883.1258078,4,4,3.4927693250667238,4
26.9736311749437,86.7373570962967,1305.24148523105,262.791652679608,1853.71437014871,69.2846095565151,421.630765910902,-1.32024126174436e-38,5.90429254269821e-12,25.0169618421792,11.3665669823259,6.42231590335492,3167.91903453163,105867.724948388,2295307321.2034254,2006197394.7849681,4,4,3.5218585140855407,4
26.9647771330339,90.0142562560038,1315.15721157361,266.889172777369,1866.18872669126,69.7172452686854,424.254486866632,-1.18830705266146e-38,1.5999168188986299e-12,24.962750110893,11.1558197420597,6.43599990720183,3191.67080181958,104523.076864169,2288927914.584611,2009919001.379453,4,4,3.5460152054321505,4
26.9644697270987,65.9796255200784,1324.21019658046,269.794062214746,1878.29233992116,70.1782774945657,446.335786749254,1.11307455079094,0.260054000573388,25.3005837643533,11.0888642816362,6.45630911543547,3225.24195484585,94087.6499490101,2077948650.9615548,2011452645.1061897,1,3,1.4966045133059096,2
26.9643098005717,29.2024894010708,1328.32990912985,271.902543137806,1883.79228477771,70.4401955956063,475.63153135243,1.71496806283336,0.840249691831051,25.6597361977865,11.0453325531993,6.45266635584401,3252.68971548393,93175.7587661492,2068646351.9109914,2012863278.8219411,0,2,1.3987969926397252,0
26.9631373352399,4.92323863915441,1328.49609042055,273.481741125209,1883.50786619391,70.4601604386748,494.091473273834,1.9584585476483,1.2516272507584,25.8712971475002,10.9883118632657,6.4483213414124,3264.82523204743,92717.3453494713,2063624114.490109,2014150431.0465624,0,0,1.2473751458675337,0
26.9668121376986,0.800832446262256,1328.86801870085,274.952362499789,1883.43417570019,70.4788423988489,496.369531489246,2.85757161749094,1.61841795714104,25.5790766202552,10.8936383803071,6.41075313651629,3267.51460883972,92442.52631284,2060982346.7503684,2015322180.4322822,0,0,1.0860901664801978,0
26.984029634388,0.340743034660179,1331.19692025871,276.370948091632,1886.18451509877,70.6003112034381,496.910829617042,3.3003863387825,1.89756515191258,25.1868755931255,10.8609417308986,6.37389650895973,3273.23758889137,92238.9006503282,2061325312.0990937,2016409667.5190938,0,0,0.9560907677571917,0
27.0217868097772,0.273658822461242,1335.05262786104,277.588511932229,1891.22701305609,70.8087038014594,498.395699688574,3.49349166971197,2.11123263477526,24.7364193991414,10.8980287753322,6.34053543298659,3282.6722684986,92151.0354114325,2065076549.4349532,2017454787.6213264,0,0,0.86095215790519,0
27.0823245638277,0.258609633305923,1339.3694247592,278.474075735894,1897.03562531423,71.0487154717721,500.804440631005,3.54749138466617,2.27740128519732,24.229859689172,10.9862657773297,6.31002349498461,3293.47923286935,92243.2934958247,2072407436.8259137,2018503167.733907,0,0,0.7915538637948608,0
27.1615723336325,0.251118797047013,1343.25249873645,278.984326999644,1902.29445402968,71.270321594999,503.728170902066,3.56766142879294,2.39931436311071,23.6872265309789,11.1049026388255,6.28345306981796,3303.47447285717,92420.5104794886,2080276558.3062031,2019571562.1122484,0,0,0.7377924837552476,0
27.2503727298378,0.246531676969539,1346.15272338993,279.139751916774,1906.17477300485,71.4420711726775,506.692495763762,3.57715208256953,2.48444414847615,23.1250098847363,11.2335473435339,6.26117657896628,3311.19918923926,92640.0497301508,2087243515.0031934,2020662625.261049,0,0,0.6937583695949221,0
27.3392543987377,0.243221549264596,1347.86141105502,278.98706371253,1908.34355234636,71.551509405721,509.333546005214,3.58385574562699,2.54176567806087,22.5524339109054,11.3581558923995,6.2428655563522,3316.00131720554,92823.9542302495,2091427406.8696404,2021731994.351548,0,0,0.6562143586911011,0
27.4228889915684,0.240549308530246,1348.44980755102,278.576961379147,1908.88873796169,71.6019753733154,511.479175779276,3.5912022518754,2.57987951273439,21.9761443339759,11.4717558393671,6.22778589500188,3317.95165797709,92895.4651946188,2091267479.0908854,2022691238.1928327,0,0,0.623423634261322,0
27.5023616599479,0.238343164159754,1348.21113788568,277.970649081471,1908.24181467197,71.6092706074222,513.156440839534,3.59950064446812,2.60533643888608,21.4102418998568,11.573017365859,6.21518663263319,3317.73672332865,92949.9400662864,2089381120.0373716,2023520809.4825563,0,0,0.5953453140383697,0
27.583859899589,0.23646357265825,1347.52809336508,277.240159340144,1906.98134166085,71.5942744342778,514.508204558159,3.60783732899567,2.62221240844708,20.8786871542931,11.6638089888484,6.20451624369919,3316.32524008783,93020.4128961106,2087147424.603248,2024235616.728793,0,0,0.5716502476238775,0
27.6740967147985,0.234854275592724,1346.67122926161,276.449055394596,1905.5223556468,71.5716445428216,515.662838255608,3.61517080654139,2.63227880618551,20.4047081084808,11.7463826677146,6.19550484477993,3314.43327891972,93296.4324007085,2089320661.0793135,2024941489.318494,0,0,0.5528731636730146,0
27.7760574767117,0.233642081875147,1345.62396182308,275.63936093067,1903.84911422886,71.5399691321458,516.645798522011,3.62058151427522,2.63480889540529,20.005751559446,11.8211433381312,6.18827857966948,3312.0796220785,93973.7648991362,2100410174.648256,2025823220.513396,0,0,0.5392505016988564,0
27.8856221696032,0.233003138811981,1343.93729702675,274.820289169135,1901.31258661184,71.4742305514685,517.324191028364,3.62466801185904,2.62940670117691,19.7032142361542,11.8848004292382,6.18309650993988,3308.24516371902,94755.3676617587,2113403937.5046237,2026929146.5428927,0,0,0.5281578421297407,0
27.9916555983627,0.23306753582158,1340.9183382985,273.984449561961,1896.91233924987,71.3363514432759,517.483452698027,3.62910309872912,2.61735285345811,19.5293766669914,11.9316733648429,6.18014123437019,3301.33687843499,95511.7459492741,2124813791.4265769,2028238419.8923235,0,0,0.5182482222992373,0
28.0819420202188,0.23379024874012,1336.14926805602,273.143458917822,1890.0440672601,71.1033040353259,517.011479144986,3.63538885236985,2.60020415048873,19.5137163476014,11.9580489013866,6.17946676075835,3290.41560902058,96182.3878948753,2133004547.2735136,2029640565.2993124,0,0,0.5087858428018379,0
28.1495500753859,0.234909117850896,1329.75280540476,272.338480476758,1880.87508001757,70.7812937650521,515.970572107581,3.64443052131941,2.57971952898802,19.6621683108818,11.9643612785165,6.18082981034956,3275.79856744,96728.0969744775,2137359354.6152294,2030957911.516362,0,0,0.49935150657137156,0
28.195887718512,0.236058636423727,1322.2861200877,271.635366471957,1870.17626779643,70.399233461912,514.534716707601,3.65652958308191,2.55762785750051,19.9441255517357,11.9543103303752,6.18370835733417,3258.78061620507,97206.8352718743,2139794639.4720237,2032131510.866616,0,0,0.49022127602071763,0
28.2286782078829,0.237077538225615,1314.42639735006,271.104103858835,1858.87012460746,69.9915880916354,512.881320780902,3.67120818289539,2.535377523642,20.3014224439661,11.9326471220961,6.18746754493991,3240.89385304869,97641.113929316,2141477104.4047375,2033161714.153197,0,0,0.4815791162746286,0
28.2561764811657,0.238126904489797,1306.66070349926,270.796068734802,1847.60995409844,69.5825887517555,511.129840067028,3.68672570154798,2.51298099918085,20.6803099814235,11.9031603727146,6.19172999799031,3223.22638772816,98271.4396179478,2148118212.6368384,2034118211.9699886,0,0,0.4746156084629107,0
28.2839881417874,0.23945011337979,1299.07699072361,270.718030799533,1836.49857654629,69.1755749152694,509.297060316808,3.70122614546655,2.48816636881579,21.0546133208207,11.8667701820047,6.19665380647848,3205.95529876151,99312.9353167274,2164392996.9463387,2035118206.8198366,0,0,0.47017649790812255,0
28.3167996757478,0.241001118404931,1291.23644898799,270.765091139978,1824.91305599132,68.7463729512848,507.219899453014,3.71579471438103,2.45964315520924,21.4229987940439,11.8197549337922,6.20252218301526,3187.98979550555,100416.500586277,2181898019.203094,2036191613.3233328,0,0,0.4662913171210909,0
28.3599465330779,0.242680531476662,1282.4511088498,270.733249127137,1811.89553064394,68.2581414421225,504.635684619773,3.73312725833414,2.42838878705775,21.7947220735894,11.7558541653953,6.20941838792473,3167.60383600339,101458.513749175,2196663605.3740706,2037327391.0837839,0,0,0.4621157379575348,0
28.4173817517966,0.244311910516177,1272.40381637429,270.45846887261,1797.02427021635,67.69469615165,501.424206031499,3.75535580323111,2.39676826286111,22.175307270687,11.6718846441983,6.21709994887327,3143.96842493468,102144.173502048,2201514322.6015954,2038518955.1074703,0,0,0.4562250202712631,0
28.4910066510138,0.2457365663683,1261.52527076902,269.929185494333,1780.94827727441,67.0812725447848,497.763485194096,3.78266135967797,2.36862280950393,22.5572574353723,11.5714422083599,6.22484943852248,3118.11441747016,102256.796567864,2192271786.3329673,2039773697.44079,0,0,0.4479227710078478,0
28.5844660606639,0.247057937808105,1250.94408652461,269.328044817648,1765.31913696031,66.481898444164,494.134500174798,3.8112646591957,2.34596894871123,22.9219285053357,11.4649110575164,6.23196132280842,3092.86521170692,102199.147310057,2179397811.343685,2041081297.5144718,0,0,0.4395008482553053,0
28.7045478954873,0.248345912118838,1241.86677228973,268.922171343027,1751.90095522851,65.9651365866166,491.073157718585,3.8364095158991,2.32830806867527,23.2479784224413,11.3643413838317,6.23804902376279,3071.3047988732,102089.67049601,2167485407.023101,2042427676.1900427,0,0,0.4319261286995554,0
28.8563739049924,0.24956895354692,1234.89435871975,268.878261203388,1741.57793014127,65.5658200163919,488.863832720562,3.85592138344002,2.3153016447149,23.5200542921492,11.2773075570782,6.24289353313947,3055.01066013238,101878.603350347,2156590665.4809985,2043776683.2284925,0,0,0.4251845566712689,0
29.0392592169108,0.250637079499497,1230.01991886671,269.21114165487,1734.34146853798,65.2842757151709,487.51964237154,3.87005614287439,2.30719790340803,23.7320146433697,11.2062299972131,6.24638298356535,3043.98912816862,101523.895366678,2145848946.434035,2045076189.7022905,0,0,0.4190412756039381,0
29.246043230316,0.251483751400828,1227.02107539917,269.842799081128,1729.85432295427,65.107922292261,486.944094737164,3.87960830103501,2.30392572358303,23.8846410349385,11.1512979796997,6.24851061701957,3037.64067786353,101117.538086339,2136714041.2181766,2046313330.1106951,0,0,0.41369441567897797,0
29.4663721212991,0.252058799329532,1225.68805886183,270.671705043967,1727.78915632915,65.0244085046691,487.036001037492,3.88518946656847,2.30488068516013,23.9819166350551,11.1123693762462,6.24933840524151,3035.36394846582,100691.884461434,2129314303.2703688,2047491310.8758354,0,0,0.4090760762342429,0
29.6914657632303,0.252235727971672,1225.81764258957,271.605211226206,1727.83736940771,65.0221951671524,487.693201022619,3.8880871373233,2.31053649629899,24.0272020837927,11.0891364499604,6.24878108677693,3036.58624335947,99993.9900093273,2117777677.605567,2048582656.1108263,0,0,0.40399081625320193,0
29.9151058428336,0.251832137311345,1227.32112939238,272.585601170388,1729.86981004051,65.0967169394257,488.854396363891,3.8898285610192,2.32310487696308,24.0213860960549,11.0822500540988,6.24646476274591,3041.04003398783,98839.8359542564,2097874022.9207695,2049538160.0518255,0,0,0.39761587502922535,0
30.1317006771652,0.250858221904655,1230.45696875142,273.640392058918,1734.2577935274,65.2621863888193,490.595418078473,3.8896160693599,2.3435344605678,23.9651103760683,11.0952355016497,6.24204717509941,3049.33381723063,97632.1705136904,2078395042.4143903,2050362256.4212093,0,0,0.391604689645772,0
30.3359765689793,0.249459894290601,1235.64231990344,274.855171585964,1741.59603057728,65.5409660101922,493.058811158482,3.88531678884745,2.37068858805344,23.8607895269365,11.1328917110672,6.23540675900843,3062.48803127379,96498.2135441031,2062637862.8468337,2051076628.5240514,0,0,0.38652434492922544,0
30.5248023895934,0.247811632482727,1242.96575755679,276.272827609527,1752.01096207791,65.9376677200127,496.264963895344,3.87594220981587,2.40363804015534,23.7127539530735,11.1972643675055,6.22653180383954,3080.7319231349,95376.3945796637,2049432426.4280837,2051660721.2792492,0,0,0.3820889030406475,0
30.6977378822958,0.246046630853569,1252.1288963551,277.860674993852,1765.07872820151,66.4362414263634,500.093286869891,3.86192731830287,2.44210581955831,23.5274605982218,11.2870701540039,6.21550107661884,3103.34705178188,94202.8109113551,2036956492.9780967,2052050440.1589963,0,0,0.3778990787703061,0
30.8560554851122,0.24425777404439,1262.7386842387,279.544951026418,1780.23726535398,67.01562549684,504.398124143041,3.84384178978245,2.48541154021302,23.3142022375395,11.4000524605397,6.20251950111613,3129.36868465177,93090.4634758753,2027026182.8836572,2052246233.5515954,0,0,0.3742458566361737,0
31.0016630738018,0.242461249350431,1274.48223623818,281.248132435651,1797.03386372469,67.6590284322124,509.070885719487,3.82214908878161,2.53217743944969,23.0840829535724,11.534401463708,6.18787739240679,3158.01439331884,92076.8523319463,2019965509.8202093,2052277574.118987,0,0,0.3711545624412179,0
31.1366296962939,0.240676520916504,1287.07903679295,282.910641487195,1815.06035038689,68.3511769032869,514.014306533477,3.79708831691324,2.58017558828976,22.8474213059249,11.6882602840971,6.17197898120476,3188.58791958007,91361.7232394819,2019811966.577094,2052253162.8150358,0,0,0.3693278206810236,0
31.2633540000701,0.238942997030554,1300.15380635952,284.491955461093,1833.77421066124,69.0712938204858,519.090937122186,3.76896241776143,2.62570513505053,22.6109902505399,11.8584971453364,6.15547909156623,3220.18566287713,91150.8197068191,2030849396.2190173,2052356782.5090172,0,0,0.3694757611588597,0
31.3847412638648,0.237262912976381,1313.01064842369,285.919838428544,1852.18381348553,69.7814380135426,524.024007667473,3.73999040261841,2.66614048758964,22.371297752055,12.0384843055896,6.13902773211996,3251.13461333326,91139.2165668767,2045644463.8047473,2052652270.352794,0,0,0.3701705670281625,0
31.5036577119404,0.235658234802841,1324.71514506093,287.078043852239,1868.96776621489,70.4312857699847,528.429281074143,3.71350278178677,2.70126200130553,22.1129681587672,12.2185202551863,6.12307610058602,3279.17606979656,91190.5188629589,2059998589.2019699,2053137840.9092321,0,0,0.37062537170525073,0
31.6218083488124,0.234149431690955,1334.57184217304,287.873415010608,1883.14707098331,70.9835677649301,532.017314175259,3.69186639010566,2.73147588922094,21.8188284930864,12.3901526865545,6.10794315833459,3302.62613598957,91276.2541894667,2072351648.5634348,2053785166.6513155,0,0,0.3705778458911705,0
31.7385295103736,0.23272780940217,1342.36230027631,288.272890231354,1894.42008215298,71.4267793286977,534.694073676173,3.67590086500532,2.75723303618661,21.4792425404626,12.5487450238858,6.09378371339069,3320.95669350174,91388.1736416988,2082203975.2242248,2054556018.5722692,0,0,0.36999694511987447,0
31.8487725093232,0.231356670275854,1348.23025310152,288.282315045209,1903.00493752465,71.7692585130697,536.515218524482,3.66529906262538,2.77906858866828,21.0940041469976,12.6928962477176,6.08059911894837,3334.51813015805,91537.1909146431,2089950865.1137087,2055424850.32823,0,0,0.36903616534099104,0
31.9431477151411,0.229998088495368,1352.46120536479,287.914805950019,1909.3295234547,72.0274109905288,537.595708591896,3.65924084127039,2.79764829450756,20.668814196183,12.8226768748321,6.06830099807423,3344.00512524467,91725.5264999918,2095954944.8152776,2056375978.9868853,0,0,0.36784361214695455,0
32.012375951765,0.228605555721626,1355.33330930514,287.179673898315,1913.81152280061,72.2173543185691,538.044810897627,3.65742181221654,2.81514029511826,20.2102456919533,12.938383795694,6.0565840287412,3350.09107664698,91649.7290026534,2093578107.1187859,2057358268.198796,0,0,0.36534366419336317,0
32.0519131161873,0.227133100265596,1357.21273529128,286.103768210021,1916.98297806843,72.359610199738,538.002610284311,3.65978857222482,2.83617948269292,19.7240569865713,13.0418473568451,6.04474742089959,3353.65437819237,90993.1099871023,2076036926.9948258,2058282565.7155893,0,0,0.3605139215411973,0
32.0640408637538,0.225562438829151,1358.87780387286,284.797977822935,1919.93806822459,72.4956665491564,537.782531713433,3.66399372462647,2.863543319001,19.2197435615798,13.1401045708862,6.0321305533752,3356.57668051155,90187.1286877242,2054273025.6845329,2059124835.6726468,0,0,0.35635031158483266,0
32.0561432408898,0.223868048490249,1361.40401502136,283.445689621508,1924.17291543476,72.6818295736727,537.826220077137,3.66639308627088,2.89633752195764,18.7109257866368,13.2443834861482,6.01839151663293,3361.47054724074,89408.6186902722,2033830659.2766733,2059892904.1441736,0,0,0.35664031427448034,0
32.0364769995546,0.222044283864693,1365.53676058048,282.192559259493,1930.7135598228,72.9565269163822,538.442623547417,3.66435759448222,2.93239856956672,18.209244268085,13.3638204617971,6.00344191916178,3370.15188282436,88821.371336931,2019486671.8587306,2060651529.676426,0,0,0.3659706298197579,0
32.0105862548107,0.220114010598059,1371.35283966775,281.082564890774,1939.64836812901,73.3226770718759,539.671281512717,3.65707420361666,2.96868375354963,17.7212075033423,13.5015477924626,5.98756808351252,3382.81745865156,88586.7475470906,2015066693.6902084,2061521182.186227,0,0,0.38815771041857006,0
31.9793782173305,0.218101379580842,1378.27075422996,280.04020992228,1950.15038213945,73.7486185167616,541.281476397404,3.64619981890462,3.00327575908348,17.2475662458995,13.6539054312667,5.97119469735456,3398.05983758058,88480.8075205897,2014749846.666667,2062545874.0967267,0,0,0.42335377418722153,0
31.9394962268158,0.216023062452817,1385.21846245142,278.881494761411,1960.71444335382,74.1770985200007,542.840171708204,3.6349553031236,3.03635166014014,16.7852937481766,13.8127722404579,5.95465384169607,3413.26469253717,88390.7252615862,2014526223.9388425,2063724794.126589,0,0,0.4674185453372145,0
31.8863732064158,0.213878267743669,1390.92162319524,277.364334037407,1969.55494455118,74.5403140084815,543.834103082038,3.62719686093975,3.06924585487876,16.3309479064286,13.9703330560077,5.93810411857204,3425.31125684757,88160.6073729978,2009073849.7701147,2065002730.0249197,0,0,0.5084103834886813,0
31.818195858253,0.211654727309833,1394.75133117783,275.358941051045,1975.79729204864,74.8051373447748,544.005447866713,3.62534034685524,3.10428364327102,15.8819887570147,14.1229545442983,5.92137683681166,3432.65526830908,87634.1033338293,1993956548.2217999,2066277520.7731001,0,0,0.5355768932172013,0
31.7392324818246,0.209343925840835,1397.1424029921,272.940208071478,1980.06561650661,74.9953569159738,543.523064604039,3.6283109596962,3.14274817827299,15.4378129499257,14.2732647369754,5.90416286747754,3436.36607853634,87018.8735697147,1974545120.5467253,2067502084.7241325,0,0,0.5482696698103643,0
31.6594404913486,0.206944899948739,1399.08716136517,270.300407064175,1983.76601419492,75.1644628838644,542.784931704903,3.63308074903957,3.18402336715379,14.9993821257707,14.4282701053278,5.88621844297619,3438.8904110975,86422.4997613087,1954697793.9688137,2068668424.7321074,0,0,0.5509065950224972,0
31.5894456024511,0.204470084028221,1401.36652349325,267.604620381949,1987.99991918769,75.3544022939387,542.108607826213,3.63717630261524,3.22694053153033,14.567529869828,14.5944362605626,5.86740568674089,3442.16192641645,85911.3157557256,1937024282.756586,2069771326.4111202,0,0,0.5486873390036678,0
31.5356377640309,0.201942988609349,1404.22283402536,264.92668046083,1993.1025018255,75.5779279253471,541.598382246157,3.63961730148757,3.27015046744798,14.1429103976597,14.7745573701298,5.84778581243527,3446.7948538847,85543.3229979555,1923204845.5670989,2070789252.8173869,0,0,0.5454727583167934,0
31.4979007175104,0.199391215414036,1407.43710969045,262.261222874339,1998.75420187006,75.822782998474,541.172568751095,3.64091682205456,3.31272449646106,13.7268222611146,14.9672640502198,5.82755802100009,3452.27195498574,85255.5647723657,1911592983.3501053,2071719152.0826702,0,0,0.5426560708106541,0
31.4704953394186,0.196842528829198,1410.5898974761,259.568608092332,2004.35196194459,76.0658285895529,540.666032428489,3.6422783023867,3.35443072069195,13.3217813824874,15.1684612385494,5.80695402034519,3457.58374252424,85010.1781170659,1900868673.8931212,2072571370.0595226,0,0,0.5405518599843073,0
31.4458265211823,0.194318739022659,1413.33869463375,256.818033670145,2009.40333169829,76.2880818580715,539.942773208273,3.64466248657665,3.39515199025702,12.9308911019348,15.3737718097803,5.7862039023519,3461.90629720996,84808.9780870922,1890700691.5359778,2073383789.752328,0,0,0.5391047855062723,0
31.4180435827927,0.19183155635971,1415.53504120575,254.001816257933,2013.69248492184,76.481126707349,538.944825878536,3.64845019796674,3.43455631438143,12.5566228408719,15.580063605703,5.76551016441338,3464.8850163168,84666.1770030424,1881257499.0347838,2074225949.5829885,0,0,0.5381609423846578,0
31.3844138766876,0.189380205677737,1417.17719481706,251.122684518915,2017.21181986729,76.6446141117472,537.6751376377,3.65365175648687,3.4722353760984,12.200426482201,15.7854896926637,5.74502864921266,3466.51522867301,84562.4026558616,1872107841.173209,2075126281.8633034,0,0,0.5373864071904683,0
31.3447787991784,0.186953538695992,1418.32459563723,248.179785455042,2020.03953496598,76.7816286362056,536.163915598995,3.66013572176106,3.50787856433819,11.863134405316,15.9889369861049,5.72487155013195,3466.93249901693,84483.8561047038,1862989675.0035746,2076082223.4122925,0,0,0.5365729197759175,0
31.300230869635,0.184541603904753,1419.05191534435,245.172329386224,2022.27467541791,76.896038405547,534.450774480649,3.66741919889091,3.54035764295795,11.5459512740278,16.1897490368856,5.70524508578768,3466.30906702214,84596.1479093351,1857597950.310137,2077087832.2846832,0,0,0.536726846234436,0
31.2520084100335,0.182149197676096,1419.34812758601,242.100613508267,2023.89498995926,76.9868445393288,532.54905379129,3.67478103472722,3.56644583657683,11.2524625570167,16.3867470405315,5.68667854486424,3464.62389879235,85158.9602950633,1861553963.3863754,2078148243.7569516,0,0,0.5394585669859981,0
31.2014170136965,0.179797138185537,1418.88451651801,238.941315913014,2024.43120205679,77.0358901409095,530.360895898861,3.68281642164971,3.58299158733724,10.9904223114416,16.5752457600786,5.66989033188612,3461.11365209948,85939.77305168,1869337243.1152625,2079259529.0258849,0,0,0.5431568892839909,0
31.1504160397532,0.177520457699752,1417.01750854671,235.645513557712,2022.9737697746,77.0082888671604,527.683336750594,3.69329872098412,3.58866596080213,10.7728100169018,16.7463261530947,5.65559893760081,3454.28347550245,86772.0514870653,1876612063.4286838,2080413233.9453611,0,0,0.5465432066991377,0
31.1014965330807,0.175362761583981,1413.2265868549,232.190336906487,2018.79149820954,76.8758276517064,524.373957645058,3.70692569822295,3.58107002867644,10.6167476438663,16.8911432949985,5.64469405055688,3442.95393547466,87943.1087048864,1889032544.5472178,2081611906.6788664,0,0,0.5512514814283968,0
31.0567949084398,0.173386321573831,1407.34800980694,228.612020925134,2011.654626503,76.6291515971027,520.442229956343,3.72244330956018,3.55360077492962,10.5433095054935,17.0030487785178,5.63856161143504,3426.81896686802,89932.4973312106,1916612476.2447455,2082869768.7888515,0,0,0.5601729265760159,0
31.0177897759364,0.171685530789181,1399.1642832648,224.961965589081,2001.23620122224,76.2555727109809,515.923272346817,3.73953427006822,3.49818484568885,10.5805695567027,17.0738432953173,5.63896952141487,3405.46811321652,92280.0938641025,1949125418.7549288,2084188484.0142565,0,0,0.5702294097242117,0
30.9858583374439,0.170420002923689,1387.98880357449,221.247239966994,1986.50914870041,75.7166070458203,510.751217549657,3.75950051066672,3.40796022703131,10.7650486399925,17.0926383526677,5.6478269874709,3377.38914510371,94698.2274466587,1979702068.2743142,2085563183.0061276,0,0,0.5792883324092507,0
30.9626053202955,0.169849688380482,1373.29959674168,217.49028340679,1966.66443197739,74.9825163492515,504.946290569134,3.78272444541038,3.27909871286106,11.1309720839487,17.0500401820218,5.66663530847815,3341.46153686564,97154.9179046592,2007131343.902369,2085027534.7187574,0,0,0.5869271417549753,0
30.9489928246021,0.170423466052245,1355.66866280693,213.882849083639,1942.44659335177,74.082310859386,498.848375783983,3.80626423303634,3.11626232407764,11.6944847880856,16.9390833329505,5.69550799421859,3299.16136348573,99661.2857465622,2032594177.7987251,2084368272.5970004,0,0,0.5922194995510578,0
30.9432718569837,0.172827747011345,1335.94020246717,210.819271432402,1914.92674404596,73.0555933016078,492.71786635846,3.82627141799398,2.93572449994296,12.4486271423838,16.7517962053811,5.73277079934322,3252.57766436787,102118.803292673,2055933483.0361898,2083511015.028662,0,0,0.5864510026793599,0
30.9405458109695,0.177826498365554,1314.07630225986,208.773061831438,1883.83414131288,71.888513106214,486.319297063246,3.84291947730249,2.75807743619609,13.3696310093518,16.4815452293706,5.77578752021454,3201.63835601108,104448.36270274,2076872662.3724487,2082406038.112627,0,0,0.563090570480454,0
30.9358348466066,0.185816990512743,1290.00613492762,208.120000908553,1848.89090615305,70.5669795057871,479.360538874299,3.86034592941552,2.59860352915428,14.4204420351111,16.1328013415671,5.82184577637293,3146.13269943782,106121.220644156,2086086255.6110368,2081018710.3768456,0,0,0.5259297706732535,0
30.9277779910629,0.196038234434346,1264.72709923374,208.965649672066,1811.52445162472,69.1444995344966,471.997674733239,3.88332259065287,2.46595721505269,15.5415934543019,15.7271111308898,5.86811580100045,3088.32005532978,106752.908735084,2077810490.288392,2079371254.401117,0,0,0.48426744158398866,0
30.9205427384553,0.206793131270252,1240.43809926229,211.1456613149,1775.086846057,67.7503544612182,464.893734004968,3.91238747728202,2.36112763213778,16.6453056804682,15.2994610191033,5.91202006279986,3033.27097066616,106961.730589273,2066227794.3558648,2077490152.1471908,0,0,0.44847046667312623,0
30.9211633979892,0.216674955396829,1219.49337936341,214.385536222676,1743.23428157816,66.5261660678883,458.811441209321,3.94354701026669,2.2805827208871,17.6377380513102,14.8844678651973,5.95162881469046,2986.43576322433,106918.10507767,2056241622.9288478,2075402242.6537027,0,0,0.4212307062095928,0
30.9340358990296,0.22509969371879,1203.14271651008,218.429319375218,1717.96134165991,65.5498744782014,454.160389192958,3.9724158363049,2.22123140297695,18.4581923003079,14.5042088980371,5.98580851026511,2950.6789135688,106626.808805655,2048382755.9154,2073139349.1420314,0,0,0.4007958803969002,0
30.9558383373293,0.232110728364642,1191.44937648382,223.057382430541,1699.43636426756,64.8294480466506,450.977940506666,3.996419256324,2.18043137920141,19.0893701607968,14.1680032680629,6.01430108819621,2926.06496211741,106113.476332844,2042448690.2899728,2070735978.882061,0,0,0.3849232136314082,0
30.9707386274312,0.237945589806197,1183.91332708341,228.004976179569,1686.94494241293,64.3397045851947,449.145241729643,4.0143009639469,2.15516024841014,19.5369435921157,13.8783345884366,6.03744598893271,2911.28063365916,105482.446226812,2039010435.6000767,2068216410.120958,0,0,0.372439644521358,0
30.9559677974336,0.242622489274459,1179.91171723213,232.972042503592,1679.57591797781,64.0483274575372,448.512697744975,4.02599766526252,2.1421599512967,19.8117790919713,13.6348370373746,6.05582577521303,2904.69138771933,104798.798824981,2037665903.2123916,2065599562.2189095,0,0,0.36265570969051836,0
30.8967331505837,0.245781393250296,1178.84907537966,237.736688040162,1676.46516874609,63.924082407274,448.907371170306,4.03387329579414,2.14037923123055,19.9256741741303,13.4360212042804,6.06973872364322,2904.77125294299,103640.625433377,2028805649.8770127,2062832819.6232455,0,0,0.3535087292833567,0
30.7941459502938,0.247160036773952,1180.39824541593,242.212926330159,1677.1604508096,63.9503330865001,450.212942733295,4.04065702112219,2.1518027225744,19.8960027778882,13.2823155916341,6.07891297457076,2910.71673331082,101750.925374379,2006576061.8486516,2059819847.8238707,0,0,0.3437309347280097,0
30.6635392302048,0.247274177723656,1184.82314859958,246.487396525149,1682.08475006666,64.1426233874956,452.529550710209,4.04403452277181,2.17650788329384,19.7564273049831,13.1789346804324,6.08310131609931,2923.24703796764,99835.9727139692,1985266972.680639,2056567221.8415911,0,0,0.3354628831584334,0
30.5246333989764,0.246633829850049,1192.59170900338,250.73743162112,1691.95598908525,64.527069939415,456.049638957191,4.03984272601926,2.2116476175346,19.5512396035191,13.1319372604626,6.08245396391597,2943.63386763375,98083.2558194956,1969648833.671446,2053115555.2665443,0,0,0.32912187957504513,0
30.3911298599338,0.245588482822776,1203.62390372267,255.068405938227,1706.68067201719,65.099000237331,460.76164614208,4.02664388250418,2.25477782684769,19.3164544450603,13.1411724627819,6.07740205185812,2971.80039434596,96475.7724059901,1959651340.7562215,2049553240.2097576,0,0,0.32435484754324434,0
30.2685977132372,0.244338447680995,1217.25679621407,259.468953046144,1725.29797244903,65.8211072085211,466.42673353651,4.00563943042389,2.30414379425866,19.0710750311606,13.2000257217726,6.06860695191019,3006.1953301541,94983.9456218625,1953987932.4387267,2045997829.910125,0,0,0.32067820151812554,0
30.1586623442365,0.242997175195706,1232.6500693504,263.854629980478,1746.57152322108,66.6459889765065,472.72708010319,3.97899987529071,2.35808622502522,18.8181130987543,13.2995263103311,6.05681237992178,3044.77405778616,93633.6611114481,1952132206.6789422,2042489541.2861078,0,0,0.31780779340508464,0
30.0625041445593,0.241631361703375,1249.08151682138,268.124514367922,1769.42784322206,67.5327013155431,479.379709345741,3.94874089439773,2.41490566743147,18.5517542779215,13.4313934278577,6.04270600902231,3085.74219228021,92425.5066138576,1953162164.0240412,2041189682.0471754,0,0,0.31546300689424517,0
29.9808086095271,0.240326269979985,1266.01688147837,272.20353725668,1793.06950466995,68.4508108811092,486.173182523077,3.91597598937284,2.47240206418732,18.2672787777004,13.5888216345679,6.02695936311643,3127.76764322564,91511.1607899158,1959699835.5980883,2040054822.502249,0,0,0.31397904094157936,0
29.9125522051867,0.239167686067468,1283.01376810185,276.053977491783,1816.84130343174,69.3750774366281,492.939428368084,3.8811980973895,2.52728969700388,17.9655542883443,13.7655573752407,6.01036994077301,3169.77448669358,91046.3445934768,1974861281.5047677,2039130209.6586516,0,0,0.31377164385051964,0
29.8540609758691,0.238159140404707,1299.4766300228,279.630950211597,1839.88223574008,70.2723000595385,499.454135673502,3.84616237855085,2.57716427323284,17.6488588898883,13.9534373991327,5.99371228867551,3210.33961869299,90777.4586490668,1992796262.77631,2038419937.950589,0,0,0.31384881751951216,0
29.7995680641468,0.237295634448596,1314.6659189268,282.860100643595,1861.13866487832,71.1019938879871,505.435086204951,3.81347115610966,2.6215293571799,17.3167079142527,14.1423570840103,5.97759350795251,3247.69441372427,90591.7348767427,2010292157.0672464,2037888342.5856736,0,0,0.3136994061903286,0
29.7437785074063,0.236551735198398,1328.04385322945,285.676382875626,1879.85280758679,71.8350829060268,510.675897250052,3.78510674660786,2.66064740944064,16.9674868400416,14.3238565608157,5.96242807477785,3280.55178123344,90419.8985336587,2025204585.0048194,2037473009.62286,0,0,0.3130317543254948,0
29.6841790492488,0.235871526058332,1339.46591646179,288.052976872091,1895.83023011814,72.4641266419488,515.117679848553,3.76193577629022,2.6953275151097,16.6021527362801,14.493398600484,5.94834806358814,3308.56546666898,90204.2727778408,2036059165.2675853,2037094381.7941272,0,0,0.3117019976115394,0
29.6220306350953,0.235200041317531,1349.14842766045,290.008474045601,1909.38822077343,73.001190753454,518.835456341397,3.74355470656865,2.72637329004676,16.2285861564517,14.6503498539205,5.93527587900362,3332.25436129211,90016.1236775608,2044741363.8496077,2036724223.5185378,0,0,0.3100934350127077,0
29.5614576541347,0.234512449806486,1357.48361215954,291.592384387645,1921.08943860702,73.4675586837361,521.967930933076,3.72879935713816,2.75427660132227,15.8615118540515,14.7962736118936,5.92305316208298,3352.56075838352,89884.6965564173,2052472937.6728554,2036362030.00468,0,0,0.30845974854925157,0
29.5067816238505,0.233826753212783,1364.81217362717,292.862288333264,1931.41675110536,73.8813502075252,524.637275599261,3.71634580303505,2.77909336468078,15.5161760921453,14.9326899991594,5.911586699896,3370.30945621134,89893.9029366888,2061708225.5360484,2036052455.1991222,0,0,0.3083722864961815,0
29.4602799469556,0.233202030949592,1371.26619160672,293.864222510131,1940.55109034812,74.2491368020714,526.899933640724,3.70516775217561,2.79993319628609,15.203588366331,15.0596259009362,5.90101322134553,3385.83737635155,90135.6766958604,2074876790.7659152,2035881718.8624032,0,0,0.31698789793443444,0
29.4213397539733,0.232691986519168,1376.67735359353,294.605628817772,1948.24948959208,74.5615870366818,528.71982168153,3.69533444564288,2.81584476416356,14.9305996308455,15.174779878223,5.89163801470471,3398.77423613051,90476.2619899015,2088829363.8213575,2035875971.40182,0,0,0.3404216757837701,0
29.3871319989612,0.232305218237789,1380.68246017802,295.054937776863,1954.00141318627,74.7995976125984,530.008084545276,3.68780727239978,2.82645713751424,14.7020343130398,15.2743704253026,5.88380273415874,3408.29205989834,90844.1515059587,2101525176.622226,2036025739.6520176,0,0,0.3770593719370985,0
29.3545247468878,0.232031786564828,1383.00314465341,295.180761605016,1957.42155943648,74.9490069997838,530.711273967283,3.68343888163028,2.83159564884471,14.5211305885982,15.3555024417173,5.87778136549484,3413.76554365017,91226.81188567,2112339597.02606,2036265520.2347963,0,0,0.4194058255689168,0
29.3216813307624,0.23191364816503,1383.61305556358,294.991700635448,1958.47750908335,75.0088626199601,530.859766686464,3.68221698958846,2.83118818205731,14.3915392858162,15.4175604219584,5.87369965887639,3415.16950970004,91623.6930465787,2121253302.7779045,2036482636.1528137,0,0,0.45782139795252563,0
29.2886121261708,0.23206696445199,1382.71551299933,294.563625434452,1957.44809650654,74.9894680568445,530.572608266867,3.68306676002647,2.82503130124901,14.3259946297251,15.4622110757084,5.87160908975882,3413.04608600389,92012.4910083356,2128158892.255433,2036636333.5981343,0,0,0.48442375325006964,0
29.2567209154715,0.232601794234258,1380.61833544445,294.02711193615,1954.74515983477,74.9056175050439,530.024979800469,3.68451520012733,2.81283991362388,14.349717187732,15.4924376543352,5.87156496266214,3408.21467564236,92379.9016079421,2133447347.949183,2036726266.4785783,0,0,0.49675817623610496,0
29.2276217333864,0.233634763819915,1377.60421721145,293.518075673934,1950.73970778074,74.7703256508418,529.387145319562,3.68465673193804,2.79319106372206,14.489651553593,15.510811203182,5.87381127276083,3401.43837209064,93079.1507569226,2145969479.5626554,2036861317.8565903,0,0,0.4983628437681508,0
29.202129480642,0.235289582910081,1373.68671397697,293.118104891368,1945.41919023808,74.5819173574951,528.708287913375,3.68188961127139,2.76230899744924,14.7620629206233,15.5161223094233,5.87904539743564,3392.80514002381,94510.9327050972,2175184825.971292,2037255333.1832159,0,0,0.4927627621498108,0
29.1800968120342,0.237500802599243,1368.21309419616,292.751761571341,1937.81790389351,74.3025873051333,527.718252078031,3.67873894913499,2.71895521080689,15.1559017156617,15.4984645893246,5.88790893320902,3380.69985069321,96149.837287334,2208033127.3339276,2037966150.7651103,0,0,0.4776384351328468,0
29.1609842883157,0.240109361835126,1360.03965138184,292.179149365883,1926.26545352106,73.8681055195,525.876191431276,3.68078779203008,2.66642437008199,15.6262518923759,15.4414571230534,5.90056518197522,3362.19271341005,97762.2184634748,2237088408.6960325,2038962101.8514783,0,0,0.45458157161937235,0
29.1445616125074,0.242906923170051,1348.47955177097,291.171239856456,1909.75364696797,73.2401561731972,522.78410930338,3.69277719005442,2.60982683649154,16.1146403439429,15.3337371255384,5.91658581832581,3335.41237712577,98989.0901910831,2252458759.9826775,2040048982.5529974,0,0,0.4271801715952635,0
29.1316130036706,0.245588476603225,1334.03924834586,289.68978062979,1889.00154838064,72.4472392344895,518.524447277871,3.71620398084,2.55554329006071,16.5723204662957,15.177836033044,5.93470010339993,3301.43515908057,99539.1877160214,2247764256.3182874,2040917433.1714551,0,0,0.3993746738329983,0
29.125045720618,0.248008144037001,1318.41377534584,287.97484639276,1866.43434456,71.5834840737213,513.690650688247,3.74720269274805,2.50730519029154,16.972887035707,14.9904643250494,5.95338985472806,3264.34530145336,99871.4814096436,2235872972.4444146,2041479672.2677186,0,0,0.37661909636007784,0
29.1293741553671,0.250210689441443,1303.58253223159,286.415339298428,1844.87582348977,70.7581103524916,509.03242312902,3.77945336371085,2.46538041618019,17.3090783713639,14.7931099717568,5.97147118526499,3229.0195001403,100130.20306652,2223216753.423009,2041756267.5598953,0,0,0.3600015802275944,0
29.1478070710241,0.252367318213326,1290.74694360782,285.301892812684,1826.03534380875,70.0371521624962,505.028620052522,3.80806093581923,2.42875980448582,17.5841486045674,14.6007956359741,5.98833295771776,3198.46854863644,100504.274044763,2216102816.0215077,2041908231.0330193,0,0,0.3482129351913309,0
29.1786787658759,0.254627660140911,1280.04188661441,284.724687837524,1810.10723276839,69.4280083415298,501.763136614415,3.83105720670125,2.39521283942059,17.8063990755249,14.4181202930328,6.0040914737816,3173.09384742769,101136.051280883,2218076227.414748,2042177027.294288,0,0,0.3397823354506254,0
29.2109924356543,0.256927178359912,1270.81758801635,284.598118939845,1796.19508595276,68.8961976523909,499.010682727749,3.85021845699455,2.36346858762233,17.9831669244288,14.2413733317734,6.01912432928509,3151.3674241797,101749.710647942,2222200078.041262,2042622884.2390544,0,0,0.3328546862371254,0
29.2262960202063,0.259169262225805,1262.2172567094,284.757694120241,1783.13690628889,68.3973379960803,496.448779037125,3.86865151587674,2.33387152011943,18.1179019868245,14.0642660466408,6.03366965899819,3131.23963623735,102261.008330542,2225344445.0900035,2043225582.552251,0,0,0.32687737588096616,0
29.2094811634785,0.261261405071748,1253.78006059013,285.076225718127,1770.33168217399,67.9087293210069,493.895367419432,3.88834541398291,2.30726512536579,18.2104339866854,13.8840745417212,6.04770212264525,3111.59660893797,102564.893344885,2224427866.23355,2043932220.0600903,0,0,0.32142504613265516,0
29.1551075917625,0.263167686886543,1245.61376888977,285.491987675976,1757.96253922043,67.4376300451587,491.385237272933,3.90943134012714,2.28488519997689,18.2576063700748,13.7035274235123,6.06089481038088,3092.66578389875,102598.924237311,2218071230.549791,2044684535.5196295,0,0,0.3162568525769663,0
29.0645534828787,0.264928023584919,1238.22333954519,285.962837673017,1746.75218509109,67.0113710994213,489.120599931603,3.92992385835401,2.2671335235862,18.2546653402687,13.5290809745415,6.07290955571661,3075.59331513824,102539.966055248,2210520605.0646977,2045453353.893031,0,0,0.31185858986540316,0
28.9409873845009,0.266447293750336,1232.14693775962,286.432092105291,1737.45659418439,66.6579814737603,487.330598158869,3.94765464032042,2.25334475533535,18.1974634391606,13.3672463138267,6.08359639636254,3061.58615081464,102452.811574396,2203550899.693846,2046226651.772442,0,0,0.3083192030470467,0
28.7883502692346,0.267376293138086,1227.64625774927,286.832125107533,1730.44292400439,66.3910048474866,486.125545173033,3.9633842380262,2.24524142373859,18.0836564426025,13.2221543996248,6.09257551988019,3051.19994416662,101753.877396528,2184689295.440011,2046923647.7915509,0,0,0.3037843093185711,0
28.6140717343544,0.267362398986858,1224.98763955427,287.151534462804,1726.10049784175,66.2259943504029,485.595822065086,3.97903571746166,2.24814624391381,17.9152858356046,13.0990233319395,6.09886882555238,3045.04595395506,100040.650398937,2145593458.7382672,2047420725.247983,0,0,0.2970553919107461,0
28.4311228138357,0.266548134444928,1225.0203955349,287.561205581865,1725.6474177829,66.2108856185992,486.065313800989,3.99138897981938,2.26435791634963,17.7065265165443,13.0092178233336,6.10159234047617,3045.22773873969,98194.7891173105,2106547176.0020754,2047713976.6395214,0,0,0.29086602567223074,0
28.2540057965957,0.265168395868162,1228.7977632257,288.33368261281,1730.57879695315,66.4040307190409,487.953176916384,3.9951473335653,2.29175226427781,17.4803356983777,12.9658959467785,6.10038835809298,3054.39493427334,96460.5353912091,2074511467.0825665,2047837660.016977,0,0,0.2860370779604888,0
28.0920631363069,0.263455847946771,1236.62393786716,289.614410872328,1741.31807020634,66.8221391691134,491.387243882968,3.9878009201597,2.32786834591167,17.2557352153522,12.9747025726637,6.0953213021986,3073.35917591153,94938.514859731,2052184556.0791008,2047866328.0341752,0,0,0.2827882798840809,0
27.9473781974395,0.26157560488854,1247.9172009644,291.365169875694,1757.02900281391,67.4330077173198,496.146682866197,3.96997913313772,2.37010249304404,17.0421064052709,13.0321870669782,6.08692198594626,3100.7381936213,93697.2293444646,2040242403.301973,2047900556.2667153,0,0,0.281055239837656,0
27.8168638180714,0.259592183790494,1261.59174658769,293.422658325586,1776.16608484321,68.177014292288,501.804711257222,3.94471564995564,2.41631839079354,16.8378750384557,13.1294114264189,6.0759079315195,3133.88857339197,92600.4537795083,2034172697.9301074,2047974999.1317828,0,0,0.2800741296759605,0
27.6954898900129,0.257559341893164,1276.50586110592,295.586123299896,1797.11282614209,68.9919044187013,507.90284717058,3.91554748499757,2.46517886926096,16.6340096511554,13.2561723840747,6.06292739840766,3170.01137300589,91598.9177819733,2031229544.6409335,2048092332.827832,0,0,0.279363816927762,0
27.5791879739283,0.255506762142032,1291.81340640278,297.694489882158,1818.67561262122,69.8317682773627,514.094491957116,3.88518052967225,2.51587672105702,16.4214093498769,13.4043506561909,6.04844825142495,3207.02313787504,90611.0586568915,2028366400.7294648,2048181441.5169191,0,0,0.2784548851060081,0
27.466526514954,0.253433933076282,1307.06854587504,299.651827394707,1840.22873980686,70.6726090393864,520.189830328721,3.85521548951259,2.56836650569968,16.1950782237566,13.5690820486139,6.03268150527416,3243.81655871098,89560.2497536655,2023182086.5423737,2048101573.7077873,0,0,0.2770257403860569,0
27.3594153171802,0.251339840079241,1322.19875212197,301.425862960838,1861.67433595721,71.5107585145802,526.150168877041,3.82581917167861,2.6225279021427,15.9544353095295,13.7487457383766,6.01570154406854,3280.1980636591,88560.5231261282,2018101661.3076031,2047814669.5151088,0,0,0.27545677087114095,0
27.2621094890305,0.24921691522137,1337.34130505851,303.024273746204,1883.20977083562,72.3538925880977,532.024139424454,3.79639051498649,2.67769558346964,15.7014262142583,13.9436634213169,5.99757023522626,3316.49083449798,87659.0063426417,2014405082.4323902,2047339737.1529255,0,0,0.27398103189718964,0
27.1784401454329,0.24706801256081,1352.59859536554,304.461130442896,1904.97925644187,73.2075687957437,537.848951397903,3.76638247895387,2.73291059781886,15.4387574978695,14.153863898013,5.97840897986117,3352.93987603674,86924.2189257209,2013882632.3800826,2046730684.9010155,0,0,0.27288818112558844,0
27.1099641317469,0.24490431308938,1367.90370455195,305.737993514982,1926.88317629739,74.0678259560963,543.597254691075,3.73568930956262,2.78672077839643,15.1690001206386,14.3777321623646,5.95849187815646,3389.3861621712,86430.2877804787,2018318307.3622646,2046065209.1941204,0,0,0.27244293565899846,0
27.0561881133501,0.242728989934418,1382.96350386751,306.821650609561,1948.50368595937,74.918443183306,549.150434115269,3.70518837023765,2.83806080670816,14.8925319160869,14.611262634214,5.93815310833384,3425.12154461771,86072.7048945778,2025052796.0300593,2045389187.6411657,0,0,0.27419492725677014,0
27.0157334239054,0.240552816698353,1397.32469677591,307.641885544874,1969.20317340316,75.7348456622616,554.322742125842,3.67633171398692,2.88685107989735,14.6065681451401,14.848593940486,5.91767477283613,3459.04360138262,85791.2415218192,2032162703.7459326,2044724685.1300266,0,0,0.2898889388969445,0
26.9871755596572,0.238386827957822,1410.28699866777,308.068838708494,1987.99833453112,76.479166242973,558.832332155022,3.65082114354321,2.9331045636413,14.3075782086217,15.0840647763113,5.89731813515623,3489.43793331643,85615.7450046273,2039468022.161645,2044161038.4117231,0,0,0.3288616513685894,0
26.9693441262658,0.236242065650573,1420.67051165487,307.87314273347,2003.22512543056,77.087153008283,562.212804720901,3.63151281484352,2.97613408574747,13.9943592018813,15.3131307624402,5.87739295391937,3513.40616341545,85605.310662033,2046838584.15504,2043856889.007142,0,0,0.3798151309294844,0
26.9614858156566,0.234126993161756,1427.69169388983,306.908737798016,2013.77446538799,77.5157087743514,564.155968684646,3.62065163038447,3.01511047653223,13.6689452610547,15.5318324559048,5.8582078276135,3529.02515864804,85688.0304225313,2051555458.5823233,2043828581.0164938,0,0,0.42500795003823516,0
26.9633711019104,0.23202989183634,1431.43001341739,305.194467265088,2019.7547881492,77.7685605444583,564.695521586871,3.61827926486649,3.04987455879964,13.3356041018645,15.7365422735965,5.83997844644497,3536.49025604018,85816.9494942842,2052616993.0684211,2044024271.9934912,0,0,0.45508782108766793,0
26.9750657461563,0.229918669820174,1432.5948605794,302.86285106122,2022.16512238582,77.8838501388414,564.116571719832,3.62276834866981,3.08096933500615,12.9989423346898,15.9247116027214,5.82278931199021,3537.54113000726,85929.8560472903,2049477938.2684767,2044336681.0185928,0,0,0.46980140548909904,0
26.9961490088475,0.227757779826977,1432.15126334385,300.09314746111,2022.36547368039,77.9138769606774,562.806871933514,3.63184221774851,3.10963577713738,12.66268248067,16.0956564232368,5.8065499185605,3534.54477248761,85956.8440789391,2041768548.5621445,2044614825.3401756,0,0,0.4736435222853994,0
27.0242493290849,0.225526944832517,1431.00506635364,297.060651155533,2021.6265315817,77.9077559773677,561.132142839815,3.64312120459511,3.13696815069128,12.3315398014474,16.2510455977784,5.79107874621691,3529.72401794067,85959.1787395098,2032200190.988937,2044796599.7601988,0,0,0.47239443017989396,0
27.054471798421,0.223224777085521,1429.79657238883,293.90241421202,2020.83505453002,77.8999777513535,559.353204315128,3.65474257606088,3.16338617966873,12.0128718775485,16.394246416868,5.77619948370577,3524.65080935814,85971.597139375,2022515738.9030724,2044879823.8744097,0,0,0.46992128347963574,0
27.0811972814401,0.220862722921738,1428.83169954475,290.699574998049,2020.40257967663,77.9067623033042,557.596647311098,3.66579098844593,3.18920118244193,11.7142673709724,16.5285688754601,5.76174404748178,3520.07792697497,85970.4159620197,2012642846.3511357,2044917000.9221287,0,0,0.467776735463686,0
27.1005899037452,0.218454518575138,1428.14666649992,287.479954883438,2020.36588862535,77.9298043250391,555.880916951346,3.67617622872089,3.21498108579626,11.4397828945143,16.6563177179841,5.74754848457906,3516.09925285251,85913.4009635764,2001711760.602725,2044997784.38443,0,0,0.4661453673328185,0
27.1122496625303,0.216008740451911,1427.67145627149,284.242297301803,2020.62437843377,77.9653348256934,554.183938320926,3.68607097469755,3.2411195638672,11.1873308057922,16.7793026779214,5.73348943783334,3512.55378732922,85833.6232021775,1990440067.805289,2045163356.7517068,0,0,0.4649864717758608,0
27.1190357598942,0.213525826284046,1427.36230307766,280.981217193107,2021.1269910666,78.0113323181132,552.496432495024,3.69559171462261,3.26753224243564,10.9489760102498,16.8994646169831,5.71949699565654,3509.3511337005,85749.6668981088,1979197617.5912097,2045418563.2477734,0,0,0.4640730411855316,0
27.1249992611516,0.21100245935121,1427.19325590931,277.690143886743,2021.85226988352,78.066841287066,550.815753187677,3.70486449787597,3.29398158576224,10.7148534543047,17.0186061506771,5.70552340356907,3506.44505049052,85664.9619920382,1968006787.6640522,2045741297.673893,0,0,0.4632035959626412,0
27.1333182439871,0.208436334523111,1427.12711750271,274.360423403235,2022.75830358804,78.1301058091456,549.131885371063,3.71406286226308,3.32027380262505,10.4775173378283,17.1380008534347,5.69153587481062,3503.75567292001,85579.5856401577,1956801059.8888426,2046091258.2397444,0,0,0.46227162357645274,0
27.1455416170106,0.205827178370552,1427.12032862487,270.983698789979,2023.78464058601,78.1986466923079,547.429086243196,3.72336544065602,3.34627322968739,10.2339642703426,17.258408168838,5.67751669592407,3501.17774522178,85489.8496046057,1945431220.3782537,2046443739.8754542,0,0,0.4612283084099579,0
27.1619120759332,0.203176184641379,1427.14003685774,267.554791115105,2024.87692745341,78.2701996598385,545.693917691145,3.73289655505849,3.37186494861732,9.98508172582168,17.3803122005019,5.66345944596896,3498.62351015315,85394.4544961542,1933827796.9944196,2046787064.0744264,0,0,0.4600762789856291,0
27.1819795613388,0.200486985488617,1427.17106358548,264.073590256696,2026.00182499517,78.3433000700751,543.919906849836,3.74260953211129,3.39668546149187,9.73377164163607,17.5040877141092,5.649397865198,3496.04615726119,85348.0756962587,1923215038.4196434,2047125755.1877978,0,0,0.45913074106453416,0
27.205078448726,0.197766689792481,1427.1857963856,260.541465355623,2027.10867915493,78.4158166107105,542.097738000033,3.75234441945325,3.41980148404617,9.48347221438748,17.6297240859218,5.63546420364758,3493.37271411117,85428.0669677846,1915295458.3137236,2047480317.2636201,0,0,0.458810657610662,0
27.2305537670621,0.195023443120625,1427.07558541154,256.949615638257,2028.03255001658,78.4812790596304,540.189119065999,3.76233157331252,3.44039134493653,9.23727011843782,17.75594600874,5.62184360328151,3490.33724600321,85561.126541673,1908279635.9759538,2047857106.7928152,0,0,0.4586890615233564,0
27.2578094688445,0.192265736577769,1426.65515108205,253.278215588354,2028.49911734657,78.5290974035889,538.12902752234,3.77313246221107,3.45819981014434,8.99773906027159,17.8801309371241,5.60871955165074,3486.48949916802,85701.3512734503,1900924127.7364728,2048252257.3421164,0,0,0.4584564468522835,0
27.2863660381547,0.189502823726853,1425.79087450646,249.516701448986,2028.30778481398,78.5515303104906,535.875533994447,3.78495694459698,3.47262609884298,8.76743013941002,17.9996891923526,5.59632709392193,3481.50795789447,85938.1779058972,1895059174.88437,2048642478.431431,0,0,0.45854080513494494,0
27.316476020374,0.186746558670631,1424.43891302372,245.671268346081,2027.38734954123,78.5457451865888,533.425542181406,3.79746335881759,3.4818964006731,8.55049904689643,18.1126290651402,5.58503740860451,3475.29565262346,86413.8351099548,1893747012.7487574,2048977822.6956227,0,0,0.4596733448271418,0
27.3509415860138,0.184009082705064,1422.48999912189,241.741821369213,2025.57561817588,78.5054202722874,530.760113699878,3.8106916955366,3.48415265274282,8.35601819444924,18.2161547961833,5.57529249505303,3467.60696198854,86992.3059948197,1893848730.1386604,2049233150.6854498,0,0,0.46108140144152165,0
27.396087059069,0.181303894096901,1419.72397146712,237.714950207463,2022.55405885368,78.4183388065243,527.83167396575,3.82504226241294,3.4783045836977,8.19970728432687,18.3061673566149,5.5675246283415,3457.93935412068,87586.9567464372,1893253447.3532946,2049406498.4346645,0,0,0.46224612434556245,0
27.4594276006638,0.178653079363461,1415.98988681269,233.59095870474,2018.10249613254,78.2760396399657,524.629392395542,3.8399224959281,3.46200666645392,8.10107100259706,18.3790402264345,5.56233252532165,3445.96680689778,88509.9878302386,1898560402.0840318,2049505746.9506729,0,0,0.4647998638226509,0
27.5459111930325,0.176107599547576,1411.17858002606,229.389414576611,2012.05841101522,78.0719772190177,521.1752951449,3.85354860098383,3.42917620400703,8.08786915242368,18.4311274853474,5.56085885840047,3431.48261748888,90222.4253851265,1919422258.6474664,2049535015.517368,0,0,0.471138278140223,0
27.6531059953287,0.173767168409263,1404.7628972695,225.109042449076,2003.66720251723,77.7766156452435,517.388217375221,3.86566520120286,3.37261848607748,8.21948713193231,18.4545988504769,5.56472703592292,3413.33332590791,92255.9967681029,1945189762.6628962,2049494019.0997427,0,0,0.4786530595035124,0
27.7680574927624,0.201050495787028,1395.68746378265,220.729202465662,1991.40388503222,77.311543505006,513.212361623649,0.246895368518387,3.12423089197875,8.70432846275059,18.5005527226727,5.5947392754332,3389.23005053215,94333.5176914326,1969262902.2934828,2049385277.7874422,0,0,0.4871679308984947,0
27.8799985311304,0.499752308065895,1383.04886005831,216.471591735644,1973.35573365855,76.4842458796523,511.675986014329,2.1502794634133202e-14,0.95936065677387,10.5913081182922,19.4784813946499,5.83749949180385,3358.58015635897,105764.123092285,2185660849.599515,2051244960.1384542,3,2,2.421735421683872,3
27.9550162213647,3.0056140899844,1373.2094501532,213.162665248715,1958.83230573844,75.8777723751304,512.016719011175,2.75146728338494e-16,0.0289002112753948,12.5974718699554,19.4261508580745,5.97668202549577,3335.25317697821,108240.03556826,2222490131.5492053,2053223042.9900217,3,2,2.5242087728878806,3
27.9948859017472,10.4949665030706,1363.78016714885,210.708445611898,1944.78987894797,75.330159388526,509.31142712092,1.5408070257411299e-18,9.78388493310153e-05,14.5668106958546,18.6189208664119,6.03149711297853,3311.53495064468,110740.423750945,2263514099.1994076,2055385341.0750551,3,3,2.662014096163597,4
28.0202862988193,19.0390983548305,1351.11964221553,209.167482445154,1926.30037141599,74.5982357324129,503.697260746542,6.1962598243315604e-21,3.63652657790371e-05,16.5365641435731,17.8185058392988,6.07735921907865,3280.14689930769,113141.677825553,2301338809.034499,2057723530.102785,4,4,2.777226657823517,4
28.0494395075455,27.8125989508094,1334.41995993977,208.8631397311,1901.97751312584,73.6214854916744,496.06327964446,8.54649216083847e-24,3.14500312407458e-05,18.4433960863628,17.0110456660158,6.12139527897964,3239.95249139122,114818.830631052,2323305944.7637796,2060194568.531459,4,4,2.8644685950801514,4
28.0870652065735,36.1214459331802,1315.15315670022,209.934982528172,1873.80615464612,72.4800648043088,487.724575696618,6.52343067692148e-27,2.33964303456504e-05,20.2150605891576,16.2148536382817,6.16424634551123,3194.81561863735,115315.691913824,2322380695.540096,2062742174.8361645,4,4,2.931419441629026,4
28.1246798951272,43.6228920762749,1296.5351257857,212.341088983859,1846.32660303068,71.3571383085784,480.052890440773,2.38219596708363e-30,1.40025729460977e-05,21.7961630420532,15.470334166857,6.2042777831987,3152.20764229386,115396.550992497,2317560192.5693026,2065360220.6508877,4,4,2.9985287950219512,4
28.1495467365494,50.2491982232347,1281.62834079729,215.964206652061,1823.86856588498,70.4265800381567,474.042888624808,3.13856931943356e-34,6.62980365147834e-06,23.1611898358478,14.8068682945864,6.23998129481188,3119.00331209285,115261.328673542,2315885267.3498335,2068064841.9469397,4,4,3.0741030652950765,4
28.154359534307,56.0813070263667,1271.68679693522,220.641913559575,1808.20847774528,69.7602399893296,469.974925405241,-5.0022459458811894e-36,2.36490452362813e-06,24.3155145163579,14.2306474378817,6.2710571689381,3097.85946014357,114794.976668045,2315855748.2477546,2070851018.950402,4,4,3.154203915514276,4
28.1394181025772,61.259686630341,1266.42597925005,226.138319556649,1798.98286301561,69.3448177995856,467.617337355732,-7.64542359049347e-35,4.66505701548936e-07,25.2800366071431,13.7330734024102,6.29803727863622,3087.9063969349,113941.089814252,2315098522.8895607,2073691121.3733141,4,4,3.231781991274705,4
28.1099720478778,65.9118208011993,1265.15256574143,232.097826472857,1795.30298361295,69.1460515343827,466.659331264072,-9.093918977736821e-35,6.29963372202621e-08,26.0766037451881,13.3027033225203,6.32161369990919,3087.33708605616,112949.611397633,2316559559.1307096,2076582258.0767584,4,4,3.3048877203272986,4
28.0723816996005,70.1257295637616,1267.23728735998,238.130827091081,1796.38296219883,69.1336478650901,466.859293129617,-7.46480666545372e-35,1.28131570911064e-08,26.7257625938216,12.929112979361,6.34241511866558,3094.50506476066,111920.669959545,2320222816.909815,2079525559.2611065,4,4,3.372193570579724,4
28.0312443856553,73.9774441478302,1272.01805873934,243.977574302276,1801.34395426025,69.2733807830407,467.976115863514,-5.6662358375547e-35,3.0622599055622103e-09,27.248688795723,12.6022026154016,6.36102214898339,3107.74938624117,110635.36371394,2319902284.114133,2082557815.8677433,4,4,3.429353158744681,4
27.9890522646241,77.5573508281884,1278.94522045023,249.547402988871,1809.42133951511,69.5352269856015,469.822563154201,-4.52967952043043e-35,7.49459419601978e-10,27.6648104871846,12.3138535429195,6.3778703116441,3125.75952736953,108950.930054224,2311524501.5715957,2085734362.114857,4,4,3.4741359590538288,4
27.9471456395304,80.9738375662137,1287.89888039107,254.88920999605,1820.44897550478,69.912516078808,472.386471693811,-3.90840103032721e-35,1.8876533892950101e-10,27.9891347433997,12.0599752512758,6.3931532041761,3148.318808488,107286.268872354,2303854264.801893,2089052979.74112,4,4,3.5143487005132794,4
27.9064028939071,84.3357363309222,1298.93126321263,260.100544578476,1834.50466109148,70.408218694526,475.72174290537,-3.5194655537951903e-35,4.972818960487449e-11,28.2352826707868,11.83796155137,6.40697245760416,3175.64487504471,105765.545461869,2299997663.4215913,2092494113.3843508,4,4,3.5531285135859205,4
27.8673718185396,87.7229489012679,1311.73967945373,265.226470422196,1851.15081599129,71.0052847546514,479.736777159968,-3.2012681468912e-35,1.3836276245315599e-11,28.4195283979479,11.642544678344,6.41956221945131,3207.07880411813,104588.181908503,2304297470.1654816,2096084177.2323637,4,4,3.5925178990211464,4
27.8307781462976,91.1673920376289,1325.57475745925,270.241545347255,1869.3006829043,71.6613895865792,484.156905961773,-2.90142679693735e-35,4.08788743734412e-12,28.5569685171744,11.4650229300308,6.43132941253391,3240.85459211244,103915.109655528,2319786264.294313,2099894576.522526,4,4,3.6323340578397394,4
27.7989324983904,94.6529500770846,1339.30414445646,275.042847572917,1887.31766902882,72.3130589531918,488.555565944913,-2.61654948121168e-35,1.2709783745583399e-12,28.6518358612153,11.2944501889136,6.44279254817352,3274.25390825691,103452.961276328,2338769738.077717,2103922050.8079302,4,4,3.6642155346453498,4
27.7770308114182,71.5075696345988,1349.95660440208,278.527648555769,1901.93623078254,72.8667771915371,510.638175594382,1.13792908738904,0.256868553397023,29.0482604077921,11.2448292417789,6.46009213228918,3311.8058886837,93867.2436682072,2142960831.9683316,2105899120.2656832,1,3,1.5414928889231325,2
27.763145914586,35.8782180826584,1353.56626981722,281.071006640837,1907.03897629508,73.0974675694539,538.553189468384,1.75848753692172,0.826096973904348,29.3990635252681,11.1977463678661,6.45454248563912,3337.97767724157,93619.3100242099,2148935746.1188507,2107870327.6669414,0,2,1.4364202745647312,0
27.7587492502801,10.8236957999396,1351.16361456936,282.901549993417,1903.36177066823,72.9678687906961,556.359153019168,1.88147585982081,1.21551182421453,29.5940587247857,11.1266898835991,6.45443548571148,3344.78360465924,93513.6173072068,2149961675.2027802,2109694290.1012955,0,0,1.2793467480916834,0
27.7667136646863,1.31120902497161,1347.44058962816,284.471306555771,1897.65867300862,72.7499358531664,561.291822371368,2.60061952052273,1.52523805210298,29.3713730392655,11.0243481366793,6.4351251782598,3340.77038474242,93495.7592023139,2149715397.0697074,2111328864.4168518,0,0,1.118800575376711,0
27.7904763610932,0.501016203392025,1344.95541548968,285.922967644747,1893.68358895634,72.5987597985791,559.926986439298,3.16296445177976,1.78614838109999,28.8435059167623,10.9475588735622,6.40235133425434,3335.44025015135,93540.1104654575,2150838665.832806,2112792890.5498264,0,0,0.9860778785632038,0
27.832444502343,0.309175516464069,1343.91766653753,287.188745086626,1891.81842327735,72.5299868907117,559.257576685266,3.46618259085732,1.97920135017961,28.2413655329733,10.9365626783835,6.37292420420881,3333.45412134671,93560.9083894186,2152157203.1148534,2114115313.6551392,0,0,0.8873339644345045,0
27.8922845886433,0.283786706872115,1343.63341658458,288.181448601046,1891.0895997314,72.5082894075304,559.463729846055,3.56963087867182,2.13109237255589,27.5876363985759,10.9713491867725,6.3453793455473,3333.42266589667,93473.2968013697,2150941212.1469283,2115312001.6434658,0,0,0.812227107918663,0
27.9654099705794,0.273708798127961,1343.5433188269,288.89145009395,1890.68816010184,72.5016213004514,560.376316064105,3.61120078878557,2.2458055975282,26.9143792359161,11.0348449884601,6.32089666127749,3334.05793388539,93380.4040043989,2149082711.4228473,2116398890.680687,0,0,0.7526996543378258,0
28.0438252299442,0.268489459161719,1343.49044930347,289.381880162174,1890.38724465822,72.4999220841952,561.736737674047,3.63396205581401,2.32825592996438,26.240600189677,11.1124852151559,6.30007994328507,3334.92042604219,93315.6343940093,2147385736.869676,2117387565.6723206,0,0,0.7034727721099091,0
28.1200112951588,0.265424125045803,1343.50654089377,289.730155044188,1890.23439008195,72.5041037261049,563.334855322921,3.64744108181488,2.38513633843905,25.5739513715326,11.1946794195395,6.2828334902569,3336.0097099881,93359.4854428837,2147920485.017304,2118285610.0419168,0,0,0.6625207284638619,0
28.1897676254914,0.263472567648472,1343.56788976088,289.979750361266,1890.19353767693,72.512273929137,564.995556176332,3.65557235780143,2.42222109240246,24.9188186646536,11.275809796697,6.26879162980559,3337.20127017624,93589.7571513923,2152548611.4126616,2119094691.5069873,0,0,0.6290990361699795,0
28.2520606720226,0.262143946580337,1343.46154358355,290.103752106551,1889.95248852442,72.5122694233881,566.541814490289,3.66105469071633,2.44441986189039,24.2875830941805,11.3516859181228,6.25752477020298,3337.91596917704,93867.195824628,2157799798.655086,2119813133.536505,0,0,0.6014142034811902,0
28.3074144845919,0.261136657507367,1342.86364176622,290.016062225202,1889.03817545098,72.4859854417042,567.805244589091,3.66609858140235,2.45613548315382,23.7041181527301,11.4186681026222,6.24861271795907,3337.30159644387,94131.6284082038,2161794646.856226,2120440940.5181093,0,0,0.5783546307699633,0
28.3566979146343,0.260338297670012,1341.56054661416,289.644094562175,1887.13412575593,72.4213256081258,568.690371324076,3.67158848131844,2.45980403291169,23.1930295490501,11.4746362109582,6.24182131766156,3334.78939177957,94577.4239455159,2168640241.022214,2121027405.559736,0,0,0.5602036321536803,0
28.4011677931733,0.25990814012937,1339.43320405938,288.972151813655,1884.05906228877,72.3111033850418,569.155626828988,3.67705077202773,2.45521783944267,22.7698464274524,11.5183880807085,6.23722962776603,3330.08310803208,95414.0917885061,2182975179.500464,2121670341.7755957,0,0,0.5470265527126074,0
28.4437612659973,0.260061032573015,1336.18062582348,288.014859565827,1879.37912728745,72.1380619789556,569.097467307628,3.68277606845291,2.44238472589719,22.4413396448765,11.5470180430105,6.23499365401533,3322.49830098183,96343.2341365957,2197668494.1791697,2122394400.128968,0,0,0.5360495660461975,0
28.489288847128,0.260978498407238,1331.32926244333,286.795983149766,1872.42392884203,71.8756041521458,568.358458546018,3.68990934436849,2.42281703672148,22.2107910517908,11.5559882619321,6.23519074483506,3310.97348698574,97247.6667014024,2209618402.4851694,2123187848.6137178,0,0,0.5260345604643345,0
28.5420985194006,0.262728551379368,1324.62258905634,285.36438265961,1862.83346676541,71.5090995199654,566.880084429409,3.69898027083026,2.39730079947406,22.0800693575098,11.5424920762518,6.23792657609403,3294.97935171931,98257.1788827371,2221620160.071858,2123975876.5356886,0,0,0.5173744621050834,0
28.6051295381248,0.265137022133359,1316.12708028514,283.804033654089,1850.70169885421,71.0416865816395,564.717233555756,3.71006090688983,2.36537478167727,22.0441666580654,11.5061000899193,6.24329536601832,3274.74939094666,99503.9037515929,2236851151.254606,2124618234.0907233,0,0,0.5104316937456942,0
28.682582311166,0.267647049916538,1305.96585419155,282.240033443228,1836.19803494471,70.4799308956525,561.887777122848,3.72489899723723,2.32759754322111,22.0776585667708,11.4462295277554,6.25110274357269,3250.63950485056,100779.867333281,2250920243.0558,2125064974.8794928,0,0,0.5038007765323115,0
28.7810077562758,0.270068761340356,1294.19442778062,280.827612871181,1819.39447975688,69.8271126544298,558.327415921054,3.7454457583326,2.28620482095589,22.1346737247637,11.3615222255002,6.26082921070925,3222.83725705668,102006.182470677,2262377838.215351,2125328406.4369857,0,0,0.4969303793593693,0
28.9053190439885,0.272536309259162,1280.98988404282,279.702308834227,1800.53838917912,69.0933694313192,554.033971124881,3.77199388845127,2.24374739687579,22.173066278544,11.25224634509,6.27186454292215,3191.80848828824,103068.348282228,2269139759.996663,2125502166.8537982,0,0,0.4892907138501263,0
29.0545608524457,0.27507945773176,1266.8332037216,278.940348291054,1780.3120462853,68.3054379698395,549.180908387189,3.80347648912101,2.20268505765308,22.1757230122093,11.1219938085431,6.28357766866237,3158.71572527701,103876.655562979,2269986969.634086,2125733653.4508374,0,0,0.48064234303544046,0
29.220375043729,0.277569422487045,1252.50940099206,278.558449298067,1759.82493619777,67.5061813065745,544.102893413341,3.83768791962604,2.16453276873141,22.1582599993495,10.9773705850738,6.29541043495733,3125.40204286504,104551.418875851,2268580555.871442,2126074357.4448693,0,0,0.4718545944586515,0
29.390372453588,0.279883056471615,1238.83434737843,278.531267178567,1740.2240876499,66.7396651973708,539.153258458825,3.87212563311173,2.12991651023695,22.1554144304873,10.8257865274665,6.30690449970911,3093.74827516694,105118.779096524,2266453828.7711415,2126524743.6464126,0,0,0.4633790888205576,0
29.5545529347268,0.281955428428554,1226.34473244556,278.817746664843,1722.26364014832,66.0348952641816,534.569008314543,3.90511055739022,2.09955094310113,22.1934428805711,10.6731994875453,6.31766213841479,3064.97576224432,105510.196238098,2262733309.5630155,2127010477.9541366,0,0,0.4551452772846842,0
29.7064947755659,0.283727117439648,1215.30670001058,279.378243561783,1706.31847081553,65.4064938750738,530.478545487829,3.93588287131927,2.07428256859642,22.2753641387919,10.5240251317515,6.32735891767089,3039.68324611207,105682.300779688,2256750176.527648,2127413331.590729,0,0,0.44705395452946184,0
29.8382824037197,0.285162367407178,1205.90928709719,280.165263733394,1692.64570542665,64.8646655407749,526.979078145192,3.96373591428623,2.05434468297848,22.3825852597289,10.3821631331137,6.33579643215696,3018.27668364202,105735.179059824,2250698487.784877,2127710190.0255582,0,0,0.43953374808594226,0
29.9395770662139,0.286198139408846,1198.3039705637,281.118278067149,1681.43920667811,64.4171578312197,524.145911729345,3.98807769794449,2.0393282014731,22.487460436697,10.2510025509985,6.3428895212909,3001.05157571403,105706.918972195,2245289625.250094,2127917952.3188925,0,0,0.4327067263868427,0
30.0036421000675,0.286477426751911,1192.54432293261,282.170658294149,1672.76858682126,64.0671525021092,521.998964316314,4.01052243099056,2.03103623151513,22.5661671937553,10.1333224237235,6.34826428982168,2988.07582039763,104994.110341732,2227498999.411879,2127949943.2895002,0,0,0.42409596439591885,0
30.0315530842483,0.285832101102186,1188.89468970789,283.30043190566,1667.0373976987,63.8311467945024,520.648806871472,4.03255571145409,2.03426838308082,22.6047090234497,10.0342847960203,6.35104212610869,2979.97696337528,103233.804045861,2189816573.3220406,2127655623.9433777,0,0,0.4124118108917332,0
30.0321014487106,0.284793588973042,1188.26327542254,284.638343525126,1665.58479730559,63.7615584642654,520.52678207234,4.04938313229482,2.05057995335079,22.6042034252244,9.96447132670984,6.35062016743129,2979.05003761179,101342.016826748,2152948489.861626,2127055914.4100122,0,0,0.40164045151073935,0
30.0169604562585,0.283536468600048,1191.6621041396,286.390243087803,1669.8929036529,63.9157975491278,522.1399667324,4.05511257058476,2.07739052027894,22.575767164067,9.9351179326794,6.34697267225306,2987.90332647216,99557.8913338253,2123478970.3154511,2126221831.8123207,0,0,0.3929309634501481,0
29.9950055461447,0.28212610125963,1199.25484555142,288.639678899275,1680.21800973956,64.303635346727,525.607917851753,4.04766183876319,2.11165545011412,22.5297837164512,9.95037568366526,6.34040395657787,3007.03424630287,98085.6744330458,2105997388.0648415,2125402124.4438295,0,0,0.38696319241196153,0
29.9709639509477,0.280577007170618,1210.27814032012,291.302513776864,1695.48002047504,64.8829715160187,530.614068237247,4.02841177152742,2.14981661404487,22.4704487150721,10.0063312288296,6.3315705632141,3034.60347552134,97070.635862675,2102552067.446843,2124953776.6178772,0,0,0.3838750936991477,0
29.9477737340448,0.27874635238048,1223.37755692861,294.140104933039,1713.76563931995,65.5795046433836,536.548438803905,4.00207485615022,2.18935452096304,22.3888445768256,10.0936193738659,6.32114685163632,3067.25475788157,96234.2901407064,2105123780.8794606,2124938949.58535,0,0,0.38198038194267514,0
29.9283329101109,0.276631122541278,1237.10969613155,296.84282410935,1733.05195700434,66.3148379315431,542.738425409238,3.97384461564036,2.22934270043556,22.2651197470934,10.2012604267114,6.3096112485141,3101.37161400691,95487.1810575614,2109443648.097504,2125302826.4709222,0,0,0.3803667536999464,0
29.9148948274515,0.274320119439736,1250.48091016377,299.178929369959,1751.95217677192,67.0352708504127,548.710474505831,3.9468910498995,2.26917828141332,22.0828475165107,10.3208527365192,6.2973039493856,3134.44966148259,94797.6425338187,2113199052.7921429,2125938394.1450164,0,0,0.3785527458832693,0
29.9084613998498,0.27193098038892,1263.06714906177,301.05883515011,1769.86906455768,67.7178016863728,554.25688224258,3.92229325499901,2.30840705537598,21.8392221833778,10.4477781066966,6.28443847623839,3165.41880734429,94144.6546910132,2115316282.392556,2126720413.7188766,0,0,0.37633770979059933,0
29.9091784764549,0.269587937284247,1274.83680655552,302.517655206367,1786.73732780975,68.3602804929805,559.362196418801,3.8996772567372,2.3465373595574,21.5480737627341,10.580158816867,6.27117861018251,3194.21152922909,93566.5740974631,2116827619.458632,2127581402.4847987,0,0,0.37392519310126304,0
29.9169800872127,0.267359010967899,1285.90910723532,303.653922881917,1802.68916292999,68.9684220759765,564.091951870543,3.87829212529377,2.38296018633966,21.2340778430917,10.7172468557193,6.25769777428505,3221.15509999595,93076.3110654391,2118546615.2778447,2128490955.3039331,0,0,0.37148558297397377,0
29.9317549838343,0.265241977332757,1296.36851313384,304.555021566358,1817.8115659431,69.5461524178828,568.497890326227,3.85795676238815,2.4175525031694,20.9198902671633,10.8580917542217,6.24411685678142,3246.49163161091,92586.0728418935,2118903400.3688447,2129434049.0501766,0,0,0.3687846266096687,0
29.95282262356,0.263175831833254,1306.24883856617,305.264229060708,1832.13781156104,70.095062707661,572.600296550304,3.83904516180956,2.45106811295396,20.6176683121835,11.0014641076085,6.23042560301878,3270.32263590659,92004.7725196866,2116004266.0149994,2130400946.7530167,0,0,0.3655594404256296,0
29.9777910814678,0.261099979025113,1315.65834658764,305.800406279638,1845.82473420704,70.6211200256425,576.440660205198,3.82149515177106,2.48413013331496,20.3289745804533,11.1469397917727,6.21655997823201,3292.91540134679,91453.4606968995,2112790357.3652942,2131387287.336951,0,0,0.3623893228998661,0
30.0025921114198,0.258985798867841,1324.78651629796,306.176807077741,1859.15429715093,71.1348130247024,580.08700187348,3.8047589407671,2.51671835370131,20.0492257434966,11.2950612471956,6.20246883044209,3314.72692785766,90974.6365201287,2110470720.4222498,2132387971.0660121,0,0,0.35952853887723923,0
30.0234528420033,0.256819514019516,1333.74616787064,306.392704619058,1872.30115673909,71.6425119649277,583.569994116754,3.78868740072194,2.54929758590892,19.77235229756,11.4460967548145,6.18803738561065,3336.02317508028,90440.6830530845,2106189905.2097123,2133349505.1579874,0,0,0.3565224274773836,0
30.0386121327439,0.254589631394213,1342.56515044649,306.436791945761,1885.31512826577,72.1460340077932,586.886972249298,3.77358470234735,2.5834032862433,19.4935412737016,11.5999560231648,6.17303518887106,3356.86157164679,89709.103660255,2096595941.9108665,2134164897.184535,0,0,0.35283701677328827,0
30.0488317742478,0.252300496203641,1351.38229623954,306.317194351122,1898.39481093078,72.6531417993065,590.096321380572,3.75894505874437,2.62002414893804,19.2106119707722,11.7578829070818,6.15727201194098,3377.57376498552,88951.6425082646,2085823049.7880743,2134797920.6611812,0,0,0.34919235517020225,0
30.056621146128,0.249937138387795,1360.48253937604,306.066801607534,1911.93854312185,73.1793761134555,593.330374916113,3.74366544508229,2.6588153244952,18.9234673031409,11.9227913825467,6.14067787097816,3398.85136993771,88241.5875497232,2075941822.8709807,2135253953.1520672,0,0,0.34593681643251895,0
30.0646566417815,0.247490968539507,1370.07579006498,305.714177192175,1926.2359080238,73.7360520992013,596.689399772673,3.726872474832,2.698815523747,18.6328135577329,12.0972699037911,6.12327787594511,3421.20519545593,87670.6941386251,2069393398.0051045,2135565675.8171031,0,0,0.3434609582496548,0
30.0748061138012,0.244971270148767,1380.13763501705,305.263488700814,1941.24513016364,74.3215670563162,600.168904016461,3.7082908188733,2.73842429969532,18.3399270266466,12.2819679047755,6.10526378852393,3444.5781851629,87336.9595597401,2068519223.5982878,2135791515.8113034,0,0,0.34231698982380626,0
30.0883268398791,0.242386994440218,1390.34959971042,304.673696398666,1956.51311710794,74.9184389946293,603.629964929843,3.68884681224042,2.77652899578486,18.0456265764273,12.4747110665835,6.08687823126613,3468.19231571442,87109.7073654916,2069882077.432174,2135982418.0909898,0,0,0.34677267007917645,0
30.1063352459891,0.239752879523264,1400.20665382909,303.864572804407,1971.32919269944,75.4993501494394,606.846688352523,3.6701551822218,2.81317004289413,17.7496995788993,12.6711394492263,6.06829972027021,3490.80654293847,86919.1294693354,2071191647.1390762,2136175904.0708923,0,0,0.367939460451467,0
30.1296631485527,0.237078715964446,1409.19025328058,302.744204042633,1984.96592546152,76.0363893308755,609.587576270294,3.65368006639134,2.84877328939196,17.4516134662447,12.8670137895191,6.04965294390483,3511.14190844602,86739.8102261665,2071160566.800045,2136401764.7847626,0,0,0.4101747631645918,0
30.1583776050428,0.234364571677275,1416.55611899914,301.167291893473,1996.37534235754,76.4893603637037,611.527225985122,3.64132855727593,2.88377591075129,17.1507576902491,13.0595817421262,6.03100154419978,3527.35319504622,86557.4973342334,2068431870.4059217,2136679507.7206354,0,0,0.4616934856502652,0
30.1912563911206,0.231614061222016,1421.74929261445,299.027995071183,2004.77108374218,76.8280409886805,612.424713736528,3.63468609690233,2.91833537424767,16.8456252126348,13.2476877762824,6.01237949729968,3538.06276847757,86389.4986327487,2062672667.2660499,2136996929.3485222,0,0,0.5056978479475808,0
30.2258331367479,0.228828111013601,1424.89130288786,296.358953672422,2010.31661733358,77.0585957043398,612.332502839418,3.63355467339947,2.95233614107985,16.5330549082047,13.4314442195825,5.99380399419383,3543.57098218294,86245.4676493726,2054310416.6819928,2137328123.908719,0,0,0.5337725632572341,0
30.2594101372039,0.226000729920589,1426.56425956981,293.284839135339,2013.8243356028,77.2121011902738,611.502921816494,3.63652589369497,2.98584999698575,16.209288834486,13.6115057135242,5.97524836476605,3545.32114912998,86089.010310367,2043307561.862968,2137647548.028634,0,0,0.5465480475724888,0
30.290269204929,0.223125530637905,1427.41736296267,289.943606420791,2016.20314460066,77.3233815907429,610.218636800469,3.64204207869667,3.01943123167527,15.871689274094,13.7886171716521,5.95662381010286,3544.92560183443,85869.0633054198,2029382484.3751993,2137935784.7345974,0,0,0.5489644011377454,0
30.3186070036691,0.2202044773791,1427.96467509473,286.449875345967,2018.17328335259,77.4199905102722,608.706777170599,3.6487336384554,3.05350475056355,15.5200043451369,13.9638957813484,5.93784881096357,3543.66751541666,85639.4042856055,2014567454.045119,2138187111.6745956,0,0,0.5466034512416077,0
30.3465430140171,0.217247198146148,1428.54437211619,282.889268765059,2020.20795379681,77.5199175492153,607.120696037696,3.65559577910444,3.08794740392213,15.1561643708194,14.1389044364738,5.91889820039247,3542.40037075247,85430.3821209794,2000097716.2164485,2138404821.0352752,0,0,0.5430910325833416,0
30.376825396095,0.214267161526259,1429.29879905372,279.311392187747,2022.5046791173,77.6305599052745,605.528543732114,3.66222431796326,3.12260471605357,14.7827936276016,14.3149079168255,5.89976148361319,3541.49408392129,85217.6177235638,1985656194.86171,2138588669.0269172,0,0,0.5398760489371252,0
30.4111294028242,0.211277524636143,1430.21974946968,275.733782357611,2025.04898420278,77.7512375960699,603.932174611376,3.6687118589449,3.15763135346827,14.4024571936601,14.4925138100551,5.88041170111712,3540.94306480044,84958.5165795928,1970300705.3584778,2138729290.3338928,0,0,0.5370948559871077,0
30.4485308416225,0.208289266600523,1431.26319037918,272.162530955951,2027.77595798456,77.879367773208,602.3199564996,3.67515288969198,3.19299016032998,14.01884625542,14.6723210226005,5.86084813223495,3540.65091077246,84690.2583814128,1954891547.2367756,2138827835.4053357,0,0,0.5348436827499962,0
30.4853293369415,0.205310250778802,1432.41855447476,268.607097567917,2030.66785114363,78.0141689248936,600.698524899507,3.68147635086842,3.22813704029705,13.6375745163388,14.8554086582294,5.84111975373526,3540.60402822476,84434.8695217445,1939966548.0180516,2138891780.7284985,0,0,0.533001878392601,0
30.5169526951861,0.202347695980707,1433.67913559135,265.076289366692,2033.71227977672,78.1550590678121,599.077147156402,3.6875418345092,3.26225770688706,13.264575246287,15.0428367311755,5.82131220072751,3540.79783660268,84238.1119905648,1926598920.5466144,2138927029.5006545,0,0,0.5316555129577613,0
30.5399685613888,0.199409432475588,1434.98847042535,261.569954158396,2036.82687468106,78.2987574720898,597.441894388399,3.69327475743576,3.29430093069563,12.9041415362384,15.2348847914467,5.80157437946193,3541.10415888407,84159.5848820334,1916088610.7822392,2138935291.505535,0,0,0.5310527192935538,0
30.5525512846482,0.196502464672749,1436.1979142988,258.073026432001,2039.80158967454,78.4371052562891,595.736160390151,3.69902453478561,3.32359403792159,12.5575055196086,15.4303162794142,5.78206857608097,3541.16917740138,84138.3551363516,1906857287.5011396,2138920475.3755887,0,0,0.5307206037919736,0
30.5538910117454,0.19363335287755,1437.10104768645,254.561834280663,2042.34894708458,78.55901559104,593.876541749629,3.70543284453276,3.35016827562109,12.2229192488395,15.626508424311,5.7629232005259,3540.50063773125,84133.0772484241,1897717629.3887608,2138887074.3511333,0,0,0.5303242007439304,0
30.5437243724346,0.190813736519945,1437.54498057173,251.024070674581,2044.25765204562,78.6562084102497,591.806412447927,3.71238539471516,3.37248411408157,11.8988349236718,15.8208921645214,5.74448334753651,3538.74236830559,84478.4184612761,1896013276.3611722,2138897012.9081833,0,0,0.5319179939756942,0
30.5221862070494,0.188068668248402,1437.31913718543,247.449391579899,2045.22673077967,78.716610876815,589.457530111894,3.71892341565871,3.38463835868998,11.5887657346459,16.0101767624963,5.72774817260383,3535.40502928668,85741.5355258772,1914082425.3295512,2139108840.122567,0,0,0.5389641584611797,0
30.4902802697734,0.185431517808353,1435.63981701294,243.757230113117,2044.12819719518,78.6963721515959,586.529165430822,3.7266262967826,3.38126764633794,11.3026164345725,16.1836883815596,5.71404133521826,3528.60168824232,87470.79621636,1940662769.784792,2139596486.3688805,0,0,0.5482743930882025,0
30.4507112917052,0.182947119022645,1431.04259174165,239.779674282308,2038.8520455352,78.5142774238094,582.441501449689,3.73977608031439,3.36178553557808,11.0568552774528,16.320470854836,5.70458424114359,3514.78129614953,89312.1552940456,1965945448.6386404,2140353694.715603,0,0,0.5570195099893975,0
30.407506708264,0.180661034151187,1422.43875022352,235.408879847814,2027.81632897421,78.1096520936409,576.778055658097,3.76152642930868,3.32725907414191,10.872171927814,16.3988796695301,5.70043569229934,3491.31312619482,91197.9035674629,1986952588.4129045,2141274446.6565287,0,0,0.5642878360052777,0
30.3649278587089,0.178626389225058,1410.13671538569,230.742186860456,2011.44030054761,77.4987794539234,569.718108294778,3.79100026443228,3.27739280134195,10.7741888011466,16.4079484145742,5.70233308227165,3459.00246660018,93154.7008105227,2004581784.0572062,2142161525.0462134,0,0,0.5702449779683805,0
30.327750068238,0.176934684956524,1395.53215963028,226.05308155356,1991.72641719103,76.7584982559094,561.969809409919,3.82367943864434,3.20776202272287,10.8164726778483,16.3520829115708,5.71093686723076,3421.403921136,95140.6222006394,2019936912.8696103,2142940141.1942003,0,0,0.5750300995558333,0
30.3018468999156,0.1757832733119,1379.90455948073,221.62394549707,1970.54908475795,75.9602763310431,554.315213969583,3.8541239756985,3.11052794383187,11.0942306339129,16.2465261428473,5.72704963004043,3381.91540158438,97120.8386210452,2034578118.0374649,2143620508.0248668,0,0,0.5784825715192413,0
30.2925954890514,0.175603007512979,1363.43419864859,217.573103319811,1948.21916200494,75.1152555240848,547.1186413038,3.87833210957315,2.98125399325476,11.7062726179287,16.1043433541179,5.75121970764546,3341.27020543819,99288.1855302199,2053450085.0666435,2142243312.5609825,0,0,0.5764725865420771,0
30.3041788635537,0.17721755149003,1345.09455892832,213.880215185707,1923.27941491773,74.1660888251877,540.144805474755,3.8949152569098,2.82560771771186,12.703069299929,15.9238961838485,5.7832552601515,3297.17416021564,101813.482612428,2079087947.5063803,2140749539.8105364,0,0,0.5617455767101407,0
30.3428215573065,0.18163702926388,1323.65803254552,210.721681124851,1893.88822365013,73.0389742117572,532.84860641117,3.90599161912121,2.6604416622978,14.0483317808498,15.688234612416,5.82189069656409,3246.78184463845,104307.035106461,2102518708.5763972,2139072504.4915469,0,0,0.5338123633666396,0
30.4179044428104,0.189802237361892,1298.70567135291,208.620623333788,1859.27203065268,71.6995366453339,524.793036558407,3.91600864519771,2.50313151575196,15.6244151106274,15.3816528959257,5.86528269575775,3189.17926471261,106588.250611396,2120878401.1310527,2137192708.5758858,0,0,0.5004419267198968,0
30.5357964363663,0.202077867804976,1271.15092372665,208.116806840374,1820.58613419764,70.189077607427,516.024668370249,3.9295535655677,2.364415647647,17.2897380622781,15.0071579080529,5.91123928431213,3126.56469387997,107989.141301758,2123382869.8713632,2135110176.5457566,0,0,0.4666467127134824,0
30.6920215108858,0.216880523550762,1243.30414340137,209.397465834261,1781.09957042697,68.6346737981854,507.209212198548,3.9501905853468,2.25115400314998,18.9158697443444,14.5905808875288,5.95678177333858,3064.27777770142,108097.654112506,2105360510.8331618,2132849549.621726,0,0,0.43580949097962857,0
30.8687397307884,0.231233397186076,1218.24237317901,212.242810081126,1745.27801469674,67.2132759712413,499.377943999611,3.97668171071014,2.16433434568521,20.3892542264475,14.171613732614,5.99894108549619,3009.27320330034,107778.064103698,2086489915.2524161,2130442567.5663416,0,0,0.4118429996056938,0
31.0435505049694,0.242985625365808,1198.39484534141,216.246800341555,1716.68648151124,66.0677614914624,493.349109465391,4.00386950931896,2.10069732987026,21.6194181241949,13.7854648576099,6.03562784458635,2966.9081778072,107272.464100223,2072540320.870267,2127907724.3738463,0,0,0.3933538607078147,0
31.2015976137418,0.251441870980396,1184.5667763879,221.041417702235,1696.54901123513,65.2489474243949,489.371253275907,4.02789287908423,2.05800765169072,22.5630607574332,13.4506450251452,6.06575713881448,2938.81119724106,106418.336482389,2059820455.6900802,2125240690.0763705,0,0,0.3781206213956046,0
31.3362768211364,0.256837164669273,1176.35737933361,226.354639373117,1684.34919694194,64.7386723414111,487.305453847229,4.04737984059493,2.03509869462537,23.2275757661728,13.1723689871148,6.08911139766621,2923.91157248583,105130.475228557,2045211814.1048594,2122429370.1931965,0,0,0.3650639188022995,0
31.4409988542592,0.260035174438107,1173.08261267022,231.950467753015,1679.17162031902,64.5028365137531,486.972238254422,4.06049707011006,2.02946333704329,23.6555521169749,12.9514691459401,6.10609750215398,2920.55411199841,103762.670524485,2034015010.6080823,2119486197.8127525,0,0,0.3548389547636533,0
31.5069682496995,0.261599635199731,1174.11529290342,237.61122808474,1680.183467116,64.5104620241865,488.233444497251,4.06577167879847,2.03733323579867,23.9007549405656,12.7875601263542,6.11742326122637,2927.24223177661,102427.127640529,2027109556.7263224,2116432934.6858408,0,0,0.34719814362692597,0
31.5292367659814,0.261896419589705,1178.73125475176,243.186688916862,1686.38658335607,64.7235393534394,490.874744033692,4.06352404804684,2.0555124913578,24.0064094178798,12.6774572755171,6.12382897055297,2942.25579330051,101145.867663753,2023764436.0830097,2113348165.4355166,0,0,0.34154443173635485,0
31.5099664213918,0.26128825158331,1186.10533807539,248.605593634617,1696.6042974919,65.0962994524217,494.593580220323,4.05515408594203,2.08151825374147,23.9996227655972,12.6151969138958,6.12605368995402,2963.63693399348,99934.014604188,2023252688.696269,2110345334.051399,0,0,0.33728825983561517,0
31.4574253597887,0.260133056214354,1195.4485079954,253.831326055839,1709.69189551242,65.5837608232987,499.071523179623,4.04220467832491,2.1132304601891,23.8962255178593,12.5937085099751,6.12481589968206,2989.50089605598,98824.438558087,2025371819.076328,2107444475.2417576,0,0,0.33401269071671724,0
31.3822768028189,0.258711790669153,1206.09214564729,258.827574678125,1724.67303147877,66.1474478847915,504.027197278593,4.02600315696484,2.14875159355225,23.7076210417373,12.6060209986988,6.12078865264561,3018.23363309243,97831.4825653164,2029716165.4467053,2104629042.971186,0,0,0.33138442983724353,0
31.2930974355946,0.257261846448996,1217.4915801896,263.562864068487,1740.75240209081,66.7560328536407,509.229896047447,4.00744211973201,2.1862134680746,23.4456521614616,12.6455696272858,6.11462233499619,3048.51806188767,97020.2329964189,2037131751.5692432,2101846066.7358084,0,0,0.32937254120426657,0
31.1957980518898,0.255981127629802,1229.17875078981,268.018704935726,1757.25002888555,67.3827051938617,514.486467103217,3.9870939814714,2.22359953695653,23.1245723740566,12.7059283652965,6.10699034685877,3079.23507180946,96441.1478962552,2048360129.2700872,2099018711.1626396,0,0,0.32798694556975605,0
31.0974928870002,0.254988684638445,1240.6832504107,272.178535909589,1773.49069780243,68.0007363180405,519.610196194843,3.9657375253166,2.25913523139414,22.7612970310524,12.7802370356274,6.0985686778219,3109.2734805486,96055.4390553281,2062295404.4357216,2096138770.1872017,0,0,0.3269803446330142,0
31.0076749340352,0.254370485529684,1251.52997553216,276.022803428817,1788.79843372895,68.5832087440232,524.419919039532,3.94407163975837,2.29093196429897,22.373987363601,12.8612399477354,6.09008057113213,3137.51881303635,95976.7365076149,2081090061.8473828,2095494282.998442,0,0,0.326646601121428,0
30.9329870883106,0.254128411921064,1261.24073647492,279.520477201662,1802.49211801266,69.1031100186441,528.734436088887,3.92309849030045,2.3169758269086,21.9779123324189,12.9413444863471,6.08227762194537,3162.8409427704,96181.4875738825,2103923725.1981924,2095025407.7805185,0,0,0.3268211556229758,0
30.8709447315706,0.254168913550036,1269.2903436635,282.608584880501,1813.82351658449,69.5313122015665,532.344111858451,3.90496971576871,2.33694561805233,21.5809196033585,13.0123755884552,6.07568585712695,3183.97099468776,96367.5502222716,2123616810.5697393,2094750982.1072578,0,0,0.32640247725308896,0
30.8066740847661,0.254413105938353,1275.31916780224,285.23619273381,1822.28723787945,69.8485062792626,535.101640495802,3.89165910036689,2.35240922201182,21.1826230436182,13.0679017109645,6.07046732448397,3200.03888232564,96382.2942391753,2136264248.738798,2094610865.9788105,0,0,0.3248728214083791,0
30.7199759927103,0.254798812016733,1279.46485701065,287.438768066497,1828.0947016462,70.0631577255738,537.068642778483,3.88333290800023,2.36512307038472,20.7796299029409,13.1067379478204,6.06648935670528,3211.41002138732,96245.0297189519,2142459483.9786904,2094523582.8344972,0,0,0.3224267827612758,0
30.59984827324,0.255228992452558,1282.35194837302,289.330040635554,1832.15213838117,70.2105237075977,538.509008910041,3.87875169403088,2.37680961955742,20.3721757097398,13.1329426744504,6.06335113187601,3219.64666110476,95892.4989385688,2141698001.5865724,2094414632.8185775,0,0,0.31908807558793784,0
30.4494052658423,0.255552985509262,1284.82214749658,291.038482591133,1835.66802852751,70.3375911439355,539.769692242878,3.87632933345713,2.38990482186558,19.9651016567502,13.1533832902345,6.06039264113952,3226.81833217747,95207.8305171863,2132533386.484877,2094222884.6345978,0,0,0.31476009100573776,0
30.2786014784056,0.255695660246536,1287.73064142917,292.675438397246,1839.8521491469,70.4913977788384,541.197764500892,3.8736663537871,2.40595536347105,19.5648961546383,13.1761780185763,6.05699143438502,3234.99310870863,94468.041805945,2122287828.5381768,2093943771.2712157,0,0,0.3106235129795766,0
30.0958043530402,0.255631841533689,1291.74839236532,294.323968944625,1845.63436181465,70.7080699331806,543.061272083087,3.86847314881874,2.42486509222084,19.1764615951591,13.2087672221101,6.05276776868139,3245.76963818127,93761.9209795369,2113816785.062889,2093594094.689895,0,0,0.3071156456221247,0
29.9051869730624,0.255437482447274,1297.12810538587,296.02387903008,1853.34577686385,71.0003824317249,545.45880343668,3.85923733959705,2.4453329430971,18.8024644004583,13.2551775037681,6.04767883786198,3259.73697803916,93305.174595244,2112330153.1600518,2093223362.0663817,0,0,0.30493616924586775,0
29.708401743516,0.255269280462165,1303.63645122393,297.768842689604,1862.62968923464,71.3542069943834,548.300803747535,3.84536429294828,2.46432933164687,18.4459580853214,13.3147525021407,6.04217441650935,3276.32677134847,93305.7089516818,2122369038.519164,2092908991.5154078,0,0,0.3046154878171706,0
29.5086615774547,0.255205723928518,1310.52645371477,299.466061149383,1872.40322728758,71.7274345926957,551.291961287858,3.82867803060228,2.4796264872195,18.1128633375033,13.3815254003344,6.03688061446369,3293.71613315865,93441.6158452715,2135768288.106256,2092679496.613858,0,0,0.30485423550885676,0
29.3129085567519,0.255246882564082,1316.79993344127,300.946287284215,1881.23260078194,72.0647592319563,554.033651342553,3.81238349321909,2.49106346349872,17.8122281618001,13.4465064597562,6.03230037254758,3309.44568841157,93583.0700357805,2148201331.063552,2092537899.574351,0,0,0.3049657556571984,0
29.129008948007,0.255363750347798,1321.76865362284,302.069927512024,1888.13549356632,72.328460815663,556.253858486215,3.79881292655016,2.49896644259952,17.5525656632036,13.5029635859697,6.02874703914866,3321.81030589895,93705.6821441579,2158088693.1454306,2092427987.617301,0,0,0.30471098663645985,0
28.9617972913068,0.255645547344258,1325.28243690827,302.80291512609,1892.9061537549,72.5107757567745,557.904607742377,3.78834123641617,2.50370557912592,17.341066020842,13.5488602278707,6.02628921324399,3330.45024879988,93804.8483555193,2165101522.302012,2092241803.6881504,0,0,0.3040687438644457,0
28.8110043199563,0.256340647535445,1327.57010759591,303.234311335529,1895.88509646485,72.624956488509,559.120832135785,3.77934468189508,2.50540480988869,17.1929403369019,13.5858020050318,6.02490633016419,3336.00436141149,93906.4868359121,2170353240.89171,2091957269.7997396,0,0,0.3032280478268385,0
28.6722658882898,0.257621947944515,1328.98093917722,303.533659905883,1897.58550491168,72.690872839283,560.122266109814,3.76976239355026,2.50389564197731,17.1350698131267,13.6166862683976,6.02463866870126,3339.47495039446,94023.911543331,2175054353.0868425,2091597227.6185071,0,0,0.30237184497757674,0
28.5401741915086,0.259640118483893,1329.79149546042,303.870667719335,1898.40737072213,72.7238062934842,561.103540775511,3.75759374298976,2.49763129696482,17.1936998872156,13.6434576379757,6.02577712666226,3341.68848933718,94503.8832640544,2188066669.6845613,2091247712.0936391,0,0,0.30270959960250854,0
28.4104989091669,0.262588794968025,1329.94732571665,304.343020435674,1898.25419057144,72.7194227680638,562.09394633737,3.74149506647177,2.48261014629947,17.381983757811,13.6642635274033,6.02907721206097,3342.60392837713,95705.9770756479,2218010497.9695864,2091051455.2885869,0,0,0.30534820994241235,0
28.281704450314,0.266381164239006,1328.70811649646,304.894261270809,1896.02120970071,72.6342625447604,562.768002296488,3.72441478312661,2.45676169922863,17.6867551214974,13.6696364730373,6.03527767191193,3340.39159492515,97126.6515561665,2252305599.1482472,2091065886.0812166,0,0,0.3084468551155043,0
28.1557969466418,0.270884970102799,1324.88978145632,305.333477543996,1889.95608019294,72.3999128142578,562.540314299223,3.71202565839152,2.42186109243876,18.0664296279022,13.6447609788368,6.04471030043051,3332.02491798745,98554.3750669619,2284110313.8895464,2091292266.036156,0,0,0.31099928605769156,0
28.0370757042382,0.27591934505815,1317.76530136575,305.489822379692,1878.98066957546,71.9742572321331,560.996618118593,3.708753639243,2.38118341668357,18.4719949658507,13.5789901555804,6.05723459064068,3315.57041463003,99738.6850795503,2306082246.6914406,2091677083.6058931,0,0,0.312000786573143,0
27.9291052429311,0.281093375782218,1307.6547688152,305.329769104144,1863.55728711763,71.3752767783756,558.186172501691,3.71610103583592,2.33909407654824,18.8682627635576,13.4722451110676,6.072058309916,3291.70628276236,100478.59040988,2313587771.20201,2092131258.622226,0,0,0.3109239678137541,0
27.8311970601973,0.286071056009481,1295.85898660633,304.981948348879,1845.57798809121,70.6767471239964,554.609468529211,3.73146734508199,2.29867350180189,19.24497453222,13.3347136822187,6.08810694705754,3263.58000320122,101064.28437502,2314997645.2836385,2092614769.9702694,0,0,0.3090652295950651,0
27.7382768129033,0.290667570569496,1283.92546345302,304.641032570486,1827.28715293765,69.9663369673349,550.899098970005,3.75033832933949,2.26106702603381,19.6109750061403,13.1804097802087,6.10442497874618,3234.9835551085,101577.931163839,2314412980.699589,2093114344.4695241,0,0,0.3071335097568607,0
27.645106741961,0.294747199810068,1272.87412245458,304.439029236972,1810.16676674525,69.3021549126084,547.480603219205,3.76966404054855,2.22753260340299,19.9769598318646,13.0201744890279,6.12024193552967,3208.42687285149,101905.700561022,2310773405.434751,2093614762.1348546,0,0,0.30509355389995574,0
27.5505511038306,0.298119034607353,1263.13280796438,304.429702059743,1794.85327777656,68.7092706068581,544.539237651525,3.78848389759777,2.19974097069348,20.3433506936387,12.8606412798701,6.13497573493841,3184.9796324031,101953.666454987,2302650610.3669863,2094092891.6540143,0,0,0.3027851190272522,0
27.459741990213,0.300731009401763,1254.91869072872,304.66443189801,1781.69218642784,68.2011657717486,542.178140516978,3.80606205882298,2.17842550675105,20.6975024677366,12.707025979554,6.14825975484055,3165.22924568244,101871.716406218,2293857935.8480897,2094542469.2380066,0,0,0.30066837109895705,0
27.3815093776253,0.302623608096772,1248.41686848928,305.217274600533,1770.98789446118,67.7895764133859,540.48876061008,3.82143817865257,2.16319029541223,21.019986271849,12.564264031153,6.15989968498755,3149.71036406611,101707.712338439,2285869033.9308796,2094965171.4117649,0,0,0.29886049763178824,0
27.3224126473711,0.303573863377258,1243.70682333889,306.11944566916,1762.88911111529,67.4803070564905,539.506752316439,3.83520469635619,2.15498304680737,21.2931909813421,12.4363740944944,6.16955657638168,3138.66687558697,101097.741094053,2270647040.4190874,2095414630.1722562,0,0,0.2962550983831358,0
27.283048364937,0.303329763737498,1240.92927994298,307.342735242739,1757.62837282475,67.2824429406812,539.28071725776,3.84851401889662,2.15692285883095,21.5050187835081,12.3281915728644,6.17655133439184,3132.43043188668,99791.0515782285,2242560463.2599535,2095964045.6924427,0,0,0.29211493071828365,0
27.2572816038958,0.302272609631526,1240.62141725452,308.881389884742,1755.99490641719,67.2260745756344,540.039590318217,3.85868460338076,2.17009317662173,21.6518338081107,12.2480576974634,6.18034499111829,3132.27664728244,98364.3857142978,2214973792.3944044,2096610142.593826,0,0,0.28820181673614503,0
27.2353377245926,0.300658693283547,1243.45297315006,310.765698428937,1758.95009961317,67.3474964247622,542.0863990929,3.86173857075418,2.19257713544905,21.7374471211604,12.2051049109599,6.18080554146176,3139.81306739088,96997.8527415372,2192559125.082861,2097329727.5393198,0,0,0.2851238956128502,0
27.2091544293139,0.298696025915043,1249.57734671339,312.98614788372,1766.70191071357,67.654091476073,545.503771695401,3.85579240081683,2.22197591675095,21.7693335924064,12.2033338820932,6.17811582872233,3155.39152388059,95820.7123359919,2178242897.9865274,2098082284.9343374,0,0,0.2832171367610216,0
27.1759881576542,0.296544555714773,1258.49695548953,315.467726454235,1778.52236750241,68.1174361177421,550.089809481755,3.8412790689742,2.25555743886304,21.7570993586456,12.2402159082863,6.17280038630776,3177.77842338144,94928.4142654137,2173464190.172313,2098820952.8793943,0,0,0.282572406099484,0
27.1404354973843,0.294196365217338,1269.27193835062,318.062615072052,1793.06838001024,68.685590825935,555.440312690844,3.82095854541738,2.29123320984273,21.7107979035214,12.3085768618899,6.16548082251882,3204.65588483605,94168.7107528261,2173465196.050656,2099532842.620761,0,0,0.282460517053535,0
27.1125450844507,0.291699373145289,1280.86501990337,320.584070496493,1808.8811676108,69.3022398484238,561.096955320837,3.79815514722708,2.32797406467481,21.6396561196031,12.3996345875616,6.15667660888139,3233.46290839067,93488.3681517872,2175556133.90681,2100221514.3479414,0,0,0.28244817771055697,0
27.1014523286735,0.289055008978841,1292.49711222822,322.87864380282,1824.87617814019,69.9256115697706,566.706543696389,3.775644049994,2.36586561207028,21.5502734366403,12.5061894032579,6.14667329204283,3262.2712198378,92682.0116190055,2173818283.796323,2100852964.6709015,0,0,0.28173627622720243,0
27.1107291931465,0.286231326786567,1303.83893458273,324.870205930673,1840.60109649994,70.538532691701,572.107143244846,3.75515273098515,2.40661581522086,21.4445036232399,12.624573769467,6.13538116047965,3290.25570567802,91560.9126509074,2163232117.4746885,2101352087.953007,0,0,0.27971314009188175,0
27.1377612467462,0.283329878952225,1315.12350035607,326.596641418106,1856.38581458697,71.1539967899359,577.388179330938,3.73570298810834,2.45119979320403,21.3200515250891,12.7560059711357,6.1226070096149,3317.98278369962,90425.0456893163,2151118576.286244,2101709285.4199612,0,0,0.2774037328963661,0
27.1763595854224,0.280419372586973,1326.90679326803,328.175302737278,1873.0028675357,71.8019093276932,582.789285434446,3.71495762489136,2.49876763664479,21.1729339729585,12.9048450100012,6.1082787245364,3346.82574304081,89389.5635611583,2141056232.5773277,2101943760.6001644,0,0,0.27533984749479057,0
27.2204377726023,0.277584309834983,1339.56396598382,329.708394843915,1890.95988326591,72.5018179596572,588.476914663458,3.69101811729427,2.54748078413931,21.001285983256,13.0741506515445,6.0925281058159,3377.71844153623,88634.6180519089,2138031040.9617336,2102143006.8563404,0,0,0.27419973285723687,0
27.2659903348202,0.274894685094561,1353.02401187212,331.23342219296,1910.12824547918,73.2485675072504,594.428189584718,3.66318608370932,2.59412237238689,20.8071235638742,13.2630487132975,6.07586127434066,3410.50124313008,88351.0805526843,2146838823.084591,2102464200.1591485,0,0,0.27458224375602486,0
27.3106093588289,0.272318451466124,1366.66476115987,332.688397653593,1929.60232588709,74.0071598503372,600.371137206828,3.63341557027544,2.6362572720754,20.5908552358353,13.4652832614908,6.05890890898904,3443.64859358491,88274.9695075922,2160531980.2070627,2102961508.730417,0,0,0.27555562519096377,0
27.3523770417255,0.269855625071683,1379.50781158302,333.929436478992,1947.98239390172,74.7238513675589,605.863338534104,3.6051417761195,2.67361438674801,20.3468901362479,13.6705148082442,6.04216973999917,3474.74106763516,88268.9401975837,2174557489.9526405,2103629079.2463586,0,0,0.2765097315657187,0
27.3897336932478,0.26751339687456,1390.73912717751,334.81838204323,1964.11399335339,75.3544801371824,610.529951650968,3.58120791091773,2.70703795946055,20.0670351201293,13.8691648107265,6.02594764167419,3501.75747671983,88207.7152629194,2184727533.4263287,2104447179.5402815,0,0,0.27691398640525816,0
27.4215607807604,0.26527512736617,1400.05154268587,335.281483910111,1977.57282293549,75.8829996240948,614.22219952151,3.5629492137906,2.73831146506193,19.7465107446058,14.0560506830246,6.01022557233156,3523.92533861797,87970.9822637527,2187554138.802225,2105394660.7579,0,0,0.2763757432666111,0
27.4466367397693,0.263111902555412,1407.70371534246,335.321043339213,1988.74560136559,76.3244142794917,617.052155653092,3.54958922752864,2.76885054174892,19.3902842900488,14.2315715377708,5.99479976386969,3541.87033902145,87694.51749415,2186650178.0423293,2106444943.3438816,0,0,0.27617340367685794,0
27.4631990102091,0.260961985909908,1414.29179761869,334.986338849293,1998.50116661153,76.7120650013769,619.291970206382,3.53916275531458,2.7989615782984,19.0133201771108,14.3999350948944,5.97945620216948,3557.05437981344,87445.7978062716,2184424034.165047,2107574966.3781948,0,0,0.2822851810571289,0
27.4695911940454,0.25876584671214,1420.36281625808,334.330905272455,2007.6327003783,77.0762834846797,621.194630239271,3.52992667291631,2.82865836921841,18.632719053554,14.5654489329922,5.96401979372879,3570.82317470698,87243.8952329964,2182049308.042693,2108748465.4410865,0,0,0.3019877206891584,0
27.4653187280051,0.256491816027477,1426.18549973075,333.388019604695,2016.52430754637,77.4316868747159,622.887855143151,3.5209992265915,2.85791572704308,18.2598517910966,14.7303052465469,5.9484192003744,3583.83983894738,87097.0551311604,2180102226.624391,2109910788.3892748,0,0,0.3370945716852021,0
27.4519611066168,0.254130424328211,1431.6029163252,332.129617358946,2024.93835108108,77.7691448680658,624.307678545755,3.51271141691745,2.88673593088379,17.8959524821558,14.8944219442692,5.93268332409574,3595.70447488527,86985.7738278914,2177890845.947823,2111035879.7279797,0,0,0.38141372937855245,0
27.4331045143076,0.251686815335189,1436.04475190016,330.449886380099,2032.03620822742,78.0566006927955,625.204369059935,3.50669217680507,2.91509718101938,17.5330934615496,15.0562956081571,5.91690512836188,3604.97412450321,86897.3988457598,2174296783.0288744,2112109891.5601652,0,0,0.42247891654529574,0
27.4127934324506,0.249168960010539,1439.13250426882,328.286415729636,2037.24964161666,78.2724607302118,625.407457154385,3.50439454909906,2.94336202927581,17.1600931490934,15.2142770457679,5.90112476045159,3610.68335857711,86722.4373140949,2166055809.461963,2113098383.6712265,0,0,0.45083066792301657,0
27.3939134662911,0.246574084991895,1440.99902967951,325.679983488717,2040.74835280302,78.4234957772761,624.968109590501,3.50603216859765,2.97296498145176,16.7684860012853,15.3680096367111,5.88517267860446,3613.15245428011,86326.1491491505,2150032912.874998,2113948394.5302794,0,0,0.46439932680465223,0
27.3775085958087,0.243897674406708,1442.22344197216,322.759184800296,2043.35272458829,78.5413344403099,624.138130441901,3.51012229804031,3.00501511568291,16.3568939716576,15.5200766120596,5.8687880978881,3613.83248852437,85859.5445370504,2130884066.4076965,2114658929.9380052,0,0,0.46772736063402653,0
27.3630772759969,0.241135526256727,1443.51602874336,319.680843123878,2046.08129134267,78.664975878555,623.234576411555,3.51434961021651,3.03890217425623,15.9310167316682,15.6756394898171,5.8518239501335,3614.51876800471,85493.6044729393,2113912170.744775,2115279781.5428257,0,0,0.46662553079987523,0
27.3490582140471,0.238296208156186,1445.27888399125,316.547320118279,2049.51499870178,78.8164178433369,622.443574989181,3.51702021011259,3.07249319392541,15.4991487176906,15.8390388264033,5.83437761440438,3616.24563419034,85412.5179214743,2104265273.5858762,2115914757.706606,0,0,0.46551538559254646,0
27.3325506695005,0.235400014060547,1447.36665779442,313.359994449912,2053.44802362192,78.9873661484883,621.711447443366,3.51810547202884,3.10314237764777,15.0673143453923,16.010138542641,5.81682878360212,3618.67958465686,85634.6458649633,2102209614.0021105,2116673373.6402197,0,0,0.46609876778057574,0
27.3091249713222,0.232467713524395,1449.14854416104,310.022950209164,2056.97519802231,79.1427875256752,620.768653988775,3.51940360395883,3.1294571580094,14.6359676834395,16.1828635851801,5.79967243109517,3620.2650447333,85995.3849430641,2102840846.411567,2117592888.144037,0,0,0.4678242735487723,0
27.2739163747352,0.229510877169346,1449.8666633844,306.403399598761,2059.00620244132,79.2407387505298,619.288658618367,3.5232708606194,3.1514087148361,14.2005938526765,16.3476882706098,5.78338967634062,3619.11591239032,86414.6536431704,2103137869.2304382,2118666223.071266,0,0,0.46999724248845337,0
27.2230832717844,0.226527905165513,1449.07140138046,302.416552959626,2058.88979147217,79.2562636820061,617.081265347204,3.53112576861741,3.16902809723085,13.7555458807855,16.496182385509,5.76840819256212,3614.10683192181,86916.5952165182,2103005640.8507164,2119888613.1336515,0,0,0.4723928390069747,0
27.1548128545019,0.223510688581728,1446.75220920874,298.06046247503,2056.60382723225,79.1885887766021,614.150068029073,3.54308192124495,3.18191454048605,13.2970920855516,16.6232946413196,5.75505691662759,3605.20993606427,87524.253895432,2102896855.2460048,2121269823.028313,0,0,0.474918669228127,0
27.0706165231333,0.220454491845747,1443.16053365326,293.394059021069,2052.50821910564,79.051577172019,610.61615570177,3.5586704063499,3.18995901256078,12.824170113731,16.7266183118754,5.74350437224337,3593.06811834415,88138.4090782146,2100724928.7034209,2122788920.7519238,0,0,0.47697260978837014,0
26.9760023936366,0.217365138397955,1438.67298900422,288.515004136508,2047.15182793467,78.866290251003,606.660039254814,3.5770924263312,3.19356986360413,12.3383538599045,16.8054874603732,5.73377452246896,3578.65991122913,88710.8684474648,2095917641.4675665,2124413411.3086898,0,0,0.47833371842942474,0
26.8785248213704,0.214250880356006,1433.68140219537,283.526267863529,2041.10956270039,78.6547982465486,602.469652305457,3.59757617880849,3.19387016937839,11.8431264556341,16.8611118343314,5.72570476396523,3563.00810628621,89101.8510364081,2085852638.111534,2126072304.199991,0,0,0.4783236418821764,0
26.7845204484687,0.211112609439647,1428.57703467868,278.516526247803,2034.95183971396,78.4391401305133,598.22453886829,3.61959110966808,3.19338766216702,11.3433835407362,16.8973291327368,5.7187974214626,3547.11522718937,89126.5372683846,2066966162.875924,2127643945.3676336,0,0,0.4760927645561671,0
26.6962515349733,0.207943958959712,1423.94990122263,273.589357500682,2029.52324637688,78.251993449655,594.179245890191,3.64165499047985,3.19432219440411,10.848140694216,16.9220039492054,5.71237780901574,3532.44615403148,88940.3099174474,2043902744.8003082,2129071502.2145002,0,0,0.4727370859812975,0
26.6118898383993,0.204731124033042,1420.51822230388,268.853930329745,2025.84336097267,78.1327745985456,590.635093346937,3.66153670151963,3.19748770883482,10.3707258220759,16.9460814461305,5.70578413678221,3520.75823028419,88627.3058965463,2019675204.6489959,2130341893.6234608,0,0,0.46897924815682174,0
26.5286815468763,0.201470846085511,1418.65614160477,264.356767811128,2024.43724287549,78.1017294930288,587.745475202697,3.67734021799987,3.20194482960096,9.92407201945162,16.9793918895769,5.69863588502071,3512.95125948708,88518.8114121712,2002318537.079023,2131449240.0892715,0,0,0.46670519161326884,0
26.4454726189092,0.19818265376602,1418.14769193952,260.059115100763,2024.98468771076,78.1462574539864,585.421786493146,3.68817067362478,3.20364038277713,9.51827304779223,17.0261029408817,5.69126975157461,3508.48058797184,89036.2848625527,2000916376.4420314,2132353760.4133599,0,0,0.4680678336669421,0
26.3632092328795,0.194896742284784,1418.0540059773,255.824067639797,2026.12951468149,78.2138896123607,583.277954185702,3.69623247793594,3.19941243295793,9.1599001568361,17.0804718844783,5.68442102971659,3505.03608071942,89749.7773880007,2004408489.4412458,2133017778.3264482,0,0,0.4705109896822762,0
26.2844590384196,0.19165244979638,1416.99560425991,251.463427199051,2025.88111005552,78.2279971653369,580.751980731373,3.70562510868408,3.18932517673564,8.85372703736685,17.1284496474567,5.67883411276171,3499.23859298139,90433.0717064796,2005945983.526538,2133434450.5648634,0,0,0.472430250309298,0
26.21253062978,0.188494647359138,1414.05447851283,246.876064887721,2022.90597056023,78.1372350293103,577.489524410899,3.7182901575072,3.17214928871699,8.60633244123729,17.1569867986687,5.67540955723127,3488.86103059165,91432.3587400485,2012032290.8673644,2133695697.465431,0,0,0.47534850474984647,0
26.1515428838927,0.185476058726662,1409.02637191452,242.073241366961,2016.89118504796,77.9292533661407,573.45649555077,3.73305336782638,3.14229453491604,8.43324630908893,17.1580893301097,5.6754285317309,3473.44459823373,93213.6196428577,2032472903.314655,2133986229.9576962,0,0,0.4815731093907833,0
26.110326040492,0.182645200843894,1401.62837365349,237.038288616711,2007.40684307974,77.586987609995,568.637207199057,3.74954742096598,3.09350605229747,8.37588383289307,17.1239111077058,5.68036705455527,3452.35170767573,95244.204071532,2054977639.407683,2134351237.525801,0,0,0.4874449571453786,0
26.1050032560093,0.220353316238721,1390.98018524396,231.646712368418,1993.11376777624,77.0369180226581,563.023487675169,0.159311905164337,2.83016504821059,8.62730057892024,17.1234209331932,5.71380379329142,3423.54880987061,97268.4268062864,2072969902.470815,2134751151.9469817,0,0,0.48798109856156113,0
26.1604577323174,0.590062473414043,1376.06542495377,225.876098341096,1971.67699624193,76.0871119090259,559.844680811579,5.85244439009271e-15,0.706022421322699,10.1377818711169,18.0353407752209,5.95415620051467,3385.91678271529,108343.905959548,2277412960.8837447,2137084098.5700767,3,2,2.431776652379892,3
26.2877385863388,3.82511385055737,1364.458333735,220.821754503564,1954.26351610845,75.3822914195799,558.437580480237,2.86134860540748e-17,0.0101522024891463,11.6454797621861,17.7651491349735,6.0734037646564,3356.22044386419,109901.521867788,2286238505.662234,2139241916.8842,3,2,2.520954118167305,3
26.4653231719705,10.6127756003692,1354.27187801269,216.524067190935,1938.82187468243,74.7818132720231,554.730115921036,4.67144513506875e-20,3.94962200576762e-05,13.0773281021528,16.9900357312222,6.12363336300692,3328.65048663198,111340.939470321,2296559932.588313,2141263179.634324,3,3,2.670955548888259,4
26.6575483910174,17.853459923251,1342.13738636694,213.134760012941,1920.68520762276,74.0645307327261,548.835155360171,7.948373333326611e-24,1.66681559260729e-05,14.503562995928,16.2775179222058,6.1651580411012,3296.44857498141,112696.72609429,2305239434.955116,2143183607.0699914,4,4,2.8089368840988733,4
26.837861949922,25.092596686834,1328.52254102628,211.205227585775,1900.30329715784,73.2432251217835,541.901903503699,8.01049873673813e-26,1.24781576652139e-05,15.9143515145444,15.5943982201061,6.20320138321248,3261.48660970404,113458.909869613,2304442079.2408175,2145069640.5009232,4,4,2.9225141515756534,4
26.9947065797017,31.9078095375292,1315.1747023031,210.948764156374,1880.08875963737,72.414112760612,535.254984011706,1.771890847177e-28,8.18956197903129e-06,17.2760144588068,14.9472508146856,6.23866658810284,3228.29500996412,113249.137256672,2289497597.170543,2146987735.1502707,4,4,3.013660536148925,4
27.1244784497627,38.0892513318782,1304.16236395508,212.180808410769,1863.00346484009,71.6978018336214,529.894811387062,-2.4877795728834998e-27,4.51307912834098e-06,18.5271761446228,14.3594496993597,6.2707273194201,3201.66987947983,112720.449282971,2275342291.23975,2148954947.400139,4,4,3.094925011569736,4
27.2255310821509,43.5824307213983,1297.13509350668,214.570560904671,1851.43588278076,71.1918163344142,526.397481404084,-2.25898740204777e-26,1.97946398407699e-06,19.6030549851252,13.8471364079219,6.29859690902456,3185.1902894788,112056.044705502,2266114672.9073277,2150971346.900525,4,4,3.172512972847333,4
27.2983140050058,48.4439757671552,1294.47190184097,217.818561846049,1845.95257624695,70.9206998945686,524.762919196642,-2.83321232434628e-26,5.7144795841191e-07,20.4749521691513,13.4098944425726,6.32232753231199,3179.44952437749,111358.51907737,2263057311.3084855,2153088397.479883,4,4,3.2472981181257654,4
27.3496871073833,52.7895123820077,1295.49130756172,221.678444691145,1845.61138615333,70.8488350820242,524.601020667865,-2.3861281874799e-26,1.0842859924724e-07,21.1556830063192,13.0353824047901,6.34265503091798,3182.63497724465,110710.934093786,2266204867.2505155,2155390408.4501505,4,4,3.3174671285074067,4
27.3997330186427,56.7330058769073,1299.05954216139,225.836261883444,1848.86940961632,70.9171037964099,525.412168008166,-1.82585263845274e-26,2.37197336767014e-08,21.6796455470206,12.7075858729647,6.36055719449316,3191.91493668535,110049.655752702,2272042111.578537,2157869857.418593,4,4,3.3786309768967913,4
27.4761464292472,60.3599147726349,1304.1023352177,229.923863084046,1854.30251254948,71.0711431507635,526.770114455601,-1.45360061737487e-26,5.8834506606999206e-09,22.0831036515843,12.4122541214787,6.37691032898254,3204.61722576291,109382.715869296,2278473178.1052327,2160488228.474623,4,4,3.428791793940258,4
27.5967430418756,63.7339239913378,1309.90868943163,233.70151929588,1860.97099058452,71.2748277632901,528.405765649165,-1.2455973143921001e-26,1.4676939348374902e-09,22.3941588987975,12.138995806719,6.39232991725174,3218.98647151937,108736.284061793,2284613508.3164544,2163205406.3103886,4,4,3.4690268584261656,4
27.7596345515891,66.9117361360351,1316.10135105418,237.122402027144,1868.34611870126,71.5073284441065,530.18180688431,-1.11555612401506e-26,3.68242988044375e-10,22.6330081158651,11.8807169764108,6.40719780948991,3234.12611737106,108132.212649509,2290469435.529966,2165988914.0899057,4,4,3.5019897275572087,4
27.9414005729154,69.9500692359854,1322.4708661789,240.267397940782,1876.0891670346,71.755152355852,532.025961411864,-1.0092599711038e-26,9.346270177170679e-11,22.8166772428561,11.6323415979638,6.42175308937068,3249.57839522853,107592.656717001,2296636437.367139,2168814587.197102,4,4,3.5302596134444713,4
28.1082249580677,72.9008043277948,1328.85013122054,243.244587617751,1883.90742495762,72.0069359685284,533.880587987828,-9.08553784763258e-27,2.4006818184290297e-11,22.9609887702266,11.3899958601894,6.43615738059111,3264.98995997323,107129.098520299,2303610168.3320737,2171667649.7271576,4,4,3.555268609334569,4
28.236056644283,75.7995622499336,1335.06505501594,246.112470911084,1891.51498496457,72.2517564712504,535.682299595473,-8.12714204725176e-27,6.23011002254599e-12,23.0784440034845,11.1507004320585,6.45052277408356,3279.96814027521,106752.319417681,2311699203.475139,2174527727.3511777,4,4,3.577421160081806,4
28.3186575712867,78.6564706475834,1340.93621893262,248.85475876391,1898.64176038248,72.479345227896,537.362436836172,-7.24740511590341e-27,1.62952116221835e-12,23.173912044622,10.9122921928824,6.46491991271597,3294.07188744677,106466.296330251,2320804259.968647,2177365687.045954,4,4,3.59641781538821,4
28.3627128327286,81.4494131321852,1346.29538543024,251.381859607567,1905.04391284584,72.6806305588389,538.854234866585,-6.46187713643495e-27,4.28199450718463e-13,23.2385377507258,10.6733829145915,6.47938114123113,3306.83948640322,106253.8075932,2330095344.371804,2180155269.7536216,4,4,3.611414644972651,4
28.3801261351075,57.6595226166853,1349.69524344099,252.843831940642,1909.76436014869,72.8445840716714,557.986414661596,1.08203132016941,0.248152399452778,23.5962155822059,10.5657631533389,6.49927276019717,3326.36780702925,96878.6578287157,2133029868.7995286,2180696309.4093733,1,3,1.5651141332078649,2
28.3901879852331,21.7579440834787,1346.23964125632,253.26823173354,1905.29680290056,72.6979763238461,582.22639975025,1.69615101558319,0.804589130443895,23.8727046067665,10.4688634697994,6.49495595705692,3334.46442677712,96352.9086701581,2120147676.9913478,2180865308.9072185,0,2,1.4565884136201477,0
28.3962374728808,1.76878773348503,1337.52092998991,252.877416789953,1893.05584802482,72.2374886961859,591.99522978405,2.24089499643643,1.21795626005852,23.8116135994977,10.3312808704158,6.48093938614031,3322.02032716949,95088.9430149147,2082544620.5226455,2180437473.5942283,0,0,1.2724434927246284,0
28.3945114481774,0.482931595257318,1329.55843155069,252.309004433957,1881.73830879555,71.8098795817446,587.069914149362,3.07580383855117,1.58851090472508,23.2261668448101,10.1664520263236,6.43606791931258,3302.05778450004,93703.2310094092,2041132933.9857414,2179446522.398884,0,0,1.084268078088939,0
28.3840293985237,0.265595413438556,1326.10478845628,251.975552836031,1876.86692781536,71.6279750306678,583.761601726689,3.44115237743037,1.86252615632324,22.6097426087463,10.0901895742277,6.3974377040593,3292.66439486925,92400.9412668719,2006681451.2191808,2178032167.890972,0,0,0.9394239422961855,0
28.3670133394014,0.239632123333337,1327.89170777782,252.000127784676,1879.57896138244,71.7390329905837,583.164231563296,3.5631704757528,2.07895034916821,21.9719104252176,10.1070721434952,6.36094399292395,3296.20648399728,91304.4009733363,1982754062.261114,2176376501.856332,0,0,0.8368057959442615,0
28.3464398465514,0.228741553898641,1333.93003472898,252.333238618683,1888.46972691422,72.0894419687284,585.088151571998,3.60069073927828,2.2490182614463,21.3370275343298,10.2033874890769,6.32635310995367,3310.47474937473,90513.6505610904,1970377658.044588,2174687379.685079,0,0,0.7649749573596907,0
28.3250764143784,0.22243678439947,1342.66278628037,252.851336672028,1901.30655921616,72.5929873023835,588.793704930134,3.60760344132416,2.38079173070786,20.726432772608,10.3545904633031,6.29419082281965,3331.67173343104,89857.8767054382,1964028316.6323583,2173038843.1027265,0,0,0.7116043183872843,0
28.3054327641434,0.21806070680078,1352.62446295435,253.41976193083,1915.9969070574,73.1691259356465,593.440167368022,3.59999441619438,2.4833662271602,20.1531874666683,10.5370751655931,6.26465552188938,3356.13126753031,89262.7109560893,1960344987.4980662,2171440178.5447598,0,0,0.6694877075649953,0
28.2893203044114,0.214598127886867,1362.8261818777,253.940931343521,1931.1337850353,73.7638603049722,598.368996381463,3.58596381627938,2.56458305124752,19.6226676437615,10.7346649280983,6.23758887412075,3381.3245965896,88740.2827494349,1958404698.9545882,2169836788.396786,0,0,0.6352786171910787,0
28.2773658547732,0.211629663523934,1372.79018421885,254.363360303075,1946.03213334133,74.3509546177062,603.197589664578,3.56950823454991,2.63024894495536,19.1348791187996,10.938802004395,6.2126325569974,3405.983177831,88318.5611774413,1958245375.4654684,2168127166.9066434,0,0,0.6074378886885882,0
28.2686782166019,0.208972411793786,1382.34457436029,254.656063967541,1960.42376328438,74.9201916890561,607.748306981851,3.55239324841538,2.68457467695338,18.6873303978672,11.1456722829343,6.18937917607932,3429.59697450506,87962.9345789964,1958862662.1998522,2166284399.9701185,0,0,0.5846830069363713,0
28.2611084570941,0.206505262845088,1391.429269871,254.787883352457,1974.18036497081,75.4667555457618,611.945841213039,3.53547145356145,2.73064445824325,18.2772534573027,11.353524019089,6.16747956431693,3451.93221811426,87665.1121068056,1959932170.8652103,2164323262.884719,0,0,0.5663279763466073,0
28.2523249342709,0.204157698232578,1400.01625426268,254.736307837277,1987.21675849666,75.9874037944819,615.760034872876,3.51905905106419,2.76998679285309,17.9026622521659,11.5614230005389,6.14676115627433,3472.85311666443,87540.905988836,1963968287.6130002,2162301175.32709,0,0,0.5569309188815641,0
28.2405928384442,0.201950136992322,1408.0027075484,254.495318153344,1999.35490703657,76.4750707060088,619.148899058846,3.50306197157662,2.8020682416309,17.5648899111166,11.7683120271894,6.1273350225612,3492.08576918372,87761.9580009212,1974763483.0051036,2160318487.417747,0,0,0.5672748022058057,0
28.2245477411549,0.199955702226238,1414.74510463091,254.015859388813,2009.66833864296,76.8936274375696,621.848722878965,3.48859006088544,2.82568761951842,17.2750461956552,11.9711598032185,6.10950480755059,3508.08360981936,88237.7461630311,1989660712.7016838,2158436273.582434,0,0,0.5974018946653533,0
28.2022459233399,0.198258590562476,1419.04911577698,253.202049313038,2016.46407627286,77.1771754370082,623.368692372784,3.47848636492692,2.84005551340483,17.0574878661009,12.164103214289,6.09367984758049,3517.99681791331,88907.1074357877,2006029983.7275624,2156675603.068275,0,0,0.6347176404685474,0
28.1701897557601,0.196937684927548,1420.14338984349,252.040853625809,2018.65524079709,77.2828495714382,623.417204298063,3.4744442561835,2.84377388223244,16.9414061004639,12.3402699978016,6.08042988744854,3520.04235847448,89886.1442125556,2025783942.9576743,2154985157.9982033,0,0,0.6686043606869125,0
28.1217770829007,0.196012487523004,1417.94662608817,250.611232383593,2016.13262603903,77.2054244391589,622.004130504675,3.47648756938013,2.83525460163865,16.9457433441617,12.4928699151361,6.07034797462279,3514.12110018952,91168.4438081346,2048838808.029224,2153222952.8946576,0,0,0.693434198659029,0
28.044731556729,0.195394250219766,1412.78056765723,249.019552044403,2009.36064844374,76.9621192417931,619.28494835419,3.48492006933239,2.81592735780681,17.0620552304197,12.6146316653974,6.06358297024474,3501.08215885126,92349.9476098117,2066527627.5976915,2151287765.691006,0,0,0.7051560072359562,0
27.9239803671069,0.195018947119865,1405.36166575924,247.392781059997,1999.36985915338,76.5922652753554,615.552932056801,3.49925197790634,2.78997249112159,17.2518884583528,12.7000776666042,6.05975537987794,3482.69979082803,93355.8241549364,2078027044.6556144,2149141064.9698195,0,0,0.7076577457231522,0
27.7515850824673,0.194911672417993,1396.57046526598,245.854986235053,1987.42044637231,76.1441088796214,611.175477240232,3.51700162889561,2.75966703039809,17.4711299487885,12.7492023259074,6.05848420991736,3461.12895896385,94503.8197771594,2091429802.250979,2146905102.006898,0,0,0.7067298004532409,0
27.5310118699868,0.195131072006312,1386.71281264142,244.440755645685,1973.9396938052,75.6339764566366,606.296838717517,3.53619052218373,2.72380762840432,17.6922070168738,12.7651798747994,6.05975922458658,3437.11201064165,96047.6966506845,2112542172.7487667,2144810877.0230095,0,0,0.6984709075868439,0
27.2739862848489,0.195660924974743,1375.31038127617,243.067577502321,1958.22222552475,75.0353038360439,600.728057824117,3.55812277607452,2.68153885617914,17.899728538208,12.7482840419854,6.06367449858992,3409.45435833721,97672.9064513357,2133533021.0334241,2142920620.5204036,0,0,0.6764423310530162,0
26.9957280329746,0.196465887694652,1361.59726304705,241.588870473316,1939.14584641122,74.3063697246656,594.144958317134,3.58573041262725,2.63423674642406,18.0780050013614,12.6950013703129,6.07017720804906,3376.22667892295,99227.9481389543,2149750144.4935617,2141205382.6432574,0,0,0.6444863158554578,0
26.7107623113649,0.19740716139874,1345.35836502978,239.897709120625,1916.38799440841,73.4365111192534,586.447015055797,3.62182965090612,2.58670112816136,18.2079281923091,12.6040446422633,6.07860960694698,3336.82649911874,100020.414414572,2145647906.4008405,2139485325.361654,0,0,0.6065138348403502,0
26.4322468609781,0.198258643586546,1327.68261460324,238.03161389456,1891.51447107782,72.4872511756726,578.083813714973,3.6665873029683,2.54799027720283,18.2723377727276,12.4843834364868,6.08722201230665,3293.83732893631,99508.6798440846,2111316503.9205468,2137492261.7528372,0,0,0.56662886727988,0
26.1724099155498,0.198953409554153,1311.0533245455,236.243817800794,1868.0869692886,71.5953428852311,570.124817533713,3.71293782355229,2.52298610726287,18.2719458905756,12.3585086480554,6.09423817932624,3253.29149951807,98622.164251401,2070434843.5960097,2135164937.875211,0,0,0.5333960059829903,0
25.9408826501285,0.199454947268188,1298.1072255697,234.872993556947,1849.87347639731,70.9042484280233,563.723119323821,3.75160706265755,2.51042129227868,18.2244983481834,12.2527920392707,6.09858653357715,3221.64282560062,97657.0166825227,2033038627.8592498,2132531287.811965,0,0,0.5073441836281943,0
25.7419000347111,0.199758443743514,1290.16331595794,234.117410083322,1838.75491224191,70.4850205686415,559.459041427893,3.77720957784419,2.50772603896809,18.1482171483107,12.1838880564318,6.0998360648259,3202.13918342128,96867.5292121746,2006214602.8321805,2129776783.2537682,0,0,0.487792578215816,0
25.5753008673952,0.199892017571696,1286.99367757948,233.970468049199,1834.40627630633,70.3245332058961,557.242075378149,3.78901629232501,2.51128473630636,18.0545353859662,12.1550092891186,6.09832805987146,3194.24508437066,96453.8562348022,1993671887.1185825,2127184193.9189625,0,0,0.47416840232599733,0
25.4421193312734,0.199829864696951,1287.33594659969,234.245440409303,1835.04179589843,70.3541796684272,556.525841088453,3.79060726972671,2.51863344849107,17.9469842950286,12.1593394232032,6.09469617793439,3194.8720587115,96116.3100408827,1987325665.6832523,2124812859.265721,0,0,0.4638440558825898,0
25.3471182407632,0.199536705998932,1289.62995767595,234.666131040079,1838.46776954345,70.4901125510537,556.625360971521,3.78699420411509,2.52921703607196,17.8241377188362,12.1861252286875,6.08947447318834,3200.17611460587,95764.2445310573,1982947751.9284625,2122629407.4620295,0,0,0.4555121804378438,0
25.2950040533275,0.198971036592635,1292.74911147343,235.007957615752,1843.10986244407,70.6724288311234,557.037066466189,3.78211908558182,2.54357178928192,17.6830377048722,12.227146606981,6.08291986792954,3207.36666955849,95193.6942382737,1974549902.543797,2120507605.4261675,0,0,0.4475703329387379,0
25.2861685257308,0.198092017566924,1296.29674157529,235.170240095965,1848.42442891086,70.8809430499678,557.566575057545,3.77797656608252,2.56369423295175,17.519906052599,12.2797567325448,6.07482457399719,3215.44518475377,94237.138741772,1957947459.7367218,2118262639.4841301,0,0,0.43889803671555755,0
25.3153583892392,0.196924369126551,1300.57646841629,235.185682972737,1854.85160373939,71.1332436918526,558.324473090196,3.77350865424927,2.59060698841604,17.3316993380362,12.3470744526959,6.06484981808219,3225.1434107303,93230.1168216719,1940454718.5115347,2115835447.0097644,0,0,0.4309658448337746,0
25.3738688088855,0.195533098388997,1306.18028399574,235.157667841996,1863.23079541717,71.4620915578277,559.551447035571,3.76625669801248,2.62341874588863,17.1171052491848,12.4347390963925,6.0528098092594,3237.9145146744,92298.4158915457,1925510363.1714566,2113230803.564604,0,0,0.42434121892151355,0
25.4532084437728,0.194002493993619,1313.41641936459,235.167380196997,1873.98933255438,71.8840800165775,561.372833546253,3.7543633500305,2.66008493986382,16.8776984162873,12.5459765392496,6.0388121448338,3254.52643602838,91656.0326023572,1918074903.382926,2110566810.0186317,0,0,0.4199222266487837,0
25.5464210601469,0.192408022054507,1322.06006321096,235.22715305185,1886.78690610424,72.3858536884004,563.695259079829,3.73741434108281,2.69692514484549,16.6182381853161,12.6791081786917,6.02345508413567,3274.44456276332,91508.8401894436,1922325557.6044846,2108057366.6866503,0,0,0.4184145784312081,0
25.6452263957619,0.190775437571847,1331.29776584296,235.245353074306,1900.43705417336,72.9214721165623,566.171345590361,3.71773536357031,2.73115697480555,16.3413283540788,12.8265051843207,6.00751381963289,3295.66929734045,91559.2602560258,1931084176.481471,2105765341.6886837,0,0,0.4180793547856021,0
25.7382397367837,0.189109252791152,1339.99808470944,235.049453329027,1913.29744252165,73.4277209233159,568.310300015839,3.69908939687571,2.7622814358824,16.0442530403349,12.9765613422269,5.99164249229524,3315.38880001899,91673.3661833072,1940019490.0889022,2103671208.9544294,0,0,0.417881835072155,0
25.8145848486706,0.18738944885995,1347.28918083218,234.483747569221,1924.10554186115,73.8562316118445,569.729422847328,3.68482143635927,2.79171380315374,15.721987503919,13.1190726695426,5.9761601042879,3331.41963055516,91552.0441031694,1941534855.0857573,2101624373.684888,0,0,0.41616495715887786,0
25.8683358965165,0.185584906145486,1352.9756294801,233.493749737893,1932.58667298941,74.1968049682415,570.334266508289,3.67663123022993,2.82329892269239,15.3708851366715,13.2497994198065,5.96075166926302,3343.26058557484,90905.434103615,1929119260.4782882,2099356461.5744057,0,0,0.4115944498595095,0
25.9004919067774,0.183696842571544,1357.72551541363,232.185344711076,1939.7226180857,74.4872918636138,570.410389881862,3.67256508981377,2.85961774490356,14.993403421441,13.3732466621086,5.94484882589446,3352.58376961385,90134.4367835137,1912224572.676171,2096769926.079292,0,0,0.40625506389330385,0
25.91684528508,0.181745259101174,1362.68675118249,230.774709661572,1947.19148889703,74.7918824523977,570.458540381225,3.66870339010781,2.90024343189779,14.5976930202736,13.4996599362317,5.92801627018845,3362.28521606954,89405.6149175839,1896085457.5743244,2093869175.742018,0,0,0.4012596896217966,0
25.9235918900106,0.179756081119115,1368.71075989839,229.443506596636,1956.24039208522,75.1581351249056,570.850609430778,3.66231293419174,2.94446055573493,14.1920010207376,13.6376529305763,5.90993474580499,3374.53135078892,88689.3627750118,1881359165.195691,2090709088.5729487,0,0,0.3967149357870841,0
25.9245495147083,0.17774891703365,1376.04466428909,228.263108922721,1967.23615586508,75.5999835319093,571.695738617711,3.65267640439235,2.9922837368619,13.7816566146789,13.7908122060577,5.89043185516257,3389.9701600935,87924.2831312611,1867143109.1454668,2087371473.680691,0,0,0.39297518071000814,0
25.9206496172583,0.175726084841573,1384.55720894655,227.213042886795,1979.99233812663,76.1103922030869,572.939625066741,3.64010039108015,3.04371542323159,13.3694523352961,13.9593044198982,5.86950430911982,3408.28063275637,87175.3457501263,1854614551.0317595,2083912769.2326643,0,0,0.39598451510159016,0
25.9108806729619,0.173670817880366,1394.0253166227,226.230620645146,1994.1866735762,76.677329038182,574.487564747492,3.62513033187504,3.09825209382385,12.9568603208475,14.1423206839207,5.84726002412802,3428.88991310172,86477.6326854684,1844132439.5253465,2080368065.121834,0,0,0.41469458247762203,0
25.8937639761875,0.171564405218081,1404.12365645972,225.234003604309,2009.34889542981,77.2830756922396,576.201233290395,3.60848655216755,3.15505221198134,12.5446531440787,14.3387932333577,5.82386062007854,3450.9692189851,85884.923195569,1836335963.9654157,2076766884.4543626,0,0,0.45186593272694586,0
25.8685828080949,0.169399218583547,1413.95409291147,224.071096781353,2024.18600819347,77.8780709201604,577.707436149598,3.5924102405855,3.2134118974553,12.1332930188208,14.5467791749553,5.79949516303665,3472.29527729059,85350.5763696132,1829066300.4901702,2073110260.2237978,0,0,0.4970537781861281,0
25.8368713813861,0.167183521323708,1422.44390824847,222.589491473966,2037.15261935296,78.4028050568946,578.563066930712,3.58002214793743,3.27317692233547,11.7232982317015,14.7632317817424,5.77433802642657,3490.23492566926,84814.4372788375,1819744508.0308175,2069379569.2038288,0,0,0.5352471699178958,0
25.8032409489066,0.164933241232888,1429.15597148039,220.750729438968,2047.6136528765,78.8326281788509,578.588374717718,3.57274033182457,3.33418918652358,11.3156231894012,14.9855285501804,5.74854466669418,3503.72821550051,84295.2837119371,1808341450.1986725,2065567534.4868476,0,0,0.5591108015445375,0
25.7735716594915,0.162663047134157,1434.32278329646,218.618879029004,2055.89523260846,79.1798139184726,577.881245437076,3.56995034667187,3.39575973743711,10.9115177679996,15.2126232836857,5.72226505508312,3513.36172754177,83852.2841351157,1796528885.2449586,2061718295.6929207,0,0,0.5696272790489817,0
25.7521332997546,0.160383979769919,1438.43531289632,216.290061847329,2062.69575671452,79.4709575848827,576.648060343217,3.57017801960105,3.45665268279181,10.5119674024061,15.4444250246628,5.69568020858336,3520.35393775288,83550.560501531,1786381443.4082963,2057930259.5526426,0,0,0.5716224137953139,0
25.7394675840101,0.158102318207008,1441.86244072667,213.834031174497,2068.54057573849,79.7260275780695,575.04590408432,3.57241379887576,3.51585426542809,10.116525624555,15.6801495014154,5.66898239395447,3525.62023483103,83330.5564908182,1777108721.364325,2054245099.7084405,0,0,0.5692098865563988,0
25.7322183618586,0.155820143353525,1444.73374374187,211.277896769883,2073.61406261448,79.9519044051229,573.13404157855,3.57642810995727,3.57299977724081,9.72287969177299,15.9175857426172,5.64235425199312,3529.48630026863,83153.586645554,1768052597.472329,2050642395.820186,0,0,0.5652049254647994,0
25.7252918162213,0.153536445334446,1447.05601909205,208.626033205795,2077.92575833382,80.1487662165581,570.92229188586,3.58235704281559,3.62797604106399,9.3281248245862,16.1540476127274,5.61597269201726,3531.97517482534,82994.8061527206,1758692910.6946926,2047042683.7067363,0,0,0.5609634344405341,0
25.7143442983109,0.151249416950372,1448.84801615824,205.882941200032,2081.50208842024,80.3175000481486,568.425399201207,3.59031259990904,3.68075565994416,8.93014245394923,16.3875134692399,5.58996880290134,3533.13779519887,82837.7875703402,1748705307.6677,2043360347.182419,0,0,0.5568244369366789,0
25.6967981472232,0.148959981001915,1450.19097070459,203.063789779918,2084.45635637872,80.4623840606024,565.683833838821,3.6000514387076,3.73082324303529,8.52872617297552,16.6171733651131,5.56447743823891,3533.17687411665,82773.0231289862,1740100350.3884242,2039581800.3488448,0,0,0.5533126645488119,0
25.671225792241,0.14667315078751,1451.16984252195,200.188682102145,2086.90264885632,80.5877498322647,562.740029061583,3.61120764354771,3.77700040327098,8.12554694606724,16.8427473138166,5.53969867780472,3532.30355533096,82852.4717159235,1734065902.4771714,2035737300.695165,0,0,0.5505195625944567,0
25.6360760693222,0.144397832251078,1451.75654750042,197.267499774776,2088.78887596224,80.6915415373864,559.591182598246,3.62377452340548,3.81808379236296,7.72283519154764,17.0628279080509,5.51590041592774,3530.45365371755,83077.3266170163,1730588924.1535532,2031857959.8962362,0,0,0.5481919389295554,0
25.5888807162884,0.142143362135393,1451.77587275911,194.29260196049,2089.85069319676,80.7635374843419,556.176169694769,3.63834937438546,3.85354823402642,7.32207519567051,17.2740065741264,5.49336980855507,3527.20557168765,83354.5954131888,1727529873.581155,2027947887.1705608,0,0,0.545510705917182,0
25.5266631097708,0.139913872518159,1451.02298709686,191.247438011801,2089.7845594238,80.7920222246462,552.422845174893,3.65580330730834,3.88378204920908,6.92366371607054,17.4718880133633,5.47232404194669,3522.06547937617,83589.0137017722,1722688312.3681376,2024010005.7504015,0,0,0.5417534001382088,0
25.4475167763154,0.137704777605619,1449.45959761929,188.126225745772,2088.53285418042,80.7747529167983,548.325203902467,3.67657971697048,3.90950771128804,6.52775190795716,17.6535290134805,5.45285234590411,3514.94270125661,83744.8975060672,1715296256.9962053,2020045199.662158,0,0,0.5367337961233782,0
25.3520776994558,0.135505595957796,1447.32042314127,184.949256156577,2086.43665172192,80.7248358036242,543.98236998632,3.7003248609143,3.93124915425679,6.13507201636816,17.8191434709359,5.43488973143802,3506.40762105408,83827.6886490252,1705743463.8414538,2016085729.0968447,0,0,0.5306725346624446,0
25.2433896403669,0.133307180987302,1445.05039699394,181.762144225907,2084.14213922942,80.6671069062384,539.571283864297,3.72595153866912,3.94896891760111,5.74720394274676,17.9718442635572,5.41827876586979,3497.53990717921,83904.8856244856,1695918970.8034256,2012220654.179423,0,0,0.5242525044457006,0
25.1247127371018,0.131107954153697,1443.02130444103,178.608327892245,2082.18876557462,80.6222296640893,535.23757954231,3.75240380429002,3.96209050285385,5.36620200566893,18.1156627137182,5.40287976947827,3489.24384946753,84029.6241724256,1687322027.620622,2008506271.708801,0,0,0.5180026778629756,0
24.9969275049787,0.128915367089735,1441.31168125554,175.505890679772,2080.68987499924,80.5943834847573,531.013195328913,3.77943478468229,3.96996126382997,4.99389167964413,18.253142603891,5.38864721438219,3481.71713627681,84215.4707684985,1680322542.4179657,2004971348.1438944,0,0,0.5120950287996078,0
24.8577976324979,0.126743330768031,1439.75755113146,172.451277398675,2079.40512741271,80.5740067041141,526.839648501208,3.80719202835248,3.97107804745785,4.63232992101997,18.3842913246765,5.37580345720729,3474.57349786368,84644.3162821226,1678361431.3533814,2001596794.9592526,0,0,0.507628817700491,0
24.7027204866043,0.124608392541636,1437.99730601799,169.42093282882,2077.80413448701,80.5401819104543,522.591900924701,3.83581386521369,3.96184773299494,4.28594268142475,18.5059210682873,5.36506027898226,3466.95150326559,85571.8621166331,1686027314.696363,1998316700.5660684,0,0,0.5060212696606612,0
24.5262870146262,0.12252328307572,1435.36249464553,166.356195782053,2074.90789154876,80.4547609904326,518.044103021485,3.86655525193688,3.93915807877764,3.96379031682533,18.6095809650889,5.35739531688173,3457.2523638803,86702.4911284727,1696628939.7564414,1995110663.590185,0,0,0.5053217668132925,0
24.3248996871186,0.120494729690196,1431.00659866216,163.175290900797,2069.47595815067,80.2698336913848,512.924417758749,3.90088380576517,3.90226648564613,3.68114311409781,18.6827687097495,5.3537290398506,3443.45407214467,87830.6931374723,1705142266.1824496,1991977291.5345175,0,0,0.5042010241991568,0
24.098982635886,0.118524460167795,1424.48020903833,159.835529669354,2060.84303266724,79.9599843717935,507.122296060824,3.93794452851611,3.8510202818796,3.45656101210569,18.7155800833939,5.35476829099981,3424.49789565382,89043.8001507573,1712723722.52695,1988859493.9476383,0,0,0.5032375574978518,0
23.8524648602968,0.116618687711301,1416.06091773246,156.376532524127,2049.40175910411,79.5409195930136,500.798465824505,3.9739083816357,3.78506063089169,3.31087921622168,18.7048644303597,5.3608559040091,3401.08672372126,90429.7806390554,1721338568.5264578,1985618511.2935944,0,0,0.5032096372523928,0
23.5913768996955,0.11480569321148,1406.39827472797,152.905259050674,2036.09217869232,79.0499458489252,494.272415387036,4.00292711833793,3.70501115744197,3.28173246189073,18.6537734625707,5.37187195012146,3374.86166269105,91712.3703704419,1726618728.6025393,1982198105.9727075,0,0,0.5029888759462953,0
23.3240200191738,0.113149269069675,1396.0226285207,149.554639154711,2021.68922772382,78.518520084374,487.86468592818,4.01767568947581,3.61261111500324,3.43304353711573,18.5708006910352,5.38730984467807,3347.24023320191,92890.8957541993,1729661567.7411814,1978621977.4859407,0,0,0.5030135950032425,0
23.0601765076846,0.111731569203014,1385.32574902477,146.452421442455,2006.76724829303,77.9702092735125,481.855453969257,4.01321581110118,3.5085909974868,3.83270865576165,18.4667379991882,5.40669211625002,3319.31976193782,94324.8781047409,1738125775.0808723,1973004402.6338272,0,0,0.5054105254909372,0
22.8082896233715,0.110666589165579,1374.56076749349,143.731408243173,1991.68510293499,77.4187481641478,476.4303873245,3.99175278883773,3.3905862133393,4.52622855317835,18.3468098468299,5.4302501386394,3291.83732643715,96372.3193556154,1759230960.0695987,1967514740.7005708,0,0,0.5116964948759317,0
22.5759838789056,0.110201786152783,1363.2530864412,141.591318358393,1975.70876384067,76.8328931741948,471.427638942878,3.96356250873506,3.25781453876958,5.5165375016807,18.2024056369034,5.45869941496513,3263.79892349589,98555.5429581098,1784255950.21988,1962178240.8842328,0,0,0.5163880141290236,0
22.3726759860095,0.110778837011599,1349.88345299805,140.308033912117,1956.54927429278,76.1188571768501,466.227264305135,3.94101248126706,3.11543807227137,6.75621683761781,18.0138035870519,5.49244041836218,3231.74952726686,100653.278213973,1808416407.164473,1957003001.0114136,0,0,0.5102284421456671,0
22.2085531939599,0.112825323038253,1333.21947390116,140.133806880217,1932.34413220062,75.1999034461071,460.269318407751,3.93215242558044,2.97397524774625,8.1648285714579,17.7663366225186,5.53070198975716,3192.86779341673,102121.438777501,1821337946.6297116,1951970666.2967148,0,0,0.48654882054438114,0
22.0902838356725,0.116335909840669,1313.72240867029,141.156121291364,1903.75805647401,74.1006727401869,453.574396812946,3.93882935793015,2.84731098587812,9.64185999972106,17.4650065136123,5.57094191491605,3148.1996952014,102545.976098999,1816369482.92899,1947042248.440032,0,0,0.45024136916956425,0
22.0165641531499,0.120788082283577,1293.61934479373,143.260424134528,1874.09921851903,72.9518156299832,446.776938247407,3.95646376761287,2.74403902854667,11.0701449628737,17.1357071274072,5.60999310298094,3102.81378719195,102615.230628162,1807592555.155255,1942169855.355818,0,0,0.4140558173593497,0
21.9792794047546,0.125619067191238,1275.58233101033,146.235941391593,1847.35414527381,71.9117414274429,440.677836484249,3.97773973832041,2.66473667042119,12.3362308011743,16.8106689384075,5.64540451833688,3062.7773542745,102535.580876608,1800485476.7667606,1937319551.229354,0,0,0.38490943246017456,0
21.969298760837,0.130418802155216,1261.2259495398,149.87242222233,1825.94945251235,71.0778417559544,435.750620747413,3.99774050968592,2.60840965902718,13.3669155397291,16.5125593936823,5.67563206691953,3031.70569085317,102024.408798608,1790889903.8404598,1932401140.7348955,0,0,0.36295611385605336,0
21.9808384350714,0.134872934010058,1250.98495517349,153.97321826099,1810.5559322075,70.4783207197807,432.110240050043,4.0149027656194,2.57520546769733,14.1436155869752,16.2532040484243,5.69978886515363,3010.47721748038,100883.140639256,1775035494.1749167,1927284793.0986912,0,0,0.3455758822055292,0
22.0128321465411,0.138795065576392,1244.94348257171,158.333108447716,1801.30220831631,70.1197244974183,429.78614037447,4.02736982309782,2.56346201454478,14.6940506058336,16.0410718480285,5.7175626624835,2999.14080560237,99585.6401925649,1760615683.6786504,1921957434.474734,0,0,0.33217186776895286,0
22.0667020445249,0.142100618280047,1243.16225352988,162.755588674379,1798.26672404406,70.0063400484766,428.809924449682,4.03279647092835,2.56943971252752,15.067432584336,15.8832849402217,5.72905671368664,2997.68826475581,98286.0964227147,1749790654.1095424,1916450324.8497791,0,0,0.32177669781254054,0
22.1425130350065,0.144817570858386,1245.3847392625,167.11106826637,1801.06403606543,70.1237874682907,429.101344773995,4.02985608281039,2.5892927518067,15.3078743792673,15.7817535518906,5.73471319542123,3005.42103335691,97159.8221259223,1745052249.7491329,1910829895.073036,0,0,0.3141036666184187,0
22.2380745489973,0.147059862474629,1250.92666177776,171.355553230525,1808.69037482086,70.432749518954,430.432715431996,4.01870626679881,2.61882436462158,15.4454987941107,15.7317650670448,5.73543294849368,3020.71493081781,96344.0105084383,1748152881.6545465,1905180764.3035004,0,0,0.3089726113194418,0
22.350620444007,0.148951179894128,1258.75467053603,175.475725723562,1819.64535480696,70.8741324237779,432.449659561147,4.00160305460602,2.65497420484719,15.4987076218324,15.7231760885737,5.73227429429193,3041.16494115069,95647.6714340139,1754716703.27006,1899535767.0733225,0,0,0.3052288244990349,0
22.4779962716082,0.150619513608768,1267.75263986141,179.444641860459,1832.3196151182,71.3846218456977,434.760656816632,3.98151132819265,2.69637278196626,15.4795876146304,15.7436337448159,5.72617426810035,3064.1693234091,95015.7340189296,1762657083.4317727,1893900839.105611,0,0,0.30223565414159775,0
22.6180427019412,0.152147818881229,1277.08852384154,183.222926001396,1845.51970519484,71.9174066758385,437.067953394408,3.96095048802212,2.74311583139535,15.396655499119,15.7830021137668,5.71773099927536,3087.77658142103,94234.4410942566,1767125179.5545373,1888228193.0231047,0,0,0.298995678060689,0
22.7675873931605,0.153547547781303,1286.41340122066,186.765727779389,1858.75239365721,72.4534318559912,439.240588423464,3.94145522008142,2.79709138685947,15.2549420122591,15.8362541379131,5.7070022102524,3111.15050089251,93115.4070239275,1764038542.2453456,1882428550.130154,0,0,0.2947876479238534,0
22.9225890404263,0.154777459049441,1295.95677108901,190.046815817928,1872.36001694104,73.0063666039506,441.359501100434,3.92214782387111,2.85901603725273,15.0578093429036,15.9050532732903,5.6938451288542,3134.81336811761,91989.0098523726,1759703578.3912532,1876486969.234523,0,0,0.29070522922279834,0
23.079198559417,0.155763449360411,1306.25024854016,193.067283706808,1887.11779378822,73.6066304702287,443.622719168675,3.90110849952631,2.9272336656823,14.8093589835596,15.9949776097379,5.67824113710573,3160.01055841662,90973.4130880114,1756922593.113288,1872569185.1127913,0,0,0.28723287718473195,0
23.2348509616244,0.156467823420111,1317.60160896836,195.842513683173,1903.46885605715,74.2714723462932,446.154684632352,3.87705291117087,2.99894214941618,14.517073197653,16.1094348829596,5.66046161022666,3187.47455377583,90245.6144093212,1759552091.832059,1868812981.1007154,0,0,0.2849773113910127,0
23.3888392169036,0.15692194355981,1329.84907462278,198.397254306589,1921.16743593985,74.9909140986154,448.918009178248,3.84978825179302,3.07013410065495,14.1930717210038,16.2462441820777,5.64126624487958,3216.84934451929,89982.2785611186,1771176007.3503761,1865569558.0468376,0,0,0.2844212464056516,0
23.5418660785277,0.157207585732264,1342.29796149079,200.745106050199,1939.19395006569,75.7246504206757,451.685479952137,3.82123620935788,3.13798820770368,13.851087115187,16.3964379087455,5.62162966659983,3246.53131521242,89916.6714773042,1786198579.7276223,1862913991.8566487,0,0,0.28453583017308237,0
23.6950514783599,0.157426668574862,1353.95155800987,202.877896555303,1956.09675062546,76.4156026794179,454.119119473641,3.79443148489376,3.20210779116242,13.502911411077,16.5466781245694,5.60242676671352,3274.20251651146,89919.4489693329,1801249657.2034788,1860774077.335652,0,0,0.28539756484610557,0
23.8491463933718,0.157654133619944,1364.02920321891,204.781943958841,1970.74331683292,77.0192512622419,455.954007352719,3.7715759111024,3.26267570497665,13.1569642700795,16.6853773852511,5.58433828751013,3298.04607525988,89996.2149566334,1815761554.7716248,1859034572.049303,0,0,0.29375789320470336,0
24.0049102895271,0.157915474555183,1372.20850224632,206.445516614605,1982.66381104712,77.5170747057513,457.082455843905,3.753498299349,3.31955973083568,12.8178658088209,16.8059760529016,5.56778729700246,3317.30610750648,90179.252964938,1830106724.5295784,1857573416.4918554,0,0,0.3190510049060583,0
24.1649430323177,0.158191588259407,1378.46384364453,207.839710688237,1991.80223941333,77.9068760889072,457.495172762704,3.74035807028927,3.37274573877528,12.4854097305082,16.905738247315,5.55294937611317,3331.8836733473,90415.6387867547,1843121521.4679363,1856313970.7088926,0,0,0.3614988217801928,0
24.3343502213779,0.158439148269113,1382.64249710036,208.880148390241,1997.89792435149,78.1785340976555,457.1377111047,3.7326999019516,3.42262065981427,12.1548808138998,16.9834730762948,5.53984614553775,3341.32395358851,90677.4023696481,1853836187.1635256,1855204504.0387409,0,0,0.40937600393030643,0
24.5181683136428,0.15861177678034,1384.62405646579,209.482221104116,2000.73553639558,78.3236955739188,455.966602045178,3.73142623130334,3.47021405585747,11.8204093865007,17.038861112518,5.52835309142854,3345.24530517011,90813.3964862954,1858768086.1826527,1854166622.6557,0,0,0.4471720433884549,0
24.7176909377861,0.158666802005495,1384.82458078163,209.647654507282,2000.90073909354,78.3654111196658,454.123274203186,3.7362226492962,3.51737768895015,11.479297457588,17.074120699553,5.51808712475423,3344.59525347066,90661.1667704093,1854940224.2062001,1853090527.3300827,0,0,0.46798987000935555,0
24.9280790416906,0.158566193249144,1384.16974970587,209.462802938072,1999.75514059862,78.3570528902185,451.940201948009,3.74458170374537,3.5643917846749,11.1386908246735,17.0964765776269,5.5086195673708,3341.60918231721,90426.0678229959,1847666153.3067596,1851932230.362446,0,0,0.47576129198488715,0
25.1399005232947,0.158280340448927,1383.68008737646,209.044307555253,1998.82564173497,78.3583747891233,449.802652023465,3.75313330071646,3.60931268064383,10.8161163216165,17.1166733666553,5.49965745252085,3338.8028965917,90197.4437872152,1840090568.2577636,1850683880.3352854,0,0,0.4765614257317376,0
25.3443977542669,0.157806504091925,1383.8966162091,208.470580553577,1998.94226481183,78.4017540321111,447.93706650258,3.75946337946796,3.64951615391018,10.5304716167565,17.1434862181019,5.49112028142398,3337.55504045258,90146.7635083427,1836479136.167073,1849355868.3410568,0,0,0.4754481285610342,0
25.5375949359088,0.157182965141111,1384.72339753201,207.773380958573,1999.9840680732,78.4821001609569,446.347982727087,3.76272658060646,3.68159092305328,10.2965558376343,17.1799053508327,5.48336416201519,3337.70645790519,90457.3094732967,1840596238.2509508,1847958292.8748677,0,0,0.47563788703207255,0
25.7207918942809,0.156486293829416,1385.55156585156,206.962144785626,2001.05060409491,78.5637022309391,444.867540574528,3.76417962948754,3.70266717948649,10.1271533368916,17.2224584289532,5.47706120450273,3337.86207604165,90882.5381799163,1846917295.6076717,1846471382.2801387,0,0,0.4766377845846534,0
25.8982085025721,0.155815790104685,1385.59394265621,206.052451294199,2000.95718661888,78.5997798806942,443.278032713527,3.76592470483503,3.71101577873784,10.035818636267,17.2642211169452,5.4729597948903,3336.20131273496,91301.0055153506,1852326566.4210527,1844870305.016529,0,0,0.47779657537039516,0
26.0735558969137,0.155250733863589,1384.42549308433,205.088806303784,1999.04400391495,78.5642403981691,441.480457463578,3.76906651546939,3.70554807525749,10.032956260036,17.2998759187149,5.47162224010716,3331.76042334912,91690.036114594,1856113477.9400742,1843102904.3392622,0,0,0.47877555623404977,0
26.2485341863592,0.154823235771608,1382.18235439793,204.13935065118,1995.48566524696,78.4638811542328,439.537232882682,3.77334844763376,3.68665757399619,10.1184570287129,17.3277726150627,5.47313086127591,3324.89376397596,92049.2665082703,1858571654.874428,1841120954.8272333,0,0,0.47946843666110756,0
26.4241258805834,0.1545351964476,1379.34623655444,203.282307846356,1990.98347207187,78.3262371489138,437.585138500914,3.7778807380361,3.6569559850525,10.2758167927793,17.3482448163103,5.47705077252068,3316.76103014872,92383.6766320307,1860409857.7724702,1838973894.7248871,0,0,0.4799536225974774,0
26.6019897247935,0.154384531963918,1376.46591405943,202.596908934651,1986.35305622466,78.1832897559094,435.749742317402,3.78177807080509,3.62063940860229,10.474683547097,17.3616300627559,5.48265104785484,3308.673415605,92697.9137157593,1862363864.170523,1836727403.2615006,0,0,0.48035586623450993,0
26.783926845321,0.15437189738945,1373.84011592919,202.128234023559,1982.0497499468,78.0527950400495,434.074004189441,3.78461157237208,3.5813695578806,10.6848131416987,17.3680144090857,5.48928179075697,3301.34144132322,93044.8238527887,1865817251.6092033,1834377272.525649,0,0,0.4809377722651434,0
26.9712354069756,0.154499172364402,1371.38695346845,201.8703026121,1977.96623455366,77.9303150260691,432.498672020344,3.78667636861247,3.54102236075272,10.8879867178026,17.3670087405816,5.49660955281088,3294.56280438015,93478.6664600077,1871716434.1871932,1831868671.0822995,0,0,0.4811787309253073,0
27.1653571776746,0.154773256972132,1368.76212880325,201.785637913476,1973.59617751257,77.7956480554171,430.890381396001,3.78903582305591,3.50095920742622,11.0790202766939,17.3566866259633,5.50448781935193,3287.496027723,93927.8129384152,1878183214.3185222,1829208777.2623522,0,0,0.47837145804488895,0
27.3682731522001,0.155208186050333,1365.60739689619,201.837792284985,1968.39781241763,77.6271425988269,429.106271339261,3.79285215346105,3.46301342025107,11.2600868296619,17.333843452422,5.51277593798011,3279.25096328079,94359.2660258353,1884116073.280136,1826441755.6872122,0,0,0.47019123970675947,0
27.5813510444123,0.155818171385432,1361.76766375863,202.014056913875,1962.12347891329,77.4147086799874,427.072050510739,3.79850241116304,3.42815123387753,11.4354258327009,17.2961913037945,5.52140956800506,3269.42459498281,94855.7722384652,1890980851.5120144,1823788973.865454,0,0,0.45568837661355255,0
27.8020809468461,0.156608834334281,1357.25083817754,202.31276796002,1954.77492854667,77.1581259005823,424.783420323632,3.80569405255733,3.39554865696644,11.6086398305756,17.2429573984321,5.53051872689867,3258.02040870383,95504.1513947555,1900500144.3617594,1821592970.1200497,0,0,0.4350132380083394,0
28.0171074708914,0.157556720282216,1352.0345783481,202.697776772103,1946.33320727883,76.8565557458734,422.245825941764,3.81454877389365,3.36406010514736,11.7804397452033,17.1732880671429,5.54031728490647,3244.97995338943,96165.5420495609,1909773874.6549802,1819919418.3602476,0,0,0.410488669368217,0
28.2014516119819,0.158606892415813,1346.0300200641,203.086178297137,1936.70457022713,76.5064347345978,419.453510356683,3.8255624274094,3.33328465168374,11.9479037185641,17.0858584798551,5.55095840126263,3230.08316126361,96783.9848268722,1917361172.281317,1818714444.864644,0,0,0.38649390408102036,0
28.3311860761736,0.159697279059671,1339.23389080599,203.399831079538,1925.92231272307,76.1092809611562,416.423989988091,3.83895329867664,3.30328896901724,12.1061907183676,16.9804932844351,5.56245771215692,3213.31091837073,97341.0708047527,1922658387.7359104,1817844067.6240578,0,0,0.3660304468897772,0
28.3956805892695,0.16077693672803,1331.81624873107,203.603134967047,1914.25727846391,75.6759774403221,413.215193775143,3.85447719460147,3.27466347962608,12.2492633130238,16.858942083866,5.57462754426921,3195.05305853568,97827.1474343274,1925520187.9023976,1817134154.090556,0,0,0.3498010468207216,0
28.4010725871436,0.161803500444936,1324.08589674787,203.689935214904,1902.16378960995,75.2246248089835,409.910539851622,3.87150942897722,3.24849007273115,12.3681741186213,16.7240862341044,5.58712139309639,3176.01291689595,98258.6503046455,1926526199.429843,1816500826.3170831,0,0,0.3371421539299226,0
28.3644071162043,0.1627362391369,1316.37369362741,203.655944998976,1890.11678942846,74.7741224473397,406.587430473043,3.88934866032392,3.22606592576122,12.4512990014009,16.5788538899255,5.59954172991564,3156.92748317496,98641.8369067783,1926073693.9655657,1815908388.2133029,0,0,0.32701160784122707,0
28.3028641694982,0.163534999057002,1308.93935481433,203.492727127221,1878.48815494133,74.339434233006,403.299946447392,3.90792871441118,3.2095504901927,12.4880436715548,16.4261979488936,5.6113720497052,3138.36672864293,98738.2695271696,1919727980.0648916,1815337326.5208142,0,0,0.3179334599033189,0
28.2282467382113,0.164165379789254,1302.08892280384,203.209242806859,1867.72789219884,73.9389304556582,400.126721704375,3.92730931229066,3.2022153585273,12.4707878154736,16.2711986350966,5.62183881799832,3121.03672378935,98351.0528227191,1904054285.4728577,1814775939.2888992,0,0,0.3089720360831618,0
28.1491424344757,0.164613198983976,1296.40223594879,202.876416592286,1858.69666437461,73.6073391662205,397.253166691941,3.94567199924763,3.20517521864065,12.3954754000387,16.1234672760326,5.63024106081468,3106.34473611548,97832.8529228486,1886740028.0722616,1814216411.2634897,0,0,0.30118456979125263,0
28.0736025437196,0.164882358893718,1292.55413926077,202.607627467763,1852.3981831176,73.3849603509118,394.91032100559,3.96046281934177,3.216758571226,12.261103533565,15.9943756312973,5.63619186825362,3095.96260555434,97299.9719565806,1871029410.9327345,1813648901.3443365,0,0,0.29491907267263173,0
28.007780523255,0.164983963333287,1290.86296224428,202.474815812092,1849.31182234455,73.2912822126384,393.214537377385,3.97074043043272,3.23594425282234,12.0693028686142,15.8912757014984,5.63945048236622,3090.7029773238,96590.0886116826,1854308624.8604484,1812984669.276394,0,0,0.289556289754827,0
27.9537196537065,0.16492198178983,1291.28882828648,202.483016050567,1849.38323604536,73.3246085757209,392.156402156688,3.97697953198607,3.26356896117818,11.825603223625,15.8169824451925,5.63976559676396,3090.48348727258,95561.0133759089,1833810561.9420383,1812062638.0715768,0,0,0.2844554101005793,0
27.9082584585193,0.164692939299383,1293.80407623622,202.618167328649,1852.55820854075,73.4830472193628,391.717296209573,3.97895562800369,3.30006721808746,11.5428107126921,15.7736113218548,5.63696154496341,3095.21102214668,94482.6993379054,1814616316.6750486,1810849431.1985931,0,0,0.28020094656235456,0
27.8649974654195,0.164291389858792,1298.49018281223,202.877185291935,1858.92882701654,73.7703039689984,391.905183810459,3.97587872094267,3.34458584837299,11.2392584043069,15.7637464371197,5.63099948624857,3105.03556302781,93452.4797019973,1798623194.68778,1809376553.121498,0,0,0.27689063606925723,0
27.8186122921115,0.163720589170584,1305.28007836677,203.246050184854,1868.37494377502,74.1816878953503,392.681888306776,3.96779486243654,3.3966720121318,10.93052423234,15.7880527342389,5.6218942259838,3119.76071443424,92382.3939788871,1783991503.1333733,1807735476.538661,0,0,0.27408193885353804,0
27.7672518148155,0.162991955533697,1313.90661384902,203.690875448068,1880.49898597173,74.7016017588968,393.953775074369,3.95560072758608,3.45671301058597,10.6237470309101,15.8449288048991,5.6096836671233,3138.73168540938,91179.798685774,1768519091.6968238,1806062558.1138537,0,0,0.2713157391974664,0
27.7122125912467,0.162117825698061,1324.12007330654,204.180197239537,1894.94057207363,75.3158904242515,395.64238130939,3.93984737990647,3.52440363349889,10.3168592875104,15.9328996158794,5.59450625221037,3161.35254597063,90003.8715618337,1754889870.7121415,1804423654.9683955,0,0,0.2689096896963644,0
27.6562696993009,0.161108110197764,1335.78171513027,204.697424677606,1911.50599008692,76.0169032092499,397.709636791684,3.92073420186711,3.59825153041493,10.0021217408711,16.0515017594531,5.57661280579487,3187.30224749005,88918.5736134419,1744122584.3840988,1802840708.3726637,0,0,0.26694175198368786,0
27.6020270273898,0.159977382430942,1348.72272848061,205.227701849168,1929.95756966413,76.7951841806936,400.10738045227,3.89871260888832,3.6766819402683,9.67224059043476,16.1995127932886,5.55630662064338,3216.19114473772,87940.3737116575,1736322638.352876,1801329911.2180512,0,0,0.2653937585473657,0
27.5512373403515,0.158747606600268,1362.66396348332,205.749511262139,1949.89369034078,77.6347254071027,402.750529067502,3.87458114828985,3.75835340303564,9.32441480731269,16.3739198026791,5.53395644054614,3247.36584666733,87075.7304460739,1731319431.2500327,1799915081.2399738,0,0,0.26707302414070605,0
27.5051938628718,0.157442920955356,1377.23438770744,206.232402309971,1970.77555778414,78.5140802449622,405.524547330719,3.84939395471682,3.8421851888086,8.96029480573491,16.5703525043217,5.50996995544537,3279.95100633139,86305.0992977086,1728352644.1215017,1798599853.0429916,0,0,0.2837765048700166,0
27.4651762617902,0.156085778417387,1391.64455605721,206.585146331432,1991.46216810046,79.387793964065,408.193051578499,3.82503115637073,3.9273241359093,8.58404186971527,16.7838509636157,5.48475635030851,3312.07375813399,85615.8070031056,1726306286.1297917,1797372497.2784548,0,0,0.3211133088499761,0
27.4321871253537,0.154696431326686,1404.44520366562,206.623991557697,2009.86740876819,80.1725247767457,410.329548301722,3.80516885784354,4.01308211123174,8.20074336483248,17.0090573765673,5.45872153631966,3340.29598700582,84995.2759013808,1723305205.7922792,1796195093.5474846,0,0,0.36611050002980233,0
27.406514766109,0.153288436883722,1414.65819640882,206.233418163623,2024.58300623274,80.8116854758465,411.647966019528,3.79261811334754,4.09869538376681,7.81504392870573,17.2411124229034,5.43224560507285,3362.30410670422,84430.4909058989,1718062711.527141,1795038806.162453,0,0,0.4033543782441306,0
27.3875681427118,0.151864139719406,1422.28393245676,205.427062787132,2035.60695375684,81.3046467711814,412.148365778895,3.78761583148885,4.18316546641843,7.43024934200327,17.4767946025613,5.40563994634978,3378.10631709167,83923.8975391617,1710747028.0264156,1793903415.7457407,0,0,0.42629905332304957,0
27.3740767710672,0.150415540449224,1427.92894282277,204.28921565097,2043.80910651249,81.685596637121,412.006843089231,3.78871830535825,4.26549161426312,7.04832994260355,17.7144668282682,5.37912398162683,3389.14210257312,83474.9262379292,1702120745.2029073,1792796950.0687015,0,0,0.4361846816512895,0
27.3645483942178,0.14893570015253,1432.30484652909,202.915120978436,2050.20965039126,81.9947305830126,411.432373962721,3.7937910775001,4.34379656267351,6.67123099808927,17.9533882146369,5.35299540355758,3397.09876244698,83284.8828029678,1697146062.296727,1791761712.3296573,0,0,0.4385531624583316,0
27.3576491462147,0.147433929626964,1435.85258883863,201.37951319331,2055.43626507511,82.2564170419797,410.561720675152,3.80077775301374,4.41373870911206,6.30332307271233,18.1919120887552,5.32796260689875,3403.03344546778,83680.4486513954,1703026346.810961,1790893430.0734348,0,0,0.43942747546595334,0
27.3523570371993,0.145939601002078,1438.41661580637,199.704873717027,2059.25734187334,82.4608289586834,409.36242604006,3.80969114818499,4.47150605560373,5.95197893079329,18.4227407961373,5.30500542906793,3406.60903362555,84388.8081228289,1714102687.9252994,1790237117.2251117,0,0,0.44007178756926774,0
27.3480460259825,0.144493695999726,1439.26610367384,197.854719754483,2060.61761022605,82.5656498950858,407.638558587559,3.82237816424633,4.51636031916073,5.62722968964679,18.6313312466993,5.28511093559106,3406.14217450232,85192.6177989978,1725229683.4677196,1789791045.2042305,0,0,0.44051391591079236,0
27.3445680191212,0.143122712016653,1437.73520980094,195.786155941931,2058.56213068992,82.5329888571676,405.215787767061,3.84064215273414,4.54997809925089,5.33898888955556,18.8023944636499,5.26897503282208,3400.10093993804,85812.8036081436,1730071241.1148396,1789492902.8127737,0,0,0.4396172860050583,0
27.3421401262617,0.141819000115157,1433.89623916997,193.510289446737,2053.20206920741,82.367971557239,402.127929152073,3.86485135869761,4.57663121916018,5.09066170678363,18.9285235109759,5.25645967954982,3388.6731422307,85944.513979016,1722620731.9528255,1789221188.4824104,0,0,0.4359208288200307,0
27.3410602358453,0.140551035348134,1428.81991273003,191.131528858749,2046.07792775873,82.1327936666617,398.687764168168,3.89242780075136,4.59970529969435,4.87606519069919,19.0160165971848,5.24673395857458,3374.37389191822,85883.5506149577,1710083831.8508275,1788908516.4143105,0,0,0.43119899628643515,0
27.3414370023406,0.139286371019637,1424.16731958992,188.823555897425,2039.56514559431,81.9226249211719,395.368460986657,3.91917900776974,4.61957581223553,4.68161487023359,19.0816886291746,5.23876325197487,3361.09232484527,85805.7062668473,1697817428.0140426,1788530928.1386528,0,0,0.4266729861346102,0
27.3431126553779,0.138010806480475,1421.04185424989,186.706009674586,2035.23057880924,81.7999381857029,392.479438452832,3.94256036224563,4.63557777236083,4.49267752174316,19.1422506929142,5.23166601401789,3351.40144136717,85779.3360136381,1688359309.767202,1788091036.3221285,0,0,0.4227710499724221,0
27.3460575442559,0.136730887382374,1419.51419147753,184.790514893401,2033.16063004901,81.767713251826,390.038334819525,3.96267431240312,4.64691235298599,4.30077791047559,19.2068980144001,5.22502525309466,3345.45417245236,85844.3923272792,1682536028.192033,1787622350.4326582,0,0,0.41960581643657685,0
27.351418854777,0.135460307209775,1419.01573657109,183.018395285847,2032.53572970465,81.7925695431371,387.884533729945,3.98105534864159,4.65330282030836,4.10716593080399,19.2766633350181,5.21882935503542,3341.9140825558,85944.2799498172,1678596333.9725406,1787163058.9910374,0,0,0.41676847360814334,0
27.3620707890771,0.134206525094685,1418.84534838862,181.309227649436,2032.36092249552,81.8341524735813,385.821378001267,3.99908458930453,4.65538565722527,3.92140538984406,19.3478832802152,5.2132067427894,3339.14285468566,86040.5844699743,1675021474.9156713,1786743530.011032,0,0,0.4139763767837858,0
27.3814452641182,0.132966659694406,1418.51415193833,179.598335167918,2031.95358248282,81.8648441253259,383.71167832447,4.01725541227331,4.65461921705621,3.75488438891948,19.4164948874024,5.2081843159657,3336.00216267227,86075.9740606803,1670160029.919368,1786372869.2410104,0,0,0.4109430700161743,0
27.4117433772012,0.131730866664673,1417.87362385105,177.855450787769,2031.11670832468,81.8768501610167,381.512904350144,4.03538356767262,4.6530524557132,3.61351003898837,19.4808757757695,5.20355841856671,3332.14760629539,85987.8105933276,1662631913.211122,1786026129.0577571,0,0,0.4074296342114353,0
27.452761354041,0.130489498703357,1417.08546234405,176.088507303304,2030.08805389976,81.8801143831704,379.271828825062,4.05298997030209,4.65199876108994,3.49342881107047,19.5430287891715,5.19902272440568,3327.95796830725,85833.5919467618,1653720142.2791362,1785676109.4187834,0,0,0.4037916942372966,0
27.5020546686976,0.129238307839488,1416.46595958752,174.330670275962,2029.3158883163,81.8931238800291,377.08313774908,4.06998467808935,4.65111140981845,3.38216288337738,19.6076632420906,5.19435972891844,3324.1733122449,85650.3483027042,1644466678.2865663,1785302610.8340814,0,0,0.40024306535095455,0
27.5564688216704,0.127981692620575,1416.25005103759,172.614122245765,2029.12565777105,81.9291842085558,375.022089251047,4.0865786330163,4.64799084218518,3.26632083707947,19.6794982295425,5.18964862337102,3321.34479971914,85645.7149364426,1639089966.6698973,1784893533.0769615,0,0,0.39771637485393285,0
27.6142568303092,0.126735203798939,1416.39761619412,170.950042844308,2029.44444440374,81.985104281668,373.092215616918,4.10279108680187,4.63772466212669,3.14077338541494,19.7600942372476,5.18551227304939,3319.38419366303,86105.5136741933,1642986512.1220803,1784445191.3834798,0,0,0.397425936090312,0
27.6773744820912,0.125520367060839,1416.41869828736,169.306361951223,2029.54378464451,82.0312199427714,371.183330512982,4.11935043615538,4.61589232372,3.01312208593327,19.844446627312,5.18291300448536,3317.14984889407,86762.62117212,1650516144.1861603,1783964849.762956,0,0,0.39795751549299957,0
27.7521139576632,0.124357152150188,1415.47747519919,167.609530852994,2028.18497700101,82.0176987937813,369.104919912434,4.13679128178997,4.580839761789,2.90232588230465,19.9216435672706,5.18280278500617,3312.68285558763,87444.824820584,1657517180.8063977,1783468755.123622,0,0,0.3983542812868142,0
27.8462170279423,0.123258751343654,1412.9584275902,165.800614084515,2024.44366393257,81.907686622691,366.732668904799,4.15340433741748,4.53181270654436,2.83118620543313,19.9812208362912,5.18598123759973,3304.53553991975,88323.9620352998,1666578265.2044032,1782988073.2765121,0,0,0.3993690418284965,0
27.9647563016589,0.122244835349653,1408.72013631194,163.877975908313,2018.09095975444,81.6923801667222,364.078597705289,4.16499908321314,4.46662264593369,2.82568600439576,20.017028539947,5.19319272681614,3292.39337278771,89689.6070524045,1682980034.8727758,1782588505.2176197,0,0,0.40239927957156896,0
28.105862230905,0.121366554379595,1402.73211285518,161.894060037698,2009.08877133929,81.3708081661213,361.233314563563,4.16592766129252,4.38230721770886,2.93515417737542,20.0258868895361,5.20519792194305,3276.29192641114,91252.9481584493,1701385523.1236749,1782325659.3272145,0,0,0.4062764333943224,0
28.2587040760375,0.131706244378908,1394.85691722184,159.945308774267,1997.28729584175,80.9235731423199,358.408296763106,0.558586339592696,4.16717815765671,3.31866719304441,20.0448168243938,5.23571004036224,3256.17470105718,92846.838011246,1719115199.9403405,1782215801.3292892,0,0,0.4115082088339138,0
28.4201927623849,0.262465293550067,1384.94780750416,158.404537579265,1982.46586822613,80.1864745707092,357.984222320398,2.65909105880043e-13,2.05132827240458,5.03249481773865,20.9655611349824,5.47673566186541,3233.29342528557,103928.089302241,1913000609.4560263,1784037414.1873636,2,1,2.138901559769256,1
28.5505173601097,0.462269466734004,1378.3484598772,157.558889483891,1972.3227163753,79.6904239466595,359.483902869045,1.8351334574424702e-14,0.509637895597515,6.89964498133491,21.4949865614948,5.66540424763067,3219.00860944637,106344.575712782,1952965416.186222,1786055481.4385786,2,1,2.2282009818886994,1
28.6425635923781,3.5000198448282,1371.90379295193,157.382973234759,1962.09141755534,79.2523628150694,360.900504164125,2.38320284848895e-16,0.0095549531116798,8.82537990020582,21.1504741124872,5.76453876549129,3205.26567679037,108911.97673253,1999672041.0335054,1788299399.0512202,3,3,2.3482905420348765,4
28.7030448790877,10.7882388012882,1363.63172381241,158.344841701799,1948.99253715964,78.7068845674258,358.789419129208,3.65616823703829e-18,0.0001562659850129,10.7799170045016,20.3526757337782,5.81699737744241,3186.20435149052,111431.416504988,2047931164.8839042,1790794344.4441311,3,4,2.468111800667653,4
28.7377990761227,19.2672272197745,1353.15985789019,160.885582822275,1932.44071277751,78.0020390906952,354.778427605696,1.1299789788028301e-20,0.0001214427805754,12.814654050879,19.5189192884506,5.86693678831059,3162.27735805156,113283.115382439,2086970098.3783295,1793561346.0248458,3,4,2.5785323845086,4
28.7478753998003,27.8575893412543,1339.88357134273,164.855305156444,1911.52064793848,77.100997974442,349.835827731823,4.21558460504808e-23,0.0001066520623852,14.8696036290021,18.6695712785124,5.91674991175465,3132.64098349069,113992.816448894,2106740853.5757134,1796586047.8024158,3,4,2.664105592866795,4
28.7302470376732,35.8415967445668,1325.28936133823,169.821063386885,1888.48700491749,76.1017378016328,344.919368017888,2.21486445639636e-26,8.22011289314957e-05,16.8243417981686,17.8509394019819,5.96486177867526,3100.78292131598,114296.086340642,2120529244.4248176,1799845804.9823074,4,4,2.732619897043004,4
28.6808870925284,42.9730861936468,1312.12486173635,175.401156070107,1867.45436088297,75.1770158018959,340.767844182375,1.48132304625275e-29,5.16674382863292e-05,18.5521663861576,17.1024250344178,6.00908872015104,3072.78923299456,114388.825377356,2133241901.269809,1803312017.7375476,4,4,2.7966926397683904,4
28.5992703024156,49.2881450623852,1302.19805045553,181.386621100317,1851.12144106349,74.4394537399873,337.670716131311,3.25074894488094e-33,2.47638138067859e-05,19.9892174529826,16.4376968112304,6.0484834816324,3052.56941312853,114182.789665571,2144238624.081028,1806992733.573387,4,4,2.8626176197594595,4
28.4923635426268,54.8911769390968,1295.87145611197,187.660690651814,1840.03338437946,73.912975259196,335.588508910198,1.71110819738403e-37,8.95227559043999e-06,21.1389854591967,15.8518444271509,6.08334336351309,3040.79757751257,113630.072511088,2152485767.8797555,1810924507.2578123,4,4,2.929627018746605,4
28.3783932528573,59.8493195379873,1292.85229610274,194.063319379338,1833.76639972584,73.5828126393867,334.42343615764,3.3399761345659795e-42,2.50350848162303e-06,22.033825801532,15.3348949519291,6.11443774424399,3036.67987492679,112918.901824959,2160618446.592748,1815091202.704834,4,4,2.996457443458164,4
28.2805245053964,64.2201273236977,1292.73148639801,200.391909570048,1831.73247235795,73.4278801092213,334.082855872034,-5.488987535847679e-42,4.15126667241826e-07,22.7073999848589,14.8773259460515,6.14247992088836,3039.1525677738,112132.49058168,2169107076.9518113,1819459082.1094408,4,4,3.061200849029436,4
28.2131960788851,68.0994473355727,1295.02851328693,206.511656517338,1833.23977810189,73.4214630181283,334.411147147129,-9.498209622623719e-42,4.08854140518491e-08,23.1905263484472,14.4695965600737,6.16802789581152,3047.01259050233,111306.952976933,2177716514.9208,1823966001.5383127,4,4,3.1225477500974654,4
28.1770236668237,71.6031938232374,1299.21598413122,212.381477973923,1837.52448666923,73.5321658498115,335.201329617485,-7.791741280641689e-42,6.311614859889561e-09,23.5154014068185,14.1018532939384,6.19155675301222,3058.99190618645,110551.633517059,2187966054.723857,1828547388.7577846,4,4,3.1808905178331472,4
28.1606132730369,74.8245242393911,1304.7338200588,217.985705516425,1843.77880678405,73.7259664601028,336.256234340381,-5.6454392600544e-42,1.4301730467323e-09,23.7197914380239,13.7641520037831,6.21353090709323,3073.78082889715,109984.9106684,2201737507.549073,1833203855.469024,4,4,3.236869699063935,4
28.1466275977937,77.8174319521139,1310.92721890153,223.279506911256,1851.0676022423,73.9638206428377,337.406213349211,-4.3326343756628194e-42,3.54698861699147e-10,23.8427608945878,13.4462779709095,6.23444986980253,3089.87384914362,109639.789363849,2219120292.917228,1837958680.567831,4,4,3.289637883755915,4
28.1200443299599,80.6093955342409,1317.05875772179,228.192142796716,1858.34341392626,74.2027506241935,338.495826158681,-3.6850680704830194e-42,9.06157257540061e-11,23.9135339903256,13.1382900623759,6.25482023824756,3105.58772594251,109406.639783218,2237122876.6409855,1842854489.9124815,4,4,3.336264660450339,4
28.0726472017753,83.220758927579,1322.51395462056,232.646396698105,1864.73281328332,74.4074194201942,339.405689057151,-3.32210865777536e-42,2.33640197205814e-11,23.9452818830894,12.8326634417692,6.27502796004363,3119.5121396838,109084.747843076,2250839031.252976,1847925328.3396442,4,4,3.3732363908421705,4
28.0044256915163,85.6823216481691,1327.10766584062,236.591329476082,1869.95967512784,74.5668378055573,340.111533936761,-3.0229280399783e-42,6.01627945234795e-12,23.9351741721467,12.5265332150178,6.29520609562599,3131.19643323759,108733.766220036,2261119607.259783,1853148411.9736917,4,4,3.4024246893662,4
27.9281633444717,60.2038223529425,1329.67345231892,239.225681745489,1872.75836758407,74.6900287327017,361.002924733106,1.08841408296606,0.28692825290128,24.2665588977472,12.3645168793199,6.32052402689079,3150.26344096247,99159.3716484024,2073290722.1081192,1856443913.3173878,0,2,1.4712884193655968,0
27.8399992315935,22.7263734593884,1324.95293646881,240.836105049357,1865.5073643439,74.4684453357288,388.449416321207,1.69209526394004,0.922754397210282,24.5267563048262,12.1967784890292,6.31856260871012,3157.6515642332,98631.055156021,2063477444.1747851,1859609802.4042912,0,0,1.3727286782763195,0
27.7457017197815,1.87807358305711,1314.96544260373,241.704904526032,1850.76223576649,73.9152690543166,401.308164973147,2.23106711802851,1.3897970789116,24.4648176607386,11.9806636315508,6.30874339534642,3144.72044086274,97898.3213517797,2041062546.888382,1862421120.5244787,0,0,1.2021859935098291,0
27.6563745125566,0.494444598529606,1305.81760907067,242.368467114468,1837.18028247933,73.3991673046092,398.623565282057,3.1004255019728,1.79484937692153,23.8735746567195,11.7427842852532,6.26821068988768,3124.02240111257,97323.6579578,2020506902.803318,1864861832.2231836,0,0,1.0263799999690724,0
27.5815692408309,0.25968852431943,1300.51493040255,243.076485858172,1829.13416299287,73.1014607178519,396.671392360972,3.49356797374201,2.08321965644037,23.2572389055881,11.6032187080414,6.2353058834751,3111.87278641183,96992.338175953,2008821205.1222632,1867024035.8473377,0,0,0.8917397067151404,0
27.5244922524312,0.234070972480816,1298.83144517885,243.831848565851,1826.37406784361,73.0188491470836,396.324801038051,3.62935110713784,2.29974914170303,22.6223930511537,11.5557358233674,6.2058326006473,3108.39966205315,97203.8974466679,2012068118.8352928,1869068895.8896677,0,0,0.7982296840107155,0
27.4787987739315,0.22442328622466,1298.99599421501,244.525997758718,1826.39768779994,73.0511672462551,397.337795595006,3.67849723878476,2.45444281104986,21.9948629718571,11.5735637419585,6.18049902020365,3109.69761143368,98100.5610303539,2031308656.0800529,1871164749.3433182,0,0,0.7341325916985083,0
27.4237697084026,0.219528618777916,1298.77458789884,244.976951436507,1826.03517742231,73.0695829096609,398.92196580987,3.70252065016884,2.55566764668773,21.3933474915354,11.6180538717889,6.16059066061343,3110.50550049888,99071.9727989794,2051278453.2055755,1873333050.7155855,0,0,0.6843243078107953,0
27.3284532447056,0.216660496070166,1296.33470957994,244.992719627555,1822.68871395559,72.9685764231122,400.223376510703,3.72064319305979,2.61632364671324,20.8242265689532,11.6544805670187,6.14643393452625,3106.35362772884,99922.9394857824,2065495907.5717485,1875537839.469838,0,0,0.6421057582922148,0
27.1704641476488,0.214652394696211,1291.07374789537,244.487004699837,1815.49954444378,72.7131659560251,400.749412642971,3.74198013289192,2.65030569235969,20.2880607414373,11.6643885123217,6.13724993481019,3095.62344020513,100251.016137665,2064675371.9702158,1877682707.0301247,0,0,0.6030479387705541,0
26.9500193623643,0.213035648213629,1283.81519708136,243.53499692418,1805.61596063352,72.3496916047833,400.542519441341,3.76871402288274,2.6717787696325,19.7867717653145,11.6477185405793,6.13124146928925,3080.09224112848,99776.6894341066,2044155997.8221896,1879653704.6719582,0,0,0.5657137320305086,0
26.6883436114218,0.211798606648379,1276.45822082937,242.378384819475,1795.68889278719,71.9847232988192,400.124359144861,3.79555490438518,2.6898127834844,19.3321652345189,11.6185487562416,6.12664598928172,3064.16647494854,99092.0793336634,2018865146.884438,1881437027.5217257,0,0,0.533808482263577,0
26.4134440286684,0.210751111459117,1270.94993582022,241.305823315153,1788.42804542669,71.7267848619242,400.134584563655,3.81609161592208,2.70748268977974,18.9428785935265,11.5948630754826,6.12235681440835,3052.44931800292,98372.5830573449,1995218577.924913,1883052944.2890918,0,0,0.5076596478614092,0
26.1453913325694,0.209800901254884,1268.24838830469,240.500586845879,1785.15394371179,71.628393155539,400.928380867766,3.82651767075618,2.72393941906801,18.6326261602191,11.588064056828,6.11805301607569,3047.24857268529,98146.2770694199,1985355663.6663249,1884603741.4505424,0,0,0.48895952219259736,0
25.8924748244052,0.209113073894762,1268.0382970448,239.99639115784,1785.39073650837,71.669538199393,402.461999119968,3.8254114673355,2.73309172749298,18.4102561235208,11.5986053728291,6.11457013948651,3047.87941808776,99017.2025817038,2001200468.8545635,1886276702.1859968,0,0,0.479316542202363,0
25.6586380742122,0.208865338251585,1268.67067572365,239.628859910308,1786.74924492569,71.7536247705474,404.255068467938,3.81673415400116,2.72981406667347,18.28514149025,11.6141315544483,6.11320263149663,3050.45097040417,100375.521590726,2028350377.57206,1888166630.1231253,0,0,0.4742094198096895,0
25.4491675800862,0.209201281145733,1267.7121359844,239.072677749611,1785.69118905419,71.73854395016,405.561388379373,3.80781589206471,2.71319918054898,18.2683111638568,11.6137628379023,6.1150977694603,3049.1261318639,101988.029848019,2058726321.9639378,1890316627.5766973,0,0,0.4711261902613306,0
25.2672319914518,0.210184793496813,1263.24279741132,238.038539137079,1779.40422546356,71.5113976181784,405.790793484725,3.80433949998087,2.68228400347346,18.3665743753034,11.5792570152147,6.12128258990795,3039.25488291448,103959.213320844,2091459514.6689038,1892768148.7926226,0,0,0.4694484902705836,0
25.1081818723315,0.211762021003764,1254.39635816984,236.419465911738,1766.60162814697,71.019912316089,404.664009937252,3.80939452970104,2.6358892603936,18.5683439111163,11.4997512043858,6.13240056285507,3018.73172673954,106303.989058711,2125194592.2582705,1895545471.0570376,0,0,0.46863410167371033,0
24.9565383326659,0.213815479131626,1241.03653931374,234.358385512503,1747.06090176193,70.2529730560238,402.073608860779,3.82552336096955,2.5752987812361,18.8234055681211,11.3692092414901,6.14841011909536,2987.28638525146,108761.316408171,2154332041.8941317,1898607160.4749715,0,0,0.4670777896103549,0
24.791243007212,0.216576441193079,1223.54768033354,232.224248182278,1721.30920904859,69.2281154432811,398.032818495927,3.85353134343969,2.50389352027298,19.0507072752477,11.1851273758679,6.16873900873626,2945.98303487359,111272.153903782,2178570125.159474,1901900975.6936066,0,0,0.46403149954207895,0
24.597551449824,0.220434210933718,1202.83526677059,230.435045523971,1690.62103417668,67.993589429046,392.751253053669,3.89178138863425,2.4257950022341,19.1831316025492,10.9499322978075,6.19254159137662,2897.13326336593,113595.581723159,2195056457.5519886,1905330550.7555103,0,0,0.4586811186741829,0
24.3705997013684,0.225665060016357,1180.15862773394,229.265581414568,1656.81016088531,66.6221613395398,386.631301670756,3.93696785857447,2.34550747681906,19.1989968504618,10.671832970387,6.21876945871349,2843.83109642481,115586.820831792,2203316654.6560388,1908784719.7187274,0,0,0.45153496678379057,0
24.1067782456344,0.232404480986163,1156.85432601189,228.763816582962,1621.8841271219,65.1979540445939,380.187948710503,3.9840623221786,2.26555401738089,19.1250077750956,10.3635170881627,6.24652152701513,2789.31112490364,117517.962801224,2210572357.203957,1912247106.6237843,0,0,0.4445581870125628,0
23.7988874733573,0.240518742433974,1133.99665826041,228.836696968561,1587.52643499628,63.7937214130278,373.884404467982,4.02886815196895,2.18689534905149,19.0074515511671,10.0375447201626,6.2751223645221,2736.17189394222,119383.394626864,2218023191.1346097,1915725305.768102,0,0,0.43793927246806624,0
23.4415878370643,0.249958211431498,1112.17744315711,229.45746835277,1554.66455622952,62.4497009027274,367.984903013919,4.06872198939594,2.10960401999959,18.8757626172786,9.70206863521793,6.30418464340858,2685.86891060738,121453.7242882,2231575905.796615,1919273170.9168997,0,0,0.43277119964401245,0
23.0322284504302,0.260709447874468,1091.51127029215,230.979849612475,1523.38462532183,61.1672169040297,362.501718602193,4.10364773462684,2.03318715583053,18.7312723820548,9.35989465747579,6.3335927533795,2638.83954732177,123711.790287337,2252367632.162964,1922938457.2481623,0,0,0.42908521888685225,0
22.5673583843621,0.272542490074971,1071.86719609258,234.19449421303,1493.28505433184,59.9231760227518,357.249700705073,4.13787788075006,1.95956147692479,18.5538215049865,9.01109999566503,6.36294148227012,2595.0839798263,125618.18382577,2273401524.9998746,1926726245.272588,0,0,0.42490132190107344,0
22.0477943164217,0.285215109209018,1053.21276313022,239.380816658409,1464.22717545345,58.7077589794317,352.088501097756,4.17457237648013,1.89185691664862,18.322176949686,8.65895952805845,6.39146906588905,2554.5690073986,127126.514636865,2295148159.6006675,1930661526.3904982,0,0,0.4175457543837738,0
21.4875871537596,0.297301057688517,1035.64351779055,245.605074636549,1436.56153839112,57.5397894616083,347.057058888311,4.21585024838201,1.83358793831391,18.0309909640494,8.31318317069545,6.41808646935273,2517.02279172152,127721.597367013,2305278268.41268,1934647150.1475477,0,0,0.3975216368933678,0
20.9209190318327,0.307409048706729,1019.64864694239,251.538790661223,1411.33237991354,56.4706917093499,342.422284922866,4.26118972949167,1.78830295486148,17.6896233600309,7.98835314530636,6.44154722751092,2482.96490133351,127353.202801835,2298757064.482091,1938535034.2785861,0,0,0.3608494495574236,0
20.4030523527364,0.315415441942911,1006.21744611515,256.400206678198,1390.21182161793,55.5750823343146,338.653360087615,4.30377348565538,1.75558999736396,17.3133532518721,7.69904094101652,6.46127965297374,2454.40863714957,126846.474598453,2288983331.4612722,1942310629.4039135,0,0,0.31598287214940546,0
19.982441571578,0.321303227014872,996.008500453924,260.061051384125,1374.23700045644,54.8973790351894,336.077383237022,4.33799177209485,1.73251990023195,16.9150515269396,7.45236991636722,6.47746975062463,2432.92380026496,126327.150052257,2278711097.647058,1945983935.6922624,0,0,0.2714446545022106,0
19.6708539302674,0.325413938208018,988.811623941665,262.734208379539,1363.06028937869,54.4225358400091,334.65667281581,4.3628692867193,1.71660086218874,16.5045234968415,7.24576673716334,6.49066384866338,2418.16252893834,125899.075521492,2270383829.6189027,1949636600.7917833,0,0,0.23216922184402466,0
19.4384070523177,0.328116314906294,983.942447032824,264.708340456247,1355.56117942767,54.1032088211455,334.136571411579,4.38009248768997,1.7056789997848,16.0937735472577,7.07167527824326,6.50154279899587,2408.6215450014,125566.945239905,2264279022.321161,1953388941.8006198,0,0,0.19926956455088615,0
19.2157151772514,0.32966335727433,980.709541858156,266.22764660596,1350.53839157638,53.8898106744206,334.221734640687,4.39257434988675,1.69848084303873,15.701422731799,6.92217675220872,6.51063759271898,2402.65969090734,125205.751097705,2258130208.275734,1957257589.511073,0,0,0.1719988136358738,0
18.9316198164615,0.330553895433941,978.655023933292,267.459558552875,1347.13541569056,53.747621683853,334.697082173138,4.40203053581919,1.69434910744575,15.3467646108567,6.79136516196117,6.51829896684057,2399.12604625488,124829.674573932,2252191109.383627,1961228023.8699362,0,0,0.14951176100639343,0
18.5605031791167,0.331050290950684,977.547531178476,268.477572119796,1344.93420314536,53.6594519866186,335.464951692388,4.40917365075824,1.69299366689529,15.0392529596895,6.67572506243091,6.52475800095913,2397.45093879337,124329.070685278,2244449131.344727,1965291987.4791477,0,0,0.13093608809690477,0
18.1251429282707,0.3309963298244,977.298422249526,269.254335685725,1343.84976547859,53.6208106635498,336.509518355878,4.41450257251724,1.69452369339016,14.7799340298324,6.5734533954586,6.53013025371386,2397.45708314272,123685.745450562,2234388865.990747,1969464678.1463215,0,0,0.11569728288984775,0
17.6789273744703,0.330086369736294,977.91522234859,269.665356759999,1344.03310392906,53.6357155716251,337.856496717041,4.4177651641481,1.69860528530511,14.5697459292454,6.48369238173777,6.53451555596721,2399.21190558948,123104.731520736,2225343199.214157,1973743083.1727707,0,0,0.10346799285871983,0
17.2735075405225,0.328193060319948,979.336482153961,269.56275694728,1345.54680101808,53.7045378911237,339.498523213024,4.41869684806348,1.70456731144838,14.4101123350613,6.40511096167674,6.53804220349765,2402.6106609612,122611.411905847,2217244481.0669937,1978103721.5725543,0,0,0.09372664306649207,0
16.9309162046038,0.325381106966616,981.342067780318,268.881204963675,1348.14297158194,53.8163835023741,341.359881259375,4.41818681418288,1.7124641334376,14.2974437769367,6.33534580698554,6.54078807124223,2407.16031301201,122001.989394363,2205932781.762701,1982498943.224943,0,0,0.08582724708773136,0
16.6481780884074,0.322070202474695,983.775091351576,267.693342244975,1351.57882580238,53.9615807639373,343.386538177032,4.4165863478785,1.7226067414832,14.2167166476718,6.27259883452476,6.54281087078792,2412.53750394959,121297.080615098,2191810515.3866177,1986908228.8883784,0,0,0.07937456924034596,0
16.4141974673113,0.318847861365599,986.685436108487,266.199678737102,1355.87284455308,54.1409551053325,345.614987654966,4.41223223134456,1.73390036072653,14.1350026441609,6.21655801613229,6.54434988466603,2418.96934410175,120811.457317297,2181227339.8311954,1991349244.1917017,0,0,0.0742058914527607,0
16.2180646942186,0.315849567195534,990.030877019044,264.585548162779,1360.92577303151,54.350267085014,348.056669900062,4.40446483452771,1.74438621014663,14.0144110131367,6.16643424428718,6.54578963310492,2426.47665958571,120572.528535455,2175141887.4836993,1995839028.5989892,0,0,0.07001273113465309,0
16.0497654035223,0.312832531621474,993.46082410517,262.894500747178,1366.22426137258,54.5687625641636,350.590326471345,4.39613068329497,1.75406164375927,13.8340290881378,6.11971423664929,6.5472623387228,2434.27459255487,120081.055752284,2164200076.9746933,2000296085.2512999,0,0,0.06628839016823292,0
15.8960546073815,0.3096905853989,996.787368672976,261.116372546101,1371.4733631447,54.7849189190268,353.127999002423,4.39005441724793,1.76519978868448,13.5917257535059,6.07520711719217,6.54849453612757,2441.88535174604,119049.507298772,2142957514.7626626,2004583981.9545565,0,0,0.06279296729685069,0
15.7333155170143,0.306676282445638,1000.51184079876,259.328131746695,1377.29975705364,55.024536161219,355.83274116458,4.38385962490996,1.77854269748975,13.2942347160084,6.03596319084418,6.54927118357074,2450.42911209558,118050.476707733,2122593891.262997,2008690661.6122806,0,0,0.05979734889785766,0
15.5353829081491,0.303666438506245,1005.32131126494,257.633195840426,1384.58013161384,55.3234009317664,358.947148452785,4.37437270278659,1.79294478564435,12.9484624216096,6.00606653746523,6.54960758342699,2461.46745679728,117177.671966705,2105919368.2176516,2012644964.5506957,0,0,0.05729226742079258,0
15.2899406000577,0.300512172605305,1011.34653380388,256.04506956822,1393.4626307456,55.6876166789827,362.514028214592,4.36089934789373,1.80726267827666,12.5604243472175,5.98625201920324,6.54961838494909,2475.27341159559,116551.027325278,2095253659.4711084,2016519427.60985,0,0,0.05525046214748859,0
14.9993662859143,0.296907608506428,1018.17593259327,254.481276693727,1403.38901433327,56.0946766946211,366.371792657875,4.34496991477689,1.82035489533808,12.1443057617076,5.97393534008696,6.54949546680224,2490.85559766506,116181.592424434,2090067783.9812832,2020394480.4479141,0,0,0.0535571249692297,0
14.672687707516,0.292426559299742,1025.1383818331,252.781143509424,1413.46430008078,56.5090960576437,370.241423586728,4.32999215375736,1.83211826145056,11.7352850389796,5.96500541359484,6.54927481133637,2506.58342049566,115861.450514374,2085426334.3499331,2024297389.8887837,0,0,0.052000367648518085,0
14.3198308329034,0.287168138323549,1031.68245390171,250.793779492637,1422.95849535608,56.902470519342,373.875117371243,4.31811889764497,1.84339115878935,11.3777192350347,5.95612187595599,6.54880677047864,2521.09737023267,115555.553112629,2079711996.9280882,2028230632.0942545,0,0,0.05048903303624153,0
13.948905704956,0.281525712704965,1037.6105120377,248.475277700502,1431.61550866752,57.2649747687973,377.174818160726,4.30882477786894,1.85444305983967,11.0957188004446,5.94604482617121,6.54800671880542,2533.91760379477,115392.925823114,2074965446.1356077,2032166250.6759093,0,0,0.04919269991283417,0
13.5646098817112,0.27584831685714,1042.89391477686,245.88050656402,1439.39841283641,57.5949363375518,380.133094198839,4.30100893953533,1.86481222397458,10.8821289401588,5.9345417444676,6.54694038561929,2545.02450956398,115387.936900828,2071580021.552891,2036005351.4544716,0,0,0.049988733120639325,0
13.1681452730079,0.270368943341651,1047.43184421653,243.132473175034,1446.1642656387,57.8862018760281,382.73263247873,4.29497991401908,1.87443403449612,10.7013304060186,5.92105478515376,6.54568990458653,2554.28983249837,115327.823461135,2065924409.3832033,2039670161.0529912,0,0,0.0567354447343421,0
12.7604870253933,0.26524058855877,1051.16355112373,240.387080708496,1451.82387557779,58.1348160377949,384.974028067409,4.29143201251439,1.88359542591574,10.5104758463475,5.90530443921365,6.54430162450954,2561.70125904832,115176.396870087,2057688026.5343902,2043133268.793269,0,0,0.07176717833014488,0
12.3465766367817,0.260400896324287,1054.26488666472,237.763984194283,1456.61558220714,58.3501381206983,386.933299339786,4.29105035494491,1.89331131113704,10.286476816135,5.88840149148596,6.54265390078096,2567.749462786,114666.854500854,2042669643.1992738,2046389502.1483152,0,0,0.09402610619457245,0
11.9373085542327,0.255792513012205,1057.22672399899,235.334424136425,1461.21767944219,58.5593617257626,388.790326161627,4.29339035199467,1.90561738834914,10.0278069862183,5.87338989285989,6.54038842663465,2573.60034064461,113708.702620848,2020112476.8092904,2049488374.49057,0,0,0.12035912391238213,0
11.5486894504951,0.251443147343625,1060.84825969858,233.159469527599,1466.74232484264,58.8070209613786,390.846394244393,4.29524716896482,1.92125738397193,9.74056462037773,5.86513356783768,6.53725574328699,2581.12325362356,112691.407980717,1998093062.0669012,2052488470.638654,0,0,0.1481411877586937,0
11.1954206501753,0.247211725758415,1065.81452369693,231.268546364734,1474.14837894842,59.1314265661516,393.368232270654,4.29379315064366,1.93960500634038,9.42885174615577,5.867939386882,6.53321174228307,2591.91356853422,111682.497676111,1978646957.6616783,2055413778.2391503,0,0,0.17625470474958896,0
10.8839037207913,0.243051568150018,1072.21639536304,229.617027909105,1483.56848325248,59.5377219866891,396.397530769311,4.28800046681113,1.95938727214389,9.0959625952,5.88320436771421,6.52838819842342,2606.15526454041,110926.569500748,1966011689.7655368,2058305990.5307996,0,0,0.2040412043103218,0
10.6150613369318,0.239066304026513,1079.51493375791,228.095731839425,1494.25311867964,59.9953881070069,399.739490413372,4.27813231201646,1.97781530084769,8.74805534792509,5.90920267465785,6.52323027047166,2622.54172348303,110702.498468529,1964164779.3082857,2061239623.3549273,0,0,0.22961913819624902,0
10.3941433825202,0.235350332182314,1086.70392322469,226.556599546806,1504.79473218845,60.447057523826,403.022292630957,4.26675353869364,1.99226498518545,8.39433903902497,5.94122304548558,6.51828475212325,2638.66269130678,110789.49600818,1967640408.1875172,2064250499.1280003,0,0,0.250475514149704,0
10.23136455964,0.231981395877532,1092.669575007,224.857756448558,1513.63149098593,60.8289220321881,405.832435917832,4.25724970844275,2.00124956376779,8.04430327750836,5.97298227636838,6.51402738897278,2651.86187749781,111129.518400967,1973757697.354309,2067362334.7784026,0,0,0.265868495313859,0
10.1324919489883,0.229038631184129,1096.63131071664,222.917028214932,1519.66556549972,61.0959362650704,407.886763570804,4.2510032952905,2.00234850744381,7.70427605182985,5.99889394946976,6.51105331413751,2660.29138231501,112073.581658892,1987607750.9182904,2070669081.8721411,0,0,0.27734633850214,0
10.1008579688539,0.226435577081616,1097.98814146513,220.67494375019,1522.0412178619,61.2131207209878,408.961020230213,4.24933343974936,1.99266666234781,7.37307585431579,6.01334162355964,6.5100119508969,2662.51785478921,113625.751555735,2008249067.950542,2074269260.5673435,0,0,0.286068287290411,0
10.1529273960298,0.223917403543973,1096.01641235362,218.029184243522,1519.70282833993,61.1380067522505,408.739260608257,4.25686803856179,1.972702110962,7.03693460161853,6.00910546666761,6.51109300799142,2656.74175976736,115121.241272634,2022471427.07997,2078110419.7840188,0,0,0.2912548365847087,0
10.3159798168842,0.22145975176168,1090.40936248669,214.90353755114,1512.15964674485,60.8513210028835,407.033156738359,4.27702640006041,1.94552809531132,6.67778646244491,5.98071920505909,6.51403241524516,2642.10286351011,116433.297163464,2027159493.64667,2082096803.2773533,0,0,0.2934179637681222,0
10.6039094427755,0.219173694872961,1081.84244306097,211.350635610027,1500.32273238815,60.3902417645076,404.060268202778,4.30787480256182,1.91267162878998,6.29017178811327,5.92841344557083,6.51860465063218,2620.13317399592,117832.577623595,2027784979.133508,2086145709.6571827,0,0,0.2941499119264102,0
11.0090863140702,0.21724870546731,1071.40032055333,207.506012072831,1485.73067077441,59.8167865330514,400.254540998424,4.34433813353916,1.87379104600011,5.8939903734708,5.85567037625764,6.52479648562726,2593.45204946223,119528.757104953,2029523280.6944528,2090172134.3298113,0,0,0.29459815789551497,0
11.5113654984499,0.215828935834608,1059.70110644686,203.485883029854,1469.33029262758,59.1685339626524,395.926385261401,4.38235615205619,1.82968353771114,5.5468169376174,5.76510133913986,6.53254954858877,2563.68443683916,121176.355936976,2027679784.8615232,2094100922.253513,0,0,0.29425864828605414,0
12.0874528979069,0.214880874909133,1046.91678198114,199.366083839822,1451.46354256036,58.4586566645972,391.232034915181,4.41900679875694,1.78342915141664,5.32037182456746,5.65854456369065,6.54153536297944,2531.43022128624,122667.870404016,2021264183.22841,2097889953.5287426,0,0,0.2932998855706525,0
12.7150925024357,0.214486599566009,1033.37398727228,195.220434573756,1432.64038874132,57.7078626024752,386.348543954855,4.45211270401202,1.73921785147837,5.25143317069785,5.53926814801723,6.55114261207719,2497.57464787029,123816.670147856,2008180161.2883308,2101448306.61295,0,0,0.2915542496476889,0
13.3700028563476,0.215780975894631,1019.74756872519,191.190779302005,1413.78044086706,56.9543229664406,381.58870405252,4.47778216873619,1.70065859684279,5.35447884727804,5.41345553633312,6.56076060355517,2463.78188362828,124459.818040182,1987505731.5587783,2104620449.2867625,0,0,0.28672000198414566,0
14.0215088324302,0.220873510506347,1006.89961563664,187.572499291825,1395.98614038815,56.2444092652865,377.459402328868,4.4874671278512,1.66891644966138,5.68099952465907,5.29030259874424,6.57029699166815,2432.26049377117,124731.481266222,1964116290.5675166,2107357228.1143026,0,0,0.274217337907331,0
14.6403233587836,0.230866048827822,995.62696710021,184.689866566927,1380.25680705928,55.6203424959669,374.487316313287,4.47594334913005,1.64468058417942,6.29946007888184,5.17796576817549,6.57988741030783,2405.10687974524,124684.783380196,1941576682.9454582,2109674535.2289393,0,0,0.2511238213326573,0
15.2122422982409,0.246443447245142,986.383456560004,182.686249038132,1367.17922853667,55.1061225776468,372.921218074278,4.4437625957614,1.62688445174779,7.2265168276459,5.07976364074624,6.58974683292922,2383.46915999568,125154.904577811,1934107895.702695,2109894402.794009,0,0,0.22147470293363333,0
15.7363948128027,0.26883994482231,978.878250146266,181.701858099366,1356.32885589888,54.6813881405826,372.556424087165,4.39513195555411,1.61033814095612,8.42021609943146,4.99340682948851,6.60048745775472,2366.71010619982,126583.486301299,1948365338.2473028,2109846485.315478,0,0,0.19094050988503694,0
16.2098709568983,0.298874968964241,971.84466309442,182.159762936476,1345.89048075448,54.2648027770388,372.681181730572,4.34123546188155,1.59128314910043,9.7842088270571,4.91121902274997,6.61251761869796,2352.05885830775,128043.127312978,1969685190.7995434,2109534122.292208,0,0,0.16213374727185248,0
16.6227386105094,0.338363123362652,963.99085731945,184.404910523538,1334.05055300393,53.7751664697984,372.569987650541,4.29138730857043,1.56895037435432,11.2018334572212,4.82566829495809,6.62580936402357,2336.66046461699,129416.416867188,1995627612.0513918,2108989293.6168692,0,0,0.13715672584475994,0
16.966924220791,0.387281095351592,955.020340474767,188.195205674507,1320.48828655055,53.1984553982127,372.00830927256,4.2495127416425,1.54446413755309,12.5929955784042,4.73506569073633,6.63996223967541,2319.6802117366,130230.875656498,2017416169.2111096,2108264773.5213773,0,0,0.11608570520903826,0
17.2462288095322,0.438434673317409,945.636918848603,192.916910411405,1306.31298135406,52.5844206014917,371.21800024065,4.21915362530946,1.52111982828104,13.9102403371465,4.64314950604837,6.65404551324772,2302.36447469942,130347.988025955,2031226616.1403997,2107478166.881426,0,0,0.09866941846459389,0
17.4829851072965,0.479305794869117,937.103428593879,198.026231039973,1293.35379804631,52.0130568932859,370.56578620705,4.20250744550231,1.50108243828472,15.11103930225,4.55581811920436,6.66701472023821,2287.1949393037,130395.302518702,2046059153.7263134,2106702436.7699833,0,0,0.084824155277884,0
17.7048137637698,0.503934466624113,930.312137613943,203.244062989031,1282.8521100165,51.5383919858908,370.255391646805,4.19816411993213,1.48494211610961,16.1605046760654,4.47666411278789,6.6781490198536,2275.92235489286,130436.472475673,2062780985.1452298,2105968468.8936856,0,0,0.07379207894227505,0
17.9258238560101,0.515707986765286,925.305152402715,208.529442753621,1274.83811338468,51.1627140143627,370.270668591886,4.201654666467,1.47263935008681,17.0471322256173,4.40545604456278,6.68730358329802,2268.56722839799,130536.191916952,2082252497.7581167,2105322780.077822,0,0,0.06486014172197342,0
18.1510926562464,0.51965402586804,921.617461368818,213.89385145957,1268.6756916826,50.8605335890398,370.510362985794,4.20905823351909,1.46326419324336,17.7621646754256,4.34017693363565,6.69479603224742,2264.13188875817,130702.307555254,2104072119.7778714,2104818471.2434273,0,0,0.05739543069549322,0
18.3907398422724,0.51778284484425,918.624900114768,219.196401863428,1263.60808517468,50.6030900746322,370.858020608482,4.21971396045562,1.45593094416203,18.2642328869505,4.27881046591534,6.7009847058581,2261.26421782944,130819.744745881,2124981132.3807135,2104447249.2203853,0,0,0.050888195711958406,0
18.6572983584465,0.511000837048355,915.848199602173,224.213153155208,1259.11184964908,50.3718974720395,371.230862444456,4.23415651503951,1.45005690149172,18.5046358715777,4.22020574147136,6.70609203845315,2258.89844858197,130894.530048521,2143474878.3961117,2104180247.1520967,0,0,0.04506562314017773,0
18.9519578579402,0.495952308343112,913.18284659892,228.797542171528,1255.10206905174,50.1652374250757,371.621163141921,4.25728390402731,1.44819527683393,18.4755066484607,4.16480673358519,6.70981125171859,2256.76355697425,129769.773028112,2139760039.3835676,2103784867.1985838,0,0,0.03948585380140066,0
19.2496288358532,0.470878019069841,911.456644364396,232.931794417405,1252.68367641312,50.0290819237936,372.331177518611,4.29261916205236,1.45644151394211,18.2121220701042,4.11744772153447,6.71119218678049,2256.68654369822,126915.732457588,2105786218.2036026,2102928827.234831,0,0,0.03418561978101015,0
19.4964918488252,0.442359951376687,912.689297490546,236.792138545436,1254.52801722812,50.0725011840305,374.143918458994,4.32936461067336,1.47736696990124,17.7740777055013,4.0882282486843,6.7096188120718,2263.29209584016,123706.3232726,2067304851.1083305,2101528487.0635736,0,0,0.02966620222509146,0
19.6496857971398,0.414951028578422,918.618684358039,240.628593675925,1262.91214222166,50.38761067316,377.766518371739,4.35516460850886,1.50987242961046,17.2213606714523,4.08583272531944,6.70506040208608,2280.63235065984,120367.360247715,2030962411.8762925,2099568509.1360638,0,0,0.025920030221874713,0
19.710118360132,0.390876479848297,929.559958096943,244.603415592781,1278.21248917557,50.9883739073742,383.353587512348,4.36519384591185,1.5528394554697,16.60219488938,4.11258908461373,6.69770639316232,2309.51016183826,117100.652790759,2000805599.8902957,2097106870.8365774,0,0,0.02285910291402817,0
19.7085839430602,0.370772171349186,944.933007603049,248.796298542297,1299.62123521956,51.8399564717756,390.702121635712,4.35853524155524,1.60415862765843,15.9577941110888,4.16666764381159,6.68799965954594,2348.66820432476,114216.920454657,1981535723.4007611,2094301628.0464504,0,0,0.020343916769025326,0
19.6821961445368,0.353887685136251,963.809087069799,253.19909796122,1325.8666528278,52.888580071971,399.447298749629,4.33757186344772,1.66139100697888,15.3296248482773,4.24453376763747,6.67643051984493,2395.9891863515,111671.378633008,1971332269.0256786,2091283009.9398448,0,0,0.018141633063175677,0
19.6584405733648,0.339757397761789,985.151069914355,257.723538714842,1355.52774878182,54.075044008676,409.159173345097,4.30584658187709,1.72268884539323,14.7527918948993,4.34206216777392,6.66338409183768,2449.03586942295,109437.134528936,1968409999.5970714,2090190502.413688,0,0,0.016055263799390793,0
19.6485466903515,0.328370858382354,1008.06473474564,262.274534683445,1387.37549887041,55.3488434204135,419.472083274528,4.26497082765339,1.78536513869715,14.2446696669375,4.45560473948716,6.6493477053189,2505.69271323644,107844.917997357,1977745489.6791983,2089297461.2210257,0,0,0.014218008943538666,0
19.6500091020057,0.319533157437247,1031.71400073865,266.759179740138,1420.25105304232,56.6631981814218,430.059610166821,4.21601674260784,1.84528140579676,13.8035234286826,4.58154275471468,6.6350299806091,2563.9796811052,107068.758985687,2001991725.9033175,2088890473.5024316,0,0,0.016632547107758522,0
19.64944004903,0.3125738394712,1054.90401004666,270.990109653755,1452.48857237616,57.9521462830275,440.449172495191,4.16353181373558,1.89963330457914,13.4084120877748,4.71446221925787,6.62104036482742,2621.01458671694,106604.786272024,2030470087.7913275,2088994256.67939,0,0,0.03332441600929976,0
19.6287876321742,0.306987088905374,1076.06363072128,274.657499557049,1481.89694623238,59.1294744818809,450.003936131106,4.11377747728663,1.9474675289219,13.0290762311261,4.84786140876964,6.60778196253307,2672.95065555875,106334.684828303,2058477722.2707887,2089511512.0663536,0,0,0.06781792008030414,0
19.5762749701513,0.302172185956535,1093.85364461845,277.464240177805,1506.61308885333,60.1218098078222,458.165381445337,4.07269284307843,1.98867125433516,12.6452624694854,4.97678550684176,6.59546633336735,2716.4790278386,105986.490864014,2078460359.544269,2090203097.907072,0,0,0.11059793399168252,0
19.4938988799052,0.297617506916181,1107.85004767541,279.300286478682,1526.06473149416,60.9065022297307,464.733199359285,4.04373105465535,2.02477176660286,12.2561354344836,5.09905913826712,6.58394419516972,2750.54243841883,105336.962816489,2085207135.4279642,2090764540.4002798,0,0,0.1494469169992137,0
19.4008362853258,0.293179703070232,1118.73149338598,280.307108456032,1541.24640182722,61.5222886476613,469.963425405576,4.02511387818225,2.05716067755541,11.8822200994469,5.21579388821367,6.57294467586777,2776.84152705029,104698.16769685,2086129826.869185,2091127575.542609,0,0,0.17858928639237404,0
19.3251890389647,0.288834554848172,1127.68656146557,280.756911779062,1553.8798978016,62.0362607398843,474.334227325003,4.01247043242549,2.08643757015683,11.5534728861648,5.32975518764746,6.56224440851058,2798.37219518775,104126.387286631,2084668604.6906886,2091327291.137598,0,0,0.1978415206508541,0
19.287224057168,0.284706827672947,1135.63967040544,280.877150539521,1565.292075118,62.5001720433764,478.222180788393,4.00209189087563,2.11337652578124,11.2894203491774,5.44273172714279,6.55165592823949,2817.4676629949,103651.104466213,2083233808.15908,2091520608.1812317,0,0,0.20979613271336794,0
19.291060090178,0.281077261423068,1142.99500904553,280.782624274677,1576.03442250008,62.9358116903078,481.803538180667,3.99159768383964,2.13842862434084,11.0941730531779,5.55498343993,6.54114627377698,2835.13997998762,103286.605760596,2082944549.5890079,2091924655.5954695,0,0,0.2173484511245823,0
19.325136354435,0.278180196390322,1149.77763128163,280.493268049715,1586.08240084901,63.3431287299867,485.126655903197,3.97987096442178,2.16174596801329,10.9641720803416,5.66599933673263,6.53083747253458,2851.42977720597,102925.231972781,2081719105.625407,2092579384.3323545,0,0,0.22220275263520478,0
19.3704171134232,0.275907484220629,1155.91909278018,279.995053006811,1595.2612752271,63.716734376546,488.222209195509,3.96697855833239,2.18338453283744,10.8949445792924,5.775479965517,6.5209104891974,2866.13123120796,102527.108420895,2078615585.59941,2093448103.1622972,0,0,0.22529301361505985,0
19.4128857209111,0.274059260393313,1161.47169552358,279.299307634468,1603.58638295796,64.0584125731421,491.15759965456,3.95324358882281,2.20312747131063,10.8820209732878,5.88386268674413,6.51151081337236,2879.34801372692,102168.822923535,2075259350.4482083,2094384599.8996086,0,0,0.2273112913738799,0
19.4506412933969,0.272650397420054,1166.58095813598,278.450791682019,1611.24406097485,64.3757552095498,494.014576521607,3.93845324552524,2.22079711274318,10.9251499694058,5.99198572782076,6.50269171158614,2891.44680703875,101839.651864444,2071730422.9823744,2095119286.9217732,0,0,0.22857672769623041,0
19.4957980453796,0.271850586851737,1171.36255266721,277.510581260845,1618.41488144968,64.6750986631004,496.862854583614,3.92196427522358,2.23710395875882,11.0396147919683,6.10060637411845,6.49438926302856,2902.77053577925,101372.58554329,2065002222.2538931,2095501076.9705427,0,0,0.22897127084168195,0
19.5683622635195,0.271674668497509,1175.96015883787,276.56049403951,1625.33195992385,64.9643597100132,499.798834222159,3.90286937460038,2.25300497953783,11.2540393730522,6.21076455015416,6.48653013954877,2913.76348375549,100849.044349712,2057234062.3480709,2095485532.5995436,0,0,0.2288741317655587,0
19.6837841695671,0.272040356363895,1180.60573755004,275.694834319574,1632.33980805188,65.2561363994488,502.950573176328,3.87995367632873,2.26793352053493,11.5897439159463,6.32397657542754,6.47920238335697,2925.06921454539,100574.114492906,2055251405.8927493,2095108364.7997923,0,0,0.22913385960768462,0
19.847514037619,0.272692198682931,1185.36485000324,274.962759992589,1639.52533100141,65.5532655349934,506.3416185499,3.85316781543435,2.27972631859831,12.0454096357941,6.44071147866187,6.47265971377962,2936.86881591365,100738.065672522,2063177895.21016,2094462357.5388744,0,0,0.23026289142096282,0
20.0575299274163,0.273026300394095,1189.83456333098,274.311228246547,1646.2863836723,65.8315763140431,509.72514580452,3.82635675116539,2.28739752147696,12.5863622652369,6.55828815717149,6.46697066428001,2948.10733231238,101023.928245245,2073859056.665141,2093624097.2760725,0,0,0.23149760401923894,0
20.3082336340015,0.272826066369768,1193.34506016233,273.625978434354,1651.62138416846,66.0512634344623,512.682318891818,3.80435779954541,2.29178404443555,13.1529446578439,6.67175191908034,6.46193645979971,2957.00618315527,101333.947799075,2084033634.8414135,2092639342.1685925,0,0,0.2325070445250869,0
20.5929796328068,0.272252056304751,1195.48411084052,272.833350451149,1654.8989735489,66.1873775819541,514.925244354355,3.78942607859028,2.29380542612366,13.6929046483683,6.77724843365886,6.4573504541872,2962.43631183228,101606.916193252,2091579850.7032125,2091561460.8472512,0,0,0.2330935421431756,0
20.9055725150825,0.271530653690642,1196.27834204648,271.945898507874,1656.14061571466,66.2410965254124,516.42143382445,3.78126487935618,2.29430271326307,14.1835729131832,6.87355670378687,6.45304581474985,2964.42806102099,101798.938502909,2095555041.8658068,2090438944.047353,0,0,0.23320437831213475,0
21.2416054592264,0.270877269112011,1196.0598491749,271.068101842854,1655.83752168568,66.2325046335927,517.331920356647,3.77793185022342,2.29377048198695,14.6362417568067,6.96163013576783,6.44892849055573,2963.86665461112,101980.733528334,2098111490.365294,2089267476.6844501,0,0,0.23312168941747904,0
21.5985408399384,0.27044637991927,1195.2377199356,270.351925351719,1654.61060762109,66.1869686089134,517.880592922515,3.77715907802612,2.29238633200098,15.0819482528117,7.04322664580329,6.4449650750051,2961.89013401779,102167.771032576,2100572437.4779778,2088044031.3338602,0,0,0.23301263864422084,0
21.9727660318945,0.269975201372362,1194.13409637935,269.898783743187,1652.95658371932,66.1249728809315,518.238707400735,3.77910794683605,2.29291433309517,15.5424440303561,7.11975843883565,6.44077015449674,2959.3853993247,101754.706684782,2091233311.1838968,2086582129.3066444,0,0,0.2316234302385354,0
22.3543921000805,0.269071838275878,1193.25546624552,269.748107267065,1651.61939749383,66.0769493262005,518.623558344415,3.78486754159986,2.30175328727365,16.0107639457308,7.19417978562676,6.43536124947972,2957.59067817065,100313.177360999,2061925248.027164,2084598354.4718964,0,0,0.22814358762897252,0
22.7253781299815,0.26795654359884,1193.79425765492,269.996800744825,1652.28585368155,66.1105133250661,519.553877014753,3.78996600548332,2.32192151203118,16.4585566259622,7.27466183078144,6.42801055085762,2959.36649636788,98705.7491554618,2031722845.3537474,2082080868.2255828,0,0,0.2247593257450247,0
23.0663340788274,0.266678106344382,1197.15044355575,270.785339586961,1656.92013215921,66.303764438916,521.659119371753,3.78812517303156,2.35148243720352,16.8561605812713,7.37196933135311,6.41857644248009,2968.08774514038,97172.3255589178,2007130407.8729193,2079080683.3117516,0,0,0.2222071558887553,0
23.3662471400224,0.265289309484291,1203.91681280385,272.157197878127,1666.35176849656,66.6893124219322,525.218747631751,3.7761128226003,2.38748737141152,17.1877612954668,7.49283732981906,6.4072026222774,2985.17681241858,95943.1428326213,1993399464.4328377,2075831945.7702954,0,0,0.22102720236173867,0
23.6244778513148,0.26387692527363,1213.68405932692,274.025245058565,1680.00237111411,67.2435310580072,530.070807352072,3.75398424379308,2.42599855422161,17.454578103422,7.63797068601351,6.3943904494251,3009.62120628513,95200.4511723425,1993636532.7348802,2072653606.8979282,0,0,0.22146027582484962,0
23.8452391990778,0.26232497191226,1225.30522814813,276.168625187561,1696.2622303407,67.9019121755033,535.712808426033,3.7256134882453,2.46429067267512,17.663750557248,7.80281083789662,6.38065480498501,3038.58360107496,94619.4467851203,1999415487.3990188,2069637275.1889467,0,0,0.22244987258894683,0
24.0324286035255,0.260590122827051,1237.41225078998,278.295547503693,1713.21736340254,68.5881974073695,541.524792287443,3.6960245466807,2.50165292616742,17.8194646572461,7.98016125662712,6.3663144944906,3068.65216366501,94110.2161405701,2006754270.8995302,2066804391.5769932,0,0,0.22346203544410945,0
24.1884983716672,0.258768708385784,1249.03958551486,280.189096629878,1729.51753137452,69.2486889408263,547.062283744906,3.66803005785502,2.53682940782871,17.9243993127875,8.16416273372196,6.35171782961606,3097.40719856627,93835.2847767383,2017668068.30042,2064171935.7299259,0,0,0.22467210438415527,0
24.3158724756364,0.256966506154667,1259.69819644624,281.753916709768,1744.47629924759,69.8560047643246,552.100660370788,3.6424527301055,2.5674472886987,17.9831386698407,8.35113040028866,6.33731075680844,3123.63188013982,93894.6572518495,2033738244.4237132,2061770469.2934942,0,0,0.22624436257377148,0
24.4194536525979,0.255200052148414,1269.01683026962,282.947383543459,1757.56969725413,70.3891642994958,556.472148557724,3.62023861435858,2.59170626310681,18.0026021254108,8.53737855014086,6.32348868960254,3146.42367520278,94173.5086579121,2052160330.4363914,2059624949.7326672,0,0,0.22788883201447488,0
24.5069098405226,0.253509748363781,1276.5595842094,283.724237151783,1768.18203797587,70.8235795561927,559.980523481001,3.60272057398613,2.60895951066973,17.9906532608869,8.71803469654464,6.31055457095063,3164.72655159499,94629.6566930951,2071552112.3123007,2057743293.5131748,0,0,0.22950091176242352,0
24.5847607406883,0.251926141186492,1281.93526606184,284.039128587761,1775.76097123034,71.1372339602252,562.451889202182,3.59111538195183,2.61927488512681,17.9540117613402,8.88790566692966,6.29874442555157,3177.59078986821,95173.7155439914,2089474979.565542,2056128979.4321413,0,0,0.23087645505109786,0
24.654237202665,0.250388537128423,1284.94082735216,283.860919105442,1780.02767543022,71.3190354322688,563.796737400735,3.58654364837828,2.6240419969264,17.8955925461725,9.04263996788287,6.28809078830806,3184.52560752688,95601.3587289151,2101121666.0576367,2054740779.4328382,0,0,0.2315661312110877,0
24.7094846159301,0.248811724356325,1285.72143286624,283.200326930688,1781.21593014307,71.3781645583198,564.079872736499,3.58914060245216,2.62536798668436,17.8134873891737,9.18017936034433,6.27842649369864,3185.90593091368,95908.0321402713,2106510531.2897358,2053502939.1419585,0,0,0.2316627881800437,0
24.7411016699568,0.247155012245525,1284.8033011265,282.128179444481,1780.1147266823,71.3457041552149,563.534619148491,3.59756077648526,2.62500875320957,17.7032776918362,9.30150766364883,6.26948722751535,3183.0591308508,96105.0915317658,2106579886.0139785,2052350182.9434898,0,0,0.2313602817436266,0
24.743755213455,0.245422329271436,1282.87608706883,280.753058074221,1777.73255557271,71.2615294023926,562.46627248034,3.60969104367118,2.62450908550994,17.5624681923205,9.40961494437267,6.2609495850698,3177.71253356909,96176.9647150214,2101975707.112134,2051267296.749213,0,0,0.23080395207126855,0
24.7207748194739,0.243634744353975,1280.57329991005,279.191450662549,1774.9632258007,71.1612438176369,561.155339535838,3.62350380575274,2.62524131031784,17.3918094984403,9.50816993815757,6.2524971942355,3171.43513811091,96115.2156130392,2093489504.4063134,2050243119.5515015,0,0,0.23011155527634622,0
24.6843109287464,0.241832495605411,1278.40327440698,277.558993616815,1772.48120494233,71.0720631839534,559.825784626975,3.63724693078509,2.62788935156584,17.1917565877991,9.60085628138495,6.2439186000935,3165.46213057457,96001.7952892217,2083746021.0699813,2049227689.1477392,0,0,0.2295522721786523,0
24.6507577258433,0.240049009596446,1276.72278265675,275.956663411768,1770.72278071301,71.0119098158748,558.632285859303,3.64971790723398,2.63243919650145,16.9600021602149,9.69085320218786,6.23511919722151,3160.6392795005,95861.6747508802,2073905481.3786793,2048173143.2508116,0,0,0.22920725764904976,0
24.6331217903529,0.238257260070318,1275.70224759131,274.437457273015,1769.87558790304,70.9888278658321,557.642702384683,3.66098380946733,2.63994467853684,16.693150181328,9.78034887727108,6.22588521443444,3157.35135210583,95441.7045611797,2058800889.7395885,2047075235.0504458,0,0,0.228460951443491,0
24.6359454026798,0.236376494637494,1275.48804689675,273.010910315499,1770.13120417752,71.0110288464411,556.908820096316,3.67169156386763,2.65346995813167,16.3889908629196,9.87167017277478,6.21569235220896,3155.92653509831,94521.8808998848,2033897639.1181147,2045939194.6791487,0,0,0.22678034969225644,0
24.6542088344397,0.234363027854572,1276.50430624217,271.697988108041,1772.10692550632,71.1035629680717,556.607795556166,3.68056610994353,2.67486097255101,16.0488488367784,9.96970459070045,6.20403748645863,3157.38423040942,93477.6595812117,2007780258.6748502,2044743219.3396885,0,0,0.22509892676448823,0
24.6774570415788,0.232193827995621,1279.35049430961,270.539530588932,1776.68422207612,71.3017764925812,556.997502790173,3.68515364939617,2.70356098698709,15.6769287439042,10.0811860478283,6.19063719045994,3163.18620226944,92452.5867948136,1984190613.2858238,2043475211.4758155,0,0,0.22381523800334693,0
24.6967353225116,0.229878600170353,1284.34116427035,269.549779279006,1784.33981348426,71.6246238557619,558.210914070691,3.68377191746371,2.73814458996472,15.2782941417139,10.2110048305106,6.17540609419524,3174.10582365514,91586.0686224799,1966403547.265969,2042133022.8070118,0,0,0.2232679953548479,0
24.7079554113557,0.227453101885792,1291.30708257319,268.696294055829,1794.85244465147,72.0629735335898,560.173323702278,3.67619752768049,2.77623730674183,14.8589136874998,10.3603007151224,6.15858045164438,3189.73921773493,91001.4007687188,1956782657.8654885,2040744636.076639,0,0,0.2236761408328104,0
24.7108938879918,0.224945516873952,1299.63892814272,267.890434139168,1807.367232135,72.582412212565,562.620703623165,3.66413413439954,2.81587777261452,14.4257900909375,10.5263116039989,6.14054445968337,3208.6024770491,90533.5626612977,1950978460.6998594,2039344137.392784,0,0,0.2244862351157689,0
24.7068641409868,0.222377554579903,1308.52743934377,267.009321971154,1820.74059844324,73.1371864620006,565.203821948223,3.65019210549764,2.85626504095783,13.9867110604691,10.7038643901994,6.12165563898871,3228.71437263998,90114.0264392327,1946458581.3131056,2037956080.980128,0,0,0.2253644279256606,0
24.697252906678,0.219766549828219,1317.32580182732,265.956154985232,1834.05401672264,73.690625729029,567.646514049042,3.63634608403563,2.89669773155391,13.5488816509915,10.8881345484688,6.10225317369995,3248.49006965724,89776.7403784894,1943133291.706025,2036582829.3714867,0,0,0.22770266228515626,0
24.6827264466896,0.217129311149541,1325.68191242411,264.690660395844,1846.80340363437,74.2225786973044,569.800615231408,3.62355060974339,2.9361804745643,13.117312868793,11.0758960969283,6.08264261948339,3267.07362393689,89570.9419698649,1941672325.1889937,2035229624.201029,0,0,0.23986611663421153,0
24.662200075119,0.214488939438683,1333.41186545321,263.218113183834,1858.72364595388,74.7223803882404,571.588678886824,3.61236149727067,2.97404003452454,12.6943650662179,11.2647644336434,6.06304343088987,3284.03589580327,89438.8230652859,1940693539.6520746,2033925135.9746635,0,0,0.27031185124464274,0
24.6326351125768,0.211879319012907,1340.2123984646,261.53706455208,1869.3857431096,75.1727205755646,572.882096280222,3.6035772998689,3.01021358392062,12.2806696278328,11.4523122736919,6.04359621515579,3298.66870045747,89352.2770994772,1939320671.1982799,2032692142.6899126,0,0,0.3169151504013991,0
24.5908035919043,0.209328361438842,1345.41310487722,259.575453072315,1877.84913694386,75.5356835683771,573.396991111369,3.59924292095962,3.04547111565047,11.8761194880362,11.6359519579157,6.02434056596095,3309.36246765846,89161.2658072845,1933511219.85641,2031555075.780091,0,0,0.36457554758960486,0
24.5356781022525,0.206844316335607,1348.67224675889,257.298744873201,1883.63376845639,75.7918673673893,572.989458999525,3.60097107857963,3.08177168988883,11.4794636297407,11.8140805817107,6.00510415816594,3315.29824225319,88698.9398953157,1919276280.5704083,2030504698.735936,0,0,0.3989563224313235,0
24.4702764957619,0.204409147189228,1350.48462397924,254.786410745678,1887.43150712604,75.9688656730343,571.875826138373,3.60752035563636,3.1202281895855,11.0881744544337,11.988358290877,5.98566876875013,3317.68535382126,88175.9440052804,1901879567.3671925,2029502474.832814,0,0,0.4171785179040384,0
24.401074144317,0.201980364195814,1351.8155259338,252.17094042942,1890.59591950746,76.1207219860295,570.475557743171,3.61597406720939,3.16022002129634,10.6985685813767,12.1633959057685,5.96590337561631,3318.86821569334,87690.6067637831,1884669622.7721338,2028523544.2610476,0,0,0.42348133954861167,0
24.334692650633,0.199519771900981,1353.38235458454,249.538847391151,1894.13493606383,76.2876056317158,569.10019376545,3.62414964934999,3.20076881777982,10.3068062903556,12.3433811587768,5.94573950284284,3320.58186823527,87282.5526407955,1869344291.0695765,2027516592.1912982,0,0,0.42358061559826377,0
24.2752070820435,0.197013620814204,1355.37994344346,246.907896514257,1898.32122969526,76.4802365275152,567.836871248671,3.63138577773451,3.24088812562431,9.91078678219974,12.5298468597816,5.92524049262971,3323.29360105852,86978.9063517597,1856674318.8581626,2026396899.8949425,0,0,0.4217074642704773,0
24.2238095742178,0.194472478401698,1357.61360339685,244.256337753623,1902.87489191237,76.6872630995342,566.604972084829,3.63826829440892,3.27991434701451,9.51051904001822,12.7215511592592,5.90456588880244,3326.53005103402,86730.3116188485,1845355346.1788785,2025123097.165686,0,0,0.4197742301974416,0
24.179909155946,0.19192116295872,1359.75835883805,241.558327578037,1907.32690993236,76.8898491891837,565.26664490081,3.64583227700796,3.31763021317101,9.10737694567557,12.9157171173583,5.88389316888273,3329.50545156867,86507.7996297514,1834410425.999689,2023671563.0890753,0,0,0.4183677535765767,0
24.1423062831855,0.189383652905119,1361.57908787464,238.80502078977,1911.33296450326,77.0742233150993,563.722176642006,3.65489989085711,3.35407362982129,8.70317514457538,13.109708504217,5.86335964856802,3331.65407891708,86269.5423609048,1822725351.3083906,2021954038.093139,0,0,0.41727473192974807,0
24.1097257397232,0.186873145301263,1363.02034851855,236.006332582746,1914.80539480867,77.2369492811149,561.949781824177,3.66582197280596,3.38952787961618,8.29998197250633,13.3021466653263,5.84300663628771,3332.84657242135,85970.4472603432,1809338782.7136753,2019882055.9552553,0,0,0.4160382353036761,0
24.0805370585246,0.184389700312551,1364.19567418143,233.183893941605,1917.9013214753,77.3844165476472,560.0045334324,3.67828984719188,3.42396099975698,7.90209644362693,13.4934761615208,5.82283037143271,3333.36480888066,85656.0638384264,1795389929.212033,2017516623.6857975,0,0,0.414672241413784,0
24.0525105511568,0.181923535418019,1365.29647992487,230.35947560387,1920.89402515136,77.5276653086737,557.980338637076,3.69158596939266,3.45680929738466,7.51697779282351,13.6855493251005,5.80283309532688,3333.68142700257,85353.3448027333,1781690716.8804946,2014959657.2611496,0,0,0.41320926301559924,0
24.0233950392134,0.179469251003238,1366.45843815119,227.545714122993,1923.98010491924,77.6745401247862,555.951500350051,3.70462878132864,3.48621460653664,7.15338247332534,13.8803581982049,5.78319066425883,3334.13661105534,85325.1148776229,1773876796.7257643,2012314780.3610687,0,0,0.41289131325837614,0
23.9922799061786,0.177039770234081,1367.58662198049,224.735612621679,1927.02849330969,77.8194016674784,553.902229047841,3.71629649346548,3.50756697559122,6.82092801043516,14.0780053166521,5.76456640577782,3334.52116704042,85951.8817335179,1779684254.190653,2009712290.5016544,0,0,0.4155118958531499,0
23.9625026163457,0.174663964527747,1368.07710763903,221.870995912539,1929.18963012373,77.9275098623072,551.613908613395,3.72759789971743,3.51686309623101,6.53089944452411,14.2727533077971,5.74787175098354,3333.40989277744,86881.520833115,1791043997.7667818,2007247334.3860843,0,0,0.41919929716772797,0
23.9437789628439,0.172383833225446,1366.87617163734,218.848053472187,1928.97976119624,77.9385720925856,548.696406506679,3.74121888357564,3.51312870942856,6.29772955555263,14.4525139273839,5.73397684596001,3328.30814113299,87874.2446297978,1801782717.9250846,2004961069.1225078,0,0,0.4225260458273983,0
23.9491067565432,0.170238409442587,1363.21158727083,215.60498319887,1925.30912337543,77.8082627169776,544.885524315299,3.75886577901685,3.49663074847993,6.13703101500644,14.6052385816953,5.72360524914967,3317.40915568587,88836.9388392728,1809127243.8624854,2002887601.2326553,0,0,0.42489428686398745,0
23.9884843542073,0.168258216699439,1357.13857084007,212.182312524957,1918.2492389546,77.5393881315443,540.259268337826,3.77980536775405,3.46774663159524,6.06553873757678,14.7254545409222,5.71712139644729,3300.89857887255,89722.0083006998,1812262503.3017073,2001062150.9383106,0,0,0.42619355866413833,0
24.0639814958013,0.166474512804149,1349.49195624124,208.718234500017,1908.95930965252,77.1791182609235,535.247368245168,3.80046570398363,3.42470217357104,6.11835005904759,14.8174691555147,5.71472688309985,3280.8519197187,90579.5601158039,1813401824.49919,1999492208.5834324,0,0,0.4270259802193332,0
24.1696312779416,0.196953924695572,1341.43532144156,205.39667077313,1899.01053331284,76.7713424216496,530.634806915821,0.194543340469384,3.18326535616144,6.47331082589942,14.9646565979303,5.73764196821418,3260.20741764637,91431.7461922034,1814906306.3389766,1998172725.4937813,0,0,0.42957229373055456,0
24.3092143521747,0.46305099394631,1333.78896372936,202.588358113978,1888.80150946557,76.2199508562609,530.246522608287,2.68004516775052e-14,0.995221626848758,8.13776998505086,16.1261947138455,5.97351958787085,3242.42820250282,101828.623760525,2008753226.6319027,1998950281.024294,3,2,2.278628367241764,3
24.461187049489,2.5700821901324,1331.00240250926,200.630912593156,1884.81067751649,76.0060619575262,532.939954900206,4.63153793757184e-16,0.03370470977481,9.85358021778593,16.3003097235455,6.10555825762196,3236.69380666055,103702.955583352,2042587503.0757499,1999931761.907924,3,2,2.377162297718141,3
24.6212040294173,9.33726018990338,1328.44630568278,199.151909386872,1880.82290316493,75.8369701932091,533.001062793993,3.5586076941147894e-18,9.71434816959655e-05,11.528400475722,15.7152872701651,6.15138245892116,3229.95501200335,105782.130005534,2083110973.427335,2001113280.476963,3,3,2.490883666025491,4
24.7933019637245,17.3150854191339,1323.63160542557,198.496877940982,1873.68100498624,75.5284421642052,530.344535544899,4.27615957310336e-20,3.02973140077993e-05,13.2622024184341,15.1481823998065,6.18697626711371,3217.53867291402,107818.919983417,2123005735.1556222,2002440135.9259655,3,4,2.594152413110304,4
24.9815147281988,25.889049283298,1316.83361191317,199.270515973699,1863.5217123695,75.0783459387798,526.147033573787,2.23259439366354e-22,2.78301489059709e-05,15.0576380173665,14.5765801246746,6.2203508859097,3200.93241502147,109446.28160812,2157381085.4496546,2003898103.8034506,4,4,2.69685129800442,4
25.1836186785839,34.4074874709039,1308.14625210817,201.545076425375,1850.34707584738,74.4891602009016,521.259716283387,-4.89038922117402e-25,2.34086083087118e-05,16.8641091014454,14.0017951411957,6.25307170949836,3180.77591155014,110371.57314302,2180753254.494103,2005455672.9529684,4,4,2.7830480644940376,4
25.3899464984309,42.4203044345369,1298.58085054189,205.031338385544,1835.62365794848,73.8273794617088,516.395125079888,6.17490281977887e-29,1.72589864246675e-05,18.5899170319284,13.4489147055752,6.28437962368355,3159.42096474448,111010.372539871,2201191915.0830793,2007071639.217101,4,4,2.8534315537881327,4
25.588134023629,49.7068012339601,1289.24869326355,209.291463226995,1821.04769770217,73.1687414142318,511.958287021418,5.6409947160933296e-33,1.06279459060749e-05,20.1368552219439,12.9393664338334,6.31317820153648,3139.21377541807,111493.635363473,2220726762.8387117,2008716907.7347414,4,4,2.9136588774124315,4
25.7692717098647,56.2147358775357,1280.9562084205,214.002554646248,1807.86609102757,72.5679583318333,508.12795812618,2.37656564317136e-37,5.3505941203561e-06,21.447041543339,12.4811662283045,6.33904685730386,3121.79809741699,111274.956408763,2228016976.4257727,2010235287.720863,4,4,2.963431350155096,4
25.9294338197713,62.0000828408995,1274.47710904185,218.989912590716,1797.22726321885,72.0731693645772,505.095181662562,-4.79413448921126e-37,2.08669037942793e-06,22.5117733006323,12.0756232252292,6.36203080834909,3108.81688397255,109971.393360692,2215365247.204126,2011394591.1315534,4,4,3.0025891775304197,4
26.0690308284665,67.1853176948478,1271.1033609073,224.169163528054,1790.97797822445,71.759399365961,503.307009273692,-3.84415238232638e-36,5.11810316355139e-07,23.3561893670764,11.7258130497105,6.38210403406864,3103.177092535,108414.845238278,2200404478.2759337,2012180250.9846284,4,4,3.044044690405867,4
26.1914753999978,71.9264063593645,1272.03622052335,229.489223519901,1790.81711761555,71.6950804264647,503.19922453045,-4.8230520931321e-36,7.17664303435482e-08,24.0217949203136,11.4342568524114,6.39921538755807,3107.5965393464,106857.955379614,2189334756.3881683,2012657958.0470457,4,4,3.0920843580322,4
26.3012107715831,76.3749293458838,1277.38683521889,234.910187652126,1796.88918795751,71.8853567579548,504.778061785397,-4.14219941635156e-36,1.02270367632927e-08,24.5520238892081,11.1960710307216,6.41366056706114,3122.26732863646,105675.901105982,2189886358.5496025,2013180107.205025,4,4,3.1485017844506027,4
26.4041634511667,80.6430655174797,1286.12952451507,240.403519250894,1807.72904613476,72.2699959312074,507.612541234505,-3.22862203473103e-36,2.20414995251994e-09,24.981057824906,10.9982617968641,6.42613706570129,3144.76463130787,105173.749871404,2207531509.9400887,2014239953.993947,4,4,3.212027367449887,4
26.5110687279358,84.7841789721309,1296.39302581216,245.87759817381,1820.6934926817,72.7415298528714,510.96951906504,-2.5938162917059698e-36,6.19905794864408e-10,25.3242085305089,10.8227368960983,6.43759443057919,3170.6958996686,104865.840204961,2230241933.149518,2015937215.2652094,4,4,3.269869365181208,4
26.635976356814,88.7942819572906,1306.20361927888,251.161832290719,1833.01977987499,73.1884911857356,514.104570047692,-2.23269460790458e-36,1.95301029603546e-10,25.5777342857879,10.6521487793098,6.44892727160977,3195.41436767424,104592.744227663,2252144993.2835317,2018241200.4882011,4,4,3.314980994451568,4
26.7882804939055,92.645284346958,1314.4577208449,256.09910827821,1843.1837846752,73.5499337129241,516.624216771712,-2.01323013463665e-36,6.49060413568682e-11,25.7330547995844,10.4765075072998,6.46063011745026,3216.30908356395,104105.35796858,2266208835.222593,2021005817.5229127,4,4,3.343822416233132,4
26.9668139670092,96.3294057416646,1321.17417656223,260.601634706563,1851.23657947163,73.8284885769127,518.566377232243,-1.84033056584481e-36,2.22085912199426e-11,25.7932974911259,10.2948368431102,6.47272208758862,3233.39954229626,103196.481812591,2267544335.5271816,2023985073.8992298,4,4,3.357457075298064,4
27.1584760323362,99.8807693640068,1327.22106546508,264.674645929965,1858.40344979178,74.0737110574605,520.284314567038,-1.6774210903665e-36,7.81879404700684e-12,25.7826311385794,10.1127598240631,6.48488161974724,3248.70230437588,102245.586618168,2265365784.978579,2027047923.023739,4,4,3.3661799261089156,4
27.33116441355,76.7443789012478,1332.05819431087,267.454753869206,1865.00747899499,74.3261034036833,540.111969851671,1.05403849172981,0.26035135336771,26.0739627551014,10.0728051532008,6.50037119834658,3272.49063401344,92166.7570187085,2055104409.11173,2027950989.7895167,0,2,1.2845070444533968,0
27.5050004712806,40.4880553418042,1332.54800481426,269.503559737378,1866.08759853461,74.4017647450068,567.061352341965,1.59733222335955,0.848181859444264,26.3604282260588,10.0692176017926,6.49003246800885,3291.60090976551,91548.5380306021,2048435965.2090287,2028687348.9096193,0,0,1.1904280337755466,0
27.6787186460764,14.4665540984607,1329.72475383935,271.115782240717,1862.22068453721,74.2584634112297,585.317593121725,1.68286885477423,1.24765450609427,26.5896293627252,10.0670499695283,6.4863858983183,3298.02519768146,91297.2732241056,2045437474.228835,2029139908.78801,0,0,1.0543096315163278,0
27.8460455520392,1.77407902883686,1327.08266883239,272.653061883692,1858.43280152835,74.1076359578561,593.331881042695,2.23886893922605,1.55714164484108,26.5522846733863,10.0491697806797,6.46933379718123,3298.44886971701,91206.6902454143,2045164152.7737658,2029292971.9649105,0,0,0.9139656314797664,0
28.007244144018,0.628485795526583,1326.20401603049,274.206896474738,1857.10486420747,74.0567387362212,592.984268972024,2.86137158795143,1.84618034821832,26.1645217260916,10.039384595879,6.43010767909014,3297.49888756229,91179.9821347862,2046997496.975252,2029173386.2847488,0,0,0.7930836617065931,0
28.167699299929,0.32193899013018,1326.81878145017,275.69893922607,1857.96072528096,74.0934961296999,593.225835102559,3.20676463892463,2.06385090174516,25.7107882885065,10.0974910824062,6.39406508102049,3300.02435233713,91149.4187582614,2049873114.841687,2028875602.4857633,0,0,0.7096300234107137,0
28.3318729525509,0.2815398333198,1328.0648820261,277.026114516548,1859.81578135226,74.1727010415546,594.158464243196,3.33875676231043,2.23955782101827,25.1921762944351,10.2019688146092,6.35957961418744,3304.25347150681,91056.8827568782,2051453992.635772,2028524007.2483444,0,0,0.6633919474483275,0
28.4990725814516,0.26878432955458,1329.31473661355,278.127267329832,1861.76347109294,74.2579055734383,595.606528230462,3.38352036470964,2.37816658959035,24.6346398704551,10.3357529382778,6.32787724563306,3308.714007447,90959.3934094849,2052322638.1394837,2028171849.0324104,0,0,0.6461703591442418,0
28.6635937809949,0.262006286539423,1330.35310399172,278.983346811776,1863.47839943962,74.3353410367234,597.295840200798,3.40707705637149,2.48162413344934,24.0611602600052,10.4852265945451,6.29994738073658,3312.75996024812,90879.7563320223,2052754523.909721,2027839410.6909418,0,0,0.6454423880812883,0
28.8188987012764,0.257767475808002,1331.18563637247,279.601017741168,1864.9553169667,74.4044479266064,599.025602900706,3.4218405250776,2.55567809458735,23.4854720653544,10.6402160495461,6.27586898155087,3316.27490350783,90946.8804040641,2055677425.4546664,2027552365.037771,0,0,0.6512629642608404,0
28.9614551096972,0.254852487577272,1331.79330655805,279.999447231628,1866.15367336307,74.4633407634229,600.644712333607,3.43169365353324,2.60566605204988,22.9162433701631,10.7942296378748,6.25540058612164,3319.13003936453,91304.188827963,2064362394.463446,2027358800.9218795,0,0,0.6592443513986492,0
29.0917977018678,0.252689041830023,1331.93589979571,280.182526113188,1866.71180546881,74.4972858475047,601.972068208513,3.43942595809823,2.63648326848662,22.3649693890182,10.9417417662867,6.23820114648543,3320.70005633764,91760.4850499534,2074281301.8970811,2027281323.7997096,0,0,0.666461061223619,0
29.213076201385,0.251004672003735,1331.22664959272,280.135064011791,1866.05164682517,74.4829304138896,602.804455581662,3.44754346927954,2.65314427341589,21.8500614380502,11.0770286581113,6.2238909125189,3320.01922936248,92225.1240428629,2083004676.4836335,2027327043.4964201,0,0,0.6721903931253219,0
29.3285993746764,0.249729218794189,1329.46847858775,279.866773805047,1863.86231373056,74.4075699790495,603.047127233116,3.45695053222967,2.65867270161259,21.3915343289432,11.1959007656274,6.2122879365126,3316.59839183408,92895.0039639384,2094839545.8163044,2027531003.8648376,0,0,0.678206095205586,0
29.4411044273553,0.248952078753244,1326.7225067576,279.432303479622,1860.208453593,74.2733211658876,602.734874754397,3.46683835437645,2.65307265058341,21.0058191552198,11.2958094506235,6.20354193140937,3310.60544421709,94004.6978734859,2115262510.649854,2027984463.1113741,0,0,0.6861541059511613,0
29.5542178714447,0.248688102448472,1322.90248461103,278.865516564483,1854.97576738342,74.0748200126421,601.8434137291,3.47732466280883,2.63672328905819,20.7089874696291,11.3729351255111,6.19781021778433,3301.87860383263,95239.1949637406,2137162052.0381882,2028736128.0049603,0,0,0.693214118341937,0
29.6728461900265,0.248958690870262,1317.46098944349,278.107767386787,1847.43354525722,73.7817364719152,600.150850728466,3.49010291355029,2.61202142971184,20.5210682949477,11.4216868081925,6.19506951192773,3289.14390205456,96457.2972192949,2156687355.5652823,2029772099.8093064,0,0,0.6956756331797386,0
29.8005106251944,0.249686097324124,1309.79100145456,277.061427858408,1836.77559454089,73.360809045852,597.41443968534,3.50726601486017,2.58142024664183,20.4596133902976,11.438389257997,6.19519721510855,3270.97023125083,97595.6782663164,2171556975.1563797,2030983616.1558025,0,0,0.686739070855484,0
29.9339883954085,0.250659544830361,1299.79290705536,275.702242314901,1822.88849548816,72.807071275513,593.604806264686,3.53001570348586,2.54707065948394,20.5271703787898,11.4236713609315,6.19786749419108,3247.14032159371,98610.0363101827,2180574869.9730053,2032206501.3095825,0,0,0.662451109134047,0
30.0547305004912,0.251653185070102,1287.94835641078,274.138622150447,1806.43458322151,72.1472270684878,588.921751347218,3.5581713166206,2.51073795855798,20.7024806575351,11.3818395200202,6.20256041089573,3218.83794883579,99546.2441950821,2185443920.6970615,2033368843.6432478,0,0,0.6279502891095042,0
30.1303672900415,0.252649575641317,1275.04415220598,272.578674456299,1788.47079991442,71.4240970912286,583.676450552148,3.59030872778625,2.47382978318677,20.946007821382,11.3187011440023,6.20867844250894,3187.98771020035,100410.785441885,2187553810.6197743,2034447178.807606,0,0,0.5917175068016816,0
30.132922823388,0.253812178600864,1261.8417941784,271.222438494988,1770.01956543636,70.6791188915687,578.177844374739,3.62427232728008,2.43753226456357,21.2199199730264,11.2396776812533,6.215687369992,3156.45544619446,101202.238410441,2188127009.063645,2035452878.3738604,0,0,0.5602411371133089,0
30.0535616272879,0.255336851636234,1248.85781122149,270.174675842748,1751.77898159295,69.940771791834,572.657978555447,3.65803796836634,2.40264931275198,21.5013905401681,11.1491780284148,6.22321535722967,3125.50154101976,101916.120926637,2187882504.415801,2036414622.7754228,0,0,0.5354001367401647,0
29.9049634327877,0.257342958552199,1236.37809351609,269.436534479371,1734.12726822388,69.2252267992591,567.274507134945,3.69020143267638,2.3696446957829,21.7805964866233,11.0508448982112,6.23103207553401,3095.79153078447,102526.529910757,2186598832.476423,2037336365.9224138,0,0,0.515316175759759,0
29.7121302519161,0.259802954407763,1224.59808639227,268.957452388266,1717.3090868666,68.5438191526522,562.157435662378,3.71995388370353,2.33877167802601,22.0529833765585,10.9480281539298,6.23897450701171,3067.74297234866,103025.203486262,2184208074.8286133,2038207570.4781497,0,0,0.49795581568691494,0
29.497981005909,0.262470037309733,1213.71210478215,268.688059103045,1701.58249825338,67.9081922702929,557.429821728247,3.74747282533518,2.31106576479062,22.3136213020477,10.84425191801,6.24674454368172,3041.78164204122,103207.832981071,2176509470.5266776,2039095863.804637,0,0,0.4815231080799985,0
29.2772087430813,0.264942390935401,1204.03988225032,268.607527659133,1687.42034245135,67.3377356397264,553.25313366738,3.77328643350385,2.28882140230412,22.5558929410109,10.7442170137994,6.25377378932665,3018.67243930202,102936.625403265,2160991710.452043,2040127806.121563,0,0,0.46541722311504125,0
29.0595765043965,0.26695749816928,1196.1178596278,268.729352032467,1675.64114451117,66.8644442280986,549.873501218905,3.79623451710199,2.27321477229466,22.7760834474668,10.6545931858341,6.25952239216459,2999.74234803459,102528.841206303,2145020663.8860664,2041307991.7312744,0,0,0.4512859005368352,0
28.8531950223605,0.2683947130503,1190.46281545827,269.072716548884,1667.04954096405,66.518996622726,547.52002512544,3.81439489890735,2.26375199984695,22.9749949599631,10.5820010115093,6.26366842318548,2986.28391339077,102085.533601002,2131330579.2425878,2042601743.5163753,0,0,0.4394532223121524,0
28.6632188954,0.26931263755947,1187.2071400534,269.630432959567,1661.8827612087,66.3096832864286,546.245004400174,3.82665635007074,2.25950452453764,23.1543992413802,10.5297450076845,6.26611790664974,2978.64372551015,101698.269136536,2121934345.0729675,2043940648.523043,0,0,0.4299711439917469,0
28.4887625718235,0.269855737054877,1186.05223317613,270.370858678545,1659.72961207259,66.2197697835299,545.91066564978,3.83311032286591,2.2590797140744,23.3132128583906,10.4971469429918,6.26705719049183,2976.10554830081,101432.547545429,2117757262.5868144,2045233572.7923343,0,0,0.4226685853903461,0
28.3193616151921,0.270121526593627,1186.42188842794,271.245132034673,1659.75968634004,66.2169169742547,546.25784966101,3.83523837149927,2.26131158997412,23.4420825758381,10.4807479945102,6.26679049806526,2977.26717817011,101197.531412255,2116106533.812316,2046449104.5258062,0,0,0.4166986285472941,0
28.138091210531,0.270209439772992,1187.69764821886,272.20010578344,1661.07538783198,66.266821800006,547.009572754093,3.83492402282405,2.26551701972617,23.5252168060937,10.4762426627085,6.2656025045407,2980.61849615477,100973.239176117,2115699609.6902115,2047583951.8048756,0,0,0.411571346143465,0
27.9329469164664,0.269939751554743,1189.45061569452,273.181608262762,1663.06000361914,66.3462730017983,547.964622820999,3.8348798944892,2.27317448923155,23.5488000077379,10.480556095901,6.26341709492647,2985.0995079678,100252.650534015,2105233962.51045,2048496096.53623,0,0,0.40496865567924023,0
27.705890518467,0.268986114869742,1191.73487025679,274.158979256356,1665.80531142204,66.4597068641924,549.123308269431,3.83732559975185,2.28898266576373,23.5071892295789,10.4946705769421,6.25951073293267,2990.81471755403,98673.0816915608,2076949477.1390917,2048946213.5436819,0,0,0.3954547119324684,0
27.4742003484599,0.267441870432878,1195.39496431396,275.213489437716,1670.53181142019,66.6554493434018,550.849469855157,3.83923109379099,2.31519309577158,23.409963366572,10.5263937888761,6.25318442462627,2999.8208235923,96992.7436556085,2047807628.3368359,2048900872.8968115,0,0,0.38634153971144913,0
27.2609853884676,0.265451879971555,1201.55700785652,276.498982957316,1678.85117922257,66.996578469007,553.646780806419,3.83541537050282,2.35011905115348,23.2776253649305,10.5863154394318,6.24415891419427,3014.890005782,95432.6502026986,2023995392.9505663,2048405490.4034603,0,0,0.37876669719234946,0
27.0818279528422,0.263260201160307,1210.69778737277,278.098505314472,1691.44272662256,67.5089618435066,557.729882932068,3.82255429783909,2.39076360055279,23.1296217035649,10.6800014755228,6.23257278962851,3037.20669354052,94293.0082752495,2012552357.804044,2047604213.0934448,0,0,0.37393201449697017,0
26.9399755017659,0.261074930568895,1222.39091168228,279.980182498092,1707.69203172923,68.1671454165181,562.910729267157,3.80015268297389,2.43233509247781,22.9780120654406,10.8053800062999,6.21917440789998,3065.73735828765,93831.1930110754,2018583855.505889,2046744444.2335308,0,0,0.37257361178308485,0
26.8296685084829,0.258869278331206,1235.3912902624,281.976432727142,1725.82569329368,68.8999817955393,568.615215050662,3.77225126278933,2.47142031098271,22.8201065911675,10.9528847174695,6.20484543828288,3097.41484643658,93603.3931181031,2031076782.0652032,2045958676.0124416,0,0,0.37243296198799847,0
26.7416311480223,0.25667107293061,1248.10539040838,283.834546582545,1743.58826580996,69.6176447570686,574.089938018305,3.74468464605889,2.50749061555782,22.6388561583386,11.1088629022004,6.19022915498741,3128.28779272018,93436.9590575934,2044091802.0877838,2045307758.471544,0,0,0.3722751307112718,0
26.6679717773289,0.254548729732683,1259.39338554736,285.358161922797,1759.37321329772,70.2563842584701,578.788743382988,3.72131687060124,2.54056409459664,22.416170179275,11.2623179048987,6.17577943001814,3155.52035118431,93305.651478074,2055401072.6790223,2044822606.0295322,0,0,0.37163423993493555,0
26.6040217352618,0.252562053409698,1268.85820602348,286.470592456462,1772.62925434142,70.7944649774403,582.518526296622,3.70330475011103,2.57061470312174,22.1425096218588,11.4078800508161,6.16173305021576,3178.12469945045,93206.1669017221,2064340585.3085165,2044518971.4555967,0,0,0.37041274707211735,0
26.5472292023973,0.250736443164587,1276.61502174909,287.183512317149,1783.53935047124,71.2392162871245,585.340507899431,3.69002801361993,2.59762785660359,21.8162402927083,11.5444373752317,6.1481736574313,3196.40429579168,93148.3223548372,2071295364.7181587,2044389277.1185987,0,0,0.3687619822721362,0
26.4956538681512,0.249046223550951,1282.95304175805,287.541118815501,1792.54259579346,71.6079743979837,587.412159917135,3.68038579420511,2.62160362962436,21.4390040962441,11.6725973337931,6.13513621095546,3211.11522725541,93136.5677757474,2076798928.5416853,2044419417.1932135,0,0,0.3668780947412324,0
26.4475369274745,0.247442101623261,1288.13115300968,287.588480868364,1800.03075117585,71.9161328578462,588.879215305614,3.67360257499536,2.64273972953418,21.0139795875322,11.7929129077079,6.12263833731542,3222.94001576052,93139.8321939947,2080561965.573147,2044646095.0664797,0,0,0.36479384609163285,0
26.4004867230411,0.245873394788857,1292.33425300025,287.363341912785,1806.27353617977,72.1743601449749,589.84341352855,3.66932220746471,2.6615819953488,20.5470099503902,11.9054222640046,6.11066027244227,3232.35950538658,93123.7757778603,2082122157.9863632,2045148433.8046904,0,0,0.36248503345730543,0
26.348812487131,0.244306552306755,1295.71308815383,286.896629132414,1811.471795997,72.3909019960306,590.377133667123,3.66723483371766,2.67866981808709,20.049448611669,12.0100840584697,6.09916207154673,3239.74192599324,93130.4105159047,2082675508.5575047,2045928592.6576347,0,0,0.3601880333827662,0
26.2829794255428,0.24273439675916,1298.40106989737,286.212293675163,1815.78868179301,72.572803399704,590.533994486793,3.66696052641564,2.69437390274668,19.537567049628,12.1070146148331,6.08809561755978,3245.39096011283,93169.8365541586,2082674610.1040263,2046954467.624491,0,0,0.35798176674924137,0
26.1942570756305,0.241147444982052,1300.49438066304,285.324235278235,1819.33658261902,72.7251436110215,590.345157422559,3.66855595706651,2.70998242801869,19.025907887964,12.1963135308582,6.07727756979677,3249.51380986602,93039.3448348356,2077749167.8683434,2048114317.8390992,0,0,0.35511729799387215,0
26.0812223905749,0.239523833338799,1302.1506706672,284.24575076476,1822.32715173492,72.8567924879289,589.871451165584,3.67221596253989,2.72832389645127,18.5218095042422,12.2790926594,6.06627178341886,3252.47402807102,92534.4860245799,2063557378.682084,2049226554.514272,0,0,0.3508899198004031,0
25.9554299000584,0.237836067953187,1303.80692103348,283.019983178764,1825.3772778927,72.9923382056492,589.313975178233,3.67658840737504,2.75106245226298,18.0254603314589,12.3597764554501,6.05466293127648,3255.33074162989,91929.4081183662,2046782932.8151472,2050224517.7654731,0,0,0.3464853073893428,0
25.8386355410998,0.236023748437908,1306.09921936703,281.713379588143,1829.39003984901,73.1673662388431,588.974480302036,3.67948647713935,2.77762620958401,17.532559974934,12.4454125194916,6.04222359492602,3259.63821402571,91332.0621625137,2030610573.4041526,2051101101.0164213,0,0,0.3424671175173974,0
25.7507627352061,0.234032582782758,1309.46627201404,280.36806782358,1834.99072341345,73.4063652925975,589.060461604365,3.67967042472328,2.80746882509138,17.0375323475266,12.541751591082,6.02876928297425,3266.46739886709,90685.9609971769,2014287206.5881531,2051842287.629777,0,0,0.33894330458662986,0
25.700851219909,0.231842937786039,1314.01333333099,278.992473580234,1842.3297576281,73.7151602695085,589.618583292454,3.6770808078351,2.84094624810131,16.5369503491723,12.6515857797307,6.01411412894104,3276.07241653863,89919.0765512365,1996309452.0737627,2052411424.36816,0,0,0.3389652835865164,0
25.6852262806921,0.229473506475415,1319.69969452818,277.594609754977,1851.34170608537,74.0913047509488,590.623345430561,3.67181733725378,2.87830398782361,16.0319351482089,12.7762023681536,5.99814715355007,3288.35223269316,89135.6972529868,1978953961.736399,2052809970.4315383,0,0,0.349320524240396,0
25.691847541126,0.226959129121034,1326.4887312316,276.198498949455,1861.95787233592,74.5324447772493,592.048290869067,3.66382463075567,2.91910978448796,15.5272931805037,12.9167077899075,5.98085182818108,3303.21746501092,88384.9595921404,1963320017.7787266,2053059963.6250846,0,0,0.37406798832349775,0
25.7078794410759,0.224335154969007,1334.26973759388,274.815160213958,1874.00539942855,75.0320636443126,593.832885871348,3.65327937368807,2.96282118667787,15.0279220725583,13.0736575596702,5.96225036331966,3320.39530581152,87677.318282187,1949549010.4544406,2053227023.943814,0,0,0.412827053754673,0
25.7251527089947,0.221629569573184,1342.4537980027,273.356676251959,1886.64588792066,75.5567854980072,595.706449808964,3.64157834253122,3.0089737808384,14.5367207568744,13.2464159823561,5.94241542500269,3338.42971357384,87014.9816806292,1936924407.5080163,2053410858.5994139,0,0,0.45753985443413736,0
25.7420748821962,0.218868035809229,1350.07687330002,271.661779999106,1898.52211102443,76.0521051277202,597.236478530586,3.63138935670613,3.05704229656797,14.0547742096148,13.4331167633297,5.92149355103973,3354.94436074387,86399.8662787331,1924230228.2251232,2053643677.9833508,0,0,0.4954568440187597,0
25.7622375097671,0.216072588359192,1356.55089023817,269.645836823976,1908.81244709396,76.4846794347024,598.161747703727,3.62448335555838,3.10632269383224,13.5820534847967,13.6315227262248,5.89967817582854,3368.50712507241,85833.202907653,1910792883.3617148,2053915795.2811592,0,0,0.5196623287192607,0
25.7906404370606,0.213257948263474,1361.82859583392,267.326935305282,1917.45726405308,76.8516319327313,598.464155519126,3.62104537843569,3.1559855787329,13.1179743041518,13.839735603437,5.87716914527365,3379.02890706765,85333.0876788657,1897055987.2227547,2054204458.7827547,0,0,0.5308288857782221,0
25.8302637429398,0.210433110910406,1366.15233656743,264.772669497387,1924.80043765066,77.1663978262833,598.256126502784,3.6203592088805,3.20514343190602,12.662214604616,14.0562202655796,5.85416431523852,3387.1317716896,84922.5709751867,1883936974.0803123,2054488444.7746522,0,0,0.5333678788202644,0
25.8800925903795,0.207603107784549,1369.78325674367,262.0477833918,1931.20703534664,77.4435270733744,597.659631249963,3.62168194357577,3.25314930273168,12.2160136941761,14.2793464370707,5.83084104259342,3393.47559134235,84574.6203903035,1871235826.837169,2054758033.1148424,0,0,0.5315765467445349,0
25.9353041457207,0.204771388858554,1372.8805585818,259.193123725739,1936.89491297881,77.6919231919539,596.752519224717,3.62456801981092,3.29972878383016,11.7827873319805,14.5071547241756,5.80734839892657,3398.46157448483,84271.808265744,1858815628.4956212,2055012253.9741752,0,0,0.5284223750481248,0
25.9898741849646,0.201941034327582,1375.52144737854,256.23184602193,1941.96506588441,77.9158999551592,595.576807139749,3.62877816931914,3.34477796692211,11.3666707708411,14.7376755467869,5.78381650928368,3402.28516529658,84005.286596079,1846613492.9315326,2055261088.7827494,0,0,0.5253946067130804,0
26.0396200351756,0.199115057424714,1377.7541423593,253.180492070457,1946.47748801567,78.1180587652338,594.160689899177,3.63415644381712,3.38824842130481,10.9702279925507,14.969291417222,5.76035108876969,3405.06830051625,83768.2758652606,1834565890.1303184,2055523871.1516726,0,0,0.5229267366955185,0
26.0844430219469,0.196295305708514,1379.62857460599,250.053480507275,1950.49312979706,78.300877493396,592.531131805963,3.64056358858894,3.43003629774876,10.5928614210281,15.200888924812,5.73703987676191,3406.93261432873,83562.7263217719,1822787513.6126685,2055809262.6558459,0,0,0.5209722874127293,0
26.1285412363126,0.193481632869408,1381.19991088765,246.862773026322,1954.07773984495,78.466864575466,590.71538780222,3.64789016408789,3.46992623707053,10.2308504249311,15.4317767036028,5.71396442384469,3408.00634650749,83388.9086071147,1811343837.1700773,2056118149.325529,0,0,0.5193099765447045,0
26.1779848575663,0.190680250358927,1382.50933230701,243.619941903857,1957.27532269878,78.6174528406771,588.737568626477,3.65554692853254,3.50595417361144,9.88059363698058,15.6616218436339,5.69143299705419,3408.38449333796,83568.162443163,1807228530.1337469,2056465563.215196,0,0,0.5197315221450662,0
26.237633349903,0.187914836092685,1383.42357782724,240.322523222178,1959.87957245048,78.7437360105055,586.558109558474,3.66250003423583,3.53190479849637,9.54376312707515,15.8887543412543,5.67042744453711,3407.74749067697,84649.1774026252,1822026875.9557514,2056906632.1919155,0,0,0.5254348164223862,0
26.3076663145387,0.185220445499127,1383.20001757613,236.893036666518,1960.81619006873,78.8020948211151,583.885330509899,3.67027108327122,3.54184899183983,9.2287278752696,16.1037379259216,5.65232846209494,3404.29734420065,86220.5309091629,1845804029.3047569,2057477049.1871026,0,0,0.5334788798976063,0
26.3804925855339,0.182641372305053,1380.42327584345,233.165168276445,1958.05236168161,78.7109461851305,580.152375857404,3.68300606349538,3.53422184373737,8.95120709852656,16.286617694064,5.638515173632,3394.60136050399,87932.4308934177,1869219431.4685967,2058179514.953181,0,0,0.5411154101032257,0
26.442293221715,0.180213212642097,1373.89823566537,229.003436066215,1949.86867137212,78.4016569326699,574.90179570307,3.70431847117202,3.51004869190287,8.73208725188445,16.415944362426,5.63012414155188,3375.77505923843,89520.1028870142,1885071220.312087,2058970598.0411978,0,0,0.5462695356774974,0
26.4792093606606,0.177961680557094,1363.74415679525,224.457901137934,1936.42336351315,77.8810761039784,568.246741667703,3.73434209673586,3.47143474948661,8.59573477517554,16.4812869306195,5.62757153242038,3348.16220076797,90760.982954135,1888890203.1428788,2059768803.247877,0,0,0.5477054435067177,0
26.4831671159522,0.17593005472247,1351.70109872004,219.826595031109,1920.19361555383,77.2487160097702,561.036941553939,3.76751425033719,3.41667467034197,8.58955466117968,16.4914865583754,5.63085513518074,3316.12431117319,91871.3547251914,1887791181.8538396,2060543692.3869874,0,0,0.5474935862620354,0
26.4529263472308,0.174222791288654,1339.90271714934,215.481996396428,1904.22777191504,76.6264394343655,554.367264323401,3.79553616087413,3.33940114816636,8.79652975108408,16.4698317185593,5.6399981219546,3285.0561007685,92951.9958264563,1887179369.6303425,2061296536.7962725,0,0,0.5471421486411715,0
26.3913007046438,0.173079438732147,1329.37235293555,211.632852219383,1889.9935381151,76.0724804757279,548.88529074153,3.81229068996847,3.23479077275836,9.30484292824855,16.4368985048739,5.65502806439196,3257.64590728838,94302.4174008063,1895016142.9818125,2060111775.508251,0,0,0.5489787217853236,0
26.3039415951478,0.173010367574735,1319.91180055087,208.348221186743,1877.19720390288,75.5741488051357,544.659198099497,3.8151894188526,3.10420777593835,10.1694797718519,16.3957297132406,5.67600576887708,3233.56149402118,96229.6304415637,1917606390.085719,2058809888.9146044,0,0,0.5548451775124145,0
26.204956102387,0.174767851180328,1310.45548735028,205.753697552268,1864.25917299888,75.0661781058443,541.24396657801,3.80640021380913,2.95958202334044,11.3799504378224,16.3275419013319,5.70251399520846,3210.34782514768,98260.1616239455,1944790437.9798782,2057369050.0036938,0,0,0.5613820991583395,0
26.1198533817011,0.179046178818024,1299.55388711094,204.132596956956,1849.00442612873,74.4580045096088,537.862673660528,3.79217113132221,2.81799922466252,12.8523158430475,16.2047646913911,5.73357266626615,3184.62138390789,100166.881446215,1971320978.1043112,2055789000.4510758,0,0,0.5627155520333743,0
26.0741179114391,0.18610663397232,1286.15657410565,203.75931890011,1829.84341637834,73.6827471332878,533.830909150811,3.78046833051641,2.69154641064527,14.4668842372876,16.013518356967,5.76785536879199,3153.89602161173,101510.747465586,1988080874.1478436,2054025456.583349,0,0,0.5469478212882924,0
26.0789531911901,0.195083280415367,1270.47709041234,204.711702955127,1807.07226328236,72.7517243383317,529.006884161174,3.77808147784764,2.58664594107637,16.1038005745175,15.763830836681,5.80333561282082,3118.58237591349,101968.346096379,1989022938.4435835,2052028265.7911558,0,0,0.5126211001003862,0
26.1263119978939,0.204193005039195,1254.17068292339,206.845824288444,1783.13128888069,71.765108006514,523.877888614225,3.78681544539778,2.50382311469771,17.6525190302195,15.484057681439,5.83769251307354,3082.39683950416,102090.597415463,1985992602.279473,2049786606.2827852,0,0,0.4724590234660983,0
26.1973832919655,0.212086937355363,1239.34862454586,209.910237287119,1761.14474234394,70.8516234363914,519.147864300549,3.80328180457608,2.44008803152482,19.0194891703856,15.2051861179487,5.86895693560377,3050.08954889554,102061.868672686,1983742175.7694314,2047318016.8341465,0,0,0.43596993998076916,0
26.2759153437805,0.218304431752683,1227.41527120574,213.675028686754,1743.20511525016,70.098013316038,515.295064781915,3.82283999502319,2.39361549413562,20.1490513504381,14.9478651246709,5.89578131455871,3024.79309238079,101756.213205594,1980397002.210744,2044738642.10274,0,0,0.406599321946342,0
26.3530707263292,0.2229684335539,1218.81030364856,217.955001407348,1729.9919183477,69.533327550694,512.490451720773,3.84223683614139,2.36396010549663,21.0318808046906,14.7218506177202,5.91752654002819,3007.43975436842,101078.580726068,1973914610.4592257,2042223531.303314,0,0,0.3838627843135953,0
26.4234550565023,0.226533345318908,1213.49679804616,222.560078102398,1721.48662780025,69.1581936640778,510.783016799954,3.8585049185969,2.34955041481294,21.697258909955,14.5321387652919,5.93419803815152,2997.87256410166,100291.227004035,1968794206.5244672,2039810924.3059032,0,0,0.3667855332533598,0
26.4819058934608,0.229247747422171,1211.30790780541,227.290415619607,1717.47904945205,68.9654156349096,510.194188985828,3.86945240434426,2.34739544996364,22.192564731955,14.3820146777094,5.94617851108317,2995.63339183898,99484.0260017592,1966102282.4282594,2037485586.0354872,0,0,0.35373973965813876,0
26.5251441106656,0.231131144860502,1211.92088276008,231.991294261623,1717.52613358727,68.9380270205751,510.65470373816,3.8749882767939,2.35537387026083,22.5579622369181,14.2721517176036,5.95384819829089,2999.90784778619,98541.7440621791,1962823641.359122,2035120349.3980865,0,0,0.3430292340005922,0
26.5533701591115,0.232201644891961,1214.92848650971,236.578122912558,1721.05725603951,69.053447899567,512.021430265304,3.87625642216927,2.37285287979195,22.814271599104,14.2012502867647,5.95743816752807,3009.70635774257,97375.3881801418,1956463740.2378347,2032505060.1303546,0,0,0.3336106521404791,0
26.5699980989661,0.232671701313397,1220.05273994255,241.025203091824,1727.69209770387,69.2964155907598,514.188945058182,3.87335708118742,2.39885643808395,22.9648202029178,14.1684321231975,5.95718523380899,3024.38124590034,96209.7897581099,1951078467.9617345,2029597107.3679817,0,0,0.32581650623337505,0
26.5797986874604,0.23272061954434,1227.14016068872,245.334837362967,1737.23500729243,69.6589108370988,517.104469012053,3.86575099825372,2.43144416052419,23.0056150569975,14.1733873090888,5.95343448410845,3043.60381544939,95123.6107305984,1948087590.575816,2026429842.756443,0,0,0.31959089098436116,0
26.5866191958284,0.23254433589756,1235.9502155871,249.513324034475,1749.35595815374,70.1272986021548,520.679458489158,3.85298558047544,2.46796185791317,22.9379535231873,14.2140992599849,5.94673182465585,3066.83540833868,94323.2772324184,1951566971.726696,2023152323.3450277,0,0,0.315325642465992,0
26.5933233879373,0.23230453897887,1246.01583732358,253.561898531797,1763.37996246685,70.6737306848958,524.728565242134,3.83521862119818,2.50457398703941,22.7730585932438,14.2851753969624,5.9379726832362,3092.98176909593,93992.7151612566,1965106010.309957,2020001924.1240146,0,0,0.31330162752453805,0
26.604510601139,0.23199575517849,1256.52248264203,257.433506206405,1778.12319191506,71.2498269489018,528.904767615051,3.81500050404605,2.53861255071249,22.525615625417,14.3765828245129,5.92811491627772,3120.07755963171,93842.2068827445,1982008156.9313989,2017050282.16519,0,0,0.31218865442539456,0
26.627460765339,0.231646468593569,1266.47794959924,261.02371239079,1792.14905231927,71.7972921829501,532.768032786307,3.79592311170375,2.56962243290019,22.2075319522923,14.475465100881,5.91792586206416,3145.68854985223,93759.5133178754,1998783316.308763,2016463604.115159,0,0,0.31127329981341123,0
26.6686066351848,0.23129836561436,1275.169508831,264.230276244005,1804.4285549588,72.2745799600106,535.993474740594,3.78048398068929,2.5980034605181,21.8279103662731,14.5712923860602,5.90791743836949,3168.04344411475,93654.832360846,2012599649.8179765,2016090309.163169,0,0,0.31003891085227253,0
26.7296764248413,0.230977795525096,1282.37564445223,267.000531112776,1814.64432355725,72.6691758697517,538.472485237209,3.76952621627253,2.62479512761102,21.3959030478216,14.658681708006,5.89824916883497,3186.57404743762,93451.9838194617,2021471797.509588,2015840666.6973436,0,0,0.30818451246937034,0
26.8057872570801,0.230719208571944,1288.30926364118,269.3579104709,1823.10386518473,72.9940225482082,540.296532681953,3.76211455707828,2.65074210192819,20.9244986774343,14.7372348212369,5.8888804649967,3201.80142706728,93260.1638737656,2028054808.8831341,2015662444.3651493,0,0,0.3061546138220572,0
26.8873094472006,0.230541685462644,1293.37597745849,271.384576395101,1830.38882420858,73.2732057816568,541.652779093634,3.7565919815128,2.6758700328983,20.4305755989613,14.8091635455045,5.87975185019133,3214.74983694905,93118.332503582,2033880512.9333456,2015525809.1147127,0,0,0.3042021288646865,0
26.9650976452617,0.230455385406386,1297.89354377421,273.166515994827,1836.95218020425,73.5254157325274,542.696469645855,3.75164779322556,2.69984660160206,19.9304720906789,14.8762123336111,5.87088578096934,3226.24048860638,93079.444451887,2040720295.1943593,2015430467.2433865,0,0,0.3025862588636255,0
27.0339687560719,0.230461592907302,1301.95606924535,274.751062033419,1842.92365031836,73.7558934100249,543.487969230497,3.74671908475932,2.72188019226686,19.4358507706549,14.9381435591656,5.86247153103514,3236.537361536,93190.9180176687,2049899619.3734066,2015414275.855237,0,0,0.30147850086075306,0
27.0923933113624,0.23053290967316,1305.42653782237,276.122147173468,1848.10009617304,73.9561592072651,543.986275664048,3.74229776742124,2.74135072285503,18.9511106033054,14.992622902524,5.85477887466964,3245.31025962652,93361.7431187577,2059278619.8805094,2015486733.9983723,0,0,0.30054168391054153,0
27.1405909775762,0.230617784720172,1308.06717405658,277.215821175137,1852.13325899858,74.1118032819153,544.103966722903,3.73941672272857,2.75813640510836,18.474294437597,15.0364543749099,5.84804521162295,3251.95347224361,93547.8315300094,2067477270.3646572,2015640095.9406111,0,0,0.29957108777174235,0
27.1793129425025,0.23067386118872,1309.72681952436,277.974889090645,1854.79925429365,74.2134874396851,543.788019745141,3.73875236344986,2.77205305402007,18.0020419683446,15.0674801161564,5.84244940511811,3256.06866159124,93774.9942992116,2074745538.645478,2015838722.1196823,0,0,0.2986081246404552,0
27.2095871979528,0.230700032575879,1310.39733835994,278.382847889249,1856.08084725538,74.2603806409888,543.049044593908,3.74030029451807,2.78253510114886,17.5361569019134,15.08523203781,5.83812962790727,3257.62743399306,94076.1879301218,2081754114.0572674,2016019885.8654516,0,0,0.29775230615472315,0
27.2329976638343,0.230711591013036,1310.13275728225,278.452804784054,1856.05359281862,74.2557994444091,541.941234949335,3.74376793124325,2.78884253978588,17.091576428779,15.0903911552,5.83521299809588,3256.78378137528,94386.5721302626,2087189732.6590834,2016154348.685889,0,0,0.29682567432905677,0
27.251655972493,0.230700803196079,1308.98551077218,278.205559821897,1854.794127363,74.2035387987226,540.539467518381,3.7488803069862,2.7902990132151,16.6961262309461,15.0842679382579,5.83382072706525,3253.71010092116,94679.0051971655,2090637381.7448514,2016233856.0323598,0,0,0.29579533972162486,0
27.2675263503685,0.230667333410774,1307.03181308386,277.670142003047,1852.41190912195,74.1086858338904,538.92837100722,3.75512068409718,2.78617937775013,16.3767279200007,15.0684531615974,5.83406301950678,3248.63940090724,95041.4009426975,2094267287.5839763,2016227895.0091066,0,0,0.2949928632294059,0
27.2826324791389,0.23066628513564,1304.35601374767,276.893299079616,1849.0206556565,73.9760002117086,537.177900459622,3.76171824474374,2.77555265531718,16.1508654381467,15.0440222134318,5.836074438774,3241.81880317562,95565.0802881413,2100332832.251935,2016072377.5257947,0,0,0.2947375111914086,0
27.3011397095952,0.230812278021987,1300.952587887,275.942739677418,1844.59178325029,73.8039280021238,535.307832233929,3.76832568905851,2.75804003910321,16.0336623654183,15.010574232661,5.8399849258005,3233.27963423888,96115.8519637874,2106080559.1106102,2015748611.974466,0,0,0.29462479235919475,0
27.3298660053806,0.231232655040579,1296.73438688409,274.901537106534,1838.96768550882,73.5853611072926,533.304123410601,3.77497469965763,2.73415780196797,16.0442596171791,14.9666294632097,5.84587912958232,3222.86189577825,96641.5824288617,2110558643.374496,2015268104.555812,0,0,0.29449693011763334,0
27.3748789671306,0.232034356459152,1291.68141900746,273.852342027118,1832.08781207997,73.3170589834988,531.178900496812,3.78132263073216,2.7044256102425,16.1981073869252,14.9110247455369,5.8538202665383,3210.5623270582,97263.758689287,2116667174.755284,2014696335.8016338,0,0,0.2947309150492167,0
27.4377227846635,0.233262356202048,1285.85465626793,272.861877051994,1824.01061494998,73.0006209071216,528.959217630318,3.78688756573771,2.66899190535694,16.4967051322205,14.842645481583,5.86386923518325,3196.54705170715,98100.8217015723,2127195720.6385393,2014140302.9960663,0,0,0.2956813422608614,0
27.5127306925324,0.234869097138115,1279.24982742486,271.973685910149,1814.68301860118,72.6329959541727,526.597233338877,3.79252233297426,2.62916352770723,16.9200082374705,14.7586632132916,5.87592299809512,3180.76619666255,98963.3580660598,2138034027.6017509,2013646449.9429903,0,0,0.29673309111273527,0
27.5883326463851,0.236840095373235,1271.79441243632,271.21690273857,1803.93029700324,72.2059890287009,523.971371498551,3.79976881544625,2.58747097682121,17.4299859673381,14.6552813378797,5.88967547931708,3162.9493368172,99781.6902713075,2147523056.9248757,2013229462.925335,0,0,0.29759940989333866,0
27.6535608600712,0.23916142460172,1263.54733238058,270.617187275816,1791.78004352156,71.7198129271825,521.018153079208,3.8097530433251,2.54663815921186,17.9871132635123,14.5312545099478,5.90464777979853,3143.14685956078,100373.579153606,2151734284.8645067,2012850372.048261,0,0,0.2976888776116061,0
27.7033993583106,0.24172766721854,1254.87220798572,270.20680076407,1778.75053569432,71.1953336057911,517.841270665811,3.8226715507295,2.50964943868812,18.5589755945897,14.3903260080923,5.92010149757253,3122.20392851313,100594.893853265,2148001095.617814,2012434940.7066152,0,0,0.29663512006925824,0
27.7400868482738,0.244428178194209,1246.46436053019,270.049553547287,1765.89974083578,70.6761639640992,514.7328568834,3.83674807875699,2.47799456293282,19.1166398652949,14.2412267356835,5.93529016707426,3101.85827842501,100691.397763507,2142484636.2675273,2011975417.829439,0,0,0.2953364362328863,0
27.7702213251572,0.247184880343925,1239.05681507895,270.223692905428,1754.37375457585,70.2099962327096,512.03093319488,3.84942410659425,2.45142512233983,19.632349518613,14.0940481158134,5.9496683923985,3083.9974235727,100737.429771262,2137738409.4262512,2011491358.814831,0,0,0.2941963510228467,0
27.7998850386665,0.249917590198477,1233.04118438952,270.76365737001,1744.81316947905,69.8238913479278,509.928282946939,3.85939499134055,2.42992825789054,20.085884355575,13.955764090313,5.96283881354179,3069.65849346782,100645.957909159,2132410947.8715045,2011031999.2038395,0,0,0.2930527263820195,0
27.832312924235,0.252524650177068,1228.48175455633,271.637402562938,1737.35445451384,69.5238360273543,508.464291499507,3.86666594588315,2.41414483684013,20.4699926204013,13.8299098839051,5.97450331357312,3059.0177247221,100346.629276571,2124988173.4774384,2010656962.3603542,0,0,0.29168854081935647,0
27.8688914080707,0.254918614097704,1225.37660143046,272.754327480518,1732.0234168451,69.3105209388757,507.642028426969,3.8710822985559,2.40415585459122,20.7916955323267,13.719037133864,5.98450116107956,3052.0314235621,99977.3612826034,2118137716.4816937,2010376931.6582253,0,0,0.2904533793208027,0
27.9105778734221,0.256974021735538,1223.74613500095,273.994997799008,1728.87757769657,69.1854631033683,507.47212688058,3.87229681102996,2.39921779862421,21.0665442023845,13.6255612931861,5.99279606184529,3048.68487990567,99585.6634438421,2112563180.056732,2010181437.916706,0,0,0.2894351716251874,0
27.9578191107491,0.258576495418416,1223.52825716698,275.259215185743,1727.84736585987,69.1452099068669,507.925215635395,3.8704243227715,2.39865932553048,21.3077258551271,13.5506367463515,5.99940244344458,3048.77287999878,99167.8305565124,2107847397.698721,2010034698.8815577,0,0,0.28856365262884376,0
28.0094807841401,0.259648696868865,1224.55417448326,276.496859928159,1728.69639204158,69.1799391066923,508.919595471755,3.86608020804165,2.40204708756329,21.5201516181188,13.4938670390863,6.00437436318435,3051.86023850225,98721.6834418679,2103618239.392136,2009887417.3899462,0,0,0.28775769225985287,0
28.0612775788999,0.260179130774541,1226.61686135708,277.709589746303,1731.12994392096,69.2776115567129,510.350091625835,3.86001632666217,2.40893350686684,21.700429791612,13.4540305844066,6.00779776202359,3057.45327579307,98282.0970288447,2100384771.0578966,2009723649.027921,0,0,0.28704392135637763,0
28.1065481666009,0.260263957073728,1229.51627659404,278.925863901153,1734.86767803211,69.4267336395048,512.11171518077,3.85275438956896,2.41875741872602,21.8412602983461,13.4296143714306,6.00978338194273,3065.09721030062,97866.7634606441,2098374291.4396598,2009543176.9628112,0,0,0.28641216372537137,0
28.1398972364912,0.259911945929792,1233.06161787624,280.15472346152,1739.64554418779,69.6167158026236,514.103076839628,3.84547743572976,2.43244012820066,21.9358792429567,13.4191126484049,6.01024311992313,3074.3472943276,97137.7771510665,2090127561.6084974,2009385818.6200826,0,0,0.28483570425904514,0
28.1595421771365,0.259036767406541,1237.23917844067,281.382659800748,1745.44967980193,69.8475942226764,516.294879089877,3.83950232077735,2.45331174171448,21.9790023074008,13.4230561679728,6.00865852190108,3085.15307343877,95821.1396340031,2069573927.4670968,2009308989.977666,0,0,0.2815382019224095,0
28.1671975444169,0.25774008927113,1242.52537635602,282.649246724881,1752.94741849564,70.1470612943183,518.871082216088,3.83295252649967,2.48296955335284,21.9688996618312,13.447130860941,6.00450159492873,3098.63847793607,94434.3925583471,2048328246.960402,2009314413.0883284,0,0,0.27817262456733466,0
28.166305999637,0.256133162099765,1249.65469547165,284.047962715317,1763.15614183888,70.5567505497353,522.134566518577,3.82239135311414,2.5199614957215,21.9081059490923,13.4998213495829,5.99753815996283,3116.56089314103,93146.4243943623,2030953167.9932616,2009386889.9116895,0,0,0.27540147337160586,0
28.1600981179272,0.254330014244055,1258.96955021998,285.631228086153,1776.53530090888,71.0955458185668,526.229575262863,3.80581430160063,2.56235950604692,21.8024963372865,13.5858619304847,5.98780448876959,3139.73419629523,92036.0043060294,2019596997.1429605,2009460271.5714695,0,0,0.273516750170002,0
28.150384133676,0.252422872611265,1270.22814418859,287.37371344948,1792.72118631306,71.7488117108566,531.060020181979,3.78321391632111,2.60802484206695,21.6605761114601,13.7039995327558,5.9756824310161,3167.55931295467,91160.5336176399,2015240295.5851052,2009425442.822295,0,0,0.2726069879310894,0
28.1368481848194,0.250445228171014,1282.78414131473,289.180742229675,1810.7791305196,72.4787523529783,536.355562745886,3.75641589659201,2.65527326462169,21.4909469026452,13.8484861577198,5.96171426485121,3198.44162232108,90409.7540066768,2014649332.8023548,2009254323.5591404,0,0,0.2721713927442479,0
28.1174211438214,0.24842501312194,1295.8844049888,290.925406354696,1829.62283279255,73.2415019423088,541.791512722501,3.7278379910796,2.70324244397131,21.3004318745421,14.0118694261218,5.94640023574028,3230.5074603122,89735.1976145296,2015755996.2805266,2008959158.9153147,0,0,0.27187996714891194,0
28.0899487220805,0.246413320595286,1308.95597390758,292.509490047475,1848.42421966764,74.0035662550546,547.118279894569,3.69892970042452,2.75055348245333,21.0946524062697,14.1879101048133,5.93024539661559,3262.32701353148,89286.0910655208,2021202878.006461,2008602927.720809,0,0,0.2720582658959222,0
28.0539995027301,0.244459445369435,1321.62354444549,293.882925186616,1866.64134213348,74.7428444001257,552.177081167173,3.6701513894717,2.79436709488751,20.8782558574034,14.3718851340968,5.91388560251377,3292.97751382884,89245.5419934467,2034826220.8566694,2008295486.4244356,0,0,0.27320097116927144,0
28.0127897064377,0.242551824384336,1333.43031911215,294.986754976357,1883.62832474757,75.4331539576222,556.775667283839,3.64291010384926,2.83266491355646,20.6503404939995,14.5576771198773,5.89791176624606,3321.35096830819,89375.416268139,2050788849.6185913,2008081876.8921483,0,0,0.2748817289028573,0
27.9734169551093,0.240685419899867,1343.75671849764,295.720659248537,1898.52193578289,76.0398343196496,560.64844182641,3.6194341124242,2.86564032037617,20.4018318054515,14.7367706071852,5.88272180929561,3345.93869746597,89557.0918757887,2065573666.5254438,2007964947.0794792,0,0,0.2828264353464961,0
27.9436256889023,0.238846615854399,1352.1274074184,295.990776233414,1910.66957258809,76.5369025487468,563.586782657167,3.60169043810837,2.8952093405391,20.1204852942784,14.9015374840026,5.86842742648644,3365.57693830438,89559.1094020469,2073118967.4953017,2007887415.8495016,0,0,0.3076546131071353,0
27.9276505395844,0.237006677187475,1358.47503664021,295.756091975168,1919.99672981149,76.9218191769528,565.551352646664,3.59060986492642,2.92528032718075,19.7976832132902,15.0489622728505,5.85463706877584,3380.09138883356,89142.8150078936,2067658826.9451723,2007736756.1511557,0,0,0.349876765503428,0
27.9231903099987,0.235153180744923,1363.09356915374,295.031834428898,1926.93549966413,77.2123388942215,566.666325103985,3.58508495730186,2.95856804453913,19.4353735391981,15.1832991659174,5.84077369797844,3390.19398934274,88618.9553029665,2056706724.4446337,2007466247.9833136,0,0,0.39718197421573875,0
27.9222951986349,0.23326707086789,1366.66522331684,293.922660339632,1932.46023040359,77.4477070627466,567.23116751664,3.58264591974822,2.99486635936773,19.0457699720641,15.3139612788941,5.82641578334359,3397.56829931494,88131.2960674503,2044562817.1755512,2007069250.1403086,0,0,0.4349163831246519,0
27.9162543100995,0.231334463507691,1369.89604931818,292.567913053263,1937.57018581573,77.6679353650013,567.557247733782,3.58084272588721,3.03281548127663,18.6435001619194,15.4493196685624,5.8113599819718,3403.97204121416,87778.6054056835,2034577584.5386872,2006619546.1472912,0,0,0.4580957272128749,0
27.9000897656553,0.229358303317788,1373.07115489791,291.05284397804,1942.65948240697,77.8885395924326,567.778033722624,3.57849521485093,3.07041299532283,18.2395781628054,15.592741308039,5.79574814466469,3410.1323234839,87651.3058520207,2029349574.7811956,2006263214.856657,0,0,0.46939494262349846,0
27.8750506300935,0.227348166840823,1376.03611646001,289.385929252912,1947.49717396695,78.0999012719801,567.835896618178,3.57610558896751,3.10629382296241,17.8381397259824,15.7419302698235,5.77991464076783,3415.6882484992,87622.5029555028,2025822923.8958247,2006044881.4304142,0,0,0.472969400486629,0
27.8480893388519,0.225314301074275,1378.42667026269,287.523688398504,1951.5592153615,78.2807353186646,567.577062722742,3.57499559117752,3.1404238736628,17.4368716548056,15.8910266194144,5.76417912604435,3419.75015891718,87620.2351416378,2021884228.088944,2005953982.0000474,0,0,0.4727464562291884,0
27.8277460353516,0.223252903729375,1379.99336273656,285.425777525131,1954.4903249381,78.4167007720078,566.891295498155,3.57631022345904,3.17382337899197,17.0306010470138,16.0344599214672,5.74869195007189,3421.70137404064,87506.7157577775,2014019416.334034,2005951192.5182335,0,0,0.4706998579839802,0
27.8197789436931,0.221144943944782,1380.80663984164,283.096132542276,1956.3946840622,78.5121267786671,565.800641842722,3.5804479514712,3.20870557653978,16.614697155633,16.1700470081173,5.73326184039779,3421.70872633248,87132.2303328634,1998881912.2210782,2005977988.9781015,0,0,0.46733751206416846,0
27.8249520178898,0.218972462877646,1381.31731890578,280.605840259797,1957.92049399359,78.593220052158,564.491064674217,3.58623379195427,3.24662338866522,16.1883924344351,16.3008120448482,5.71752385907345,3420.88315640705,86666.6003751388,1981007576.3314416,2005999380.7968,0,0,0.46406850363883256,0
27.8398093309925,0.216723370592525,1382.12820009821,278.061518528559,1959.93381104866,78.6948053470085,563.21861185081,3.59171223273648,3.28747480863159,15.7551453656666,16.4336096011,5.70114678395362,3420.72243576445,86201.3797460008,1963326555.346046,2005999448.8964593,0,0,0.46145866902369737,0
27.859557190433,0.21439799238824,1383.6095615283,275.537082563266,1962.9684250284,78.8382807979809,562.144302890369,3.59562103317027,3.33072032588971,15.3195574176126,16.5748829926542,5.68388011715825,3422.15677778609,85757.5987549178,1946838927.3444672,2005971218.864064,0,0,0.4594766260762787,0
27.880524981575,0.212007124153589,1385.77256172431,273.046245328691,1967.04157547175,79.0242818018448,561.279243373976,3.59779126228119,3.37587186960756,14.8851245963318,16.7280163132872,5.66562372921423,3425.22760726459,85338.8567982267,1931666112.1675897,2005916444.9542677,0,0,0.4579331272915292,0
27.9010620844214,0.209560610208585,1388.39508820478,270.555497940116,1971.83030992579,79.2398529675775,560.537477942198,3.59878525266511,3.42242926816685,14.4537780822185,16.8934796216106,5.64643170951126,3429.38883883488,84944.7456303407,1917511810.2651753,2005846461.433852,0,0,0.4566513692970109,0
27.9211694340921,0.207060189382933,1391.20166110769,268.011677776356,1976.92845240698,79.4688088895513,559.811308262141,3.59937700547925,3.46980676715131,14.0263667235145,17.0701843641546,5.62645314480862,3433.94865076989,84575.6061523649,1904002546.863023,2005775728.7619903,0,0,0.45552442159843204,0
27.941586852183,0.204506002738939,1393.97447909986,265.370039147957,1982.00973378087,79.6981528998495,559.017487311741,3.60001550588326,3.51681133455816,13.603557740488,17.2566305174451,5.6059422002413,3438.35437124659,84346.7466887693,1893421121.2553158,2005737865.5748293,0,0,0.45511940645997523,0
27.9629598535808,0.201906784396994,1396.53318425019,262.604660799827,1986.80228741023,79.9168762103436,558.089203567957,3.60078910968404,3.56099220129042,13.1864527741331,17.4507995998403,5.58535283511961,3442.15622179526,84426.9173902583,1889298075.4561968,2005793710.3808281,0,0,0.45630913178566934,0
27.9851664193425,0.19928246924756,1398.58791492116,259.691138855867,1990.87770970147,80.1075818035672,556.911809171281,3.60247765020974,3.60043521266612,12.7749375897277,17.6481085220027,5.56519920938475,3444.64786748377,84656.6174204795,1887694821.4157443,2005965158.2410219,0,0,0.4581473173341846,0
28.0070406615359,0.196663904313135,1399.72543152966,256.600680487908,1993.62830260048,80.2457195675659,555.316093447605,3.60650986473707,3.63502331562166,12.3666445148614,17.8408308416686,5.54591585039851,3444.82634488333,84925.0896348028,1885670214.5894759,2006244893.5128326,0,0,0.4598930652217317,0
28.0268667481076,0.194077416132024,1399.66527000841,253.326682163477,1994.63560644171,80.3144356795754,553.185808308863,3.61409644184222,3.66581941786891,11.9583710589642,18.0213042009226,5.52777497765777,3442.01421377437,85091.4292176285,1879817198.9239376,2006590765.4502537,0,0,0.46067075630433085,0
28.0434193752451,0.191531057707038,1398.50502197034,249.908030160152,1994.02905271242,80.3190305941616,550.557584876147,3.62556409624578,3.69504282696279,11.5478040028464,18.1857099136879,5.51068356042468,3436.45726498476,84998.2983766862,1866880559.8849843,2006927376.5935316,0,0,0.4596368759387684,0
28.0572890944155,0.189017324291272,1396.78592774322,246.43569129772,1992.58698305344,80.2908427013951,547.650286190712,3.63954416636056,3.72430394908792,11.1369228012876,18.3365686795325,5.4942904337352,3429.49082372078,84802.4860499268,1851087219.5031376,2007222165.1965573,0,0,0.45779113980675457,0
28.0712780525724,0.186521133515976,1395.29030865008,243.027503841479,1991.44703503717,80.2754821762346,544.783224191373,3.65359507982547,3.75362344337878,10.7329538011965,18.4814309965519,5.47819001683176,3423.04817575797,84602.0689762011,1835601445.838676,2007474848.6201885,0,0,0.45588415297091006,0
28.0890270765552,0.184034924851584,1394.5322571556,239.757751052546,1991.36718637062,80.3031527748201,542.170524094762,3.66567673780909,3.78184599592254,10.3449729873535,18.6279446312602,5.46213262050866,3418.40953686114,84575.7233727904,1824934191.824344,2007659282.596132,0,0,0.45502022687508104,0
28.1133553958794,0.181569940182607,1394.47969786983,236.626910646785,1992.31434412762,80.372110973798,539.813477663793,3.67494842208667,3.80603148438661,9.98231932317889,18.7794312371879,5.44635936482095,3415.5205743674,84957.1171553014,1824041695.683973,2007680270.3016346,0,0,0.45644356693510296,0
28.1453788291465,0.179153333978608,1394.55581169239,233.571054566385,1993.45918478159,80.4487034851587,537.504901677019,3.68260495474221,3.82337723609414,9.65613796053217,18.9319995963938,5.43150886927094,3412.9985293098,85532.0503130807,1827597556.8552985,2007490619.5469525,0,0,0.4588325120594573,0
28.1843978811638,0.176822704300475,1393.86834803035,230.49457035973,1993.50510022936,80.4807856355109,534.924626454118,3.6910389378512,3.83264641491752,9.38164740464727,19.0756414143229,5.41837028546322,3408.6946467365,86148.1294553991,1831328114.2289357,2007095918.3257062,0,0,0.46110856357887986,0
28.2286109828936,0.174618568933229,1391.73654573984,227.338095802855,1991.4502803674,80.4281591397109,531.846670772445,3.70146324441363,3.83169411365491,9.17719046813342,19.2001423671249,5.40789216288129,3400.9789985556,87024.5719692751,1839138146.0761867,2006617448.8024151,0,0,0.46425186829352616,0
28.2764279534938,0.172593864999344,1387.88862134298,224.109330565415,1986.87636806108,80.2739177368562,528.222095124002,3.71307181163852,3.81479023404039,9.06670425181439,19.298424370418,5.4013754178569,3389.23183399718,88540.9916120265,1858702079.589633,2006302989.182069,0,0,0.4701988583438659,0
28.3275425671077,0.17083261400475,1382.06319853415,220.849478181848,1979.3730995477,80.001542440376,524.058460562772,3.72541086343227,3.77421553657091,9.09538216040525,19.3641115767961,5.40046675912359,3372.90788097211,90330.1870578552,1882027130.2697797,2006242946.9780686,0,0,0.47689958780750036,0
28.3829097438337,0.207715696125945,1373.83413508616,217.621487953223,1968.24687777446,79.5595071165312,519.553210388338,0.145273304284563,3.49666698776822,9.47000381921445,19.4718678170928,5.43094438319898,3351.1817036262,92154.7256471257,1904204924.254258,2006420296.505401,0,0,0.48481828333883525,0
28.4490754626976,0.441989330739957,1362.7054598797,214.785481886709,1952.07533854698,78.7700819114052,517.798290993686,1.7611800648179902e-14,1.20288511109416,11.218660708136,20.5724037775762,5.68459769990109,3324.36577709057,103406.932611468,2120039970.935687,2008764294.713254,3,2,2.4051475094267367,3
28.5197234131719,2.0444330571671,1353.88265847235,212.792204809658,1938.57887878665,78.1760361106656,518.20108386474,2.48620792313033e-16,0.0632630606872732,13.0428145101243,20.7334047926786,5.84123847973995,3303.79400676586,105891.709422329,2160949880.8749914,2011299122.7423089,3,2,2.493969573400335,3
28.6119836128593,8.80485487111312,1345.24394451106,211.547699915328,1924.87079285639,77.6276212331139,516.081147711264,1.54261963557722e-18,0.0001809024799144,14.8203021842385,19.961807733144,5.90209703420794,3282.25894729737,108491.364207416,2207636908.9820323,2014037106.8152478,3,3,2.6120434828222607,4
28.7632003713055,17.0688789183915,1335.33159329144,211.428042737227,1909.31641174072,76.9923386489801,511.454872369206,7.61891607282051e-21,4.24048376121318e-05,16.6020620375491,19.1546991305427,5.9514616959891,3257.3652463105,111037.226898657,2255093209.2240644,2016993067.5560787,4,4,2.7262364332068514,4
29.0041842127749,25.8969892169844,1323.5346863887,212.786606664732,1890.84219296546,76.2162349901785,505.276127109523,1.50508812004018e-23,3.83290820193432e-05,18.3539869682168,18.3275360630551,5.99934666571051,3228.47588377433,112949.423000224,2292080829.915632,2020159733.7619927,4,4,2.8300586456833647,4
29.3363999767275,34.4912072733059,1309.18468519789,215.456831961201,1868.40730018231,75.2598749691075,498.179356284667,6.45291229761133e-27,3.12510895972965e-05,20.0155428678381,17.4974800722134,6.04657526502979,3194.37164858756,113772.036830092,2308013977.6716876,2023482557.0872858,4,4,2.9103818745417045,4
29.7311310797819,42.3677173132456,1293.72667904385,219.125945468802,1844.1291451436,74.216878662093,491.045694471609,2.2490044375378696e-30,2.10094295027329e-05,21.5267929266083,16.7075017001695,6.09143036429551,3158.42362753431,114192.733842025,2317269350.826646,2026933356.551319,4,4,2.97730564638875,4
30.1504882385608,49.3740905020677,1279.81329160815,223.575822315146,1821.8924570748,73.2515386217968,484.829593765011,3.3051457624436e-34,1.11836560633816e-05,22.8479949960122,15.9913628717372,6.13211755660004,3126.68022204352,114391.753823388,2325650329.5700836,2030494899.8200758,4,4,3.0436957353169536,4
30.5680481173234,55.5512456983276,1269.19486754382,228.685222766765,1804.26152905617,72.4714129005666,480.042603643217,4.10816002193996e-38,4.73847243356247e-06,23.9712221590134,15.3591883474434,6.16809656904061,3103.07861780316,114293.625682266,2333155854.2248135,2034169471.1952221,4,4,3.11451627013834,4
30.96711775478,61.0218604156335,1262.22304463218,234.322939496454,1791.77845656406,71.8998527601469,476.699267265775,-4.06350514360072e-37,1.41524114522385e-06,24.907039436383,14.8045658380602,6.19982113069201,3088.30257244265,113860.611684609,2338918878.470047,2037971598.9870014,4,4,3.1871013790954685,4
31.3245486544478,65.9259182718196,1258.58372319148,240.24196419344,1784.05477499424,71.5222058528645,474.617436562696,-1.5044242715685798e-36,2.0482033928587e-07,25.6614594116835,14.3166700596496,6.2279858507841,3081.4586394925,113256.891141431,2345013292.7516804,2041890547.8018682,4,4,3.2586205624673488,4
31.6118524492052,70.3851992495295,1257.83469749417,246.133873617557,1780.53328650486,71.3172330380736,473.601788124153,-1.62969502528642e-36,2.49023341108733e-08,26.2341717639835,13.8853219758417,6.25320586595175,3081.34531211082,112562.12363816,2351462663.0474267,2045904718.4333181,4,4,3.326608028418343,4
31.8135893619173,74.4956940703897,1259.49036105646,251.79159989952,1780.562792896,71.2591803952773,473.448808906225,-1.3092977350808299e-36,4.91012474389981e-09,26.6336613666867,13.5008786137375,6.2760400500592,3086.71081101036,111742.576247187,2356282134.0398765,2050003244.3987424,4,4,3.388981718326497,4
31.93255892205,78.3369853074893,1263.08862845563,257.145516238366,1783.48181848951,71.3209067480953,473.976998243295,-9.99847547106745e-37,1.12545870595084e-09,26.8835920615341,13.1545623766666,6.29697714794255,3096.42673662736,110784.103319849,2358420977.4846625,2054190298.953397,4,4,3.4449692496167112,4
31.9813196448816,81.9753648172,1268.30203799702,262.193628558546,1788.79061688936,71.4816379573661,475.078189983184,-8.09916092184288e-37,2.6797054166520803e-10,27.0205799044134,12.8393315089816,6.31638727722932,3109.71189408898,109843.220574032,2360907592.39289,2058459352.3328884,4,4,3.49670700198303,4
31.9735329535707,85.4635199785036,1274.86449538165,266.936277640792,1796.06790404522,71.7241299996721,476.678709214353,-7.0384270446616e-37,6.58738180405491e-11,27.0849615287836,12.5492395435345,6.3345642236419,3125.9274765694,108977.380247087,2364839403.6507807,2062800517.0524194,4,4,3.544695195828619,4
31.9206169188842,88.8426434594432,1282.40957463375,271.356142095325,1804.76232588626,72.0260568570389,478.662753084373,-6.32992931179364e-37,1.6685675749674898e-11,27.1085521770231,12.2782612975472,6.35179926141951,3144.19908497193,108191.635764369,2370026471.0475445,2067159470.1703446,4,4,3.5880187729072714,4
31.8314668869896,92.1431296736176,1290.49287422457,275.438847596951,1814.23619777149,72.3614638471421,480.875011417579,-5.71929415327006e-37,4.33818750831698e-12,27.110516392468,12.0205729663824,6.36837265714095,3163.4912504648,107482.359883284,2375989917.6136584,2071439510.871425,4,4,3.6256258868802833,4
31.7129061545371,95.3864862161758,1298.70687433967,279.210303778005,1823.93355682569,72.7073088762511,483.166797243418,-5.13791904675588e-37,1.1536213242389698e-12,27.1008420141067,11.7714478329627,6.38450912320654,3182.90662666295,106862.783384153,2382779846.3348947,2075614215.9693778,4,4,3.6574807079682112,4
31.5843401255693,72.2549267140051,1305.08823970861,281.821215877904,1832.13958690994,73.0260494154443,503.356917278506,1.11219277757627,0.266654434588609,27.4151622405579,11.6601070993207,6.40335218532604,3209.44583180813,97108.9542486814,2179790136.140137,2077499703.6759548,1,3,1.5784304009084178,2
31.443854562097,37.0452404024464,1304.74766702222,283.49508120505,1831.39382429428,73.0296908570514,529.152919372817,1.71098434344184,0.856190582099141,27.7045352703628,11.5530116868924,6.39701503907782,3225.25028114111,96423.5262819409,2169735705.573651,2079136537.5900762,0,2,1.4675207925164389,0
31.2901919916125,12.3035976888526,1299.19945421255,284.536336980186,1823.11142435348,72.7076054590104,545.281676199678,1.82345908877878,1.25468056504539,27.902844478398,11.4292734015648,6.3978761008105,3223.78768151661,95376.0582509517,2144318321.2633474,2080416188.879178,0,0,1.2871598931227755,0
31.1228313754744,1.50952799597114,1294.12806165,285.574965214773,1815.46296799488,72.3998637258719,550.626254124971,2.46055796337738,1.56538121851833,27.7866459603114,11.2978328846511,6.38298987680671,3216.79484652896,94307.5415331081,2117927404.0385172,2081352361.7453802,0,0,1.1065061612964273,0
30.9490849958949,0.562134411501588,1292.78523229506,286.914444249011,1813.15085507015,72.3069828952864,549.755191850475,3.04621330446019,1.84211511870439,27.3739898887323,11.2094817576821,6.3496205495129,3214.09848371105,93328.3995265719,2097094653.639252,2082010842.3777332,0,0,0.9598997382555818,0
30.7785707306877,0.329435347772469,1295.55676715033,288.573178086459,1816.75721132892,72.4523219140222,550.683591192898,3.34858962745909,2.05467274213495,26.9249737143373,11.2130576030817,6.31803047246291,3221.35644058104,92566.022401364,2085859348.4236507,2082481040.8488715,0,0,0.8551747468691897,0
30.6172132781428,0.298674966683936,1301.39069085485,290.45449068332,1824.77093166447,72.7770815416191,553.547825272193,3.43941675771077,2.22776278573159,26.457779453516,11.286029525257,6.28732552921504,3236.37392929307,92134.9074140026,2085605900.511095,2082852981.2773888,0,0,0.781075353453393,0
30.4660392527959,0.287383297852079,1308.83955786929,292.417147341027,1835.11460647332,73.1973607044717,557.865679829124,3.45579714957181,2.36394188131784,26.0021353598301,11.4056837186683,6.25909715590967,3255.72198030327,91838.9195866074,2090261625.3783462,2083175720.9179916,0,0,0.7250815368955064,0
30.3230883759934,0.281255624610357,1316.60314387044,294.304403595789,1845.94881285788,73.6388117517903,562.883561098015,3.45202442809002,2.46702344238155,25.5792979699797,11.5499537047825,6.23425233232844,3276.13072575295,91594.5101974252,2096323716.760357,2083476204.7346134,0,0,0.6800747253449345,0
30.1860180735971,0.277309294407214,1323.86850722328,296.002680964543,1856.13791631835,74.055773724872,567.983434691606,3.44131059779946,2.54356765588711,25.2004160196391,11.7026659128628,6.21284323036101,3295.46970266045,91438.4971256212,2103570714.3458037,2083776466.981492,0,0,0.6431300877828979,0
30.053343988769,0.274441653200183,1330.30826182998,297.470493585054,1865.22540476066,74.4299095302645,572.804656595779,3.42860118417113,2.59959948755879,24.8684716230885,11.854989479544,6.19451914155392,3312.81787786331,91424.4234646802,2112821989.5655694,2084100090.684703,0,0,0.6130610538370561,0
29.9239513698584,0.272174777052623,1335.82832768516,298.71866573106,1873.06459759951,74.7552570045307,577.175011715017,3.4161431754351,2.64016977002436,24.5816881031019,12.0025181471639,6.17880443036307,3327.87190363278,91476.872614203,2122278627.8109536,2084465600.009202,0,0,0.588400677797854,0
29.7965240539755,0.270285470711641,1340.38187938062,299.779526374634,1879.55800035303,75.027791977724,581.01367977658,3.40516224362735,2.66953173534607,24.3366264127158,12.1425950558101,6.16524903087004,3340.48091478661,91562.0654538523,2131184401.062779,2084887964.7937639,0,0,0.5681353926724482,0
29.669926225001,0.26872731730679,1343.95766743514,300.693072992116,1884.6559121716,75.2453222053813,584.295627591645,3.39601743983578,2.69031424563127,24.1303962571432,12.2736148294704,6.15357950353715,3350.60468113969,91780.6999492863,2141970524.3897293,2085384873.5104902,0,0,0.5520132035171104,0
29.543334267463,0.26764028771763,1346.5406437703,301.492750843386,1888.31743737655,75.4057298334992,587.018111745221,3.38829916543679,2.70312767064086,23.9637503977169,12.3943960048474,6.1437810548825,3358.21658203914,92249.8255971166,2157465431.643764,2085980004.7541552,0,0,0.539718716483736,0
29.4155405119414,0.267164238297505,1347.97152839283,302.168607692635,1890.33075857784,75.4994190833463,589.138938321767,3.38192583684243,2.70828791579538,23.8465239510338,12.5026938116647,6.13595297390295,3362.96478262373,92812.2976150667,2173868696.450639,2086686131.1847804,0,0,0.5301150623851347,0
29.2847317433288,0.267338143962245,1347.95938863838,302.659643253817,1890.33302842512,75.5100688062804,590.58024919825,3.3773823818589,2.70680795128962,23.7985752239156,12.5951629313279,6.1301877971174,3364.19680806579,93395.0281082261,2189091934.2172413,2087504186.2977257,0,0,0.5247424031844592,0
29.1495493692618,0.268043871041541,1346.31328427891,302.905961747703,1888.10835106998,75.4273019218233,591.308748478687,3.3752920791947,2.69969321940302,23.8394031167936,12.6693637291793,6.12653500380341,3361.50056028157,93973.3430266335,2202262459.5423245,2088395803.8475907,0,0,0.5230029305557156,0
29.0104245479285,0.268995818311116,1343.0915133733,302.898049362678,1883.7640535954,75.2546509698618,591.372027023246,3.37633267136081,2.68822068092023,23.9739335754396,12.7249388951732,6.12485001726397,3355.04109344146,94476.8617629595,2211754248.827383,2089276621.8495579,0,0,0.5198820695354128,0
28.8709853304087,0.269901963699429,1338.60394639065,302.706307923289,1877.70733426491,75.0090581767039,590.884094748939,3.38089287236251,2.67388102780783,24.1824173377736,12.7635095545919,6.12477347383234,3345.55434718395,94934.077225513,2218635185.7476697,2090116217.2469113,0,0,0.5124801487187195,0
28.7378631813198,0.27068769613286,1333.2990835971,302.464271992083,1870.49251798451,74.7143977746527,589.987343646745,3.3886257952091,2.65795753976245,24.4249344050874,12.7879186808098,6.12584748165041,3334.08350322978,95359.9129688521,2223898107.0913434,2090911790.6861455,0,0,0.501838186852293,0
28.6174396492025,0.271671351324703,1327.56518593538,302.306297645459,1862.58475375044,74.3908327372205,588.810114958223,3.39767858329328,2.63991248521018,24.6638840450748,12.800917837741,6.12788371389025,3321.53502325806,96071.1182815896,2235521317.60135,2091784572.277154,0,0,0.4920430613788223,0
28.5155083799437,0.27328872673432,1321.45470874628,302.303076559064,1854.00411682126,74.0396872237387,587.375893746625,3.4058545347822,2.61612931438282,24.8806964090403,12.8025742499163,6.13131106168897,3308.03468423854,97381.4480829659,2260921524.684871,2092960826.7466028,0,0,0.48615462653213026,0
28.44503405229,0.275438328752404,1314.38100247736,302.375263686658,1843.90952973746,73.6272898298021,585.439103562555,3.41486336376149,2.58460885011201,25.0687142867788,12.7868131551917,6.1366376027699,3292.14721933885,98813.1455463432,2288093982.6296434,2094477590.771208,0,0,0.48169455348171236,0
28.4294846245249,0.277957122136144,1305.38083720859,302.308916779712,1830.96342726603,73.1003003949295,582.573260593439,3.42879401493732,2.54701384869584,25.2214374123735,12.7434924769506,6.14402130985153,3271.48020840399,100181.402602298,2311087231.0406737,2096283307.663025,0,0,0.476936412827878,0
28.4906189299296,0.280690448330122,1293.94430487984,301.923211167439,1814.48280664422,72.4317864249792,578.547475484096,3.45022174763378,2.50574302649202,25.3315101254021,12.6662711373296,6.15333570128997,3244.73720919607,101398.287556854,2326719253.708733,2098307352.515496,0,0,0.4710526854405165,0
28.632785023752,0.283437274159362,1280.41264763485,301.182116233963,1794.98924628052,71.6429455800243,573.510836683452,3.47903741623659,2.46320533060983,25.3929055656652,12.556518594838,6.1641248896783,3212.72582614277,102408.5243955,2333896927.4332604,2100483485.3692024,0,0,0.46409052229295733,0
28.8332354964392,0.286012850038371,1265.73054206478,300.176973214228,1773.86418267228,70.7888363621114,567.885222091661,3.51289082866918,2.42118684885154,25.4027759752653,12.4214308040226,6.17578292218242,3177.77095100094,103304.81392289,2335987696.813595,2102752755.9976597,0,0,0.4568525821136999,0
29.0506151912934,0.288293805538032,1250.90162543615,299.035638819928,1752.57824688155,69.9275647393344,562.120708338125,3.54884165501305,2.38075604442926,25.3610664422461,12.2697321451832,6.18775065854927,3142.36911648208,104113.3375979,2335052386.1773744,2105070351.8947499,0,0,0.44964625345377446,0
29.2491250626877,0.289920846091471,1236.64276931026,297.846428838854,1732.18542921147,69.1009067560542,556.531948181668,3.58600435988214,2.34475851162573,25.2677533763873,12.1090404623407,6.19928395020629,3108.30061972748,104375.507903132,2321969018.7903066,2107300785.447787,0,0,0.4408124018491268,0
29.4134626590127,0.290533482211312,1223.63704398884,296.681511235277,1713.66898954342,68.3487335827701,551.410382843526,3.62436475089522,2.31849286807314,25.1235052914324,11.94821833712,6.20925929718153,3077.22891342077,103772.884740607,2290960616.784116,2109252268.5456202,0,0,0.42956831940633294,0
29.5486123780671,0.290408048943707,1212.9644038935,295.694791171419,1698.54210026537,67.7324649243954,547.243186450888,3.6597559572694,2.30420507630605,24.9374281161207,11.8006352489785,6.21681142232506,3051.7909077718,102955.07596524,2258313460.746407,2110897359.0632088,0,0,0.4190769713913441,0
29.6688350243376,0.289704015626942,1205.72675238525,295.078710216102,1688.32990801503,67.3137128908218,544.548579517791,3.68690887512874,2.30025486160035,24.7258789302191,11.6802088541599,6.22161180881906,3034.69846166096,102097.756062303,2229658864.5244083,2112264906.6995084,0,0,0.41023767858784677,0
29.7853043526035,0.288373630741354,1202.29779816903,294.914381215798,1683.5357579791,67.1129706741758,543.512548056584,3.70422895917258,2.30577500999666,24.5015859964238,11.594494235288,6.22348757343684,3026.87640655989,101037.674659487,2201999007.3665357,2113430234.259488,0,0,0.4023329013841581,0
29.9010258379746,0.286328824908415,1202.38596047552,295.16277643416,1683.73913756051,67.1137377074928,544.00518150783,3.71309187518812,2.3214283295747,24.2681186726947,11.5449267126483,6.22228383581215,3027.60492899728,99661.682263106,2172327463.063006,2114500583.5886123,0,0,0.39467056640231135,0
30.0116373849142,0.283706071009569,1205.6048431073,295.770152683824,1688.39139305633,67.2944606885853,545.842654362193,3.7143983259919,2.3469795439038,24.0202601257079,11.5315315206457,6.21799225997142,3035.92967838859,98258.6453120707,2146192080.2554855,2115519998.518769,0,0,0.38810972834112883,0
30.1097373893539,0.280719501028462,1211.67909820188,296.711831027578,1697.09880258029,67.639770012171,548.888286117232,3.70821306170996,2.38070216909439,23.7488979407579,11.5546383599119,6.21077797207905,3051.17489842093,96924.8421711002,2125146926.6996138,2116501183.5052936,0,0,0.3827719165384531,0
30.1899620024049,0.277614372025917,1220.24031971317,297.948953295034,1709.33729761999,68.1288120328047,552.968175115564,3.69472173106652,2.42041505864741,23.4485043820219,11.6131110970838,6.2009451570509,3072.43964297903,95776.0349090891,2111117413.6037736,2117454521.1767607,0,0,0.37885437643330333,0
30.2513779243698,0.27455244943717,1230.7226570008,299.401203968634,1724.31017120268,68.7293680542936,557.828533370275,3.67476599352049,2.46341637042364,23.1214292088116,11.7033427053796,6.18900209659448,3098.33987575482,94903.4326015732,2105310642.1351755,2118392753.9533236,0,0,0.3764351699733925,0
30.2976499822122,0.271541791760628,1242.36512720818,300.928605221229,1740.96167029731,69.3985017464211,563.128173584959,3.65055994039891,2.50760557100639,22.777371749575,11.8192418065524,6.17548966338141,3127.00487909022,94168.8211735097,2103600787.3198042,2119319331.6045468,0,0,0.37467103321123124,0
30.3352483605414,0.268584027730208,1254.36300393246,302.357548867186,1758.18924611623,70.0912940507967,568.500863101585,3.62471726039941,2.55197193700753,22.4297908524943,11.9535072592507,6.16084672124525,3156.44691423114,93524.6632213288,2103751446.697082,2120235950.8797195,0,0,0.3731095583790278,0
30.3700293012258,0.265650732714581,1266.1135451387,303.548476449905,1775.17246040911,70.7743558012637,573.666198696184,3.59944554130625,2.59660372697402,22.0897703464769,12.0998754757387,6.14531670489075,3185.17143534644,92792.4729556339,2100846026.0350773,2121065567.0050175,0,0,0.37087729162849903,0
30.40496783061,0.262704605288317,1277.37024628519,304.438365507407,1791.57748782518,71.4342733875574,578.499462924147,3.57609311397297,2.64314246420877,21.7614962362941,12.2547870919251,6.12881893882578,3212.55849164183,91805.4965530713,2090680356.6652727,2121647380.9196904,0,0,0.36728994714488744,0
30.4398977660591,0.259774284496618,1288.34993564886,305.06982932837,1807.70184964758,72.0832204402976,583.088832044572,3.55384638587299,2.69255504233384,21.4429088627607,12.4188061305094,6.1111963519455,3239.13470205561,90821.6393715549,2079402754.0422244,2121945442.4241035,0,0,0.3635062733641076,0
30.4729082245708,0.256880007218395,1299.53846363831,305.554704800229,1824.20666853582,72.7479592941769,587.649751345426,3.53079325600928,2.74410408563389,21.1287033643524,12.5953201846101,6.09240608545109,3266.09759709855,89937.4995707838,2069986902.1131907,2121991413.6281424,0,0,0.36009827017634394,0
30.5023134816491,0.254056110241038,1311.26108831698,305.986503452606,1841.52465296337,73.4459560665161,592.328548689756,3.50544987089584,2.79612929472547,20.8139889070125,12.786746569016,6.07257576924049,3294.25479666755,89306.5502147332,2066546084.74135,2121922946.0994556,0,0,0.3577973202725434,0
30.5268104857818,0.251339636817573,1323.45310994718,306.388462729555,1859.54458759096,74.1726294798281,597.102025924,3.47739547816862,2.84568790758983,20.4969091430419,12.9922074009834,6.05216158410499,3323.45692044579,89089.0771560155,2072887767.683522,2121977414.2321465,0,0,0.35723102317361355,0
30.5427694311616,0.248714140566582,1335.57469099085,306.669315831717,1877.4972259851,74.8970671885949,601.734352141345,3.44831312332394,2.89054521991739,20.1762272154533,13.2062521236478,6.03173240721886,3352.36796854854,89051.8659332703,2082973698.8228645,2122251028.5485866,0,0,0.3573206094663048,0
30.5426849878652,0.246135332770415,1346.79320914856,306.641171790083,1894.21246413311,75.572568333843,605.857307702988,3.42112028358803,2.93040502770423,19.8490406539243,13.4200716785076,6.01174921531765,3378.90494149006,89076.2057222217,2092820950.4574025,2122753717.436939,0,0,0.3573854720472264,0
30.5183143928424,0.243554688760055,1356.43912304843,306.131654739401,1908.75390693268,76.1618802799413,609.178747762501,3.39802484692906,2.96526702610058,19.5125520455152,13.625707524331,5.99260116617214,3401.38359629232,89194.2041777975,2102134683.4507325,2123457437.217273,0,0,0.35777851386570453,0
30.4635111553748,0.240936845174545,1364.21970237054,305.059838769114,1920.71381574816,76.6488060992045,611.576435887116,3.37988545860168,2.99461235260797,19.1648773566325,13.8183050494592,5.97460805968819,3419.06828238106,89471.327410573,2111985375.4825087,2124318226.8079119,0,0,0.3642805014416838,0
30.3721675782002,0.238264180768096,1370.07360705324,303.423098859217,1930.00925475443,77.0300572435193,613.026567017026,3.36701688292644,3.01835251409939,18.8018755266619,13.9948953382361,5.95793712703314,3431.8190489059,89818.4636751896,2120184019.5488842,2125301154.8876307,0,0,0.38612926709831236,0
30.2358102048365,0.235549798056648,1374.00899687286,301.257548933511,1936.65662105022,77.3062988639959,613.530498581974,3.35957101044577,3.03737657767071,18.4152501704331,14.1529440180301,5.94259501526273,3439.68531060628,90188.3363873329,2125660966.6801486,2126382162.5812893,0,0,0.42440429506904603,0
30.0468120712044,0.232804021000541,1376.11741558151,298.617297639537,1940.79052303718,77.4829847897161,613.123843033655,3.35774502768466,3.05396731798237,17.9957619732265,14.2907228122307,5.92836118674716,3442.9239249936,90343.5119059646,2123001311.5799794,2127517390.6567678,0,0,0.46953507488321544,0
29.8052114771708,0.230017123199054,1376.70207869722,295.577403127921,1942.84287713472,77.5776274599219,611.935284645948,3.36145048164037,3.07242168768399,17.5382914033837,14.4092328673571,5.9146166095881,3442.30088052529,90028.4923105235,2106725582.8321192,2128640762.225633,0,0,0.5085420844680428,0
29.5247571450848,0.227180489164307,1376.45395054958,292.268134058779,1943.78689128248,77.6293256336083,610.27395817923,3.36868624850409,3.09558136737425,17.0481042219164,14.515007934446,5.90068785830511,3439.52995953588,89570.8169177465,2085617599.0554385,2129730449.9623413,0,0,0.5349420855588222,0
29.230141115714,0.224279540618298,1376.36757549467,288.872947644819,1945.01901337709,77.69389511268,608.58969624529,3.37615168020906,3.12321619245513,16.5395286233803,14.6187483499865,5.88611873473877,3437.07345189432,89117.6232775114,2064585886.7899687,2130785234.664882,0,0,0.5485146591495276,0
28.9449865913792,0.221306298632252,1377.10332082127,285.515408140487,1947.46313763219,77.8081729515625,607.180670977117,3.38153839515853,3.15424735766012,16.0268809339537,14.7295531878419,5.87062992510618,3436.56408502414,88729.4260576694,2045986548.7715738,2131818022.3880808,0,0,0.5530832444316554,0
28.6825462969729,0.218268654097175,1378.69490251001,282.210444890028,1951.15967374123,77.9735966304245,606.064276742788,3.38445737877266,3.18738969645002,15.518673226858,14.8514757140925,5.85420367163174,3438.0864883383,88448.676177119,2030853879.7453809,2132851228.30035,0,0,0.5529196447290754,0
28.4442455053423,0.215184980298179,1380.76153237325,278.906914583641,1955.56759376592,78.1682743424485,605.072506049252,3.38598688964195,3.22170831951066,15.0160006726946,14.9838036579749,5.83700190685616,3440.70855860715,88207.6144860528,2017124106.846829,2133888856.389742,0,0,0.550593291969769,0
28.2237459602266,0.212077970766039,1382.83290222333,275.544853103707,1960.02391071242,78.3653797152618,603.997442827754,3.3876189179128,3.25684627056434,14.5145062063914,15.123358901161,5.81922934288644,3443.28612690058,87971.8797750057,2003410757.4226236,2134924358.583071,0,0,0.5476077637296677,0
28.0132215631665,0.208963423286007,1384.60808814967,272.093394444074,1964.10662784555,78.5477921093926,602.706140743474,3.39051341766376,3.29309509621018,14.0085205907101,15.2671623427393,5.8009951579303,3445.09481440355,87638.623716263,1987018458.3583207,2135899330.8445609,0,0,0.5440675329085278,0
27.8083232794716,0.205844660643079,1386.06691273362,268.560254221851,1967.78835273518,78.7144020239853,601.188050439917,3.39515549581745,3.33173702836161,13.494453195366,15.4142861140287,5.78217177544764,3446.09325389565,87094.5596467902,1965419329.5201075,2136692260.5743933,0,0,0.5394800573604346,0
27.6104303974103,0.202715220034051,1387.48410816432,264.988612576675,1971.45158284675,78.8806831469979,599.563482051681,3.40081366403716,3.3735455520529,12.9737208359954,15.5671012075367,5.76253874537398,3446.95074378124,86486.424164221,1942339967.371028,2137261480.844761,0,0,0.5347823662221647,0
27.4253590829879,0.199560928926869,1389.26343332617,261.431188890643,1975.65396865889,79.0691865161001,598.010549890188,3.40614595445805,3.41800188072602,12.4523099809093,15.7303761482835,5.74193153642731,3448.63942928945,85893.4101722259,1920072631.468574,2137619839.353918,0,0,0.5304631038110018,0
27.259210286379,0.196371154340727,1391.64572693943,257.91211926031,1980.72145688842,79.2931716662493,596.634203873624,3.41031364815375,3.4643659183059,11.9366083056745,15.908195176086,5.72024302014702,3451.72672870399,85336.0713550949,1899344390.5303028,2137823247.5998175,0,0,0.5266191166689443,0
27.115136156366,0.193145939417093,1394.59616910922,254.419087993483,1986.59414136914,79.5503457446631,595.417906344422,3.41332816694725,3.51207565321201,11.430637808611,16.1020635323621,5.69746599238432,3456.11131251057,84819.5378610291,1880191888.3591013,2137961907.271423,0,0,0.5231999001354695,0
26.9926025139225,0.189894623626727,1397.89533210221,250.921549478784,1992.95714945227,79.8280993269983,594.265765206252,3.41578104018727,3.56069506625851,10.9359159465263,16.311091446157,5.67369630540264,3461.25302079996,84342.5929321992,1862304621.6278667,2138078755.2102222,0,0,0.52008133744421,0
26.8884362685085,0.186630762397487,1401.28292189079,247.391028870098,1999.44294373992,80.1116553731967,593.06633544413,3.41841380886583,3.6098169651826,10.4525301868981,16.5331162509595,5.6490930295001,3466.52384772961,83904.272360579,1845353767.510298,2138180341.8943017,0,0,0.5171379144959307,0
26.7985046587303,0.183370533006405,1404.55191054408,243.812046069577,2005.76066525649,80.3891982917263,591.735351964785,3.42154435324104,3.65800138262725,9.98071586246775,16.765807410344,5.62397237506045,3471.43356831102,83686.0980082248,1833092572.9511378,2138265325.0310392,0,0,0.5153795077980995,0
26.7185764042126,0.180132204012358,1407.49563797057,240.1712001055,2011.61605066717,80.6485554047204,590.196849450823,3.42506324475114,3.70135263188051,9.52264744733902,17.0063580386882,5.59902813101001,3475.49538527935,83970.6710607904,1831423008.464584,2138342213.7058372,0,0,0.5164190119523359,0
26.6440067547297,0.176928281997007,1409.67040665264,236.416513392793,2016.37037613989,80.8637245909273,588.281814880278,3.4300395281869,3.73612325856437,9.0823534144705,17.2482679053618,5.57515029515056,3477.63705564096,84511.5637897362,1834346318.7876163,2138412513.3092988,0,0,0.5185144055616856,0
26.5698699810693,0.173764972850041,1410.36406060445,232.450954325548,2018.99384678731,80.993191346032,585.718096307375,3.43868655298853,3.76084292929887,8.66594191056462,17.480170208005,5.55320552131977,3476.12288955406,85122.3831863529,1836894966.4143994,2138470501.3528974,0,0,0.5202091808119989,0
26.4925192392088,0.1706463618264,1409.03426045784,228.202916103932,2018.69271890753,81.0049208846439,582.318757896676,3.45228356695863,3.77378284582631,8.28277975397089,17.6906359401546,5.53413272719848,3469.63604702064,85939.7411278806,1841301852.511855,2138493039.9616024,0,0,0.5221111223546624,0
26.410755743708,0.167587336418959,1405.5646124229,223.674304844803,2015.27830417072,80.8910546951687,578.092208907289,3.47009362639912,3.77048025409507,7.94999326670151,17.8720228558621,5.51907843646793,3457.91858517455,87251.0414922049,1853457006.3693204,2138438403.782224,0,0,0.5259072380910873,0
26.326939704682,0.164628178866658,1399.96429906042,218.917115336038,2008.73423719472,80.6509340228973,573.138594983935,3.49080343469623,3.74518531657496,7.70923950302786,18.0189968237975,5.50932405307411,3441.06114980304,88801.5133005848,1867884574.4267294,2138291085.4921923,0,0,0.5301255025928521,0
26.2481421887914,0.161854063584227,1392.18019325385,214.020541440833,1998.94247062466,80.2805043568771,567.596056078686,3.51248776764701,3.69262712151617,7.63990816148674,18.1271505276938,5.50617038999293,3419.06365610888,90417.3216625098,1881129368.6456614,2138050715.1212695,0,0,0.5339779308926892,0
26.1843135397694,0.159396247812888,1382.24250083498,209.107771332804,1985.89761295713,79.7805529295802,561.674509781639,3.53166919131507,3.60737223389694,7.83854720257876,18.193696640979,5.51093940653407,3392.16298035056,92422.7859972328,1900377396.367415,2135762563.3028498,0,0,0.5397193300946569,0
26.1448956529587,0.15745981331328,1370.23140529685,204.335473485298,1969.66324645003,79.1539154532105,555.573628297537,3.54503227624451,3.48478160254141,8.38271876308674,18.2128743041482,5.52498027328974,3360.71644266659,95272.7953516943,1935266194.953628,2133411691.5745022,0,0,0.5500448931081986,0
26.1388842291265,0.156413548437293,1355.94304241646,199.971168950571,1949.87933078666,78.3843032351912,549.244333676833,3.55379420439113,3.32917905971293,9.29444395703236,18.1653872188019,5.54896848823038,3324.4031411001,98427.0975649051,1974921746.88437,2130987575.3026516,0,0,0.5613429262342405,0
26.1763283837135,0.156838138363497,1338.77525417368,196.439161782699,1925.59321438436,77.4287647067672,542.288487536642,3.56296475235569,3.15608623902611,10.5202970168801,18.0197894174912,5.58240668678625,3281.95341671293,101593.987702461,2013798313.6927328,2128474086.8075335,0,0,0.5698776335299873,0
26.2652037818965,0.159178281632216,1317.97090408891,194.096639835218,1895.65265434027,76.2358320562786,534.139727466366,3.57970233151059,2.98655813214944,11.9503734863998,17.7545391155204,5.62322587600227,3231.64254623715,103817.70187645,2033119986.375713,2125776578.0206597,0,0,0.5614602615849448,0
26.4039420236963,0.163122789920118,1293.75464695702,193.013841503546,1860.3990170967,74.8175558933621,524.643686966846,3.61069736021119,2.84157943869696,13.4464454304491,17.3827909553629,5.66728280994893,3173.9175580348,104359.143168855,2019273235.916277,2122768861.9607074,0,0,0.5278632248444033,0
26.5775049114023,0.167842925316755,1268.63690893162,193.071320841444,1823.53380817434,73.3255602691506,514.66838294399,3.65333924599695,2.7291994355174,14.8738867195984,16.9551035568862,5.71015057369902,3114.56513637645,104357.115983753,1997072816.728869,2119433481.397189,0,0,0.48449161014846565,0
26.7645891150434,0.172625508355715,1246.12086115109,194.11562354577,1790.19593034354,71.9712832336601,505.567162126547,3.69802201023065,2.64576534852015,16.1299073932868,16.5302310536511,5.74867995541712,3061.73157870002,104116.224056943,1975536299.9095857,2115786460.254892,0,0,0.4435464822583461,0
26.9485929193493,0.177058390016465,1228.48090176967,196.003688372997,1763.73018576509,70.8931274245834,498.240487613419,3.73678049043739,2.58691686230697,17.1615018573689,16.1462017831094,5.78112205449861,3020.69489682139,103649.657845229,1956782136.162612,2111865900.6917439,0,0,0.4106459893958139,0
27.1207823083472,0.180970447639399,1216.20606126227,198.575223164077,1744.90491936017,70.1237293918473,492.903142381573,3.76628324493399,2.54933294790197,17.9629585250918,15.8169940611876,5.80706852458461,2992.55238593017,102976.149084453,1941155253.9026155,2107722529.6025,0,0,0.38638783111595393,0
27.2758831390141,0.184260954069196,1208.71657648907,201.58194285731,1732.99949464883,69.6342579119081,489.36710903086,3.78648528899361,2.52992529713244,18.5550537525788,15.5437549066884,5.8268709185057,2975.89472874665,102157.659753873,1928463310.9475453,2103383467.2920406,0,0,0.3688910310485983,0
27.4089837453262,0.186814587895369,1205.15338737473,204.718625323195,1726.93084172461,69.380725672944,487.33837957525,3.79859155530491,2.52562165388349,18.9653979561935,15.3240349896089,5.8410906126787,2968.65653740351,101253.119232045,1918021766.364918,2098868457.9515972,0,0,0.35598196581665514,0
27.5170209907428,0.188587634916209,1204.75989039992,207.76023114825,1725.7164321125,69.323252399697,486.541213702349,3.8039515317864,2.53375408919374,19.2171274559758,15.1550586521942,5.85024142266057,2969.01468388381,100285.93718514,1908824223.1503692,2094207438.0464983,0,0,0.34604307774298904,0
27.6017921397625,0.18966019199048,1206.95872142662,210.621663978581,1728.53398363261,69.4287537423518,486.741063301513,3.80365127739896,2.55222599906027,19.3278528118807,15.0339584004365,5.85476680999,2975.56069970841,99281.6988927508,1900490381.6678374,2089437327.6734064,0,0,0.33813748972807883,0
27.6733521084417,0.190213081107333,1211.32533943736,213.324864692314,1734.6839999761,69.6695731259391,487.742903540524,3.79831888791818,2.57909810680882,19.3145103372233,14.9574537405751,5.85513165262071,2987.22029458523,98325.7273568373,1894253693.3577302,2084576349.5584567,0,0,0.3319300396652389,0
27.7474938059902,0.190450633865762,1217.50187339045,215.930261692498,1743.51511815633,70.0202721926291,489.372226488702,3.788414965153,2.61243168648535,19.1961012385982,14.9213894603293,5.85187254103076,3003.05574845244,97458.2794034548,1890696599.772466,2079637362.0180576,0,0,0.3271198957151055,0
27.8367072415929,0.190509032692348,1225.09214673788,218.469286518862,1754.35058587372,70.4542611686306,491.446249333395,3.77505550594446,2.65143571306809,18.9911612400718,14.9204680895649,5.84544206134885,3022.04997867208,96493.3811206518,1885903733.433928,2074594416.8345823,0,0,0.3227468596630144,0
27.9442971397166,0.190442733257558,1233.73651231907,220.924316118564,1766.63649497233,70.9496206338388,493.80920877786,3.75964816193339,2.6970841267208,18.7149705933036,14.9497329561169,5.83603021168485,3043.3076287574,95269.2788549317,1876252770.4344912,2069388821.5514662,0,0,0.31803364675952434,0
28.0640621818705,0.190271876283329,1243.35372636888,223.268831591397,1780.28057862059,71.5026214434371,496.433976284247,3.74199097540085,2.74954537601734,18.3804014734083,15.0073565871668,5.82376850722477,3066.64507583032,94082.0808466054,1867377914.9356472,2064020051.432724,0,0,0.3138485898404646,0
28.1850810003595,0.189976440992611,1254.07671839549,225.491969376178,1795.5244508281,72.1226543027357,499.388836034088,3.721015572502,2.80726859287443,17.9994273948324,15.0939760976099,5.80888786252374,3092.42103135123,93022.8633288944,1861248397.029147,2060701908.3169844,0,0,0.31044856870257376,0
28.2985532973098,0.189537939841621,1265.89565288022,227.583135943434,1812.39479105689,72.810345180321,502.682642559566,3.69629351209585,2.86822485549326,17.5840247904332,15.2086954361199,5.7917628379987,3120.65007651425,92179.6671369339,1859691225.0854917,2057472278.3119,0,0,0.30806463068048956,0
28.4011939783466,0.18896536915816,1278.50947529476,229.525716455619,1830.47456326405,73.5484299527603,506.203707996309,3.66838901712271,2.92986890946011,17.1462882423054,15.3471580901961,5.77302706395136,3150.63553900368,91629.0489291124,1864070140.2549987,2054553026.4263957,0,0,0.3068293406700492,0
28.4947396172312,0.188291408621834,1291.34407089442,231.29043620123,1848.93659434023,74.3033401229938,509.725495536464,3.63913820159927,2.99036106990228,16.6962078280243,15.5015491570584,5.75339907199245,3181.01324577386,91217.6882653031,1870800685.6468635,2051978789.7764828,0,0,0.30605681727662803,0
28.583539530822,0.187564549659669,1303.72933477883,232.840212950643,1866.81059284047,75.0360589914953,512.979539050528,3.61080254974137,3.04917437803309,16.2403244265978,15.6624933988936,5.73349314041881,3210.18214144047,90876.0907633985,1877819847.2161744,2049694677.2095757,0,0,0.3053413744410014,0
28.6717548590774,0.186823801052425,1315.18261988367,234.151277234337,1883.39570375286,75.7185158310251,515.774534411021,3.58484923146453,3.10585051908735,15.7832266332601,15.8223534329424,5.713817425246,3236.99073468757,90651.0901260367,1885650590.1582,2047609169.3109772,0,0,0.304731603416822,0
28.7610657466504,0.186088527621556,1325.48104827206,235.219477520401,1898.36692291329,76.3376376490436,518.027054897692,3.56179563119107,3.15937313301817,15.3298893588876,15.9762928949902,5.69480494537947,3260.91403403211,90607.3351074502,1895502572.1480174,2045628926.3071954,0,0,0.30441121682687045,0
28.8481953846917,0.185364217260443,1334.4988117183,236.043676183635,1911.54891034984,76.8861781147417,519.694686328488,3.54203080644738,3.20914641172918,14.8875121013433,16.1205997737446,5.67676635746012,3281.66684123936,90647.5646016179,1905302441.6823368,2043702268.143695,0,0,0.3040658196231151,0
28.9247748071941,0.184653429926899,1342.10206686814,236.616022386137,1922.76807349288,77.3568169334525,520.733685061304,3.52599820714156,3.25552251199625,14.4654238976429,16.2515898911308,5.65987598395678,3298.95360268996,90725.6126257173,1913987639.5719044,2041802934.0063155,0,0,0.3050956748743272,0
28.9818359888959,0.183954939986802,1348.22004659456,236.931690604002,1931.94391214889,77.746006700179,521.126840055,3.51398362975456,3.29943763920796,14.0719832956355,16.3665406395633,5.6441735391885,3312.63155545747,90761.4421341655,1919822828.5404918,2039888893.5291767,0,0,0.31440638304963114,0
29.0152455872827,0.183260131201823,1352.94379161512,236.997639025873,1939.21801294363,78.0593385630188,520.923765379966,3.50588910094686,3.34218087134844,13.712291963364,16.4651169512887,5.62952601962422,3322.93660738796,90674.0075228,1921204814.3685145,2037892881.2875412,0,0,0.33667785050840615,0
29.0296876922454,0.182545372181577,1356.58732799885,236.836446979417,1945.03401821987,78.3146794158308,520.276166495542,3.50072370882217,3.38372054612371,13.390993985244,16.5507075639804,5.61581071902703,3330.62815059011,90564.6968640179,1920640923.5643232,2035792488.534972,0,0,0.36893807033727405,0
29.0376738074053,0.181774839909678,1359.58581353633,236.477473184151,1949.99412044659,78.5362733518871,519.399732154932,3.4970202099806,3.42225171365245,13.1147510590737,16.6294123927631,5.60303796802912,3336.74852937422,90477.0047718551,1919555545.387346,2033588021.2883527,0,0,0.40456207595546245,0
29.0525853197943,0.180926919167635,1362.20665464307,235.935987218552,1954.45593319837,78.7384474517527,518.443761538889,3.4936352606211,3.45553741206196,12.8900079943106,16.7065482363327,5.59131943014317,3341.93452288157,90500.4935529596,1920156645.800726,2031277460.0530508,0,0,0.4383364953892684,0
29.0815830667056,0.180015637485494,1364.28829371748,235.196880615313,1958.16292848607,78.9106670549734,517.378165731208,3.49059571461536,3.48158148276179,12.7228748764455,16.784129422589,5.58088628450459,3345.79491118547,90675.6143218454,1923129303.7495518,2028836458.7208195,0,0,0.46540695275821925,0
29.121119358683,0.179095469506241,1365.47719648053,234.269086497604,1960.57692298914,79.0310605152457,516.088266145718,3.48883816218316,3.49929387289552,12.6249357351551,16.8608748678907,5.57201068553649,3347.497729596,90866.2052571126,1925305906.4604135,2026247262.9917543,0,0,0.4823283156329632,0
29.1582829898884,0.178247839558835,1365.59264984708,233.229042500724,1961.39745741475,79.0874608210123,514.525753718128,3.48883237431708,3.50820474234262,12.6159117114072,16.934589198714,5.5649382606158,3346.65405740217,91041.1008841425,1926105148.5853598,2023507817.308089,0,0,0.48996909328667165,0
29.1789900702309,0.17754757340258,1364.80132837529,232.201518303741,1960.82601911236,79.0879445516509,512.777154705652,3.489688308037,3.50718784767286,12.7153480613986,17.0043610418127,5.55993598254222,3343.72325166747,91374.0126533617,1929727880.197206,2020668915.439911,0,0,0.4927381799607873,0
29.1750776361819,0.177043804915495,1363.41141348273,231.30442452785,1959.28331990946,79.0493290340833,510.976400387616,3.4898788030924,3.49411227521218,12.9322169631082,17.0692759579838,5.55738598196165,3339.4995353159,92081.2790718103,1941338866.0517015,2017852088.5359974,0,0,0.49520493303430557,0
29.146221235508,0.176769764989721,1361.38780820761,230.587533215817,1956.7158716795,78.9694750770318,509.101628515494,3.48952117641142,3.46865884616501,13.2542717347138,17.1239612044255,5.55760508653377,3333.93067724677,93003.5251733261,1957614237.0171735,2015133120.3200543,0,0,0.4982254526499176,0
29.0971852493527,0.176764934834141,1358.22748468919,230.025913916921,1952.41205062035,78.8200248912396,506.923401325488,3.4905619019674,3.43326806124903,13.6465456531687,17.1575044488619,5.56076282591058,3325.81621565731,94084.8475126731,1976716339.8885303,2012558310.2450254,0,0,0.5018240787549091,0
29.0320346440932,0.177074170288024,1353.39785755705,229.579693441374,1945.62109379296,78.571052621452,504.197998188353,3.49482579665283,3.38975225166423,14.0687003468517,17.1582367863124,5.56714053593937,3313.87706780703,95426.1113039078,1999983305.6266434,2010104789.2869556,0,0,0.5059383469810128,0
28.950496199633,0.177742971392863,1346.44918576719,229.204311203307,1935.70585161676,78.1968772282533,500.739825162273,3.5035198044883,3.33779010866505,14.4911950578094,17.1169954497189,5.57722611269653,3297.0338532349,97059.7162464161,2027346537.0202665,2007671716.4987824,0,0,0.506118322388432,0
28.850121963456,0.178806966700854,1336.81773061107,228.819947000043,1921.86131509248,77.6644379237371,496.358757209167,3.51845357570698,3.27674271745475,14.8943856168017,17.0269141365021,5.59150691886632,3273.93459580971,98741.8047433498,2052731087.561777,2005220019.6751587,0,0,0.49390371074362993,0
28.7308058313331,0.180285901774022,1324.07863077259,228.347355102886,1903.48404293272,76.948195615233,490.944729521968,3.54125273285563,3.20661739889091,15.261569081999,16.8843248593709,5.6102693330327,3243.56835189059,100383.24093962,2073438903.1297982,2002744516.2594204,0,0,0.46911172693614006,0
28.5958372493777,0.18216493923873,1308.34746092124,227.760632192843,1880.75108550263,76.0541648762603,484.586064974825,3.57230180965658,3.12893724498648,15.577973969157,16.6909294713342,5.63328720383743,3206.22032917331,101784.612687551,2085240923.211765,2000229116.9834106,0,0,0.43793024712612627,0
28.4500812259154,0.184353507199726,1290.44264165609,227.090923221486,1854.85767027361,75.0302219396229,477.599089179246,3.61041758412005,3.04800345187645,15.8320581132548,16.4549008986209,5.65951312466547,3163.83773605655,102755.56882967,2085169644.2507846,1997638207.7835932,0,0,0.4071907520179796,0
28.2979146724042,0.186681532454489,1271.75844848581,226.386214169495,1827.84262232363,73.9589634310457,470.476287889322,3.65224694468318,2.96856518217266,16.0182038983106,16.1901274346556,5.68742334376894,3119.70951373965,103502.038004594,2079123139.182297,1994962535.3082674,0,0,0.3826316458540607,0
28.1427190483039,0.188953588497321,1253.71852236098,225.665415057347,1801.7974662766,72.9253651188341,463.697752294083,3.69383257166179,2.89416897522274,16.1362143643543,15.9121524725844,5.71550751729723,3077.16701541221,104073.527069861,2069750415.6446917,1992198973.1152182,0,0,0.3646718504297876,0
27.9880292310946,0.190981103876163,1237.29152222043,224.92272439138,1778.15044355141,71.9878349633594,457.567667171391,3.73327974097785,2.82933309676516,16.186114268608,15.6343006836107,5.74223918087233,3038.45460395056,104073.75796608,2050356631.2257771,1989369677.411421,0,0,0.3494562303022003,0
27.8380929602126,0.192612903983674,1223.19607201873,224.186341352883,1757.94789133046,71.189562756469,452.302765725616,3.76985320669303,2.77977027637677,16.1653351143657,15.3696236612805,5.76597467379444,3005.24426506749,103274.471179728,2017624721.218659,1986522428.499281,0,0,0.33484535425496814,0
27.6960654974621,0.193811017108533,1212.32080701977,223.580197010334,1742.45076304613,70.582122079413,448.203128690113,3.80046754655098,2.74735382613174,16.0723718343499,15.1341411983654,5.78549921220872,2979.65824891451,102277.215748415,1984837321.179867,1983673718.7121296,0,0,0.322566211470654,0
27.562430670588,0.194593790563903,1205.47485074118,223.265815089323,1732.78752558507,70.21129502731,445.558391653872,3.82152451983459,2.72986344132504,15.9089841711491,14.9426917235538,5.80028505076029,2963.65647878451,101256.34035958,1956634179.356726,1980829711.5749662,0,0,0.31302743892804863,0
27.4358237558059,0.195002413668866,1202.78624446444,223.318651126281,1729.11331413471,70.0833026783073,444.415483414754,3.83156952321859,2.72411846871346,15.6803110493102,14.8016427934928,5.81043322270065,2957.56511329839,100410.67384896,1937068724.9845977,1978070021.1334877,0,0,0.306501462340138,0
27.3154527844629,0.195059927244393,1203.6356307325,223.696679506733,1730.52226159274,70.1614174599293,444.544849688675,3.83188903954801,2.726921220281,15.3935558736267,14.707713824924,5.81657893402826,2959.90093784093,99742.0410240636,1925298600.7757742,1975496803.8179958,0,0,0.30243556183815956,0
27.2049661964904,0.194765761910545,1206.97386862358,224.2706536334,1735.49819890059,70.3845858564209,445.537307384523,3.82622147655293,2.73731816237244,15.0537164045841,14.6515264759588,5.81933677502117,2968.1133255771,98963.674283739,1914274548.0054386,1973080996.1903908,0,0,0.29933295982303143,0
27.1132357273079,0.194190602245133,1211.8517206347,224.90546527528,1742.67146271064,70.6979538413943,447.003171390931,3.8176707531713,2.75553297784896,14.6650011213222,14.6236043874354,5.81912301538514,2979.87150438669,98169.6628282373,1904413479.7047796,1970781689.4508617,0,0,0.2969327952843857,0
27.0492257779457,0.193423487260847,1217.76042849083,225.52673362915,1751.31109502177,71.0723359767873,448.723282277551,3.80746053941488,2.78104314292223,14.2349094293727,14.618627638795,5.81624327491575,2993.92162440105,97368.661869589,1895146280.4285154,1968531990.1469524,0,0,0.29489497137809517,0
27.0172222507903,0.192525428925391,1224.49564598922,226.105280032756,1761.13398084617,71.4963448866847,450.611657103173,3.79591073204149,2.81319433091445,13.7728524771982,14.6345034084638,5.81089208698542,3009.77155592565,96526.2439493246,1885525401.012345,1966242560.551923,0,0,0.2929126568754411,0
27.0167363643073,0.191522019445225,1231.97512219238,226.624820824816,1772.04901059878,71.965973492881,452.651744776207,3.78283623946913,2.85073365322971,13.2866036499428,14.6705015067186,5.80332298062396,3027.25173800583,95743.6152335277,1877420609.714256,1963886517.0351985,0,0,0.2911913121845436,0
27.0448914321716,0.190406538458387,1240.1199677985,227.065175382818,1783.98092360455,72.4776002909336,454.842581795511,3.76814718018869,2.89171718408566,12.7807923864739,14.7258284170782,5.7939156629848,3046.21618635078,95053.464979711,1871376218.9969504,1961465941.7466555,0,0,0.2897730969971037,0
27.0979490938868,0.189165114270604,1248.75624969151,227.396718325191,1796.70883370592,73.0218466836416,457.141759825973,3.75261718522673,2.93525242275029,12.2582285968171,14.7983422759825,5.78297143566735,3066.27926927239,94274.2499784177,1863591168.1331792,1958994536.9768438,0,0,0.28805037971440556,0
27.1713221657207,0.187790864865673,1257.70804849002,227.594718194131,1809.98955850522,73.5888691712915,459.48895114544,3.73740045191721,2.98244100661279,11.7221726466437,14.8855566154995,5.7705091701216,3087.02628254988,93235.706057705,1850441702.2114034,1956492050.9929497,0,0,0.2854620696320057,0
27.25876389385,0.186293033694563,1267.0537675124,227.675492298343,1823.92954195764,74.1833363376542,461.907104088637,3.72220143283168,3.03393902077729,11.1791262008949,14.9876089367541,5.75644251806367,3108.64216813768,92199.5522864293,1837215598.996021,1953969268.1278849,0,0,0.2828224548863411,0
27.3529067759602,0.184682176199312,1277.08592172843,227.690912835273,1838.93619116098,74.8222295397575,464.494527812671,3.70577706674135,3.08886723233361,10.6379335268902,15.1071229997371,5.74074644289485,3131.82664548774,91256.1393411419,1826144417.4807558,1951429242.2462971,0,0,0.280458655297544,0
27.4475480243853,0.182971301597629,1287.96107467742,227.677074124245,1855.22115212353,75.5145173654023,467.297977030702,3.68755299153403,3.14642811617963,10.1055403528975,15.2455723118233,5.72344418340663,3156.95107197803,90373.9253569266,1816852815.3200922,1948828270.6898258,0,0,0.2782895276716709,0
27.5390999138565,0.181176852686582,1299.57926977696,227.632867602757,1872.62798004311,76.2540432396314,470.271674168053,3.66790710735302,3.20633432562742,9.58559502403093,15.4018003805525,5.70463968508331,3183.76565702207,89508.1122256537,1808342003.9916687,1946072585.651369,0,0,0.2761345627642226,0
27.6263220274864,0.179311312397901,1311.72854749658,227.532430757347,1890.83641004985,77.0278547354227,473.331757282542,3.64749921661053,3.26824867325911,9.08043453382489,15.5733904181694,5.68452070387085,3211.74144151253,88697.1214549419,1801121668.4221473,1943136627.0013611,0,0,0.2740403021099567,0
27.7092656591522,0.177377943348505,1324.22192916168,227.343146958527,1909.55841992093,77.8242618448046,476.405304463682,3.62688240398813,3.33154453651395,8.59265178856624,15.7580833622757,5.66330842085991,3240.39989418126,87955.3216223667,1795240948.59416,1940036835.315286,0,0,0.2722693758156347,0
27.788368296571,0.17537697397056,1336.9046802115,227.035808857143,1928.55496064969,78.6335551085818,479.431829579566,3.60657625485504,3.39575931326615,8.12409454542126,15.9538773581235,5.64118471143249,3269.34260217796,87260.2095618934,1790044152.9844697,1936785892.2895956,0,0,0.2767218669753003,0
27.8640671965307,0.17331166768557,1349.5731404298,226.579624583707,1947.52494816213,79.4434563154068,482.334589151347,3.58721899598148,3.4608186068061,7.67451457807138,16.1588705535202,5.61826916469389,3298.06529965147,86582.8629473033,1784692120.2995362,1933376587.5481062,0,0,0.29970504166350603,0
27.9369056317774,0.171190125414019,1361.46498722656,225.861997879991,1965.37030126767,80.209026183852,484.840896523764,3.57072820932058,3.5267243015924,7.24131876635146,16.3711583593974,5.59466849780217,3324.71818118257,85949.0442221852,1778780793.6050045,1929820303.9445245,0,0,0.3396771214878273,0
28.0076690049773,0.169023941007628,1371.50508525583,224.731068943857,1980.54670700514,80.8668698969745,486.570411967331,3.56022323664612,3.59318005826516,6.82054709408192,16.5886085894871,5.57054006201039,3346.70405657459,85371.0729684807,1771292100.5613098,1926128961.58912,0,0,0.3807682861242533,0
28.077168344269,0.166823476919287,1379.26760864311,223.145496261281,1992.44753994237,81.3917209296695,487.375650166987,3.55730177547186,3.65957163014284,6.40815119296719,16.8093180311745,5.5460714630341,3363.01465434861,84833.2091122241,1761487565.2168357,1922363193.397837,0,0,0.41050987280987977,0
28.145892718328,0.164595182676707,1385.04917783257,221.175617503888,2001.5067806575,81.8008141251151,487.367011909965,3.56154667406081,3.72514789118319,6.00105824076723,17.0321256293762,5.52143351446929,3374.39804255906,84311.2677130506,1749348580.8448389,1918640516.293803,0,0,0.4256679098796701,0
28.213746737237,0.162341907833893,1389.47102409732,218.934112393584,2008.62572048977,82.1305308490738,486.771623554173,3.57151507742319,3.78894792777746,5.59785168354187,17.2568105292682,5.49678227867292,3382.38589452851,83824.3310467847,1736120916.857762,1914999925.8542435,0,0,0.42930136319649936,0
28.2800956228564,0.160064126427357,1393.12627138735,216.521071659307,2014.66544410251,82.4156489628215,485.807566523462,3.58577498283797,3.84973803388831,5.19868884455293,17.4838323744415,5.47227966951926,3388.43625483984,83382.9661795163,1722797892.749138,1911439634.249652,0,0,0.42613935849667073,0
28.3441842354891,0.157762678698546,1396.40322363063,214.001566950693,2020.19033778278,82.6788550283939,484.619953122443,3.60348971416465,3.90617108850649,4.8045953166397,17.7136565017875,5.44810571865684,3393.50524767608,82990.0563325065,1709937243.6690588,1907939120.654834,0,0,0.42002045981396435,0
28.4054324897676,0.155440692950802,1399.47071148493,211.407919034931,2025.4443858372,82.9297663785989,483.275284573343,3.62450007568454,3.95687244452108,4.41684657514287,17.9462351066364,5.42447472090165,3398.01216383357,82646.4929401606,1697780199.544144,1904469603.1527376,0,0,0.4132034412598586,0
28.4631904654262,0.153103210926448,1402.34870305333,208.751582194717,2030.4517417678,83.1690307411182,481.786139337885,3.64917648143367,4.0005519458413,4.0365123540013,18.1808380011211,5.40162894001713,3402.01046766356,82344.5958735355,1686210718.1279488,1901022588.686916,0,0,0.40661143945954326,0
28.5164202349455,0.150755733802903,1404.99322643678,206.034958412753,2035.14010207723,83.3933448412473,480.141103807818,3.67821462690478,4.03602688634947,3.66433762796731,18.4162105744593,5.37982615275869,3405.39400556979,82077.9937497833,1675062674.4802601,1897602296.1562665,0,0,0.40041726587999343,0
28.5639820056714,0.148403986748944,1407.35804253125,203.260243327439,2039.43240191201,83.5991399770853,478.327920974481,3.71235490505168,4.06177649443122,3.30132424534423,18.6509658991767,5.35938020505714,3408.04973393911,81897.9085498536,1665339842.486798,1894251477.240938,0,0,0.39477265161455155,0
28.6051643666158,0.14605536235125,1409.3979332147,200.432013163682,2043.25376446845,83.7828027559658,476.33690618928,3.75224420035045,4.07537790000241,2.94950776442008,18.8835823239572,5.34074209122508,3409.87063565429,81892.7424257358,1658791619.222504,1891057438.5920045,0,0,0.38995435143981216,0
28.6398426312738,0.143720177456932,1411.00376696721,197.55168286014,2046.43833662199,83.9369259575639,474.139049390507,3.79887174405782,4.07426402876986,2.61170420249527,19.111354173271,5.32445788329793,3410.60239346166,81988.6461527754,1653805344.5950859,1888051869.6047552,0,0,0.38550051205295327,0
28.6682073650639,0.141412057026914,1411.98993268657,194.616318300116,2048.71103675885,84.0496370433437,471.682207469476,3.85354060129111,4.05642451241231,2.29110515097969,19.3299545133248,5.31109850283606,3409.81373813481,82123.1950124489,1648947458.127451,1885227649.0491183,0,0,0.3810804371652627,0
28.6904278339597,0.139143240513495,1412.21247485279,191.628193811915,2049.85901865461,84.1116409097129,468.930687908122,3.91736885846283,4.02037439797021,1.99106839710507,19.5349210778284,5.30117450995135,3407.17682378473,82214.8801565256,1642471741.4170632,1882551892.2875223,0,0,0.3763537335736942,0
28.7065205437527,0.136919018727495,1411.70396862489,188.603994998062,2049.92762163866,84.1242897471593,465.907180011757,3.99089463097783,3.96546357861893,1.71458120439163,19.7236254611785,5.29497031725276,3402.78428945116,82163.7958214337,1632480333.5483427,1879971563.5915768,0,0,0.3709756749997401,0
28.7163931321109,0.134736927972822,1410.73858757903,185.578642844577,2049.31370173785,84.1033975756269,462.71244155357,4.07327356026294,3.8912575578724,1.46476830318179,19.8969120870336,5.2925285195802,3397.30027781572,82045.7716248568,1620838073.093843,1877456287.0443475,0,0,0.36547038895838974,0
28.7199770150876,0.132589663942838,1409.76292394763,182.598525656414,2048.66372291733,84.0751313890297,459.500933598167,4.16195297766159,3.79739964625896,1.24502385772167,20.0587992793365,5.29368319072219,3391.79331970992,81920.63974889,1609231508.5721824,1874996680.1804087,0,0,0.3603049062145996,0
28.7174058888759,0.130473175905692,1409.12848156737,179.696835833662,2048.48441644627,84.0601420082522,456.393882702995,4.25272053783928,3.68371721521192,1.05834195220958,20.2138470958381,5.29820049079138,3387.09990433801,82022.4727540747,1602610870.6369019,1872595829.1146355,0,0,0.3566256871084571,0
28.7092798469797,0.128395702890762,1408.82592996983,176.873771067492,2048.75658829913,84.0577943917981,453.398478946604,4.33939721966463,3.54981277610304,0.907952385957091,20.3634346666798,5.3060602996828,3383.199627993,82742.0245527351,1608503950.5139756,1870273755.5943165,0,0,0.35611496186163905,0
28.697486869158,0.126378303032061,1408.26139707238,174.078516328293,2048.61456417715,84.0333982718249,450.337443381572,4.41496015184219,3.39900845678618,0.798124552451208,20.5004172609809,5.31722380287698,3378.69127681513,83819.9096953023,1621116688.960322,1868052613.616949,0,0,0.3574870094045496,0
28.685932835596,0.124449573435237,1406.30333531796,171.212056834594,2046.42137729759,83.9217445650056,446.868092970521,4.47115578578778,3.24202615927422,0.734757622209759,20.6079377147624,5.33118540810361,3370.91246364112,85005.0903348439,1634332926.425712,1865942592.367067,0,0,0.3594246457577896,0
28.679552675828,0.122631015576421,1401.9220757016,168.186194022661,2040.69956048638,83.6652543718754,442.691310347715,4.49941827987716,3.09499694179727,0.723259762229369,20.6675334800423,5.34676249321852,3357.46206266088,86162.3479299377,1644414187.106986,1863891679.185766,0,0,0.3611491904659176,0
28.6814666623703,0.120931684860023,1394.89637092818,164.995228030613,2031.14964300222,83.2549736264718,437.778792890235,4.49457812463806,2.97391088998855,0.768669913356424,20.6690249718299,5.36230878069557,3337.87494816593,87208.1841031802,1649537833.5058765,1861767521.1351051,0,0,0.36226633141003844,0
28.6886114292165,0.119367160094308,1386.06757599576,161.76012910555,2019.00457732851,82.744570690175,432.47814612005,4.45224183265928,2.88943301551803,0.886779962668569,20.6158831777933,5.37620429428724,3314.24080406014,88196.8870923174,1651817211.920675,1859516819.442334,0,0,0.363206688969233,0
28.6899371175786,0.126104316540747,1376.72580172696,158.675980602843,2006.12247279244,82.2058346916512,427.415962749735,0.845679139196299,2.77274101663645,1.15733450766423,20.5539757011125,5.39555189993133,3289.78855264087,89158.9551989107,1653662132.660069,1857147369.067484,0,0,0.36505041982842207,0
28.6679407021395,0.312615021975526,1367.328443818,156.044268770833,1992.84029446171,81.5446671217107,425.891936311928,6.70865466807055e-13,0.996674261570305,2.47080296505053,21.3733652760968,5.59365089069171,3267.28689480582,99526.0022807294,1831466963.7038827,1856429552.0605724,2,1,2.0815421749952674,1
28.6120594331006,1.42354973021463,1361.88359417973,154.125736497598,1984.9061599913,81.1459019706081,427.146714698868,9.63597214888649e-14,0.0560009873067459,3.93241574464656,21.45665268095,5.72679318400871,3255.00787210662,101109.229371058,1853788563.6045165,1855580826.7340186,2,1,2.148590828879776,1
28.5333782707645,6.12082629699356,1357.23258114134,152.768873233715,1977.84680116595,80.8254130012364,426.888074007203,9.8911958391436e-15,0.0001874409439227,5.33961055233534,20.821329969962,5.77927826179142,3243.69639231496,102816.569297223,1881645456.9003487,1854609198.713352,2,2,2.232058714954369,2
28.4602073357022,11.8620306856958,1352.02168036988,152.290422962546,1969.94603214384,80.4708148547399,424.897179109006,4.20068153536143e-16,4.68888012239618e-05,6.74968823167945,20.206678326833,5.81918394294974,3230.79512298313,104471.889756576,1910464316.2428048,1853532802.9065819,3,4,2.3145865164042307,4
28.4208890001875,18.1543020090534,1346.09815397093,153.065707934143,1960.80371236703,80.0588372027458,421.984152161617,5.553257033213179e-18,3.85322352835377e-05,8.17659084611212,19.6009262043159,5.85649166917472,3216.57564199876,105613.197666285,1932972526.3084958,1852489600.1975482,3,4,2.3988481215560387,4
28.4276160814756,24.5513621398492,1339.29981695783,155.115317888288,1950.08873760764,79.5745665197522,418.759756852301,2.22745077512361e-20,2.93766258235676e-05,9.59376472030251,18.9896548439369,5.89342163784462,3200.98653715827,105830.522406461,1941587872.8272796,1851680377.6653712,3,4,2.4703504637574603,4
28.470275347401,30.6872058905571,1333.18900312409,158.268578885913,1940.10394457523,79.1139675417453,416.013380052158,3.1511036720425297e-22,1.99681514891215e-05,10.9437615589762,18.3951178264007,5.9292979517505,3187.70682705202,105709.063077556,1947915358.0221324,1851168320.8038425,3,4,2.5294952507907964,4
28.5257690629767,36.3642810563352,1329.64472251361,162.259843007616,1933.67153615868,78.7949241647875,414.338373598123,6.83637950029706e-25,1.2068492976188e-05,12.1657428722289,17.8461595558493,5.96255071325635,3180.95189211896,105466.24092746,1956814206.359002,1850973298.9960241,3,4,2.5816609906308794,4
28.5746874646402,41.5246393993479,1329.1507678805,166.818831699068,1931.56445446687,78.6507453621265,413.78531715003,1.18951479211364e-27,6.54651144633022e-06,13.2283694583403,17.3569983931442,5.99234518552858,3181.63873746052,105147.979562298,1968601080.3248851,1851096412.9977148,3,4,2.632103178415556,4
28.6098775709483,46.1933752222708,1330.8185703069,171.706806323441,1932.51798446754,78.6307553654179,413.985098007527,7.959555008964091e-31,3.15551956573053e-06,14.1343312218012,16.9255374166544,6.01885051862759,3187.51512392983,104778.941769089,1981989025.2230923,1851521764.7823029,4,4,2.680270019289975,4
28.6363038308628,50.4271549703715,1333.51810934832,176.674017142268,1934.89943759072,78.6694228902469,414.532803126905,6.023843062114861e-35,1.37516061024665e-06,14.9030269778941,16.5417208789562,6.04273440042912,3195.77303812022,104359.511691922,1995039878.98377,1852215270.6993468,4,4,2.7219863493493746,4
28.665053036885,54.2907995660692,1336.507450636,181.449082756924,1937.64476802733,78.7248032150655,415.165390809211,-3.82359956866608e-31,5.33237135575304e-07,15.554951411573,16.1947131023336,6.06467116948469,3204.49810507664,103902.048988794,2006419863.9369245,1853136084.215722,4,4,2.753621491826875,4
28.7050703912347,57.8550366071007,1339.49955662343,185.841050940683,1940.35380270672,78.7816061828985,415.760402984349,-1.1547528096499799e-30,1.74801865924334e-07,16.10647999949,15.8760622971287,6.0851286686524,3212.88401809098,103335.134468269,2013904132.8194683,1854230666.6081085,4,4,2.7733519315642523,4
28.7595445154771,61.1934769852987,1342.52632380987,189.790981276069,1943.08979500985,78.8425965408,416.298705168617,-1.28587379432581e-30,4.9314970688903e-08,16.5712087168534,15.5805248606173,6.10435080357773,3220.95851233696,102594.389125904,2016102933.4944441,1855434964.022969,4,4,2.781845695194938,4
28.8275159463526,64.3750226765458,1345.81339336552,193.340850484489,1946.20228688559,78.9216385234227,416.843933969139,-1.08582131000867e-30,1.28708572525406e-08,16.9637958407685,15.3058930450274,6.12240862185388,3229.28794022346,101830.210020549,2016366824.9753253,1856706975.810652,4,4,2.7828784608494783,4
28.9067757771132,67.457628244203,1349.5570059843,196.564751659338,1950.00098150546,79.0308152581624,417.476317750866,-8.59277051551713e-31,3.2794346619515103e-09,17.301449087795,15.0512136291393,6.13932211697984,3238.4131369256,101107.198734324,2016500763.4913597,1858017435.8493907,4,4,2.7796923662898276,4
28.9953365808813,70.4829368821545,1353.70358331216,199.513640017449,1954.42361960668,79.1671058801595,418.208784006601,-7.059852358146341e-31,8.357743081072901e-10,17.6009628510558,14.8143077103498,6.1552009835517,3248.28105638076,100542.036521863,2019053751.0628219,1859404415.1996918,4,4,2.7775359971015146,4
29.0911985774193,73.470882399355,1357.94089840346,202.205563584365,1959.01657063642,79.3116241969264,418.967690271262,-6.181449943602261e-31,2.15148879384657e-10,17.8751288236591,14.5906722656897,6.17029754582659,3258.20108670437,100246.418924674,2026150260.4595773,1860965847.3874528,4,4,2.7800099486548926,4
29.1906748421349,76.4168800343845,1361.77580052209,204.63001562245,1963.05201107977,79.4343939965431,419.610612967151,-5.63777695861464e-31,5.5840323221748495e-11,18.130313860755,14.3736625775843,6.18498902157094,3267.02717352069,100071.163424256,2034363820.1788368,1862705283.9004028,4,4,2.7852834740084575,4
29.280351497457,50.6543581704077,1364.10782736663,206.151166092634,1965.62242473129,79.5464200757332,440.55639535796,0.90692490411677,0.26940364454205,18.7298647785772,14.3185186561008,6.20624855456463,3284.89955474885,90726.3772098636,1852219896.2900267,1862611237.0177038,0,2,0.8951279708402753,0
29.3707297855806,11.0000037065571,1362.25451035711,207.300858951889,1962.54818717047,79.4868145633777,469.643298538945,1.39578064335452,0.903953652087371,19.2837074205749,14.3003434965722,6.19802477733264,3298.99713142558,90664.6328204352,1854014190.1142442,1862552101.2367532,0,0,0.8523690154292035,0
29.461372678791,0.555647882864631,1357.17047343032,208.261848551938,1954.62837237277,79.212789868343,473.955185800095,2.55537010012418,1.50589538884085,19.1299291150074,14.1514089695066,6.14186630925175,3291.10580364366,90680.7834600627,1851799954.7454202,1862424286.804362,0,0,0.7724915677607608,0
29.5502499986871,0.225308525532535,1352.0670927529,209.181648919987,1946.52406224092,78.9195530587865,470.633465123479,3.05828394303437,1.99553965390415,18.7841814147837,13.9908226583111,6.08172035970628,3278.40559256186,90745.1911572812,1849844430.2513263,1862205992.4773247,0,0,0.7014001356759739,0
29.6389557636494,0.189468584370451,1348.70314098836,210.054908146861,1940.96097275909,78.72341207332,468.304389208734,3.24913315972078,2.35595127429232,18.4525694768423,13.90428931041,6.0342029074803,3269.94808125969,90841.286434894,1850057776.5964603,1861916804.241703,0,0,0.6593475599936796,0
29.7315578237312,0.17830878052474,1347.18106124314,210.809115742396,1938.18224414648,78.6419025711981,467.153357627288,3.32710840853672,2.62491594941234,18.0914362261344,13.9039045252544,5.99327693422343,3266.10175903727,91007.9328237246,1853064641.0502572,1861577367.2718287,0,0,0.6431680257193017,0
29.83118028252,0.17293004112929,1346.75098435173,211.374808308079,1937.11952835323,78.6333012048151,466.876189106814,3.37081733839257,2.81925191824717,17.7070003944236,13.9738505796667,5.95769526689418,3265.0693234393,91291.5530490551,1858968250.7586272,1861196801.4240224,0,0,0.6431437115378451,0
29.937740746536,0.169973659580375,1346.52653018815,211.715320190566,1936.46448532021,78.6440631703874,467.022617370768,3.39724398391636,2.95539669462589,17.3151999688061,14.0836596328725,5.92737447079107,3264.66116714024,91619.7839441871,1865402623.2501888,1860781178.315354,0,0,0.6494092967340231,0
30.0479765094492,0.168175145131703,1345.86252846079,211.828102307625,1935.2450674482,78.6339656697709,467.1846593375,3.41517134105039,3.0484181325125,16.9212670272186,14.2054077653347,5.90222240419117,3263.23459630802,91955.2264399379,1870971694.1071272,1860333095.5500963,0,0,0.6561463157632661,0
30.1575710772078,0.166979644463605,1344.50295315208,211.737378394861,1933.05920298908,78.58618662625,467.124543182672,3.42956483736673,3.11054228994104,16.5210163733168,14.3207764526529,5.88183171382493,3260.09566383567,92314.2660698726,1875779432.5266924,1859874310.1749523,0,0,0.6612504684198904,0
30.2623804646539,0.16612668540224,1342.53111696003,211.480548403363,1930.00905475146,78.5046132108542,466.787187879406,3.44256975608999,3.15079670951873,16.1113337212389,14.4207194465014,5.86557716500109,3255.39743095461,92720.7082740538,1880445287.945706,1859449731.7747145,0,0,0.6646815395168162,0
30.3565485027124,0.165474295067578,1340.15848882388,211.080053148288,1926.39124721447,78.4011493954697,466.210644564282,3.45480898562519,3.17586268073131,15.7004800929074,14.501958136746,5.85276864703363,3249.61617374784,93126.9052504943,1884261135.0653577,1859070775.644517,0,0,0.6668836132232047,0
30.4314079496206,0.164903716370586,1337.53178712601,210.526100116211,1922.41201403177,78.2840833953807,465.434074432228,3.46654989147838,3.19082247559575,15.3092222603717,14.564036905722,5.84276394000075,3243.07138168772,93509.4264919365,1886909538.9365196,1858730713.077321,0,0,0.6684799217278242,0
30.4789314454666,0.164329878609916,1334.72807697613,209.800993902244,1918.17825519811,78.1576646639176,464.48279751933,3.47793142445246,3.1990830845483,14.9597614161314,14.6079790591605,5.83505826287513,3235.92292376738,93922.9471575053,1889571040.4997692,1858412113.0221026,0,0,0.670044239056139,0
30.4964822505526,0.16374221449348,1331.78280322705,208.909962915892,1913.73619563886,78.0236075373813,463.373967468321,3.48879183025441,3.20242715994362,14.6668771368656,14.6353407541753,5.82932682966405,3228.25478970878,94428.04471491,1893537884.5775175,1858103869.0723937,0,0,0.6713562631627799,0
30.4906770093239,0.163184535270459,1328.53502673474,207.877469522181,1908.84329617709,77.8717799576152,462.064835442803,3.49938416728664,3.20194460196892,14.439967837508,14.6472926168055,5.82537037550463,3219.71129289556,94933.5497381087,1896908475.0645254,1857808062.4953537,0,0,0.6693211138632799,0
30.4761775964451,0.162700977549407,1324.68411618917,206.745408618,1903.04872926116,77.6834999794686,460.478124318227,3.51056415004362,3.19835435956335,14.2876934492171,14.6448381160425,5.82307618952386,3209.62894851112,95402.3126548739,1898797441.531118,1857523607.2135384,0,0,0.6606799931039142,0
30.4676437702756,0.162314814246373,1320.07602334568,205.569051461282,1896.11517330301,77.448838777783,458.592940031242,3.52306843136863,3.19233289920623,14.2152942274531,14.6298048388654,5.82228911669305,3197.6983445496,95759.2767874963,1897748901.492873,1857190492.8520348,0,0,0.6431798289140701,0
30.4724317277109,0.162020299959845,1314.84466094715,204.410873659813,1888.23356602134,77.1753700335397,456.475243166425,3.53704102429214,3.1853404120639,14.2181564796396,14.6054128198879,5.82262504203451,3184.28521723377,95938.4900180027,1892784681.1023526,1856684720.092146,0,0,0.6163776193700481,0
30.4879652717227,0.161822833765077,1309.40037078663,203.364263682561,1880.01104963019,76.8872585568155,454.265351274177,3.55164769800185,3.17886524259601,14.2774546426676,14.5763165806235,5.82356101427918,3170.42039041282,96044.6406095612,1886619359.0688083,1855945190.1135175,0,0,0.5843840590219116,0
30.5048887905566,0.161767830118321,1304.25180475416,202.551534565718,1872.20765651706,76.6144174018035,452.121972563999,3.56550889621052,3.17377929944287,14.3643051702535,14.5475672205935,5.82460386207456,3157.38407773342,96117.4442064079,1880809975.5422127,1854946165.4849098,0,0,0.55286454121135,0
30.5140447246313,0.16191667273781,1299.73048028229,202.069323813016,1865.32114627083,76.3760363337046,450.148057593333,3.57713323031476,3.16901532986115,14.4543106857282,14.5228334603653,5.82561587708333,3146.02494341749,96432.0439685678,1881261121.9988139,1853709476.0721197,0,0,0.5269910716144895,0
30.5105677166825,0.16231047865302,1295.76810900903,201.936850111015,1859.2483125117,76.167196421733,448.331696475946,3.58573992267516,3.16051895671859,14.5353154429499,14.5020307991645,5.82711182005025,3136.20160027763,97246.6796873137,1892922609.8637946,1852309226.8309066,0,0,0.5087362197690654,0
30.4931483164108,0.16291744462731,1291.72555457526,202.035781771439,1853.03151603321,75.9491723469351,446.469333854156,3.5934261469173,3.14570564879552,14.5950583260932,14.4785583737937,5.82975281694595,3126.32604185931,98167.239344992,1907085852.5609891,1850792088.966315,0,0,0.494886895819993,0
30.4619219158333,0.163659583947639,1286.67007815685,202.135178265549,1845.27041949981,75.6662036927979,444.242824696436,3.60385723713754,3.1253709316639,14.6120283453361,14.4415669981984,5.83393311482758,3114.02262810707,99049.9343124129,1919275807.4442995,1849186223.386258,0,0,0.48339462222542046,0
30.4176724250032,0.164464681496958,1280.0364997053,202.04185997745,1835.10588145124,75.2845561459273,441.456084444687,3.61919398631874,3.10033568095852,14.5662812727158,14.383229074181,5.83988572091106,3097.80044842301,99968.1707518208,1929667406.5595806,1847565665.921131,0,0,0.4736303499680543,0
30.3624429994424,0.165289716660386,1271.81287139788,201.684601807873,1822.51920517701,74.8039512203975,438.110465950009,3.63947856677646,3.07033082104718,14.4530846896456,14.301374476272,5.84772324468928,3077.58086353623,100999.289859851,1939431069.4410517,1846047555.7668629,0,0,0.4651796592674398,0
30.3011410964962,0.166103704556103,1262.23064706606,201.069792586062,1807.91669892951,74.2405600712516,434.301619234039,3.66401427380783,3.0355504974422,14.290548096965,14.1965312688084,5.85737413337579,3053.98032367359,102020.867251219,1946458904.6472795,1844665636.6571229,0,0,0.45704792898328067,0
30.2411905437605,0.166881654681015,1251.51430301216,200.21687539394,1791.75421865208,73.6121067109694,430.128495090324,3.69196590458652,2.99732224840488,14.1130972097356,14.0695999604513,5.86859798981405,3027.66784405482,102992.09399086,1950366978.4633002,1843422059.1864834,0,0,0.44924695997618674,0
30.1891316880447,0.167551165604341,1239.96387653781,199.141544400359,1774.58375789081,72.9407862707858,425.699383175135,3.72378960334768,2.96095652554648,13.9474876720152,13.923400571117,5.88049205891579,2999.46255644383,103142.979911829,1937158150.8582382,1842242908.3493216,0,0,0.4388958123772478,0
30.1474339825765,0.167997709896435,1228.47944127255,197.912044700501,1757.7493063933,72.2824129208337,421.297317063846,3.75944945930859,2.93678937448819,13.7984419655905,13.7687626225992,5.89102034177754,2971.52181383603,101938.247385246,1898405731.837419,1841001043.8766005,0,0,0.42422307814362525,0
30.1129160579936,0.168185139907451,1219.01134064627,196.75427896934,1744.00916951007,71.7509816654417,417.562236635116,3.79271513678641,2.9299126337023,13.6620123005608,13.6286188439695,5.89825910016895,2948.44986191889,100463.549198117,1857403007.4342575,1839673603.1084168,0,0,0.41034035275748015,0
30.0791915988561,0.168117263057362,1213.64357152315,195.959507446888,1736.25932445432,71.4657428669104,415.192070926988,3.81561685095239,2.93828725138165,13.5376489493719,13.5281253315715,5.9011822631032,2935.16377238099,99011.5550299763,1822404875.680601,1838275381.195124,0,0,0.39892385196244956,0
30.0412791404882,0.167803620442212,1213.22339516432,195.671013528297,1735.63581878658,71.4737480361369,414.464053862416,3.8249468773354,2.96020706278023,13.4246273336145,13.4807329358297,5.8993277537098,2933.6388087458,97484.3736249555,1792581172.1758013,1836770302.5200322,0,0,0.3896311634572458,0
29.9975351395918,0.167258843608762,1217.3576604545,195.854888493878,1741.54106572233,71.750998467323,415.231178725568,3.82187567705699,2.99561044295615,13.318331844622,13.4871974636697,5.89265380127572,2942.9063714944,95797.695227288,1765584869.4581351,1835106617.818807,0,0,0.38172612645519255,0
29.9488295586882,0.166514533216213,1225.22969324014,196.405939966243,1752.81051293918,72.2502038267334,417.200078097042,3.80859277402819,3.04419667757988,13.2088557095948,13.5430034012003,5.88140405285408,2961.00709492729,94140.4600967856,1743506538.801887,1833327784.3896034,0,0,0.3753980949195075,0
29.8968873114582,0.165610449157058,1236.11676205869,197.227944808069,1768.43258170651,72.9302365060866,420.107282667802,3.78690125829041,3.10465207059368,13.0837644948976,13.6435497357791,5.86595012580622,2986.2201317305,92582.7205692033,1726460361.0204778,1831474106.069975,0,0,0.37042095971185207,0
29.8431635561043,0.164586449006416,1249.40286127969,198.24383262959,1787.54476730992,73.7558719704627,423.728573217322,3.75821859144355,3.17470369714675,12.9344997981286,13.7846245163113,5.84678261076542,3017.08223688727,91272.1919805369,1716297130.9908311,1829611094.096666,0,0,0.3669841752517939,0
29.7890093938428,0.163482077703796,1264.4693553949,199.385032802847,1809.26541383981,74.6907884315238,427.847773943279,3.72387709366328,3.25069370230203,12.7593250099443,13.9613025569979,5.8246467216531,3052.12114923777,90344.8291036277,1714853098.410331,1827833257.6112282,0,0,0.36530963054988147,0
29.7373115764009,0.162326266417006,1280.54908852697,200.564395844649,1832.48470828775,75.6892022718177,432.203077597876,3.6862355328443,3.32954146024001,12.558352136732,14.1662801483061,5.80035664349618,3089.49780069412,89599.9631784733,1717503991.3509784,1826167459.5032775,0,0,0.36428782886618855,0
29.6930194251266,0.161139716021412,1296.77994476216,201.67533391636,1855.94806237027,76.6994621170578,436.501711062442,3.6482152139925,3.40982262396681,12.3294367801829,14.3901791194059,5.77462253137365,3127.13301400272,88951.2412814817,1721599463.06689,1824607284.9623394,0,0,0.36332505885641575,0
29.6608882388749,0.159934190539979,1312.49648879046,202.632512089196,1878.68383246444,77.6815716458652,440.51940723942,3.61203277280641,3.49071681939456,12.0702046988594,14.6245476863922,5.74802924212272,3163.41761923851,88377.0996051202,1725953533.0501308,1823173559.5968912,0,0,0.3653561278733492,0
29.6429894716998,0.158711864903465,1327.35750526577,203.391331815548,1900.19487984027,78.6150188270078,444.141808769584,3.57884434961379,3.57175038366875,11.7802291584398,14.8636110770505,5.72096889743336,3197.52721848513,87866.903639496,1729996152.424649,1821918918.4532788,0,0,0.38366540499150753,0
29.6374401257473,0.157466678731017,1340.99578524279,203.893980635654,1919.96376933315,79.4782189244798,447.24579093969,3.54953663951564,3.65282213729169,11.4607725105497,15.1037350453267,5.69365779341526,3228.58349529754,87431.8395854192,1733539597.89486,1820838960.1084754,0,0,0.4259827433423996,0
