30.6643432631164,0.144588842209762,1345.28975202349,173.004244087908,1530.25063334441,109.685029065686,224.404274599274,3.65801793062327,8.29829328115207,0.642826446717615,22.7195573498642,4.55268021736826,2751.1811602676,89310.8441317622
30.7461249632066,0.143897016004686,1346.62873562524,172.463540517639,1531.50613337767,109.755673944077,223.944676512234,3.80563522036425,8.11519313864181,0.553667958111911,22.7891843404814,4.57558570102815,2752.70459843852,88997.4116683567
30.8125655165673,0.143099194815477,1348.66908851171,171.894306984371,1534.04695067011,109.911823660546,223.649014965955,3.92869948572078,7.92011670073282,0.48788678239592,22.8702813368261,4.59956880105263,2756.38677873481,89058.3406674204
30.8614943338716,0.142246636390784,1349.55020979276,171.253204426952,1536.88801300874,110.084861755144,223.386009849375,4.02656782245896,7.71911323099215,0.439985598398213,22.9552912020163,4.62418550762236,2760.52349038323,89273.4704135087
30.8932976562762,0.141390343603218,1348.51797008359,170.487969307785,1538.86896211021,110.193261371901,222.996591201886,4.10908280716267,7.51436465402371,0.402443961146483,23.0296118958117,4.64996479451584,2763.10505074351,89523.9577388445
30.9089003992031,0.140556073297038,1346.15962686891,169.568288227169,1539.28332807563,110.187101963354,222.383768558896,4.18866369475095,7.3038371408837,0.369158333119923,23.0807224951002,4.67792716442482,2762.91069379782,89662.0593135334
30.9094660742044,0.139733595191384,1343.37386345457,168.498762174675,1538.18145887039,110.06992220552,221.553741097572,4.27422263191941,7.08483850761736,0.336706308840375,23.1044074121653,4.70871494596885,2760.03189860869,89543.2912320614
30.8970305843774,0.138883908258213,1340.94678145366,167.312895251157,1536.28894123942,109.893252065703,220.60369693438,4.36701660717824,6.85593547023589,0.304817337809687,23.1062622321947,4.74221532077129,2755.7276538038,89331.579799178
30.8746389829177,0.137957100384861,1339.48142473005,166.053934956197,1534.61029987139,109.728729077527,219.666379684287,4.46185676271609,6.61803914626889,0.274916258148726,23.0976064102402,4.77763328452578,2751.73572481632,89106.5426850055
30.8454465410065,0.136914710425317,1339.1726489448,164.738663855941,1533.78376680536,109.622170489387,218.821591052977,4.55370167664389,6.3746170097286,0.248008935127017,23.0885910020906,4.8138766250638,2749.14794103678,88788.5750630657
30.8119273342093,0.135740821778182,1339.83465265154,163.355248011505,1533.9088469089,109.581101518727,218.076643991615,4.64057259805416,6.13019262332336,0.224283262889041,23.0854065186621,4.84994594187259,2748.11793402235,88281.4488500419
30.7758937214131,0.134442641266608,1341.25349400702,161.900378210218,1534.90847807503,109.60045695155,217.42209892711,4.7199105460003,5.88833168227817,0.204162383123055,23.0926012853419,4.88508065260635,2748.50907781156,87790.3941911302
30.7384715617313,0.133044480100838,1343.31533726213,160.391812196001,1536.71290069187,109.675803383834,216.856651540991,4.78730606766333,5.65195165859209,0.188200306749742,23.1141695211936,4.91864041610442,2750.21630268608,87434.2890022109
30.6992200510862,0.13157961612608,1345.82099127947,158.843892060086,1539.09712994035,109.791744451227,216.358780396094,4.83987940861711,5.42400377791762,0.176407270214607,23.1507549276518,4.95016628859219,2752.86799030138,87279.3532088307
30.6551343375728,0.130081003536683,1348.37377205919,157.24904493388,1541.58789942072,109.91514800057,215.869610350466,4.87857836032579,5.2069201593252,0.168031326554558,23.1976478479593,4.97957526787466,2755.65235921678,87265.2321102536
30.6006911995713,0.128569784291919,1350.48710455008,155.579827818521,1543.60453531165,110.005022200892,215.310215180003,4.90954905856243,5.00165093414632,0.161436764241428,23.2461005476655,5.00723187370251,2757.55958888862,87179.4990742658
30.5304437833573,0.127049905444301,1351.86921124915,153.812950896772,1544.79186584348,110.036052260346,214.628521769702,4.94089699788427,4.80620100057959,0.154944227993727,23.2882271542521,5.03387713434926,2757.9688301054,86991.7892384517
30.4428492588779,0.125513922826031,1352.6216159182,151.954148539878,1545.25140109929,110.015120301351,213.834156963615,4.97673193638959,4.61620296319526,0.147866162830796,23.3215451575129,5.06027725904321,2757.06094497893,86819.2867322612
30.3411366723586,0.123953599160685,1353.07813030668,150.030979493578,1545.35816617856,109.968523423169,212.975821417777,5.01617910499964,4.42751775305466,0.140446994696171,23.3480177832937,5.08690658237506,2755.49933031144,86753.704629895
30.2313522786256,0.12236357377507,1353.46280837078,148.061045425274,1545.36821725731,109.914177945708,212.089626230565,5.0569074999711,4.2380686293,0.133125523347486,23.3695866010502,5.11395131057145,2753.73585231455,86742.459398356
30.1199964641512,0.120739431969483,1353.76777683079,146.03795944436,1545.27683636601,109.851501630503,211.180587496424,5.09750536442499,4.0475529336893,0.126165590300423,23.385711910767,5.1414950703514,2751.75883602963,86751.7639296307
30.0121681536377,0.119076445564877,1353.8847460656,143.945484870332,1544.96605215914,109.771937936323,210.239888974672,5.137844576594,3.85667237398945,0.119618068018031,23.394426053036,5.16956490823647,2749.35549107079,86670.613061572
29.9109548500635,0.11737092326996,1353.79411313513,141.778994103452,1544.41872222683,109.674308499901,209.269805384623,5.17812247580394,3.6670867436275,0.113554269920698,23.394973866144,5.19798518721011,2746.49269279675,86366.1449630341
29.8179590477072,0.115626334224636,1353.71091220665,139.564934022019,1543.88586501504,109.577008024085,208.304937185886,5.21517958707784,3.48172449451476,0.108569501474415,23.3905827403808,5.22615953624116,2743.6165898062,85987.9083407461
29.7340258919594,0.113855404273573,1353.99299211597,137.353747819035,1543.78251988119,109.510785059424,207.398529901146,5.24345731230739,3.30550596124292,0.10532471808419,23.3879621580576,5.2529877952313,2741.46938007793,85618.5054744964
29.659253934012,0.112079990355995,1354.85617336842,135.190288254775,1544.36043896772,109.495063803456,206.582538111496,5.25811945020341,3.14357316707344,0.104211099601225,23.3928743122889,5.27737215879519,2740.51146315787,85640.6631133788
29.592498790117,0.110335874352374,1356.09050451819,133.091635116721,1545.38248333927,109.514311336852,205.830657420675,5.25363484559324,2.9991614157324,0.105955740130329,23.4041263888002,5.29885585422251,2740.35328423903,86603.3871976134
29.5311377707682,0.108675439325255,1356.70039553782,131.023835915365,1545.71105388015,109.488665270099,205.005344860122,5.22623455223114,2.87725719226536,0.111701021021258,23.4058327155601,5.31757733535139,2739.03650183417,88000.2227276823
29.4718027006875,0.107161920074811,1355.03076570924,128.911409079914,1543.45296246106,109.28429734345,203.878742990764,5.17569499307597,2.7868503228687,0.122608677945593,23.3681752291924,5.3339304915171,2733.28897085347,89479.8415209664
29.4121130056059,0.105845579158829,1349.86384672261,126.70965150494,1537.21414925646,108.802526382684,202.29706429176,5.10390945499057,2.73643746870105,0.139780398547462,23.2631794930933,5.34829058056149,2720.71832090966,91008.3595974585
29.3499621341823,0.104760326017384,1341.19093088376,124.454643249263,1526.98007902202,108.04333414127,200.303107052009,5.00333313054213,2.73325619826703,0.167869370706391,23.0786123508794,5.36034430217459,2701.35741655785,92645.9358565038
29.2775681867326,0.103955333209399,1330.07649249924,122.267753404832,1513.95259228444,107.09818601269,198.164790256236,4.83395948860805,2.79726030047823,0.224047368890735,22.8210937741634,5.36698839157777,2677.42855541058,94313.9371295741
29.1781878691879,0.103529966577406,1318.0077218101,120.316733516172,1499.79855406482,106.099120843543,196.314323521732,4.53904767874588,2.9693374069505,0.342729214261086,22.5105639365138,5.36154000658793,2652.06276208993,95967.6739275013
29.0334136364639,0.103672073900906,1305.87461659738,118.722859780256,1485.49577041698,105.127048323747,195.127529112502,4.10307504413639,3.27736083746272,0.579804143395886,22.1668228020999,5.33929046663305,2627.20366255529,98023.0923317357
28.8308795434284,0.104760883949351,1293.48356291117,117.585485838897,1470.79795881346,104.159634299034,194.738368137288,3.58244561163058,3.69239568584993,1.02291137343169,21.794518408368,5.30445705071252,2602.61750844089,100901.960615762
28.5659612187437,0.10729820819109,1279.94692815482,117.208956557775,1454.68442365005,103.099222576954,194.998325362891,3.09593024641712,4.12674489689361,1.77521393554086,21.379343296566,5.27049337835575,2576.76381393354,103940.104350227
28.2417967880217,0.111647245674629,1264.42243279432,118.165111373199,1436.20032668617,101.846955010014,195.572883519321,2.74251154810162,4.48438926332025,2.89092193371995,20.9068253758979,5.251637008961,2548.28337321571,106851.275763278
27.8701044053657,0.117759204664745,1247.06139375385,120.929948847881,1415.53652140331,100.402669937788,196.198498613594,2.53302325105862,4.72695900949834,4.31539725932596,20.3878902425153,5.25214853295757,2517.66084747518,108664.203984186
27.473796062248,0.124702263474302,1229.91524641642,125.518370900432,1395.05745239783,98.9439834113185,196.915359938059,2.42589016755607,4.88485501857055,5.88773279251848,19.8645580192394,5.2647091107568,2488.77420499905,108761.006853383
27.0856019103753,0.131383109811375,1215.99217811262,131.469466716817,1378.20547713545,97.733734543269,197.961918334238,2.37487858564259,5.00401425535473,7.41270282119534,19.3924930499563,5.27916192915702,2467.03587677333,108357.69731797
26.7358958051245,0.13748995580783,1206.78373925482,138.153237762096,1366.6739360993,96.9052055889145,199.423144150211,2.34859203056067,5.11202236333946,8.74177294930757,19.0105014114399,5.28913854177226,2454.79931285181,107757.058506988
26.4396898901107,0.143207111339692,1202.02186003898,145.121193474982,1360.14797763842,96.4410127587765,201.220002704044,2.33086187547648,5.22370890987186,9.81047021530441,18.7249185849556,5.29220753221214,2451.17896823453,106900.403318784
26.1948576870536,0.148752320741542,1200.85525132232,152.165015202286,1357.66627895877,96.2730293034943,203.276338568674,2.31434122353763,5.34636291999902,10.6204540069267,18.5218821499572,5.28834829063794,2454.40157999291,105765.541053605
25.9865411209845,0.154170637435542,1202.64354630195,159.16078783849,1358.53873190054,96.3525007793242,205.594094905875,2.29541706751691,5.48169324740314,11.1957907367225,18.3862265723157,5.27844120795828,2463.22566655834,104539.856517692
25.7957109061476,0.159332326054652,1207.01138239549,165.987446353757,1362.3917137874,96.6547139622506,208.210569290932,2.27248309471899,5.62835457997726,11.5578510679128,18.3086133159982,5.26339395356139,2476.94056934564,103303.416803803
25.6092957805377,0.16411926791574,1213.61851931829,172.568429566374,1368.87221013005,97.1557820230704,211.12716489213,2.24546536731634,5.78506092097159,11.7243240038857,18.2829337204704,5.24381889535366,2494.89309670166,102085.483486717
25.4248677413403,0.168494015704362,1222.07568088706,178.881346948995,1377.53779056806,97.8236133175885,214.29564888085,2.21523285747741,5.95118334990419,11.7135871116131,18.3033185231791,5.22015101146464,2516.31543063312,100912.291446875
25.251470194958,0.172455185073488,1231.98555834054,184.907828150402,1387.90726066441,98.6222307060408,217.640284417678,2.18306035672002,6.12618631673103,11.5451017435737,18.363289147944,5.19281433994299,2540.38147317688,99833.5878537122
25.1040466309414,0.176000239391242,1242.96709282182,190.609354179755,1399.50551835658,99.5160062480748,221.079082575231,2.15036141205354,6.30912820210051,11.2385675304723,18.4558935531249,5.16231001846243,2566.2642921025,98872.8651123959
24.993242485523,0.179124599590391,1254.62425798963,195.943259242001,1411.85256062961,100.46960896692,224.530722095036,2.11881349797186,6.50008920324389,10.8126382325483,18.5742690751314,5.1290012800032,2593.11890660828,97851.688726739
24.9217280005305,0.181833904516159,1266.31853560995,200.834954372786,1424.22300861253,101.430924724036,227.877828850671,2.09074065933185,6.70120781546959,10.2845592750917,18.713268011606,5.09288386396201,2619.63539171015,96622.3939109485
24.8879575574296,0.184148430122445,1277.1686251234,205.17787024952,1435.65020372788,102.330226772922,230.968054062841,2.06892814141193,6.91244668446785,9.67459481524328,18.8714259028109,5.05406634528341,2644.04221018418,95453.5239763022
24.8899155521948,0.186092798257047,1286.85049887471,208.95135473655,1445.81286909133,103.143100238801,233.751423065237,2.0544581820413,7.13032905705343,9.00621846626416,19.0499557510477,5.01299396745424,2665.73757986934,94420.8617413532
24.9250030150271,0.187700837624698,1295.50663777547,212.214494615487,1454.9045933123,103.881762694368,236.262039944202,2.04699862383463,7.35011714815194,8.30189532295717,19.248891016621,4.97035507456285,2685.07962061215,93591.3741887064
24.9896636748945,0.189018195754487,1303.30464393683,215.04229646536,1463.12242077501,104.558682431707,238.539467851307,2.04619867445776,7.56589907433914,7.582281074182,19.4648834962891,4.92719110295962,2702.46385453926,93019.639882583
25.0803429455763,0.190086501519929,1310.21835161978,217.475969216802,1470.42483063288,105.169287239784,240.583782239717,2.0524868668483,7.77279344889912,6.86711946725864,19.6907893716096,4.88460709279075,2717.85978250786,92577.6517967591
25.1943095722302,0.190931896026832,1316.10858143774,219.519294294101,1476.63481862384,105.699336690279,242.367179500706,2.06667112418476,7.96803169145151,6.17532557400613,19.9175905579094,4.84351137574553,2730.97579592398,92208.9081147883
25.3293710026539,0.191573460676843,1320.93434113079,221.179161814925,1481.68826983057,106.142634484178,243.879215946514,2.0889716789564,8.1479151088937,5.52372425937405,20.1379539464348,4.80484705077825,2741.71628400956,92070.8456243304
25.4810904887893,0.192043518994633,1324.72175035049,222.487499109206,1485.60481134154,106.498973951984,245.129431306436,2.11887823717247,8.30565535694737,4.92659853976883,20.3464616528973,4.76988525571138,2750.14808829299,92342.4671686588
25.6353659365495,0.192390047918822,1327.29112900263,223.468882556237,1488.18744063279,106.75331993355,246.09760520747,2.1561926024364,8.43567891626607,4.39386878247948,20.5356919610791,4.73984443329375,2755.95063080358,92764.956843005
25.7663080396929,0.192663408830791,1328.26836221494,224.121578939406,1489.03688687857,106.877082995717,246.731236102592,2.20093508618769,8.53605357051655,3.93047119546872,20.6957190547096,4.71557683439994,2758.42288206673,93223.796545472
25.8478876954045,0.192904339108566,1327.47796850652,224.457269530102,1487.98052770559,106.857985478261,247.013891230981,2.25163762440585,8.6043994923355,3.53961022455928,20.8190079122963,4.69785870269137,2757.26467419021,93904.8139430931
25.8655847941457,0.193153922535655,1325.06282071376,224.529290327309,1485.1870871468,106.707935610394,246.98786684072,2.30426071660746,8.63588074785731,3.22753115790194,20.90156078188,4.6876037789867,2752.81230161312,95024.8446969545
25.8191533462707,0.193460272874665,1321.17882549743,224.396416005668,1480.80399019701,106.438457543802,246.701906211865,2.35265293691072,8.62855202081474,3.00668123689787,20.9388604943689,4.68535189696331,2745.40015153534,96285.2230069956
25.7186839667413,0.193872663532028,1315.72531589306,224.068930096329,1474.65614406906,106.039995699092,246.162477662929,2.38946503829878,8.58657975441445,2.89370161420251,20.9254693639622,4.69083965821622,2734.79716285139,97555.8548920538
25.5774234436396,0.194414226413834,1308.63149308148,223.534601307769,1466.60330912439,105.506316055428,245.377262290621,2.40891135570193,8.51873369757422,2.89854555509463,20.8598948375517,4.70292399140151,2720.81312011105,98686.3397157535
25.4110008805515,0.195067470988504,1300.41562026365,222.848075885454,1457.20548085801,104.880285937693,244.457383679562,2.40971686754461,8.43569213061121,3.01622853260182,20.7490595575257,4.71972411885867,2704.49071294318,99547.9088982538
25.24829932798,0.19580242119441,1292.18923004659,222.170023052811,1447.74549100743,104.253548505225,243.64663285432,2.39390365595239,8.34295846907311,3.23348605919048,20.6104517950664,4.73954269120408,2688.17564583085,100295.607207093
25.1319938613856,0.196610183864772,1284.88507868484,221.670793302091,1439.34394357417,103.703434172157,243.187141525216,2.36508838825701,8.23964621340432,3.53753471426568,20.4670097202608,4.76132947790017,2673.92564983116,100965.628066309
25.0969967565562,0.197511143176242,1278.69931629989,221.428555213088,1432.28448441789,103.246990454748,243.177836304623,2.32773876908687,8.12154197890831,3.91956878917908,20.3362998684191,4.78478441624098,2662.27796334582,101858.944624313
25.1536440969171,0.198552827336735,1273.19926595414,221.441199786794,1426.10172375645,102.848823774549,243.560199644487,2.28660415653421,7.98250992441353,4.3726579627158,20.2225556972998,4.81054313048776,2652.41747179558,103219.627608827
25.284721840677,0.19979643390042,1267.4853438442,221.649642286448,1419.75957701846,102.434709455037,244.123703783062,2.24849924002555,7.82264773757697,4.87247151486064,20.1139013812635,4.83917284896863,2642.49283829698,104582.633346934
25.4557728702748,0.201300115080072,1260.57700917052,221.967159475242,1412.10524407725,101.92353976313,244.589710896686,2.22056778186789,7.64971351501618,5.37179899877752,19.9907487068315,4.87053896682105,2630.41856281714,105809.3337205
25.6356629452742,0.203053862767012,1251.94554739506,222.305159363241,1402.50288867689,101.271718324418,244.763870054072,2.20689928867769,7.47575893695034,5.82141964608992,19.8419290820813,4.90346113829073,2614.99963787844,106479.928665854
25.8049690070752,0.204943256378166,1241.97026998637,222.615242432113,1391.3651643975,100.511023804962,244.65247429666,2.20706996951805,7.31640980153354,6.18986215815027,19.6738953885106,4.93534142606602,2596.89087412073,106333.83307778
25.9472860983447,0.206823541889878,1232.10668952837,222.963502677807,1380.33451257068,99.7605522422032,244.501465340268,2.21476309286432,7.18099446693882,6.48238186450983,19.5088752249279,4.9636261493819,2578.97716806058,105980.744537479
26.0452969866646,0.208579891140581,1224.01475435473,223.480434380719,1371.28759228339,99.1550882386819,244.623438342659,2.22166389518108,7.0706986749908,6.73167117612505,19.3708180546484,4.98682081964606,2564.61134397787,105582.929726134
26.0894156560365,0.210149259668593,1218.52941654513,224.242755312754,1365.17075276236,98.762400565576,245.187433001191,2.22291833597925,6.98566401671945,6.96499743660257,19.2721479570241,5.00422657256841,2555.49732109978,105020.684516555
26.0839282551313,0.211513403469661,1215.65967867466,225.251180744313,1361.99880637912,98.5834853652998,246.205609255922,2.21778814888342,6.92673770526296,7.18745372384169,19.2143278099706,5.01565517224718,2551.66391582123,104211.654662599
26.04733192616,0.212685747130843,1215.17924007811,226.486576493268,1361.52043007532,98.6001844239062,247.637437109952,2.20714878152075,6.89335710956952,7.38432843885137,19.1952796756811,5.02129889698859,2552.65850770545,103359.059675219
26.0039075823565,0.213688863047101,1216.89686068856,227.937512879441,1363.5226555721,98.7969654084071,249.442408037685,2.19203210901436,6.88325928615995,7.53454341622736,19.2127759842692,5.02158404424359,2558.09770789503,102522.02609127
25.9706011301553,0.214550219645028,1220.544600982,229.583130172206,1367.70501875756,99.1518847322533,251.566548104645,2.17341419658359,6.89305572932833,7.626072218967,19.2634503186709,5.01715863741974,2567.44037589879,101809.691352177
25.9532223430066,0.215301830648808,1225.70024070989,231.379675683008,1373.59183804595,99.63025995195,253.931681027594,2.15228334329379,6.91772904717511,7.66148616085529,19.3417271094383,5.00902755323681,2579.82769264632,101304.023527984
25.9517749762656,0.215959511586849,1231.77491035267,233.240778441697,1380.51857038806,100.184136662017,256.426759502648,2.13009640170096,6.95310171464805,7.65168296486395,19.4392713712798,4.99823259975746,2594.04107149519,100878.864596567
25.9654735511322,0.216521584029024,1238.15349742729,235.054181156924,1387.79068498063,100.763811948289,258.93033065615,2.10844849308867,6.99678601280017,7.60868793781265,19.54671885301,4.98561861965897,2608.7878771467,100506.173728715
25.9932892109774,0.216973508395952,1244.41223134165,236.730795695927,1394.93008533517,101.335342857153,261.35307355388,2.08858293116609,7.04862448403582,7.54066137274121,19.656919400821,4.97159501243759,2623.16601548445,100000.398694678
26.0329031562307,0.217293758061254,1250.45328706387,238.232932420448,1401.82622647834,101.891392952026,263.665301384462,2.07105897063177,7.11149116079694,7.44849559454973,19.7674392856607,4.95588877533299,2636.94926807616,99219.5166544231
26.0801003075388,0.217474090886672,1256.59114069769,239.599207572663,1408.82810178833,102.457360027703,265.920963655181,2.05506604251602,7.18663059107274,7.328441706264,19.8820414603159,4.93811426411742,2650.77401099945,98443.7115569178
26.1299022960177,0.217521350089449,1263.30409311731,240.914300084274,1416.46367352625,103.070991660308,268.212433636561,2.03924801703108,7.27199634804144,7.17678214442831,20.0072204369837,4.91819926835053,2665.63038548896,97752.2858233202
26.1787508241979,0.217449672210659,1270.73680275918,242.218895220184,1424.88765386164,103.743012494163,270.568018412159,2.02334311201459,7.36618485573788,6.99224282476109,20.1462837127079,4.89616575147626,2681.8242262875,97011.0188486955
26.225147368022,0.217264974763975,1278.30523300129,243.419555706116,1433.44426778315,104.425598451043,272.865348372996,2.00928942318609,7.47011556886517,6.77523338306318,20.2984360049858,4.87194102003385,2698.13659511143,96099.4843707858
26.2685714180026,0.216956089033333,1285.32079378126,244.382492901178,1441.36992931141,105.063200142576,274.956511313242,1.99944636655171,7.5842982553936,6.52590954787878,20.4623024695894,4.8455303662144,2713.11993716313,95202.0410553571
26.3085899598981,0.216498212825798,1291.68206075267,245.061895942368,1448.56553817506,105.648591926456,276.812535316058,1.99450814937276,7.70734197321302,6.24339399101132,20.638061088359,4.81710430195167,2726.55018665173,94375.2207732939
26.3450454178193,0.215867567863393,1297.59182291044,245.470130513566,1455.27113727484,106.19934647235,278.467975353857,1.99450786719683,7.838756673678,5.92649025692543,20.8257722321387,4.78671698369243,2738.84286702684,93455.6082016603
26.378578635667,0.215045970599231,1303.28948718922,245.632874269823,1461.76355945316,106.735819119582,279.968542095001,1.99964068441993,7.98021837966348,5.5746515571908,21.025547150487,4.75413310236912,2750.49346330817,92289.3921773073
26.4112570353389,0.214020535127515,1309.11391185336,245.59333554291,1468.43080990915,107.286001021533,281.388484486942,2.00969036710528,8.13150142043053,5.19098872056219,21.2406472668439,4.71922178455589,2762.20992102279,91117.0618077237
26.4462859619644,0.21278338012563,1315.42187132253,245.402187270239,1475.68195479138,107.878778774572,282.811966261112,2.02428626427512,8.28900207192614,4.78289959187235,21.4769240176728,4.68218590632377,2774.74503610655,90029.8197855339
26.4864746341685,0.211340109179404,1322.30717675805,245.080612067599,1483.62763888085,108.521062591021,284.267689780363,2.04397605716997,8.44843544844042,4.35934065785359,21.7379390998516,4.64345252052796,2788.30873461579,89040.4774171309
26.53321946985,0.209710546550979,1329.56138776056,244.615031988396,1492.03235031801,109.19451380709,285.717179101947,2.07045329381855,8.6054522139403,3.92926056380698,22.0226497171243,4.60371349465252,2802.48144192997,88148.7709647518
26.5867118943888,0.207917465178343,1336.84308865377,243.973460141934,1500.50387045668,109.86951778158,287.088073418372,2.10621555056095,8.75571981587107,3.50037772034297,22.3263842560525,4.56385719763378,2816.55757887577,87342.7807949033
26.6466032381272,0.205977619916864,1343.84679582657,243.124210244452,1508.68547263483,110.519158273484,288.310209374699,2.15420829434006,8.89475509071531,3.07911693526561,22.6429345859327,4.52487627770821,2829.89469155595,86614.5863365853
26.712337759164,0.203903559333389,1350.38303838392,242.050797800275,1516.35110682982,111.125829036872,289.337232660087,2.21750480590906,9.01731758220189,2.67200562961517,22.9663990803133,4.48785678730643,2842.08984277127,85968.1269960334
26.7830198920469,0.201707339832358,1356.37179215569,240.753191563208,1523.40205769636,111.680765401263,290.150087439042,2.29898861422957,9.11703190630581,2.28654613299925,23.292029332022,4.45399002256153,2852.97424502079,85410.3049555961
26.8567945086058,0.199396364266195,1361.79117817681,239.232629182313,1529.81061787278,112.180068465813,290.748626854843,2.40116114222568,9.18673537205931,1.93009029692299,23.6161571060626,4.42452907674217,2862.50373571892,84922.7282567494
26.9306486575119,0.196970852947961,1366.63992966626,237.48088320993,1535.57667911891,112.621815516799,291.142610434416,2.52588489178173,9.21913186534789,1.60848974387384,23.9359097439782,4.40070718785099,2870.67524415327,84492.9004402495
27.0015050670746,0.194437090688913,1370.93425234833,235.492517797483,1540.72066405559,113.005685988638,291.348029984672,2.67289227728223,9.20663746263752,1.32706387620995,24.2492228078123,4.38374442399937,2877.52468206053,84253.4681914492
27.0679071842889,0.19182477883812,1374.64809690848,233.274585518816,1545.21262666283,113.328107602938,291.372289654425,2.83711334555284,9.14208260582504,1.09126005011792,24.5537086310731,4.3747958518189,2883.01190199579,84407.4072362526
27.1316605475458,0.189182255629779,1377.54020333847,230.82381885142,1548.77702470765,113.568867319047,291.173217905267,3.00934992088106,9.02423804122632,0.902434366250917,24.842678141122,4.3743947294889,2886.66031347245,84761.1234836365
27.1980797569625,0.186554865739731,1379.1467176246,228.111699574476,1550.88679851636,113.690840884669,290.655242719688,3.1808975154568,8.85947549384939,0.755402185462745,25.1040171406919,4.38228932105035,2887.53226055134,85177.9538912292
27.2735664040768,0.183963696132848,1379.11886877179,225.116195324724,1551.14624129039,113.667176776602,289.743430661712,3.34677654785876,8.65697715042966,0.641071259108704,25.3257754885346,4.39781270548689,2884.92194765539,85584.0250044488
27.362499026918,0.181402360458538,1377.51014903421,221.856406374126,1549.61434382763,113.504141648907,288.447168860574,3.50585985999153,8.42503595545123,0.550384944103741,25.5018715151047,4.42009896935794,2878.94858994154,85923.9265743855
27.4654871998627,0.178856373740969,1374.77084032236,218.400665861745,1546.79442912495,113.240186214563,286.862654844149,3.65628785852667,8.17019479587914,0.477991203717559,25.6339667952691,4.44810515816048,2870.5496195889,86246.6765749742
27.5797593932272,0.176320801377046,1371.57311013809,214.853001957313,1543.43416164077,112.931829686924,285.137241699711,3.79182588613149,7.89945677242758,0.421998957213639,25.7292931732939,4.4804143415495,2861.12400383205,86580.8907643485
27.7011846323286,0.173797646195678,1368.44749391663,211.300055073707,1540.1197404698,112.624169517493,283.389960134445,3.90647130209743,7.62207685373834,0.380533561677498,25.796278570806,4.5152272085847,2851.77782896464,86820.7573652048
27.8259551206208,0.171284805252019,1365.58618227639,207.77578126035,1537.06124199771,112.334574992269,281.667093423982,4.00057758266886,7.34791352790375,0.349969511895763,25.8422597354956,4.5507327055947,2842.91446022977,86817.2629307675
27.9511166697256,0.168774283408931,1363.13784001863,204.302658394133,1534.43017326669,112.076490494851,280.00419285721,4.07949124178691,7.08281936633978,0.326103029203395,25.8752906125319,4.58565665371267,2834.85107886187,86715.6061657843
28.0745963238129,0.166257161227921,1361.36193543665,200.916811264826,1532.53248547768,111.871880955564,278.459049626471,4.14936685400114,6.82708113624052,0.305568350480262,25.9049131465524,4.6194349908507,2828.1410321211,86594.7662811304
28.1953855929541,0.163732367472139,1360.4070696701,197.641291169848,1531.55055643763,111.733036330639,277.065777040117,4.21406735323399,6.57773251095949,0.286787514229485,25.9388417685186,4.65206929440155,2823.1098147164,86591.5225056524
28.3140182473578,0.161212406386696,1360.11648718876,194.465206328666,1531.31605283897,111.646878933687,275.795343387433,4.27373646640016,6.33115761063935,0.269814647652103,25.9792851302199,4.68395249900066,2819.44993771332,86870.032659203
28.4333618694002,0.158718792869355,1359.9987193115,191.343755223502,1531.27471532251,111.5727900179,274.547103337744,4.32937224183205,6.08558300230933,0.254391751839507,26.0204784197658,4.71566086562254,2816.16000391922,87246.1426282686
28.558388519147,0.156274699141284,1359.40124489609,188.218541453154,1530.68496475042,111.456778605777,273.183782518494,4.38552396871965,5.84035466146721,0.23944719177664,26.0506914850843,4.74795403247095,2811.90390901309,87609.8203762483
28.693834892396,0.153898051183308,1357.90091749756,185.058824351236,1529.06284570837,111.26358085748,271.615531571513,4.44577303815846,5.59369510403316,0.224394719162443,26.0592171646419,4.78169306436681,2805.81709406475,88047.5190744537
28.841144542254,0.151601832879407,1355.45568852178,181.875169615175,1526.35382059772,110.989440982031,269.837168859976,4.50739010853754,5.34350560518875,0.210529939996137,26.0403276892382,4.8175004277849,2797.82007071829,88705.9193293436
28.9944586737416,0.149398517161235,1352.15798533628,178.688919633011,1522.64853932532,110.642628167565,267.88709492331,4.55843211869742,5.09306807126253,0.201584541862465,25.9914168908816,4.8550688603491,2788.11080565239,89432.5620034058
29.1392042258708,0.147300935250025,1348.07714881272,175.514346554013,1518.00243629501,110.231264862824,265.81824565956,4.58154683757587,4.85522737365741,0.201759738892845,25.9113549890576,4.89265844411866,2776.84130809419,90145.2353360255
29.2582989481239,0.145319082308002,1343.30391527861,172.366536939496,1512.49453518422,109.766304646316,263.695284620692,4.56444648128218,4.64679422873468,0.213743170473099,25.8012009937285,4.92783041006051,2764.21119224894,91011.2670844269
29.3417242011273,0.143476528392586,1337.9114297556,169.267817618515,1506.19549051056,109.257888831609,261.584727950375,4.49373530437442,4.48377854714876,0.243963869860115,25.6628260636314,4.95820752172051,2750.40508709069,92252.0375102359
29.395011699932,0.14184024631888,1331.78207591345,166.245958093003,1498.98664853027,108.704867248145,259.553511607948,4.33025318798924,4.3942217149971,0.315166462474013,25.4968959114611,4.97980713879937,2735.287112525,93613.0648759763
29.4397128407102,0.140526348605395,1324.58552888489,163.332450749026,1490.53599432398,108.094765688005,257.6913266107,4.02458479580788,4.42383842940494,0.473397321530795,25.3046344558327,4.98618112887174,2718.3747092365,94966.862881867
29.5008444960695,0.139668109713714,1316.10701914027,160.576575018318,1480.64239899909,107.419335710783,256.129611342503,3.58284082680877,4.5941717581305,0.792293499017317,25.089102241401,4.97430410334363,2699.43280363934,96615.7138322028
29.5909130801521,0.13944657103151,1306.40669292621,158.111559680097,1469.38444563752,106.673225951093,254.994451169981,3.09541859455761,4.85708866746597,1.37553885509323,24.8494271676363,4.95133762624645,2678.7483362387,98888.8293765153
29.6954831095394,0.140213312762249,1295.43491770847,156.299199014366,1456.65363692387,105.821851195239,254.273358623823,2.68853154661675,5.11369044102685,2.3130583966979,24.5730443971485,4.93229397550571,2656.41823586294,101286.425466659
29.7731477814728,0.142523324243447,1282.86517359717,155.735793908139,1441.96928241783,104.806293541587,253.783905056851,2.42230222307626,5.28874466069635,3.60221224779458,24.2424351678109,4.92890893995713,2632.0463692563,103596.747894482
29.7811789761341,0.146767299221586,1268.85708489067,156.952309709558,1425.41353971257,103.626437584829,253.386224209858,2.27333669717551,5.3743736420095,5.13612158724084,23.8557712106767,4.94219143348305,2606.14072704538,105271.400321285
29.7038065549348,0.152573356166533,1254.89827224066,160.105182059051,1408.65038503682,102.412537203408,253.188394975467,2.19676660238704,5.40753247113314,6.75636104640698,23.4370114438817,4.9651455189384,2581.62409085381,105918.305580556
29.5623275877762,0.158993387176006,1243.26318021645,164.886662008321,1394.31157316822,101.369231057458,253.44783449165,2.15785628413264,5.42450147484662,8.30393304823458,23.0251586528159,4.98994992838693,2562.69503687271,106217.828717454
29.3977038452614,0.165392724159159,1234.95752023212,170.680694246323,1383.61987235497,100.594734049667,254.197461852504,2.13642293198863,5.4436472937851,9.65498714566455,22.6510092836708,5.01186183293105,2550.86239374758,106346.239920638
29.2429595076601,0.171474320258396,1229.39051973728,176.898548730379,1375.97599835864,100.049485520123,255.229096998382,2.12437126280957,5.47722434916727,10.741540295614,22.3252348222085,5.0283721546963,2544.53843699648,105747.481875699
29.1119127452129,0.177039710503068,1225.99834733884,183.167462507169,1370.79581926616,99.6919373336785,256.418840237816,2.11826933003381,5.53799714134567,11.5443587386668,22.0517487185252,5.03748823635502,2542.37995258801,104092.215933058
29.003408743834,0.18202191468226,1225.33755019753,189.312008481483,1368.76402419461,99.5715440149379,257.928372923142,2.11230051141484,5.62988161296147,12.0823231526566,21.8444093912778,5.03799028789978,2545.43478537309,102226.928733474
28.9108397710829,0.186380373467373,1228.45363225592,195.271803438782,1371.11256331472,99.777357369038,260.040483584361,2.09972911384487,5.74840993668657,12.3939750680299,21.7212720169078,5.0295983270502,2555.8078440903,100389.835361914
28.8287636351341,0.190148472530713,1235.71216359672,201.05555094957,1378.2736937385,100.33978664896,262.889028139443,2.07691739912247,5.88643688677911,12.5201842226109,21.6886224807497,5.01303723690883,2574.27909019241,99016.0327884613
28.7545586088463,0.193459736294106,1246.48878620977,206.713657671188,1389.52544128425,101.20410264633,266.393425345946,2.04426455538042,6.03193284033395,12.5010019819789,21.7360782665988,4.99063127889094,2599.66617032531,98433.8994670689
28.6883015349583,0.196426485048429,1259.20722536689,212.214845591466,1403.06262024784,102.23744924082,270.256675551573,2.00659685660387,6.17637585680684,12.3660040820267,21.8381159012773,4.96503545881905,2628.82999585626,98079.7975934992
28.6317643720743,0.199124779913768,1271.85886550277,217.394724981078,1416.60638972006,103.274153721626,274.06627872105,1.97051363605632,6.31807689031519,12.1310044243717,21.9630074775618,4.93826281180727,2657.67955921341,97787.2541814096
28.5866767034746,0.201574413453158,1282.55357763924,221.999574540352,1428.03113633535,104.16024296633,277.411400718766,1.94199115697857,6.45897384015789,11.8035993421947,22.0867761479578,4.91136619856535,2682.29621137848,97320.5287413605
28.5527650157524,0.203728111156079,1290.28975189562,225.827921056208,1436.22121154491,104.815182028881,280.048831740089,1.92458649331419,6.60501472658546,11.3878314491888,22.1997484985762,4.88403291729242,2700.54861112556,96494.8997697947
28.5254822756664,0.205536453798803,1295.69843100079,228.905794598245,1441.88773324306,105.290537972095,282.0777417007,1.91671264287351,6.75987022768945,10.8920759284441,22.3068838702407,4.85546039039693,2713.67978914368,95666.596805906
28.4968145536404,0.206971826451904,1300.20379079609,231.414753543568,1446.62010856433,105.700827826285,283.77866679597,1.91416371059257,6.92235379178238,10.3315858798244,22.4199486547142,4.82516544453865,2724.6053439201,94949.6617304216
28.4597616868563,0.208042268060369,1304.76740022521,233.517187306923,1451.48412211675,106.122269636192,285.352486427601,1.91406771221194,7.08978140670224,9.72475057066283,22.546648170314,4.79312604780782,2735.3228484341,94355.4532895853
28.412412752378,0.208792375803899,1309.57661628626,235.295757752274,1456.67846258527,106.568134674846,286.850904650597,1.9158552633036,7.25882602340703,9.08954265075665,22.6869820010631,4.759860043605,2746.25772102669,93878.7780900811
28.3608472829377,0.20928652929753,1314.36590061324,236.782612350598,1461.89648912408,107.015052264648,288.234895389218,1.92040792173635,7.42612439439761,8.4397846526863,22.8357624066327,4.7261874285724,2756.91262319963,93488.8776990323
28.3174954260308,0.209590212212793,1318.79523083826,237.999459721024,1466.74978687109,107.433751038102,289.44777220413,1.92901715344333,7.58868545336246,7.78420429025583,22.9865111578253,4.69294644056323,2766.63654746504,93163.2983645464
28.2939794784783,0.209749833145012,1322.65882488837,238.968734316266,1471.00252351623,107.806271520906,290.457269230996,1.94279703547083,7.74420815492445,7.1288510510266,23.1341442168856,4.66079461358842,2775.04279286342,92850.9613107815
28.2962493433095,0.209779996790911,1325.93527938293,239.706145831444,1474.6289036146,108.130300910141,291.267673581009,1.96248497299907,7.89124979162184,6.48019656486022,23.276211225818,4.63011575920845,2782.10421497528,92504.3337862461
28.3254094665019,0.209660633184995,1328.76234321628,240.211776719922,1477.78608397527,108.417057188503,291.919623054428,1.98826456263572,8.02807728802157,5.84870103069018,23.4134126971482,4.60115510139954,2788.10105639624,92165.7147927711
28.3806006731609,0.209351780445099,1331.34040849806,240.470559936475,1480.70481710109,108.683129032252,292.470625487951,2.01981667284866,8.15228032004169,5.24867724491186,23.5485868349241,4.5741295402428,2793.43080641762,91851.3169596618
28.4601860580978,0.208824344226439,1333.81020403481,240.467388070174,1483.54775105654,108.940064542682,292.963263912013,2.05666105193075,8.26170912231755,4.69309090249685,23.6843798843468,4.54922146033346,2798.37097982011,91563.3568769797
28.5612761910092,0.208078717885437,1336.2147865985,240.202978432375,1486.36079468632,109.190869941492,293.414851301446,2.09831938444259,8.35468678593778,4.19058695772792,23.8220303842078,4.52661841335636,2803.00910063285,91302.9098638054
28.6782943670498,0.207143061718423,1338.53574488569,239.698252465385,1489.10660293855,109.432767673816,293.830286447286,2.14397669677549,8.42966338771983,3.74769419605676,23.9618642131411,4.50654454006507,2807.31369529149,91068.636097508
28.8030818607956,0.20606269958385,1340.74001218956,238.987871473318,1491.71800098748,109.661290297692,294.215640608155,2.19185264180007,8.48533890023311,3.37083209262405,24.1041076272521,4.48920060342977,2811.22479370488,90860.0451048964
28.9279824378248,0.204891618994911,1342.80080243492,238.112392456203,1494.13488361303,109.872533483895,294.57948513296,2.23883860047796,8.520309067352,3.06514189333694,24.2488507717085,4.47480193153156,2814.69996355517,90802.6107671967
29.0486510040544,0.203695591141952,1344.63871386498,237.114477197268,1496.25010395591,110.058630931722,294.921503686935,2.28053599669854,8.5322991521193,2.83568324487132,24.3949386759386,4.46374470827437,2817.60733139466,91037.698289401
29.1644380916801,0.202559484325814,1345.98632737218,236.033868973519,1497.76366318729,110.197227868568,295.214058920409,2.31156106645656,8.52086744844341,2.69146989547969,24.5384635345402,4.45633525655565,2819.46762599854,91378.7760555029
29.2769524173929,0.201584653478596,1346.45022502,234.912530890791,1498.25034222764,110.256980782363,295.420105810426,2.32582640701973,8.48915257844507,2.64585023256846,24.674181254578,4.45247200110386,2819.58152629022,91737.8371387225
29.3881391395695,0.200850686359303,1345.82188812604,233.805208538608,1497.49653810562,110.222590399538,295.54227034913,2.31896822638525,8.44205588702532,2.70874860223249,24.7991715525493,4.45166083042511,2817.62791073996,92124.432130997
29.4992670632606,0.200389799912757,1344.22966247868,232.783949609784,1495.65857146096,110.10607413948,295.631267469166,2.29201418500198,8.38411010421319,2.87839753291298,24.9135333167576,4.4532476308406,2813.93984569245,92564.1165251545
29.6111884381535,0.200212386268304,1342.05333538262,231.952516836809,1493.16110169718,109.938448679433,295.751976812954,2.25197812701664,8.31863349039726,3.13614983225649,25.0177727946784,4.45667783671401,2809.33143426936,93018.9373391992
29.7247535114529,0.200337665294596,1339.65703226837,231.42685818163,1490.40092974776,109.747754489341,295.933017013091,2.20826551057891,8.24806856480167,3.44918727425536,25.110980305794,4.46157000178216,2804.56448277327,93469.5456144108
29.8406565002599,0.200798122619317,1337.1721740048,231.285825660524,1487.51189019739,109.542472727497,296.154714464475,2.16753406356157,8.17222765652322,3.78655334884122,25.19162242444,4.46795734425415,2799.91368379538,94137.9814394635
29.9590196447552,0.201631499969543,1334.48183227559,231.555921349342,1484.35551869958,109.311498210163,296.373584000461,2.13219921826249,8.08662021037237,4.13163892031753,25.2562982607122,4.47662031782673,2795.14968303001,95261.8867752565
30.0781890259824,0.202842999223164,1331.15065814423,232.178287761918,1480.45814043419,109.020474671827,296.497867274293,2.10385115919622,7.98830899397681,4.4713498066648,25.2948547580275,4.48853039755367,2789.38684522647,96499.9149269851
30.193980501869,0.204385779942834,1326.51664597719,232.999341047646,1475.11997203014,108.619838948131,296.38504729315,2.08509158848459,7.87876045904671,4.78360004828119,25.2916017143049,4.50435309818883,2781.24965084957,97704.998056665
30.3013101637704,0.206182556824253,1320.27061796172,233.881987771631,1468.04100816541,108.089486391897,295.961392898972,2.07734034169145,7.7599062800153,5.04475224492605,25.2351246700793,4.52444068497653,2770.06950087286,98876.2414201426
30.3969442786951,0.2081636448599,1312.85706702899,234.815246832931,1459.74090646861,107.468752519728,295.311060807082,2.07899293281338,7.63296503459842,5.24398863091088,25.1238442108713,4.54869342326814,2756.72822573717,100027.882894861
30.4817093935437,0.210300027197468,1305.12060739018,235.892305794091,1451.14863132433,106.826136040684,294.597690169133,2.08593789197975,7.49986575447486,5.39594953705188,24.9632990462379,4.57651409875302,2742.93044132153,101112.973256952
30.5598993066708,0.212602246315369,1297.63315601577,237.199215108422,1442.86102606417,106.205183902379,293.919308141338,2.09384779274027,7.36444272738883,5.53601732412883,24.7610513185263,4.60692697336718,2729.80818615396,102110.237667515
30.6355785022319,0.21505394923486,1290.59504361645,238.74977458066,1435.06521834862,105.619847086369,293.293397615743,2.10058612014759,7.23499638845331,5.69149132837359,24.525344351059,4.63829916946568,2717.71457463888,102638.234686851
30.7091681592631,0.217559503318978,1284.25006735828,240.492093930109,1428.02691879073,105.091248529865,292.752340870913,2.10608683403241,7.12451912263414,5.85853527718186,24.269916656172,4.66803347450173,2707.0726919008,102414.271429806
30.7762818231313,0.219976091090597,1279.01217202392,242.335142481289,1422.23158858265,104.657139248712,292.383493282611,2.11049503855274,7.04051708963499,6.00830123165137,24.0179975593324,4.6937670959571,2698.65094522132,101971.280383405
30.8304193567293,0.222162654656819,1275.37998203986,244.212283046034,1418.2687655351,104.362432230567,292.30943541169,2.11360005143957,6.98241289360355,6.10772650375621,23.7943953261383,4.71418384448512,2693.4213927487,101463.365599889
30.86758660239,0.224030828983709,1273.62009225478,246.088034245777,1416.45844219115,104.231543453234,292.600798557308,2.11546428142641,6.94869551527802,6.1352560068085,23.6138573957426,4.72866742896796,2691.9116011477,100797.953539543
30.8888754323227,0.225543957270507,1273.73144796074,247.935125726266,1416.80581131202,104.264945613264,293.258743882333,2.11643856468359,6.93920391008009,6.08465590238882,23.480493761787,4.73700847433851,2694.10610966634,99906.332216019
30.9013163417306,0.226680449549656,1275.69626710111,249.723542323522,1419.28658981266,104.459977408567,294.269423740986,2.11649893829423,6.95308758788954,5.96046109740584,23.3942363427627,4.73931696302007,2699.93625065829,98968.2079881661
30.9152698878206,0.227414350747112,1279.53570706882,251.41977555784,1423.91595359803,104.816229010718,295.621996948875,2.11543785599335,6.98793862294653,5.77218765731264,23.354171559388,4.73595963768614,2709.39947209156,98049.8595025619
30.9388440462136,0.227730400709666,1285.14511058123,252.985317120842,1430.56925712303,105.323420155028,297.27994772784,2.1138072589343,7.0425592441885,5.52915153293494,23.3579588185249,4.72722340182865,2722.24422149356,96968.1323468264
30.9742643539343,0.227632909989044,1292.35070592787,254.391521765171,1439.04554537692,105.966697889554,299.199243196621,2.11280724386058,7.11788792494069,5.23787882056332,23.4035550320973,4.71309928485879,2738.09684354979,95575.2475600836
31.0170994315636,0.227147665952825,1301.07567381514,255.642307444583,1449.24798119528,106.739349673614,301.370692595667,2.11318858555097,7.21191632198207,4.90494472932864,23.4932135932722,4.69376701212734,2756.80341959896,94187.0955085941
31.0592610853943,0.226314518853661,1310.85040032887,256.686736584106,1460.63697451679,107.601732243717,303.703609927168,2.11677061046246,7.31855279681341,4.53942792639867,23.63122401197,4.66987348793241,2777.39485305913,92910.4884946794
31.0942254472653,0.225192232087579,1320.86656221114,257.437243231689,1472.29611488628,108.485592649324,306.028110087219,2.12648101127554,7.42977848521203,4.15371247389609,23.8169654611616,4.64261058999582,2798.20601794525,91941.3274101436
31.1199708819166,0.2238593816828,1330.4196513335,257.851659991388,1483.42897461679,109.330444282509,308.192133030832,2.14458483953293,7.53511561874166,3.76289156243493,24.0421076177262,4.61393832238572,2817.80999189874,91462.6125048941
31.1393958495204,0.222397176144999,1338.83656236111,257.907652205347,1493.27842090787,110.078485626872,310.037769446606,2.17370422077843,7.62642703033366,3.37677040681278,24.2893630543547,4.58598299883891,2834.85274992457,91187.2858224117
31.1586377670908,0.22087213197381,1345.51482651391,257.587014704736,1501.16917300353,110.678252115009,311.410650866675,2.21763619534606,7.69948712438728,2.99631532599318,24.5361189107162,4.56062034697011,2848.11831295995,90990.3604086214
31.1835411426998,0.21931995894884,1350.25326211453,256.910454628006,1506.87548610645,111.111404273848,312.24862562159,2.28031776225757,7.74980599103021,2.62055159865161,24.7637847702682,4.53954587371802,2857.2131140576,90850.969062086
31.2163815535367,0.217742777046744,1353.29820109582,255.934601086934,1510.67267873394,111.396386650915,312.601227861746,2.36490412391775,7.77131155398689,2.2534357336675,24.962564707075,4.52419776269253,2862.66004374233,90766.3715601576
31.2532774232995,0.216113647370473,1355.10768207897,254.706501807183,1513.07549456313,111.56932225,312.575914025557,2.4726368232871,7.75744535699723,1.90705235453142,25.1297478867338,4.51569207919422,2865.40106523193,90734.1074767694
31.2847534369925,0.214392133701474,1356.1076639487,253.23359006653,1514.56610107902,111.66446339801,312.277441867997,2.6009342705426,7.70362230139835,1.59837854769201,25.2659361547087,4.51467183961088,2866.29156214462,90750.3011818989
31.300893020109,0.212545453377596,1356.5953683634,251.501189771049,1515.48325989922,111.706701661998,311.780022614057,2.74321055118053,7.61139221365127,1.33925332432306,25.3726655949233,4.52084649386355,2865.91716068887,90575.3019170576
31.2965582032018,0.21055119480365,1356.86684441826,249.513952025002,1516.16345664447,111.722063442512,311.154732875948,2.89194690276904,7.48964523326437,1.12939233821107,25.4542485170687,4.53272356217661,2864.8741743936,89951.2684685386
31.2738396268219,0.208399015522802,1357.46229797739,247.342233609099,1517.2148652053,111.756758216363,310.532339485761,3.04039014497673,7.34668417163543,0.961106037472292,25.522740582711,4.54844612613254,2864.29130152329,89217.8391631582
31.2402128479474,0.206091540469112,1359.02395587726,245.09664146039,1519.35803444658,111.864762216754,310.072097278447,3.18302214436615,7.18644631722205,0.825713977279885,25.5957346198042,4.56645297751322,2865.52976433912,88521.3704124436
31.2037124249861,0.20365148062091,1361.82461492008,242.848096162068,1522.89726222733,112.068993059699,309.848224241086,3.31623276147124,7.01085167774263,0.716484086467156,25.6866802895995,4.585700365023,2869.18803244884,88017.2637456285
31.169370390056,0.201122788326361,1365.58857990814,240.594973983706,1527.51982456746,112.346851448682,309.807152103962,3.43665478974048,6.82096640610223,0.629566736828111,25.7988449775675,4.60583268784747,2874.72243486681,87866.5324896486
31.1384094886312,0.198547568905716,1369.57916673705,238.261499123569,1532.39758430295,112.638137404278,309.785672363939,3.54318230527301,6.61992291275119,0.561118510414441,25.9241817466923,4.62683994862986,2880.62162120871,87854.417039367
31.1093009803076,0.195946295305453,1372.92599522244,235.734905569818,1536.55695768564,112.872117528143,309.586084645734,3.63896351903619,6.4123821449816,0.506294419659915,26.0477524011757,4.64889210246504,2885.0843714149,87865.6070817184
31.0796714244747,0.193311984083093,1375.09837569952,232.936059536773,1539.40857441278,113.006175182286,309.085610955821,3.7296351895068,6.20227901713375,0.46012560230621,26.156624775879,4.6721552685211,2887.00763937845,87719.4606868195
31.0478478352663,0.190617943999837,1376.15560274154,229.864051796496,1541.02530749377,113.046035082129,308.292635883093,3.82191939065739,5.9924200017318,0.418018275135451,26.2465980721596,4.69647353322123,2886.51140005809,87228.217003696
31.0132929177307,0.187843479706677,1376.74846960668,226.613460102847,1542.14121737873,113.045370348256,307.349042959139,3.91970515131065,5.78238041063089,0.377352484640338,26.3248824660954,4.72150524715065,2884.95279580088,86625.6658949293
30.9762163427891,0.184989885910965,1377.73374259365,223.326276458792,1543.71808906507,113.074054270435,306.44453200387,4.02252429950365,5.56897433077613,0.33772347277384,26.4056702329307,4.74690191751977,2884.12844969932,86035.0398128118
30.937086484461,0.182078668892284,1379.62850066391,220.104323007209,1546.33360705467,113.173758897556,305.694020979442,4.12770979437172,5.34942946918436,0.300069699923453,26.5008736567315,4.77239199085232,2885.13203741707,85491.7083881742
30.8966273720765,0.179140520532436,1382.44304421926,216.9749432678,1549.99418081798,113.344737729389,305.102170805987,4.23137741171771,5.12303195265331,0.265862315369402,26.6151630689792,4.7978282794985,2888.00059816363,85009.1263904237
30.8565789744167,0.176202482238509,1385.85480857672,213.909918531146,1554.32973611334,113.560343208529,304.604332207571,4.32920441675391,4.89142853814152,0.236369775693255,26.7468564434266,4.82309202674894,2892.07317732057,84573.2737868804
30.8200605158174,0.173281726669431,1389.46173244277,210.861444002914,1558.87855621042,113.787808052948,304.122716687172,4.4174292279499,4.65809407235082,0.212151414126681,26.8912117130714,4.84797846310683,2896.51815009792,84175.2275081838
30.7904602020322,0.17038600841814,1392.95535129206,207.790685990029,1563.28457424542,114.002333272024,303.601023459065,4.49409138542757,4.4271135840679,0.192910448807454,27.0431999276298,4.87220651722078,2900.69654758593,83818.9563380046
30.7701442135665,0.167517929077158,1396.16894793419,204.678754806768,1567.35433205214,114.190921980577,303.011342696864,4.55906789782402,4.20210540778207,0.177914336481154,27.1986831155791,4.89550194066861,2904.26556227696,83512.9277449548
30.7602087028981,0.16467923731724,1399.03897202956,201.52323409184,1571.01472945096,114.34930569409,302.344325263334,4.61272153762184,3.98628422130787,0.166546192233476,27.354345578844,4.91759241185625,2907.10009306022,83244.1846407094
30.7609612277907,0.161872500072745,1401.55365064161,198.330766536715,1574.25456124688,114.477852454208,301.598697981031,4.65514071904483,3.78307207127649,0.15836984501723,27.5073905917996,4.9381389595044,2909.18573596144,83003.1076330338
30.7723001835624,0.159104711989755,1403.72590266024,195.114540800087,1577.09161403367,114.57909056552,300.779038091326,4.68524111503912,3.59521299720873,0.153268447700774,27.6555422550121,4.95685739463592,2910.56322000164,83039.0926791369
30.793974297021,0.156398357219695,1405.46739752124,191.887363183262,1579.42748733262,114.64716701658,299.874196205784,4.69782892171633,3.42438941172985,0.152289154860985,27.7947886373559,4.97369386502009,2911.07486062498,83780.8682012066
30.8257279690064,0.153800879401093,1406.24396641721,188.634454667946,1580.65606213514,114.640143235058,298.784756254777,4.68414141727147,3.27675206476798,0.157918180275557,27.9120831644653,4.98847585794035,2909.66276522458,84906.0530182844
30.8671466067279,0.151385153409798,1405.01089744074,185.311023079523,1579.58819257147,114.475518524348,297.312846303778,4.63520415282753,3.16701408348771,0.173438265361696,27.9831061513904,5.00047759799411,2904.24018574317,86138.3734099503
30.9175643390204,0.149225387939972,1400.8606355265,181.897580891992,1575.18336597752,114.082838623211,295.303898188754,4.54568791780437,3.11240551363383,0.202391535413045,27.9831660208211,5.00865386455694,2893.0136543513,87524.5324129323
30.9771116601731,0.14738863560082,1393.61160822264,178.442610586813,1567.21755277378,113.450881489836,292.775663591257,4.40701985064055,3.12646532569686,0.252677089763775,27.897557249572,5.0119426000377,2875.68112251685,89250.077753016
31.0499232221382,0.145957411667418,1383.82536957363,175.055813364677,1556.30339792198,112.630444665898,289.951655061591,4.18855092318666,3.22690963149475,0.348245049267772,27.7228500253961,5.00812742792171,2853.48053803414,91137.1016937437
31.1460535044826,0.145065346651137,1372.25641914397,171.843312267708,1543.26728591713,111.690311545186,287.176229677788,3.85027096502476,3.44107072574911,0.540145554700006,27.463952069097,4.9932987103469,2828.07401978222,93070.9990777054
31.277320114355,0.144924723700636,1359.29924237935,168.852443440905,1528.52939116929,110.664540139043,284.749747799276,3.40350313295182,3.77472267075313,0.913258329949931,27.1292910747585,4.96654222030771,2800.38415545319,95196.2052752913
31.4470184728725,0.145790155339906,1345.12602810782,166.163070754601,1512.26623692519,109.553321038331,282.845871760564,2.94144414568419,4.17323262904862,1.58166807921838,26.7250157096175,4.93564816309248,2770.86406494942,97686.3980169016
31.6325902227617,0.14779789523812,1330.01962098907,164.108216732877,1494.78277788244,108.352151079755,281.480188899622,2.57784064933406,4.53958403320001,2.63261486748056,26.2542287498074,4.91433138715357,2740.25671335792,100236.329656872
31.7813491297547,0.151082451758123,1314.23363179263,163.286480204358,1476.34958553565,107.05814457543,280.490939765312,2.3508069427768,4.80410907221475,4.04717893432279,25.724688892405,4.91170726841974,2709.34600356325,102674.570725701
31.8387233925333,0.155720858155687,1298.09261621219,164.213343325603,1457.33020658108,105.693074574738,279.687093171063,2.22912594833279,4.96334843591952,5.69907975175359,25.1572697980614,4.92648688440035,2678.99560166146,104290.228898409
31.7829854760014,0.16121276866452,1282.83836904576,167.019007243855,1439.15921180474,104.371280338916,279.115897860943,2.1711768496451,5.05912402684187,7.41319040940298,24.5879781332542,4.95016732671191,2651.66447202452,104564.735973138
31.6381938158667,0.166823219947486,1270.66389490842,171.441008805312,1424.37856187524,103.290613576462,279.090484214041,2.14494690935532,5.13177247784222,9.0254518292636,24.0614160922272,4.97416602587959,2631.46815509079,104367.672943656
31.4520579413735,0.172237848929668,1262.7515093634,176.979375343177,1414.39369109231,102.561705428342,279.771365024362,2.1306422793673,5.20102284337965,10.4205027548165,23.6128611404533,4.99352787142821,2620.38716459103,103954.359672862
31.2625228293453,0.177460459842941,1258.65995617372,183.158378544026,1408.75196282795,102.154375136651,281.038930646637,2.11948429601908,5.27502098773696,11.5480990120263,23.2539931860649,5.00644691201449,2617.22538903137,103350.921898128
31.085383668786,0.182527345893144,1257.46878038568,189.663302537755,1406.4312935814,101.993315885198,282.723895169734,2.10840534618095,5.35611182444761,12.4089065611635,22.9785532250977,5.01306185161979,2619.96192006521,102584.626624063
30.9209197098387,0.187353202739915,1258.53829171312,196.227165399495,1406.71793100982,102.025360450836,284.734372476789,2.09625573825801,5.44404715318145,13.0179452097776,22.7755260083178,5.01414563899544,2627.16766671513,101735.629554111
30.7643325202306,0.191773245000877,1261.545512934,202.572308335289,1409.25812074022,102.224747299432,287.034821984019,2.08245563838094,5.53816906038613,13.3851599900767,22.6357712920252,5.01036036202345,2638.02746634461,100857.292934851
30.6121273006483,0.19565536095529,1266.28042760709,208.502996736707,1413.82468553038,102.575581098875,289.589261589718,2.06705403543385,5.64109142245546,13.5182888848699,22.5525054687789,5.00172377977101,2651.99549477476,99704.5885754666
30.4640677112062,0.198959059872207,1272.6499492234,213.956365687216,1420.32094676217,103.071574061561,292.368660585918,2.05024678574445,5.75980697678857,13.431352803873,22.5225137089632,4.98742699391477,2668.84417992526,98105.2262934078
30.3223642491083,0.20175954340136,1280.89267310365,219.011084723688,1429.02357581862,103.732916025032,295.424412890971,2.03074602802993,5.8980666593243,13.1569144869315,22.5489048427138,4.96678832462701,2689.11089136153,96504.6611012858
30.1897654371909,0.204142405560689,1291.38542670228,223.822994573338,1440.36254267919,104.590202865393,298.856918122507,2.00670390217033,6.0538918987382,12.7426334967544,22.6375594222439,4.93980732736098,2713.67206397231,95040.9230528998
30.0678149516313,0.206191522357486,1304.0238523426,228.506064528018,1454.21858703653,105.633570550517,302.670248580179,1.97779404595573,6.22127952020743,12.235519887182,22.7891581555388,4.90735233474282,2742.42041233613,93997.8396222055
29.9558620133638,0.208021291342337,1317.4649149447,233.010706983139,1469.07220579356,106.75050696713,306.592621435542,1.94732525375106,6.38930483120075,11.6740844088108,22.9943724692467,4.87153788628982,2772.67153426415,93626.1233196206
29.850829432453,0.209745612642867,1329.57746931354,237.167233010051,1482.51664430839,107.764206521046,310.154535306137,1.92164047975512,6.54997221397128,11.080502306144,23.2310547417575,4.83475869106167,2800.08025878363,93507.348392465
29.7482151098786,0.211453198224376,1338.7195379698,240.832887342526,1492.69769163787,108.539141826107,312.968880155178,1.9059003943169,6.70188133032567,10.4595108527071,23.4699010173722,4.79885428538152,2821.27533279891,93474.2644675309
29.6445967486469,0.213159858449742,1344.45596604895,243.962734051352,1499.1217617774,109.039682533781,314.909206104069,1.90194810841613,6.84715271164827,9.80762723889128,23.6876700041008,4.76482299890235,2835.34202707526,93306.8820768296
29.5403489018065,0.214797631424995,1347.47823400516,246.593235551858,1502.56292988031,109.32322277676,316.107537066733,1.90870506779492,6.99087379900065,9.1219557778744,23.8753976623168,4.73246302137747,2843.65798561039,92809.4250071149
29.4419848539086,0.216258503551056,1349.17562711458,248.817383289427,1504.56950361939,109.503448515409,316.872074239736,1.92290536444773,7.13557948311433,8.40925159358504,24.0396128296241,4.70108684297975,2849.0238026405,92266.4889949277
29.3606126451815,0.217441477963177,1350.96637485725,250.744011102847,1506.70914842597,109.694864584923,317.535848565981,1.94089360707589,7.27919259069063,7.68647580420693,24.1950110128032,4.67021174470944,2854.30676971267,91785.7655047137
29.3056697724218,0.218303349070811,1353.55682499373,252.435044766418,1509.74918082445,109.953050512025,318.278500137291,1.96076361109977,7.41759093495222,6.97341328939813,24.3531636281176,4.63982172444349,2860.93548646678,91482.7807516529
29.27909392678,0.218872575995785,1356.81772397678,253.898120263213,1513.52752103434,110.265171800018,319.091064092478,1.98281373675492,7.54493444540383,6.28829720935351,24.5165704567369,4.61064689459731,2868.65507654627,91465.5904562515
29.2708379556862,0.219211438664734,1360.10383424868,255.097031663845,1517.3147249018,110.576922374694,319.8390665251,2.00887868071752,7.65690539655614,5.64561082473451,24.6781316703862,4.58373083704987,2876.16458674002,91561.7162812801
29.2602358897571,0.21937524922542,1362.68162589559,255.970858209755,1520.29178771959,110.827813588855,320.356234087906,2.04101568420106,7.75230362048414,5.05579644564951,24.8255701105866,4.55995451340402,2881.97261756506,91688.927622257
29.2264417767873,0.219395058474461,1364.14620069477,256.481969769915,1522.01157581352,110.984753196928,320.546499709512,2.08013223504623,7.83087084819827,4.52556610800336,24.9488145343634,4.53993102470005,2885.25512596758,91841.2315144677
29.1589890194189,0.21928762949273,1364.52632596349,256.646398935074,1522.51190141971,111.050236882925,320.419994639043,2.12553356209375,7.89189603408611,4.05852786070415,25.0440384617171,4.52399145897262,2886.08828584394,92026.4534872611
29.0636577256197,0.219076818538314,1364.09636584809,256.532660325709,1522.10464884608,111.04708919222,320.067620670224,2.1751061087001,7.93345436617566,3.65790162021554,25.1136344798653,4.51232257463688,2885.08667903813,92218.8470908294
28.9597136537689,0.218805608931883,1363.19600853321,256.243134322842,1521.17521873673,111.003918512347,319.622657047226,2.22539483383641,7.95276525064813,3.32779703914147,25.1640566654009,4.5050413301321,2883.03645922167,92406.4132100567
28.8680678966743,0.218519003205455,1362.09762158365,255.868980175918,1520.03328539101,110.944067859707,319.203604064375,2.27232255886828,7.94878791685573,3.06997988488693,25.2025933867592,4.50196907047641,2880.58271133262,92524.0866854574
28.8015052012615,0.218247577850616,1360.95531713533,255.462395400003,1518.85457475919,110.881023232029,318.880868297861,2.3121366331631,7.92410186712683,2.88318815049339,25.2358696124372,4.50241937443773,2878.09360498821,92506.3435192864
28.7628715928931,0.218020508506852,1359.94731332603,255.076628927056,1517.83954413454,110.829482919023,318.719847970497,2.3402869466402,7.88279764341737,2.77142217707531,25.2715932318202,4.50540806213363,2875.97658058351,92446.2291241311
28.748720517816,0.21788214148399,1359.32716520366,254.793221256648,1517.27122148008,110.809777498361,318.807835752537,2.35069465833559,7.82926042648681,2.74696239547511,25.3191549285667,4.5098080566799,2874.80967208398,92382.1991956368
28.7537204110794,0.217893731404095,1359.19736621393,254.683341016528,1517.26081559827,110.829677501993,319.198390222586,2.3385124708064,7.76564849999833,2.82336882115254,25.3860213190954,4.51489618841292,2874.86277273146,92665.8125201886
28.7716748681026,0.218135599617637,1359.26095404428,254.774741231836,1517.46517650254,110.863412267852,319.846884628007,2.30340802908978,7.68778783225178,3.01266138766346,25.4714824923244,4.52127613190117,2875.57332375021,93674.4876482183
28.7909748070914,0.218678295235072,1358.56668664523,254.997127413253,1516.79985912794,110.830909728941,320.530086921783,2.25280160700113,7.59259072913639,3.3176370277717,25.5590082123069,4.5302679090925,2874.98758493717,94898.4812679263
28.7924773714798,0.219552312109116,1355.8436183783,255.194885522135,1513.81919150177,110.625779666721,320.910268915282,2.19947790327621,7.48278107397767,3.72541031360843,25.6197871441136,4.54303310206908,2870.4287580616,96112.5353030705
28.7573834883638,0.220750710866764,1350.46793475043,255.269175841931,1507.80822004515,110.194936672913,320.787428131024,2.15324293475681,7.35975536391521,4.21630879502039,25.6300744701606,4.5606127412924,2860.53997863335,97555.6325989131
28.6739098007194,0.222264459642073,1342.81899800861,255.274246635224,1499.18479440738,109.568074432641,320.215445506597,2.11714138514138,7.21982820845561,4.77474051951938,25.5783368589075,4.58409141232441,2846.0836902277,99494.649062161
28.5348966792587,0.224087728764478,1333.60412361773,255.331024539406,1488.74479398395,108.803125354723,319.341299133532,2.09110723907636,7.06106542420021,5.38222492542846,25.456664772286,4.61413531499148,2828.54171162869,101536.158632898
28.3345566443451,0.226214952538874,1322.97562027555,255.459077455452,1476.67360294322,107.914026778233,318.181996838196,2.07579343391722,6.88685224831683,6.00941841077435,25.2559487325263,4.650751941897,2808.23349706522,103531.194967333
28.0721010928794,0.228563540489873,1310.85487440109,255.582983071522,1462.90652926231,106.897347330517,316.690414254802,2.07260961291461,6.70861573137818,6.61719948763472,24.9742708259184,4.69242832567204,2784.953677551,104752.345165017
27.7593454586521,0.23092099279206,1297.7704043155,255.623238006769,1448.06559119097,105.801285503057,314.947279960899,2.08139864714363,6.54748339320341,7.15831838046949,24.6311733844377,4.73507994924884,2759.69391474964,104675.97510229
27.4234322591372,0.233076369196506,1285.13169102688,255.594097785886,1433.75312522568,104.744998346521,313.252462450747,2.09766539967676,6.41645244855523,7.59634373113771,24.2712017241454,4.77435274461557,2735.25948725053,104260.254930728
27.0957505859799,0.234883821126765,1274.74665510972,255.636176476484,1422.00157653731,103.877403486003,312.02500814573,2.11450483649225,6.31558186876127,7.91562959887296,23.9423793950855,4.80752376814467,2715.33672675843,103744.550966423
26.7967397492083,0.236276635704951,1267.6585190207,255.868479005823,1413.97666173069,103.283460208478,311.515202473399,2.12722849949002,6.2424834760651,8.1153010474363,23.671987008531,4.8333961805776,2702.07890149939,103135.814675091
26.5348996493531,0.237267500094807,1263.89920685287,256.318834261795,1409.71317588274,102.965448627863,311.737880568069,2.13444965017162,6.19456856896673,8.20353324796551,23.4648424958275,4.85207116479183,2695.57320489356,102439.686181411
26.3183866281619,0.237905581201989,1262.98401934924,256.953622377032,1408.68277319532,102.885045714314,312.5856069861,2.13673892902021,6.16947037757381,8.19107314889088,23.3148126574585,4.86422851588934,2694.85375906258,101674.854738126
26.1593861015331,0.238241574435739,1264.36127472523,257.722053229397,1410.29455462981,102.999859313195,313.933502962907,2.13521275008075,6.16499161748199,8.08815051741072,23.2142610959756,4.87059945268203,2698.82087717571,100870.796367753
26.0660548557128,0.238298442269197,1267.59675666172,258.571442899381,1414.08335363746,103.276777365147,315.677435781136,2.13115530280678,6.18071627163908,7.90256217775476,23.1577351698841,4.87153659539056,2706.59614337288,99846.5838295402
26.0354741644756,0.238070601665763,1272.47712993056,259.457945138076,1419.81641452911,103.699521210848,317.755567016578,2.12562900765755,6.21888437968078,7.63980547554461,23.1436549842267,4.86679742036693,2717.72426375457,98478.7449717648
26.0516280284965,0.237559496788027,1279.1366611416,260.38412829893,1427.63679354002,104.278446753801,320.186872295757,2.1183783002565,6.27940381079146,7.30917262004869,23.1756364753821,4.85617041667123,2732.45797642917,97112.1839322704
26.0916265574296,0.236776016337953,1287.84415909912,261.387615418102,1437.8318578528,105.033571003172,323.027326158482,2.10854107527296,6.35838390829104,6.92561057590931,23.2588250974756,4.83989419923135,2751.33866995203,95858.8471056899
26.1368380805925,0.23575565507479,1298.57764191277,262.485980982271,1450.36320393954,105.960684886541,326.271236107905,2.09604378990745,6.44949097290316,6.50666283775937,23.3934099543779,4.81884236275937,2774.32098229562,94911.5706125974
26.1773194915245,0.234565917621151,1310.87523298966,263.656144186144,1464.69966207039,107.019376542145,329.815173166467,2.08197700233878,6.54349312737961,6.07099155816897,23.5716981271604,4.79475280046919,2800.4620102233,94431.304295706
26.2081420053385,0.233282881467916,1323.81995799968,264.813278581132,1479.79665396733,108.132437034727,333.43971765563,2.06902696578759,6.6333380549491,5.63379831984393,23.7771656588465,4.76955738681056,2827.86396851616,94143.7308537642
26.225369057064,0.23197379732212,1336.14866640152,265.80180927889,1494.21808141334,109.195065436905,336.827572018474,2.06094485888524,6.71639875693499,5.2047151563402,23.9884248237144,4.74483589134922,2853.87861564379,93941.9496800226
26.2261446594773,0.230672451827552,1346.25014606206,266.373041112937,1506.1415951421,110.074438475078,339.568107620155,2.06247410612101,6.792446788652,4.78986479243583,24.1871421707507,4.72165959878372,2875.09617438958,93708.6671758139
26.2109010875808,0.229375703647615,1353.16174177769,266.363223830547,1514.47957938344,110.691216170188,341.408890263656,2.07688910257071,6.86321569097447,4.39287708860509,24.3630248971487,4.70037377125759,2889.46492320763,93340.8424072449
26.186279946449,0.228058715545279,1357.30385306388,265.826423985823,1519.69947330379,111.079229317019,342.44203064551,2.10332404882276,6.9294363673962,4.01714941479847,24.51567128701,4.68090418166167,2897.84947702849,92979.2512416415
26.1641623634761,0.2266865064575,1359.87619086489,264.937275608401,1523.14307170363,111.335782197073,342.956558918876,2.13823169062496,6.98983436048745,3.66708562294037,24.650859880798,4.66310774483593,2902.75576404951,92674.1915583051
26.1554156539244,0.225232815210207,1361.93001746349,263.850708463721,1525.9860924448,111.546064787863,343.210243700252,2.17817778709894,7.04341877583408,3.34630716881753,24.774134601421,4.646824031355,2906.38362176771,92357.8763661744
26.1659630733528,0.223685842561908,1363.9789906298,262.642124962091,1528.8032434484,111.751720437929,343.335125637033,2.22133946866857,7.09037521916573,3.05493329019351,24.8883999786678,4.63189176785127,2909.81157608343,91953.3589920287
26.1986217782538,0.222035292467288,1366.19947732699,261.329696226769,1531.79384153234,111.967388128109,343.388085274759,2.26756214221372,7.13005155271615,2.78710398516658,24.9959190345062,4.61831350034219,2913.4132157484,91550.374417461
26.2559247433558,0.220261585609823,1368.64655079783,259.904203463409,1535.0231591258,112.198040815311,343.400163047927,2.31846562529774,7.15964798485823,2.53229156314174,25.0995210557451,4.60636303529995,2917.30515311336,91181.4755423512
26.3394681234648,0.218341638312332,1371.27939151406,258.341540429095,1538.44913682831,112.440594760312,343.373798345555,2.37752723603108,7.17666010769915,2.28032613521539,25.2013174428632,4.59631140313391,2921.3993822895,90673.4089571707
26.4474015235259,0.216254434486499,1374.06680712036,256.623529210296,1542.04178517759,112.692429331583,343.304932551407,2.44933639052,7.18066813127663,2.02518998622888,25.3036533946301,4.58812061462399,2925.62697305547,89841.8016110932
26.5721980868184,0.213988364390315,1377.21275719591,254.775432864167,1546.03900526616,112.969619056294,343.244768324847,2.53737669508048,7.16947016882117,1.76842450740099,25.4130142990695,4.58176158481788,2930.42027490557,88938.1826763135
26.7020465509833,0.211544232411093,1381.08373504348,252.855818657835,1550.8642797202,113.301008487724,343.285661448483,2.64295556778813,7.13771252780061,1.51807780253996,25.5393895831028,4.57744189855456,2936.56258270416,88073.6285069672
26.8260831721088,0.208939401578639,1385.84014979062,250.898806755845,1556.70690236793,113.698280732964,343.468265608402,2.76609532632941,7.08004827948945,1.28380794941091,25.6901128613147,4.57551596928395,2944.40591815651,87268.5032080486
26.9383869898805,0.206206055296796,1391.30965830936,248.892534498654,1563.37558138026,114.145821233407,343.751041509149,2.90542879424984,6.99259013959703,1.07375085324586,25.8666518134255,4.57646348098393,2953.6000251347,86525.5668465507
27.0387992019805,0.20337896792296,1397.13404834029,246.794779958326,1570.46487966955,114.613204189376,344.048548255705,3.05754529220923,6.87366395736818,0.892772368840122,26.0659451333904,4.58070498613374,2963.39907033006,85838.0125226731
27.1312188338468,0.20048507012335,1402.95891248065,244.558075627042,1577.57175106664,115.071074673479,344.278926142501,3.21704166293247,6.72416549780168,0.74196124642302,26.2831987481376,4.58838968602323,2973.06143650282,85202.2287649204
27.220631378073,0.19754617575557,1408.53965846263,242.152493788351,1584.41585498296,115.499704223088,344.389773129831,3.37679169182675,6.5463443417446,0.619881610374061,26.5138994702676,4.59944728909107,2982.07839607454,84768.2471387038
27.3109836460104,0.194589855386216,1413.68733716001,239.569928772977,1590.77707285774,115.884220428757,344.344286663137,3.52823550418716,6.34255596392087,0.524130109256258,26.7531720799451,4.61379636280721,2990.06754485717,84750.1620140604
27.4043287034814,0.191651484536318,1418.05233640212,236.79883140983,1596.2506509185,116.196780627763,344.063229305405,3.66571290233108,6.11745977765379,0.450399485044725,26.9914318352646,4.63129271931176,2996.31922130362,84932.6256218894
27.5006864618091,0.188769377101715,1421.10817561524,233.816908092442,1600.22992902699,116.394970576054,343.419227852762,3.78987109142019,5.87748926047982,0.392980659433191,27.2133038496773,4.65188026573927,2999.75839825879,85172.0372689039
27.5984875055502,0.185968576345705,1422.49441952599,230.621342826431,1602.29742087959,116.449842417936,342.324313528585,3.90550156978956,5.62802028706172,0.346384941532588,27.4041097938108,4.67562552666648,2999.65612530668,85312.0460362866
27.6953638216185,0.183246833556545,1422.32499635095,227.252755013056,1602.57767107496,116.37131774552,340.807617274115,4.01874923082888,5.3725921451335,0.306201997256963,27.5569640190508,4.70242934973307,2996.26744564733,85186.1494516894
27.7889466806959,0.180580808821204,1421.24828508446,223.799392349571,1601.80678054889,116.21317504861,339.034928244382,4.13216675588653,5.11191688216937,0.2703351492997,27.6766038665355,4.7319437945107,2990.95870855994,84964.7892210837
27.8775134376211,0.177941238718908,1420.1939989906,220.372551041844,1601.04419295951,116.052396240781,337.247640636966,4.24304496918386,4.84511842654948,0.238562137744714,27.7762704740165,4.76356550330909,2985.68330275794,84751.9587907809
27.9604570866576,0.175309027511763,1419.80669454646,217.043188986829,1601.02725436839,115.942655737817,335.619600360621,4.3470836128412,4.57238878880508,0.211181524719341,27.8689259713547,4.79655663295455,2981.79755385608,84591.4700781772
28.0385117179835,0.172682773665079,1420.17257411923,213.81608207142,1601.857425274,115.891781769906,334.186757384437,4.44096578330848,4.29592292648019,0.188350273551728,27.9610639727145,4.83025914934023,2979.49007901651,84510.946159554
28.1141197659198,0.170072839534328,1420.99690810888,210.655342834078,1603.19863043239,115.876185583332,332.887937925208,4.52310910377273,4.01973290010855,0.169893125097381,28.0520147536121,4.86415768585971,2978.15090760516,84476.9057147625
28.1913553308336,0.167491505733192,1421.8808505229,207.515878493824,1604.59149629075,115.863545477234,331.631992234213,4.59340164683068,3.74884863074064,0.155342032665538,28.136797910916,4.8978302978365,2976.94769151007,84465.1345073062
28.274604505787,0.164950796791302,1422.52461239831,204.368048772309,1605.68691016634,115.829574871439,330.350498937322,4.65157065614749,3.48754869980176,0.14430026403344,28.2096985508536,4.9309918935622,2975.25459587688,84666.2989054329
28.3675384928063,0.162469754623564,1422.69656694168,201.19806068247,1606.21467770434,115.755884050445,328.996816976594,4.69387473130222,3.23907233076366,0.137334367226911,28.2644308620526,4.96352173449493,2972.59856902207,85386.1513677855
28.4731651912748,0.160074814202525,1421.93536734705,197.97048284883,1605.65149176008,115.606828612103,327.479302164379,4.71146339005189,3.01144357022838,0.136553416964221,28.2894151709791,4.99491794452129,2968.04650859207,86348.7943735872
28.5935831919736,0.157791660064091,1419.48184835393,194.61227801982,1603.14753618895,115.325200084231,325.648424444105,4.69267991833984,2.82236518505121,0.144870834484392,28.2670580510906,5.02364847933884,2960.06420340893,87352.5981659846
28.7292125901927,0.155636743733151,1414.77434962843,191.068673032146,1598.0811919025,114.871619848634,323.414193093212,4.62921087182538,2.69331027254062,0.165238788761984,28.1816270939741,5.0475421134804,2947.53750269019,88572.8908911017
28.8800612969948,0.153648842739383,1407.86193837775,187.365926732144,1590.51437643398,114.256210893641,320.847647643678,4.50970454206258,2.64275068640847,0.204682537380373,28.0237773578943,5.06451976811506,2930.63065857107,90326.3142673519
29.0495260716476,0.151961365329179,1399.02833760613,183.594468604638,1580.75639956202,113.509044056645,318.124809915808,4.30183275415447,2.69490930239445,0.284658432786442,27.7870878309663,5.07162118815513,2910.03680886949,92286.8701177325
29.2458098265222,0.15087730157925,1388.18427409136,179.845910925486,1568.67088061306,112.631632890624,315.417578914655,3.96574355404525,2.88522301950304,0.450241274442479,27.4658095021339,5.06443276118173,2885.73887566924,94264.4873584852
29.4768710947196,0.150799167541349,1375.19379381329,176.213476343669,1554.06075422271,111.615646858861,312.901817887742,3.51234409420851,3.22636771700666,0.774754114624478,27.058802105978,5.04162935983731,2857.62461429657,96149.6540421651
29.7400291020187,0.151867552742155,1360.70488892202,172.893389768621,1537.63483597825,110.500014470649,310.803220022663,3.03477642155668,3.66558836524064,1.35158556920137,26.5767731311829,5.01037064806916,2827.13883036815,97855.6193238257
30.0072547881085,0.153821411784268,1346.12148722907,170.325055813399,1520.96980524842,109.370522398095,309.311155455254,2.64844942002026,4.09964373179991,2.24909478475385,26.0465876223197,4.98366186974758,2797.28088836723,99449.8415323566
30.2260620780352,0.15649918480088,1332.63741512172,169.11675440542,1505.39563893135,108.298500702452,308.435018971117,2.39490881165438,4.44681534709755,3.45626821286483,25.5049934908369,4.97049511130596,2770.67482077122,100932.323911035
30.3476839728193,0.159901910799411,1320.72912606829,169.706428030845,1491.43339735886,107.314572990826,308.04066681513,2.24620141544774,4.69030095207983,4.88521416382714,24.9873419538139,4.9706362359071,2748.42440899135,101842.598634192
30.357023440263,0.163776042343692,1310.76199390487,172.130106266286,1479.50825612651,106.457280120014,308.057679499823,2.16251188190607,4.85999651604018,6.40889778942353,24.5222889968625,4.97778223438765,2731.20764976464,101841.45357958
30.2864844869252,0.167749661667861,1303.47194863294,176.040838773013,1470.49651792968,105.801541133934,308.570281979051,2.11447298295916,4.99079338939362,7.89070350837787,24.1319794739867,4.9855094597803,2720.22720210367,101555.192387462
30.1962987604015,0.171661948683692,1299.23170803745,180.899348538241,1464.86959289769,105.389453332243,309.614865712469,2.08407740440356,5.10299128038348,9.21256787178445,23.8283986761424,4.99018833125337,2715.8446721463,101174.904076112
30.1352220244086,0.175523282590677,1297.69725377949,186.245823059446,1462.27072493661,105.198379063837,311.096739991584,2.06182185847023,5.20673386244303,10.307364659302,23.6082322156136,4.99062488879506,2717.05752517376,100711.40327705
30.121188771908,0.179349571461375,1298.26475035111,191.814086997267,1462.03283594217,105.180222079038,312.896809926715,2.04310784363806,5.30652451126177,11.1643080752796,23.4577784011421,4.98709670338677,2722.49520635098,100160.001376571
30.1455563654295,0.183085691913927,1300.43635447897,197.43120778386,1463.61149520266,105.296274339773,314.937468761476,2.0257015877013,5.40400509287376,11.8062293420942,23.3623464675054,4.9803342521284,2731.08091595194,99573.4165806065
30.1881573281586,0.186643439535425,1303.87914933884,202.93590975198,1466.6574968119,105.523699369194,317.174165060614,2.00839664694552,5.49983099040967,12.2650002710442,23.310991211475,4.97093130274477,2742.08108588717,98991.8434912924
30.232051801302,0.189957023091265,1308.35036477682,208.213850284011,1470.91819063771,105.846381686817,319.565169533007,1.99068741729129,5.59544583820837,12.5665177048849,23.2961655760691,4.95912754031439,2754.95997710131,98363.3940383285
30.2683944190518,0.19298713407132,1313.67070931991,213.219425454306,1476.19937910355,106.250608501337,322.063244628337,1.97265337560213,5.69388922450492,12.725007203007,23.3125937056928,4.94478830683402,2769.33258986936,97617.7527473287
30.2926350870547,0.195739320223024,1319.78840680699,217.951553798961,1482.44120132623,106.730388122007,324.634091669424,1.95436247349686,5.79808340927006,12.7433216036848,23.3571457019574,4.92766163174571,2785.07904799597,96863.0209818591
30.3012358431352,0.198248149727059,1326.73547119634,222.421297698025,1489.67473188858,107.285284975706,327.256030105622,1.9356996612111,5.90984439719152,12.6192898405242,23.4277284061336,4.90759060903132,2802.24619663923,96144.0088128265
30.2928565263444,0.200538927680506,1334.25622394497,226.611121422933,1497.60488465976,107.891555604161,329.849974704876,1.91726455792413,6.02896892834235,12.3573118732673,23.5212789918386,4.88478001877664,2820.29323720183,95594.0556783784
30.2686052401085,0.202647646604539,1341.61584683703,230.469936101221,1505.39314526927,108.486833947183,332.246276883372,1.90093767642025,6.15084019459912,11.9754153673997,23.632057140125,4.86024070781034,2837.71426194001,95435.5146208191
30.2284905205834,0.204627624916751,1347.9878321943,233.966365465194,1512.09638546906,109.002092721185,334.273004680259,1.88891900966123,6.26858052109418,11.5005598066384,23.7497200965143,4.835587255116,2852.84745845542,95597.2735321669
30.1677746856047,0.2065419437722,1352.65050519702,237.08816498675,1516.89204827518,109.377941962587,335.791200900619,1.88308899024121,6.37596841630507,10.9597567733894,23.8593013464547,4.81261532046645,2864.26156717428,96030.2003244301
30.0776364265735,0.208431569562613,1355.12603611592,239.824354637354,1519.23674657453,109.575722289112,336.714055631191,1.88480093989355,6.46911459098262,10.3729810037103,23.9446915845262,4.79285259012212,2871.01166568165,96552.0076203023
29.9509129660366,0.210281862266067,1355.33895185962,242.159121841373,1519.04462688936,109.590183838082,337.031828843012,1.89471226756087,6.54904482224166,9.75091134490618,23.9935983686015,4.77690047926611,2872.94115584237,96890.9820184643
29.7919573001396,0.212041508064691,1353.82213091453,244.113454472398,1516.91029558063,109.464797165484,336.860745395702,1.91188855426535,6.61868926651482,9.10300397873831,24.0026213354467,4.76456174933592,2871.11220660754,97168.2885898412
29.6188983213682,0.213649218804535,1351.66198147689,245.78101361407,1514.0415846202,109.286495415189,336.440689884087,1.9336933549713,6.67981799086757,8.44386227845278,23.977217797121,4.75528053342405,2867.72457492161,97437.8266057542
29.451830705369,0.215073121764739,1349.77630957382,247.263912089534,1511.45403198023,109.127735896214,335.980537828999,1.95743067352834,6.73111899945364,7.79130545620161,23.9253820051508,4.74879520850454,2864.65229272095,97960.1922959056
29.2995973320873,0.216326720811923,1348.19166513941,248.575234545611,1509.17146318108,108.98894568348,335.495558371769,1.9824408703651,6.76623440586199,7.16249815345488,23.8494109956564,4.74589403867367,2861.95616391697,98997.0866627605
29.1519301331323,0.217409174698868,1346.04973762773,249.579343276184,1506.26194247034,108.802222123344,334.798315735302,2.01104178514633,6.78051603711975,6.56461375008179,23.7399622128542,4.74778916384388,2857.87422847384,100189.616879493
28.9830847999088,0.218266458611393,1342.20373054206,250.031417394908,1501.51455460969,108.480587948621,333.630156577266,2.04711944796853,6.77407008377098,5.99249000543123,23.5805990353317,4.75541330441366,2850.03409979702,101399.081466916
28.7686716187443,0.21881693500206,1336.01818305554,249.736781766761,1494.29357621002,107.978881461899,331.84919864309,2.09375386888285,6.74886811605277,5.43812409017073,23.3605443533527,4.76910608405778,2837.11249166525,102467.827742152
28.500904139503,0.218994481772181,1327.49975291575,248.621181165247,1484.63867521975,107.300652924633,329.464654133855,2.15243146696969,6.70837280050534,4.90110119827281,23.0825115031286,4.78824910620955,2819.10340792927,103223.012430961
28.1948066023132,0.2187721663142,1317.25166480576,246.749315601489,1473.19090818251,106.492903413889,326.645037314582,2.2216930550102,6.65417127409984,4.39961080420773,22.7630393042044,4.81174938770481,2797.23112135598,103789.41172559
27.8801100292333,0.218161651168117,1306.27092425605,244.291938570074,1460.98868067727,105.63159097125,323.671837965605,2.29631688260237,6.58588964098067,3.96506905669143,22.4255057482685,4.83843150618031,2773.54799319853,104209.046490212
27.5830252514026,0.217206838810974,1295.49705124009,241.443548494882,1449.01716039024,104.788819818253,320.806832414817,2.36921223848204,6.50512668512257,3.62045026409025,22.0900356951252,4.86700229378396,2750.01756650589,104504.438658144
27.3132653603912,0.21598484890292,1285.58210331371,238.386308254453,1437.97450496894,104.015386818962,318.231815657758,2.43352266427431,6.41519478845702,3.37439201555653,21.7697431730326,4.89629151935833,2728.05170265954,104725.655978617
27.0587805218783,0.214613640089365,1276.85458652202,235.300175795589,1428.21365781141,103.336478631927,316.063896906091,2.48277639607391,6.31888390870904,3.23515890245721,21.4735323907498,4.92545891660024,2708.44378712368,104881.746555985
26.7941766177534,0.213234633513287,1269.38759529582,232.349655484097,1419.80217610721,102.756634140809,314.375403825341,2.51109902268547,6.21879436480322,3.21509244293377,21.2083890168617,4.95382477052538,2691.48046025498,104975.2018178
26.499440315304,0.211964669742338,1263.10103035025,229.639100555314,1412.64019526666,102.268448108336,313.189815840771,2.51555429698951,6.11539181340458,3.32098607366417,20.9774330023306,4.98119208069647,2677.09690179101,105424.975887037
26.1712910810472,0.210884919941095,1257.60974824689,227.192900253036,1406.30192079405,101.840252079912,312.425058883311,2.49907318322595,6.00560334955505,3.5482513129895,20.7749850619159,5.00829427764104,2664.55960806046,106413.502235194
25.8295906146801,0.210068331564861,1251.98263653058,224.975149275506,1399.7908515916,101.397642752122,311.818793104785,2.47231148129537,5.89112780038032,3.86986420969273,20.5836172789916,5.03579427505032,2652.01753907079,107252.270606794
25.5119012106379,0.209595696859513,1245.31889516647,222.973373387013,1392.17833226741,100.870140230949,311.08263624748,2.4475350162639,5.77920733232064,4.23997712299151,20.3848763462268,5.06359174463927,2637.70918544501,107791.321342546
25.2520755118964,0.209485587394902,1237.64973587057,221.252387897122,1383.55899260728,100.262776591282,310.163100454416,2.43072120369324,5.67756969559878,4.61651690087178,20.1752629070678,5.09068308950851,2621.76447133195,107872.062451513
25.0674701395421,0.209664577013542,1229.94997823901,219.915034137283,1375.02886458051,99.656229738164,309.262163554498,2.42107987041357,5.59356370578308,4.97144143132185,19.9677268510981,5.11522611585766,2606.17673709189,107467.01589031
24.961900963415,0.210024012670245,1223.58444629959,219.053797378433,1368.0654466122,99.1611920176518,308.70449457666,2.41384246261154,5.52954815115682,5.29054313824108,19.7823689036535,5.13571627823397,2593.6698187022,106970.598267986
24.9323429906208,0.210467575603841,1219.53689249791,218.702157163887,1363.69863213674,98.8562355013817,308.737895925439,2.40448707872321,5.4829589771182,5.56849471104024,19.6344862701189,5.15164109989329,2586.15767524607,106483.253929966
24.971531126512,0.210940527997459,1217.95927399399,218.818831863568,1362.05004792217,98.7523870815375,309.408028700851,2.39122849232142,5.4501322929577,5.80520228505274,19.5278211572028,5.16330584570544,2583.87073797598,106051.02343394
25.0682212528752,0.211421976735223,1218.39343231925,219.328345089672,1362.59746668904,98.8116671662822,310.60123184258,2.37458956944721,5.4275992552591,6.00321263295656,19.4565962287918,5.1715133162663,2585.83408065271,105697.943158267
25.2059961899573,0.211921800904149,1220.17390326633,220.158687665749,1364.62116930449,98.980125983385,312.127616241794,2.3563764233467,5.41402992437699,6.16228070748278,19.4102771648059,5.17699042658809,2590.68109070202,105354.158715441
25.366019266491,0.212485219625637,1222.72621347231,221.255486356813,1367.51854923356,99.2118146857944,313.800384122524,2.3384051665302,5.41009261021816,6.27838792739902,19.3782615306976,5.18015454878317,2597.24157712537,105007.537653027
25.5338576794903,0.213120271919175,1225.71445232267,222.571380785175,1370.94530285397,99.4804091779351,315.497678424697,2.32205026187129,5.41804680944322,6.34615369082687,19.353941330992,5.18099120084315,2604.81981123496,104427.168206246
25.7003603349249,0.213758274025859,1229.13453176462,224.042663257751,1374.9097476906,99.7866210416645,317.195656810418,2.3078921159516,5.44181650992223,6.35971189848947,19.3371435413497,5.17892342854709,2613.35878273058,103469.103268498
25.8564288966433,0.214277047359852,1233.4031941491,225.581479779865,1379.87123776903,100.164435922165,318.989440631992,2.29466814718648,5.48236864247488,6.31697916421622,19.3345305314525,5.17342393566182,2623.60826155114,102493.141292911
25.9915328605243,0.214537235012465,1239.03756579289,227.085109538468,1386.38950081613,100.654900288641,321.005361914831,2.2804770070238,5.53710488999133,6.22123397587907,19.3541559668485,5.16439158376124,2636.49800818304,101597.442113111
26.0981880760259,0.214436755576293,1246.16378611123,228.454314486009,1394.59061261797,101.267713283889,323.268980853089,2.26521031743022,5.60619875012022,6.07576864066624,19.3990578620695,5.15162188057245,2652.18628848222,100425.364875063
26.1751250106187,0.213948673803501,1254.67131030993,229.642004841471,1404.35190739494,101.994952428738,325.744863608001,2.25009917504659,5.69474662085175,5.87989303592426,19.4700138728575,5.13435710551284,2670.41555535245,98680.4914978512
26.2277260104505,0.213136138329553,1264.80651553309,230.73798284727,1415.96753543322,102.85848871221,328.502565715015,2.23464750041854,5.80428186700472,5.63483311693427,19.5735757363026,5.11203492833933,2691.76536185932,96899.1536461112
26.2648581993284,0.2120932293867,1277.10480916931,231.923987634121,1430.061145134,103.903248186982,331.699929070497,2.21707654106315,5.93014627737473,5.34733145471043,19.720617687833,5.0847351903336,2717.47265736457,95241.7889481245
26.2940350641923,0.210906063674479,1291.7548620308,233.320298046342,1446.85870803759,105.144847597315,335.405878238437,2.19677539554965,6.0659672771218,5.02741762868038,19.9169908965499,5.05306376228172,2748.0288646561,93848.0359784657
26.3200788143475,0.209640486863898,1308.39990727306,234.930869350911,1465.96003722104,106.553033979389,339.544802713209,2.1747008539509,6.20345141495645,4.68859750912596,20.1596671141963,5.01839187888082,2782.73483362319,92909.7069877894
26.3474703480027,0.208329568533558,1326.19804499651,236.646839494457,1486.41255344935,108.057455018398,343.908087725479,2.15325021783921,6.33480294334657,4.34538932189013,20.4369353721567,4.982501436196,2819.82754448109,92332.9243280494
26.3814503206703,0.206980920990492,1343.98076466614,238.27931283058,1506.89665218591,109.561428175892,348.194750267546,2.13556615694842,6.45474920816432,4.01092446047268,20.7309034591203,4.94716089844824,2856.82800846987,92058.0910645616
26.4254988008164,0.205588013015569,1360.0606917007,239.543297478348,1525.51278628235,110.92634907211,351.966243654389,2.12577658979772,6.56089238397553,3.69545260226295,21.0221116067565,4.91382128442751,2890.1513714802,91896.1594456344
26.4789610887653,0.204128929580595,1372.33813068017,240.08424326588,1539.90138921662,111.980408193127,354.672005301447,2.12977130774479,6.65603192585391,3.40206964929391,21.2934728094781,4.88306694302778,2915.33835979025,91481.7397808486
26.5371872426844,0.202577317399173,1380.15835570001,239.784065680218,1549.32674374778,112.669684071923,356.126380893956,2.15063551989166,6.7443598494176,3.12394864871493,21.5374029911234,4.85473715555172,2930.98423917834,90862.3511432255
26.5945033381193,0.20090698827259,1384.76432114512,238.831383521614,1555.18363224767,113.094583949267,356.631252804713,2.18758237351317,6.82640302623324,2.8479959815399,21.759580986398,4.82842925896733,2939.69549228773,90102.7113350844
26.6478018547035,0.199099583005566,1388.09435669074,237.5300643075,1559.64612094334,113.41187212195,356.674939299949,2.23885571045369,6.89928146327556,2.56402766397616,21.9732259003955,4.80380777401385,2945.55379568727,89271.3608219084
26.6977062825202,0.197153378401419,1391.61273016744,236.116909669487,1564.35319233341,113.739423884215,356.63673258139,2.30373737277761,6.95739441801626,2.27187843354857,22.1912440324163,4.78096223286809,2951.65069899721,88496.9504968805
26.7471988360389,0.195079185793806,1395.92676260287,234.697063650532,1569.97883361531,114.125405258219,356.684063581334,2.38293800204358,6.99428466340003,1.98005789516851,22.4210680980817,4.76042709954495,2959.27385871537,87807.8850835286
26.7995133629296,0.192893046433708,1400.95227893459,233.265396951168,1576.4191635257,114.562020386078,356.807680765655,2.4779784432644,7.00455914434502,1.70020500610262,22.6633700441274,4.74297059333028,2968.24986469314,87194.4974914746
26.8567742875933,0.190615177355261,1406.28096649935,231.766953031698,1583.20697607976,115.015243121488,356.913204119448,2.58986820622238,6.98439018886652,1.44285352125505,22.9143520181697,4.72938792328404,2977.72161301531,86626.0199573992
26.9194055326286,0.188268302559395,1411.50710422835,230.148905870961,1589.88019649816,115.451290547729,356.904957906873,2.71786026035939,6.93178313153405,1.21513505132315,23.1691706217507,4.72026721672603,2986.83959704695,86069.1720485614
26.9855692702795,0.185872025139978,1416.40345816838,228.382523763758,1596.17956973183,115.850972601087,356.732000743289,2.85869936196646,6.84649103794303,1.02037983463165,23.4245398762647,4.71585104964461,2995.12958309386,85542.9583584083
27.0513873611829,0.183438303029408,1420.92846218823,226.460874533588,1602.05587501687,116.210467653178,356.390293618433,3.0069196773756,6.73013329212798,0.858486101968645,23.6794037521681,4.71597912681427,3002.50480445802,85055.9684953282
27.1127260070753,0.180973304056945,1425.1289816081,224.389056854947,1607.55972184515,116.533642686206,355.897594261542,3.15647817973373,6.58638011620149,0.726498633794877,23.933935003968,4.72012077414547,3009.06410197358,84592.5027643716
27.1668673643892,0.178480943966692,1429.0632556923,222.17825394153,1612.7548829851,116.825837423655,355.27391355421,3.3026230092051,6.4202429093717,0.619657978721708,24.188528801537,4.7275370184264,3014.93400178399,84130.1602240816
27.2128883032884,0.175964902938415,1432.78616648013,219.844681843744,1617.70295761492,117.092553313732,354.538347625908,3.44280497714447,6.23655724339244,0.532697751795846,24.4436067247815,4.7375101618934,3020.23993731743,83687.2385715903
27.251106679134,0.173429274938162,1436.34774034843,217.40765339272,1622.46223838399,117.339095344847,353.709009754127,3.57643840744368,6.03893486462681,0.460914411271307,24.6995915715244,4.74949680567639,3025.10228259158,83275.4826511313
27.282413874718,0.170879656674181,1439.77252780882,214.884699190791,1627.06259052911,117.56857152014,352.797775896255,3.70379717405209,5.8298233590604,0.400831193655657,24.95653704044,4.76314342223038,3029.58954978194,82903.2413917155
27.3080682768988,0.168324154099636,1443.04842122867,212.289149693775,1631.48997094619,117.78077847891,351.807625143888,3.8247787739534,5.61113844713803,0.350256749480163,25.213849144291,4.77821305256208,3033.69158372924,82578.6107349036
27.3302684620468,0.165773582288871,1446.13424828975,209.631684953277,1635.69226069061,117.972759219816,350.734722478507,3.93851982060366,5.38499934148337,0.307859197643777,25.4702697607625,4.79448177199203,3037.33344250174,82292.3364584566
27.352542788611,0.163240565713265,1448.9808143651,206.92330249698,1639.60263380091,118.14059564081,349.573729380106,4.04375904944845,5.15405462425105,0.272662986791473,25.7241225590005,4.81167753511025,3040.41933641393,82037.1959001444
27.3787924349016,0.160736604139724,1451.55545532611,204.176375836333,1643.1710972882,118.281640052559,348.323528871064,4.13950296347382,4.92123599663508,0.243716523481306,25.9737010590077,4.8294903051532,3042.88579880847,81814.6953266313
27.4117668284835,0.158269117248224,1453.84993416718,201.402351232336,1646.37818277642,118.395397695019,346.988547314317,4.22521893226992,4.68942499270434,0.220134068829395,26.2174667005945,4.84760544208944,3044.7198478223,81630.7192927522
27.4518443436934,0.155839018029203,1455.86817951141,198.606135617563,1649.22393412584,118.482763150846,345.57503710466,4.30014909696265,4.46175193669288,0.201346373642499,26.4539539415048,4.86566397799286,3045.93270604204,81477.2046970478
27.4968396313994,0.153439999832391,1457.61448948291,195.783155688729,1651.71468947324,118.545200414646,344.087649817534,4.36304109346543,4.2421766975054,0.186998854505613,26.6816889362535,4.88318179260776,3046.53400241849,81347.1749027223
27.5432553094036,0.151062003256899,1459.0963335296,192.924948381763,1653.86376138182,118.584747950913,342.530520723957,4.41316441569519,4.03505332074236,0.176616070696019,26.8993330152291,4.89960399616959,3046.53933791806,81257.8424232951
27.5879627513691,0.14869756836684,1460.32057818722,190.027273646536,1655.68400731182,118.603268741754,340.907869554667,4.45111056236806,3.8439287364693,0.16950895951202,27.1056589036032,4.91448305462899,3045.96650972681,81242.718025935
27.6292459720849,0.146346905877464,1461.26634849381,187.093933077749,1657.15558325494,118.599911582791,339.219247543532,4.47939343622717,3.67064381519869,0.164711958112736,27.2989994320645,4.9276485604433,3044.78373211015,81274.0477409479
27.6668956438016,0.144018991903051,1461.87619015637,184.136681384563,1658.2161294685,118.570287297722,337.458571558041,4.50206777234546,3.5148425397694,0.161156843944297,27.4769930649764,4.93929819983032,3042.892749803,81326.9851127367
27.7016402428673,0.141730951863418,1462.09382329962,181.174796337715,1658.80342043574,118.509698565495,335.623928969704,4.52126333700503,3.3738325540906,0.158433660952251,27.6373278450477,4.94996335311468,3040.2041806337,81620.0259489103
27.7342714395529,0.139511685750265,1461.79770894849,178.22668049116,1658.77816611282,118.408218960429,333.703425251212,4.53205378762746,3.24428410838333,0.157964442695662,27.776480434016,4.96031821594102,3036.49866639734,82585.1649932828
27.7638935689235,0.137397660619004,1460.46499266312,175.270945944183,1657.54216740676,118.224426725211,331.592397310424,4.52294660748776,3.12941729892215,0.163067728817105,27.8828784002381,4.97055029406145,3030.72708827246,83962.5125362241
27.7857493187257,0.135417976548239,1457.0462496788,172.219746347174,1653.89886807055,117.876364199651,329.06196544967,4.48122178642702,3.0441689968503,0.177861759575671,27.9334719775632,4.97982597451498,3020.74355016765,85476.7595972439
27.7913918058894,0.133579766071365,1450.5830498866,168.972308772392,1646.757538017,117.291218594041,325.907652294455,4.3978481793721,3.00844386473498,0.206727167822058,27.9029080703232,4.98671831913202,3004.57927570117,87274.8675001034
27.7713576759477,0.131899272259581,1440.82041487345,165.499856616796,1635.82547622629,116.453632712846,322.107422826805,4.25843661002657,3.03930418671457,0.259856066110002,27.772815514861,4.98981568490132,2981.72977992177,89725.389343092
27.7173288874127,0.130481599383906,1427.95196848256,161.87840846308,1621.30700707184,115.38647115477,317.815718281027,4.02206568539518,3.16087256580489,0.368807520574569,27.5315913559477,4.98644092951295,2952.69527604819,92486.880256218
27.6232594781192,0.129597439207288,1412.02982433628,158.264122164502,1603.22197358157,114.103450029759,313.28531547848,3.64101034216533,3.40884410628309,0.604369483631617,27.1733180238685,4.97220905742029,2917.81393510365,95324.8213153095
27.4866463616772,0.129655839177058,1393.16380471902,154.854837722327,1581.64651244767,112.613983784991,308.840441092328,3.14770237176144,3.78352247143634,1.08789752631603,26.7002033167389,4.94753368241716,2877.58838118919,98134.1469316591
27.3116536332176,0.130983298558976,1372.25496051231,151.921869933648,1557.57536289568,110.970124240154,304.854700809418,2.68276131842684,4.20289628899797,1.96926298289949,26.1248445075494,4.92388746124337,2834.06818789257,100831.200204711
27.1161086835924,0.133585291606245,1351.00078665537,149.935075088566,1532.92133997893,109.276585646337,301.621667360328,2.36413156300813,4.5525586487541,3.32702217627586,25.4730487772479,4.91612526187287,2790.87832448127,103382.504481708
26.9311553098396,0.137481147135208,1330.92063809571,149.505088194544,1509.38648149603,107.635562723904,299.20293709133,2.18833292738641,4.77842082972368,5.08761377058196,24.7833774001756,4.9292085903687,2751.28351469615,105716.989871562
26.7858783779892,0.142658130688357,1312.65513514315,151.0081405566,1487.68777125944,106.099709012166,297.452706771409,2.10101974621463,4.90126464768589,7.07483184630108,24.0989429497691,4.95699944501946,2716.6541350242,107045.124377857
26.6929618350741,0.148488166111726,1296.03938881459,154.275439293572,1467.67916017527,104.67157546598,296.121640048903,2.06342757113451,4.97462757104507,9.08818047416261,23.4603781862102,4.98902257722242,2686.46058253199,106852.23625084
26.646215828325,0.15415395863442,1281.47318458415,158.784060348156,1449.90165211147,103.401752646169,295.143341398033,2.05345253104596,5.03787532539877,10.9454423467162,22.9039925495886,5.01725331276998,2661.10565320779,106146.453268674
26.6307082751549,0.159356613305292,1270.36102512832,164.073067395664,1436.03390792925,102.415866067679,294.713605385169,2.05474972035203,5.10574388860762,12.5124197012494,22.4549535602155,5.03792277746064,2643.04558076619,105219.757336314
26.6342923405336,0.164131454160052,1263.75127263442,169.873507612039,1427.31310425574,101.803416607723,295.013709950437,2.05613432857175,5.1844410917669,13.7284004407329,22.1192252555507,5.04974140805146,2634.17294974945,103988.206015135
26.6498358068104,0.168517312664117,1261.80733340067,176.020866556336,1423.94447305699,101.578338980383,296.094777488452,2.0520428347029,5.27824355149363,14.5991615194948,21.8896588800705,5.05258217663866,2634.71574737476,102417.921513451
26.6705564503064,0.172506396428386,1264.23470329645,182.327353732564,1425.61637210113,101.718043452364,297.938234980044,2.04012126243738,5.38829907688597,15.1674183083337,21.7576043259797,5.04686811478949,2643.99905721543,100802.636704885
26.6883827047911,0.176091922979938,1270.58466023892,188.577702491337,1431.84920032943,102.188784648076,300.48896959149,2.01952254544053,5.51330009701445,15.4852835790101,21.7159711104931,5.03323986999434,2661.02789075589,99251.0339873122
26.6975424078039,0.179315118275142,1280.23249656789,194.625537376094,1441.94937790119,102.941290492935,303.636684748133,1.99073421134542,5.65205456061711,15.5979567902007,21.7557439990185,5.01241542840086,2684.4863705513,97825.9214333158
26.6976160056722,0.182235008790628,1292.41577688334,200.425319638397,1455.04617490325,103.91280082534,307.229536578519,1.95544333569886,5.80317045263761,15.5398552736591,21.8648565631972,4.98533126798179,2712.83368766375,96568.1310895765
26.6951686537847,0.184881122562378,1306.3270492205,205.97593350786,1470.21099571056,105.03626265277,311.101131934725,1.91615764765177,5.9649275168321,15.3341617658795,22.0298412618155,4.95306473392334,2744.4636847821,95450.1117003681
26.7012104981335,0.187265157630514,1321.2164686804,211.270758478006,1486.58514326156,106.250029913159,315.09551408712,1.87548209096814,6.13531777391353,14.9963023352193,22.2378670327381,4.91669678287822,2777.88363625116,94463.4866232458
26.7246019444003,0.189419390268588,1336.49588714938,216.309314801579,1503.49396397691,107.505472480631,319.093261198146,1.8352791611002,6.30978076745024,14.5430801406914,22.4779283801648,4.87755889444626,2811.92673127085,93837.2956385184
26.7686247969063,0.191410258076414,1351.60387609927,221.107530321863,1520.28477952688,108.75460843701,322.982494947484,1.79692071304404,6.47957926535181,13.9997613118671,22.7389201488201,4.83757727418847,2845.48347266626,93793.2663141582
26.8319080547174,0.193316548967449,1365.14329169129,225.571192657661,1535.34828479626,109.880301440818,326.447508635302,1.76392158303082,6.63812805281819,13.3984596065494,23.003968324528,4.79870823443286,2875.68564030201,93980.3355435431
26.9107384752658,0.195205369450914,1375.07649809535,229.485458236937,1546.34513301825,110.712947560931,329.007002924881,1.74159439534361,6.78428037671024,12.7726169050495,23.2503785515841,4.76247213291709,2898.28766730382,94255.505747717
27.0009594638801,0.197083744696588,1380.54713649647,232.731402862807,1552.28197613642,111.180131676444,330.441894073142,1.73229283461721,6.9216131103701,12.1464720479718,23.4596804513344,4.72946270107038,2911.46349826715,94258.9969069304
27.0983564523474,0.198875593470935,1382.43746168483,235.347642286386,1554.15738185443,111.353954034177,330.934465981188,1.734087020113,7.05907781801403,11.5265977758879,23.6277255622282,4.69867756146296,2916.98079286065,93663.1499517265
27.1981416570433,0.200475852580106,1382.86289751711,237.517372285497,1554.38713248529,111.408776463623,330.97766197611,1.7415757681459,7.201513800805,10.9092138581188,23.7695165331788,4.66860142543971,2919.200107328,92953.7225187482
27.2953491329893,0.201807587224725,1384.03660878065,239.485208977261,1555.50336331041,111.526834294745,331.116580772046,1.7488014623264,7.34606870873269,10.2905592933347,23.9105326553131,4.6382206821013,2922.74489110144,92304.3544362581
27.3863973086658,0.202856097086522,1386.9294171708,241.388507000096,1558.62374756963,111.788423664896,331.613609261923,1.75297677812159,7.48834780567045,9.67128665286205,24.070097623745,4.60710303959195,2929.68633610668,91771.895738328
27.4698770657845,0.203663443035118,1391.25265414004,243.236554799036,1563.42414455486,112.169956227387,332.427857769096,1.75471346226822,7.62435216016811,9.05814703303398,24.2539976797405,4.57552980568153,2939.47612477012,91391.7648192292
27.5458609347536,0.204292422799721,1396.17391227937,244.974983061091,1568.94909093318,112.602588998541,333.372749642707,1.75617305876763,7.75212029436192,8.46149697518862,24.4570198468029,4.54410237787567,2950.41156214023,91073.692613793
27.6148699439007,0.204795997770842,1400.91793196523,246.542676476359,1574.29879575036,113.021847530814,334.257931918617,1.75938335747085,7.8720609796232,7.89174045022583,24.6694764915121,4.51331845684766,2960.87976833431,90774.9819634398
27.6773873096644,0.205202869687463,1405.08147324281,247.90563868556,1578.9966106849,113.393808290327,334.974966849413,1.76536314505828,7.98531378192751,7.35627171217506,24.8835282037483,4.48345293295345,2970.02637834364,90478.5328959499
27.7337787480356,0.205518994103162,1408.6325600041,249.060115686997,1582.99518137256,113.715291856828,335.510468061079,1.77410831174255,8.09254343148432,6.85933360620097,25.0960890090636,4.45458123463828,2977.77091525358,90175.6890774689
27.7842662615334,0.205735414047033,1411.74618460269,250.018467355241,1586.48982247702,114.000336605403,335.920552709787,1.78483869305868,8.19277727386554,6.40672008555367,25.3089370537396,4.42675933844467,2984.4767593843,89878.3298207226
27.8289430048788,0.205841074427696,1414.6347705563,250.795588294796,1589.72246035255,114.266171373778,336.290967450255,1.79622740895956,8.28344567977543,6.008250095623,25.5268917573991,4.40012341454039,2990.60003585823,89595.171417365
27.8679651299459,0.205842046108853,1417.44107468169,251.410935124844,1592.85593814336,114.524097269428,336.694804521332,1.8066204365828,8.36042347157602,5.67462761233193,25.7546611380143,4.37503441202804,2996.46361737891,89495.5165090343
27.9016801942356,0.205780482401519,1420.13080040154,251.895708095402,1595.85025846526,114.770394920281,337.156830913657,1.81439412531358,8.41736059734709,5.41623189430397,25.9934007452759,4.35235243639102,3002.04051920286,89779.2391759511
27.9303696084915,0.205733141692082,1422.32888711493,252.27655842287,1598.28377256339,114.973976970296,337.618208878661,1.81876539981944,8.44968409594479,5.24311953436631,26.2372668225254,4.33308919169614,3006.62499511898,90211.2589979171
27.953902214402,0.205793182399747,1423.41974258836,252.567256817944,1599.47303727956,115.085448182759,337.965558632663,1.81972488557815,8.45668223200149,5.16454532215501,26.4748393354848,4.31804442247284,3009.03541145956,90674.3735066796
27.971934221645,0.206037270928972,1423.01025799665,252.797054589699,1598.99015144835,115.074018839676,338.135516405148,1.81709096427407,8.43791788294582,5.18752690079745,26.6959882082903,4.30789558678321,3008.54636483477,91272.2127776064
27.9861833191036,0.206514238468896,1421.10793113229,253.026224488632,1596.85289642354,114.940696188443,338.146705897217,1.81042411229032,8.39137591495427,5.31627192553286,26.8945929853323,4.30328297857802,3005.23683394896,92148.4136265566
28.0062778583115,0.207256499500051,1417.90853462482,253.331543811568,1593.28022003889,114.700485081454,338.035626104736,1.79995377811098,8.31724261381666,5.55153808964611,27.0642360527415,4.30451583741469,2999.54450425851,93122.8713116748
28.0516426714121,0.20828957825949,1413.5748766646,253.776874874749,1588.44643893409,114.364793816088,337.801640500304,1.7869076729441,8.22001280652462,5.8899123935249,27.1959852400799,4.31140434284116,2991.80675542957,94106.2434281467
28.1424779258565,0.209619645594153,1408.20861181772,254.392570471345,1582.45691301833,113.940211383745,337.422448518746,1.77304857546005,8.10544982043712,6.32393293183686,27.2826489443296,4.32346981208959,2982.21031549621,95079.7550740888
28.2898572137056,0.211220270547586,1402.04192496183,255.195334036548,1575.56727269612,113.445089775132,336.918358167155,1.75988664476334,7.97872625945766,6.83899196709535,27.3221959633823,4.34003447642624,2971.20160056949,96034.1587468821
28.4930910880191,0.21303500819025,1395.55163244401,256.205423938015,1568.30753446705,112.919019484053,336.376228310003,1.74825131951953,7.84431945825186,7.40514924287755,27.316966040944,4.36027491008266,2959.72028925904,96949.8296236371
28.7435860439687,0.214991582642319,1389.18109682006,257.412731231854,1561.16611570158,112.399737093984,335.874870851878,1.73869489688878,7.70652639267686,7.97718847309774,27.2710203265344,4.38329142680785,2948.6141570299,97807.3643889708
29.030316446722,0.217005008888544,1383.1072404068,258.755924671135,1554.33506045209,111.903851928391,335.429980294857,1.73189054746489,7.57193980077359,8.50891878577602,27.1892745578612,4.40782048889338,2938.16797388983,98353.9483806271
29.3404304998299,0.218977123415889,1377.54684893485,260.171646219309,1548.06472831386,111.451745074241,335.068561432053,1.72786459381835,7.4507605477346,8.96521567709331,27.0808309114942,4.43186470044045,2928.75772685868,98372.7096490454
29.6547321416198,0.220827944477268,1373.0340181525,261.65055490348,1542.9761070807,111.089143734048,334.903452140522,1.72489701714916,7.34987538386138,9.33107225922908,26.9630890221904,4.45342948811964,2921.4471287804,98199.6262193407
29.9492224126279,0.222504631021159,1369.96423385956,263.189914010501,1539.53712460606,110.849357356723,335.02745135788,1.72114286962513,7.27043709615914,9.60977109478958,26.856752712273,4.47115335709751,2917.0393018263,97949.7309965696
30.2053052992693,0.223972897746069,1368.33967650464,264.757131108371,1537.76637034516,110.733174585298,335.440978397833,1.71611048910259,7.21402836144825,9.80880331909503,26.7762767727924,4.48398541980958,2915.52916049373,97443.0141918898
30.4151005388712,0.225201621997177,1368.08205734463,266.311300006235,1537.58538459539,110.734991189007,336.119006097836,1.70995766625369,7.18482899920002,9.92900641038757,26.7296233205793,4.49088235575657,2916.73629885953,96529.1275042174
30.5784913707463,0.226158657816935,1369.4156965447,267.846707477182,1539.2545456351,110.873667999063,337.110632525329,1.70205342283873,7.18410961393481,9.9652676088693,26.7249698395531,4.49119396544873,2921.10640309241,95518.5358774199
30.6983529966637,0.226812968285219,1372.76825842085,269.393769163402,1543.26215797918,111.184091956672,338.521609599052,1.6912236974873,7.20835086568945,9.91260285572172,26.7717499560771,4.48487409273351,2929.519169061,94525.953241821
30.7786424476642,0.227159883053105,1378.3318848958,270.975499581935,1549.82646788743,111.681480839909,340.404860873068,1.67691726389777,7.25246274531927,9.77171654392543,26.8749572600012,4.47235912192244,2942.37861096086,93631.1197870119
30.8242475886393,0.227229936088678,1385.85507311556,272.577599846046,1558.65877378272,112.344429465121,342.705686282086,1.65966563941136,7.31074502395525,9.55155454365764,27.0321477035226,4.45460143324075,2959.17231899718,92896.8710697913
30.8413451444992,0.227064025665611,1394.38516950991,274.074609552991,1568.67463596824,113.094460399598,345.190958262903,1.64177320108728,7.37923767185165,9.26582594595684,27.2337195543616,4.43271263891379,2977.90109737143,92246.8499300018
30.8369883282606,0.226692857537818,1402.61374145252,275.269347423609,1578.38607219663,113.8244085667,347.530082481574,1.62656885112496,7.4567087884788,8.92888184443623,27.4657575458261,4.40765607966613,2995.79616777745,91654.4169929213
30.8173662332182,0.2261344412132,1409.74548245898,276.043923009909,1586.88543451578,114.469083821895,349.513629793473,1.61612647888061,7.54325968649938,8.55282318230249,27.7156222483789,4.3801300714378,3011.1680444049,91050.1126507169
30.7869911673267,0.22539567065048,1415.68535613071,276.392367786766,1594.05946648739,115.020466509164,351.10617138274,1.61081551294273,7.63956830373469,8.14563180704901,27.9757517415864,4.35046800979031,3023.81016679485,90364.3289994409
30.7497547747754,0.224479406142762,1420.8068283803,276.382555195156,1600.32669443302,115.508398797207,352.393212259204,1.60986282417518,7.744864827848,7.71212204952458,28.2445793955857,4.31887276040386,3034.50994454354,89701.8465205119
30.709880328003,0.223389070861153,1425.59886548954,276.102449041124,1606.23650341882,115.971617968949,353.494157436626,1.6122803640122,7.85641384405232,7.25593048911312,28.5240870058929,4.28562773577892,3044.30306530363,89106.384189085
30.6712497844343,0.222131869214532,1430.35613847567,275.613547585489,1612.11886715679,116.432995661465,354.483876788841,1.61770736961286,7.97197220019793,6.78063356944679,28.8155154169013,4.25099863353899,3053.8203459411,88494.5587425952
30.6365010851085,0.220714860183169,1435.1514449625,274.940865696136,1618.05433512719,116.897797426855,355.382989310226,1.62651578495697,8.09129677876264,6.28961755028405,29.1181407737992,4.21508793484057,3063.2250348426,87763.0154704408
30.6070189768775,0.219140034541175,1440.033744766,274.096189229413,1624.09825862143,117.369716974738,356.204405938971,1.6392414384262,8.21393662241521,5.78647011138851,29.4318468432829,4.17798517520333,3072.62378536821,87034.4409560362
30.5835248053833,0.217402807955156,1445.10692227489,273.092127168174,1630.36888023309,117.856947636975,356.971772071487,1.65644958636533,8.33778535774885,5.27535073821748,29.7582107175041,4.13990335881375,3082.23239957838,86365.9179258988
30.5664554826265,0.215501027525995,1450.39887290968,271.933074880826,1636.89790556064,118.361293325342,357.689041047498,1.6791669513252,8.46033391452964,4.76096685671049,30.0980336355773,4.10115619868813,3092.10775604214,85741.5273448637
30.5557571134047,0.213439304753585,1455.80751366103,270.611741802631,1643.56941139125,118.873690811274,358.330021219347,1.70908526421807,8.57907440198061,4.24870683272211,30.4498144706354,4.06219892778709,3102.0391991108,85127.8019777265
30.5501152721523,0.211222017670596,1461.18644883399,269.11386755522,1650.21904875493,119.381382822412,358.859790975453,1.74844254011651,8.69082166789204,3.74433685609127,30.8106750004471,4.02366887311425,3111.72528892132,84548.1362632875
30.5467394135441,0.208846867849712,1466.42631608225,267.423616429032,1656.72732100818,119.874646422827,359.253098394314,1.79999141684179,8.79118943079345,3.2537998007948,31.1776244042563,3.98638181610213,3120.94025341006,84014.6008269871
30.5425318758147,0.206312762513542,1471.45600836272,265.531177297703,1663.01811620956,120.346455903291,359.494489478871,1.86696203116011,8.87389190078774,2.78439299959213,31.5477524925915,3.95142041110995,3129.53904516817,83599.4134276096
30.5354281943725,0.203633816814896,1476.19019968589,263.437480900548,1668.99640126816,120.787711547546,359.567247061509,1.95259508928591,8.92988581330989,2.34648797173438,31.9173817130672,3.9203072013492,3137.35427678121,83405.972930884
30.5249994886125,0.200843643963372,1480.43490116357,261.142548211988,1674.44379689574,121.179967841936,359.429814785533,2.05945719320342,8.95004391341119,1.95191039878748,32.2798331637354,3.89475881136094,3144.00158532923,83329.7114540037
30.5122290210108,0.197989967483256,1483.90191468594,258.639088304664,1679.03901657107,121.497518830534,359.018294661663,2.18809852598408,8.92807376328648,1.61056701123493,32.6252694793368,3.8762760404514,3148.90752145407,83296.2770499357
30.4986788469709,0.195122229211957,1486.39104068187,255.927479822622,1682.56299708457,121.72289313998,358.290818005696,2.33512014177254,8.86102764001874,1.32778772991908,32.9447106270443,3.86582189786363,3151.68339528733,83304.8063967487
30.4854524156253,0.192279363803779,1487.89735700841,253.025031892429,1685.01483772858,121.855832035285,357.252971220207,2.49263123403001,8.74991164642463,1.10299161082323,33.2332723150776,3.86353632430844,3152.34079894791,83385.7505901094
30.4720446200327,0.189482471294821,1488.55055260978,249.955757044149,1686.53619288286,121.908112751132,355.94170857564,2.64988891408695,8.6005122919138,0.930800901923799,33.4897416920005,3.86864539177047,3151.15580590404,83510.4173510333
30.4558654373833,0.186734317461643,1488.50367232494,246.735623800128,1687.2829258919,121.894047035024,354.397575845455,2.79601413351054,8.42292167043964,0.803384277160048,33.7146563326884,3.87964755622292,3148.43326863518,83657.2897313289
30.4333807606018,0.184021502502998,1487.91076479621,243.374614091625,1687.40691269464,121.828383497262,352.659027752916,2.92350148540135,8.2297942583028,0.711367608402494,33.9094460406237,3.89462133097238,3144.46984433918,83721.4485663519
30.4021953397745,0.181316344784479,1486.98475359604,239.889424050226,1687.1325877195,121.730712557377,350.776462694555,3.03176528677483,8.03354660051948,0.643886942460082,34.0774455025111,3.91157859697025,3139.68846474441,83556.3223480472
30.3631646871741,0.178586606186471,1486.0809226402,236.320869699739,1686.85899912839,121.631651702794,348.836103144117,3.12659499288912,7.84096106291958,0.590272130210714,34.2267558776455,3.92906995036313,3134.82611014599,83295.4773405589
30.3207654857685,0.175807866574072,1485.63802234455,232.730781391717,1687.09249973962,121.567603031976,346.948251139466,3.21657638657418,7.6510567219273,0.542045527990036,34.3698970096642,3.94650917329297,3130.81471709938,83029.7284357357
30.2807946291264,0.172973012697576,1485.92055559764,229.166729838511,1688.14631925174,121.559775799434,345.183621273878,3.30942092610309,7.45859755297372,0.494492717449718,34.5182475333326,3.96399968068244,3128.23288628564,82777.268415986
30.2477092164524,0.17009249270838,1486.90481619762,225.642534871622,1690.00300864084,121.605410609805,343.54380863649,3.40906148691592,7.25840626150159,0.446707573710538,34.6777986840535,3.98195864510465,3127.0558887718,82529.690981697
30.2234603173299,0.167184099830953,1488.37911824705,222.144628300738,1692.42450900285,121.686514543197,341.983402587816,3.51542156499613,7.04770475887069,0.399985475911027,34.8492329075495,4.00076693966884,3126.85621367999,82289.7230068585
30.2078264481323,0.164262598678439,1490.09715450175,218.647866698744,1695.1269655956,121.782626924767,340.445836981441,3.6259616638389,6.82628158703528,0.356072451677256,35.0303050891096,4.02060045510391,3127.12141766428,82058.9248011238
30.1994243092128,0.161337917536021,1491.86826892855,215.129811378157,1697.88642563184,121.878171943996,338.886449167235,3.73684009298598,6.59524870024788,0.316441662922957,35.2180071062968,4.04148016848975,3127.44850042123,81908.4632005926
30.1963866440702,0.158419854922717,1493.54666859642,211.576013330149,1700.52967325273,121.961528174531,337.272623862632,3.84298427238671,6.3559631605776,0.282344618380486,35.4089181451521,4.06340521233551,3127.53073820287,81956.6907661038
30.1959578618199,0.155520228191076,1494.92689248673,207.970987243939,1702.81723747802,122.016583016476,335.559233327097,3.93964900616706,6.11122073901222,0.25444323478318,35.5969804661053,4.08631999826728,3126.94445917608,82109.4468013726
30.1939207743171,0.15265096557904,1495.71348883204,204.293250054147,1704.40949268387,122.020281975479,333.680669560171,4.02416966086021,5.86588244981957,0.232578649072481,35.7726453014919,4.11007980393933,3125.08496335224,82286.870038095
30.1854688668791,0.149822220671394,1495.67074252584,200.530366715861,1705.03681954603,121.954651270532,331.587193947649,4.09469319218343,5.62430920831743,0.216338801079508,35.9264107151023,4.134599057252,3121.47649303988,82688.5364400281
30.1671600266557,0.147047484463436,1494.64822976564,196.683669708399,1704.52818268051,121.808797151378,329.255063795487,4.14636444354712,5.38848442554551,0.206334247938845,36.0496191331501,4.16006194270353,3115.82863325851,83715.3351956281
30.1397751923661,0.144345522423799,1492.22959698537,192.728713640559,1702.41177577416,121.550894424712,326.611079394179,4.17227881761519,5.16289233749908,0.204108509932819,36.1265069486117,4.18672001774508,3107.31189878695,85091.4730742785
30.1107869381145,0.141734847928635,1487.58461911434,188.594663559263,1697.74721276219,121.11681086735,323.50545747552,4.16726496922395,4.95804621271964,0.211298610046352,36.1302826866172,4.2146463113976,3094.25318654668,86565.1774364893
30.0925714092346,0.139221477049403,1480.04189493453,184.223103667771,1689.77661469857,120.456131819636,319.837493122962,4.13052202144108,4.78570285522723,0.228953780734866,36.0345725924269,4.24373538953791,3075.31454808907,88066.3973972852
30.096404855742,0.136807671502791,1469.72792894492,179.645877023132,1678.64659089396,119.582868755515,315.690219006607,4.0593803018521,4.65479249977086,0.260480832454017,35.8268295417238,4.27349471058588,3050.8096719562,89600.3780158524
30.1257398405494,0.134538680126948,1457.55356918858,175.016161455788,1665.37808170297,118.575089883103,311.347133906151,3.92948527777906,4.57882098173058,0.320303506654294,35.5132412493406,4.30173386323969,3022.69944262971,91154.6918824532
30.1739887890562,0.132532460033422,1444.57531812792,170.556716815602,1651.12797239598,117.524449318078,307.177831089139,3.69950884609715,4.5842503394959,0.438602293584442,35.114451250076,4.32365968280698,2993.29286785023,92713.3682905179
30.2296224738168,0.130935625056724,1431.44440295981,166.460949510056,1636.57659822892,116.48750381261,303.486356021824,3.35736852408311,4.69219227292728,0.660392273660833,34.6542969151239,4.33513275201649,2964.07147234764,94298.4599533254
30.2832228823618,0.129879699157292,1418.43762616244,162.879606018108,1621.99149460806,115.480829265153,300.441993356066,2.95169035961453,4.88768064334825,1.04203861236488,34.1492536505234,4.33758667499652,2935.71411346256,95924.8890085172
30.3310482505574,0.129504200468797,1405.72570314361,160.037838261683,1607.54490579349,114.500004547289,298.069260530412,2.57355365986737,5.11577821161198,1.62858182912372,33.6053740797162,4.3386447681699,2908.68390311378,97484.8535457331
30.3741992989556,0.129975904961429,1393.46692663817,158.277763420876,1593.41424558927,113.53584449293,296.268972691703,2.28985867450837,5.31675397646806,2.41740960806124,33.0254748339715,4.34659385788518,2883.44836969183,98904.8032153443
30.4153080769519,0.131384478927442,1381.9023409555,157.88471734187,1579.88862867607,112.596722167814,294.90871089531,2.1064033151623,5.46651720348549,3.34594502589409,32.4224634818356,4.36384800963969,2860.59131486011,99695.2445977006
30.4559935057887,0.133565177271245,1371.72355490812,158.910929656312,1567.79693381156,111.743848847014,293.954326562369,1.99627091849604,5.58064168468059,4.31197274024911,31.8278745209392,4.38595259816856,2841.45404033861,99472.1591858875
30.49681032135,0.136198318465742,1364.2199927925,161.164894975427,1558.67808836042,111.096369426865,293.51560305072,1.92975891371,5.68485098213369,5.21139179148225,31.2863459196144,4.40619550223613,2828.423693097,98895.0730688021
30.5381032684779,0.13906956666075,1360.30854807482,164.311561272227,1553.65009265919,110.742563315162,293.653192822621,1.88547542307773,5.79588926140799,5.96807754649062,30.8356609974486,4.41961810325724,2823.06287946113,98195.3434494247
30.5799265395329,0.142056762096126,1359.88796581267,168.030553694315,1552.64101692339,110.681662258351,294.278169537329,1.85157768790191,5.92138334943358,6.54944706749812,30.4896661719135,4.42416676626228,2824.93651316035,97525.0462953251
30.6199775712497,0.145076832888457,1362.26897466263,172.102428539807,1554.86988169023,110.858442815278,295.254032556169,1.82244229662016,6.06060087446144,6.96332701207252,30.2396456410057,4.42050132856257,2832.52589878376,96999.8070654604
30.649156640162,0.148025107823936,1366.59282346298,176.316561222679,1559.33485453019,111.201065136786,296.44512330273,1.79612150529654,6.2098576486665,7.23524166538166,30.0650404454838,4.41047531373235,2843.97783721386,96497.6810138438
30.6523355511222,0.15075839595834,1372.0652040462,180.415643514782,1565.0984491871,111.643198205881,297.722698732648,1.77248429915238,6.36663039025465,7.38942677734314,29.9435616959052,4.39585059908331,2857.51973435564,95992.7399483233
30.6170949865648,0.153154341198392,1378.01063428407,184.172229840352,1571.36823852453,112.12904976973,298.959915362983,1.75226623930238,6.53101251659488,7.44111233784266,29.8586956855529,4.37762573756503,2871.63219897439,95324.5719605697
30.5402065519585,0.155156493785103,1383.87697197884,187.452043578926,1577.51341037353,112.613790297856,300.039344419891,1.73670749360072,6.70635068807062,7.39499000364534,29.8031465046127,4.35577394052287,2885.11971790963,94356.3656558998
30.4277524536796,0.156776819623427,1389.65110686833,190.266997908232,1583.54048084054,113.09705889446,300.963799474388,1.7258761296182,6.89366713322909,7.25038634692672,29.7799643399965,4.33000457287065,2897.98864722825,93364.6375195118
30.2903951272816,0.158064086714831,1395.71365536556,192.72788931238,1589.91541060195,113.610568630326,301.834294773389,1.71892143506524,7.08936343123738,7.00727377695624,29.7975961125438,4.30038826259487,2911.11766683487,92451.2679918893
30.1379432821949,0.159070316936252,1402.27623794009,194.933192125106,1596.90432600836,114.171921848925,302.716167471352,1.71573529036052,7.29027373993099,6.66933240397484,29.8607032984199,4.2671624433837,2925.0348008724,91489.5151391125
29.9778084596316,0.159823965588129,1409.26336444852,196.915999639804,1604.43391146742,114.77498387976,303.601714127001,1.71734103814193,7.4963667785561,6.24473213712634,29.967951409593,4.2304600988791,2939.6318372685,90340.8583127657
29.8172825886507,0.16032317899639,1416.61360152695,198.668223848753,1612.44141597564,115.414277798012,304.475847494575,1.72490452769921,7.70711200485615,5.74792666913705,30.1172486420315,4.1905085854068,2954.78593085205,89209.3404694842
29.6646256900689,0.160549221140127,1424.37969507097,200.174021512141,1620.99321247861,116.093065103591,305.343777897484,1.73951123756152,7.91925141017068,5.19881158399672,30.3083820538518,4.14779600700408,2970.59075632551,88174.9742632425
29.5265056987499,0.160495047639941,1432.51359823031,201.418840490534,1630.0359125136,116.805720869281,306.191046404108,1.76285002956496,8.12747361441362,4.61909491133586,30.5396466586981,4.103188652606,2986.93736175015,87343.843837042
29.4058327500948,0.160182787157156,1440.74411040928,202.395940950045,1639.25226142003,117.527428818689,306.962027387881,1.79758710368994,8.32360186416343,4.0306388064497,30.8046528636923,4.05824335255663,3003.27492929899,86828.8810716983
29.3022983926906,0.159656984974869,1448.56768342417,203.099692685776,1648.05055108323,118.213781463803,307.55428814553,1.84781494082012,8.4992679964352,3.45234904854239,31.0904843516583,4.01494077887468,3018.58555443345,86467.7222625455
29.2141697349397,0.158967067491394,1455.41623462857,203.523710957582,1655.76060238437,118.814905453418,307.850383035874,1.91905882489213,8.64729068809223,2.89885750808518,31.3796596504065,3.97537428172021,3031.71756724908,86170.8737804942
29.1396267466496,0.158151733856626,1460.96556365416,203.676168955382,1661.9932399984,119.30065607163,307.784999040013,2.01732115575388,8.75869632541615,2.38343317213969,31.6565012393862,3.94179234932091,3042.01605631483,85992.373847648
29.0771863246545,0.157241854821037,1465.20582285764,203.585996515293,1666.72486772581,119.66632197718,307.36197674542,2.14755730718593,8.82129376161339,1.92059869475011,31.9104309749071,3.91660194189401,3049.47210861004,86031.7653718671
29.0256161078721,0.156273453964928,1468.22495561507,203.287507284091,1670.05038662202,119.91539793816,306.607559821589,2.31168947179018,8.82339148350307,1.52385826574733,32.1334537865681,3.90198578987865,3054.28205923984,86179.5760261781
28.9838704591861,0.155291699974079,1470.04586581067,202.805053184036,1671.99603788734,120.047186627321,305.535275738646,2.50596125148383,8.75838066103916,1.20086971765471,32.3180062513267,3.899368767195,3056.51254104933,86368.7101767035
28.9512151051476,0.154332538092017,1470.72403224534,202.15443613451,1672.6294132115,120.065872275777,304.165683639186,2.72019534679359,8.62832966706032,0.949372197613146,32.4591272752642,3.90876945530375,3056.294173279,86391.1380425785
28.9274087076056,0.153395067445881,1470.54799924815,201.349923493678,1672.28791930509,119.997321841581,302.568559948795,2.94209686458729,8.44476412525368,0.757974570648054,32.5590761865119,3.92842518776393,3054.22404389195,85998.6910386856
28.9128676853478,0.152444703418233,1470.22303742397,200.42706488267,1671.78665656856,119.903158009295,300.911006330975,3.15707733597585,8.22173892912829,0.615825555325601,32.6326879844182,3.95547019152258,3051.74990167399,85466.8998161781
28.9084467078352,0.151440905874077,1470.67121426471,199.442940536938,1672.18704055056,119.8638863762,299.417963242902,3.34527127295105,7.97415540998762,0.515970901747597,32.7044920724387,3.98634124051081,3050.7724629241,84948.4344110312
28.9146974613263,0.150365956530112,1472.39946091993,198.435151694197,1674.07153294308,119.926303054868,298.229004250481,3.48879037505858,7.71867217384616,0.45178813485113,32.7962950670197,4.0173698444929,3052.35220185487,84645.0879603088
28.9314619917934,0.149248291821582,1475.23871190034,197.419133731876,1677.2413409265,120.080646340585,297.339167729736,3.57719020843154,7.46988642108243,0.417335651926004,32.9174114925027,4.04589676376758,3056.18251727758,84804.3829301376
28.9579858190286,0.14816967913078,1478.39212845897,196.404345139544,1680.76773644107,120.264152887699,296.61560909176,3.60726422234072,7.24101927777289,0.408891594449131,33.0608785293525,4.0704306166943,3060.69761067258,85180.6110066396
28.9932522417798,0.147248169078902,1480.74882231448,195.410348827431,1683.35206031241,120.38735582337,295.870567131891,3.58045070649379,7.04529892944812,0.425240306321563,33.2077902517342,4.09022029361383,3063.71254508174,85603.1157734286
29.036447547325,0.14659881398629,1481.48211086018,194.486371494487,1684.0192857801,120.383465595443,294.982021217587,3.49916099686845,6.89083414743542,0.468049589108647,33.3391666215537,4.10525221335058,3063.63003231694,86443.6179390511
29.0866949878254,0.146332558779751,1480.17124479682,193.715773321589,1682.2665047196,120.218107264412,293.913540914291,3.3622439156269,6.77586149838085,0.544948828827752,33.4388072088274,4.11672331300731,3059.68988133431,88348.2317207216
29.1401449180331,0.146569699485981,1476.06752550702,193.153922380087,1677.24182834807,119.829998858798,292.54721914305,3.17452313309701,6.69536516707242,0.667069320074146,33.4778275042982,4.12702150024197,3050.47654267984,90743.023601562
29.1868776465118,0.147408528795023,1467.86872491307,192.774631496814,1667.50837580047,119.113261204759,290.611472190972,2.95940029174937,6.64343695342261,0.84261259582265,33.4078601488987,4.13977691356649,3033.43729630883,93231.6299328878
29.2136087263826,0.148848926360454,1454.86350014136,192.519363377197,1652.34089855389,118.010806110201,287.904797697153,2.75165259852136,6.61008555321376,1.0706113864949,33.1848669556554,4.15889107252957,3007.16719288194,95447.6667276062
29.2110507989864,0.150751345040984,1438.12164656037,192.386851255893,1633.03774685223,116.610846762061,284.552604507225,2.58000929556034,6.58534813745475,1.33671266743138,32.798832440775,4.18624292447362,2973.79518183806,97086.8359764709
29.1802926745655,0.152897774248199,1420.37171972377,192.467871024364,1612.73006231162,115.135092379695,281.021214247777,2.45185743729997,6.56129536182814,1.6204043355423,32.2821248010683,4.22095810343106,2938.74378008804,98529.4745391648
29.1315554343322,0.155089709182661,1404.33044847677,192.857105928362,1594.47206200166,113.802103673287,277.810325427045,2.35779556071447,6.53312924501671,1.90550463918113,31.6877683909568,4.26056082574042,2907.377253891,99900.1949735023
29.0763563919862,0.157198590548144,1391.11114314917,193.536974252989,1579.47198130586,112.700461105283,275.133468323247,2.28759036410046,6.50409784634365,2.17981981890123,31.0609843228198,4.30196027884782,2881.81677120271,100832.579508562
29.0223830866984,0.159148340118383,1380.41980735541,194.383334007059,1567.35350386515,111.806986971482,272.941541194272,2.23627305136673,6.48507924800917,2.43014468946896,30.4332461225838,4.34184046973286,2861.35850762459,100998.664980665
28.9745233126004,0.160886906035595,1371.63118654696,195.2505236156,1557.38216453089,111.073189761556,271.129700577769,2.20040579684612,6.48384056631041,2.64646105720654,29.8326646067456,4.37753867614107,2844.65435804533,100844.873439508
28.9368389615292,0.162372322667431,1364.51203138507,196.053168759528,1549.2764529084,110.482140956248,269.670862916777,2.17574475204101,6.50119097917089,2.82518881266438,29.2858421104436,4.40745303099658,2831.17972433914,100507.628966122
28.9117653325721,0.163587464288074,1359.1815983367,196.782055427103,1543.16302151088,110.044222809264,268.594907635884,2.15799332913345,6.53421222110428,2.96682413808681,28.8090422783408,4.43108251947801,2821.15892640202,100215.489214881
28.9007282635327,0.164550825314282,1355.69352809563,197.464278556651,1539.10081795011,109.762837483129,267.905551690458,2.14404413098074,6.57677027414751,3.07208701964361,28.4032530740573,4.44923767674269,2814.71107063712,100161.009267914
28.9080204610965,0.165296514503753,1353.70169227074,198.102900808551,1536.69512394689,109.608456483469,267.512734334622,2.13495539962095,6.62412921980516,3.12902590936643,28.0557871950386,4.46330405289439,2811.14165298359,100092.798185105
28.9413997301052,0.165853720214958,1352.59642816337,198.665684560289,1535.24931265704,109.530271070215,267.265246513212,2.13564083922542,6.67352874096182,3.11329253375572,27.7482749080225,4.47471114367779,2809.20349165034,99965.0806877857
29.0066380298553,0.166215352679765,1351.97680688045,199.111640817806,1534.30732048518,109.494974577908,267.05330859382,2.15202290886614,6.72562609217804,3.00291549853419,27.4685912409727,4.48405622410113,2808.0573289054,99262.7361576375
29.1020967434557,0.16632102249181,1352.07924398821,199.421372469574,1534.15161953833,109.522069765146,266.897274410727,2.18916313688708,6.78643763033843,2.78997762916409,27.2205357873458,4.49027986990609,2808.15085512375,97613.4503287292
29.2173446707358,0.16609614457827,1354.0575572133,199.663710947217,1536.12581985736,109.704822484253,267.016259646106,2.24754930060835,6.85465321384285,2.49537074419922,27.0267089804372,4.49228390584094,2811.83013932957,95848.6573634526
29.3383189653893,0.165496495837416,1359.32462350136,199.967770368625,1541.87301364217,110.156055791385,267.697282764875,2.32382604349699,6.91930838110474,2.16138990476959,26.9143285580818,4.49007526669139,2822.00957515153,94220.8318101218
29.4546239008905,0.164539600452334,1368.45710986136,200.413018634565,1552.07009818624,110.919886845971,269.065968631128,2.41517119314284,6.96857194719129,1.82862791847817,26.8951820350903,4.4846860394548,2839.90768778849,92827.5644081793
29.5617288740548,0.16330003111496,1381.01087957177,200.99839358991,1566.21247843336,111.957091438549,271.044381993319,2.51959380169571,6.99179671358837,1.52567826573443,26.9614362074351,4.47811471563934,2864.65261225061,91732.0873421446
29.6580327269918,0.161873816390565,1395.78346299586,201.642134620111,1582.92364800075,113.167446784198,273.396360165019,2.63507971605952,6.98254632159841,1.26670515208654,27.0925087552549,4.47248290907403,2893.80579921108,90796.5780875358
29.7420114628478,0.1603486035069,1410.62865890843,202.128522300591,1599.75616516378,114.375301184516,275.692773806318,2.76050315190623,6.94001912885746,1.05464584127162,27.2635869305985,4.46933249435116,2922.9694247884,89960.2114935646
29.8122268389765,0.158785814091289,1423.46828313448,202.232681409072,1614.34358619052,115.411720887909,277.516285571701,2.89406259288194,6.86844609763787,0.885820643552212,27.4533843072578,4.46926724390188,2947.87614068773,89096.8537335332
29.8684012144151,0.157208821954051,1433.57255561407,201.88138992531,1625.8528622779,116.218161166878,278.715152073329,3.03223773877372,6.77537620438812,0.752277626330586,27.6497381562001,4.47188741618132,2967.02749395127,88081.5245780352
29.9122649809762,0.155607900130353,1441.49932453801,201.141879646706,1634.91111283794,116.840600653695,279.395410688777,3.17088195155369,6.66674299944361,0.645425683842776,27.8515990923479,4.47638571262894,2981.56381223771,87076.1495411613
29.9472396748266,0.153959212490393,1448.31861013359,200.132886877831,1642.72308620413,117.36608309251,279.769422440354,3.30614457968212,6.54509692821731,0.558459314316613,28.0650097701084,4.48203573723454,2993.67069873812,86154.1584894873
29.976944048933,0.152246757007062,1454.8561232153,198.947714389635,1650.21524760907,117.861598612938,280.004830668221,3.43529019577418,6.41183767161539,0.486821812969837,28.2954144185485,4.48832278521019,3005.03518277223,85322.6763439806
30.0039646418039,0.150470965091946,1461.43509930129,197.631535525902,1657.74644323672,118.353559219344,280.17260762599,3.55655737170848,6.26870468754357,0.427486339389449,28.5436360899985,4.49495971938849,3016.32407526098,84574.0013631797
30.0295777277789,0.14864020036798,1468.00652761769,196.192055931335,1665.25730316919,118.838413048583,280.271583367601,3.67035900971621,6.11734171908711,0.377564108420178,28.8064002739381,4.50191405344906,3027.44887152631,83902.7081253543
30.0541372644754,0.146761457908224,1474.37485232987,194.619041811189,1672.52544706617,119.300607236298,280.271703596815,3.77969455188618,5.95787200743841,0.334260474078121,29.0785328084327,4.50948330830187,3038.02232832989,83303.2811985527
30.0776030072059,0.144840727537582,1480.35433863883,192.902252840582,1679.34077839267,119.725126333583,280.143959622722,3.88748018920558,5.78901849407933,0.295850601715179,29.3547843148121,4.51817150356334,3047.67677332669,82767.3792238846
30.0999940859686,0.142885405920885,1485.83257913804,191.040335418334,1685.57623036808,120.102907811345,279.872340078475,3.9940546784819,5.60977467582156,0.261886166150543,29.6307821294722,4.52839203928668,3056.19435091075,82285.431285318
30.1218355228939,0.140902436663546,1490.77421382321,189.038793568304,1691.19247281747,120.431552964789,279.453796866567,4.09680879830442,5.42100827363559,0.232675423050555,29.9032957833698,4.54021762219711,3063.51315917451,81854.493463072
30.1443296707279,0.138895120854277,1495.19711711139,186.904474439625,1696.21174808618,120.713590738393,278.893087465494,4.19173809547149,5.2259744537337,0.208503765037864,30.170100185902,4.55331097838179,3069.67696275949,81471.085088034
30.1689333666403,0.136863873944285,1499.14276655348,184.644891019002,1700.68357277494,120.953802602291,278.198096654617,4.27586659498034,5.02929808371008,0.189119115250505,30.4296857058553,4.56708982995019,3074.77626588508,81136.4339206933
30.1966222428452,0.134809380618837,1502.65342249429,182.270119523696,1704.65753913331,121.15690332956,277.377468302366,4.348469428658,4.8353050618604,0.173779770121814,30.6809524328462,4.58098993420444,3078.9045446572,80855.4721942538
30.2270479287077,0.132734047602688,1505.75655425366,179.792296978551,1708.16521058193,121.325979220044,276.43920956062,4.41096070102352,4.64688087591435,0.16150988320395,30.9228802457742,4.59465422416641,3082.12759471269,80616.3868765968
30.2581967485356,0.130641477867546,1508.46392587981,177.223705353774,1711.21951822422,121.462367058259,275.390827101043,4.46592435377736,4.46513897469026,0.151385735325427,31.1543927367062,4.60799079409673,3084.48083750832,80409.0304913506
30.2871969158724,0.128536150018373,1510.78728851702,174.576849641157,1713.83303070144,121.567069492925,274.241209864028,4.51557510383849,4.28978564430298,0.142781343337457,31.3745661924646,4.62110401612127,3086.00005420163,80259.2585432037
30.3115408944804,0.126424463428354,1512.73705397474,171.865040075245,1716.0165800547,121.640892957908,272.998853208647,4.56063322466415,4.11999386920963,0.135467349920761,31.582549057451,4.63416645946926,3086.71864376982,80220.6535723982
30.3297603558359,0.124315933908095,1514.28085925491,169.100326380534,1717.73211490964,121.68136706178,271.662532778647,4.60069633621567,3.95579264020172,0.129451069815061,31.7765474526579,4.64727713761501,3086.58404287869,80253.9281624352
30.3413719060565,0.12222245088414,1515.32875083893,166.292127670668,1718.87592621588,121.681703478433,270.218261835972,4.63529075879489,3.7987362945281,0.124736990992703,31.9533087117773,4.66039715514129,3085.42767449815,80320.1611090135
30.3464925342894,0.120154247708921,1515.79790987718,163.449519690163,1719.35259480576,121.635916344134,268.652411923678,4.66456088709863,3.65101756716825,0.121192781439041,32.1094128407967,4.67340219509828,3083.09448325542,80414.0937819762
30.3456546575149,0.118116483880014,1515.67919361559,160.583222920519,1719.15041799542,121.543878354446,266.964859625428,4.68933724741889,3.51421056411855,0.118568184616571,32.2426684429596,4.6861841138245,3079.57489948783,80552.1419154031
30.3402313130051,0.116108021965059,1515.02944433562,157.702257883262,1718.33090151992,121.410319975734,265.167652873096,4.71126851635367,3.38857807166631,0.116489470171982,32.352164378283,4.69875175616255,3074.98536740809,80719.7653272305
30.3328929745082,0.114122253732618,1513.93433644605,154.810281892103,1716.98483489814,121.241600112644,263.277983758853,4.73264236272317,3.27287121029131,0.114540461163327,32.437611629411,4.71130053908185,3069.4909337036,80902.6336439966
30.3270614212627,0.11215015003397,1512.49727656899,151.907890917533,1715.22106411416,121.045015894371,261.315951976713,4.75534300014035,3.16470520686994,0.11242899272617,32.4991257223085,4.7241686033626,3063.28654456351,81101.3851950546
30.3258179472977,0.110184417176657,1510.80989480266,148.995349769944,1713.13661624399,120.826945885356,259.299686484063,4.78012553063136,3.06144202585877,0.110070352211501,32.5372263620816,4.73770689998177,3056.54537933037,81326.2868058543
30.3312634559591,0.108223398305906,1508.91958819938,146.07572922085,1710.78373688326,120.590760849551,257.241157451078,4.80675286000484,2.96107843545787,0.107536431890613,32.5526062873286,4.75216600158268,3049.36269533693,81566.8934084751
30.3445368595816,0.106272404014721,1506.84209344956,143.158872063546,1708.18580634439,120.338049654781,255.14990598844,4.83452822480748,2.86260007862576,0.104945820926112,32.545928641982,4.76765988666806,3041.78595013427,81813.0149950987
30.3660694076584,0.104342212032595,1504.58627083754,140.260635586341,1705.36287738094,120.070405181336,253.037493517998,4.86167745489234,2.76550650024252,0.102566956552972,32.5177419744322,4.7842321208204,3033.86016450091,82223.7200967406
30.3956916196209,0.102448280985825,1502.07555118326,137.392378519843,1702.23852906465,119.783038654395,250.903483104556,4.88251247465712,2.67025657497142,0.101388413433265,32.4665793457686,4.80188541353002,3025.46282672559,83093.183737698
30.4318913025199,0.100606516750208,1498.91281171948,134.536375053373,1698.37191040521,119.446799938907,248.693806687813,4.88568857681372,2.58355981208952,0.103555577874531,32.3840381177414,4.82010837478895,3015.82591356365,84221.3756272133
30.4706406624751,0.0988249939015433,1494.3336748579,131.63512071906,1692.90571545495,119.005631515864,246.296375643931,4.8570454055751,2.52321455936872,0.111793503813172,32.2537294682446,4.83725152845309,3003.4409318166,85417.8071573597
30.5058645391318,0.097096096735958,1487.69795953563,128.628483992765,1685.12159358655,118.414962090849,243.629199720561,4.7879334428067,2.51286632197521,0.128487982087671,32.0594834748754,4.85082358614081,2987.04448395538,86553.2063443506
30.5317538191635,0.0954110824830312,1479.08039727977,125.516120163312,1675.10622969551,117.686500631185,240.743093584339,4.67444700906706,2.57266500772063,0.156929785111583,31.7953615717219,4.85829340003754,2966.81169036046,87524.5405702476
30.545315485126,0.0938062845755105,1469.3397486861,122.407650410613,1663.82880436827,116.893463814925,237.856372576571,4.50155288133103,2.7189003798291,0.205868748997293,31.4707589954186,4.85689776908077,2944.54112063422,88411.8709871961
30.5471376562522,0.092392043009411,1459.54803213401,119.503025172799,1652.49418927563,116.12636737635,235.28238954136,4.24245894938594,2.96952624878541,0.292725692994479,31.106651824159,4.84309633467032,2922.54448451024,89328.8706743203
30.5394848146057,0.0913252703774616,1450.30403791256,116.997431232102,1641.7671724791,115.436351455069,233.284678205835,3.88113962068028,3.33520550110321,0.446183442696905,30.7235077196892,4.81447872016889,2902.22183389896,90665.2164701016
30.5234562360931,0.0907838027660421,1441.37915650716,115.032338493132,1631.36887604899,114.80153832589,231.956693374949,3.43401939620708,3.7993605868029,0.709968672184775,30.3285622976691,4.77321910571925,2883.29225166721,92725.6043267832
30.498592558946,0.0909621959454252,1431.67924159386,113.765236345598,1620.0095251571,114.117281098843,231.14414886543,2.97283038156768,4.30539631337742,1.12873364786395,29.9104153707795,4.72810787443278,2863.70139726754,94905.2854123871
30.4655950781262,0.0920499360930832,1419.91253571542,113.44565636902,1606.13256749915,113.251293412677,230.519147870227,2.59385406776272,4.77151842321288,1.71123370700093,29.4499002643555,4.69174166064587,2840.94565200218,96915.9424973278
30.4284588846687,0.0941594535972541,1405.92498464621,114.345516370624,1589.47221595145,112.167405138171,229.856083798475,2.34005473258767,5.13911769852299,2.40648235303769,28.9430856821724,4.67235045766224,2814.70520397526,98464.6487271486
30.3952489132218,0.0972152731864802,1391.28415225419,116.598285292063,1571.77694187607,110.986478965661,229.209237407926,2.19183874512665,5.40291007690223,3.12339030072786,28.4117319760873,4.66904641007322,2787.97635300721,99348.2114635024
30.3797435802873,0.101003166307427,1378.35651878017,120.093157338188,1555.78799678379,109.910608815664,228.80070723084,2.1089332799217,5.59076874003299,3.78150432119496,27.8913399405858,4.67547832759501,2765.24207043995,100076.229130112
30.3990070027042,0.105328636117248,1368.65722171081,124.531089462508,1543.3302044968,109.079510338615,228.758750480424,2.05920362722603,5.73440844086448,4.33959381982955,27.4081492357905,4.68539018470531,2749.26556120711,100822.380450824
30.4642135658405,0.110007966859669,1362.03360640988,129.587167556457,1534.32001489565,108.494920642482,229.007432099851,2.02557008899144,5.85775715458874,4.79004494987846,26.9658254893361,4.69511936676748,2739.56937314909,101555.809006831
30.5716572656935,0.114883212531634,1357.29772398068,134.991827773754,1527.45404754472,108.067997190634,229.369682605526,2.00195116011026,5.9746450808079,5.1380073520945,26.552119332988,4.70351863264251,2733.69704319316,102084.97162848
30.6966203366963,0.119776779592185,1353.24867681287,140.45778438284,1521.38541678028,107.704047236922,229.693756317679,1.98760697023468,6.09133319274513,5.37905344499081,26.1542864091123,4.71059469901145,2729.13971289824,102326.62938974
30.8028279750753,0.124460189108496,1349.22772218448,145.663977575615,1515.3761955149,107.3502132985,229.902386018182,1.98332810576443,6.20977357740985,5.49622562969266,25.7688963965771,4.71638341884608,2724.40217843631,102290.957429804
30.8658659209776,0.128732084679303,1345.33849089467,150.390667361146,1509.55289936342,107.014464811081,230.012073502476,1.98927215053944,6.33298481528564,5.47314282892744,25.4025242839821,4.7201313762859,2719.52876999014,101765.459012118
30.8842452184675,0.132481397719173,1342.32271800295,154.588947429793,1504.76465504589,106.75587421337,230.128377879163,2.00410530013136,6.46566821431928,5.30647088616814,25.0689512633797,4.72041032860184,2715.92257524231,100794.615148178
30.8728285969586,0.135686614272015,1341.21095123821,158.348513565456,1502.18345020192,106.655618765148,230.422519787699,2.024869444325,6.60584689257882,5.01465220653709,24.7847584901732,4.7165940354768,2715.65809623943,99983.0230190478
30.8480357412456,0.138380726620892,1342.63779180066,161.795692583143,1502.52554817958,106.7620559951,231.025066870339,2.04941828871001,6.74448078091818,4.63025544988029,24.5598002965808,4.70945825631686,2720.07477146562,99485.0265599933
30.8167218079666,0.140628530226428,1346.29447199168,164.994424393657,1505.43340683195,107.047731933268,231.913735062141,2.07912055216012,6.87212366270247,4.18412906897409,24.3887421431356,4.70069801915689,2728.62791224339,99248.9628115211
30.7760467258898,0.142493750990228,1351.1607337802,167.922614442507,1509.74403223711,107.428646111742,232.93188126508,2.1189021556136,6.98205224559801,3.70021793907334,24.2537704474366,4.69231249437692,2739.31572261429,99061.8660157367
30.7216702609376,0.144015727694534,1356.18120933818,170.511980734764,1514.25930801609,107.818921724528,233.890141149872,2.17491492903439,7.07057310258294,3.20180524613771,24.1345669431626,4.68598321810499,2750.02244013523,98848.9626410171
30.6544226289144,0.145208747552451,1360.78121675672,172.70841607882,1518.32905256435,108.171846549733,234.661408437634,2.25172348874861,7.13513968174711,2.71602087804788,24.0169909796987,4.68285777355035,2759.57098168387,98612.0386097446
30.5791316764752,0.14608015656703,1364.88520626293,174.499749046572,1521.86870800767,108.480540447443,235.208021017852,2.35116049939969,7.17246408197009,2.26817816628758,23.8952455362862,4.68372774855734,2767.79044597658,98400.980474922
30.4997526985561,0.146647434451933,1368.63976522729,175.905560641898,1525.04192154622,108.755060221215,235.551903201243,2.47220794832859,7.17730526495325,1.87576052793604,23.7686323615729,4.68940430811027,2774.97549016117,98308.9201449088
30.4148157074841,0.14693551271229,1372.12329311874,176.944004343878,1527.92859844034,108.999052920134,235.727135988629,2.61183209784376,7.14350074311185,1.54513704815009,23.6371573690007,4.70082005359634,2781.29441813815,98330.3085535445
30.3172143260588,0.146970174159501,1375.22305072168,177.611771415073,1530.38744365783,109.200517926615,235.748530583552,2.7662104154733,7.0658933862215,1.27355086382824,23.499107940306,4.7188735642415,2786.53063825003,98452.8420509976
30.1990029872918,0.146785296480183,1377.64495253003,177.892764450612,1532.07429210043,109.333702234482,235.59866910168,2.92954583651239,6.94156639024945,1.05603143161614,23.3509187412969,4.74422723021041,2790.10702103302,98799.2391831296
30.0552419617509,0.146438261235427,1378.88338257018,177.773682619329,1532.41648025706,109.357823212035,235.217023702916,3.09215658595885,6.77152626941743,0.888602589376782,23.1866742970419,4.77707717458934,2791.04413371184,99521.3988922236
29.8846044912024,0.14601613041675,1378.37310579821,177.28046881679,1530.79292538421,109.230115592799,234.529448886286,3.24283797476578,6.56319299959176,0.765572199366649,22.9968748744857,4.81688776588316,2788.29357785464,100467.324708362
29.6877181438492,0.145618562223881,1375.71047740863,176.488765102989,1526.78200771655,108.922814660577,233.491388519196,3.37363277832637,6.3280464725558,0.678733664361213,22.7704128734993,4.86264106416177,2781.17682001521,101572.791855183
29.4645307483111,0.145321507636059,1370.7433725777,175.482728965822,1520.24427532327,108.428264379177,232.102087056635,3.48083972565017,6.076594455112,0.620034613391885,22.4989580558518,4.91330660681118,2769.50958216211,102888.21601715
29.2106291032824,0.145150776290791,1363.29308872848,174.278965170339,1511.00276216834,107.736393233747,230.351852192845,3.56229385458383,5.81887318249255,0.585307122028076,22.1779184049904,4.96770951832903,2752.99559758932,104320.638893245
28.9126010355644,0.145063707289232,1353.15667022693,172.796687514674,1498.85808748395,106.837552007297,228.217901719931,3.60947249570976,5.5711813627001,0.578185507711234,21.8061985801449,5.02356886863096,2731.21969219824,105628.494253325
28.553082281832,0.144962950999231,1340.46374698328,170.925476533195,1483.99136352684,105.751662760881,225.724210758189,3.60897708345079,5.35768525296169,0.605801435476981,21.3888968554685,5.07710139062732,2704.39224793504,106748.505536919
28.1254202337578,0.14475881586998,1325.88498991841,168.645346199225,1467.17571827324,104.539587246469,222.98239584166,3.55863694696708,5.19745795044532,0.670808436611608,20.9381713715534,5.12484766813443,2673.82134069816,107836.767960182
27.6400623701537,0.14442633948963,1310.35879385701,166.065191894818,1449.45662034194,103.276784233679,220.159180910095,3.47376469601982,5.09241895676992,0.768152665101757,20.4685640972993,5.16571407330873,2641.40460558521,108941.179649262
27.1226385128798,0.144016899746853,1294.62009596482,163.377625404026,1431.63151110553,102.015876464808,217.414657159837,3.38331984940817,5.02721445090002,0.880777513266064,19.9932536256899,5.20125651995632,2608.70126873036,109761.180956799
26.6060732513942,0.143620605632767,1279.19682588456,160.792037714482,1414.25963815156,100.790174832338,214.891887916233,3.3140264921785,4.97875375976156,0.98547346523449,19.5254174171365,5.23420664453346,2576.88513190772,110227.052252129
26.1185838405262,0.143292316749967,1264.78040373463,158.474294507499,1398.08583728,99.6483654584829,212.736531676909,3.2747617516105,4.93166237782645,1.06711039089837,19.080085833938,5.26604762233412,2547.40299775711,110215.986866621
25.674856303698,0.143029797211027,1252.2904889102,156.529049028397,1384.10650431098,98.6607655684956,211.08548039425,3.25867102486169,4.88403591148175,1.12476547383831,18.6727895426864,5.29621173069527,2522.06837481172,109803.304709334
25.2703410560303,0.14281899142447,1242.6253067509,155.022886508471,1373.27259431323,97.8966011316563,210.036881155865,3.25025658968113,4.84177331895169,1.17024204911809,18.315694668266,5.32311961611466,2502.58488568441,109302.190112666
24.8870376614355,0.142659128450382,1236.2417425691,153.97983300227,1366.03233550899,97.3897885468751,209.609332381202,3.23481837335832,4.81271315465602,1.21789573960984,18.0134230992745,5.34530873121218,2489.75968433094,108788.405272046
24.5094194843462,0.142543981008045,1232.96058819859,153.359647068338,1362.15093498489,97.1251887709795,209.733548989052,3.20718079414439,4.80306806390231,1.27344288338699,17.7629188572283,5.36200162707217,2483.16091926098,108083.671746975
24.1344661956656,0.142454915395096,1232.31638302958,153.092661536843,1361.11486584395,97.0665670975606,210.310926614414,3.17168130741883,4.81445969536292,1.33075792780129,17.5585176140112,5.37324417231947,2481.83167389426,107174.697759735
23.7723266255601,0.142388122240847,1233.98054505126,153.144169079041,1362.59530022287,97.1886302762618,211.27318479307,3.13733351623435,4.84070927785525,1.37420581353052,17.3959679400966,5.38010948494307,2485.13874169314,106431.807081324
23.4366301947414,0.142360881011619,1237.63527496934,153.505881837472,1366.28533251636,97.4659127631295,212.556032126282,3.11388606796656,4.86974621216101,1.38692978286489,17.2702595763467,5.38454862337576,2492.49883585523,105936.115687195
23.1324056592685,0.142400888042186,1242.64483466787,154.138954035966,1371.50892074437,97.8467989504682,214.048353439274,3.10799449328643,4.8890271785779,1.36185329012501,17.1720642079948,5.3888356411249,2502.68230333656,105740.653980018
22.8578528418365,0.142529726740569,1248.09503570239,154.95690816627,1377.25758057382,98.2577496322098,215.599314960943,3.121142140099,4.88939531186288,1.30575858508753,17.0881205454659,5.39499546649697,2513.87117833312,105802.858359779
22.6185707742041,0.142745949324195,1253.02694164652,155.831617811736,1382.45787389331,98.62380251424,217.048622657352,3.14849112571385,4.86888480402612,1.23712804253526,17.0039224618091,5.4040948500504,2524.11716482665,105982.659857111
22.4310302282319,0.143031145550791,1256.72604070424,156.634407302026,1386.30288883552,98.891797113917,218.271421567067,3.17917799565063,4.83338158135935,1.17712470466634,16.9074976241505,5.41592601160416,2531.93652412529,106251.665145897
22.3082768873928,0.14337414979781,1258.87550564358,157.293541716699,1388.42888347325,99.0399682378472,219.210606156554,3.20216115446785,4.79141988657064,1.13851099246313,16.7917291638458,5.42963118619895,2536.65559392702,106713.86416024
22.2472623949134,0.143773388399773,1259.40089286646,157.790501342092,1388.73611950734,99.0629356737476,219.84939676097,3.21222125537585,4.74993571965827,1.12380015607544,16.6526870788933,5.44441457511749,2538.0996932929,107294.06290462
22.2239312096192,0.144215247417217,1258.31547124532,158.113212003006,1387.19738607182,98.9579501478569,220.17065509019,3.21086490507704,4.71508656671107,1.12937723353588,16.4878134034848,5.45952100342944,2536.23233106373,107702.427357757
22.2049626420288,0.144665466241047,1255.90206811457,158.258191052705,1384.06854271226,98.7412244428205,220.190074175598,3.20221188889816,4.69225368844561,1.14971074935318,16.2984860233983,5.47408433297521,2531.51800028401,107875.293161194
22.1705279668523,0.145065963434824,1252.86972840336,158.258655263399,1380.10670161664,98.4654859987664,220.001461478494,3.19156571032548,4.68679837638635,1.17647975692941,16.0933679934445,5.48685115168128,2525.30082626671,107406.830440349
22.1230354184499,0.145344835762494,1250.35036504333,158.191842193985,1376.591240069,98.2220204548531,219.788070892061,3.18505761740804,4.70315021322058,1.19749993118511,15.8892169889469,5.49628140451412,2519.83518001968,106214.282786374
22.0802139875874,0.145445877829643,1249.77286454109,158.180170382611,1375.17337246409,98.1285802718857,219.808505369882,3.18524895991994,4.73816722833956,1.20216266125405,15.7076394727529,5.50165728792137,2518.03690381266,104994.696008289
22.0605673526839,0.145340312293768,1252.16887545046,158.326161460642,1377.0693246861,98.2712397941594,220.264538780984,3.19212836872764,4.78286123398166,1.18520990872068,15.5652270558147,5.5033698417806,2522.05353330304,103891.217242291
22.0721283679031,0.145043854440796,1257.56316081292,158.647172957705,1382.34733862812,98.6537925828058,221.180515994394,3.2047385432235,4.82726072973906,1.14902848251896,15.4655955590735,5.50265954483096,2531.99630289379,103229.033509705
22.1094825381368,0.144608462078585,1265.07236832147,159.081028615252,1390.03256738318,99.2054074589994,222.415865631582,3.22110346722492,4.86177439557261,1.10108078575635,15.3995856891218,5.50139945681934,2546.12758277918,103189.594684399
22.1525037574105,0.144079069722887,1273.15301526265,159.487051838899,1398.40524605572,99.8021040913309,223.696362496048,3.2456575408053,4.88109581291564,1.04222875710517,15.3485202106637,5.50136836510132,2561.35501879023,103256.829154213
22.1731390358443,0.143471222926756,1280.2621369137,159.701246497016,1405.74978934398,100.31962471207,224.732398000659,3.29032609867522,4.88118467377532,0.966905184877429,15.2924471023757,5.50424153009844,2574.56346532649,103305.862343363
22.1515033404527,0.142771855760796,1285.66735338919,159.629677283086,1411.25252006004,100.697826936049,225.37748519695,3.36617701547683,4.85729709212794,0.872488638518426,15.22042305422,5.51132194122621,2584.25635716171,103007.664569814
22.0842880676805,0.141948345680936,1289.65509140289,159.272285239731,1415.2284906381,100.95801122512,225.676035626442,3.4779698631169,4.80662374979181,0.763565202716929,15.1343576113072,5.52296477031435,2590.97883705897,102175.615742925
21.9818297908867,0.140963136689916,1293.34279169202,158.703941708371,1418.90871001031,101.188365169984,225.8417303432,3.61679433090945,4.72677547483323,0.653795510677503,15.0468966212015,5.5388848982761,2596.94446735437,101340.405593859
21.858387145921,0.139789320112935,1297.92379731332,158.010214306578,1423.60493830736,101.484682095013,226.115844649623,3.76221183172817,4.61918284944317,0.557419913834289,14.9721438539505,5.55815241568965,2604.52808493865,100639.142263389
21.7235527709023,0.13843291573456,1303.84896665713,157.228527467351,1429.80868914168,101.884842441626,226.603720572998,3.89536458367134,4.49047506560919,0.480720158241202,14.9159192154551,5.57951952237788,2614.63710216987,100248.359226729
21.5808601552599,0.136937933111805,1310.72473526707,156.349872999263,1437.08051020378,102.359282538352,227.249973001196,4.00602308921413,4.34752182930205,0.42298856074174,14.8736778903865,5.60223813953018,2626.51288917478,100360.055580417
21.4318450249576,0.135369901235959,1317.52139147118,155.330876262567,1444.28232434873,102.826986221604,227.870544728556,4.09621546840996,4.19535263339878,0.37903188262774,14.8325068094533,5.62626228258531,2638.13949460648,100760.661930292
21.278648285577,0.133793948405047,1322.97875502935,154.113040933439,1450.02590906774,103.187691296883,228.229046066979,4.17636665349607,4.03574185327324,0.343049728294984,14.7761300978718,5.65219285500162,2647.04216022148,101364.651003841
21.12250780221,0.132247009721543,1326.15138327686,152.648448273493,1453.27277035848,103.365916873797,228.145201370129,4.25719025921,3.86874843778066,0.311052137916168,14.6919563219094,5.68068931675184,2651.36193663806,101834.676924746
20.9614871023893,0.130727346798644,1326.81204069548,150.925042547845,1453.77252967062,103.343508376751,227.571594437852,4.34480792985052,3.69607251971992,0.281487936818165,14.5764816240867,5.71170693565837,2650.64848330731,101862.09504592
20.7881692325771,0.129216575649296,1325.67440163591,149.002941535145,1452.29447657011,103.177038733718,226.636662065113,4.43201829669032,3.52199056227845,0.256671397158166,14.4372998434836,5.74422860499554,2646.30487943049,101845.932842522
20.5913710672306,0.12769892668037,1323.92935390152,146.989752285016,1450.11762900783,102.961360701966,225.558122178923,4.50343662069503,3.35507854601056,0.239379122199768,14.2870554550844,5.7763303090438,2640.67606264702,101906.002352841
20.3625775762125,0.126167555448252,1322.37369456463,144.962469563435,1448.09226807123,102.760701326952,224.483329568835,4.55131243739335,3.20536330074618,0.229594318231404,14.134216078549,5.80610524068223,2635.33146761115,102049.598863698
20.1005176010267,0.1246185668192,1321.11152754048,142.931423263426,1446.33280042223,102.584838997309,223.438969296084,4.57757645024259,3.07896380706836,0.225585898160119,13.9804027050073,5.83258436163149,2630.4850358652,102305.010630636
19.812516568227,0.123031304431751,1319.80374161642,140.845769082588,1444.51174683129,102.409280592063,222.378141483605,4.58850971544229,2.97668978460554,0.225435205744013,13.822984654093,5.85579558393532,2625.49831915451,102688.577098241
19.5108828272885,0.121367820702807,1317.9821483292,138.62481496787,1442.19363208162,102.199997998099,221.233152165855,4.59015689191284,2.89602655773361,0.227832869691461,13.6580954063717,5.87630868830867,2619.49504958796,103191.440722528
19.2054626817224,0.119600571811684,1315.23990101628,136.205333751361,1438.99595328142,101.927183668959,219.942310543856,4.58607515583198,2.8339776106228,0.232273175160217,13.4823706145713,5.89472641493447,2611.71332374644,103794.948742961
18.8981206288047,0.117728038458786,1311.32203186589,133.566017770302,1434.65404272745,101.571375562351,218.465818309543,4.57774447602767,2.78842110365562,0.238710538041978,13.2938605133863,5.91144681948739,2601.66551333147,104461.976620168
18.5795781647907,0.115767195253123,1306.15733477134,130.72231928389,1429.04783519059,101.125601663771,216.800096681086,4.56570129529672,2.75759112044976,0.247211492829274,13.0925243382944,5.92673032464742,2589.19301744423,105177.140862068
18.23347202757,0.11373982613613,1299.82329288997,127.708511221105,1422.18831766039,100.593378384792,214.974493183188,4.55017947738525,2.73950279309766,0.257823779976904,12.8798131631062,5.94080886105033,2574.41045402928,105940.456191023
17.8473291975837,0.111665494107101,1292.45392897065,124.562165087457,1414.16352965195,99.9831405118363,213.026118131487,4.53107007964971,2.73228508033229,0.270765767788136,12.6574203837898,5.95388294791461,2557.55596227741,106778.333838927
17.4178148107437,0.109575834468735,1284.15682572329,121.331253479005,1405.06787409277,99.3029919822054,210.980737305376,4.50479643712777,2.73613297309811,0.288108657443787,12.4265628365476,5.96586583422145,2538.85424541142,107664.82653203
16.9482882165602,0.107548720683344,1275.00218501376,118.108846427477,1394.97623845818,98.560799427098,208.857054574443,4.45889886253532,2.75810824359436,0.316034109555316,12.1885591047132,5.97567075946365,2518.51370083871,108520.485294994
16.4451289823739,0.10569341954147,1265.10833443355,115.02563557713,1384.02060638452,97.770205740601,206.686334383226,4.37934346131949,2.81187560592083,0.361697041845331,11.945895358299,5.98120198154844,2496.87133350557,109322.75056299
15.9158492299252,0.104077961815318,1254.70389804623,112.180446112663,1372.4549546812,96.9521627320835,204.516770079656,4.26533144577063,2.9064518781608,0.428638402660005,11.7020740427765,5.98097599346895,2474.44985842302,110141.010102839
15.3686181088489,0.102681623424491,1244.04425518606,109.586405555983,1360.56477074783,96.1257240114976,202.382201723949,4.13345020397489,3.03723924111049,0.512825164259372,11.4600330599659,5.97547113730082,2451.7458903681,110957.787670274
14.8136847151788,0.101390584925354,1233.32076110721,107.154730703936,1348.56688839435,95.300048697761,200.264040063253,4.0173052113531,3.18433105775337,0.596117833910129,11.2208449934673,5.96740747481473,2429.02919958986,111607.863266412
14.263578450772,0.100058464897553,1222.76250350468,104.758488640756,1336.71902929719,94.4845165454522,198.121441806798,3.94984902149808,3.31937454502383,0.65354001819984,10.9852656219753,5.96069483839589,2406.59299682156,112060.991279905
13.7286415935606,0.0986138670212464,1212.70739236536,102.337764058887,1325.39359588776,93.6988851694665,195.959182814207,3.93867807855563,3.41853817329111,0.673938599041467,10.7551996669253,5.95856338390099,2385.0026646018,112878.149723716
13.2111415950524,0.0971370199993878,1203.16762421199,99.9429995513828,1314.57929091473,92.9402499693103,193.79326624271,3.96345821123909,3.47056863877826,0.671178182162665,10.5299520211512,5.96267200448409,2364.30193974023,114563.092252703
12.7038025825275,0.0959434928379139,1193.23812894679,97.7928253138746,1303.18734202125,92.1338412194001,191.556245668347,3.98459625134366,3.48572651502243,0.679350036819166,10.3027589480247,5.97206970394889,2342.88498117198,116507.757866973
12.1953628911209,0.0956087867038137,1181.61062094931,96.334190018101,1289.62289116011,91.1709220142932,189.148387036921,3.96127474517113,3.49297604102323,0.732179934509582,10.0649500548719,5.98333361020855,2318.50773457281,118575.325615492
11.6783546726173,0.0968634511439682,1167.68723411889,96.1827288967796,1273.08223499632,89.994781766846,186.561464691,3.88002287914584,3.514905533899,0.847586036440537,9.81204483580043,5.99370866958044,2290.40154867896,121005.599324403
11.1572602272263,0.100764167051855,1151.60093873107,98.1888829640276,1253.59950751142,88.6003062306323,183.90204411883,3.74537043634206,3.55491665067436,1.05213546619408,9.54607171526142,6.00285258834193,2259.3937668688,123748.319306793
10.6607534046902,0.108512645526716,1133.67647118412,103.081338449919,1231.5218738365,87.0043240705434,181.427581106669,3.55313723375912,3.61043388417124,1.42493552940829,9.27842449015854,6.01095947698972,2226.75719924702,126339.669023148
10.2319209396002,0.120340612621656,1114.2910519178,110.243275086423,1207.50370521654,85.257601399824,179.47788004046,3.32390722021712,3.67435551348531,2.07456512632927,9.02403288425939,6.01869470299145,2193.15282080227,128687.911531553
9.89715167215919,0.135497490891484,1093.91917426975,117.840179816357,1182.44683280685,83.4351867101827,178.242401202578,3.11380310656331,3.72192866643986,3.06601490160131,8.7864820424116,6.02949306078066,2158.55697528439,131641.432827345
9.67018356582013,0.153463070711655,1072.59218487373,124.603303278225,1156.62333666664,81.5610658694464,177.594519763306,2.95869039221489,3.7280236530008,4.39024343521056,8.55514820515214,6.04718751872421,2122.23349032937,135362.731354697
9.58564906975199,0.174323835232128,1049.67200308435,130.719668991338,1129.3659815232,79.5841006347261,177.123487234525,2.86518083749051,3.69154300863437,5.96175560407282,8.31489304795175,6.07213523068474,2082.94905505568,138613.091938912
9.68437002411527,0.199135791286594,1025.26080554681,137.091110996932,1100.72802934786,77.5021004454753,176.549859759883,2.82180641023951,3.62756617405853,7.66033524556596,8.05976464660794,6.10195542660781,2041.33481429424,141213.489783984
9.96441724330433,0.226742578907992,1001.21429927361,144.169182400175,1072.69223488941,75.4559606367291,176.027818748363,2.8123075555477,3.55837913357534,9.3743275055675,7.79942882250983,6.13272704626835,2001.13080778765,141721.073319492
10.3645149669426,0.250846521667873,980.919602051668,151.748217397625,1048.92652306473,73.7140066029631,176.016592810829,2.82316360001248,3.5088253904783,10.9861348285506,7.55799464864359,6.15943091547917,1968.55241386545,140062.341639784
10.7842199838257,0.265731825630793,967.893474821283,159.438770511927,1033.19939568988,72.5536112619864,176.966888281522,2.83814843913521,3.48862562028735,12.3818347820715,7.36363609189132,6.17874849979543,1949.86836995979,138104.688411705
11.1444920787386,0.271809627508321,963.246245176879,166.992314557984,1026.64326669143,72.0608859711623,178.985461354138,2.84389709847298,3.49640773607422,13.5006406936133,7.22959692504336,6.18979891491819,1946.88929471058,136075.062406862
11.4227406363452,0.272287175185241,965.461902240425,174.298622180076,1027.57722294399,72.1167771124036,181.86353744931,2.83734060921231,3.53134475585853,14.3464464084503,7.15174061183474,6.19289487711875,1956.64522644212,133725.711148899
11.6326408473463,0.269673266904122,972.470935227798,181.24741023846,1033.78369516012,72.5622726782998,185.36452381335,2.82126362626741,3.59366117069191,14.9350324943238,7.12228498839544,6.18860170259622,1975.21373801704,130813.021813835
11.8002443780927,0.265566075161055,983.013656990482,187.654419200549,1043.98232449239,73.3061702011812,189.397133396979,2.79705496599749,3.68191233189565,15.2535921839611,7.13873536435471,6.1774683439405,2000.21884113503,127643.793402118
11.9480655125354,0.260606697651607,996.56745442466,193.408525506485,1057.67195573699,74.312761450682,193.960722946958,2.76468202013497,3.79270339007051,15.2913974924396,7.20212349330096,6.16007497616981,2030.70014568179,124359.680381639
12.0872207844122,0.25543633585795,1012.79288232,198.594774491383,1074.46508599301,75.5525701358556,199.031200114482,2.7237454583338,3.92099499066122,15.0784502247943,7.31228166000411,6.13722894543853,2066.07586343414,121378.602330965
12.2215283028115,0.250479541569301,1031.17144356489,203.394902619791,1093.72109640104,76.9764836874054,204.509150746207,2.67493443710561,4.05862295534851,14.6727976035025,7.4654315626505,6.11030761781441,2105.4109792774,119075.693661557
12.3526558579863,0.24589729857161,1050.70503812617,207.90861330368,1114.26945481776,78.4977566160741,210.158993585837,2.62241797363363,4.19926730705363,14.1298834835098,7.65220971646996,6.08064714823113,2146.75521489066,117177.244084926
12.4811749187821,0.24210186613629,1070.16573776228,212.115631732634,1134.71811577695,80.0150565434126,215.681636666293,2.57091811423857,4.3405713422115,13.4898465029576,7.85955817253716,6.04920829631683,2187.64474895088,115608.212290395
12.6063818063025,0.239325695426333,1088.64501638282,215.959241563537,1154.06546182303,81.4561244710463,220.868018627913,2.52327030870236,4.48183788341467,12.7809250539552,8.07537143674131,6.01675515780621,2226.26076874,114242.651679362
12.7261440000866,0.237515987230228,1105.69978377984,219.38666813798,1171.852304475,82.7881429605566,225.63667688991,2.4805684049683,4.62324853032342,12.0249733926982,8.29058603797146,5.9838604612639,2261.73837298316,113045.217185758
12.8361134699502,0.236357130726179,1121.24614885981,222.344905411055,1188.03522583596,84.007903715402,230.002986722348,2.44294914264332,4.76316728783162,11.2415731112162,8.49989838033977,5.95118832309558,2293.94205831829,112145.473429145
12.9311880194436,0.235448372743502,1135.2740838549,224.776052760797,1202.65625712531,85.1181161131415,234.000248824097,2.41095994058728,4.89769097013411,10.448168305077,8.70058651670746,5.91955022717594,2322.88127965692,111535.58400945
13.0087756861664,0.23454018404941,1147.64154592859,226.633475746231,1215.59514533495,86.1100565045004,237.615307226872,2.38597276435878,5.02392895500325,9.65821793402259,8.890115768133,5.88954653143366,2348.29023424393,111023.474093626
13.0693413996778,0.233538864465302,1158.22471138767,227.912489649143,1226.73424565521,86.9747609274316,240.821664502159,2.36916116423893,5.14107147488159,8.88232366897337,9.06635988709509,5.86143686328215,2369.94235612954,110500.764455494
13.1147818727187,0.232426888563007,1167.15739176194,228.679160003931,1236.24196152256,87.7218459334993,243.650249301683,2.36021837932079,5.2469730701311,8.13262523736814,9.22973094800368,5.83554282426805,2388.16675599502,110161.021003826
13.1469286294701,0.231208448318001,1174.68676466613,229.031010704334,1244.42064776782,88.3692820104685,246.165204199381,2.35813680924642,5.33784666654394,7.4222233763176,9.38213032438618,5.81234519115644,2403.54951092414,110019.132114057
13.1677699218738,0.229922049492968,1180.88016824044,229.03549436074,1251.36328791343,88.920772171226,248.392962675113,2.36201578844837,5.40801879996434,6.76301530287264,9.52374689183883,5.79266215233218,2416.29479431929,110420.149010334
13.1910206964381,0.228619291655484,1185.39017119379,228.676819997774,1256.67559246007,89.3468005528918,250.266420342356,2.37155930425144,5.44905876424392,6.17460290880712,9.65031045276375,5.77790471379566,2425.70737727082,111606.089041121
13.2669466650596,0.227306589297713,1187.23669308401,227.777282737292,1259.21873308713,89.5675969370731,251.565391280411,2.38757001032882,5.45786883400605,5.69885183447895,9.75095746762372,5.76906055552885,2429.68689856205,113074.411803417
13.4718828197113,0.225966502126878,1185.33210119064,226.096735691554,1257.69433066044,89.4941248460553,252.030356799651,2.40911701099702,5.43903602140946,5.39144024623194,9.81290586281992,5.76613133089959,2425.8295672304,114701.658197953
13.8551610269575,0.224606108125479,1179.33337844555,223.559970115752,1251.63514769809,89.0958684361681,251.565171704925,2.43279004895525,5.39996981471044,5.28573870043369,9.82935219061203,5.76842205241526,2413.31482917225,116351.191595391
14.4034546813669,0.223274218435273,1169.78742355967,220.321216285623,1241.59307467448,88.4135509728812,250.28239979055,2.45638174479428,5.34900020621855,5.36631041807559,9.80206493808776,5.77469650450151,2393.27106586618,117743.115997739
15.0339570917291,0.222033457518941,1157.88816038027,216.68796107805,1228.85215876199,87.540040011984,248.462796934155,2.48073973606849,5.29106160566671,5.56482166483257,9.74097079876067,5.78381555091984,2368.23576344886,118857.018515269
15.6398997311613,0.220899332935405,1145.07257068592,212.971646244559,1214.97011049091,86.5881925227822,246.456625256773,2.50754341037456,5.22696262781193,5.79453865467077,9.66071187333259,5.7949865021669,2341.23846565438,119684.044688685
16.1591115804805,0.219868484434533,1132.56708700526,209.376919745916,1201.28533097341,85.6543493096707,244.558647330142,2.53589120562384,5.15583377629708,6.00247230082733,9.57487029748392,5.807668461961,2314.82448613929,120520.936639642
16.5831982848295,0.219012562290788,1121.02622182379,206.007724539156,1188.52830696416,84.7896007299153,242.938820029529,2.56317041364633,5.07533346162738,6.17827713354008,9.49237495453607,5.8217529405623,2290.37010499409,121526.793516492
16.9227628696311,0.218468765864947,1110.40093113015,202.920908846721,1176.68932436236,83.9905704189718,241.646504325766,2.58854815858335,4.98403643380421,6.32652381094012,9.41822057667892,5.8372715700008,2267.89885444949,122298.535483895
17.185185476436,0.218346093125803,1100.46304693269,200.165395613306,1165.57114369188,83.2403951516956,240.704984698291,2.61243672804775,4.882371997415,6.44881713196642,9.35634410051743,5.85409141893795,2247.09687484819,122776.963158388
17.3766406056719,0.21866075156755,1091.41084393843,197.78172883383,1155.41282711368,82.5553246113959,240.181490148491,2.63428392946272,4.77458877713718,6.54277947045621,9.31009388899105,5.87150675745671,2228.41400851918,122843.844342977
17.5135436032571,0.219423167827012,1083.8227102625,195.826902811721,1146.84107003369,81.9804581786144,240.175514278528,2.65206166325916,4.66734285390661,6.60265244165012,9.28205898351187,5.88842872798327,2212.99285636975,122690.805161064
17.6328568217934,0.220804068554219,1078.22117993381,194.418179697452,1140.42090914845,81.5547723480106,240.773408341262,2.66320488439592,4.56339287824111,6.618975779933,9.27351787506342,5.90437427342358,2201.91021165962,122698.8484145
17.7754324270971,0.22306573690758,1074.5458051952,193.650757565472,1136.09609496987,81.271320145806,241.955999938919,2.66729477729334,4.46173623696687,6.58107277899973,9.28149187436936,5.91964646645485,2195.12347962329,122929.539231252
17.9582378389184,0.226417385063147,1072.08717475551,193.502814913819,1133.10704766012,81.0736698029841,243.569445822243,2.66655324443422,4.36033999528413,6.48447521139959,9.29759317383857,5.93498516593748,2191.2553034115,123459.378061402
18.1709065939731,0.230709043979062,1069.89461377394,193.862616696705,1130.40542918877,80.8868357593452,245.380977859079,2.6652492021538,4.25845939850126,6.33138799780766,9.31064817148735,5.95103821001516,2188.35528699612,124109.881112676
18.3855705285168,0.235356110485619,1067.23810854354,194.551129980273,1127.13000337599,80.6524453230535,247.14510814853,2.66860756482014,4.15891108047819,6.12625157320815,9.31068806505313,5.96775381133734,2184.76441900194,124636.219879523
18.575489020998,0.239941411267224,1063.9530345119,195.361853003674,1123.02534534813,80.357236059854,248.719577568357,2.67923781587835,4.06543841654591,5.87625050232545,9.29335206801688,5.98457743958295,2179.87666266467,125019.5830504
18.7320504121714,0.244280752578489,1060.35230992319,196.149511829577,1118.41649206727,80.0276012139551,250.124188530268,2.69607116214237,3.97859981155942,5.59298998300094,9.26043573318752,6.00115826980462,2174.14695870724,125438.646747191
18.8643571851956,0.24817157067958,1056.75594689388,196.878763877259,1113.69217510587,79.6912200636195,251.430306586646,2.71741718710039,3.89546960501305,5.28530304009224,9.21495166814393,6.0176655635742,2168.20749382802,126087.45794426
18.9904762720967,0.25137245965816,1053.12096591766,197.620222321159,1108.86154013921,79.3461656953953,252.615292217455,2.74472600577918,3.81314500031033,4.94637608147631,9.15635516536762,6.03445243327785,2162.07184995811,126834.169492389
19.1260154240494,0.254126141809929,1049.14275636222,198.483886159469,1103.63059481736,78.9681031049998,253.577337579984,2.78135139755198,3.72955758590849,4.56284941190675,9.08144642330011,6.05189840089639,2155.24556974824,127638.56948929
19.2752101865376,0.256532548738456,1044.62593957082,199.519471471969,1097.8001132329,78.5408552062159,254.254711431065,2.83088940551809,3.6449146682139,4.13450653044363,8.98869185483058,6.07005000108607,2147.38790118312,128006.576137774
19.4236228168651,0.258374246488971,1039.90836597651,200.662950723363,1091.77987545036,78.0937745477459,254.742145690098,2.89490958163424,3.56315365323814,3.67967652991695,8.88265641905742,6.08818260807273,2139.15740968376,127567.445578075
19.5341205356269,0.25948750086216,1036.02264870424,201.751964654816,1086.82188334326,77.7169090181963,255.346361704832,2.96839332213522,3.48623626329653,3.23553166916792,8.77543592905462,6.10549571245743,2132.60213927946,126790.330751866
19.5717515133545,0.259537456716534,1034.04982782585,202.640877502406,1084.23773953501,77.5045664646137,256.396343903692,3.042940059807,3.4144186834654,2.83821670023311,8.67969366441332,6.12138410685828,2129.88997160456,125768.90396696
19.5322227022348,0.258538723298638,1034.44514050392,203.306573003081,1084.54380260026,77.4945428791607,258.032183782342,3.11209061369382,3.34840824139195,2.50282747384692,8.601623001751,6.1354751208811,2131.92921204603,124743.249719824
19.4406149205877,0.256683699698188,1037.0230882174,203.788887367344,1087.44723891186,77.6676186584679,260.201757589912,3.1725140760088,3.28789599693618,2.23002560708177,8.54077442160341,6.14785062589019,2138.29772294793,123874.6190272
19.3406383482998,0.254054641047216,1041.16893402309,204.061393060988,1092.1310135362,77.969353330667,262.717796258462,3.22342512002462,3.23431137028177,2.01706391734416,8.49249687704725,6.15851870730298,2147.615817368,122956.855248072
19.2729485359487,0.250892459410357,1046.2501157516,204.053591662283,1097.77780914704,78.3459151980179,265.382498069869,3.26379836921283,3.19124832293168,1.85965244794446,8.45209667647761,6.16715893113342,2158.45137814158,121980.946103436
19.2541925684741,0.247317266975346,1051.94850407844,203.750922493144,1103.99536360128,78.771228876223,268.097655012892,3.29316563754099,3.1631848038937,1.74835204058118,8.41817463413818,6.17318162309476,2170.11841545365,120675.189414082
19.2763745125131,0.243335404515629,1058.35831952891,203.239749601296,1110.91612060362,79.2532156544044,270.885167665649,3.313793338407,3.15405019380107,1.6662735639428,8.39350259047666,6.17588960708824,2182.89210271842,118898.984653897
19.3147989394541,0.239106973259436,1066.00456923081,202.727192923054,1119.17764836319,79.8325021684899,273.883349228277,3.32956942182759,3.16227714418892,1.59205668592747,8.38439408261704,6.17518817538682,2198.01644835587,117034.148669096
19.3452642189194,0.234848921723943,1075.40535094177,202.422787014912,1129.4052314185,80.5479028833323,277.232612473346,3.34510213046177,3.18115047763911,1.50901458487013,8.3967881361728,6.17173443192405,2216.72062327187,115157.555885723
19.3597488852057,0.230654527619376,1086.63038328713,202.392382158893,1141.70398320737,81.4036560658689,280.956194122986,3.36529646828138,3.20537366712864,1.41075236895935,8.43295861296246,6.16618309385352,2239.21884711634,112958.599584433
19.3652774291919,0.226568634427467,1099.59410518206,202.599557077186,1155.96903654384,82.3923619946142,285.034728537367,3.39328415903328,3.23269798690352,1.29877917592381,8.49356028683382,6.15885330146512,2265.30669790787,110380.62775258
19.3754081668546,0.222654914719415,1114.4998645722,203.017765449886,1172.37308435566,83.5285409659064,289.532578162383,3.42751632409998,3.25964461227963,1.17994484093948,8.58059544009321,6.15018309733995,2295.32444639564,107928.889851941
19.4019102790114,0.218886353398677,1131.55530901514,203.62886779895,1191.09210971315,84.8271061787677,294.520373009983,3.46467893454498,3.28173461579085,1.06182927493192,8.69534650819117,6.14078654151527,2329.62898405189,105685.199255398
19.4500181885991,0.215240412379103,1150.5177799616,204.375923442517,1211.84479330279,86.2688158289242,299.944309620784,3.50310707507648,3.29537556329011,0.949744066360698,8.8351709467837,6.13133217549422,2367.69210111646,103779.004805759
19.5183867771145,0.211690817114777,1170.7529089708,205.166767218972,1233.95620031843,87.8047218534135,305.638085059826,3.54191740829723,3.29762396889891,0.847674943083396,8.99393760749651,6.12254462552813,2408.21577265619,102280.370998087
19.6000899994939,0.208193889253216,1191.38978376963,205.870372522568,1256.51888633811,89.3686093743958,311.355170342531,3.58110704949553,3.28828288858261,0.757790619717883,9.16327734330124,6.11483459852636,2449.42182429037,100966.619180085
19.6857096134511,0.204744287877284,1211.60148467673,206.352622192827,1278.67959667113,90.8982740868388,316.846860057673,3.62087498224314,3.26980360317986,0.680340973583085,9.33488881032544,6.10820984798218,2489.61397881606,99775.6222523753
19.7683629203232,0.201328649102077,1230.90137442938,206.536647113061,1299.938665473,92.357366132591,321.955209393183,3.6623720396238,3.24595360250044,0.613199663406077,9.50320510680802,6.10236827430725,2527.79104126903,98418.3381398337
19.8454801524329,0.197927052651736,1249.27802689914,206.425547246467,1320.28722333664,93.7449784995126,326.656895551789,3.70909264835705,3.22036432583838,0.552254876774451,9.66682993228223,6.09685952137698,2563.92394158131,96692.7759967543
19.9174653549653,0.194540635010833,1267.32005640761,206.115340250108,1340.33987160004,95.1045175654347,331.106879003934,3.76228393708698,3.19255264070864,0.495001127080241,9.82955021663346,6.09159406821891,2599.2130000752,95018.186273288
19.9857704607913,0.191161845305745,1285.85230037033,205.735892457186,1360.95705277693,96.4967398101198,335.53744921021,3.81965474592088,3.15889777479037,0.441219163883928,9.99750142111441,6.08681998346905,2635.34502145933,93510.9509167873
20.0517937358032,0.187789953417155,1305.29770365552,205.357766860284,1382.57703475174,97.9524810277937,340.075224970861,3.87854765450793,3.11658114800154,0.391653442871769,10.174160667114,6.0827958912181,2673.18948381687,92192.253697937
20.1167413793624,0.184435873460898,1325.4956435249,204.970136543574,1405.02511569069,99.4593914639352,344.689502973794,3.93633882644295,3.06490667501121,0.347404852509505,10.3589895498391,6.07966530006522,2712.43056766551,91058.0034147878
20.1821046744451,0.181109249895479,1345.11912873576,204.396720856271,1426.89516712802,100.918426279692,349.04324902561,3.99233184892976,3.00552170198773,0.309348975034339,10.5485104409537,6.07737116041092,2750.38020232536,90037.4694416831
20.2498324416979,0.177831426892627,1361.91611677114,203.340769203066,1445.8010115732,102.161786293651,352.557362662818,4.04816969459413,2.94159369433413,0.277911942932611,10.737974297271,6.07568173290321,2782.47442378048,89116.9304777202
20.3216850430798,0.174628568269742,1374.75645671075,201.681719347621,1460.54257751232,103.105890571501,354.940832990445,4.10390176352851,2.87635190635301,0.252645492128691,10.9236862369462,6.07428960768632,2806.44214150535,88307.5563032211
20.3988725721008,0.17150855609567,1383.99799629771,199.50721410672,1471.49353073868,103.778304162043,356.288933249345,4.15851491028507,2.81190704126913,0.232193222225955,11.1038808397688,6.07296428085233,2823.03676831681,87614.0458166137
20.4827071297982,0.168459814443025,1390.67134458032,196.982178164044,1479.73618165541,104.256174866737,356.874908047779,4.21308741557081,2.74809944252152,0.214434422368782,11.2780034139059,6.07176974825148,2834.36531775209,87009.4295556458
20.5750984536358,0.165462663443425,1395.76727229379,194.248458415946,1486.3063268631,104.612690785373,356.965774695977,4.27100740855121,2.68186899568253,0.197411210769894,11.4458083802415,6.07119760854113,2842.43832919972,86476.7338698728
20.6778209455659,0.162502670259896,1399.95832239415,191.396226967738,1491.90230135544,104.896844844662,356.74847965643,4.33431238169749,2.60886333238658,0.180408150893653,11.607025213609,6.07193636125743,2848.61448178509,86021.6329153235
20.7913603483348,0.159576278728493,1403.59574342598,188.473184035911,1496.88572438676,105.134057616835,356.326617610408,4.40148080892848,2.52617511998728,0.163984519772383,11.7612960507806,6.07446503797276,2853.60445810601,85656.8386166207
20.913802877169,0.156687924745408,1406.7973629245,185.499982636735,1501.37515326944,105.33324112017,355.740828625454,4.46782680298151,2.43447209336946,0.149353839188466,11.9080370024366,6.07874665604285,2857.65154957737,85357.5881535208
21.040795437138,0.153844473057113,1409.5570385381,182.483809741866,1505.36064207869,105.494977539438,354.996348749956,4.52776972906913,2.33831358310812,0.137490333807445,12.0464311088932,6.08418259895085,2860.75123054559,85107.8919644644
21.1674110698527,0.151051348299836,1411.84713064491,179.430274017789,1508.81128047017,105.618695163023,354.091556162692,4.57763478173499,2.24396596270757,0.12862449344771,12.1756775576633,6.08991834578813,2862.85758822588,84945.866612196
21.2902485887819,0.148313206046838,1413.64962690224,176.347677920693,1511.70762951147,105.704458079838,353.02850690416,4.61585268963561,2.15698522720992,0.122617188756098,12.2950215054202,6.09519487013538,2863.94708287456,84931.0495271769
21.4082351728698,0.145634631292344,1414.90725094308,173.242393527213,1513.9898840331,105.749213763379,351.799909199451,4.64136634579266,2.08222799663562,0.119483128855006,12.4033536650731,6.09937033167887,2863.92042586196,84997.2275442018
21.5220656650217,0.143020453283917,1415.51473856622,170.117480516693,1515.54845216148,105.746349902311,350.386134435784,4.65306866646335,2.02482754491582,0.11933778596526,12.4992677483558,6.10177490747079,2862.58430394224,85099.8898305348
21.6333106935396,0.140480446090873,1415.40091025687,166.981110214648,1516.30976804351,105.691848125566,348.780086451276,4.64924899379028,1.98900211479535,0.122439917132953,12.5819016636875,6.10183058077569,2859.81717447256,85520.4783400682
21.7453992837111,0.138038036541575,1414.44083113635,163.840521175613,1516.14255188414,105.577780232601,346.971149404643,4.6249927433601,1.97714446317759,0.129978554084148,12.6501823643553,6.09921442985888,2855.39875526454,86711.792485225
21.8678418009656,0.135716990571009,1412.02885728563,160.658402234306,1514.40775807501,105.360873328713,344.836439166031,4.57504751721325,1.99329143531659,0.144011395475008,12.6990054454154,6.09357996235102,2848.15731550431,88273.4844838894
22.0184112119923,0.133535012663848,1407.04466835004,157.345127369988,1509.92500990722,104.960322220893,342.136543853477,4.49788636854599,2.0447371933853,0.166828626191252,12.7182859843064,6.08440594179131,2835.90355898046,89921.2297520732
22.2164990022678,0.131502029189928,1398.7233075046,153.840767753317,1501.89556320609,104.321927441922,338.729992992251,4.39598590176705,2.1372505249556,0.200593759204771,12.6989805242645,6.07136323737048,2817.1641769935,91556.5418985655
22.4734111578874,0.129671610458798,1387.4366379662,150.195164045056,1490.727031192,103.475619133531,334.759523692529,4.26487406308971,2.27401751694638,0.251622417016228,12.6393410386013,6.05413647271631,2792.7359400894,93136.8333572433
22.7872275550116,0.128215595043049,1374.50768719916,146.569136050321,1477.81871105692,102.523777031145,330.644230780499,4.0695759347759,2.46942001182141,0.343119087139164,12.5468580587947,6.0304212928415,2765.33835669172,94683.0585537701
23.144994890144,0.127402966063989,1361.28254555311,143.152083888695,1464.55994302146,101.573254664885,326.886151548562,3.76256111237838,2.75589026904672,0.52280700819308,12.4350907982628,5.99517974102794,2737.77447503407,96190.2302732109
23.5311831863966,0.127520106924642,1348.43981847191,140.074084482114,1451.61448826995,100.676232916639,323.838770924199,3.34855004201177,3.14609549007544,0.864325864555633,12.3176178437021,5.94624873919758,2711.50899054264,98076.7409509851
23.9334523654323,0.128741972911351,1335.87139032975,137.429338107378,1438.82386321283,99.8122261037952,321.575318082935,2.90738190880897,3.59021678361493,1.46676049500887,12.2037040961013,5.89043662679678,2686.41389845529,100755.35962992
24.3353209393327,0.130959534735701,1322.64193078636,135.419172780949,1425.1625222488,98.8877852093618,319.793127148193,2.54657386599448,3.9943739929675,2.41191299638438,12.0964709765293,5.84078550122758,2660.7472299812,103542.112111961
24.708536650957,0.134083394641929,1307.52269889679,134.415327467708,1409.29363024661,97.7921451509342,317.959791570792,2.31582565554331,4.28898169586401,3.69245316588541,11.9960288428758,5.80664912683678,2632.24032231031,106156.467889451
25.0218014771508,0.137920748785912,1290.50627102565,134.776856230482,1391.20484809105,96.5233072475386,315.800632556196,2.19501713183192,4.47183546313485,5.19591975674067,11.9070884244793,5.78744790047077,2600.97906481171,107577.471181956
25.2564060299695,0.141791920833556,1273.64484883248,136.597941655183,1373.13090492376,95.2482520232214,313.585244110521,2.14410763486474,4.59093481577564,6.74580715178075,11.8426363085673,5.7752391011745,2570.90238663303,107169.837506322
25.4161023193375,0.145288841087448,1259.61546606244,139.635636361275,1357.99703794398,94.1818269896209,311.829095442007,2.1285644237968,4.68985659323274,8.17287655182237,11.8214658176115,5.76270098298728,2546.9789506949,106286.516045185
25.5196274272366,0.148474718065439,1250.23478432942,143.548997942357,1347.79409449929,93.4670326277339,310.923646973307,2.12511352756897,4.78611875416848,9.36776319345767,11.8576114145663,5.74665762893176,2532.47617915996,105276.456326937
25.5858191270392,0.15165561020241,1245.89334788271,148.100794157093,1342.96015865981,93.1334558342311,310.982195583748,2.1208157664517,4.88263388655086,10.2991176939831,11.9509514931151,5.72687601004507,2527.99911310315,104530.852337965
25.6284202611342,0.155044934198732,1245.77573273469,153.157867895744,1342.62560416514,93.1169223497462,311.874548221361,2.11075721281246,4.97338619272387,10.9950670871392,12.0895919134637,5.70505370649265,2531.91549954666,104309.035408606
25.6607953718335,0.158543164363437,1248.26288440962,158.522178607325,1345.07498922332,93.2949183169125,313.262906120366,2.0968344395811,5.05481873465984,11.4907347776294,12.2548931420767,5.68282211175023,2541.00120425359,104135.782455875
25.6975821900887,0.161981377821222,1251.64215807062,163.89150030094,1348.5161134573,93.5414088126795,314.741629311517,2.08354886018217,5.12950482520411,11.8008945340815,12.428120340049,5.66083100324752,2551.77064444274,103909.51308911
25.7488119133861,0.165227744832589,1254.9446613795,169.01548259535,1351.9516989118,93.7871314943022,316.05218000935,2.07400800941446,5.20442586125006,11.9258601798237,12.5979159343206,5.63865333543831,2562.19182809383,103247.140074748
25.8155612146111,0.168216466487521,1258.21686447218,173.770102529988,1355.45628876284,94.0385985719661,317.173670711062,2.06838494571267,5.29114904943638,11.8641737743073,12.7632188211875,5.61467897621738,2572.2672311038,101911.312766386
25.8899455975169,0.170944565056169,1262.41087016321,178.153555601384,1360.06039330834,94.3686327973084,318.335379080193,2.06310543425511,5.3957391290579,11.6304442713172,12.9332465105739,5.58758050465628,2583.84281570455,100527.233762886
25.9609631189106,0.173348714996154,1268.62794143534,182.227858631295,1366.94453551748,94.8595506579191,319.834358533894,2.05396060526125,5.51627509137752,11.2556488476566,13.1205997770418,5.55701268019701,2599.10885610885,99269.3677892805
26.0219374872133,0.17535512620802,1277.24300305901,186.043653367215,1376.50276983087,95.5385362863004,321.791477610968,2.03967459858891,5.65015230244883,10.7720410520632,13.3323268541604,5.52301937127339,2618.8371464264,98057.463141454
26.071764386719,0.176956465254588,1287.9133713015,189.620658817238,1388.35415728826,96.3789591746904,324.14073756821,2.0216720399644,5.79599323520643,10.2048173620031,13.5687664509845,5.48581352229114,2642.37805060639,96811.7595138337
26.1111445619653,0.178197929846749,1300.09568883998,192.970176139404,1401.89854484328,97.339424705347,326.760017043206,2.00203543903916,5.95171583372393,9.57213972609264,13.827625933381,5.44583791156102,2668.68032783254,95654.2164735275
26.1400039463243,0.179135842718147,1313.03140297257,196.066637921729,1416.30098793482,98.3625484123121,329.47205713352,1.98333815624203,6.1138959746011,8.8884858774047,14.1065375835804,5.40372756519002,2696.24434673812,94612.8218644624
26.1583565602491,0.179823719885811,1325.34083709427,198.789746928503,1430.05736410917,99.3438654370723,331.945728432606,1.97001786337819,6.27811942647574,8.16874263930788,14.4020109873432,5.36032618658967,2722.29496260405,93794.5245390245
26.1682144620385,0.180312302083658,1335.92364248547,201.050542117376,1441.96883603538,100.198975305054,333.917018936871,1.96584177848247,6.43836687658795,7.43009084326901,14.7087995859503,5.31680098625622,2744.62387060231,93298.7778542512
26.1757215992842,0.180640873061099,1344.35463184286,202.841881010691,1451.56936985643,100.893613798251,335.277667343399,1.97281313077654,6.58978135093134,6.68914873899246,15.0197329008918,5.27424721861051,2762.39041239921,92940.4181232644
26.1905207252545,0.18083457281822,1350.67270338849,204.202456622406,1458.89645621303,101.428288831426,336.022942558403,1.99184573769314,6.72978386731966,5.95984419403886,15.3268074915408,5.23347304366198,2775.68420389267,92645.7906370642
26.2210848331019,0.180901341174684,1355.23517776823,205.192893239318,1464.33313371654,101.827787447858,336.229345141563,2.02318298533489,6.85586305956161,5.25362445036283,15.6239916265989,5.19517518246298,2785.23258558161,92410.020808717
26.2710846437972,0.180835910882895,1358.53418775759,205.876769090016,1468.40996632628,102.12770711741,336.018066611017,2.06697179678124,6.9648218392817,4.5797058497003,15.9081995053643,5.16000430729926,2792.03593048861,92238.3179019336
26.3388850890295,0.180628085988742,1361.00004113825,206.303513600953,1471.59350287399,102.359660617826,335.505595288609,2.12389691370636,7.05286586356595,3.94537931326717,16.1781517936034,5.12861373133886,2796.97346803969,92122.1550824992
26.419471103941,0.180269831603842,1362.90529251022,206.502923590112,1474.18204571519,102.543678743849,334.774474819618,2.19548562981647,7.11564571867287,3.35677353286409,16.4329535569038,5.1017236505455,2800.60876387542,92055.8539080024
26.5074022449487,0.179759878273801,1364.38079205166,206.491785764397,1476.31999119279,102.688907011721,333.871697869032,2.2840186235578,7.14901994378135,2.81969012205551,16.671500544614,5.08004139788876,2803.21931770251,91934.5161370066
26.5983925218265,0.179104625688537,1365.53486053086,206.287417702466,1478.12415648656,102.802448506392,332.839116622717,2.39132016835088,7.14979811838203,2.34227872816087,16.8935594949973,5.06409837159901,2805.03631121306,91647.1624912866
26.6889037346338,0.178325430408754,1366.60791437752,205.928466998001,1479.84873176011,102.901326760919,331.765308048863,2.51403568316023,7.1145921587338,1.94222961533702,17.1026335410556,5.05425589856756,2806.56693440819,91334.2546821109
26.7756096120998,0.177468549872843,1367.90609179191,205.469755274874,1481.81415576959,103.00879677286,330.772496685397,2.6375154982969,7.04378595696708,1.64292119563651,17.3060375608824,5.05012030767649,2808.46538338483,91050.3500244229
26.8562208015834,0.176611279962543,1369.55724951871,204.960959368565,1484.14598259284,103.13664432437,329.941822539234,2.73644363138209,6.94495582204911,1.45818221143361,17.5108680821691,5.05024252616381,2811.03742022792,91197.6618862808
26.9310212440006,0.175863925193942,1371.25954559929,204.435696363769,1486.50502049523,103.265007160713,329.249353670777,2.78519077615007,6.828149937901,1.38979146825343,17.7189482029965,5.05307063745362,2813.74351337913,92240.5710542592
27.0044270167806,0.175347337087985,1371.92646001972,203.866650997532,1487.71302343786,103.314708279359,328.489508811608,2.7732272168111,6.70562877689737,1.43377431246894,17.9209687794338,5.05739323876039,2814.4902906417,93584.358024055
27.0844228101534,0.175162190911684,1369.99655562117,203.168860191042,1486.09736368525,103.170021950114,327.354673505567,2.71023604576536,6.58796180061124,1.58692673325237,18.0989998731688,5.06279087285244,2810.24465545693,94942.0677782201
27.1783106034007,0.175343594820358,1364.60964783972,202.299181635846,1480.75625017532,102.766940311301,325.697583423827,2.61749570687998,6.47709746243424,1.84784229893233,18.2388469923759,5.06986080179495,2799.36924660548,96313.8401948295
27.2884278111656,0.175857956355155,1356.27139821891,201.341030570916,1472.25195571283,102.143122683037,323.655577749138,2.5176589796971,6.36818816576212,2.20999245938277,18.3363117532297,5.07953724775904,2782.92958714696,97744.7979133889
27.4097264733688,0.176674836054118,1346.49200521802,200.520209043445,1462.17987808758,101.410318638444,321.538092383557,2.42794510224654,6.25633622866405,2.64942742889244,18.3932952009053,5.09232027464593,2763.95377153784,99165.7668923427
27.5312639549964,0.177824707801138,1336.55949873198,200.07506226387,1451.83487327168,100.662528347661,319.550526344498,2.3577012499007,6.14116897082818,3.12300907320601,18.4121998515635,5.10797139351295,2744.96313807377,100545.073323123
27.6424004992109,0.179369107969405,1326.80455889392,200.115252873114,1441.4750762524,99.9225107412001,317.681957157806,2.30868248758795,6.0252782181753,3.58852880254636,18.3947656625396,5.12588644440975,2726.53499940614,101961.728594337
27.7387227451077,0.181340343555152,1317.17389069985,200.651461571775,1431.01229191489,99.1865242782048,315.881240769956,2.27745830978406,5.91064136595546,4.02257582001345,18.3425072805695,5.14563185333626,2708.52381261757,103472.842925882
27.8252465650979,0.183696499753539,1307.68675324782,201.631924093263,1420.5491324376,98.4598617797903,314.156262236645,2.25896463090673,5.79881108701666,4.41895922403411,18.2561418410191,5.16693702255861,2691.00719747342,104913.107094653
27.9135005234171,0.186339026445207,1297.90416035157,202.883837641187,1409.76912168717,97.7155460565674,312.421475989365,2.25029280273813,5.69171332572706,4.77859621933787,18.1356854957989,5.18954125536348,2673.16492388207,106210.097466914
28.0128064075805,0.189127620317148,1287.00317916923,204.16376108631,1397.91387866261,96.8965374492712,310.487328873533,2.25195829385114,5.5939576010903,5.09901415206429,17.9831402630003,5.21268824297904,2653.34763111671,106966.252446114
28.1261361117403,0.191878708306623,1274.97351648137,205.324859172151,1385.01539854912,96.0039616482815,308.32241689547,2.26412395563932,5.51412089330526,5.37089621978592,17.8079015981818,5.23460473192547,2631.44850624405,106930.69721034
28.2543013118413,0.194436550658554,1263.11772699296,206.387476251066,1372.43317511961,95.1336747461325,306.178704008659,2.28239532230092,5.45738090157789,5.59237907441106,17.6288130739759,5.25340910970036,2609.92408578257,106636.84767823
28.399543579815,0.196706353195512,1253.16562148867,207.461152324001,1361.9458593611,94.4113261894585,304.406844808635,2.29992193266197,5.42414112419509,5.77355088878491,17.4659135766578,5.26780918821003,2592.08253403603,106234.949561677
28.5628205216344,0.198620531545924,1246.13449174942,208.61694894696,1354.58732488357,93.9106069706967,303.206557626236,2.31268892297325,5.41737384985232,5.9199652052007,17.331538727091,5.27662195485434,2579.85929228219,105338.248250714
28.7386548691075,0.200133906367998,1242.34744376539,209.863778731129,1350.69269840573,93.6560753934924,302.638203793613,2.31998753090009,5.44344514638648,6.021984868595,17.233201724633,5.27850671814595,2573.86410598742,103719.191162878
28.9117111349467,0.201239091469039,1242.16833001708,211.233978966224,1350.67331507019,93.6762141912945,302.802629421037,2.32073920002948,5.50268678437048,6.06192160901117,17.1814540527853,5.27283834091709,2574.85140498662,102008.588938605
29.0628779208333,0.201940815149967,1245.9972934168,212.791920183489,1354.98263077335,94.001329952664,303.826758092136,2.3135687589552,5.58825643466016,6.02616305867916,17.1878125011034,5.25996540436478,2583.68213803564,100379.190464368
29.1804677543651,0.202271248969135,1253.70180070553,214.555817277021,1363.4889583505,94.6210382921573,305.704506742967,2.29885598139587,5.69295333383247,5.91226669576441,17.2564735558766,5.24069814654537,2600.13866913318,98871.751967058
29.2631476489938,0.202291337057514,1264.59722514237,216.48301768282,1375.4558825343,95.4832585155285,308.284709398196,2.27866172143226,5.81068936595115,5.72908632089239,17.38298365439,5.21616680904328,2622.87337664144,97509.2651986992
29.3155648209748,0.202069005883658,1277.77718405555,218.49893644623,1389.90549009608,96.519650926582,311.349915838936,2.25582212259299,5.93688205148368,5.48987896183754,17.5579440381531,5.18755314112258,2650.07607072923,96272.4480619617
29.3435844815288,0.201662071874218,1292.39548074212,220.527564221725,1405.92536387177,97.6668124950775,314.688893354316,2.23313584306125,6.06814032678797,5.20719325849675,17.7708722249084,5.155922983231,2680.0479341854,95156.4997272876
29.3521059481911,0.2011130267239,1307.80313815691,222.509909175776,1422.81411654601,98.8758962623039,318.137634573011,2.21284735701828,6.20105920562756,4.89251711874164,18.0126343639061,5.12227223301982,2711.48270321306,94192.4383005947
29.3447397226156,0.20044931413112,1323.41317399873,224.381908577049,1439.93633549134,100.102160758684,321.55141100262,2.19690805994653,6.33165167566223,4.55615473649696,18.2756712011226,5.08760051243219,2743.19160469135,93406.4864568662
29.3241353758391,0.199675715603467,1337.89934099419,225.94229899047,1455.86131551188,101.244889347916,324.6114891698,2.189537692889,6.4562512965529,4.20476404637556,18.5519913016891,5.05289479727138,2772.45610151806,92746.1103474001
29.2923265841067,0.198776352664514,1349.73721811906,226.944587230671,1468.95548301708,102.188622652678,326.951952967259,2.19642191740662,6.57183169879937,3.84119016659475,18.8321653550176,5.01913451578447,2796.15047715265,92187.4047891435
29.2509475502181,0.197734115268181,1358.4645988618,227.310533028313,1478.74046131966,102.898074256662,328.461189889616,2.22068870804675,6.67510295880594,3.46806067087345,19.1079682156575,4.9872676421984,2813.33901127726,91698.5878188898
29.2015856610135,0.19654453054985,1364.59863087542,227.125292035584,1485.78701295463,103.411235228144,329.262289248734,2.2627662170485,6.76233151269931,3.09107277404928,19.3742823641416,4.95813459661911,2825.09651949451,91248.5449401663
29.146445677976,0.195222210845033,1369.02057579749,226.543038361277,1491.036745951,103.792364802817,329.563937002927,2.32163736844454,6.82943845203911,2.72078185325939,19.6287734496662,4.93247354534865,2833.23230626019,90863.6935388464
29.0884656927374,0.193797601487795,1372.50448345773,225.710370475224,1495.2946367707,104.096656780365,329.547091434677,2.39549930186526,6.87265052419418,2.37110126327547,19.8704269644037,4.91090796804145,2839.32150366053,90549.7416060112
29.0304215202047,0.192309353280721,1375.51218836367,224.729072757878,1499.02492288131,104.355846234211,329.321154686058,2.48177543757993,6.8889062716434,2.05513446459747,20.0982604027621,4.89396188098062,2844.29995537549,90350.1677332021
28.9754213508198,0.190795980321186,1378.19076495798,223.650330746973,1502.36368350716,104.578929356652,328.927559311211,2.57681270768117,6.87593089104714,1.78197525358444,20.3105790995799,4.88208845027588,2848.47211665857,90312.6505821901
28.9307523857356,0.189282653314914,1380.44262462342,222.475516467389,1505.20045652574,104.757974804416,328.353476381492,2.67633312487883,6.83383695745656,1.55459778018494,20.5042645450934,4.87547730631837,2851.65131791116,90352.3568732006
28.9094208674162,0.187773993971897,1382.06679768577,221.17192396454,1507.327981379,104.878669446555,327.560964453256,2.77637502429854,6.765605004163,1.37009070518624,20.675427116136,4.87394197884432,2853.43963311829,90425.0615843664
28.9244862234851,0.186258722558348,1382.95450107868,219.709434617852,1508.64468857041,104.934463293293,326.531673384836,2.87405480651142,6.67606599464886,1.2217358706629,20.8215731543674,4.87693895998808,2853.62432898141,90456.7932517809
28.9819351113806,0.184717787294499,1383.20170524103,218.086117978051,1509.26892544676,104.934530417884,325.292986950977,2.96820448573364,6.57099231635455,1.10105195535959,20.9432763216992,4.88360667697552,2852.40741640767,90373.0861296153
29.0764064140765,0.183133372596682,1383.11326922305,216.334036037867,1509.54038027186,104.90372246544,323.920447417489,3.05867998424716,6.45504442227403,1.00040788532055,21.044757597993,4.89302636330495,2850.41580575589,90257.3315446034
29.1932143268878,0.181493945640748,1383.08469401761,214.504451366694,1509.89206606985,104.87349379914,322.510310812234,3.14543479616319,6.3311224057475,0.91430633461157,21.1323503482748,4.90440509147048,2848.46137643832,90146.4777655555
29.3165499481088,0.179798901882436,1383.34144161855,212.632556925096,1510.5677673188,104.8619619703,321.118608113398,3.22838079626943,6.20094214898754,0.839500520708502,21.2114699404895,4.91717411913796,2847.00953896996,90110.5699524048
29.4357424537745,0.178059153562601,1383.83229957444,210.722772184121,1511.50879773077,104.865831304263,319.738147881797,3.30685650591494,6.06537700743935,0.77481375737523,21.284470359492,4.93106616163953,2845.96497454445,90223.7891740829
29.5451303556145,0.176285541705167,1384.28177030415,208.747993436752,1512.4182626348,104.864972397593,318.31196326639,3.38029991203417,5.92595873223378,0.719618999041413,21.3499047264497,4.9459484120232,2844.78053924892,90385.9713408308
29.6412115340174,0.174479291381376,1384.33651593305,206.661754274402,1512.92414434174,104.833888260071,316.767674683678,3.44894457364335,5.78510825813296,0.672905757090172,21.4040107719298,4.96170307243957,2842.75431661875,90548.5090692478
29.7216332015581,0.172631785676609,1383.79839102783,204.431493875016,1512.82649514188,104.758993148677,315.068666532439,3.51360793118242,5.64523052475861,0.633076607558966,21.4438192068885,4.97816922929021,2839.49865481761,90654.3930770418
29.7853146252708,0.170726724501854,1382.73736951772,202.056133037527,1512.21208215459,104.646554120145,313.235998899557,3.57627012826845,5.50806632466768,0.597476445971375,21.46919769881,4.9951142281599,2835.16178765108,90649.2992614618
29.8320352793836,0.168740012029051,1381.45217141986,199.55763003325,1511.40822185565,104.519121389713,311.338380798984,3.64077659909262,5.37282584088364,0.562253792596469,21.4831526641952,5.01248126440575,2830.34108521018,90604.6419727492
29.8617709773855,0.166642966153459,1380.32199412302,196.961835773523,1510.8231688744,104.40412600408,309.459226727532,3.71252942567337,5.23516992444504,0.523610418537941,21.4901910875716,5.03063261800603,2825.78344267442,90553.8831095495
29.8746959784065,0.164415467662939,1379.54929963619,194.275650650625,1510.66923919437,104.31503393172,307.639989119342,3.79648014263886,5.08963805804094,0.479860351345484,21.4938359304602,5.05015525254474,2821.87444929079,90398.4469788278
29.8715881678636,0.162056291739094,1379.16080084394,191.497822093251,1510.96700730212,104.252392017312,305.883879126533,3.8941653979688,4.93288132661377,0.432525990103943,21.4965358048623,5.07140765146641,2818.65418868457,90024.1891795476
29.8542202038846,0.159589180022741,1379.2348627492,188.65430940419,1511.79502441746,104.221859752705,304.213049279365,3.99894400537507,4.76509750393977,0.386922602790443,21.5022195263156,5.09415730901274,2816.29017146555,89586.0709582065
29.8251690468449,0.157055344697195,1379.93635427097,185.79854480513,1513.32826526916,104.237331939787,302.676291598777,4.09690234032443,4.59168115549218,0.349049941948741,21.5166106768716,5.11731652870968,2815.14578646564,89155.3302900063
29.7869896632236,0.154493490682231,1381.31912632819,182.971930455291,1515.62193599775,104.305296851498,301.296933708563,4.1768728559632,4.42221165534996,0.321309145549896,21.5440192291203,5.13927312829599,2815.36212158369,88689.8316583624
29.7416574880658,0.15192740018162,1383.27286161901,180.186488707749,1518.55150695225,104.419340668668,300.055940258849,4.23674652347444,4.26567306846621,0.302200827871506,21.5858031946815,5.15866681312362,2816.73589765965,88127.9755488437
29.6907035135058,0.149369093835668,1385.66937394916,177.443501833014,1521.96924459759,104.570103175646,298.925247900737,4.28137588448645,4.1260671009823,0.288532204414336,21.6419674785931,5.17492564788888,2819.01337319918,87549.2030477133
29.6355249549988,0.146826713103886,1388.44895792021,174.749130737773,1525.79791666637,104.751826018524,297.889244999013,4.31751569662686,4.00206229268127,0.277411203521902,21.7125504643087,5.18823773127775,2822.0701513154,86993.9942124258
29.5772257217817,0.144313177144701,1391.54585850708,172.109114780494,1529.95362713343,104.957757248853,296.932378666865,4.34813810925536,3.88914525363302,0.267951521711767,21.7969499528832,5.19927641721983,2825.77010945292,86770.4250556087
29.5158351912313,0.141850960097685,1394.69680637231,169.509330059836,1534.14069523856,105.167072252879,296.004128898507,4.3679511910941,3.78308377070219,0.262485670161668,21.8911457377673,5.2088589052001,2829.58935504479,87251.2259851461
29.4492776281278,0.139458824331453,1397.12244719816,166.872474681405,1537.50421142766,105.322249795504,294.953312382431,4.36614171589936,3.68749712289021,0.265701119033838,21.9824875332862,5.21719042057005,2831.97154412333,88019.7879130192
29.3734539550683,0.137138222956245,1397.63959595635,164.061176094737,1538.75149159244,105.338024365563,293.555369493372,4.33176685689304,3.61648912877233,0.282668794755517,22.050628975836,5.22344613622377,2830.54842506835,88836.5265778138
29.2842774747004,0.134872631587657,1395.46792633726,160.972739948919,1537.03260026091,105.160516136473,291.681227992311,4.25943177171789,3.5863486077919,0.317256714662606,22.0780535357981,5.22632819973139,2823.76492839088,89701.2771968863
29.1800040705629,0.132662621803445,1390.70638785889,157.617781508567,1532.45687542258,104.801235589207,289.400060126341,4.14363920073532,3.60874160324981,0.377329302917766,22.0579662701015,5.22459502014448,2811.85375063305,90677.0325667329
29.0628996699198,0.130592854295031,1384.04836306682,154.139779496422,1525.77050157108,104.317078262649,286.960161282916,3.95829106984032,3.69823010789965,0.489833172265898,21.9954448267819,5.21600069214069,2796.31598603795,91700.3263486189
28.9391458206401,0.128863403117579,1376.38752440472,150.787473601258,1517.91971282415,103.781786324288,284.735386043738,3.66918082182903,3.87741165739311,0.710016600542151,21.9038397953763,5.19683223007779,2779.15288511594,92736.7861903541
28.8158353637017,0.127753325659258,1368.35243826105,147.801609200104,1509.55205254495,103.244038072611,283.074383349475,3.28893163671797,4.14802871374413,1.12279825122162,21.7961445413972,5.1664736780845,2761.85369618097,94307.5233685997
28.7008211826506,0.127642505076658,1359.75015315249,145.355467195892,1500.41320497951,102.676768978905,282.105353995121,2.89250133760726,4.45962523766635,1.84305186497067,21.6732603599999,5.13244508773306,2744.22675626127,97018.0356831162
28.6134200480374,0.129007138456097,1349.32643579198,143.694533482479,1489.06613990902,101.959695114276,281.595974191059,2.57091960975144,4.73151877574562,2.96750942001521,21.5155556887526,5.10759028631858,2723.9711619925,100084.853420855
28.5912373589717,0.132325877875852,1335.50641416312,143.264610489966,1473.69785997701,100.94799663186,281.061635282136,2.36364462896374,4.90873052404516,4.49058269782472,21.2938543355902,5.10125575062575,2698.1829636564,103139.437051184
28.6723371096306,0.137750690602055,1318.09158085925,144.530682553596,1454.03225483255,99.6160782882195,280.188393356712,2.25341572334142,4.99263798735123,6.28332503564331,20.9973270684039,5.11333925237465,2666.60124350069,105114.841812971
28.8650751809497,0.144415224660372,1299.57907539286,147.653438353829,1432.84746451033,98.1624699212628,279.199872365792,2.20634298058003,5.02785303329972,8.14236557573194,20.6508736437428,5.13539661967503,2634.03873562483,105249.588276145
29.1340121133511,0.15110196999918,1284.22930773521,152.380900812902,1414.95037011802,96.9294387443233,278.751470355119,2.1896107056078,5.05412852677259,9.87954541010616,20.3081884360087,5.15809857648079,2608.54019188433,104870.363386323
29.4237093431767,0.15725627036039,1274.5355164289,158.18821508136,1403.21000420032,96.1224100664688,279.237750057328,2.18056988382267,5.08705942122724,11.380359945797,20.0194360540295,5.17596623740024,2594.59232186171,104321.215673479
29.6939785192366,0.162920397873108,1270.11308071296,164.585090222156,1397.27059472411,95.7196160027373,280.560675197619,2.16978830467809,5.12959977147245,12.6114044659258,19.8048454257403,5.18732413072699,2591.13969384887,103860.964796448
29.929586139126,0.168284451831194,1269.35547527827,171.285660999591,1395.37967775625,95.5990890822981,282.440984759181,2.15563836782691,5.17681097714451,13.5928336974471,19.6575953068484,5.19337217652704,2594.90459585174,103666.641327036
30.1273295438221,0.173298996956014,1270.58961074198,178.042501614965,1395.71058498541,95.634004559822,284.585979436714,2.14050537831496,5.22492125865676,14.343982632552,19.5582169160762,5.19587579624162,2602.50882262526,103424.153034344
30.2847767330282,0.177812902844639,1272.56533287813,184.547308289456,1396.92497281386,95.7332937387757,286.749436323414,2.12742258102463,5.27484218964772,14.860582815362,19.4876665541344,5.19580725368155,2611.34639981576,103078.809487432
30.4000479214981,0.181736544225955,1274.76128948856,190.564908857744,1398.48684024258,95.8616688272658,288.802736458354,2.11772558653776,5.33065531027685,15.1314886565787,19.4359453933023,5.19310496900214,2620.25746494463,102444.516361842
30.475659151581,0.185108439878113,1277.3310411951,196.016771082301,1400.58190418322,96.0329407940733,290.74881595326,2.1106288990796,5.39934715292252,15.1586166844194,19.4031411971506,5.18673862867579,2629.48005913858,101412.245934034
30.5221204293232,0.18809343680921,1280.90446315961,200.974819903,1403.89079617511,96.2939101136331,292.711986436471,2.10315496511682,5.48498079170096,14.9717327655008,19.3964741360215,5.17575773079627,2640.27130736983,100352.209641129
30.5549154761405,0.190816112467452,1286.12372811896,205.58119002981,1409.08818390623,96.6902293432351,294.845843829285,2.09217453782654,5.58710275164388,14.6213796976524,19.42355798201,5.15989483688532,2653.96135176128,99382.8237133159
30.5860588144406,0.193282959254377,1293.14421564679,209.936132874571,1416.31659660864,97.2310898786855,297.206579524854,2.07690258472064,5.70577056658081,14.1548010387881,19.4862456116616,5.13915985554834,2670.91245901877,98318.8999171025
30.6196664050115,0.195450309950899,1301.7262823214,214.059861737331,1425.30378628249,97.897649079332,299.760002065103,2.05845328047773,5.84304317455057,13.6032812699051,19.5823270385345,5.11349438076465,2690.67692657609,97003.7678661406
30.6527025048996,0.197282031647889,1311.7103583717,217.943797472817,1435.88785422481,98.6785235051855,302.490894538462,2.03752003796099,5.99837788383888,12.9870451217057,19.711450263024,5.08307568359851,2712.96317077442,95731.5550349279
30.6790213989365,0.19874930623138,1323.02823763713,221.579235580804,1448.01769606824,99.5695338084121,305.407231683728,2.01431098833774,6.16751329043497,12.3230394790888,19.8758646777507,5.04843907291043,2737.668394897,94584.3367562991
30.6939370162969,0.199863040635541,1334.88875647685,224.87573166093,1460.83953970528,100.510985550452,308.351711784758,1.99091872867333,6.34446470177308,11.6287217322567,20.0753341863598,5.01049386118217,2763.21300527882,93720.3303660666
30.6949805941399,0.200684735954901,1345.98052141348,227.709441330484,1472.90843423876,101.40209088056,311.043735352361,1.97103154092593,6.52132366911417,10.9224396985536,20.3035648338961,4.97075517185965,2786.95788589657,93282.3141652584
30.6784286028094,0.201295320591725,1355.2704164683,230.019822982837,1483.06643187952,102.16194991575,313.249781222406,1.95780388224931,6.69266588580447,10.2158052551162,20.5475253608053,4.93075787834241,2806.82518871741,93010.5034902257
30.6376152055136,0.201763399903068,1362.25935698327,231.810244079846,1490.7333359531,102.749886123446,314.841655820212,1.95305612706044,6.85726423818425,9.51023422239734,20.7910089906773,4.89161655082582,2821.80616107005,92800.064284821
30.5666134358396,0.202123847467152,1367.05519478338,233.136609729129,1496.00105392205,103.171710867555,315.829082689319,1.9569484550901,7.01435580633208,8.80400233187435,21.0215913373074,4.85416540864276,2832.11761121716,92673.5632417259
30.4660266010145,0.2023832905496,1370.15147365431,234.082422304965,1499.39866121907,103.463390751914,316.320740543121,1.96852409564467,7.16199149252367,8.0995324459832,21.2332503179774,4.8190497236832,2838.76723256253,92669.5711245279
30.3496022166885,0.202538710616898,1372.06764315252,234.726024567576,1501.49718861217,103.663765476177,316.442663600104,1.98665444080011,7.29796867580496,7.40636441590709,21.423890105181,4.78673660699399,2842.82912294912,92731.859126145
30.2434436520336,0.202590667087472,1373.14322683176,235.121974970558,1502.67833814156,103.798587296075,316.286271863174,2.01050277714407,7.42064409296595,6.73917822556348,21.5925717890795,4.75755283909069,2845.02123563539,92835.9169527277
30.1731610966711,0.202543589587349,1373.59485633132,235.309632679779,1503.18945886932,103.884449327099,315.915933143867,2.03945792260516,7.52936562645866,6.11157515820824,21.7389704192923,4.73164870121884,2845.81226784448,92896.9485329929
30.1509640424616,0.202395658470276,1373.63542822378,235.31892733165,1503.27057779356,103.937824849913,315.396004410404,2.07289430116105,7.62477408257284,5.53229458823056,21.8645354567389,4.70889081511872,2845.65432650316,92829.1582852457
30.1691452794655,0.202126580833454,1373.54152602786,235.165588810512,1503.22919403198,103.980306979669,314.817102365544,2.10956633101197,7.7062239527542,5.00963935991093,21.9745207549482,4.68911951747554,2845.11788055911,92743.1815355092
30.2046866490233,0.201703299758489,1373.59754404714,234.848605885544,1503.38038744529,104.034406162287,314.284706404666,2.14734186148763,7.77118958658377,4.55442924640463,22.0771074095354,4.67228021181285,2844.78329337571,92678.4367582766
30.2337597810256,0.201117017677065,1373.91403099317,234.360733837269,1503.84497797582,104.108997362103,313.862309348732,2.18347311588712,7.81580769804636,4.17696647531779,22.1790171275173,4.65857412882269,2844.88314590793,92868.0545542538
30.242223992992,0.200416074632483,1374.26801320302,233.702652336428,1504.36861131055,104.186090988417,313.52968732839,2.21498337766917,7.83387214045174,3.88756343762453,22.2812420728837,4.64884036473008,2844.99292700476,93557.4286889241
30.2265717854641,0.199700535508722,1373.98279951675,232.870288142584,1504.18583904443,104.211785904451,313.164826308087,2.23951398299125,7.82171635458036,3.69883398095697,22.3764714165409,4.64405298647886,2843.78976840624,94389.1766722998
30.1899120524533,0.199092486243079,1372.20967495608,231.861128697887,1502.33383615501,104.118554086016,312.614962748759,2.25497619955501,7.78053972648326,3.62521104886992,22.4530695983772,4.64477790488518,2839.61416145641,95205.9395148684
30.1372899954487,0.198682921861879,1368.58194955948,230.715618586756,1498.38462274831,103.876120780872,311.833864223989,2.25919148366514,7.71214481988121,3.6770969917096,22.5035696901546,4.65123984359287,2831.78029489478,96151.6445091388
30.0718981649102,0.198506709160983,1363.4359428071,229.533045426133,1492.70012612621,103.50883971756,310.912069790197,2.25156500075005,7.61684551114392,3.85303587287102,22.5259196995363,4.66350450312634,2821.01759091384,97393.0454875415
29.9923347751147,0.198556846406154,1357.33609862803,228.42022338701,1485.92198179657,103.059538801321,309.947350125078,2.23572623060529,7.49728354816193,4.12845463762615,22.5167885760745,4.68130811995014,2808.50548878391,98684.679884172
29.8930856488117,0.198810477167726,1350.44694014361,227.409895414108,1478.27938211532,102.541359394073,308.906275473637,2.21895057855676,7.36001532496995,4.45619913512207,22.468947189706,4.70400238448295,2794.59039197363,99933.0483864995
29.7690501298759,0.199240206861333,1342.70451101396,226.48624956184,1469.74912845465,101.950363126745,307.705730472226,2.20722835648562,7.21153098146674,4.78962664698451,22.3770539643452,4.73084601177953,2779.13807489918,101187.360530834
29.6207677431102,0.199817950133006,1334.41806985947,225.678476970091,1460.68589071069,101.311236300106,306.376795843211,2.20186010412492,7.05645005271505,5.10270575316289,22.2413342292234,4.76108803635435,2762.76320046787,102492.360994543
29.4592631747051,0.200523260808318,1326.05470647316,225.029682290857,1451.56680431168,100.661019226338,305.003838108455,2.20095562770967,6.89960123506669,5.3943295196709,22.0648612932411,4.79381390616078,2746.362907663,103744.134746443
29.3038867437159,0.201346809328807,1317.34869494402,224.464205378103,1442.02842697574,99.9810639711923,303.506489939454,2.20366436628145,6.74728567655169,5.67885104149409,21.850069597099,4.82794798361657,2729.28847650488,104896.687156958
29.17128788472,0.202266222088431,1307.62416345815,223.839163398028,1431.27095104463,99.2214916029789,301.713575439944,2.21135651983976,6.60739393451409,5.96687204169701,21.6003100697386,4.86215770380722,2710.05690194947,105672.855707287
29.0675821422335,0.203227215526126,1296.85300566212,223.091805399484,1419.25381103293,98.3823187668055,299.608483085098,2.22494029869296,6.48850068143808,6.25086210261879,21.3255051562095,4.89466300698186,2688.55358376404,105882.300833845
28.9877721930109,0.204154357464061,1285.98267945693,222.289127307621,1407.05043474168,97.5382990752977,297.415522925031,2.24249290242281,6.39354553385586,6.50793992826562,21.0448989911927,4.92396849453475,2666.70958884581,105885.967925064
28.9215097366662,0.204969329822981,1276.31482545886,221.560483924786,1396.13620156957,96.7909139864627,295.454322719426,2.26054150746477,6.31973072562025,6.71232339033122,20.779831530133,4.9492822020776,2647.21219785987,105783.59318095
28.8608370802614,0.205618582668783,1268.67023922737,220.992129398205,1387.44574617348,96.2042173941291,293.928502410508,2.27669428968831,6.26520387976114,6.84625701462965,20.5439839616553,4.9701151129457,2631.76461737831,105455.073830604
28.8050151017967,0.206077022022251,1263.27879888902,220.602106516796,1381.25038345409,95.7964703426343,292.894169480882,2.29005658900078,6.23077055166262,6.90481987427246,20.3431562437793,4.98604514094239,2620.84759667136,104829.334549778
28.7627770462706,0.206333636598731,1260.18561022546,220.385230544214,1377.61862830238,95.5713998091385,292.364181963083,2.29971566523414,6.21619838455441,6.89756396929722,20.1809642997955,4.99691703599173,2614.56389442651,104126.546262775
28.7477439862226,0.206381850408115,1259.39692379285,220.334732646075,1376.5792983453,95.5295442276148,292.347338713462,2.30457692910698,6.21903259147374,6.84281009309179,20.0604270045938,5.00292204372186,2612.94481433787,103418.980563776
28.768622419469,0.206226420468603,1260.73794021485,220.427814345694,1377.95256398153,95.6574280218829,292.808625530269,2.30438252428209,6.23693918357399,6.75635269253328,19.9814062469228,5.00440925034022,2615.64674612669,102689.158776191
28.8217611891498,0.205876427001442,1263.87279085855,220.619218723121,1381.36616700121,95.9289155926548,293.666613974248,2.29990613355219,6.26840851098773,6.64501106950367,19.9403126162445,5.00179436726652,2621.97562892522,101926.430584857
28.8858154988958,0.205328566799926,1268.45903497052,220.841028362322,1386.42940894069,96.3167874021482,294.823433034276,2.29249525716582,6.31220597800589,6.50467996852722,19.9317728444744,4.99553054300097,2631.18801680957,101202.775671632
28.9287458798731,0.204564808236248,1274.20428029417,221.01506255987,1392.80344759511,96.7972237964621,296.183238137745,2.28377732480535,6.36683778828422,6.32557560725085,19.9498318396861,4.98612323101722,2642.62136103876,100543.766581376
28.9265937492906,0.203562114110205,1280.81748440414,221.0698352478,1400.15759424299,97.3473145653563,297.652858124611,2.27594030885775,6.43404265511971,6.09896273301631,19.9890264614779,4.97360530396076,2655.62892800899,99509.2578535038
28.8751494363216,0.202307478772259,1288.2303278061,220.984071982181,1408.41711646696,97.9627156132628,299.198551631785,2.270777424146,6.52065166467179,5.81901658836355,20.048883501652,4.9570295760821,2670.05195026027,97777.3547920246
28.7904183977887,0.200829842767753,1297.03492085561,220.873225147598,1418.23661933013,98.6893984053523,300.955099655804,2.26705175802051,6.62878910197607,5.48891693373025,20.1397138241188,4.93550886566978,2687.13383642305,96004.7077468753
28.6972860713294,0.199188764677502,1308.14535728454,220.936762717438,1430.62116022996,99.5968156773877,303.14358139373,2.26196266070792,6.75334133013739,5.12046904739356,20.2769021634232,4.90889188548447,2708.81152409601,94381.2446587021
28.6147008993511,0.197450776393527,1321.9443069482,221.296388381101,1445.98889244362,100.713147548007,305.863018446365,2.25439810256805,6.8872350609535,4.72781206791806,20.4682810647514,4.87774099960608,2735.92524187388,93057.2348727585
28.5505463868043,0.195670158478664,1338.03645598503,221.938419332849,1463.90124539746,102.006551967231,309.029488844986,2.24569370193385,7.02171098386697,4.3246653392596,20.7098695123105,4.84353221166755,2767.69358557129,92154.5657004885
28.5056440253237,0.193869108791502,1354.86106626643,222.640168810746,1482.6416600372,103.356216410568,312.280002249372,2.24113435567615,7.1499857940771,3.91838182964877,20.9868858789044,4.80807411249152,2800.90402270851,91438.7987455945
28.4788513818619,0.192036209225244,1369.83641237655,222.999589965738,1499.37554492824,104.563432816179,315.005865318618,2.25028795213263,7.26865873459565,3.5093263635919,21.2779327884776,4.77307072797282,2830.21775170888,90812.7012542266
28.4688707200131,0.190148877295434,1381.36191237776,222.765758958895,1512.3445697212,105.504126727335,316.822559927877,2.28095874342961,7.37420902058885,3.09750771517497,21.5641961135362,4.74009619859353,2852.31770236209,90268.9177079918
28.4733474380933,0.188191474218944,1389.44716027331,221.940946254527,1521.55695286396,106.177026585642,317.723114481591,2.33663224407846,7.46116864272827,2.68806061539025,21.8351018915212,4.71054114985367,2867.21488641794,89814.8485281827
28.4862991125844,0.186160269815637,1394.97827022942,220.66358500354,1527.98434694081,106.64813353554,317.913117976602,2.41751693360859,7.52275663021296,2.29423748686907,22.0870904506858,4.6856001297051,2876.73696477306,89432.7281458727
28.4977746712275,0.184063791601968,1398.92652919751,219.083879527241,1532.69399491517,106.990707354013,317.626885200046,2.52091875571438,7.55288562937658,1.93505720555309,22.3199330763631,4.66619227419262,2882.89430104901,89112.8694849835
28.4980140817593,0.181918799542114,1401.98375898924,217.308393248748,1536.44666178787,107.257498824571,317.037356429698,2.64127903654567,7.54938576843945,1.62624877913235,22.534207512559,4.65263764505742,2887.12318700333,88707.5580380685
28.4817576343943,0.179737833815947,1404.59377891015,215.399839488805,1539.72994397991,107.482973406811,316.258022592879,2.77165059108596,7.51573648072849,1.37208260317741,22.7316868387839,4.64438083008809,2890.34247861686,88050.1914469713
28.4498611903611,0.177519281820187,1407.19089555251,213.407035405843,1543.01948944104,107.700601321873,315.399076842107,2.90590589219877,7.45609093076979,1.16584680409322,22.9183479900436,4.64051425215896,2893.43980479211,87359.9755187825
28.4074849749895,0.175249991926363,1410.21561310139,211.373658029405,1546.79587559607,107.94335410725,314.57217650412,3.04084706339444,7.37104221716141,0.996143704079618,23.1036634460406,4.640419483324,2897.30844693606,86792.3231113266
28.3599512703233,0.172929764409492,1413.82828762122,209.319020071878,1551.22881710048,108.221952743078,313.825170293455,3.17496969459229,7.25752617373203,0.85469397925081,23.2946405929718,4.64412897901559,2902.2745791735,86631.4161927972
28.3092198229749,0.170593686345943,1417.67361383024,207.22554084344,1555.91647118199,108.507662530867,313.091038069463,3.30410845310872,7.11116687967228,0.739371219374248,23.4898334065563,4.65233696533091,2907.62997630315,87124.4975222757
28.253066324155,0.168301375267124,1420.77106929474,205.02416886103,1559.765776616,108.725190272379,312.161367804851,3.42450340151816,6.93350880807455,0.648004270763271,23.6747115152539,4.66565804696174,2911.4086844574,87836.0703272064
28.1873470488675,0.166108964287687,1421.86611888115,202.619606977892,1561.38239436713,108.77962757641,310.765741647622,3.53813574721443,6.73163752811414,0.57500339951193,23.8258036842125,4.68445405251389,2911.09296790876,88522.1567195152
28.1097495543831,0.164034739681213,1420.31449893177,199.969913574345,1560.04946767838,108.623366311059,308.768885993037,3.65202777994093,6.51277330000217,0.512775653723977,23.9247814415025,4.70877977829914,2905.39758631296,88858.3256509708
28.0222820207355,0.162041557189463,1416.65475380784,197.132303161302,1556.36252765635,108.299161993959,306.292099351071,3.77555876006991,6.28223101524279,0.453994729570575,23.9702417386496,4.73798833451037,2895.4178302693,88538.2172608195
27.931014165327,0.160058866720726,1412.51085897907,194.254170335282,1552.12158340117,107.931984546953,303.692417393645,3.91169638922455,6.0400814823164,0.396121351066554,23.981112750035,4.77098732054595,2884.43255930827,88001.3535136585
27.8432859589621,0.158016704039205,1409.7784085778,191.499847681108,1549.429516325,107.666952856355,301.383962294796,4.05419845560153,5.78334768610251,0.340940291235608,23.9866639064916,4.8064972478131,2876.26259650952,87457.0554752406
27.7643875972346,0.155877939317269,1409.36809449477,188.929190655264,1549.30064911394,107.57370225015,299.564571439864,4.19424287807735,5.51084845731609,0.291371951563441,24.0097431424254,4.84335362737426,2872.73212320364,87063.9133470441
27.6958855841134,0.153651215921337,1410.98245822265,186.493913451123,1551.41026178093,107.629737864713,298.172285955333,4.3231326930598,5.22439566792526,0.249946466446562,24.0581098491892,4.88084324825424,2873.23148964751,86976.1084216541
27.6355240863234,0.151375264973624,1413.59442760276,184.09421350955,1554.62482750252,107.757620333768,296.989531958264,4.43446811493317,4.9301626108618,0.21779213423868,24.1249729060522,4.91847895066,2875.69284650377,87010.2409294834
27.5783867518296,0.149095437148282,1416.03549058948,181.632034636124,1557.65542336707,107.870155149754,295.769171372491,4.52512321097375,4.63811313177049,0.194546884106937,24.1955502546243,4.95569522488786,2877.77690171418,87061.2162685063
27.5194718336972,0.146840474137357,1417.55116688492,179.054137984755,1559.67175546806,107.912204227443,294.352932664607,4.59617444931453,4.35849335574416,0.178457241331935,24.2565045544794,4.99179562472527,2877.98436138585,86996.2118322098
27.456271304706,0.144612130852741,1418.03719012428,176.363051164951,1560.55992208924,107.87759671083,292.720377687151,4.65305555201226,4.09850210905777,0.167004081065572,24.3022312286491,5.02607405820864,2876.11837360196,86677.264639877
27.3903915826381,0.142393035378239,1417.98917874081,173.60885519133,1560.86117319959,107.804450085582,290.979829794682,4.70128685366487,3.85992926986795,0.158093986910986,24.3367396639085,5.05804702493687,2873.17572361297,86265.0429435894
27.3268960525284,0.140161823711568,1418.13809601946,170.856870130074,1561.36830732272,107.747460719881,289.291746855034,4.74350453818471,3.64011429301908,0.150586140151739,24.3699895962725,5.08752681228282,2870.61422705219,85911.4644279812
27.2709383371017,0.137912477817714,1418.93288579439,168.146942222635,1562.56053977286,107.739404049862,287.759490928618,4.77787535312104,3.43464929798506,0.144631243466204,24.4100167644332,5.11467934589567,2869.32423831797,86055.0932740016
27.2247334156608,0.135669644710782,1420.14933896114,165.469980324378,1564.17838486587,107.762612132712,286.350366574079,4.79603605090348,3.24098808270288,0.142221265334838,24.4546197970751,5.13997502780102,2868.86120253468,87130.7421445164
27.1878198120411,0.13349144307584,1420.57915396278,162.749843690676,1564.88774238182,107.727007573431,284.833551514028,4.78468465276499,3.06703342820594,0.147284750254177,24.4838694175919,5.16341827921759,2866.83886311491,88631.3658772615
27.1597713210415,0.13145938245642,1418.35031728016,159.876938717762,1562.63786440921,107.495797794398,282.853784235277,4.72920056247771,2.9351959576413,0.164858337657612,24.4637705971475,5.18376947581545,2859.58496799485,90241.167103986
27.1417319655581,0.129649829699678,1412.10615554855,156.802755485118,1555.95306413851,106.97341250138,280.179935765913,4.61973167069172,2.87156251389475,0.200641435502772,24.3637057561091,5.19907658608537,2844.48986891116,92160.5578038238
27.1348819949918,0.128143547765709,1401.67170009921,153.591636026357,1544.64851340765,106.153180662581,276.849306129448,4.44325381558314,2.89539889191802,0.267233708424619,24.1668399557399,5.20760658216668,2821.3202579977,94682.3775044336
27.1367079469453,0.127088954717,1387.76680192386,150.417903038648,1529.49000352407,105.095946280695,273.151743825515,4.16527172931505,3.02665319494918,0.400283615140119,23.8680346121602,5.20700827140843,2791.66618741139,97370.2192659304
27.1398151691328,0.126769155035167,1371.23626546038,147.496898116172,1511.33675201973,103.870902865105,269.504870234722,3.75822794837404,3.28469453611239,0.673558324022922,23.4714610978952,5.19471488109401,2757.41066821381,100011.620837281
27.1367685270253,0.12757732073334,1352.67501368739,144.992077275944,1490.76705616892,102.517413089357,266.277465547715,3.27746854542978,3.64638583439253,1.20054687354153,22.9890871737485,5.17387965015502,2719.90085897705,102553.283912081
27.1249010681501,0.129746541002857,1333.02795137412,143.087162270735,1468.78604684948,101.084891640621,263.736362865279,2.85125336068824,4.0257036761965,2.0998661227292,22.4389823514075,5.15605134468962,2681.09440253372,105002.745990925
27.1056465794094,0.133099935975211,1313.87797284991,142.187441423248,1447.14207403436,99.6668790408528,262.013452795051,2.56119517855139,4.3315995755789,3.41106652143522,21.847116066213,5.15247201851608,2644.22255071715,107334.747563457
27.0807514532443,0.137578939289738,1296.13413904353,142.806643640348,1426.85188737375,98.318215373031,260.955502286632,2.39439845094705,4.53079907518669,5.05579637499531,21.2456062060518,5.16529823603549,2611.22660166321,109474.614801865
27.0503898769202,0.143293787898527,1278.89086178019,145.131603151503,1406.93548827334,96.9723203156307,260.111529345363,2.30831183304769,4.64362159716995,6.89721063569713,20.6629498859858,5.18928796256541,2580.3528485508,110947.980059169
27.0142225820158,0.14995767632263,1261.20700261757,148.937738667077,1386.38801594383,95.5692423773764,259.153488651744,2.27250943716809,4.70846534611694,8.79149175514185,20.118799075944,5.21748174326323,2549.56987408306,111476.073985996
26.9732753307583,0.156970975429644,1243.88750234424,153.821840715679,1366.14048073106,94.1822325876125,258.164111101778,2.26657154445269,4.7527832348102,10.5894601870445,19.6272228944618,5.24503307377464,2520.13445426141,111627.553104682
26.9294917638518,0.163957905797789,1228.7069340721,159.42731555339,1348.18589280036,92.9539519507517,257.436524678832,2.27458056298673,4.78864057548496,12.1561739747607,19.1966966084926,5.26967429520372,2495.21217000273,111568.26962154
26.883683919547,0.170639755884038,1216.92874703394,165.513214701354,1333.9434799292,91.9844238573726,257.189642602887,2.28620823104265,4.8259772560963,13.4122734231638,18.8286212961806,5.28991027066709,2477.0714813323,110815.868659713
26.8337477778598,0.176617754339429,1209.14243656715,171.864457875176,1324.09821844445,91.322318165277,257.535060521455,2.29634898396105,4.87836811615733,14.3368394596658,18.5255210576468,5.30370041304834,2466.72184043446,109020.437532985
26.7737762710352,0.181627244299875,1205.97417695368,178.230523531889,1319.39523534317,91.0208869340389,258.615459380263,2.30017317341904,4.95368032060205,14.9521034321899,18.2994835568382,5.30924128702158,2465.25063927113,106903.695421795
26.6988083977806,0.185599817243539,1208.02728502285,184.398253739626,1320.55185693475,91.1314184769491,260.581308608164,2.29278927455616,5.05230049067289,15.3013105733251,18.1652582516641,5.3056145679715,2473.73396135545,104693.136945619
26.6109351869725,0.188692288983703,1215.2585237947,190.286901380901,1327.54058848478,91.6525144130754,263.45337715451,2.27179706356464,5.17247415820922,15.4295881657288,18.127738612631,5.29279631243815,2492.06520047561,102640.028857619
26.5181512767442,0.191179058054941,1226.93498397919,195.935286483264,1339.54090705325,92.5262317065347,267.112281684216,2.23780221767473,5.30964675045293,15.3778236726467,18.1796702956535,5.27189599053025,2518.85987544222,100972.390661641
26.4295109560082,0.193306064221492,1241.84189853932,201.395199582042,1355.18907569312,93.6563642751832,271.329783432125,2.19400884642594,5.45822204517099,15.1777172026298,18.3045794071229,5.244707997088,2551.79213348889,99717.5535415063
26.3502200208689,0.195234189610456,1258.51953602802,206.661580655015,1372.85488138649,94.9285088948376,275.811723082667,2.14512456522589,5.61312253392498,14.8515618034213,18.4806424322642,5.2132447303503,2588.01350638294,98871.736939678
26.278363816746,0.197043302660872,1275.5392423462,211.682996330367,1390.9484826425,96.2314265407783,280.262538292672,2.09597137537333,5.76882670865933,14.417687832523,18.6850986367989,5.17962272169698,2624.70250209542,98477.4060997391
26.2056771951669,0.198768137391593,1291.63783560242,216.381038443154,1408.06796962059,97.4674017469062,284.417045249737,2.05079125271577,5.92012375800165,13.8940309167669,18.896380332028,5.14584051568856,2659.3414329986,98443.0950858809
26.1213072990705,0.200414346301793,1305.75193007131,220.648106459517,1423.03913833619,98.5554662672834,288.043278540676,2.01306291744606,6.06506511628873,13.2989991919089,19.0944590856051,5.11334206734277,2689.78097919906,98545.0943338499
26.0166327557345,0.201962833505642,1317.19080126122,224.373882587524,1435.10529596828,99.4443023442487,290.981023147699,1.98485536089044,6.20452919848869,12.6519694233903,19.263308638686,5.08294113443551,2714.59561153336,98727.5074237649
25.8885132897477,0.20336498760384,1325.77974541614,227.485195943018,1444.08201097632,100.122346036183,293.179201862204,1.96677017303096,6.34195772050512,11.9699556666457,19.3940054887377,5.05469482871809,2733.39208425366,98719.7090929449
25.7393036678375,0.204556753295834,1331.89040423573,229.971990164737,1450.38869702569,100.619709200672,294.709928498383,1.95810354575635,6.48426200896637,11.2629508604492,19.4870208231366,5.02765975643111,2746.89027931011,98228.3868212879
25.5745960025194,0.205498552454191,1336.53549067261,231.946182473399,1455.147192963,101.014138628877,295.806103570359,1.95613609301035,6.63492969154598,10.5360842367965,19.5547443763143,5.00072621817376,2757.15520902143,97564.0233740867
25.4010436037775,0.20618943039784,1341.02172320617,233.615998483505,1459.79612526958,101.404220190317,296.785360701145,1.95722262148243,6.79138269029163,9.79386875956376,19.6169729195295,4.97323082142254,2766.89989991051,96825.6256201067
25.2254730748599,0.206655860816472,1346.04436230728,235.125022485592,1465.09813580859,101.841364862945,297.830836002931,1.95940903432933,6.94926887978242,9.04338282007724,19.6905255330746,4.94490984794219,2777.59745191982,96100.181101062
25.0548460126873,0.206928843892461,1351.47073449559,236.489521002515,1470.90393228746,102.313846140938,298.930077748107,1.96324330802063,7.10416321836681,8.29566349982947,19.7836368463589,4.91595880605636,2789.00786824641,95450.4318319294
24.897037671583,0.207019281223579,1356.92190282942,237.662532765692,1476.79270498553,102.791659343153,299.998103424503,1.97023459795713,7.2538367359962,7.56201355105797,19.8966167224191,4.88667711189345,2800.35419038079,94778.3629108239
24.7603194479464,0.206916043155464,1362.13955559255,238.588280569496,1482.47680944732,103.254538603159,300.96473413753,1.98165583623969,7.39794618229976,6.85116376674152,20.0260578151053,4.85728833742917,2811.08107635802,94108.998977637
24.650618841011,0.206612273179345,1367.08237874415,239.247214057731,1487.90645151684,103.698608221289,301.81016438284,1.99805156858443,7.534289325926,6.17047931583128,20.1689672350567,4.82825296685086,2821.08259983709,93633.7431762188
24.5704177068845,0.206130353272566,1371.72539247846,239.654828495526,1493.05038826812,104.120739349665,302.532855767639,2.01958447660762,7.65689293291763,5.53002408081696,20.322609355181,4.80056598411756,2830.31972996078,93528.5240609817
24.5214810975141,0.205516599205577,1375.76612513488,239.815016326802,1497.58165994005,104.497078452296,303.092253472659,2.04659078803493,7.7597131287938,4.94740246483185,20.4816199510309,4.7754214935867,2838.22783988108,93560.6631734184
24.5070063421658,0.204830388275103,1378.70666597757,239.711062632476,1500.97009749192,104.789819545012,303.424527477451,2.07833258937733,7.83830951492364,4.44776118690712,20.6384231721547,4.75394656375373,2843.8704691978,93741.2182803264
24.5295692275937,0.204131573293709,1380.20819930879,239.343364287466,1502.86046129836,104.973596733476,303.501895215085,2.11170361201894,7.88890233331462,4.05386015615605,20.7862796056543,4.73711921944605,2846.63390862787,94138.8338654846
24.5872949882927,0.20347735042182,1380.15022565743,238.739233040085,1503.12534492743,105.039276954676,303.33279751428,2.14207832374174,7.91004693325983,3.77779882840006,20.9197476625061,4.72549219006531,2846.33019891209,94700.0799393202
24.6706688387885,0.202930218673137,1378.53625323378,237.954091608701,1501.750042793,104.985543289091,302.953684360968,2.16454754721538,7.90226858744906,3.62567910190671,21.0352689183928,4.71924424269311,2843.01094293595,95330.7851978328
24.7641158343218,0.202559438147732,1375.56744589232,237.084929678827,1498.91362244885,104.824301063027,302.455981060822,2.17442656534982,7.86630241602764,3.60391591549648,21.1329229597643,4.71834420750947,2837.12679032364,96007.0528276595
24.8530346458703,0.20241519115199,1371.65367646909,236.248853453617,1495.02291983678,104.583499491003,301.971853040082,2.16901698831559,7.80344187363241,3.71535637972565,21.2158093518271,4.72249685375204,2829.54431297938,96704.4330731223
24.9281291113923,0.202514843543901,1367.20748424705,235.547043327889,1490.51020445949,104.293279495968,301.604206898011,2.14990101717634,7.71738259461345,3.95139778491587,21.2872939768335,4.73099478696087,2821.12750632893,97322.8944286061
24.98353260637,0.20288210244128,1362.55826910343,235.092752872373,1485.75066889523,103.979752588301,301.391449737201,2.12254471047639,7.61517022343762,4.28607391751613,21.3490716760906,4.7426721683448,2812.59326833162,97800.5572703356
25.0150411260919,0.20356696339704,1358.07556374085,235.040151700796,1481.18691411285,103.673500879637,301.346452766648,2.09287661739681,7.50596490363904,4.68025597297448,21.4022977661679,4.75604051333594,2804.76877555899,98115.4120444981
25.0224645305072,0.204613568808658,1354.17895986243,235.527699337094,1477.31063322638,103.408748730071,301.501410375677,2.06393713178898,7.39632095134837,5.0992833311997,21.4501459389457,4.76987618217216,2798.56611776128,98482.2126847548
25.0123347761694,0.20604018329714,1351.06428222074,236.605333730168,1474.33975216468,103.201260669159,301.876455169646,2.0361010405338,7.28641958524833,5.52582787677255,21.4960825907187,4.78389203820431,2794.39243576585,99151.8115952472
24.999882229242,0.207823040280477,1348.36718536717,238.18224579003,1471.84095367944,103.023292117721,302.391987357358,2.01029257951825,7.17549352744533,5.95104291246882,21.5379373805625,4.79830026445456,2791.44290055538,99847.7199779704
25.0054364845146,0.209903861534498,1345.36920205011,240.067536298136,1468.96847127736,102.820211881699,302.889382619015,1.9886657933579,7.06548009668856,6.3630541898769,21.5677130658806,4.81327397245518,2788.12849076477,100466.640236895
25.0440306514024,0.212202663588959,1341.71589676134,242.106442218952,1465.28552682386,102.56549750024,303.281006778181,1.97249119833231,6.95943952033524,6.74748918579411,21.5791650223222,4.82872073863299,2783.5970485639,100898.282221771
25.119366392595,0.214617028511066,1337.63460205411,244.21924133382,1461.02209481063,102.277189832997,303.598013003799,1.96128205823265,6.86154396613614,7.09052901793321,21.5730774907403,4.84398302041092,2778.2016669985,101069.299360673
25.2258301312996,0.21702098053649,1333.53518493317,246.322650957508,1456.62492207861,101.986205216686,303.905708218435,1.9536759116361,6.77481108199262,7.38379620264952,21.5565144795824,4.85820085063855,2772.65719463486,101139.834764936
25.3543406417092,0.219284358582505,1329.79519010851,248.319711826591,1452.50531119884,101.719731093134,304.260578808426,1.94826026828363,6.70031751997878,7.62546452595319,21.5379051410012,4.87070564159872,2767.60333730891,101167.083666877
25.497184361248,0.221332296740834,1326.64262932807,250.153860364333,1448.9108702056,101.493384686566,304.694999832479,1.9438687965934,6.63677435244033,7.81877790291307,21.5224095494517,4.88135747741368,2763.42543467015,101317.385437282
25.6479668468989,0.223164006699284,1324.03973781952,251.816792771299,1445.80101778832,101.302924386746,305.194838033569,1.93993669899023,6.58001360712074,7.97049565223906,21.5094234731689,4.89076404793256,2760.0400170779,101718.187961107
25.7962868242169,0.224803160686384,1321.60232263415,253.278557838993,1442.75943285966,101.118615292528,305.662607390478,1.93726883226521,6.52791634016135,8.08413873830475,21.4912819054457,4.89964000917361,2756.67576040581,102152.492163913
25.9269284738344,0.226263716932725,1318.80301093198,254.463177311105,1439.21634730481,100.900750470815,305.953602036639,1.93744307425571,6.48209542612234,8.15733455892357,21.4569400636815,4.90834904822292,2752.24376123539,102556.762379733
26.0277972855442,0.227537931799612,1315.36792134039,255.310875265226,1434.88246855075,100.629558689294,305.980546841997,1.94149047398639,6.44533851451061,8.18577795885655,21.3994496133551,4.91686138366668,2746.16273968554,102825.015558156
26.0961906318929,0.228612146895419,1311.41888044923,255.826869395019,1429.91518303054,100.316528300302,305.763212915685,1.94932323819117,6.42047860054168,8.16479839910759,21.3197995986986,4.92472065758974,2738.69213050353,102883.393133639
26.1396867174236,0.229497702541995,1307.38606292495,256.105973612234,1424.84445623702,99.99861246846,305.423044371508,1.95968912041405,6.40737638923409,8.08923399448351,21.2262669285642,4.93151704090346,2730.80973548701,102884.660631077
26.1711896559782,0.230230127580892,1303.74655177234,256.291309003367,1420.27672414072,99.7174546660542,305.11568862697,1.97103759736745,6.4027643198621,7.95465278841593,21.1295155325252,4.9371754082727,2723.65845629947,102873.155604567
26.2010712818201,0.230812586466627,1300.77182672106,256.468103860394,1416.57463024164,99.4982049321013,304.938090246241,1.98297442655713,6.40808063722855,7.75678175967825,21.0377219319197,4.94109916084064,2717.91364547327,102328.613882267
26.2337845020591,0.231179802863599,1298.81161579308,256.651447914973,1414.14386020073,99.3703369391599,304.971304102783,1.99556736502816,6.4329241116658,7.48895595130034,20.960426096833,4.94143669525825,2714.28992030388,100891.853792636
26.2700625315052,0.231246881935868,1298.83878858718,256.903502749731,1414.02744487263,99.4078084746929,305.419937317605,2.00657966323698,6.4824512745652,7.14744571483163,20.9157201380681,4.9364327123954,2714.69349666843,99323.2015124157
26.3100246900983,0.230945101453461,1302.03837700461,257.339939402643,1417.47674058016,99.6981878756903,306.537090747419,2.01295258147692,6.5533326028155,6.73446581841672,20.924193655519,4.92536040218271,2721.45904764746,97832.4035099411
26.3537731705745,0.230255362571029,1308.85388784757,258.009985495432,1424.93886704141,100.272320908446,308.41117936944,2.01422694207453,6.64166227017008,6.25643308152591,20.9960967351536,4.9081690559497,2735.44012146362,96328.2667103543
26.4003368485115,0.229201813642244,1318.92466195461,258.869742671987,1436.00261841455,101.100790241458,310.952411332297,2.01274045329871,6.74471494643377,5.72422042475396,21.1300736907206,4.88531542325761,2755.88208588093,94727.553545013
26.4462786057825,0.22781685794864,1331.64873209917,259.837166631113,1450.01176970263,102.136873351607,314.017902566873,2.01169534372309,6.85875729524751,5.15402799671196,21.3202802663162,4.85765197603252,2781.55233600323,93190.5136145701
26.4864268387172,0.226120976949284,1346.52692640839,260.836465390948,1466.43083462608,103.342141357144,317.486359559195,2.01419823234986,6.97836099839169,4.565212944219,21.5609859869235,4.82625428121348,2811.4293638446,91772.4904320027
26.5167974917826,0.224135047443472,1363.01529346766,261.787368732195,1484.67391246806,104.674304643051,321.223947986032,2.02390168214481,7.09736045520093,3.97544018472262,21.8461775324083,4.79232029796123,2844.39826172593,90496.5892635501
26.5365493557927,0.221885223871426,1379.72037246465,262.471199265994,1503.22227465292,106.024653756629,324.899368858975,2.04744197137503,7.20867657788445,3.39916387049384,22.167781283044,4.75730870402474,2877.58372094286,89377.8196094217
26.5484186047238,0.219391845593819,1394.78204672879,262.595256665335,1520.04431077398,107.247426504219,328.072042076447,2.09427862790561,7.30464656431989,2.84787880593326,22.5146141399765,4.72295336076744,2907.14350864341,88383.9600359517
26.5575389446191,0.216667370594891,1407.24346887299,262.023544049212,1534.09423254846,108.265527325988,330.51156836655,2.17306587831267,7.37613002484076,2.3312823737694,22.8748809957903,4.69124533566569,2931.10729064422,87497.6123329185
26.5689005994784,0.213725345818039,1417.18644953381,260.795309870649,1545.45955279843,109.081162238844,332.232233788544,2.29076813975763,7.41150381137307,1.86008845575069,23.239037767214,4.66441659782378,2949.65534286281,86685.508033798
26.5856009520661,0.210594129175528,1425.2107985816,259.036330038567,1554.79093143677,109.736140175826,333.373884579454,2.45188649406427,7.3977068445912,1.44725359600172,23.6006476646046,4.64474455971777,2964.04015577632,85910.6338373646
26.6087679947446,0.207326699850866,1431.98887276386,256.883956989985,1562.81523059625,110.278483044892,334.099356815859,2.65446666494978,7.3232646020413,1.10565166455529,23.9563560244579,4.63411016197624,2975.66541956832,85203.9385606472
26.6383775917405,0.203994963979565,1438.03605599733,254.448694353341,1570.08568717884,110.746214317606,334.540199697078,2.88491797463931,7.18387945002913,0.841740380422059,24.3052175360176,4.63321831572707,2985.61261794512,84578.4697230625
26.673991357957,0.200667492284467,1443.62981635259,251.8030475637,1576.89459732257,111.161963745325,334.775691345094,3.11946010136644,6.98626603580093,0.65042057825411,24.6473135797954,4.64111534251849,2994.47576932715,84089.0115010086
26.7151336904944,0.197389181471988,1448.82078852764,248.986931885334,1583.2866518758,111.532948938967,334.833517779005,3.33479598248998,6.74504119864288,0.517409731622654,24.9821935174962,4.65572293729976,3002.38620758611,83811.0047209585
26.7613192104606,0.194178893782799,1453.45612652605,246.012231067222,1589.0867721942,111.851074012604,334.692326553195,3.51879182833721,6.4766684337258,0.425927694951472,25.3069180528893,4.67483359920898,3009.06023683179,83655.2052344406
26.8119143301748,0.191040569392141,1457.27538671215,242.874402688449,1594.00650414375,112.099168108188,334.302841340392,3.67122802418219,6.1947335953877,0.361958117841498,25.6159188186503,4.69680835409937,3013.99397700764,83559.8999751444
26.866125467107,0.187970202124689,1460.10198926087,239.575315357408,1597.8522937808,112.265564857761,333.632965278187,3.79778866041616,5.9083229950019,0.315669169991295,25.9036734782207,4.72065586379919,3016.8520937599,83484.9247278163
26.9230633408292,0.184957717526619,1461.95488168839,236.13570156348,1600.64490068689,112.352932411509,332.693675213999,3.9055345792706,5.6228649230366,0.280564642133144,26.167088661226,4.74577528114112,3017.69205647574,83394.6999926259
26.9816456282624,0.181991391592889,1463.03273322122,232.594385992814,1602.59892363108,112.377225255124,331.535828770291,4.00049759740724,5.34105150295032,0.252539913063647,26.4062543798308,4.77177964537443,3016.93038481588,83312.1809290484
27.0405294112543,0.179062683257,1463.61835242285,228.998797443904,1604.0169216077,112.360460524436,330.228747264527,4.08684138600713,5.06374809484411,0.229138896272678,26.6235185357732,4.79841785448069,3015.14901497289,83252.4402397796
27.098443007672,0.176170371242694,1463.94647805518,225.390183308085,1605.14666539235,112.320735230124,328.831062734626,4.16640884761614,4.79082538148138,0.209177951345661,26.8215947077102,4.82556156354384,3012.82984710231,83301.2943633668
27.1546146628346,0.173323402183686,1464.0940803852,221.792446480859,1606.06371404082,112.264072997577,327.367453676978,4.23823275445828,4.52199001523878,0.192507570952092,27.0014565489068,4.85320102844551,3010.13690993613,83589.9168458634
27.2087871128762,0.170537937978841,1463.88788427318,218.201013096798,1606.57103809236,112.177666311413,325.807488663049,4.30027779586339,4.25893274020495,0.179351864099444,27.159780021908,4.88129067468243,3006.7293628561,84003.3236611802
27.2608225149277,0.167831125749758,1462.95507213867,214.586442871537,1606.25411882586,112.033990427794,324.077216690212,4.35115191731146,4.00624346242114,0.169807493683802,27.2889547858295,4.90962248383283,3001.86257903714,84451.8812033891
27.3103177222994,0.165209522093494,1460.99306388772,210.921980371799,1604.77715189581,111.811338543276,322.118856238635,4.39161482191886,3.76990806345056,0.163382461357392,27.3813204959339,4.93779643480759,2994.93254611723,84776.979578741
27.3565544969334,0.162660898368814,1458.07063813499,207.214817026161,1602.21427335876,111.516336196693,319.955131974936,4.42544048736612,3.55507753934435,0.158920492284245,27.434371684473,4.965247009255,2986.08270148427,84786.1459138425
27.3988936800764,0.16016160074039,1454.81402851289,203.531175300472,1599.25415795426,111.197666352248,317.73185141025,4.45559809535832,3.36333024112448,0.155430665279885,27.4547941503383,4.99139620709519,2976.58470565485,84653.9313261411
27.4372394276752,0.157689049727659,1452.10543338063,199.964987762607,1596.86848693487,110.922910147799,315.652054145885,4.48217816311493,3.19295101593513,0.152464406033378,27.4565262925189,5.01571918121881,2968.22951415319,84492.65949994
27.4722252098345,0.155237071806601,1450.46150382216,196.5706243363,1595.62736570845,110.731312627611,313.838968118793,4.50268889301465,3.04123829538605,0.150321700135198,27.4526656008148,5.03787268426068,2962.06873203881,84601.770927025
27.5064467960067,0.152826145601809,1449.74614062563,193.339922945071,1595.38162119271,110.612424954315,312.276264809451,4.5106870958463,2.90628197493198,0.150430414733917,27.4474044011919,5.0578840992023,2957.84043332047,85407.9169824897
27.5490641523295,0.150487614495528,1449.03432286055,190.181068374015,1595.11164896391,110.496380805536,310.778059904074,4.49986871522031,2.79111156641823,0.154619011618104,27.4294869101918,5.07594901466819,2953.68814704737,86543.4099485515
27.6191304324017,0.148240727944264,1446.83095369122,186.926212053715,1593.1671818794,110.270981677555,309.038851143025,4.46796102643061,2.70464858775245,0.164336467190225,27.37397795251,5.09221150228832,2946.59226776632,87734.3767795917
27.7396071915218,0.146081796008374,1441.96390741701,183.4277597212,1588.2513763366,109.849370430809,306.829055899876,4.41566239622136,2.65594628885438,0.180673169229858,27.2564381880392,5.10676296129368,2934.17768223016,89003.9230430053
27.9264312761739,0.144019739468016,1434.22770301721,179.649927823791,1580.13061203843,109.218842144323,304.140350095927,4.33476672114443,2.65269471945262,0.208612269995913,27.0647043757787,5.11919404037053,2916.03636712482,90476.9848807537
28.1791829068988,0.142150184425042,1424.32934102063,175.700824032717,1569.57034859992,108.439574434237,301.215787013251,4.18389070079445,2.71670856861752,0.267316006688614,26.8002076307931,5.12639102690894,2893.66989068558,92009.6037963639
28.4793176235465,0.14070600694708,1413.25069608709,171.773191086019,1557.62364694846,107.598066698043,298.454888468586,3.9021524746218,2.89529320108444,0.396028881239882,26.4730420675107,5.12129757495779,2869.22634905883,93519.7868442733
28.8008855826372,0.140025804766706,1401.53306797812,168.027792717125,1544.84649494362,106.743943623224,296.206275018001,3.47438767510197,3.22446062232124,0.658259443632729,26.0946869532502,5.09853598549946,2843.98747452412,95286.4617882763
29.1227326399758,0.14039519809469,1389.21149575403,164.601894796964,1531.24844712375,105.871560769154,294.625225137073,2.97212213288099,3.67252841377002,1.14741342045949,25.6723335117231,5.06254081481415,2818.17917554106,97628.4454197739
29.4280785420512,0.141850299272281,1376.04028988049,161.78142460263,1516.55913087868,104.934540090841,293.614741193523,2.52853600063209,4.13455396920221,1.95323628194474,25.2082003712405,5.02812617037486,2791.48776802059,100095.988121878
29.6986730194163,0.144337866937847,1361.5876344328,160.046342771014,1500.3286174066,103.870326928234,292.862364530951,2.22908413198776,4.50388159844734,3.08424860418699,24.7055503598929,5.00986357114991,2763.29965066868,102480.726058664
29.9170776349891,0.147727691712431,1345.82545006406,159.82686452313,1482.56409877623,102.666841175601,292.091864401187,2.06201474527772,4.74697145576652,4.43684362023567,24.1798933294133,5.01099019001555,2733.74610422664,104007.089932306
30.0762960776795,0.151477452132645,1330.17667608975,161.27214479795,1464.87345812407,101.444059716358,291.370541356223,1.97977675406327,4.89989214125891,5.84383561927476,23.6653669342421,5.02383988904322,2705.60438889626,104107.77434204
30.1903562754109,0.155095635629423,1317.04683701809,164.205503176516,1449.92585417327,100.403105962692,291.039440536017,1.94147096544333,5.01041881459649,7.15290892048256,23.2071304434138,5.03866913566967,2683.33875907777,103769.96738706
30.2879206501438,0.158562624112486,1307.86496578115,168.255107419904,1439.28409721896,99.6644170884998,291.299967243777,1.92172826374526,5.1060067442937,8.27079317312323,22.8397406994321,5.04945544135803,2669.38077466629,103268.763721215
30.3921454745662,0.162022148565716,1302.67272098624,173.066753143783,1432.97812963534,99.2353126257932,292.126861190994,1.90809708346698,5.20184931604721,9.16309458407593,22.5717838538284,5.05361718103349,2663.51459503986,102386.192214468
30.5088770913721,0.165485134124918,1300.99821261429,178.366738101,1430.49438441314,99.080566296402,293.440734432722,1.8952698515578,5.30809331858995,9.8325281767849,22.3947531550091,5.05039036322735,2664.63865021181,100979.713064783
30.6268829979906,0.168846813508479,1302.66708635557,183.896080794536,1431.67544821807,99.1880078739454,295.254088567378,1.87992765975399,5.42818452025174,10.2971629632267,22.3008491223426,5.03991306654322,2672.2825627547,99453.3641043607
30.7281134743693,0.171950239593481,1307.7755436116,189.404094364356,1436.67206552695,99.5670927592237,297.635833292805,1.8594682267679,5.56035525559424,10.5781070429373,22.2876933796559,5.02267463918732,2686.5162638517,97946.377837468
30.8004820254428,0.17476201754208,1316.20560593809,194.747393677144,1445.38067592047,100.209228059084,300.59801122851,1.83242164505386,5.69849652545193,10.7003080754855,22.3513439811746,4.99981009991319,2707.0498295368,96971.3045593179
30.8420161737619,0.177373254952115,1327.28664836176,199.921110218691,1457.05807551203,101.059909907392,304.031835524172,1.79919002965976,5.8295757481503,10.6980035943477,22.4791594811192,4.97391387358437,2732.59211643465,96962.0044776577
30.8577305363053,0.17983966605316,1339.41302974677,204.898274391403,1469.91768797931,101.992362757873,307.600934157815,1.76406315775554,5.94565101948792,10.6017291606674,22.6433113895809,4.94770287095829,2759.9917216673,97229.1669098904
30.8550587230983,0.182196659793254,1350.37841434088,209.521196660383,1481.51906171776,102.835921076467,310.800618715595,1.73345723601306,6.04903192973079,10.4281108810553,22.8060217491691,4.92297641195158,2784.81861624285,97544.3777616451
30.8402594012504,0.184425266424452,1358.2315870044,213.53861072119,1489.71861992342,103.442071205209,313.157429788371,1.71308648603849,6.14899285156354,10.1796886923813,22.9374161341783,4.90009234122107,2803.07035111491,97414.0694074895
30.8171113522203,0.186428202830111,1362.45772616411,216.778947147874,1493.97063614384,103.774811516084,314.510458778664,1.70526906006042,6.26150794611696,9.84858153403216,23.0293342999905,4.8772599972365,2813.61115842032,96446.0781215124
30.7868337407776,0.188125488621015,1364.75831966675,219.372193564935,1496.17366536767,103.967398585612,315.231102597115,1.70587992253878,6.39449055447595,9.4350553328594,23.1006147773292,4.85235412094401,2819.86937869919,95361.8452162188
30.7491957487915,0.189492263801208,1367.67556539098,221.65520199003,1499.14284881918,104.215160186094,315.925094219713,1.70795138879698,6.54308507401676,8.95523513057295,23.1833004577817,4.82434568323001,2827.08193826113,94389.7965608708
30.7043307963195,0.190564200203345,1372.46382702508,223.864499394232,1504.26139066923,104.613213132368,316.921513827307,1.70772515927605,6.6995965059391,8.43190827199293,23.3000324765268,4.79314024741147,2837.89726586791,93572.4468888315
30.6532073978247,0.191411802718789,1378.82888040468,226.048899117333,1511.19525207723,105.137174270056,318.192153581307,1.70569013889573,6.85714933358374,7.88670910583932,23.4557761761419,4.75950550640757,2851.79121428357,92922.7804619932
30.596925257349,0.19209907929121,1385.80819767767,228.148429660111,1518.87005054761,105.711503414044,319.542911730985,1.70441869291473,7.01106666421693,7.33367349831237,23.6430104557947,4.72458026981292,2866.84369260193,92364.1845893528
30.5361227767037,0.192664323300791,1392.51577009999,230.081733322164,1526.29776063139,106.267078095229,320.784959383216,1.70660807807766,7.15870410499693,6.77830399965761,23.8502775271831,4.68942264917091,2881.2627797368,91857.1787839878
30.4711197016738,0.193121292875314,1398.48361753039,231.797906479556,1532.95515694794,106.767222708858,321.817716245003,1.71405740275427,7.29771697015092,6.22284471514982,24.0682916373728,4.65491503234701,2894.09417964943,91437.1581501917
30.402540224698,0.193468521979893,1403.61582070856,233.281858457898,1538.73222371749,107.20387591708,322.622273248403,1.72768849762002,7.42505553622376,5.67056869671193,24.2913022692688,4.62183195246148,2905.1368437998,91150.6915367481
30.3323040205073,0.193690715724581,1407.95392091837,234.5231225345,1543.67214514921,107.579628073413,323.20785140006,1.74831508363984,7.53817169275133,5.12461339715213,24.5149707487903,4.5907923187894,2914.46089091691,90919.0780519644
30.2637567893962,0.193760778227132,1411.54655593452,235.498417295291,1547.82665689199,107.897715455443,323.582290507734,1.77719399816309,7.63544717510584,4.58635991462683,24.7349539853066,4.56228128200545,2922.13961697102,90710.5060063981
30.2001872787138,0.193656375673854,1414.47974932881,236.194794003662,1551.28850571259,108.163909776892,323.763615790761,1.81589407991245,7.71400062085483,4.05830710425828,24.947789128018,4.536914030243,2928.32747715755,90607.1842704636
30.1441624011732,0.193381640503124,1416.84248860583,236.62944567811,1554.15393692925,108.383626871153,323.779008241659,1.86588620447187,7.76821935813823,3.54957617842794,25.1509104600142,4.5156519647189,2933.21207765875,90707.715522197
30.0994926255947,0.192978117590435,1418.58276935327,236.83910843114,1556.36853001625,108.551646088635,323.638729554441,1.92747700832196,7.79224592900064,3.08158110831931,25.3409052666045,4.4995652819293,2936.73435829421,90894.8914300185
30.0725031078075,0.192522799355821,1419.508487103,236.865407862341,1557.73051542252,108.653158260144,323.336252741685,1.99713229422679,7.78321623138039,2.68583377811966,25.5134164330142,4.48937497498169,2938.58228847427,91114.5058771445
30.0694763481414,0.192112911999335,1419.48813370159,236.760326474535,1558.10485619356,108.678959987255,322.883386166415,2.06522620177858,7.74092312191064,2.39089797655411,25.6652254930319,4.48534512957354,2938.57326961499,91577.3692588604
30.0937624597067,0.191853197412894,1418.47127241694,236.584598578228,1557.43303325067,108.625964267412,322.307938504273,2.11739960004326,7.6665138572972,2.21470932150498,25.7932977372437,4.48750225965604,2936.67616568287,92536.2140070886
30.1448984678672,0.191831825464607,1416.21839067113,236.358823332722,1555.4207514485,108.475744077671,321.592682455376,2.14007964210053,7.56617788438566,2.16810319497919,25.8901761492262,4.49540218296952,2932.43451540338,93668.7596936311
30.2193237339802,0.192096703634354,1412.23767374123,236.030914790022,1551.46772443157,108.189497994856,320.662048101661,2.12658272544873,7.45090275029197,2.26064312822224,25.9448130026793,4.50813274089244,2924.81888538208,94819.8571452184
30.3122827080281,0.192638794242693,1406.28746599541,235.547664971672,1545.24812034738,107.747169612849,319.488669613191,2.0809155581688,7.32920573260303,2.49909187704821,25.9501276815782,4.52489052824321,2913.27988459826,96024.0347058172
30.4170233084787,0.193403236519304,1398.78764087596,234.94606646697,1537.19217372315,107.179615128527,318.173546960833,2.01632289611066,7.20328545423945,2.8803164091283,25.9060675746873,4.54533611298117,2898.63645811008,97335.8317204543
30.517663650958,0.194330473192506,1390.50347111114,234.344644522576,1528.14893960434,106.54460734362,316.862789792403,1.94904282595021,7.07229026869494,3.38030259411554,25.8156286405471,4.5693522691584,2882.45663756121,98643.0679695852
30.5875205951623,0.195388879886789,1381.91931833603,233.852257619784,1518.6863866813,105.879126922027,315.611863461393,1.8914544318227,6.93727709885145,3.95307304173757,25.6813085576735,4.59655321854935,2865.76395495507,99890.223017584
30.6022737209982,0.196562520430341,1373.21851071041,233.523425130743,1509.04440080158,105.198361302021,314.407754274098,1.8484111481729,6.80293068201085,4.54881744552611,25.5065927360572,4.62598864072829,2848.95890480719,100981.358011178
30.554296986009,0.19782094951937,1364.67962878687,233.37827306325,1499.54811139029,104.525852342559,313.275717408013,1.81865858599966,6.67617961657304,5.13102142597723,25.298795939602,4.65620224934262,2832.59499896763,101837.104491927
30.4593094991375,0.199113131073537,1356.42376485804,233.359200272888,1490.31169669987,103.872403456704,312.222778919658,1.79895033928078,6.56215193012526,5.68279369251064,25.0690509874256,4.68580802169867,2816.83678716748,102544.547167752
30.3481581657739,0.200379305006393,1348.21178816875,233.335330889522,1481.02309901323,103.219522806955,311.183034703487,1.78706274953317,6.46286603529172,6.20188660057378,24.8285520708615,4.7138796270736,2801.06929967998,103125.490637932
30.2474657890632,0.201558962229652,1339.90954982484,233.20950090829,1471.49617875195,102.556457464563,310.112847106511,1.78163425648387,6.38031423937453,6.68765607124203,24.5861463819548,4.73963641660914,2784.91542956249,103386.80784038
30.1705071593426,0.202595159967241,1331.81798156315,232.979039716556,1462.06955794027,101.90756920011,309.062861987336,1.7812298530234,6.3181654584972,7.12795808143102,24.3508081008401,4.76204661653444,2768.95652299377,103196.409441282
30.1230615757575,0.203472281407516,1324.69121322894,232.755934440403,1453.63842555491,101.334529212086,308.191572032655,1.78358402878535,6.27757530731834,7.49378237286496,24.1347396812522,4.78023549165649,2754.79988170205,102848.295939633
30.1097315533877,0.204215541622303,1319.34104125566,232.705341753366,1447.1889062935,100.904502533653,307.681374561166,1.78627876556416,6.25607461112023,7.74924791298864,23.9503589778079,4.79382697455722,2744.23718884842,102438.826380802
30.1324098612443,0.204849121053391,1316.14307766042,232.927413281519,1443.20138300393,100.649661133366,307.619880409057,1.78800474574184,6.25170379818222,7.87088653838048,23.8046479952759,4.80269725048628,2738.1398781468,101875.816554899
30.1858063382387,0.205369454468647,1315.06946575855,233.421267354011,1441.66571002685,100.568760065772,307.999213416593,1.78845485656534,6.26440790015057,7.85815810183426,23.6993452229535,4.8067595487465,2736.47137810721,101094.924311566
30.2529561604394,0.205746958271142,1316.02848893097,234.123513349324,1442.46674164383,100.653835673976,308.790154344637,1.78714228369144,6.29357410905583,7.73524779758069,23.6349280418938,4.80606469988071,2738.98683072809,100285.972664639
30.3098414677988,0.205941226832824,1318.95525355993,234.953823442247,1445.50567268541,100.898298151127,309.965551306996,1.78325705885545,6.3372185448669,7.54009374506976,23.6115523216034,4.80085945470114,2745.4660094465,99512.5152571872
30.3387617030631,0.205930901071134,1323.65415417712,235.841247568418,1450.54424759741,101.285725599792,311.47096958658,1.77654567370369,6.39343196124307,7.30491655798869,23.6271291145564,4.79151033677702,2755.44673686648,98757.5330214997
30.336494566239,0.205723244853792,1329.78616968322,236.734153302784,1457.20230620219,101.789294123789,313.225240693107,1.7675841097472,6.46050870254085,7.04656564571984,23.67722535497,4.77850144821624,2768.22040942275,98003.8309273432
30.3156378182318,0.205336805825285,1336.99308751046,237.595158845908,1465.1042155115,102.381585011222,315.145579707885,1.75743812764742,6.53640705416346,6.76727680440225,23.7565814877185,4.76241604335723,2783.07728010456,97302.0846270474
30.2977586727191,0.204784852167742,1344.9658396294,238.393130435272,1473.94706883594,103.039551282124,317.159576629089,1.74738284022397,6.61866187847612,6.46195761298297,23.8599811017536,4.74389285606028,2799.42486683795,96669.2295473446
30.3006260904249,0.204076054638582,1353.42454281902,239.10006581152,1483.45359916855,103.74223913795,319.20033624822,1.73878470822732,6.70540928517977,6.12692577902193,23.9822976599784,4.72348525702358,2816.72324414449,96031.3704197363
30.3299150671559,0.203217456457689,1362.14834037297,239.693866778674,1493.38913895277,104.472645182571,321.212351861772,1.73286442269307,6.79606482904478,5.76337416133462,24.1191711477303,4.7015287291703,2834.53000263417,95321.2136491795
30.3768579584864,0.202215348382033,1371.07196896353,240.167943948792,1503.66713815723,105.224896407633,323.170842879316,1.7303097110923,6.88982809847938,5.37690009712114,24.2681881391709,4.67827318707719,2852.69307516577,94647.2260342793
30.4234518423179,0.201073225084868,1380.24662857421,240.527982119637,1514.31661666307,106.001436928485,325.072844737232,1.7314636581592,6.98497936204041,4.97536691840403,24.4282377434477,4.65401518007665,2871.28172910064,94044.2413046626
30.4534458406546,0.199790357295712,1389.54473475746,240.750539804643,1525.17299972515,106.791164503739,326.873400830122,1.73734952146419,7.08155978334602,4.56523127677073,24.5975373219805,4.62884800246455,2889.99736985654,93296.5963014363
30.4595196017927,0.198356903247588,1398.27821747501,240.71916198442,1535.4659703522,107.54046729279,328.402848448913,1.75095325887114,7.18272365497222,4.14931673711269,24.7746100472353,4.6024303251046,2907.39207572186,92199.3579405972
30.4441173330849,0.19676628756535,1406.02788358665,240.364072072971,1544.72629223477,108.21616767917,329.569259193039,1.77497417508814,7.28853107670928,3.73048116458426,24.9632529666358,4.57457750111987,2922.59107198585,91067.2443221071
30.415313718167,0.195024004194436,1413.16376307191,239.752046642466,1553.35273416659,108.845086425351,330.477673576857,1.81018524723364,7.39315564235907,3.31421103880179,25.1725700480905,4.54564349433304,2936.36865945106,90018.1488655054
30.3810529103737,0.193148744310849,1420.20440084738,238.98579278879,1561.90771090427,109.464967716109,331.26850070646,1.85698985902232,7.48834160275874,2.90846587083963,25.4093417739677,4.51645984457572,2949.81605216608,89146.3979038657
30.345658364406,0.191168696435457,1427.31218173484,238.119996977743,1570.56214494844,110.085734499391,331.993116005345,1.91630332033772,7.56480714281619,2.52382543655607,25.6729081491466,4.48842137446094,2963.28990458039,88538.7731351155
30.3088565928022,0.189104960604711,1434.21724845606,237.1310299333,1579.00995888962,110.684178105763,332.589881981908,1.989759935154,7.61548207337801,2.16968797089411,25.954299039461,4.4630718645868,2976.23628342817,88058.9054393078
30.2669441162933,0.186961853266021,1440.45372493232,235.941735168861,1586.7269081337,111.22250659985,332.939444851918,2.07932520984577,7.63674200811708,1.85140991525928,26.239656109914,4.44173156052562,2987.66966142826,87639.0410701903
30.2157244978274,0.184733540549568,1445.71242239655,234.484933387705,1593.36140635181,111.675547894057,332.955955301339,2.1863046984506,7.6272251402524,1.57063287123286,26.5167238424213,4.42529979553001,2996.91664015154,87167.4606808236
30.1532142774386,0.182411570153075,1450.02041810444,232.742179408711,1598.93637756624,112.044688198373,332.636505287144,2.31102062108801,7.58761233361567,1.32576239431583,26.7795882712697,4.41402510879536,3004.00388095329,86525.1367486342
30.0810214012134,0.179990888259923,1453.74976081831,230.749916040609,1603.86139271024,112.358346194811,332.068234220537,2.45210337176063,7.51804856824612,1.1143202428163,27.0307322900196,4.40775176149002,3009.68487467671,85854.260750285
30.0036527200672,0.177473108555417,1457.41368207739,228.57221083286,1608.70702330323,112.656153761684,331.379539111625,2.60596861258247,7.41756453461773,0.934195848380622,27.2784026168401,4.40614786289959,3015.0197061502,85229.033942136
29.9260186864664,0.174871880216924,1461.34327439921,226.260772916121,1613.84335646435,112.963968227199,330.659952125126,2.76738838527482,7.28608064769773,0.783461878955249,27.5303718441947,4.40877953507231,3020.70611700895,84717.3062128311
29.8513671155981,0.172215376184539,1465.54246238775,223.838797770023,1619.27525432209,113.282586251275,329.924152757908,2.92980186542703,7.12518255854611,0.660093879133159,27.7897110324323,4.4152422662505,3026.77835006949,84391.5969431119
29.7808368218895,0.169536350420084,1469.7240688607,221.301435871235,1624.68055099646,113.590480165718,329.118188438041,3.08785185341433,6.93880211297291,0.560384725054253,28.0534240635733,4.42514728625621,3032.67518681065,84168.7601068945
29.7141373133948,0.166860723607659,1473.4784821604,218.629529203056,1629.59749123218,113.856501390433,328.157668183475,3.24012093677549,6.73170157261053,0.47914214629747,28.3141155332272,4.43824750017559,3037.58008764106,83994.478477515
29.6504624409294,0.164204377995839,1476.50960234214,215.813257086197,1633.68845431213,114.057925928753,326.983210889769,3.38742938059845,6.50697582852041,0.411813186091373,28.5641481279909,4.45455019572568,3040.90315547311,83898.1208890149
29.589115304665,0.161576333743014,1478.72249865953,212.861280751297,1636.83959505785,114.187484351448,325.581343068569,3.52953889423348,6.2659737011537,0.355687719049329,28.7981278442916,4.47417900590718,3042.46243144537,83944.4082289241
29.5299090873948,0.158980933793223,1480.116875826,209.786941529795,1639.04426119928,114.245609335105,323.959584873899,3.664298142353,6.01072877576489,0.309393025260406,29.0118877415651,4.49708646774071,3042.26661135063,84068.4767716198
29.4733493088056,0.156417670573186,1480.68069003438,206.594577995662,1640.2853422285,114.232458851124,322.121940234015,3.78883616127517,5.74544107125346,0.271959402778397,29.2011830319494,4.52291883170305,3040.29704256836,84223.4008167899
29.4204085467152,0.153878632522171,1480.43692308662,203.286137510694,1640.58686026761,114.151311096726,320.078766292888,3.90203320985951,5.47589426580185,0.241870743717635,29.3626308446625,4.55104690444709,3036.60325074627,84278.4160050405
29.3720508477899,0.151346941555759,1479.56644114648,199.876836902608,1640.15048754191,114.017501882575,317.873412006668,4.00659801803356,5.20770405457509,0.216857716833095,29.4961654628795,4.58068335248693,3031.55392977471,84064.2791597757
29.3286182450898,0.148803918805673,1478.52125112359,196.412661855581,1639.48233695581,113.866716948098,315.610551284705,4.10597345513355,4.94313204121526,0.195039705503281,29.6082751698442,4.6111470975468,3026.07377409649,83740.4286426771
29.2894780960238,0.146237370510491,1477.92948845303,192.96396272748,1639.28770474739,113.74765915558,313.436322703602,4.20134046756387,4.68078112279658,0.175457290937293,29.7110525087343,4.64195673964607,3021.45400467849,83410.8869920595
29.2533145952919,0.14364671724469,1478.19225108503,189.579917865622,1640.02034810725,113.691222490685,311.447284878281,4.29222332725506,4.41864469425313,0.157884489466491,29.8157257237503,4.67277243166616,3018.52713459151,83103.8641462859
29.2187969126121,0.141041979154672,1479.31076250209,186.268682373332,1641.6868537422,113.697519304981,309.650826772614,4.37720242466254,4.1564786914915,0.142483934865563,29.9278705042625,4.70332918293423,3017.310661421,82822.6337494357
29.1851992461558,0.138437076417298,1481.0209425099,183.010100942369,1643.99480236529,113.746519578241,307.993275415043,4.45431379462305,3.89658677910868,0.129522491014939,30.0473126225796,4.73332180652434,3017.27754775943,82560.7010238676
29.1526014828929,0.13584336125951,1482.99649432306,179.775599805947,1646.5795187382,113.813790454259,306.403793323751,4.52172260714731,3.64341965256157,0.119088695269689,30.1706545374897,4.76231115065483,3017.76838122936,82313.0164194083
29.1215516685699,0.133268541577844,1484.98239272296,176.543355985113,1649.15449585774,113.88061923348,304.825927868215,4.57811012846385,3.40176109378391,0.111074411083183,30.2938269630946,4.78983511642984,3018.26651793448,82202.1291910102
29.0925719742984,0.130721494479308,1486.77769427866,173.300623049382,1651.49450336857,113.932605294742,303.218386289524,4.62115747525712,3.17544657329351,0.105606486203234,30.4122876928472,4.81558129119024,3018.3709017634,82436.6361494056
29.0660545779428,0.128214977664123,1488.05189657782,170.027634443407,1653.23443747407,113.945957401061,301.518095119773,4.64706622090125,2.96994598457092,0.10322836725213,30.5177715998841,4.83921992170501,3017.43042051359,82855.2211164157
29.042595640996,0.125763195064177,1488.28219924844,166.689848108471,1653.80125009018,113.883225211308,299.629126391331,4.65195971536341,2.79478853942551,0.104559955180488,30.5972368031397,4.86012793120951,3014.41918238253,83319.1566671677
29.0232325341612,0.123376301947407,1487.04450436126,163.263049346861,1652.73470763014,113.715290606271,297.48496473645,4.6334279090619,2.66065947789384,0.110122694792267,30.6380534556898,4.87749600601439,3008.5199203965,83940.2813754638
29.0098927273779,0.121071195474264,1484.20994432912,159.757326858124,1649.90217194104,113.436066167109,295.092020350222,4.58367405895774,2.57763509911629,0.122318336237007,30.6317891309378,4.89035944680164,2999.52233500371,84975.8806590834
29.0076933355233,0.118902292301659,1479.70705598485,156.217496579858,1645.2339568324,113.046398597,292.499793513697,4.47439630879711,2.5658700510288,0.149746889962603,30.5718348450426,4.89624422973807,2987.374063537,86223.0386737112
29.0271321943556,0.116982908338772,1473.37100082843,152.726600990766,1638.54976189604,112.545072485263,289.80456859556,4.26085372088792,2.66690844883342,0.209833797661472,30.4514822183857,4.88973885977172,2971.9078706388,87522.4050496678
29.0814321458372,0.115468127528614,1465.13244549292,149.397915480524,1629.75848990694,111.93907376246,287.180829746119,3.91311311857766,2.92585054548975,0.331613344427721,30.2664824674556,4.86492562142884,2953.18556157953,88933.7298975218
29.1796809950805,0.114530620025896,1455.17271640091,146.374950408721,1619.03623462364,111.245489180934,284.829031864847,3.44233480961264,3.35272395500096,0.561262459250295,30.0166018148066,4.82068261410223,2931.74517011244,90594.4754076034
29.31794275875,0.114335819724492,1443.86402775868,143.90436507173,1606.76355552973,110.478193401854,282.859769296247,2.92241221955183,3.89449448078578,0.959498478952544,29.7048710273686,4.76451906871345,2908.47273980494,92355.8518694236
29.4757794861155,0.115019579309241,1431.56836798551,142.370539891551,1593.29666025603,109.63472584033,281.228546809933,2.46715466085331,4.44644274208908,1.57958267352674,29.3391771121536,4.71075921144662,2884.22016969532,94122.2970938125
29.6259128920138,0.116632630948348,1418.59727746317,142.148803414814,1578.93616928501,108.711130523948,279.80490118469,2.14653407539891,4.91266445416264,2.42946418487947,28.9358258156599,4.67177644139487,2859.6916816376,95607.2272780432
29.7478714712758,0.119069578050718,1405.55133485423,143.407704292714,1564.33078801942,107.744564918667,278.522018343944,1.95310636602129,5.25927347341648,3.44699041835672,28.5206530236523,4.65047531759806,2836.04223012078,96523.9015987145
29.8348917804425,0.122122740523599,1393.61472956857,146.013933156019,1550.81839871758,106.834774642198,277.461623314726,1.84477387252158,5.50498086773259,4.51830804264086,28.1248435634329,4.64197083624931,2815.40490405146,97182.7467977408
29.8910047538146,0.125639582524613,1384.04738129661,149.610325819253,1539.84668506729,106.093405093429,276.750839342022,1.7838195495201,5.68525717279405,5.52293314947165,27.7731804669402,4.63946866781695,2799.93867772019,97686.7153946693
29.923505636795,0.12944813178157,1377.321216226,153.792262665823,1531.98473557859,105.569167661191,276.407377234817,1.74717971591718,5.83550979817807,6.3727883703988,27.4739246295713,4.63736253267821,2790.26159870429,97723.663187094
29.9381012504126,0.13329779538329,1373.21351469063,158.226067817099,1527.01588933834,105.252657267516,276.368223604311,1.7234456153896,5.98488030023248,7.02458713107967,27.2249356708941,4.63175732025857,2785.71483779422,97035.0698141975
29.938397878512,0.136974573861233,1371.69235213682,162.687863200854,1524.92983615138,105.145055789797,276.65387532826,1.705794722741,6.14761617085516,7.47679842775614,27.0284835968309,4.62070678622344,2786.11066979507,96100.2388259924
29.9269329329503,0.140321601898945,1372.97141095276,167.035750945899,1525.98722030822,105.263953297342,277.348714177445,1.68933653943087,6.32449710874334,7.75327587001453,26.8936968035526,4.60374418153648,2791.80441579427,95102.2954249756
29.905587763626,0.143264211418319,1376.88159304943,171.183010292985,1530.01267107089,105.595697770895,278.452405796254,1.6718977080389,6.51115654538131,7.88397112862024,26.8267142082084,4.58123147873008,2802.43365440481,94229.7063510728
29.8760175218245,0.145823652579939,1382.71648737069,175.090882701245,1536.22016043895,106.083619843765,279.846596788575,1.65371844285462,6.70076777275443,7.89675795400828,26.8243115606575,4.55436475978403,2816.60888947609,93640.494349831
29.8408792333504,0.148060861882071,1389.40777741072,178.724490003323,1543.41901707984,106.643210403033,281.326772433402,1.63682225469847,6.88884532488906,7.81092106857436,26.8735779809988,4.52453442799801,2832.23055609169,93143.6100383041
29.8042015147772,0.150025356290793,1395.90753128677,182.029232321775,1550.4480722243,107.192731076838,282.678810817549,1.62373310965098,7.07494684346271,7.63621113491451,26.9567115078093,4.49282171494526,2847.22291656003,92676.0404746748
29.7698218198884,0.151732186761337,1401.62183216433,184.95635963663,1556.65496995218,107.686364337062,283.770506140781,1.61620839376788,7.26102900113731,7.37684259020954,27.0588832756206,4.45979006240878,2860.39531314638,92104.4461380642
29.7400426429373,0.153162812811205,1406.52982736543,187.481116028965,1562.02199683042,108.122986727337,284.580256106636,1.61493677800252,7.4511361882705,7.03444963297931,27.1731692722201,4.4252561552067,2871.68360541729,91303.3527929205
29.7155428621482,0.154285507371576,1411.07952380967,189.614072011043,1567.04409321264,108.537228922775,285.186754203051,1.61956561903552,7.64697796746674,6.61320024955964,27.301801934553,4.38885128372177,2881.95630969214,90487.5681033644
29.6960950883788,0.155075878469378,1415.84028740927,191.390720646438,1572.34213305952,108.97223569499,285.704224897438,1.62957589548658,7.84602423422405,6.12245007393203,27.4520584446475,4.35052965876693,2892.3341640656,89744.9230781633
29.6812645236763,0.155537370019179,1421.07941581445,192.846644061916,1578.19816178335,109.447126106391,286.195157046416,1.64537561747586,8.04321405678871,5.57675789622029,27.6287770444063,4.31075749120401,2903.35330064036,89180.0153338929
29.6704727910032,0.155706074861616,1426.63636862876,194.007643852822,1584.42009545734,109.947248009621,286.64227865456,1.66861726485954,8.23106765153192,4.99546781846324,27.8300101789128,4.27074476474981,2914.71595492676,88896.3892585838
29.6622926355357,0.155631983013906,1432.00739793163,194.87835602107,1590.43638152637,110.431084153303,286.958436229512,1.70233951230067,8.40256068241311,4.39841766244733,28.0460195274123,4.23209427594296,2925.4428835851,88747.0521867774
29.6541295738139,0.155357391205772,1436.59978505666,195.444468269206,1595.57827697447,110.8501904636,287.033013387296,1.7507241360619,8.55242748119457,3.8026445548157,28.2622063031669,4.19644585555369,2934.36597726656,88656.2049979343
29.643304235123,0.154908212003663,1440.06404973486,195.699707270039,1599.45032728799,111.174739358654,286.800925255024,1.8183790276809,8.67400106103917,3.22375652224049,28.4652160791805,4.16556702838093,2940.79602691048,88700.0649023837
29.6286412158361,0.154303071787614,1442.34072240537,195.660268388405,1601.98408270169,111.397020921064,286.256227806184,1.90988573399958,8.75713084624604,2.67848530643009,28.6454833778226,4.14150141997769,2944.62836403311,88990.1578069362
29.6120480306698,0.153564140623255,1443.41919911396,195.346934081847,1603.17448124729,111.513335467085,285.40514995918,2.02962435561467,8.79097056364678,2.18403280831556,28.7944248110025,4.12634266152155,2945.8664646957,89384.0496107501
29.5986593320785,0.152720830782191,1443.21147015319,194.768466889918,1602.94148514687,111.514838861971,284.240764718019,2.1802249890377,8.76682788916203,1.75560305946203,28.9029536444153,4.12191352373748,2944.36662218282,89804.7050301922
29.5943154620427,0.151800121121493,1441.75753393734,193.934380701147,1601.35116988661,111.403906606657,282.780887749896,2.35960964207437,8.6810564030409,1.40216589649162,28.9649213020234,4.1291412575837,2940.23836178517,90037.5785939108
29.6021810838904,0.150810744423592,1439.48564197406,192.876124638991,1598.89484827987,111.214719844438,281.116520725357,2.55956504058303,8.53856694385946,1.12294378785873,28.9825354229992,4.14723450237373,2934.35473137627,89854.4361561614
29.6201413370066,0.149750231673581,1437.26478850508,191.666876601465,1596.53900988577,111.016815399704,279.429625789976,2.76411039793601,8.34931270897115,0.912648494424596,28.9706942545954,4.17392165985773,2928.46539132523,89539.1619275459
29.6414037140416,0.148622141042208,1436.01555481309,190.399837192243,1595.29289583179,110.884807537091,277.920426329009,2.95045432150597,8.12737047087569,0.764312020249766,28.952421605641,4.20584615441616,2924.42777561387,89222.3760557372
29.6585576975883,0.147449226814843,1436.12143761612,189.137051103921,1595.56275587212,110.852302041046,276.687415788339,3.09728190262015,7.88945834810821,0.668670114043407,28.9466141204904,4.23949251433297,2923.03161038719,89236.2047727292
29.6670873194896,0.146291145063026,1437.21835952988,187.90161626949,1596.92432559309,110.89455538557,275.688810200833,3.18885815987805,7.64925885198962,0.618522163846908,28.9584499432297,4.27255683164842,2923.59136197748,89967.8367546012
29.666621067198,0.145250629246628,1438.13977111687,186.678506407984,1598.06275027557,110.924845931742,274.740149311538,3.21562193655104,7.42173309688123,0.611481548068374,28.9744215477873,4.30366930405272,2923.84683002867,90954.4010038996
29.6603549674009,0.144454080195153,1437.30557583637,185.434966621758,1597.20620307875,110.825384549715,273.593923416042,3.17427456825156,7.22542554282943,0.649864054952495,28.9685419246887,4.33172662101658,2920.73663676008,91949.5313240898
29.6527302376791,0.143986840357224,1433.78624661607,184.175851795795,1593.31437322357,110.528641782297,272.125570095132,3.07193714775012,7.07552675898464,0.73639800800876,28.9199873801691,4.35581474879579,2912.49398071823,92772.0531542722
29.6473726224888,0.143846434043222,1427.89756132651,182.964448229007,1586.7433854606,110.061072638363,270.416302444751,2.93011097598677,6.97704440580483,0.868835664526031,28.8249609646034,4.3754617228929,2899.79673383933,93275.0622364657
29.6471644291737,0.143965613160367,1421.00737366392,181.922963793144,1579.02950873351,109.526516135717,268.70277128942,2.77701952696312,6.92164074479338,1.03670199788461,28.6963019324815,4.39108929015106,2885.38274273394,93655.0068041734
29.6549550688068,0.144265766177184,1414.78842077001,181.199089833615,1572.05197018026,109.049444720135,267.249149862245,2.63528012527606,6.89292763863452,1.2224592055765,28.5539612966574,4.40382157029013,2872.58184098937,93996.7325336565
29.672915614712,0.144699423949263,1410.04216323082,180.859239960238,1566.716129867,108.687260738637,266.158105625569,2.51543846410907,6.87598814570556,1.40953112375466,28.4135937195814,4.41482709347939,2862.9742862307,94409.3729080122
29.7015928157802,0.14525688942269,1406.50994498202,180.866428769674,1562.73664383124,108.417552896154,265.356684935936,2.41764275453632,6.86185743939294,1.59007696493432,28.2805815292428,4.42504390970804,2856.01715817142,94989.7393070336
29.7394842870147,0.145928599311547,1403.50431133131,181.117541824044,1559.3359349582,108.186589492807,264.704605144535,2.33786972078223,6.84855256932104,1.76404492721524,28.1502021464339,4.43501204026724,2850.284055787,95591.8290753882
29.7835335780263,0.146676897405603,1400.34479379953,181.469970035702,1555.73296345765,107.941928219462,264.059905758507,2.27243824649111,6.83861352079467,1.9342000951106,28.0127492061025,4.44490877063707,2844.32124561649,96151.6175153521
29.8305682196925,0.14743944822163,1396.74936701391,181.807026944651,1551.59365101218,107.662460998383,263.349064937099,2.21949286032715,6.83718038346059,2.09965349749549,27.8616033508591,4.45436058974694,2837.46544892876,96359.4466246556
29.8788594293368,0.148140175382608,1393.12864285731,182.092593635347,1547.37391450691,107.381712998391,262.623441652508,2.17876222609837,6.851725555954,2.25044153703893,27.7006081438111,4.46206611099938,2830.46952116509,95947.4678405818
29.9297126781385,0.148719962152312,1390.50480426548,182.384476162613,1544.23581774153,107.181105993684,262.054105495475,2.14852916699326,6.88524512776614,2.37347937766893,27.5470902965389,4.46658062515558,2825.36691505705,95351.0070518623
29.9870935084446,0.149153782235902,1389.83966672151,182.773035595842,1543.28822804239,107.137183462515,261.812008267583,2.12564091271268,6.93474215170353,2.46000209231168,27.4235320908178,4.46701592609078,2824.11780177661,94729.8394271601
30.0547530603853,0.149448559248737,1391.33107120047,183.292605941637,1544.78147064847,107.266490827059,261.933651866455,2.10821138803982,6.99636341983361,2.50724561133436,27.3440890252659,4.46310469553703,2827.15875691357,94118.3728361427
30.1343524312141,0.149624727664113,1394.49304565529,183.906391479676,1548.18341169492,107.531191604178,262.331499213591,2.09599656835642,7.06668682208458,2.51703593694475,27.3104732319578,4.45525042556915,2833.53144453942,93533.2866662294
30.2258424906591,0.149685632241817,1398.61048070737,184.526780838822,1552.68428117461,107.874317989718,262.87178736441,2.09027926218605,7.14256615790737,2.49051486588846,27.3162234341281,4.44428812438399,2841.77234496492,92967.8368706976
30.3285325561472,0.149608621909852,1403.08667297838,185.049657920372,1557.59247629397,108.247182862644,263.436183161723,2.0934875710076,7.22056062312943,2.42609949523578,27.352329952972,4.43123257895654,2850.61760194759,92423.6132400875
30.4414893638601,0.149371383619413,1407.56445367919,185.400206787207,1562.48485554817,108.619358332353,263.949466517528,2.10775770018858,7.29540298470453,2.32450866097796,27.4106707029181,4.41729927172108,2859.28928632917,92037.2755052931
30.5624056396802,0.148980958343711,1411.81938435792,185.553967596852,1567.09652424523,108.97079260327,264.364516070635,2.13374915906959,7.35962769971088,2.19352471625126,27.4834788644266,4.40399176338087,2867.31562402504,91951.3468246878
30.6838679851948,0.148479244030205,1415.53198727111,185.518090356575,1571.06713681167,109.274790475796,264.613020727557,2.17122103098703,7.4082311504965,2.04554391044318,27.559675800655,4.39265206254482,2874.0725289332,91975.0931606431
30.7923767257821,0.147926457595138,1418.30891602164,185.31326718678,1573.96073022128,109.499874020173,264.605184947829,2.21942203848117,7.44081975264938,1.89300834001455,27.6250978464536,4.38414003197542,2878.80531091403,92028.8411020052
30.8744800677293,0.147370800492407,1419.96684344422,184.971209297859,1575.57790811439,109.631512930842,264.291077826156,2.27678862415379,7.4590608438234,1.74506381530646,27.6684755438182,4.37885595818296,2881.17748013022,92055.362015982
30.9242586350336,0.146829324540725,1420.66237150825,184.528252286672,1576.09912574758,109.682133997078,263.693730501766,2.34156519240135,7.46496896312376,1.60570385485141,27.6856031521783,4.37675586227,2881.52141279564,92005.7465633044
30.9484818456685,0.146291643074616,1420.79454925553,184.01780973263,1575.97793340897,109.683631952348,262.897156161718,2.41217094839199,7.45877359707265,1.47548263649312,27.679401178467,4.37765604899891,2880.64942139895,91955.8332665046
30.9646414015027,0.14573636610159,1420.80602342144,183.466003120268,1575.71950906237,109.671818666897,262.006463969324,2.48722974055077,7.43867793511035,1.35395126957905,27.6564934875373,4.381459998362,2879.46377534767,91936.0459830253
30.9908823700903,0.145145622290228,1420.93678384672,182.880055181472,1575.60181447733,109.666777795132,261.08955039033,2.56617130242544,7.40363033371836,1.24039748093416,27.6227000385232,4.38801544006066,2878.45927592551,91844.0802627993
31.0366773012264,0.144504843865302,1421.21427146213,182.246533373373,1575.66139205055,109.671599772356,260.164463302904,2.64957035136339,7.35509346293978,1.13369123756367,27.5819925240171,4.39691310770289,2877.69299031717,91565.3440343991
31.0986009242414,0.143794754491011,1421.72278507229,181.549862274454,1575.99375886958,109.692922876657,259.245965332857,2.73748266842809,7.2949351947622,1.03361672275678,27.5390013672134,4.4076265054632,2877.31739195729,91242.8664383565
31.1634897419032,0.142990935599782,1422.64784264607,180.776809021611,1576.80467963236,109.744649076708,258.357180962443,2.82832513186178,7.22446782769311,0.941185892462049,27.4994991998593,4.41961886411846,2877.67354925594,90933.5564781653
31.2173837315656,0.14207279553164,1424.07159245674,179.908020952418,1578.18397596878,109.832812007325,257.499257436719,2.92105393775696,7.14659387985488,0.856452743043457,27.4678149729168,4.43221103540022,2878.89563265936,90464.5029543897
31.2523214853373,0.141023923493843,1425.98934600402,178.924045310351,1580.12554505796,109.957061047521,256.660584349522,3.01758886855098,7.06569033325705,0.776857775740314,27.4474348559845,4.44458214623688,2880.95274684085,89646.6012940542
31.2680409008685,0.139829938108953,1428.56951938626,177.829635964927,1582.81699740527,110.130018379994,255.868195758348,3.12149549467797,6.98227405616271,0.69916564300587,27.445298592787,4.45627178626734,2884.17145861878,88739.5555980955
31.2695071771836,0.138481372366939,1432.13260047005,176.65132480267,1586.6150981131,110.375248318608,255.182039848845,3.23576604094774,6.89150782179217,0.621687286353562,27.4714792457151,4.46740176800804,2889.19079419448,87860.8907100103
31.2627903104272,0.136986186034305,1436.79247877893,175.406331452433,1591.64505694335,110.699937560014,254.626972918617,3.36089032575351,6.78665702961422,0.545895206470005,27.5328740932344,4.47854860013501,2896.2433270438,87152.6666304073
31.2518656950955,0.135377131089719,1442.27341349548,174.089212232264,1597.59649311647,111.08159963059,254.160489399674,3.49181907273977,6.66239399416488,0.476217677184459,27.6288058490722,4.49051765800902,2904.7926477762,86764.8462451043
31.2366227502248,0.13369898612143,1447.92495065458,172.667006053133,1603.74254374138,111.470262895588,253.674435405316,3.6204085669829,6.51904180302278,0.416590985054829,27.7497566373167,4.50381477036548,2913.56113782613,86517.1016881777
31.2129130111652,0.131990832742718,1452.96415803871,171.092511256247,1609.21176205931,111.807288605659,253.037678627848,3.73973186360391,6.36255639568279,0.368450180063835,27.8805547771015,4.51846829473384,2921.00923210484,86311.0522385652
31.1754317603523,0.130272128661421,1456.88767487878,169.336269209223,1613.4460635067,112.056230402242,252.168372859076,3.84673163805607,6.20063451904301,0.330540265340491,28.0077259329949,4.53415692633977,2926.15236289852,86030.0570288065
31.1213356508915,0.128538604173497,1459.68287571068,167.402468494786,1616.43313114259,112.217872723573,251.068895012415,3.94390676557378,6.03926716635645,0.299699641764634,28.1249291504605,4.5503952423603,2928.97524062065,85550.7997526682
31.052820145522,0.126771538929597,1461.7945441945,165.328331861774,1618.6659767756,112.326709644543,249.820648169073,4.03644674641067,5.87948661388593,0.272677779310706,28.2348269667909,4.56688943997436,2930.36365604277,85017.6308894795
30.9767680040546,0.124951434980362,1463.85234217217,163.165247642027,1620.83866421745,112.429946462399,248.53690983559,4.12865910571856,5.7175109165249,0.247395063112023,28.3459273037177,4.58369755438506,2931.56446737659,84512.7167141107
30.9011940298576,0.123070098155931,1466.28978526087,160.950881879078,1623.42502729057,112.559113235174,247.295544096168,4.22225809618088,5.54860203663738,0.223302280636185,28.4659125616453,4.60106701242325,2933.43325897057,84034.7206446127
30.8317730029642,0.121133683727003,1469.19863542985,158.699931797982,1626.5202274181,112.719915637564,246.113979227143,4.31620618637914,5.37025374026344,0.200831387524387,28.5979068596498,4.61919038126382,2936.15123834945,83556.0187381369
30.7703711126465,0.119157898690282,1472.44888526998,156.414935478942,1629.97644340723,112.901912210737,244.970427425449,4.40781633333365,5.18281100096406,0.180652518929036,28.7412302039059,4.63806536336795,2939.46708337505,83100.4306810585
30.7156005449751,0.117161484489555,1475.85782207198,154.098703973312,1633.5909359823,113.091379802608,243.83315704492,4.49419554291832,4.98860797886342,0.16318016752694,28.8936040258185,4.65748779622551,2943.03172541647,82682.5141978926
30.6646534107289,0.115161252390992,1479.2647354901,151.756449676022,1637.1871904043,113.276674418658,242.674054087291,4.57347766078958,4.79083432391359,0.148432729576912,29.0523333880962,4.67715020181421,2946.54207969751,82302.0580306914
30.6152180433542,0.113169466334495,1482.54626702748,149.393089725552,1640.62982844191,113.449104355235,241.472310580767,4.64483527958196,4.59268065126541,0.136217159489496,29.2147291648455,4.69674418081637,2949.76697648198,81953.3054953451
30.5669987911402,0.111192746351526,1485.62081085676,147.010832850145,1643.82829811411,113.603222708754,240.215468443389,4.70743383765261,4.39732183279328,0.126401590255415,29.3784119753494,4.71594559097156,2952.55286788584,81634.5477519195
30.5221250581041,0.109232323822443,1488.44785565769,144.60891927173,1646.73619959819,113.736870587899,238.898670509949,4.76020434142473,4.20834290335073,0.118861520833178,29.5415358149825,4.73433831609252,2954.8221204857,81343.8328564431
30.4838709724466,0.107286358245128,1491.01800911461,142.186136381947,1649.34109439961,113.850309183051,237.522417646358,4.80292539939953,4.02934047330678,0.113311952018825,29.7027724003914,4.75147198919275,2956.55610625159,81093.1141016645
30.4548681231043,0.105353725472939,1493.33350345856,139.744043629034,1651.64389679096,113.94448969915,236.089442772758,4.83662164665584,3.86296385256994,0.109339093971886,29.8610179367836,4.76701870271934,2957.7609900671,80904.2203337128
30.4359482669383,0.10343756334229,1495.3799393746,137.28908973047,1653.62851544275,114.018733030218,234.60066279097,4.86346417900696,3.71036998512945,0.106457866270891,30.0148285408568,4.78088921180402,2958.41624303175,80756.1995001948
30.4260249228531,0.101546367355569,1497.12007228618,134.83322816726,1655.25539885871,114.070244041444,233.054792548645,4.88616015822383,3.571163509552,0.104216161713561,30.1622306426348,4.79325605882277,2958.46395694589,80630.8953267886
30.4229107393103,0.0996928668115598,1498.52246960959,132.3932595212,1656.49276904067,114.09649188989,231.453380936416,4.90557265139521,3.44346247318247,0.102519104251741,30.3013117336941,4.8044981731131,2957.86316161768,80724.8279148921
30.4240421955812,0.0978960772586427,1499.49124214327,129.985163213509,1657.23755220238,114.090371881944,229.790121150791,4.91663091735398,3.32540263033692,0.102304479579065,30.4288784820924,4.81503900414732,2956.45083170289,81437.4015506524
30.4258125962616,0.0961828774811521,1499.55976761107,127.602340116868,1656.9732866958,114.017891678722,228.001865556299,4.90751318554186,3.22191405783889,0.105843399442892,30.5339279247241,4.82475878216581,2953.33803297931,82549.3250200988
30.4223713618221,0.0945816037619291,1497.76004991116,125.200540339538,1654.62218685131,113.809287590588,225.953249432252,4.86375755883747,3.15039669935055,0.116133804585739,30.5942948385112,4.83239408956142,2946.65007433043,83804.3114482605
30.4064940729561,0.0931058495684644,1493.13988313016,122.723557082394,1649.11748597406,113.397750427455,223.525217965251,4.77603497245886,3.1350840369939,0.136188050520417,30.5855074122901,4.83584944189146,2934.53752582203,85085.0781428245
30.3730014263275,0.091754626455605,1485.47404349284,120.155601484252,1640.19449380588,112.771699899673,220.729255288744,4.63791889136397,3.19724865654879,0.170860868260027,30.4929886635393,4.83292678192881,2916.57751979182,86352.1316194205
30.3240524527314,0.0905432822906578,1475.57281425165,117.571797515757,1628.73851230783,111.998600506058,217.774759434332,4.42812646277155,3.3556002166916,0.233036704050605,30.3187606870286,4.82092444578817,2894.41846397334,87623.6928428338
30.2717624683568,0.0895325720057053,1464.70192231378,115.119138235413,1616.14532878465,111.182181021269,215.003353383662,4.11178717205132,3.63157445515717,0.349602283680274,30.0794919165009,4.79602748354875,2870.67634995723,88909.0581924105
30.2331015739564,0.0888162989488955,1453.65293455846,112.932457342943,1603.29088488314,110.387696333972,212.713654515062,3.67733856885475,4.03494699001164,0.565838410224375,29.7967643168894,4.75588192375289,2847.07341699641,90244.7552244405
30.2212011778872,0.0885024301696977,1442.61169113997,111.1246409184,1590.38201246321,109.623795075683,211.060880118555,3.17218740197687,4.53647081251138,0.947155206077129,29.4874443286555,4.70394223739216,2824.12103302247,91667.8556419068
30.2386530194085,0.0887392563958377,1431.64587788271,109.909145885526,1577.48321969424,108.875048097791,210.059819163638,2.69954688368357,5.06013685029888,1.56069447397017,29.1605507611097,4.65064078193196,2802.08312638718,93086.7301236371
30.2769791736504,0.089735612348751,1420.88016141152,109.652444746183,1564.70294518189,108.123723037619,209.609685366312,2.34576523584901,5.52012875654474,2.43136288894794,28.8214820261366,4.60781159707328,2781.34925554628,94431.2650648666
30.3233436853394,0.0916935353606483,1410.4253727801,110.702143020336,1552.1320339068,107.361670738889,209.559078446957,2.12062481590298,5.87389682842727,3.51381303830441,28.4791170485775,4.58075407309917,2762.24685055705,95519.5699494577
30.3673430182236,0.0946698977691753,1400.5852593286,113.187194316264,1540.0985337948,106.613236455058,209.801465832451,1.98784918046949,6.1320151943385,4.70966800659671,28.1482451073591,4.56679479431612,2745.35407371839,96184.5625510425
30.4023284404812,0.098511929987461,1392.05812817278,116.951009071151,1529.40585882416,105.94488592342,210.30586132306,1.91019918425183,6.32908542420136,5.90015721596068,27.8446568924449,4.55978648715177,2731.84265436999,96610.2702330158
30.4238074559286,0.102945239812891,1385.57294257667,121.647358404574,1520.91837913013,105.428120780219,211.053542765128,1.86281121728021,6.49823260512776,6.974144138118,27.5773919796366,4.55424336843748,2722.83197876353,96876.1675437085
30.429215627712,0.107683344326279,1381.34064963338,126.913816620664,1514.92404770967,105.090738766341,211.987604375286,1.83171301493033,6.66317450658001,7.85563205805616,27.3464577099358,4.54668367044008,2718.45896455632,96834.6562537143
30.4180484240801,0.11249259783268,1379.12897272238,132.457877295799,1511.20268249779,104.920616143847,213.043926161704,1.8097999848248,6.83807294280818,8.5129510916186,27.1487353182955,4.53531415708308,2718.08224211947,96359.7378630352
30.3907929795094,0.117168326175987,1378.7789469212,138.02760181898,1509.60544379328,104.907007997041,214.212607558642,1.79278581614058,7.02704090669625,8.95000538980354,26.9854109638032,4.51958358377979,2721.24390100807,95735.9766562545
30.3478301635518,0.121511850300533,1380.26517583023,143.389016300089,1510.1284269024,105.047758805614,215.515809670489,1.77785429394574,7.22769292348067,9.18888728282554,26.8618191094786,4.49960090826385,2727.75727255429,95078.3258107763
30.2897148355367,0.125388586505849,1383.37711127172,148.373520647811,1512.55388083022,105.326058866318,216.93882417652,1.76405671351357,7.43843242135445,9.25359403280687,26.7817000342131,4.47541177341681,2737.11777778017,94278.1967122662
30.2183647234754,0.128757775704243,1387.73613416329,152.905151275395,1516.46307303296,105.711864429643,218.429232735682,1.75177652589895,7.66097182046643,9.16365191224187,26.7457978026292,4.44674272125985,2748.54855929334,93227.7368999993
30.1384052416551,0.131639843103149,1393.10189796363,156.984970290309,1521.57302383074,106.185029139156,219.952119976801,1.74130752589465,7.89628093217153,8.93867079420397,26.7554498602159,4.41339032738046,2761.57600615666,92150.009703606
30.0564533856359,0.13407432323202,1399.40830956396,160.652043406111,1527.78274711898,106.738272024627,221.502274034967,1.73259498788667,8.14253276719441,8.60180173902824,26.8134230796616,4.3754716357938,2776.07914704278,91133.0235343013
29.9781873468976,0.136105762787846,1406.49898879375,163.942790485675,1534.89511287113,107.357723555689,223.061884316238,1.72600747474555,8.39766676804264,8.17592661868751,26.9201714361946,4.33327359204002,2791.76716070463,90156.8572842486
29.9068152020331,0.137776210625482,1414.0628662475,166.874317803498,1542.55413101847,108.01830718466,224.586963957629,1.72254578968314,8.66040764162166,7.68054040460423,27.0721579023094,4.28719954227828,2808.04973770472,89187.1152954033
29.8441110167508,0.139115802834794,1421.7871524354,169.447694052321,1550.41297415609,108.695246392347,226.028316751276,1.72340908911362,8.92946184508948,7.13245930576711,27.2636447606797,4.23777488048395,2824.32865052774,88275.3851483695
29.7917002085467,0.14014147728375,1429.45828090087,171.658300523105,1558.23981305875,109.371473777956,227.348159101559,1.72972870647921,9.20293973408172,6.54757023005852,27.4886257572161,4.18561947501104,2840.19326268238,87443.2087965954
29.7508108889514,0.140867605462245,1436.92770977967,173.505449158453,1565.87470425108,110.034772688159,228.519746892885,1.74266700765194,9.47823132084582,5.94105664122191,27.7411566423424,4.13145548948576,2855.36043924616,86718.0305106463
29.721435213465,0.141316455521691,1444.05995607679,174.999942889867,1573.16928391519,110.673574307842,229.524502845741,1.76358289545817,9.75139133675761,5.32704227906709,28.0151140942957,4.07621672774066,2869.58138001313,86128.4040664872
29.7016382363828,0.141521128404245,1450.70165737062,176.165947534335,1579.95220297223,111.274566355258,230.349704122495,1.79429807089332,10.0174570705974,4.71713526166446,28.303906469698,4.02102737900747,2882.58512451474,85629.2073423871
29.6877606085191,0.141521041222314,1456.70447816012,177.038028979662,1586.05541657783,111.824483815021,230.990627680777,1.83728688232066,10.2706896016772,4.12004780323442,28.6007646011775,3.96715139143297,2894.12010426224,85193.4577487336
29.6758373745491,0.14135882198816,1461.99174348004,177.6616101088,1591.38843296589,112.314838740006,231.457414119266,1.89525531217711,10.5016694706347,3.54604753326743,28.8997225014162,3.91633169678688,2904.07975887651,85063.5684059959
29.6621569514052,0.141093254806233,1466.45952435447,178.093704903251,1595.8304906418,112.733861783494,231.7579134689,1.97003468986472,10.694232210718,3.01379141642768,29.1936608851289,3.87131820520084,2912.31416595863,85610.7240670475
29.6410580589622,0.140806116632355,1469.60701389437,178.368399107361,1598.83053013,113.039497360408,231.832528676023,2.06150744417039,10.8340403569637,2.54914523802421,29.4661768885827,3.83512254284458,2917.9029695316,86486.9014561068
29.6029741999108,0.1405856760851,1470.48534153332,178.462310532815,1599.35829768209,113.157446407453,231.538358558679,2.16479537511012,10.9171266856194,2.17768128150814,29.6892464690674,3.80993238723721,2919.03574385719,87451.3502191895
29.5372865780088,0.14047887669915,1468.39839549159,178.31775533673,1596.67099450627,113.036174125685,230.756474513912,2.26833091010286,10.9518386191207,1.91190687344034,29.8357838037378,3.79609415269786,2914.35988467236,88163.6742972903
29.4387117056036,0.140450308224197,1463.61918975916,177.895414894569,1591.08750664739,112.701626351904,229.509047222855,2.35975983045276,10.9581519566652,1.7402492075994,29.8959942912714,3.79128966463292,2904.37475765249,88266.4090166374
29.3132476717316,0.140405853349388,1457.67145765017,177.250417820406,1584.28229191597,112.275589321259,228.025079125163,2.43249637821109,10.9535527457917,1.63520260318874,29.887347713591,3.79199884137302,2892.02079947868,88156.9222474649
29.1769179252177,0.140256729189475,1452.65489827097,176.530510261969,1578.54257996921,111.92143540922,226.647703676706,2.4860240639751,10.9442486533599,1.56875233066111,29.84629196082,3.79524653164377,2881.39809679763,88038.0409051327
29.0467851078283,0.139971468566525,1449.73091087719,175.849210931264,1575.12249194279,111.728047255184,225.588786011618,2.52365397319464,10.9293678649774,1.52247069341825,29.8064909545946,3.79925248950791,2874.80034120794,88074.4638391542
28.933570108543,0.139591370291627,1448.70931372466,175.242139704126,1573.79917322503,111.679403358645,224.855766909451,2.54737388007532,10.9053647317476,1.49288976548331,29.7844296418552,3.80360608465049,2871.90077818375,88426.8371708043
28.8407477373625,0.139209928346109,1448.56856051531,174.700578198482,1573.44033185558,111.696306812834,224.334813969898,2.55446369060002,10.8722191517595,1.49043463769873,29.7784397060339,3.80844629521588,2870.7665421138,88888.5045141245
28.7674890986139,0.138936878468681,1448.10634628687,174.205876890725,1572.71355486997,111.687343618132,223.893678810399,2.53820258101085,10.8360836325604,1.53339260521716,29.7771266328883,3.81360575967502,2869.11933639595,89339.8202320945
28.7116707646714,0.138850245846365,1446.58378843854,173.756129035309,1570.79538480855,111.597832939981,223.465548499691,2.49371223583007,10.8048722051957,1.6377058436219,29.7705685047852,3.8185651223188,2865.57205814011,89794.7901236611
28.670710621285,0.138971335288752,1443.93078557284,173.371161017046,1567.60297200634,111.424083882307,223.060753018014,2.42424067183821,10.7826649356308,1.80960465615251,29.755209546532,3.82294702709647,2860.01520308893,90302.0184454807
28.6396304469787,0.139275327299143,1440.47904428861,173.078764072311,1563.50849235226,111.191785118427,222.715046904464,2.34147463129773,10.7684638316528,2.04174250912465,29.7311780076934,3.82684608943074,2853.09840851133,90791.4334727083
28.6100667790669,0.13971579550073,1436.68417454878,172.905602284876,1559.03401891474,110.934852053898,222.453125672358,2.25944467508374,10.7585718139408,2.3140092683699,29.6989549193973,3.83069276194505,2845.69925010131,91232.358710143
28.5735176057721,0.140245989049622,1432.90001590214,172.862889734311,1554.59277525368,110.679309130094,222.277606827117,2.18763510677844,10.7498620487593,2.60150396231385,29.6595579420244,3.83480223364012,2838.4889273314,91597.651492224
28.5256849779809,0.140828689661654,1429.29819312641,172.941019609879,1550.38751605074,110.438064823074,222.174928066993,2.12959979240156,10.7421537120612,2.8819306522101,29.6153452212405,3.83901111306925,2831.77516627084,91864.9564507457
28.4692774838145,0.141438385454198,1426.0422586626,173.131143905185,1546.59089518976,110.224094600471,222.141135996281,2.08500227662645,10.7373823245227,3.13737096551278,29.5696188208926,3.84281439660217,2825.83892903547,92085.9707779425
28.4128969731074,0.142059566909903,1423.34012412884,173.434496744091,1543.40511343045,110.053759361947,222.183424488899,2.0519796207679,10.7375649743096,3.35368325795277,29.5253154639915,3.8457231085982,2821.03839492574,92285.6850742801
28.3657935989987,0.14268880176146,1421.2380752431,173.845855692313,1540.85333528057,109.93053492181,222.292728495303,2.02849830407899,10.7431199728577,3.52305247517062,29.4837680356651,3.84758355953908,2817.42296046557,92509.5568403389
28.3341124344125,0.143335737064345,1419.57022109781,174.350790881395,1538.73763281258,109.84111855689,222.440698128916,2.01256528488826,10.752185344846,3.6472827880746,29.444062629054,3.84871665442722,2814.65002376385,92799.8263674046
28.3217756385071,0.144015785855639,1418.07077897613,174.929889745821,1536.76349823209,109.764555058689,222.591383950713,2.00206423108101,10.7625498634717,3.73815698219992,29.4028960906494,3.849643293078,2812.19981847099,93094.4397151148
28.3324213327254,0.144740579792672,1416.4894080462,175.559923032457,1534.66117085835,109.681464969646,222.710352974732,1.99475326675018,10.7733343883426,3.81337355819586,29.3558136280035,3.85076011326037,2809.58592618084,93364.9065695821
28.3685502745988,0.145503085713569,1414.76600081629,176.221141104624,1532.37128897002,109.587805793744,222.785511053737,1.98900590535321,10.7872422084863,3.88534241980643,29.3001688712873,3.8518481901405,2806.68405815912,93356.672701741
28.4285100864828,0.146262952630613,1413.16936706717,176.898450952128,1530.19486877834,109.505871431743,222.845673389023,1.98456406200443,10.8120959179076,3.9499626706338,29.2395504917495,3.8516062673045,2803.99317538235,92826.1762035033
28.5029790286673,0.146958617905185,1412.37038513191,177.599609885557,1528.87327362617,109.489085656496,222.980376776353,1.98160020668535,10.8534849034634,3.98827210239812,29.1877194530949,3.84846141141119,2802.79227479725,92144.7466731343
28.5765186213226,0.147533691285294,1413.10621864732,178.350182060858,1529.22048369159,109.595254551955,223.296590688598,1.98051564996667,10.9110127198071,3.9771262246966,29.1637341178792,3.84138428323516,2804.50327466541,91462.8948233756
28.6350787734645,0.14796010784929,1415.59969385607,179.151261754676,1531.48740446391,109.841616647264,223.82862487292,1.98272885678208,10.982439897281,3.90070955535821,29.1805796527803,3.82996545907016,2809.55636515469,90769.3569252148
28.6713307970425,0.148236869617192,1419.5229165933,179.969260620091,1535.32087715999,110.202148488436,224.528719254516,1.99039000157112,11.0655230983593,3.7561077285977,29.2408606417826,3.81439795213008,2817.31004756856,90031.1027416077
28.6847203731465,0.148370012422758,1424.35736640125,180.752418146269,1540.15722626626,110.635746051865,225.318529375207,2.00564820518908,11.1576267779237,3.55094631302177,29.3405461502283,3.79530732080662,2826.74455900134,89302.3044688487
28.6785420264024,0.148359984476584,1429.67205754513,181.45007380544,1545.52692024611,111.107976120261,226.130639432565,2.03036505664604,11.2552847693349,3.29819263514161,29.4736468268723,3.77354271311476,2837.00402995149,88608.8078090814
28.6569029057869,0.14820841948933,1435.16733990296,182.026994174842,1551.10268022756,111.594279648471,226.91754716375,2.06617530059038,11.3534893060217,3.01284282827744,29.6340271983905,3.75017793899204,2847.49171338057,88039.4153727751
28.6232559206024,0.147929623081095,1440.6009899702,182.468856154477,1556.61782808911,112.073833343688,227.6423848441,2.11448425751832,11.4447285808471,2.71085767046347,29.8148666281763,3.72668067740027,2857.73397574455,87694.3404420051
28.5807643598834,0.1475494503357,1445.6730746385,182.768902864904,1561.73884361241,112.520608297791,228.256675079035,2.17706514096773,11.5214792179428,2.40591923155317,30.006488960564,3.70468438017079,2867.14767555608,87451.8963934847
28.5329617910175,0.147095119927894,1450.05354989955,182.918737955258,1566.09534177283,112.905745807822,228.701044732846,2.25643178364875,11.5777444636249,2.10743317027332,30.1966042537333,3.68575424513582,2875.08354519908,87249.1574373427
28.4832467712061,0.146581516012841,1453.57036790644,182.914098034043,1569.48927381269,113.212874954467,228.937731776944,2.35552720299269,11.6090536978355,1.82123583585168,30.3745881289602,3.67114448932108,2881.19345017232,86941.8695575986
28.4341010580074,0.145999944919368,1456.34381707752,182.756250628254,1572.04703209764,113.449459141997,228.975762047171,2.47748903621596,11.6133233600532,1.55086233977214,30.5359607952493,3.66142703441718,2885.69460786339,86368.1554992351
28.386851395,0.145321351214961,1458.83171637678,182.454757679967,1574.27195151701,113.650432258182,228.882654900385,2.62326707983476,11.5881071590439,1.30214449488864,30.685519330637,3.65669310796684,2889.463170543,85725.4743720756
