S_I,S_S,X_I,X_S,X_H,X_A,X_STO,S_O2,S_NOX,S_NH4,S_N2,S_ALK,X_SS,Q,EQIvecinst,SSe,CODe,SNKJe,SNOe,BOD5e,mR,tagS,tagF,series_diff,tagR
28.5518195582169,0.184419854523746,4.83864836514042,0.444520320130421,5.46921321663781,0.359404637215785,0.841276062343119,0.0105449602079574,12.4802249545843,3.93385904393975,27.0275541105074,3.76060180071189,9.72130702110574,10427.6378765451,3667367.4959181636,9.72130702110574,40.6893020142082,5.446002429038264,12.4802249545843,1.6913106443887858,3667367.4959181636,0,0,0.008554533494817704,0
28.549625179515,0.182650110641167,4.7547489196437,0.434035118318989,5.38379192613643,0.353925149835131,0.823420527062568,0.0112003621932646,12.5179793894264,3.85946332156741,27.0903313859539,3.7502329235163,9.56423756023699,10023.9451834226,3496863.7648268496,9.56423756023699,40.482196931152984,5.357803813198236,12.5179793894264,1.663232955937889,3582115.6303725066,0,0,0.008009324646611502,0
28.5482112850079,0.180952682719452,4.67204818047883,0.423831074191457,5.30332098835934,0.348761268670703,0.806581489964238,0.01216234116759,12.5542283261857,3.78144033048889,27.154668902303,3.7400415595771,9.4160189270795,9693.57066906884,3353220.3074644166,9.4160189270795,40.28370696939191,5.266356439255282,12.5542283261857,1.6366886010364121,3505817.1894031432,0,0,0.007541693236281047,0
28.5472124860667,0.179238653734735,4.59582452542648,0.414105912489176,5.22938333963993,0.344022221094164,0.790937054648063,0.0135458489180542,12.5891478309204,3.69943701741344,27.2209096254684,3.72997643635976,9.27949639971769,9405.99966543693,3225566.36438884,9.27949639971769,40.10072419309925,5.171700522934795,12.5891478309204,1.6121349430938738,3435754.4831495676,0,0,0.00712191969956866,0
28.5463276621125,0.177432470092931,4.52935375687503,0.405086650086262,5.16381967366868,0.339835968949248,0.776711825375524,0.0155112765245189,12.6229247730349,3.61287465978322,27.2896185934273,3.71996818421642,9.15798844183327,9256.53494055464,3146037.74812135,9.15798844183327,39.938568007160164,5.07360183082727,12.6229247730349,1.5901142976832923,3377811.136143924,0,0,0.006815243398055089,0
28.5452875678207,0.175452786218129,4.47707836893282,0.397319811831268,5.11141907867321,0.336530813383876,0.764582843590633,0.0183567279968957,12.6561335063271,3.51980014360529,27.3624195889748,3.70981534526787,9.06013568858225,9406.12706228827,3167588.3283227514,9.06013568858225,39.80767127045063,4.970818290690299,12.6561335063271,1.5720756787113246,3342774.001507062,0,0,0.006723183919370286,0
28.5438207149917,0.173213844168087,4.44249801367949,0.391311735747249,5.07642056430839,0.334401377725223,0.755136353593602,0.0225606017053622,12.6891774028087,3.41773496207691,27.4413750087296,3.69931566171013,8.99361029141062,9708.72166487585,3238436.127647071,8.99361029141062,39.71680260421374,4.861502562550063,12.6891774028087,1.5593018029730934,3327868.5909556346,0,0,0.0067193545663681116,0
28.541636869959,0.170641983436558,4.42576101798298,0.3871776391186,5.05932355923483,0.333492375980507,0.748383262229002,0.0287364300276666,12.721665400826,3.30529070623909,27.527878160993,3.68843667691141,8.95935905653674,10053.9177398639,3320173.4619172616,8.95935905653674,39.66641670794148,4.744371127284804,12.721665400826,1.5519307210509874,3326906.699825838,0,0,0.006715539554806911,0
28.5384345569775,0.167684865782007,4.42470274149001,0.384750045475156,5.05806138008862,0.333675284725423,0.743945699034359,0.0376038863947205,12.7525364843373,3.18227082567453,27.6226593719938,3.67729311386535,8.95370056125378,10357.0682852902,3384186.5019447706,8.95370056125378,39.65125457357307,4.618958076934876,12.7525364843373,1.5493156714994234,3333271.1222834974,0,0,0.006652316288142632,0
28.5339436556098,0.164327961017989,4.43484146779889,0.383569123734227,5.06799526149424,0.334645963531879,0.741066051917956,0.04988208512962,12.7802145998987,3.04984660110836,27.7256646233158,3.66612902381114,8.96830493549922,10538.6332988771,3404744.8386864127,8.96830493549922,39.66038948510498,4.485783752320035,12.7802145998987,1.5500269448851913,3340418.4939237884,0,0,0.006484853242073012,0
28.5279507569443,0.160594943288266,4.4514204241292,0.383115755891302,5.08418409484462,0.336075992043882,0.738956077515541,0.0662600233441028,12.8030197645627,2.90976848369234,27.8365700655753,3.65521927248489,8.99427235084519,10668.4622040609,3405187.6139578917,8.99427235084519,39.68229804465711,4.34588250340266,12.8030197645627,1.552547392607822,3346306.5957450713,0,0,0.006266375676652002,0
28.5202806086631,0.156534719601788,4.47143752718858,0.383051053854962,5.10360392651195,0.33776210557243,0.737129069420519,0.0875050867308156,12.8194118411311,2.76340917004849,27.9554307701769,3.64478947234414,9.02613242934508,10793.5171042723,3400746.2969737547,9.02613242934508,39.70979901081333,4.200165392578272,12.8194118411311,1.5559503167103141,3350843.2375141275,0,0,0.00602906777486952,0
28.5107633265317,0.152210827515528,4.49433803309713,0.383299664730098,5.12588948468134,0.33967626471166,0.735504241053344,0.11461412994369,12.8278993265151,2.61146300097074,28.0829098579925,3.63501558830088,9.06318314429088,11000.5561653781,3418358.570507426,9.06318314429088,39.741681842320794,4.049228994391905,12.8278993265151,1.560123720864066,3356036.724667459,0,0,0.005819395371512035,0
28.4991574363842,0.147683899265307,4.52306405820162,0.384175177570204,5.15451611388105,0.342045594289981,0.734569665213458,0.149177009495037,12.8267823187371,2.45338966480541,28.2208415713319,3.62602602456461,9.11161783938403,11399.2888382963,3490433.0365591105,9.11161783938403,39.785211944805816,3.892963905105201,12.8267823187371,1.5661249850873102,3365636.4612311474,0,0,0.005682030966525529,0
28.4852065311049,0.143028898091426,4.56125567540154,0.386064455966879,5.19366910462693,0.345140300759373,0.734919178825498,0.193250537979379,12.8137640431742,2.28877690403358,28.3712357415052,3.6180262099351,9.17890634180556,11883.6753027272,3582213.8873636727,9.17890634180556,39.84928414477655,3.7314900093686716,12.8137640431742,1.5752309128832904,3380074.9563066494,0,0,0.005546663990093628,0
28.4687996321965,0.138353406067152,4.61019138710317,0.389080032048218,5.24483436140777,0.349042745498018,0.736764130639147,0.248776160761277,12.7860947369683,2.11877479966214,28.5348981218798,3.61136685704333,9.26767348007626,12380.5324864515,3670739.993792272,9.26767348007626,39.937065694959976,3.566124312145959,12.7860947369683,1.5879058441641776,3398241.5211495007,0,0,0.005373303098878781,0
28.4501443975134,0.133792106739714,4.66676671588329,0.392842563476403,5.30454912782917,0.353497989866889,0.739622791075089,0.31676209365636,12.7413033422382,1.94663823460461,28.7104274667991,3.6064989206247,9.37167377275031,12694.4483408091,3699069.2954961425,9.37167377275031,40.04121569238396,3.399627855605861,12.7413033422382,1.6031227465713933,3415937.272581656,0,0,0.005087767169211884,0
28.4300014568237,0.129494221675527,4.72012441081729,0.396126656716011,5.36063000736993,0.35766707792282,0.741796768591589,0.39579364793491,12.6787089268163,1.77839379980144,28.8926576413514,3.60385025482952,9.46905136515095,12593.8714618892,3604202.9998198044,9.46905136515095,40.13584059991687,3.2363856662696904,12.6787089268163,1.6172268059912827,3426396.4796504425,0,0,0.0046365472870473195,0
28.4093541103347,0.125556817994428,4.7587378298419,0.397651710758755,5.4001519398396,0.360669821481021,0.741511868321023,0.483033662529252,12.5995852358216,1.61932696549972,29.0756434494155,3.60360674667148,9.53664239080886,12319.8922350213,3460834.381808152,9.53664239080886,40.19363409857143,3.079962995659411,12.5995852358216,1.6263388670058738,3428209.0008166377,0,0,0.0041531171346839285,0
28.3889520928703,0.121998166002654,4.77859348602119,0.396971068622107,5.41864523235308,0.362200292870437,0.738207044786109,0.576387138556895,12.5055535566991,1.47147629547403,29.2559088989463,3.60574103034248,9.56643655735495,12008.0214213965,3309489.406779786,9.56643655735495,40.20556738352588,2.931810978033171,12.5055535566991,1.6291243997584042,3422273.021114795,0,0,0.0036985252449862425,0
28.3693221945945,0.118793111413399,4.78187698548067,0.394315059603557,5.41860572200316,0.362422611208553,0.73230094964386,0.674655449924205,12.3978809833894,1.33497247680766,29.4317806037658,3.61016173738162,9.56289618893219,11755.3779923664,3177558.984541978,9.56289618893219,40.17763663394769,2.7923969212683084,12.3978809833894,1.6263427778110207,3410619.971754185,0,0,0.003301765502682314,0
28.3507874196773,0.115896173258919,4.77517168356482,0.390382651355584,5.40745804744742,0.361830842431984,0.724886047889236,0.777771995687371,12.2768427607379,1.20869950213809,29.6031613490536,3.61682228311988,9.53929743046475,11654.8976358401,3089264.0778810713,9.53929743046475,40.12641286562526,2.6615851906549994,12.2768427607379,1.6202299418404131,3396012.8856690433,0,0,0.0029777036630251213,0
28.3336535315439,0.113262892099773,4.76485757081807,0.385853833458714,5.39237688363821,0.360902420014664,0.716998556569763,0.88588071982172,12.1422815111474,1.09160622598553,29.7700372573668,3.62573497624558,9.508474426048,11610.376115569,3017674.39231755,9.508474426048,40.06790568814309,2.5392766357559364,12.1422815111474,1.6129430892408283,3379563.3859581086,0,0,0.002689493897523722,0
28.318331063105,0.110857669246697,4.75399137156506,0.381068623361212,5.37678580540828,0.359866727159508,0.709137855569545,0.998303163522579,11.9946710209099,0.98342746202369,29.9313330606268,3.63688909415144,9.47657114555442,11565.1953047862,2947868.741506882,9.47657114555442,40.010039115415296,2.4256824885151453,11.9946710209099,1.605513362423564,3361576.1091059744,0,0,0.0024205514186466624,0
28.3051682296111,0.108646176120565,4.74546504252068,0.376342545144461,5.36391668821771,0.358940423926964,0.701763143306985,1.11473014322192,11.8340150947069,0.883596504703626,30.086436193272,3.6503134196827,9.44938145857547,11634.034396349,2908710.728198307,9.44938145857547,39.960242248848466,2.320679938566659,11.8340150947069,1.5989098390701382,3343461.493869668,0,0,0.0021910836092940483,0
28.294378389813,0.106593440781736,4.74577734256017,0.372327331835494,5.36104902841647,0.358604158202818,0.695872806791639,1.23680429897464,11.6578261011487,0.790503317187784,30.2365809641695,3.66628043362202,9.43988656144204,11996.7715887246,2942698.922089975,9.43988656144204,39.934602498401325,2.2235887619183528,11.6578261011487,1.5953011716388208,3328047.548801218,0,0,0.00202047856081516,0
28.2863037755747,0.104673187045064,4.76103592378708,0.369613370827404,5.37501351165537,0.359305933992508,0.692389768239677,1.36628748580538,11.462794051761,0.702949912337153,30.3826066469438,3.6852059061342,9.46024911133882,12480.6387216545,3004242.9821233167,9.46024911133882,39.94833547112181,2.1340691544979213,11.462794051761,1.5967147586622548,3316054.787072407,0,0,0.0018631056066926756,0
28.2814781382921,0.102869035752142,4.79267111008125,0.368321535783687,5.40738293544743,0.361148842305883,0.691513536474173,1.50296391465018,11.2474691464921,0.621023000684639,30.5232289054708,3.70737096739434,9.51326472607124,12976.8494376882,3066247.9796297555,9.51326472607124,40.00538513413667,2.0524062699345462,11.2474691464921,1.6036080651562792,3307133.1153780264,0,0,0.0016989879947182397,0
28.2804076102495,0.101166705396332,4.84038885523532,0.368391789102777,5.45779694235503,0.364111185870328,0.693176057763136,1.64602946491279,11.010928586488,0.544998576701921,30.656736000384,3.73300827778345,9.59827663750671,13534.8894202612,3140197.72231576,9.59827663750671,40.10543914597243,1.9788213848014984,11.010928586488,1.6158589864021309,3301376.7225138103,0,0,0.0015349505409562867,0
28.2835079331977,0.0995512687000763,4.90606812842961,0.369943322400058,5.5283402297066,0.368333425809377,0.697630154520288,1.79544402379925,10.7509406264746,0.474747109718475,30.7820954429538,3.76249686900475,9.71894756696739,14254.7539039706,3248242.997799158,9.71894756696739,40.253374462763716,1.9134018249408038,10.7509406264746,1.6340635240833747,3299605.5983566553,0,0,0.0013782620507095103,0
28.2910962102141,0.0980086383180559,4.99183455669271,0.373096041152438,5.62137675530011,0.373977475276111,0.705156236877965,1.95089559239814,10.4652410705961,0.410238388529954,30.898067736761,3.79623423675795,9.87941564539095,15038.9029592117,3366818.148078825,9.87941564539095,40.454545913831495,1.856344809213403,10.4652410705961,1.6588935773820863,3301773.745121886,0,0,0.0012144154436137201,0
28.3032205712269,0.0965258240939444,5.09713204491517,0.377716584227017,5.73626485246909,0.381013978202606,0.71562681482949,2.11073104490445,10.1534202077944,0.35178496093226,31.0027201909028,3.83439639410346,10.0784775341389,15831.3044996581,3483098.6280440427,10.0784775341389,40.70750066996421,1.8078150904585848,10.1534202077944,1.6901289005455133,3307440.147713204,0,0,0.001039736661811904,0
28.3196497639929,0.0950898396929192,5.22517462870102,0.383991800173277,5.87659997424808,0.389696392784226,0.729470172601711,2.27410555899035,9.81363071763056,0.299281810262838,31.0948103658243,3.87732287331315,10.3224261586421,16901.812465589,3655853.510398411,10.3224261586421,41.019672572194125,1.7680356689507966,9.81363071763056,1.728796714082373,3317998.128400634,0,0,0.0008693796495970804,0
28.340062443659,0.0936887663047498,5.3928435032546,0.3932520705387,6.06131331232112,0.401289817653915,0.749124715939251,2.44261795891789,9.43860069913492,0.252004390382321,31.1739464673146,3.92607500853925,10.6446788426991,18597.6346499276,3957915.218830244,10.6446788426991,41.431574629671346,1.7383466739329505,9.43860069913492,1.7804326137711484,3336819.219295623,0,0,0.000703230752157527,0
28.3634180176157,0.0923168957138403,5.61925241266412,0.406984824534023,6.31184294411916,0.417242125084589,0.777373574102529,2.61506275520149,9.0240946895745,0.209968445514971,31.2378045970921,3.9813950687238,11.0830889403349,20505.4262817473,4300605.4286689805,11.0830889403349,41.98843079383396,1.7210646132369418,9.0240946895745,1.8513109180224097,3364355.968134862,0,0,0.0005072228713359776,0
28.3870167939246,0.090981475080688,5.90869105332007,0.425484410806883,6.63302297162793,0.437940695603926,0.814939034406317,2.78330087510649,8.57808847786045,0.174307903336306,31.2818174097642,4.04241202475009,11.6462563837593,22407.8605998708,4642665.831267285,11.6462563837593,42.698076434770414,1.717731285186974,8.57808847786045,1.9428740928486725,3399864.575444096,0,0,0.0002782237145337183,0
28.4063182772485,0.0897111554993072,6.23899525114424,0.447081561372908,7.00006009774848,0.461849339355914,0.858904102648547,2.93161668590979,8.12395811187364,0.146992527416676,31.3011708420521,4.10606464803712,12.2906984511224,23818.6745486631,4888681.1655234825,12.2906984511224,43.5029197850179,1.7275286084965478,8.12395811187364,2.04798529336123,3440102.8616624577,0,0,2.8787767215501518e-05,0
28.4158854502855,0.0885638978792182,6.55132987214395,0.467530208220018,7.34707294837756,0.484717381846012,0.901189289258717,3.0375392934727,7.70072408481517,0.131094132993652,31.2931433760946,4.16693297706734,12.9007133963582,24316.6283621907,4954631.746667654,12.9007133963582,44.25628904801098,1.7464902600458112,7.70072408481517,2.1476088390057355,3479958.884952068,0,0,0.0,0
28.411521439296,0.087625712886695,6.79289913564844,0.483428834538521,7.61495364003855,0.5026904757706,0.934489693259096,3.07983231687427,7.34519672034066,0.131066625989383,31.2584402163688,4.2197185336465,13.3727232694101,24498.4781904516,4965077.807089381,13.3727232694101,44.8276089314379,1.773143141094695,7.34519672034066,2.2247544129420005,3518038.857314563,0,0,0.0,0
28.3908771599928,0.0870092415352226,6.95500681012586,0.495044750375025,7.79397992952253,0.515136215621587,0.957724468666858,3.04273958257931,7.08118533242546,0.154306632317126,31.1991177639457,4.26091556905327,13.6903738941831,24560.8345514532,4970604.469578729,13.6903738941831,45.194778575839884,1.8146048411416125,7.08118533242546,2.276886839154086,3554352.9976211675,0,0,0.0,0
28.3530123358521,0.0868508946908926,7.05365345127582,0.504538113941091,7.90198776180374,0.523231413199824,0.973382602679761,2.91728612556793,6.92180332753741,0.212615548760071,31.1170425380389,4.28857469867381,13.8860029162998,24596.2582028657,5007023.734181888,13.8860029162998,45.396656573443224,1.8854255690775021,6.92180332753741,2.3095256610251607,3589783.991195819,0,0,0.0,0
28.2979751846097,0.0873000654299705,7.11163289038511,0.514363708445762,7.96431392163506,0.528633833315873,0.984986533065757,2.7042022842661,6.86946333953911,0.32222351874875,31.0134434289855,4.30232535116803,14.0051164436695,24670.9835650148,5107181.786375664,14.0051164436695,45.48920613688723,2.00523090636174,6.86946333953911,2.330340829712772,3625912.5101286727,0,0,0.0,0
28.2265974222547,0.0885003892357189,7.14518365095604,0.526102154632822,7.99894765142708,0.532467821339451,0.995019879768984,2.41595065019775,6.91676313824401,0.501708610493203,30.8894004490855,4.30321134583349,14.0798859417348,24677.7519980298,5265649.466748825,14.0798859417348,45.5128189696148,2.1948899808810047,6.91676313824401,2.344730767050304,3664045.9277244895,0,0,0.0,0
28.1404326331318,0.0905707402593881,7.16024407217176,0.54005810868704,8.01243552695097,0.535031188731848,1.00423022483929,2.07621707166662,7.04756295368249,0.767627825282251,30.7466767427972,4.29347579628494,14.1216442045306,24594.3730889946,5485988.491742334,14.1216442045306,45.483002494772094,2.4715889469434273,7.04756295368249,2.3545475085566916,3705453.71327035,0,0,0.0,0
28.0416526120945,0.093591723068406,7.15513108241192,0.555451160421597,8.00291198348157,0.536018786844782,1.01202111286861,1.71555352674633,7.23956755042089,1.12929347667227,30.5883067345125,4.27614612743326,14.1262209750809,24314.5746310709,5740192.55397101,14.1262209750809,45.39677846119138,2.8439154848756507,7.23956755042089,2.3589796540073418,3750670.131952587,0,0,0.0,0
27.9331574635445,0.0975815996517837,7.12174881617145,0.570489638679677,7.96145439995452,0.534662348936789,1.0166639832871,1.36511719609046,7.46789723538387,1.58395699067355,30.4190140854569,4.25449083182163,14.0763862644481,23762.9716922941,5988094.734598636,14.0763862644481,45.23575825022582,3.307175141520401,7.46789723538387,2.3549573779838995,3799309.7972275014,0,0,0.0,0
27.8179158894561,0.10250900756253,7.0581944315064,0.583738837033686,7.88613772291147,0.530719004872302,1.01733601019571,1.04864156687311,7.71045682835373,2.11862290236349,30.2438032459887,4.23134163338691,13.9671815107625,23150.1683236176,6253566.324471348,13.9671815107625,44.9965509035382,3.8470718570668345,7.71045682835373,2.341426290884335,3851528.0212114123,0,0,0.0,0
27.6984300864329,0.108330917682109,6.97293111702401,0.594957573915036,7.78661047067984,0.524791920439602,1.01494025398119,0.779090182285985,7.9516473134463,2.71593328328201,30.0665662071583,4.20866001419358,13.8146041302587,22558.039583435,6539233.070003968,13.8146041302587,44.70099234015469,4.446545889344326,7.9516473134463,2.320880931272432,3907521.876394591,0,0,0.0,0
27.5771170245464,0.114987544940176,6.87634560962263,0.60445393040745,7.67461395804714,0.517681725030843,1.0108240047492,0.560799964842842,8.18186306962239,3.35658860971081,29.8902613504532,4.18760457374917,13.6388465996043,22009.702700782,6837999.068001521,13.6388465996043,44.37602379734384,5.087187189928395,8.18186306962239,2.2965778970371584,3967327.533366161,0,0,0.0,0
27.4564579794387,0.122387193508379,6.7768408469626,0.612651034893309,7.55961348985103,0.510075806744045,1.00611376352247,0.39196016102552,8.39620646792617,4.02113341454034,29.7170535128464,4.16871001618973,13.4564021122807,21515.7108174475,7142663.85999508,13.4564021122807,44.044140114920545,5.7504313560421,8.39620646792617,2.271194260927457,4030834.2598987394,0,0,0.0,0
27.3389426113413,0.13039119356293,6.68007324576875,0.619916372114445,7.44795689434219,0.502475459722433,1.0015480374419,0.266898969589897,8.59316472540511,4.69118750473752,29.5484761911178,4.15206862113822,13.2784361578445,21076.1033787913,7445360.213203278,13.2784361578445,43.72130381429395,6.418595595223414,8.59316472540511,2.2465323814658444,4097785.7491792208,0,0,3.383573851604015e-05,0
27.2269179438569,0.138805310651268,6.58931223283775,0.626515719921945,7.3432894475023,0.49520903877032,0.997511693339209,0.178011873328033,8.77342966244027,5.35008995414387,29.3856434727906,4.13748701253163,13.1114302874484,20688.9357790715,7739457.789427966,13.1114302874484,43.41756138687969,7.075495220778589,8.77342966244027,2.2236125989540243,4167817.903799389,0,0,0.00014084867346669547,0
27.1225490636447,0.147375164019931,6.50465208518169,0.632435422344397,7.2456967631275,0.48836146764913,0.993891528758199,0.117286591009913,8.93874149540126,5.98234761374548,29.2296578046245,4.12462502218873,12.9555309774628,20291.8054767286,7995152.048831355,12.9555309774628,43.134961494725545,7.705690134760211,8.93874149540126,2.2023810912840927,4240031.755592445,0,0,0.00024103386142271572,0
27.0277482871678,0.155801761864173,6.42251619452225,0.637229621450814,7.15117914583486,0.48172775395394,0.989975978158584,0.0772899378575206,9.09104069647551,6.57315937941843,29.081921314563,4.11309581674438,12.8034850685884,19825.1114431073,8179086.13715678,12.8034850685884,42.86617874295242,8.293844239355257,9.09104069647551,2.1815209077566453,4312977.207102896,0,0,0.00033252897918780334,0
26.943660012465,0.163814001465624,6.34040071812499,0.64057476907798,7.05693642599434,0.475160827600189,0.985251762643754,0.0516930881557478,9.23258640280697,7.11107578649227,28.9435797819671,4.10248703498515,12.6501940509016,19372.1633422846,8318323.840147264,12.6501940509016,42.60579851737188,8.828116160326658,9.23258640280697,2.1600874663707064,4385801.691340066,0,0,0.000415840460859593,0
26.870517834361,0.171223965079318,6.2593288701443,0.64263198934501,6.96408725026429,0.468755867982541,0.97984571320941,0.0356122819169105,9.36592807518721,7.58905006092234,28.8152002648519,4.09238677415252,12.4977218037389,18962.3401937084,8425682.519048339,12.4977218037389,42.356391490385874,9.301660451653506,9.36592807518721,2.1383824198410175,4457942.420406285,0,0,0.0004921050826923828,0
26.807957711157,0.17793320668559,6.18202915472133,0.643836950372909,6.87564016519639,0.462720667785683,0.97422335917402,0.0256088972401775,9.49352618689933,8.00287088661031,28.6970062952549,4.08242083003674,12.3516342824118,18629.5457548604,8519685.005678771,12.3516342824118,42.12434121509292,9.710786311933024,9.49352618689933,2.1173369034605263,4529201.062253171,0,0,0.000563290856441874,0
26.7552325882022,0.183923077007379,6.11229390959505,0.644807104680863,6.79577707046824,0.457334428390107,0.969069731230213,0.0194111586090122,9.61773233310539,8.35023814977657,28.5889234263345,4.0722517292177,12.2196908185769,18404.1844434592,8619588.685835427,12.2196908185769,41.91843790957405,10.053922854547947,9.61773233310539,2.0982842283424294,4599724.986797692,0,0,0.0006318873220021836,0
26.7115250627789,0.189218966997815,6.05251726923322,0.645991798588177,6.72712229530982,0.452768488989746,0.964854325052333,0.0155852465841561,9.74053190083778,8.62918370516909,28.4908940913486,4.06159313782781,12.1068379346722,18232.9897188819,8704709.402111832,12.1068379346722,41.74399820695001,10.329606053734096,9.74053190083778,2.082094066547435,4669300.993836915,0,0,0.0006974978588577174,0
26.6761015314043,0.193862194838949,6.00254554032904,0.647474727333398,6.66947430341035,0.449002352242928,0.961613785442605,0.0132452024430997,9.86339447043638,8.83766842785161,28.4030103555527,4.05022181439868,12.0128437374644,18092.3925603776,8765266.536963921,12.0128437374644,41.600074435001574,10.53584256046027,9.86339447043638,2.06875503199514,4737567.086222365,0,0,0.0007599321337742731,0
26.6483673542185,0.197892536188388,5.95928359411822,0.648897463934147,6.61937685029852,0.445794474840996,0.958872641485689,0.0118454129720444,9.98714617276695,8.97407062738786,28.3255126425112,4.03799612420622,11.9314830112167,17892.249538176,8757230.495212518,11.9314830112167,41.478484915084465,10.67051027329504,9.98714617276695,2.057227612354431,4803463.20768122,0,0,0.0008153629443606921,0
26.627872112058,0.201337546686635,5.9158515384622,0.649331605366962,6.56919519208935,0.442618180906295,0.95549205010114,0.0110432087290019,10.1116634549225,9.03820941138252,28.2587851057378,4.02490060428248,11.8488233879474,17542.6513680301,8635071.272194825,11.8488233879474,41.36169822567059,10.732222965776701,10.1116634549225,2.04514753532566,4865263.33775402,0,0,0.0008585099245717935,0
26.6141111547614,0.204227689574793,5.86728394669082,0.648073462384439,6.51342841681581,0.439089531659416,0.950646270103635,0.0106269337626722,10.2365761314089,9.03284402795167,28.2027804166821,4.0109864006723,11.7547871439768,17167.0449177521,8460929.832152644,11.7547871439768,41.236860471990305,10.722834569884387,10.2365761314089,2.030803058262946,4922337.409093681,0,0,0.0008942051272069756,0
26.6065104642082,0.206599856672087,5.81395027240776,0.645179795228006,6.4524823114962,0.435226559257353,0.944424061689681,0.0104825914328894,10.361852211429,8.96272412011175,28.1568824343921,3.99629745721429,11.6501312864172,16816.5252172496,8264755.080577418,11.6501312864172,41.10437332095928,10.64714834648049,10.361852211429,2.014335487436967,4974562.685210614,0,0,0.000925242894331403,0
26.6045066205467,0.208486445229322,5.75861246064109,0.641089721980301,6.38940486637617,0.431229705861355,0.937333071326911,0.0105632938674886,10.487511504342,8.83314622403521,28.1202756924052,3.98088535891965,11.5405037411369,16515.0754101108,8063480.960981548,11.5405037411369,40.97066289196185,10.510982745486487,10.487511504342,1.9967265998222261,5022084.504837859,0,0,0.0009533668282318209,0
26.6075270552731,0.209911964819939,5.70478491684465,0.636384129603845,6.32807087912413,0.427358785414482,0.930018512720608,0.0108699460821131,10.6135654660798,8.64931318035332,28.0920900703886,3.96480766478949,11.433108197754,16280.5154172848,7870184.157869888,11.433108197754,40.84405624380075,10.320228641270544,10.6135654660798,1.9792271043755667,5065237.529883799,0,0,0.0009801364280147013,0
26.6149538861593,0.210889943236778,5.65501369171929,0.631525920670344,6.2712817764676,0.423802996583304,0.922966807368177,0.0114374108476689,10.739831844563,8.41634691324655,28.071511168475,3.94814689158779,11.3332019659554,16082.2065843496,7673412.757704571,11.3332019659554,40.730435022204794,10.080538052698651,10.739831844563,1.9627558294731693,5104165.518358736,0,0,0.001003993839279022,0
26.626084572901,0.211422880185354,5.61014173941672,0.626736310201575,6.21995841024098,0.420624704708734,0.916376793058377,0.0123247718203657,10.8657920890851,8.13971385446349,28.0578156885983,3.93102901744683,11.2425928574505,15905.2336066564,7469061.183972437,11.2425928574505,40.63134541071273,9.79759902916181,10.8657920890851,1.9476405764385931,5138943.395794231,0,0,0.0010238513328733108,0
26.6403304407308,0.211500895282834,5.57832158299792,0.623227837313548,6.18309164273863,0.41844053261397,0.911686223979988,0.0136669388473991,10.9923212617888,7.82107862838387,28.050239939867,3.91338454034496,11.1778692757244,16148.1824382856,7443603.9917163495,11.1778692757244,40.5665991556577,9.474571798167085,10.9923212617888,1.9367224149955908,5172344.273996001,0,0,0.0010657784661717528,0
26.6576515065625,0.211070017365055,5.58526750145277,0.624675824843614,6.18902898305605,0.419200997973191,0.913316020493035,0.0158191583434545,11.1236788853958,7.45038964366224,28.0483074335734,3.89463914958009,11.1911683525873,17304.3553772284,7809081.382597746,11.1911683525873,40.60021085174622,9.106041831434071,11.1236788853958,1.938892040902291,5210011.9469760265,0,0,0.0011640127210589218,0
26.67809525346,0.210014125717484,5.65548971309206,0.634728727383092,6.26473034775774,0.424775615945329,0.925515416670623,0.0193570840878053,11.2630596045589,7.0149427759843,28.0526196960561,3.87430083895469,11.3322698323734,18789.4114262313,8277289.2456243625,11.3322698323734,40.79334920002633,8.683856418907945,11.2630596045589,1.9626406307610933,5253213.035689384,0,0,0.001278464988990603,0
26.7010112512557,0.208215356206152,5.79371738374011,0.654370262302187,6.41530755547084,0.435541640223983,0.949228607495524,0.0248780049825192,11.4088281296394,6.51344700183703,28.0647072168247,3.8525188131152,11.6109946502024,20308.5387295239,8706716.393775871,11.6109946502024,41.1573920566945,8.207832069877345,11.4088281296394,2.009664299360865,5301178.360107251,0,0,0.001382986491776742,0
26.7252102554628,0.205614404980934,5.99320281003207,0.682935258945563,6.63324015248041,0.451003852811065,0.983493916025105,0.0328858564618061,11.5568395443062,5.95380135637048,28.0866221257492,3.82978382610931,12.013943938724,21866.1842347666,9095739.748303272,12.013943938724,41.67470065073795,7.6848822376391865,11.5568395443062,2.077717137884438,5353158.653096237,0,0,0.0014693811827894672,0
26.7492820289596,0.202270458856441,6.24537175666088,0.719477925421506,6.90902182567668,0.470518515923494,1.02707843699225,0.0435403230977915,11.701909271229,5.35064678306041,28.1209140114126,3.80672003582015,12.5240428133302,23514.9639292201,9466359.063659478,12.5240428133302,42.32302094849085,7.128311059668119,11.701909271229,2.163959415145744,5408742.4424281735,0,0,0.001532118842973858,0
26.7718167652368,0.198439375478187,6.53924471580106,0.762821315586536,7.23049091786026,0.493242121346152,1.0783811189355,0.0562431389621312,11.8378630213807,4.727108968741,28.1702546205296,3.78409796345499,13.1194324886965,25176.1870561234,9793760.612542523,13.1194324886965,43.074436330244495,6.559578562259656,11.8378630213807,2.2648014291388203,5467209.351363031,0,0,0.0015587769874143972,0
26.7918003778349,0.194603231834268,6.86057831214427,0.811514941567376,7.58185262683877,0.518061489553997,1.13526878743744,0.0693835081973601,11.9579565974091,4.11511222730167,28.2362462774189,3.76283778066679,13.7717473141094,26807.151164582,10080140.367516525,13.7717473141094,43.89367976721102,6.00854402433374,11.9579565974091,2.3756216112313586,5527905.812101893,0,0,0.001545079555527512,0
26.8090938857587,0.191418380940622,7.17822219575745,0.861855702608744,7.92865116124997,0.542564193393163,1.19267930522655,0.0803918708100191,12.0550848663137,3.5560009013832,28.3169285915522,3.74411361123243,14.4184167212463,27876.4165281099,10158517.238776246,14.4184167212463,44.70448482493519,5.511613259299372,12.0550848663137,2.486014292657369,5588043.6228379235,0,0,0.00147075890226176,0
26.8249900895225,0.189520024518669,7.43123627168421,0.905590602280433,8.20369443407494,0.562079822942146,1.24020775314737,0.0865673405333059,12.123332490845,3.09304183056124,28.4043623407485,3.72925390888278,14.9362164312178,27955.9693501787,9914836.242344547,14.9362164312178,45.35731899817027,5.1015206692272175,12.123332490845,2.5751535190376003,5643515.323088009,0,0,0.0013408551178852282,0
26.8425632164442,0.18922799774118,7.58017229079958,0.93667910159402,8.36364672850738,0.573591422850461,1.27081190573771,0.0868701885123763,12.1611270726442,2.74918405469564,28.4871916769564,3.71913039784813,15.2448250569989,27728.6999946831,9619955.304925686,15.2448250569989,45.75669266367453,4.793835975723969,12.1611270726442,2.6293282879657767,5693850.00640241,0,0,0.0012155166047103517,0
26.8661989101088,0.19053263194355,7.63719195815194,0.956085502180605,8.42207357634274,0.57802406819347,1.28628114776583,0.0822281799242965,12.1701168500139,2.52551843179616,28.5544767491651,3.71410963951259,15.3682882709925,27380.7055856732,9348254.675174706,15.3682882709925,45.93638779468694,4.591280658472279,12.1701168500139,2.6525216557605082,5739530.064762063,0,0,0.0011136751602592691,0
26.9006827366928,0.193234815100272,7.62461276842662,0.966314708994203,8.40370347820618,0.577091864276877,1.29022134097826,0.0744344736004162,12.1530935013725,2.41323446089945,28.5967968282966,3.71430052758501,15.3513380259322,26806.9398835872,9064814.316323945,15.3513380259322,45.955861712675215,4.488595341558917,12.1530935013725,2.652221218219722,5780582.956756654,0,0,0.0010336092182639427,0
26.9500618702607,0.197013158157926,7.55423808602989,0.968349931746598,8.32170022259776,0.571719309457864,1.28440248358994,0.0653277414121568,12.1139730599803,2.39709718205722,28.6078321788529,3.71947359542717,15.2173878826069,25935.2940584775,8736335.181643536,15.2173878826069,45.84748506184068,4.47215795866189,12.1139730599803,2.6322398360746107,5816628.715596738,0,0,0.0009711551553867757,0
27.0166921586232,0.201491407096185,7.43706078993971,0.963043752209724,8.18833437861025,0.562766871910575,1.27044025402425,0.0563236112521885,12.0575655283158,2.45751631009529,28.5856486722975,3.72902665078563,14.9881855710294,24960.6467372728,8414169.727291618,14.9881855710294,45.63982961241389,4.523779724087458,12.0575655283158,2.596088335871845,5847924.390436435,0,0,0.0009290423558682017,0
27.1009835539348,0.206320059577273,7.28910632560936,0.952185931218374,8.02135639760185,0.551468822153512,1.2509009094975,0.0482433722623446,11.9887422569784,2.5744939377935,28.5321286063583,3.74213946978239,14.6958274669705,23965.4848978613,8112960.283407181,14.6958274669705,45.372321999592664,4.6259096889215545,11.9887422569784,2.5490835074270697,5874889.103447992,0,0,0.0009043902714847588,0
27.2015854416183,0.211222033746496,7.12615479252066,0.937804948224288,7.83818185329145,0.53903373885036,1.22840571482098,0.0414014546005748,11.9119316633591,2.73023193563541,28.4516033898718,3.75792286901763,14.3721107439711,23028.221883805,7848925.97828606,14.3721107439711,45.08238852307253,4.763346740582992,11.9119316633591,2.496549646094137,5898113.06668138,0,0,0.0008947850170270075,0
27.3160477986209,0.216006778088651,6.96221936422928,0.9219049248897,7.65423022010392,0.526531378128097,1.20535652936312,0.035801071697711,11.8308289496906,2.91017459647882,28.3494923897413,3.7755359419016,14.0454233505799,22211.0847358096,7636340.02627478,14.0454233505799,44.802296993423674,4.923986988951442,11.8308289496906,2.4432850950914693,5918325.008072002,0,0,0.0008984043716002442,0
27.4412601544521,0.220556103641947,6.80640113459267,0.90590659546417,7.47949659210048,0.51465663514411,1.18334714798214,0.0312948665354133,11.7484946647849,3.10269643380928,28.2315505227937,3.79421232903464,13.7342942264524,21471.7696779698,7455552.558638288,13.7342942264524,44.55162436337761,5.097858874089588,11.7484946647849,2.392440761078677,5935994.290262419,0,0,0.0009105896764079295,0
27.5737321040115,0.224803723393872,6.66250732935082,0.890485377229855,7.31815892871068,0.50370177315379,1.16305481791224,0.0276846128521042,11.6675248216277,3.2983803036835,28.1035768814509,3.81325067597497,13.4465398410962,20804.0440952025,7299781.244920616,13.4465398410962,44.33644405376276,5.27624408097127,11.6675248216277,2.345352844704575,5951491.869292625,0,0,0.0009289213979568146,0
27.7103312367193,0.228725069605844,6.53411424865494,0.876312447500536,7.17412846833505,0.493940188215061,1.14513884157118,0.0247850565404205,11.5898884269849,3.4901687652738,27.9707410819977,3.8320759044198,13.1895307736492,20291.6164722434,7196028.53880187,13.1895307736492,44.16269050060191,5.452779663029677,11.5898884269849,2.303297103844492,5965475.4273769995,0,0,0.0009562649406412617,0
27.8488477689506,0.232325867887374,6.42726566963425,0.864492500567958,7.05399187915354,0.485831489715586,1.13073849819404,0.022455874106914,11.5168860150584,3.67330976955627,27.8370916982243,3.85027284002789,12.9756927587951,20010.915400459,7172296.72762714,12.9756927587951,44.04349367410335,5.62395383096776,11.5168860150584,2.2684338215383613,5978884.552935334,0,0,0.0009971639448075461,0
27.987381828031,0.235620489932466,6.34528022125976,0.85574350282428,6.96133369578392,0.479629037392556,1.12051934723887,0.0205933658481873,11.449652101422,3.8438443479253,27.7062892864964,3.86747116785997,12.8119275745716,19847.8978596809,7188648.479772471,12.8119275745716,43.98550812246285,5.786568201288887,11.449652101422,2.241981876684716,5992178.662021456,0,0,0.0010474029370857775,0
28.1238034644733,0.23861896397785,6.28611143225338,0.849914566048605,6.8938721651077,0.475179592897321,1.11415638292907,0.0191145660908075,11.3894258657904,3.99765455576291,27.5821930668574,3.8832724958896,12.6941862962441,19755.906643519,7226647.51084792,12.6941862962441,43.981656567687224,5.936199123290596,11.3894258657904,2.2232712549214546,6005596.801682614,0,0,0.0011044049767183792,0
28.2552267224499,0.241318529969264,6.23970920694213,0.845515627918429,6.84059747630335,0.47172190688363,1.1098173701138,0.0179384883777622,11.3376264299761,4.1300380898739,27.469217369457,3.89721874631992,12.6020539020305,19463.3991545491,7181756.554506942,12.6020539020305,44.003906840580505,6.0661968893829235,11.3376264299761,2.2087999927311026,6018243.680745241,0,0,0.0011508966927178577,0
28.3775508664053,0.24369923155161,6.18428373071778,0.839049113541519,6.77771757853806,0.467600403841405,1.10343662978848,0.0169654161598117,11.2956691189023,4.23605318340972,27.3722417913707,3.90882360165867,12.4910798856287,18714.335810297,6949206.715938769,12.4910798856287,43.993337554384155,6.167222425272785,11.2956691189023,2.1909006470719095,6028147.542821768,0,0,0.0011657256518765166,0
28.4879164643036,0.245744379410053,6.10588709540395,0.828152265244621,6.69003290309773,0.461749729653126,1.09235014228855,0.0161244857080221,11.2639023247711,4.31360296210312,27.2939107508102,3.91788199329038,12.3327038682761,17886.5584274149,6664046.660587613,12.3327038682761,43.91183297940163,6.234245692484255,11.2639023247711,2.164624699422732,6034841.217745619,0,0,0.0011674252311861795,0
28.5857696239274,0.247448278991933,6.00818301488054,0.813325471267509,6.58155329524732,0.454440684787685,1.07718125957924,0.0154054471257935,11.241632947452,4.36362092891479,27.2339897183209,3.92450440764484,12.1343000849688,17119.2040411785,6381696.43379253,12.1343000849688,43.76790162868163,6.2688231677487805,11.241632947452,2.131223742676137,6038454.292912774,0,0,0.001164143136281073,0
28.6716273946186,0.248807871253595,5.90332179720905,0.796525612496046,6.46551972339586,0.446591353606429,1.06017708707588,0.0148389021111856,11.2279019891801,4.38796939123547,27.1909390338961,3.92891472316777,11.9206197615856,16574.1905610813,6168240.6768683065,11.9206197615856,43.59257083965546,6.275221404403926,11.2279019891801,2.094959648675389,6064505.055214338,0,0,0.0011680221649947205,0
28.7465942870987,0.24981670725606,5.80822362953538,0.780545860219651,6.36034900665236,0.439486753658903,1.04451144105665,0.0144956896131307,11.221927738359,4.38811306001157,27.1628138791589,3.93133430592235,11.7261936646898,16408.5154606197,6087141.596302062,11.7261936646898,43.42952768547771,6.258325799751867,11.221927738359,2.061790498183548,6091487.115958872,0,0,0.0011926520384922064,0
28.8110284969864,0.250454398460121,5.7339606020836,0.76729337241793,6.27805991645242,0.433971682524145,1.03229149608912,0.0144609538050164,11.2233721870662,4.36421817176585,27.1482792036923,3.9318847933718,11.5736688921821,16382.4724859812,6051315.237035399,11.5736688921821,43.30705996501374,6.220600889893891,11.2233721870662,2.0356312545846205,6119592.271475237,0,0,0.0012227652195136436,0
28.8641280405888,0.25068670545792,5.68111840965549,0.756988661100049,6.21923898874961,0.4300949480496,1.02366763053068,0.0148109935176495,11.2320829881213,4.31586134009478,27.1465434935283,3.93062957496845,11.4643149930391,16384.0381678053,6018899.329725366,11.4643149930391,43.225923384132145,6.161826786165857,11.2320829881213,2.016709202125367,6148689.489864158,0,0,0.0012501418328923267,0
28.9045978749222,0.250474043394073,5.64231716418305,0.748539851087381,6.175807806986,0.427297928371076,1.01729267771385,0.0156091558268933,11.2476854435011,4.24324935423202,27.1567650712109,3.92766787067107,11.3831479581585,16216.0568205333,5916242.808784118,11.3831479581585,43.166327346657624,6.080806381247103,11.2476854435011,2.0024451086266764,6177545.792579395,0,0,0.001258801592643857,0
28.9313130947523,0.249790743250463,5.60217365697698,0.73954157652917,6.13099311792551,0.424408693886148,1.0103197133475,0.0168727365856887,11.2691330218107,4.14871782569412,27.1775671017588,3.92322929961259,11.298867725128,15686.3212820478,5673098.434451419,11.298867725128,43.088540596668075,5.9768814166751465,11.2691330218107,1.987449030731515,6203644.856184903,0,0,0.0012323148161034285,0
28.9443710972588,0.248629942879784,5.54891768431828,0.72811630768016,6.07198582958746,0.420526468460945,1.00056691101982,0.0186096335491924,11.294872436263,4.03625151675165,27.2070155804625,3.91765128591631,11.1875147369673,15059.8920240883,5388042.482306326,11.1875147369673,42.96311424120525,5.8517417557923705,11.294872436263,1.967594780725678,6226036.589045937,0,0,0.0011908287494933512,0
28.9449217884544,0.246985578503986,5.48206491102504,0.7141647589934,5.99827810167668,0.415610063813103,0.9879487087492,0.0208975064147208,11.3234301575847,3.90948813284201,27.2432835086087,3.91125417305362,11.0481031854185,14457.9909661251,5107636.056268139,11.0481031854185,42.78997391121581,5.708945259255681,11.3234301575847,1.942710065449313,6244655.991070424,0,0,0.0011444641663739179,0
28.9342791058653,0.244827706945838,5.41109911671425,0.699155540168362,5.92021019161891,0.410381035443283,0.974223070253359,0.0239661268710535,11.3537994120708,3.77014777562328,27.2852426930393,3.90424917154095,10.8999192381654,14174.3087325047,4937281.561148878,10.8999192381654,42.594175767009304,5.552062566028874,11.3537994120708,1.916103100161127,6260834.064603801,0,0,0.0011170157437564805,0
28.9128554282959,0.242047318925588,5.3565244364967,0.686246543388519,5.86010720133338,0.406407553493372,0.963160325971662,0.0284225606686068,11.3858675270377,3.6156148255679,27.3332209773653,3.89662947961067,10.7846074375725,14552.286813214,4993132.918209841,10.7846074375725,42.427348807905126,5.382389448853092,11.3858675270377,1.8948987341621621,6277379.773765503,0,0,0.0011344126463519503,0
28.8799157598609,0.238477658660823,5.33522079004127,0.678033386593653,5.83632051960421,0.404986866674397,0.957831129183991,0.0353434209573701,11.4193613966777,3.44181879860769,27.3882596975433,3.88836780486735,10.7364083307158,15202.3402729532,5134411.1812275695,10.7364083307158,42.33078611061925,5.199037777975458,11.4193613966777,1.8849296198700167,6295392.519257896,0,0,0.0011628145116353034,0
28.83461587834,0.233963522524312,5.35241416977418,0.675304036400109,5.85449733192122,0.406528032408589,0.959134016463134,0.0462759190003991,11.4527145009771,3.24711497292669,27.450902204663,3.87965412260079,10.7658544845709,15981.3605987719,5308857.977859819,10.7658544845709,42.316456987831536,5.001313172921741,11.4527145009771,1.8879535473134823,6315268.682600458,0,0,0.0011870881317117344,0
28.7763427306109,0.228371461629309,5.40889051541467,0.67810965309926,5.91545382670621,0.411100211096873,0.967122067759851,0.0634937873867824,11.4831650046195,3.03122325461407,27.5214454342121,3.87086538416229,10.8744062321871,16874.4547990359,5508568.048827849,10.8744062321871,42.38539046631708,4.789000814548935,11.4831650046195,1.904165782961617,6337041.69799963,0,0,0.0012012865244071093,0
28.7046631129077,0.221618861740405,5.50451843581086,0.686282968553774,6.01901953615883,0.418699112959094,0.981646520427385,0.090363147949226,11.5066542612454,2.79446593944759,27.6002443776697,3.86256054083176,11.0615912072227,17944.1359800072,5750387.804565198,11.0615912072227,42.53644854855805,4.562250805691639,11.5066542612454,1.9334294465689659,6360582.893499694,0,0,0.0012037936518401653,0
28.6189599527086,0.21370410622622,5.64504039297891,0.700429414723957,6.17143676102397,0.429760892991948,1.00358502599265,0.131998584276206,11.5174632930686,2.53682591167376,27.6881374204204,3.85550491906141,11.3387435471688,19370.6103426929,6087143.967474334,11.3387435471688,42.782916546646256,4.321868857890419,11.5174632930686,1.977633396639515,6386675.915167513,0,0,0.0011974624702253845,0
28.5184053988245,0.204763258073798,5.84373152769045,0.722150203273463,6.38716504870329,0.445280698504368,1.03513775830342,0.195994487024173,11.5072935366873,2.25845940539454,27.7863762254552,3.85080376942067,11.7323341008686,21225.3795743185,6534875.2678871825,11.7323341008686,43.15663389337329,4.070115734046563,11.5072935366873,2.041272571604363,6416510.657606001,0,0,0.0011722499582373072,0
28.4038809997451,0.195214326554806,6.10595229143119,0.751867078001279,6.67205195402974,0.465623287426015,1.07709682480694,0.291058733304479,11.4650074711623,1.96489213014102,27.8945743623357,3.85006291015988,12.2527994305476,23050.6103726632,6949204.38393064,12.2527994305476,43.671686761995055,3.8132080609374257,11.4650074711623,2.1261679263794413,6450366.231443861,0,0,0.0010903619511517138,0
28.2807107109975,0.185806522886677,6.39862119610467,0.784725922605263,6.99007313160864,0.488201686406616,1.12351539685968,0.421255063193466,11.380661148148,1.6719903692147,28.007598122013,3.85500041351357,12.833157775014,24062.5764472992,7098458.45760806,12.833157775014,44.251654567469046,3.5611087473714345,11.380661148148,2.221044860794221,6486764.725795821,0,0,0.0009247350496546925,0
28.1561087120954,0.177241223399612,6.66519246635307,0.81290894410031,7.2796516724866,0.50865185542916,1.16447209389247,0.58327048380994,11.2505948533761,1.39738022812543,28.1169399648187,3.86663051145691,13.3594762440052,24582.6813632317,7086056.056354861,13.3594762440052,44.76422696775662,3.3217170975798442,11.2505948533761,2.3066759348908734,6524527.45157235,0,0,0.0007191756062078383,0
28.0352372358338,0.169865225557503,6.86984865438918,0.8317481057186,7.50179782976201,0.524219165202771,1.19388575677312,0.769547806347217,11.0771542835252,1.15197232110424,28.2135783036096,3.88512797837552,13.7599448530786,24757.8791231713,6960965.428401034,13.7599448530786,45.12660197323699,3.100054153962359,11.0771542835252,2.370980965718743,6562563.660130904,0,0,0.0005040097066517267,0
27.9205508769935,0.16372083303539,7.00552615176174,0.840632737240213,7.64884039988504,0.534368296599393,1.21081445872844,0.970606280221643,10.8666808060298,0.940653148581707,28.2885683975146,3.91008583207955,14.020813243968,24794.192225716,6790170.121566038,14.020813243968,45.32445375424372,2.900166688103725,10.8666808060298,2.4117137182678614,6600195.026141573,0,0,0.0003015422935917694,0
27.8114097557862,0.158661339836394,7.08885555191362,0.842077383613068,7.73890957691126,0.540386786792837,1.2184318778296,1.17794365182213,10.62640992002,0.763347661871635,28.3337244274895,3.94092075508613,14.1759274525405,24888.9569116688,6636302.146950235,14.1759274525405,45.39873227268298,2.725080012307296,10.62640992002,2.4346621764151157,6637143.339361043,0,0,0.00012176025779061019,0
27.7053078652438,0.154485586937712,7.13545757269897,0.838351343911043,7.78901208935413,0.54349886403337,1.21964274450492,1.38331445688665,10.3645962174321,0.61814784577815,28.3415965712386,3.97686618762638,14.2569556604345,24787.7230424014,6437513.737296982,14.2569556604345,45.38575606668394,2.575656415435991,10.3645962174321,2.4452045832274454,6672766.665871245,0,0,0.0,0
27.5989701907562,0.150996369091037,7.14627768508317,0.829729529651596,7.80014509745979,0.543823597576635,1.21471991349201,1.57821327641688,10.0913736598987,0.502447864855876,28.307019774557,4.01677001384674,14.2659877590207,24418.0073198736,6180252.893016142,14.2659877590207,45.28466238311044,2.4494842690005103,10.0913736598987,2.4436798546471987,6706437.334116132,0,0,0.0,0
27.4881323820516,0.148004187176451,7.12662272279847,0.816969346722795,7.77806379635638,0.541807638075042,1.20464178007437,1.7573122031432,9.81504598975494,0.412001134659201,28.2283465147055,4.05954371897517,14.2137747101032,24086.5327851092,5945525.792898686,14.2137747101032,45.104241853255104,2.343141225171047,9.81504598975494,2.4318814228111436,6738070.824373429,0,0,0.0,0
27.3671891706936,0.145341770729931,7.10223245356072,0.803296458462853,7.75081324939729,0.539432700364826,1.19385671637734,1.92026965605737,9.53855215043426,0.341509577623776,28.1052369838585,4.10477662387947,14.151897492964,24214.6131231481,5837906.044358089,14.151897492964,44.90216251958656,2.2553906584158003,9.53855215043426,2.418503170510271,6768229.231897055,0,0,0.0,0
27.230505894607,0.142886258352819,7.0993017710062,0.791895712467884,7.74694809953841,0.538703480997227,1.18683099059704,2.06819624974979,9.26270703628515,0.286573845240284,27.937310219615,4.15235858835885,14.1327402273352,24561.5758772928,5797288.409634694,14.1327402273352,44.73707220756658,2.18588147511225,9.26270703628515,2.4123664840656915,6797323.455100298,0,0,0.0,0
27.0741388032058,0.14055760048544,7.12707154890494,0.783819061564541,7.77655251838177,0.540334425935066,1.18509441493553,2.20140427040668,8.9895539580985,0.244070051772236,27.7257894573976,4.201923444831,14.1747174098139,25042.6966579468,5802129.120329614,14.1747174098139,44.627568373413084,2.1327942546855714,8.9895539580985,2.41654987814054,6825822.216982588,0,0,0.0,0
26.8946821245119,0.138298120904267,7.19803191917994,0.780416108112417,7.8532647490728,0.545279325258576,1.19070180792945,2.32164816661317,8.71916987885386,0.211260020495736,27.4718365736151,4.25338558709626,14.302653328583,25999.1393968089,5930989.188317668,14.302653328583,44.600674154969354,2.0951476614608646,8.71916987885386,2.435205110174161,6854892.961420108,0,0,0.0,0
26.6880461854054,0.136062820166019,7.3386547631939,0.784523880766639,8.00596562120182,0.555545700377141,1.20803129848727,2.43238826973868,8.44842857506491,0.185787441515099,27.1741454173543,4.30724343577914,14.5691230962497,27658.8554568556,6237767.015868644,14.5691230962497,44.71683026959819,2.074382879914102,8.44842857506491,2.477141477848398,6886033.836608332,0,0,0.0,0
26.4530454760498,0.133825521579195,7.56512820807249,0.797658726495629,8.25229851930957,0.572363178224024,1.23970600716712,2.53573251019097,8.17611305389914,0.166118902791127,26.8338819867231,4.36360055626871,15.0060659487366,29470.6699601162,6601918.713665179,15.0060659487366,45.01402563689783,2.0711313766485064,8.17611305389914,2.54767563409987,6919732.800833189,0,0,0.0,0
26.1942026425546,0.131580198135983,7.86348035919159,0.817895569258021,8.57696889543274,0.594679938445634,1.28332249600483,2.63146434123886,7.90459756168598,0.15132817092574,26.4587422584627,4.42171438883917,15.5853154183443,22047.0460555799,4925909.511050774,15.5853154183443,45.4621300990234,2.082147569203764,7.90459756168598,2.642012347721638,6934762.0808645105,0,0,0.0,0
25.9190473725603,0.129351233203261,8.24294521764103,0.845947003600917,8.98993606304411,0.623210433307895,1.34054496051641,2.71097915460605,7.63694308596251,0.141069896598112,26.0593519322665,4.48059482158034,16.3249928611792,33262.9017181331,7447219.21193513,16.3249928611792,46.09098228387393,2.1084299193489726,7.63694308596251,2.7631735942807802,6974255.473588851,0,0,0.0,0
25.6317746415668,0.127457730436884,8.79424033622933,0.891539472924286,9.59012975407732,0.664820249397994,1.42808752103314,2.71288061162426,7.36637091675898,0.140632370786819,25.6455671980378,4.54062521335894,17.4062460321262,35526.1124747541,8048551.939278264,17.4062460321262,47.12804970566575,2.1688394037583443,7.36637091675898,2.941847931477237,7016866.272760184,0,0,0.0,0
25.3374776923352,0.127164231981507,9.29194125636779,0.930996520227471,10.1320682566661,0.702418539773031,1.51168213752194,2.52722870269707,7.04649192967005,0.185126747501479,25.2538424207223,4.60606026816018,18.3839488722786,37647.6042567779,8638103.359098744,18.3839488722786,48.033748634873035,2.2657137493349917,7.04649192967005,3.1041590428632913,7062048.5428688275,0,0,0.00019597569313654675,0
25.0382977187411,0.131801424475819,9.72369805277626,0.964380757532062,10.6019336118579,0.735244836350499,1.59372700499488,2.11328119114647,6.57239429969531,0.362275733107894,24.9449631483017,4.68788399184138,19.2371260714708,39486.9692046129,9242844.343387041,19.2371260714708,48.789083406728516,2.4863230815316335,6.57239429969531,3.248153799738725,7109967.069036742,0,0,0.0008403658877375722,0
24.7349667710656,0.175614540508647,10.1015629462695,0.994907569257705,11.0113884101825,0.764208657834391,1.68546616081182,1.5488015144277,5.85374205114126,0.790042114635981,24.755023794135,4.79691035300584,19.995363898251,40664.0985408035,9895965.19871669,19.995363898251,49.468115055930156,2.9528387094410053,5.85374205114126,3.388675070072192,7162126.277715837,0,0,0.0031494237846828067,0
24.429861409327,0.421279892993786,10.38115981973,1.02051040801415,11.3110101537967,0.785417320461769,1.80283906673271,0.978560766092226,4.91077249731582,1.55338436802417,24.6430340582832,4.93351762537045,20.5851263547587,41075.6126696205,10680722.692436697,20.5851263547587,50.15207807105611,3.7493758429083752,4.91077249731582,3.5572788796799557,7221773.058400932,0,0,0.00797233917379709,0
24.1264287992746,1.23641565361288,10.5221422394602,1.03935541734631,11.4568672632248,0.795223177845632,1.95167807740946,0.519915905657942,3.86527250931354,2.66118939956984,24.5101731012564,5.08702361632356,20.9351972552998,41232.1364150799,11791523.518292239,20.9351972552998,51.128110628173886,4.888537046221127,3.86527250931354,3.8358095269901726,7292881.8678926295,0,0,0.015507320222687032,0
23.8290888459058,3.11354920594582,10.567040281362,1.05737909708531,11.4949650535732,0.796713251797816,2.09311499705421,0.223915131863779,2.8576455709538,4.05745091602784,24.2629348336641,5.24300155541515,21.1030526999419,41236.9614221153,13294462.56285604,21.1030526999419,52.951850732724154,6.331834147208898,2.8576455709538,4.351234535315585,7379588.723030933,0,0,0.025577706103859135,0
23.5451427573927,6.38303943037071,10.5512576590752,1.078123499777,11.4633703719754,0.792959455434208,2.17085402177178,0.0766551762944885,1.99411182666931,5.64789585484077,23.8512498250279,5.38880163537783,21.1213723036069,40875.477030507,15060192.089137489,21.1213723036069,55.984747195797,7.99683568060637,1.99411182666931,5.183543017848646,7484309.226728388,1,1,0.037269241057595964,1
23.2840415463611,10.9772882311418,10.4720707645444,1.09907945458684,11.3598295032896,0.784333317730086,2.17363688864787,0.0218307780776735,1.32599691160418,7.32629087856424,23.276096796966,5.51663242469407,20.9777719166083,40037.205167006,16863902.23498464,20.9777719166083,60.150279706301696,9.773853857498038,1.32599691160418,6.312185854655699,7606775.064734732,2,1,0.04910992060579779,1
23.053813490253,16.5296953909391,10.3347295331131,1.11770147461912,11.1916644264843,0.771559029433578,2.12659123645327,0.0057009228393249,0.849593462132049,9.00271750738876,22.5743588737614,5.62463719709787,20.6966407026262,39073.1318508008,18647118.46368886,20.6966407026262,65.12575458129547,11.563878562956043,0.849593462132049,7.65250659563492,7746165.36678619,3,3,0.06023885250531415,4
22.8593644960869,22.6105844498232,10.1639979631111,1.13420689722881,10.987124062671,0.756546322436496,2.05432690409188,0.0014630768871378,0.529193759672129,10.6141669812723,21.7948588677421,5.71494062172574,20.3387867102343,38090.4383498086,20327473.202543464,20.3387867102343,70.56615109544938,13.296942435032816,0.529193759672129,9.109737213278859,7900764.165857036,4,4,0.0701254246472836,4
22.7038189923172,28.7969706229083,9.95622847815693,1.14580162835151,10.7434604305421,0.739019480837892,1.96777592826212,0.0003819187843229,0.323856514762401,12.1067423656912,20.9889449798034,5.79035926820072,19.903201798649,36586.8752305567,21494763.611594904,19.903201798649,76.05307556137605,14.908091751675316,0.323856514762401,10.57925190593264,8064874.281040617,4,4,0.07732739468541992,4
22.5872924658205,34.7006421613903,9.67697235734986,1.14540860346849,10.424746632063,0.71645562985312,1.86936945391377,0.0001039484741643,0.197718439494059,13.4322204281975,20.2058073849347,5.85318651330818,19.3253907279864,34379.5295619527,21853453.259880297,19.3253907279864,81.12088730385905,16.333210705434716,0.197718439494059,11.953944185855573,8230138.432345633,4,4,0.08086160804878068,4
22.5042849341474,40.106505774782,9.33482434082327,1.13191871787661,10.0410174811767,0.689522506359878,1.76595540565209,2.99329586763822e-05,0.121807973980857,14.5747813188807,19.4745176913764,5.90592267800436,18.6247682761106,32289.5943695391,21858544.288115896,18.6247682761106,85.57402916081796,17.551465201998006,0.121807973980857,13.183800063598046,8392690.286133599,4,4,0.08256290995574403,4
22.4460147661768,44.995878064653,8.97811336657674,1.11106872896242,9.64428524164272,0.661776086095344,1.66788207155913,1.17806561737231e-05,0.0759147033248752,15.5514083625246,18.7997527789742,5.9512213903401,17.8984033194109,30476.7691336167,21706410.169809017,17.8984033194109,89.50501832566616,18.586853370809592,0.0759147033248752,14.28074368024221,8550681.714256568,4,4,0.08336185363077984,4
22.4045311998587,49.3346437250061,8.61939930284596,1.08406733306175,9.24805612972008,0.634165247057455,1.58366272377012,5.48409954917836e-05,0.0485538079855234,16.3783156970933,18.183776719988,5.99070741493276,17.1748170458405,28992.7053418805,21510252.257698596,17.1748170458405,92.90852566132017,19.45640329322637,0.0485538079855234,15.241831107642925,8703517.68498258,4,4,0.0837135327433134,4
22.3729365961054,52.8726963217943,8.29279288537219,1.05686544569706,8.88870599036678,0.609242905867275,1.53535939791649,0.0001685584273612,0.0365617520502515,17.0793120299594,17.6249040563256,6.02553818010321,16.5325328146657,27718.0744783753,21250730.08676378,16.5325328146657,95.6285995431195,20.18582415978303,0.0365617520502515,16.020051349527467,8850476.708178086,4,4,0.08362183700129434,4
22.3463268049354,55.0099900950153,7.99076238670855,1.02967655779551,8.55819328029248,0.586465077801477,1.52589002372242,0.0003923922925575,0.0465160575554713,17.6672348714013,17.1305525076434,6.05550447247794,15.960034866898,26422.1809219916,20758035.112782873,15.960034866898,97.04730422627115,20.775610458514908,0.0465160575554713,16.464142791020468,8989150.405048708,4,4,0.08229799315308473,4
22.321388320836,55.275539882117,7.70238024608629,1.00172567669616,8.24480813829947,0.564966696084476,1.54238522646249,0.0006879185276002,0.0924365555293615,18.1429844684081,16.7080419227007,6.07901419564666,15.4294380097441,25066.0553172515,19998038.618648153,15.4294380097441,96.65319418658189,21.21588298288935,0.0924365555293615,16.45031320369797,9116843.955353083,4,4,0.07950715249009459,4
22.2960438934528,53.6700487409846,7.42637534954082,0.973293572667277,7.94695496122039,0.544551430274716,1.57359480470514,0.0010087639420378,0.18989308105844,18.5016009713497,16.3554331843586,6.09391297013077,14.9316279927013,23824.2069574261,19135583.824560016,14.9316279927013,94.43086275284574,21.50181755627011,0.18989308105844,15.975808853539025,9232890.119683592,4,4,0.07592056973136103,4
22.2690257727976,50.5443422046825,7.17483941931527,0.946488659135951,7.67714918863725,0.526028232736513,1.61344558639937,0.0013722071584022,0.351264614636607,18.7400442063571,16.0612949310021,6.09846987742749,14.4856760748944,22929.3661791125,18405227.703054093,14.4856760748944,90.75131906370444,21.639866967843385,0.351264614636607,15.130531007742434,9339412.427661689,4,4,0.07255295060607381,4
22.2396529011332,46.3560147949332,6.95932538709642,0.923327674466145,7.44725292429198,0.510206748495183,1.6575108802611,0.001719684417949,0.583943181529646,18.857433345935,15.8120494904535,6.09162557224255,14.1105775751475,22267.2050248501,17756693.36063158,14.1105775751475,86.09329131067722,21.64068574809892,0.583943181529646,14.031278844550936,9437728.7768334,4,4,0.06929763706896333,4
22.2077850590843,41.546918630848,6.78245466692893,0.904415432357885,7.25960701449999,0.497265723306943,1.70113827309025,0.0019989022650252,0.888905542730228,18.8549590582814,15.5973206746302,6.0730672213626,13.8082435145378,21783.7718475051,17174993.02529971,13.8082435145378,80.89958480011629,21.514971785848207,0.888905542730228,12.788176048307824,9528867.427940184,4,4,0.06618721578922988,4
22.1737423456828,36.4925773651193,6.64094945089584,0.889386147199065,7.1103372017124,0.486961861107075,1.74059011593761,0.0022120950508028,1.26086842423816,18.7370288557731,15.4108898864924,6.04323872984349,13.5699722480702,21384.6627831169,16605064.893068628,13.5699722480702,75.53454448765409,21.274151174589157,1.26086842423816,11.49320538919372,9613090.135100497,4,4,0.06309137579432259,4
22.1383519771939,31.5001125662162,6.52556702886625,0.876904314648839,6.98930270515373,0.478616391552057,1.77266926681593,0.0023841101571938,1.68823987371291,18.5121608332698,15.250742084099,6.00334460180839,13.3761178172929,20934.9051416781,15958515.309371565,13.3761178172929,70.28152425044689,20.931229399215603,1.68823987371291,10.219589543826254,9689537.287428997,3,4,0.05975539728403181,4
22.1027920967054,26.7933912870552,6.42659302300194,0.865544506388264,6.88595285041361,0.471514024795224,1.79544747314355,0.0025378692999162,2.15559473808073,18.1928870541625,15.1173084256169,5.95514496052967,13.2069700155699,20483.3948727324,15288702.365218729,13.2069700155699,65.34123526150319,20.50146708822637,2.15559473808073,9.019904248481915,9758120.54746136,3,4,0.0564453068189442,4
22.0683436123822,22.5042445330603,6.33854404676505,0.854580743061125,6.79432261188149,0.465248558459159,1.80876237212625,0.0026889104964093,2.64758366192403,17.7932941066113,15.0117662686625,5.90052629366263,13.0520067943425,20050.4841440059,14622525.874326225,13.0520067943425,60.83404647773558,20.00068944797299,2.64758366192403,7.925423033797744,9819133.665558884,3,4,0.05329414115518244,4
22.0361703297455,18.680057257484,6.26303920449677,0.84444651616881,6.71607405158787,0.459936910138845,1.81429558022796,0.002850316205951,3.15265617874694,17.3252068689583,14.9350637823846,5.8410146368157,12.9153867177504,19822.8669768738,14100688.137967696,12.9153867177504,56.81401984984975,19.44217666634941,3.15265617874694,6.9488964480627775,9874794.682670917,2,4,0.050813626421877665,4
22.007188250011,15.2989716073111,6.21172448718688,0.837190818627384,6.66359766249307,0.456439935028639,1.81561485346014,0.0030470575496693,3.6665320169329,16.793143019081,14.8878400410501,5.77724833373274,12.821516775814,20001.2062783215,13855874.419728333,12.821516775814,53.29072761411821,18.832479190954892,3.6665320169329,6.089240670210446,9929178.048791058,2,4,0.04944189611066898,4
21.9825508074364,12.3360012009182,6.19309470837004,0.834396432615482,6.64592040771495,0.455391579666803,1.81488342827317,0.0033058648037885,4.18593348973486,16.1987277664134,14.8718946394782,5.70964248151338,12.7879975857003,20322.4624240118,13689673.181484802,12.7879975857003,50.262238564995044,18.174618012217408,4.18593348973486,5.343324353984054,9983644.125346603,2,4,0.04843539405919345,4
21.9638510422432,9.78635999800769,6.2052309264748,0.83595797353149,6.66095792402881,0.456656729250758,1.81174792102694,0.0036371761478459,4.70343036013633,15.547388993166,14.8897434638853,5.63911523901785,12.8110886928209,20673.2190864113,13520477.291163348,12.8110886928209,47.72076251456369,17.473779284163577,4.70343036013633,4.709332884975292,10038391.231706873,2,4,0.04750444356486944,4
21.9527528721801,7.63107904515219,6.24513148204452,0.841494017790532,6.70549119165476,0.460017295206064,1.80573802958968,0.0040507393480077,5.21281923006489,14.8436516985438,14.9433700065005,5.56647040800336,12.8848583020922,21204.7507207957,13441956.489147842,12.8848583020922,45.64170393361785,16.733660825774116,5.21281923006489,4.181529964519297,10094417.018458603,2,4,0.0469744163817174,4
21.9509805244275,5.83244372215182,6.31844189874578,0.851904973014706,6.78555575780188,0.465896247334947,1.7982545265544,0.0045961401093046,5.71222914573458,14.0862402169806,15.03472359028,5.49192412475454,13.0209017582422,22082.9433065054,13542898.66876099,13.0209017582422,44.00347765003103,15.9533851788709,5.71222914573458,3.752519676080614,10153507.79461372,2,4,0.04713155918088194,4
21.9604627222654,4.3597291203735,6.43046676801947,0.868049731387196,6.90682032318292,0.474693647573537,1.79077863882943,0.005330785969372,6.19834986643621,13.2754207769611,15.165498950099,5.41589670033835,13.2302227936943,23051.2713100178,13648181.123536047,13.2302227936943,42.79100095163145,15.133707809713352,6.19834986643621,3.4165720131449286,10215744.965091132,2,4,0.04734270318222547,4
21.9828421318418,3.18962427691572,6.57572452528968,0.889093227952433,7.0634233486427,0.48600487217507,1.78321275910519,0.0062868119584177,6.66376630607705,12.4196376591403,15.335245211717,5.33952404266158,13.5023519837197,24007.3629880258,13693640.033362862,13.5023519837197,41.969925141922594,14.281622577010822,6.66376630607705,3.166186801599319,10280584.328105615,2,4,0.047367304329641514,4
22.0188547448846,2.29108388709592,6.74403981461998,0.913443884699877,7.24448742312686,0.499069245550272,1.77526338414645,0.0074768291968028,7.1008906428323,11.5322196772366,15.5407395614076,5.2641641832147,13.817752175816,24942.2370820945,13677042.87646744,13.817752175816,41.48624238412396,13.407903652826517,7.1008906428323,2.990460555098373,10345515.983155105,2,4,0.047171112459164874,4
22.0680678352441,1.62514456656343,6.92547235162921,0.939580333577769,7.43939283612755,0.513138248319496,1.76732522576353,0.0088963300500258,7.50345417432703,10.6300228980812,15.7761326263286,5.19117287091299,14.157772667261,25855.4569969973,13604720.925462963,14.157772667261,41.278121397225085,12.526734329599424,7.50345417432703,2.876748176383732,10405887.228393285,2,4,0.0467373757118961,4
22.1290959957925,1.14936105868145,7.11159520393673,0.966319380062504,7.63915278163914,0.527574139447978,1.76051678188116,0.0105139936387051,7.86653009392166,9.73368140252549,16.0332746056902,5.12187146141727,14.5071642603515,26725.7544724169,13477221.180236444,14.5071642603515,41.28361534144146,11.656360022997488,7.86653009392166,2.8121861613686927,10460053.186045494,2,4,0.04602247512275456,4
22.2004148906346,0.82177967224516,7.29620800127831,0.992945334670452,7.83718307876199,0.541905614899938,1.75646922709871,0.0122550633955244,8.18652160727614,8.86722489774606,16.3023617478677,5.05750171362046,14.8553315438773,27536.5493036009,13304597.506452147,14.8553315438773,41.44690581958916,10.818962946101161,8.18652160727614,2.78485957350385,10507947.780969204,2,4,0.04502022715933472,4
22.2815540308845,0.604148922888207,7.47875959691966,1.0197200156517,8.03295699111377,0.556084129203527,1.7575673067171,0.0139420318639201,8.46128285472773,8.05639957693835,16.5729919981122,4.99913654820381,15.2029670643151,28274.5697471618,13105615.593260337,15.2029670643151,41.73079099337846,10.03971798548914,8.46128285472773,2.785687172852888,10549717.32102084,2,4,0.04377659140491981,4
22.3739990717065,0.464332931275842,7.65143091425854,1.04581699056158,8.21816366794957,0.569514908831055,1.76365077388772,0.0153154537327979,8.69010399136704,7.32626234892734,16.8353072311793,4.94760483625249,15.5354290580743,28928.1145731516,12899788.07899354,15.5354290580743,42.086909258470804,9.34193829354762,8.69010399136704,2.804343231113075,10585482.206597237,2,4,0.042330009349503386,4
22.4812382285895,0.377229144309108,7.80075939846702,1.06946479301751,8.37843616579806,0.581177788503192,1.77221682679487,0.0163376546683752,8.87383450971213,6.69795373146589,17.0809683958709,4.90340565137282,15.8258625086938,29522.5423549339,12719285.204039656,15.8258625086938,42.460522345479255,8.74408029040721,8.87383450971213,2.8299945639837625,10615956.421092,1,3,0.04074668424277127,2
22.6080396538013,0.324357193387551,7.93056499912801,1.09151805716403,8.51787902608304,0.591350352872854,1.78362816979405,0.017216773216213,9.01510531253277,6.18523342224438,17.3039451577491,4.86661619903602,16.0819574462408,30179.2978799957,12636079.404077528,16.0819574462408,42.84733745223083,8.260642900928477,9.01510531253277,2.8593260488503827,10642580.786056178,1,3,0.039284569527319894,2
22.7580090429306,0.293140277800816,8.0402219520943,1.11216353501776,8.63579170910591,0.599982041713546,1.79669183900102,0.0180621935465969,9.11706784899135,5.79639047123884,17.4991222019857,4.83717338459971,16.3019889873934,30502.3899256845,12499435.987326154,16.3019889873934,43.23600039766395,7.899907345190725,9.11706784899135,2.888793038863353,10666965.356353572,1,3,0.03754976122606181,2
22.9296965950386,0.275425706108369,8.09318658591418,1.12574525864916,8.69298923969101,0.604328443591175,1.80190918113146,0.0187831986766194,9.18324410919748,5.53291402069141,17.6615570217979,4.81496550163069,16.4106576940427,29983.3818286191,12103356.10756167,16.4106576940427,43.523281010123945,7.656184805718369,9.18324410919748,2.9031149200045205,10689762.438282916,1,3,0.035073948570769654,2
23.1172567148743,0.265823240579105,8.06251509337399,1.12757014295747,8.66059057178932,0.602361399132713,1.79178977544937,0.0192365524176488,9.21936358449481,5.38134899383478,17.7901842286657,4.79929926593891,16.3517677665796,29098.2577142915,11627976.54750373,16.3517677665796,43.627906938156265,7.510126412198494,9.21936358449481,2.8909389475495666,10710679.326226437,1,3,0.03254251530165729,2
23.3141181220029,0.260930125365991,7.96013983124589,1.11885305068562,8.55137213958385,0.594971876184355,1.76776974572019,0.0193948844310139,9.23229203000066,5.31786716066277,17.8882658764522,4.78900025370101,16.1484150288817,28107.6478328266,11160947.467265077,16.1484150288817,43.56815489078879,7.439346085854752,9.23229203000066,2.8551919591552335,10729561.542810712,0,2,0.03022342471191614,0
23.5143766820756,0.258758968246968,7.81623721623954,1.10384819598019,8.39765870573522,0.584426857333711,1.73578704442738,0.0193433493002965,9.22820317266794,5.31770366713054,17.9606480059143,4.78286930302031,15.8612967250913,27225.1018037569,10774458.181409687,15.8612967250913,43.41109367003861,7.42424386762019,9.22820317266794,2.805762490780941,10747370.333072023,0,0,0.028278632710848003,0
23.7135715719975,0.258170853906527,7.66238813747962,1.08725896659345,8.23328692761928,0.573103985048144,1.7024509405386,0.0192063524951362,9.21212570725026,5.35925613719051,18.0123450489576,4.7798501636544,15.5543701698551,26550.8861873802,10499138.717648784,15.5543701698551,43.230231383183124,7.448919205988529,9.21212570725026,2.75339108136238,10765732.86990541,0,0,0.026736877541776168,0
23.9078521385281,0.258514401170911,7.51694951603636,1.07183706639074,8.07793141989869,0.562390345693954,1.6716130106911,0.0190665104280021,9.18809208081696,5.4247201912803,18.0479070281967,4.77906535573324,15.2648406443452,25945.4409162639,10270559.186160475,15.2648406443452,43.06708789840985,7.498860601508609,9.18809208081696,2.704332865435674,10785070.260101961,0,0,0.025398321209195034,0
24.0935551914961,0.25940645737562,7.38426405358268,1.05810183842851,7.93626076431875,0.552619470569596,1.6440527497537,0.0189387376139988,9.15947312304279,5.49930649637369,18.0716309313075,4.77976137201827,15.0013495085865,25374.2566893813,10064474.686182788,15.0013495085865,42.928260525524955,7.559852300343936,9.15947312304279,2.6599516604187032,10805398.535130873,0,0,0.024193888961396653,0
24.2674244922925,0.260613415466849,7.26027887856044,1.04519789235153,7.80395101846228,0.543491402664841,1.61867729157813,0.0187900990237261,9.12911795515296,5.57089802429277,18.0878211565456,4.78127058856606,14.7553747422781,24716.0862693401,9822167.380462136,14.7553747422781,42.79963439137657,7.618696709840948,9.12911795515296,2.618660360876803,10825953.133070208,0,0,0.02298719747900199,0
24.4267457019538,0.261990503970522,7.13588697558375,1.0314306064129,7.67125879068312,0.534323355505405,1.59324028112711,0.018564297798137,9.09937544950824,5.63010237797847,18.1007371029239,4.78300920931259,14.5080310619822,23923.19158676,9515128.018455599,14.5080310619822,42.654876215236605,7.663923405373339,9.09937544950824,2.5770844358784517,10845523.84132209,0,0,0.021727002720844782,0
24.5708471111657,0.2634419477394,7.01237897005493,1.01686394820536,7.53957845890617,0.525211733546251,1.5678961094445,0.0182490760327609,9.07188027721378,5.67083577977642,18.1143388737732,4.78450479053528,14.2617764474101,23323.2531169833,9270906.397637255,14.2617764474101,42.496218279062305,7.689550646177725,9.07188027721378,2.5355943234224823,10864433.777144996,0,0,0.020699585067020954,0
24.7011164091569,0.264902404086663,6.90410014503818,1.00391083635883,7.42428152937813,0.51723541994647,1.54587892923939,0.0179025485945006,9.04762233870663,5.6895401621816,18.1321109628257,4.7853913203517,14.0460081190911,23030.2602474115,9137886.619685862,14.0460081190911,42.361425673204565,7.69497063055576,9.04762233870663,2.4993043621810913,10883580.708132135,0,0,0.019978056714626224,0
24.81881965994,0.266330283860596,6.81842701668998,0.993976567773302,7.3332553450422,0.51095201849252,1.52888576063909,0.0175835207057581,9.02742138910119,5.68367156418103,18.1570704337876,4.78536017689561,13.8759729357379,22790.1594865857,9016202.043047607,13.8759729357379,42.270646652437684,7.679320824955361,9.02742138910119,2.4708881314684508,10902540.848801361,0,0,0.019319511596131884,0
24.9239937091407,0.267698345088172,6.7427635746796,0.985070007888617,7.25297759078661,0.505416815802531,1.51398708683858,0.0172859374006302,9.0120760771811,5.65195759035402,18.1914247421782,4.7841708862872,13.7258792298403,22235.128640079,8756699.994714987,13.7258792298403,42.19190713022482,7.638888862682835,9.0120760771811,2.4458398317325734,10919045.049500193,0,0,0.01841509966452068,0
25.0168905496387,0.268978354231915,6.66175163195785,0.974542367302842,7.16698307663794,0.499473680416496,1.49755367679748,0.0169797491738543,9.00203096622199,5.59509192747135,18.2362934256932,4.7816976376378,13.5640965958765,21595.2871941321,8448247.18170574,13.5640965958765,42.08617333698322,7.571200974466566,9.00203096622199,2.41860258016963,10932165.869311998,0,0,0.017470307179371602,0
25.0986964304595,0.270133822210494,6.5727796271241,0.961844606804113,7.07247979629585,0.492923583041377,1.47890630349643,0.0166737096216348,8.99730706270715,5.51476164889909,18.2920567371966,4.77790617837843,13.3851403453941,20964.6496402926,8129839.652272475,13.3851403453941,41.94776416943186,7.477350583259123,8.99730706270715,2.3881858343053928,10941574.120785171,0,0,0.016562409688177845,0
25.1705059677675,0.271125706742652,6.47707741899398,0.947143342974587,6.97078844421902,0.485857039730084,1.45829088416669,0.0163981117572661,8.99766532914164,5.41304658468428,18.3584511040114,4.77283474683814,13.1914826922914,20298.6116400062,7787365.4160948405,13.1914826922914,41.78078880459451,7.3596628381285365,8.99766532914164,2.3550026270959425,10947882.546426712,0,0,0.0156546703225693,0
25.2330498302936,0.271914420921754,6.37600001651206,0.930679104113057,6.86336051421053,0.478375037547316,1.43600998380056,0.0161923426104961,9.00266942839096,5.29222671939099,18.4346534299715,4.76658303703268,12.9859069236051,19623.1118782583,7434190.588401681,12.9859069236051,41.58938890739888,7.220725052598044,9.00266942839096,2.319529854437136,10952934.461764866,0,0,0.014767623443970476,0
25.2869431880611,0.272455981689153,6.27499513699062,0.913415081148115,6.75603867077177,0.470888165613999,1.41333631634135,0.016117434655928,9.01181179607378,5.15396848277191,18.5198315977252,4.75925788777122,12.7796439840339,19088.0192980034,7130024.036280992,12.7796439840339,41.388072540616115,7.063368544924312,9.01181179607378,2.2837282908365544,10957788.392761672,0,0,0.014009320004651249,0
25.3325934746514,0.272699188538336,6.18258427942302,0.89687498167516,6.65796253629234,0.464040443719734,1.39227493615815,0.016261606208346,9.02464299247387,4.9988174703146,18.6135671795479,4.75093052759526,12.5902846093621,18729.0866284749,6889048.542921258,12.5902846093621,41.19902984045814,6.889960142809595,9.02464299247387,2.2506774632725257,10963073.310565097,0,0,0.013392703671475053,0
25.3699339781084,0.272585666408521,6.10532215469455,0.882280825843311,6.57616106640923,0.45832933949661,1.37438212479194,0.0167343809302009,9.04074486343149,4.82664780090555,18.7157444675122,4.74165131175597,12.4314058926468,18528.631337165,6703825.801482276,12.4314058926468,41.03899515575256,6.701808067082793,9.04074486343149,2.222757305123448,10968652.322279826,0,0,0.012889367387033756,0
25.3984447171696,0.272044951382394,6.0477024892493,0.870505816136485,6.51545530518494,0.454097952760351,1.36072772243789,0.0176839401383245,9.05967781642751,4.63684058085877,18.8265752304198,4.73145596853107,12.3123477159026,18508.9128281946,6580334.36548104,12.3123477159026,40.918978954320956,6.499293688073768,9.05967781642751,2.2016023173678514,10973789.746958772,0,0,0.01249767197061562,0
25.4172077929517,0.270982286930191,6.01464425698556,0.862472834379531,6.48113019396897,0.451722107324401,1.35246006132077,0.0193470291420583,9.08095280612016,4.42799135630552,18.9468507108912,4.72035263860105,12.2433024848324,18727.8277956426,6535763.498782571,12.2433024848324,40.85061953386112,6.282067080066609,9.08095280612016,2.1889856237286827,10978836.08301864,0,0,0.012234761633060445,0
25.4247995574603,0.269264940121374,6.01192852999933,0.859226381930528,6.47940522710591,0.451643433201076,1.35090022403627,0.0221261359464147,9.10390057662279,4.19796103377808,19.0779784655729,4.70833819761383,12.2362090948879,19200.877753996,6570693.688788531,12.2362090948879,40.84716829385479,6.049181690844835,9.10390057662279,2.1869710739119244,10984583.940925548,0,0,0.012081961419946533,0
25.4191100060166,0.266694973593752,6.04876375963875,0.862343816754369,6.52019373003237,0.4545633552257,1.35812240848284,0.0267740710854056,9.12751026749198,3.94330594075913,19.222360303606,4.69539596968085,12.3100059860619,20094.5275878403,6735548.433186993,12.3100059860619,40.92979204974438,5.799020696728566,9.12751026749198,2.1988219811474394,10993118.374513078,0,0,0.012102807435412118,0
25.3970241514009,0.262994403898013,6.1368445544945,0.873786238464112,6.61609365741073,0.461372855059464,1.37672751200164,0.0346834180494432,9.14991228311265,3.66011017845936,19.3830476786577,4.68159197403485,12.4887005722314,21323.0117759534,6993026.548711751,12.4887005722314,41.12484337272936,5.52993685300153,9.14991228311265,2.228659786219053,11006867.625703288,0,0,0.012189759342091046,0
25.3550463374324,0.257907666979811,6.27167667011235,0.892807507049345,6.76232576553435,0.471741679289574,1.40554392818746,0.0479550704314832,9.16735519873869,3.34986396155393,19.5606240242765,4.66742386753616,12.7630344281011,22339.7272951471,7158508.465723311,12.7630344281011,41.41704955458529,5.242408002613642,9.16735519873869,2.2747894092999075,11025309.979697216,0,0,0.011997977495434369,0
25.291003486722,0.251358341791174,6.42652479010747,0.914905232976721,6.93021869870358,0.483657606331513,1.43826665339822,0.0691547929493644,9.17430551067535,3.02160552641381,19.7517883069639,4.65389351533355,13.0780294630987,22974.7244340103,7179359.789325855,13.0780294630987,41.735934810030685,4.939977262184992,9.17430551067535,2.327558774131636,11046890.4352499,0,0,0.011466011369966231,0
25.205269021624,0.243568624840198,6.56268274627603,0.933571795287989,7.07820571695527,0.494197446889041,1.46590012022368,0.100733072230051,9.16484861811211,2.68935810686674,19.9501028893242,4.64225266702267,13.3541191187449,23021.91934355,6997542.65436544,13.3541191187449,41.983395472096205,4.628833507260938,9.16484861811211,2.3730948603676847,11068351.48830424,0,0,0.010567941117131104,0
25.1011080414456,0.235068273375827,6.6431873075592,0.942660621381414,7.16653074902981,0.500558718999111,1.47999030226288,0.144086817129894,9.13462517417519,2.36884881941078,20.1470371297835,4.63365787931887,13.5153889664282,22519.7039162218,6637996.789115271,13.5153889664282,42.069104014053835,4.317376372347594,9.13462517417519,2.3982605708564244,11085485.486959506,0,0,0.009432027809339138,0
24.9825565325673,0.226440442132433,6.6591381680766,0.940681943788549,7.18556094972012,0.502047274913241,1.47862961785534,0.19981471803313,9.08170483505173,2.07042138740346,20.3357935247861,4.62879999161606,13.543559254835,21961.9364434659,6261517.624156861,13.543559254835,41.97505492905358,4.0142822506022195,9.08170483505173,2.400015300252647,11097226.179073352,0,0,0.008343524771728665,0
24.8525519107543,0.218120312554353,6.62891898826639,0.930632675952986,7.15499322780355,0.50002265876394,1.46619475670274,0.26852675797783,9.00559688231689,1.79790074993245,20.5124209743636,4.62797700940881,13.476347022426,21476.3797707034,5913386.126318086,13.476347022426,41.751434530798264,3.7271160402601837,9.00559688231689,2.3850666950789874,11103523.347286459,0,0,0.007366226614038041,0
24.7133126162452,0.210387036922057,6.57478328212817,0.916159516701924,7.09870239879024,0.49613645057268,1.44794912505266,0.350598051287313,8.90661846026803,1.55239424009742,20.6739888751031,4.63130648112754,13.359435000508,21087.6309020476,5605302.750411778,13.359435000508,41.45743042641293,3.461484644133705,8.90661846026803,2.361477872521579,11104531.000427958,0,0,0.00650526730751303,0
24.5667409897652,0.203380641288007,6.51262207456222,0.899870294102711,7.03374440128753,0.491565093191659,1.42768313343507,0.445896562386853,8.78570098474941,1.33378529381278,20.8180299086207,4.63879222530253,13.2254701666688,20755.5633806128,5328543.620843777,13.2254701666688,41.13560662763239,3.2204963789512173,8.78570098474941,2.3350010382679596,11100136.79018086,0,0,0.0057415938591402396,0
24.4149885875344,0.197141209586157,6.44854961087236,0.882799417797463,6.96667667769176,0.486756214006979,1.40694001994785,0.553326813787485,8.64463212122836,1.14161723385252,20.9423539913906,4.65030616285516,13.0870788120501,20375.986313331,5057120.883993045,13.0870788120501,40.803851737436965,3.005005505039873,8.64463212122836,2.3078709265246204,11089407.383061262,0,0,0.005045114798378963,0
24.2605183126359,0.19163589830211,6.38183097694384,0.864893100561058,6.89670003532939,0.481651559951999,1.38568059829598,0.670776278122089,8.48609824599361,0.974986290231565,21.0455384836454,4.66555415137049,12.9428700408867,19928.437713317,4786655.405047774,12.9428700408867,40.46291048202028,2.8140951031122037,8.48609824599361,2.279859654238587,11071196.759490019,0,0,0.00441447189041594,0
24.1047190331741,0.186765732205809,6.31613201655718,0.846733422046295,6.82777193850128,0.476530722925604,1.36479563417944,0.796636922062465,8.31209509372958,0.831414154598183,21.1279053818928,4.6842341173367,12.800398119771,19659.0820492183,4575276.119761646,12.800398119771,40.123448499589706,2.6460394273557433,8.31209509372958,2.2522673965524804,11046468.340071592,0,0,0.003896734321408197,0
23.9470801710711,0.182399120371555,6.26373945537861,0.830152027597474,6.77315285929471,0.4723216568913,1.34704949562611,0.930990720398644,8.12243293310959,0.70721050272611,21.1910994541351,4.70626753248624,12.6847486770621,19706.2301026812,4450670.183549581,12.6847486770621,39.815894786230864,2.4994120384804055,8.12243293310959,2.229418309709045,11018887.212216815,0,0,0.0034935995815389463,0
23.7879096545891,0.178436192932961,6.22749404533927,0.815569424098402,6.73592011529532,0.469245484459421,1.33309489259613,1.0727376628515,7.91775621419841,0.600107751418289,21.2364144242674,4.73148952457602,12.6017434671207,19625.5102544262,4308342.174720211,12.6017434671207,39.547669809310605,2.3724776644143017,7.91775621419841,2.212301317498541,10989952.692616455,0,0,0.0031106871383289945,0
23.6291444379233,0.174808151860872,6.19690617377589,0.801475539928862,6.70476734172441,0.466530662091055,1.32061843401763,1.21844809245892,7.70124001778576,0.509030881302454,21.265230195529,4.75938721382302,12.5300656589671,19389.7679561089,4142250.9297687146,12.5300656589671,39.294250741322024,2.2623185904025367,7.70124001778576,2.1972117036490455,10960591.083255703,0,0,0.0027503942785697525,0
23.472034034135,0.171447178771656,6.16409925959173,0.786771598473186,6.67119673366755,0.46360500656242,1.30786783416154,1.36503126685794,7.47589439333946,0.432354230586981,21.279793489636,4.78941781318683,12.4537252368095,19113.4039773195,3976441.863045693,12.4537252368095,39.03702164536308,2.1659506215983004,7.47589439333946,2.181368696421258,10931281.413896115,0,0,0.002430995570348138,0
23.3169566333738,0.168291663729942,6.12650043441158,0.771150670177623,6.63242445244767,0.460292966651768,1.29425877777246,1.51020180710532,7.24404676132991,0.368146465818213,21.2826930897732,4.82111034468824,12.3675338792625,18816.9141690206,3814272.330896464,12.3675338792625,38.769875598564845,2.081043792821344,7.24404676132991,2.163865108757428,10901885.269978888,0,0,0.0021509958587001264,0
23.163777485097,0.16529165690406,6.08487276083075,0.754794513760174,6.58926293453691,0.456666000028594,1.27994551627493,1.65228173301129,7.007550327152,0.314527533086483,21.2764045287089,4.85406438775278,12.2730924466725,18550.362298438,3665249.645056647,12.2730924466725,38.494610867432414,2.0059159529405157,7.007550327152,2.1449726663593585,10873007.519018052,0,0,0.001910495394544336,0
23.011987566491,0.162408610317396,6.04207176865423,0.738172348722329,6.5447844569451,0.452948380014267,1.26554556655117,1.79021497474677,6.76770455112685,0.269772295722541,21.2630489303259,4.88797593931614,12.1762477371551,18327.5965119534,3531374.500316711,12.1762477371551,38.217918697695495,1.9393954078894777,6.76770455112685,2.125699272567355,10845415.035760766,0,0,0.0017043383693947456,0
22.8605794559076,0.159612111487776,6.00354020816651,0.722070449450414,6.50486304336278,0.449553722925958,1.25223907033759,1.92380305192079,6.52478330043478,0.23230457272912,21.2442364690528,4.92271299481557,12.0880687029622,18260.154817436,3433242.039632484,12.0880687029622,37.95245806163862,1.8808633791310239,6.52478330043478,2.107951482658603,10819245.413330909,0,0,0.0015355110460729944,0
22.7077154030637,0.156875318258848,5.97894886046673,0.707765605825041,6.47995700455355,0.4472074430465,1.24211683324102,2.05401247534501,6.2772912119957,0.200679131235189,21.2209318729878,4.95842839953576,12.0281396064373,18462.8563559266,3390776.8667037706,12.0281396064373,37.72058646845539,1.8304667438294835,6.2772912119957,2.0950949256144185,10793754.48439701,0,0,0.001403902319741468,0
22.5520122020235,0.15417935135978,5.97499299920705,0.696076784394319,6.47732152453291,0.446411502109012,1.23661354482377,2.18149113434755,6.02397919456129,0.173847235258284,21.1936442897615,4.99527077771958,12.0099754593882,18756.3152890242,3369049.83959041,12.0099754593882,37.53760790845034,1.788197344535773,6.02397919456129,2.089443745375634,10768460.332625715,0,0,0.0012877773986242759,0
22.3934999581279,0.151514790157482,5.99072098004364,0.686804790236402,6.49594686572505,0.447098433046793,1.2354910123469,2.30569401498499,5.76544421871875,0.151144166582311,21.1627121831813,5.03314364274446,12.0315951781704,19059.4564871468,3352460.96038274,12.0315951781704,37.401076829684165,1.7531630645315233,5.76544421871875,2.090643246655782,10742942.955959601,0,0,0.0011788507012998873,0
22.232492531162,0.148873189357157,6.02464686026602,0.679663825572027,6.53424952530658,0.449161632497356,1.2383737493786,2.42613953184227,5.50233988104118,0.131988281584832,21.128167016496,5.07195969755335,12.0899150744216,19481.9771587845,3359486.1360781807,12.0899150744216,37.30746131353975,1.7244579503103397,5.50233988104118,2.0981447823842796,10716156.465832109,0,0,0.001081854626667383,0
22.0687319527773,0.146242304470134,6.08102366838166,0.675048318788315,6.5968723926977,0.452922632996401,1.24610199223109,2.54313387349944,5.23406874445386,0.115804251442729,21.0894974814352,5.11183685520185,12.1934163484234,20165.0124044329,3413602.355797001,12.1934163484234,37.26694326234259,1.7020734400171416,5.23406874445386,2.1133789699374064,10686738.083956363,0,0,0.0009999456404559315,0
21.902689547022,0.143612550415163,6.16457152994958,0.673390533870018,6.68898698420664,0.458739594733199,1.25960925668032,2.65650271119534,4.96101814261738,0.102173004891265,21.0458277444005,5.15277452634253,12.3515261517029,20943.5502818335,3486427.4987345706,12.3515261517029,37.29159999687692,1.6862375497806261,4.96101814261738,2.137938013263932,10654285.0504675,0,0,0.0009203375113116484,0
21.7366326411308,0.140983324062127,6.27365748846542,0.674388594111609,6.80890141467869,0.466500018001195,1.27847183878772,2.76480109188197,4.6863936998268,0.0908463051785743,20.9961270035482,5.19438042255453,12.5609058085939,21746.8190621497,3566482.709969475,12.5609058085939,37.37953531923756,1.6764149994596045,4.6863936998268,2.171233831980983,10640124.354622904,0,0,0.0008388478145760577,0
21.5723630905141,0.138353196820304,6.41671487882668,0.678921752680089,6.96587152980996,0.476844819760798,1.30440931394373,2.86720946314648,4.41252677033954,0.0815738110083852,20.9383946697434,5.23643531816517,12.8385251732212,23055.2033680574,3734878.9679844906,12.8385251732212,37.55347858235566,1.6736371037210693,4.41252677033954,2.2161576399834306,10601454.143748417,0,0,0.0007703687349395501,0
21.4102475230081,0.135714241762775,6.63098720822137,0.691082023059009,7.20050277068822,0.492574405068494,1.34526503544713,2.96375097628779,4.13933591950818,0.0741987990044325,20.8684155734009,5.2791855111904,13.2593637834459,25365.5801161861,4081079.1740203407,13.2593637834459,37.90637320725509,1.683364590369461,4.13933591950818,2.2855177747823303,10560126.302443648,0,0,0.0007184727594696218,0
21.2551494030597,0.133087489082662,6.95126071971178,0.714669090983352,7.55088911170113,0.516340844113592,1.40848778592669,3.04932300808484,3.87519385366613,0.069205562399702,20.7807372364483,5.3217494206132,13.8936942209358,27963.33375291,4507558.560795814,13.8936942209358,38.529884444578904,1.7114467045047814,3.87519385366613,2.3913542256170284,10517099.794127991,0,0,0.0006504806331261154,0
21.1185681937345,0.130556480808384,7.37514356599044,0.74963552845852,8.01484125766892,0.548071933759226,1.49395653655098,3.10905376001027,3.64388160172774,0.0684107189411437,20.6702916984647,5.3610346924901,14.7375642248408,30572.2503639288,4989621.969196939,14.7375642248408,39.43077349697097,1.7598857445359135,3.64388160172774,2.5331280397519254,10472795.394396845,0,0,0.000561035739168888,0
21.0146989712584,0.128282435057903,7.84596778453049,0.790704024761128,8.53105491801918,0.583670129969341,1.59042941530979,3.1168046477997,3.48296521473742,0.0763289199926813,20.5343128993961,5.3918673962225,15.6785911894111,32383.946975127,5402748.595855214,15.6785911894111,40.484807678906236,1.8259551219777115,3.48296521473742,2.6919321415133695,10425991.054783706,0,0,0.0004492429943482671,0
20.9536736628641,0.126500071831994,8.24477431535874,0.826784238674501,8.96995418666222,0.614322609737591,1.67357826456667,3.0410567317782,3.43241261601972,0.101843715411556,20.3757242665163,5.40843119790636,16.4794284987713,32782.22680937,5619841.749177285,16.4794284987713,41.40958734969582,1.9027234821195176,3.43241261601972,2.8276277416489144,10373273.544958087,0,0,0.0003377665889155678,0
20.9343622805834,0.125466860874827,8.49414684318742,0.851610488970241,9.24646514384578,0.634202364143909,1.72755170687462,2.86070495977369,3.51277482490314,0.159038342441629,20.2002200684135,5.40753844113471,16.9855615481677,32751.6288398311,5789800.609191736,16.9855615481677,42.0138056884802,1.9946005369572382,3.51277482490314,2.914159756880058,10310755.597988289,0,0,0.00027101536796560514,0
20.9474377238661,0.125449853689329,8.6038652484699,0.867868017263885,9.37019960243596,0.643934348992981,1.75471839835921,2.57395587166313,3.72109175498871,0.267275360259513,20.0121406507486,5.38943292697182,17.2170265812634,32529.6741120419,5971677.686775645,17.2170265812634,42.31347319307736,2.123584654039864,3.72109175498871,2.9551655081895785,10234476.588862453,0,0,0.00023704523475128226,0
20.9805780056533,0.126706611063979,8.60396781816566,0.87944784562334,9.37317347374656,0.645601646972713,1.76142883974646,2.20379767496985,4.0336864548587,0.447253775064884,19.8163197371067,5.35725317850625,17.233936426978,31856.3569478443,6133917.824947026,17.233936426978,42.37090424097201,2.315054772450588,4.0336864548587,2.9609855250789483,10141494.565277135,0,0,0.0002382402233190462,0
21.0212140025985,0.129406861286155,8.50487674814016,0.886397495545679,9.26662006277809,0.639755188406784,1.74923308611885,1.79506896927875,4.40998923629268,0.711990345594862,19.619141786579,5.31639640876691,17.0557393771411,30589.7504867075,6232517.911725477,17.0557393771411,42.197503444874215,2.582231471327107,4.40998923629268,2.9347410067878155,10030750.978576519,0,0,0.00027805723561301826,0
21.0595365986672,0.133597501330594,8.32278959907833,0.88800290047924,9.0684915050785,0.62739422620225,1.72053162280535,1.39580856214136,4.80718193299949,1.06144232383859,19.4264627533928,5.27256081815099,16.7126387761324,29164.0729780948,6323616.655110151,16.7126387761324,41.82034395364147,2.9249734235324745,4.80718193299949,2.8811760918922618,9902381.16807049,0,0,0.00034693074732854964,0
21.0899860574384,0.139251994170943,8.09022651619357,0.885437598230852,8.81461818286639,0.610834725603037,1.68146577856353,1.04053328852409,5.1934233503757,1.48485014144105,19.2423360305915,5.22996796940651,16.2681054833518,27715.8333012269,6415011.390514631,16.2681054833518,41.31182085306671,3.3350921911878246,5.1934233503757,2.810763696118029,9757459.690861857,0,0,0.0004305202615504153,0
21.1104742981277,0.146279803668766,7.83335660276045,0.879791221240313,8.53384815499935,0.592012414417998,1.63713338753643,0.747351537127924,5.54909120330527,1.96344900412477,19.0700746642094,5.19113928975558,15.7734954211477,26248.6817011782,6486511.89273229,15.7734954211477,40.73289588275101,3.796093798062849,5.54909120330527,2.7320063663266385,9601123.735457037,0,0,0.0005160042236250453,0
21.1212227750281,0.154509529769342,7.56749449231458,0.871461898058269,8.24311418743562,0.572123256062506,1.59045691438946,0.520246361331743,5.86483591741711,2.47427003450577,18.9124211414442,5.15717366502205,15.2587493073547,24771.7269365603,6519194.924829324,15.2587493073547,40.12038305305788,4.286164770732006,5.86483591741711,2.6498025592710475,9441391.877800258,0,0,0.0005944777678092569,0
21.1237156679911,0.163696749662428,7.30349572305326,0.860864289026842,7.95439832084163,0.552073657877741,1.5435076923803,0.353322951774061,6.13926087006142,2.99514800752585,18.7711510974377,5.12811097986947,14.7452233919934,23376.9907529947,6523198.567403641,14.7452233919934,39.5017521008333,4.784115821392313,6.13926087006142,2.5676355840252425,9281648.693209505,0,0,0.0006631983858881518,0
21.1198449333944,0.173547443045295,7.0507075832758,0.848775933670033,7.67795725936192,0.532670846891921,1.49815268429831,0.235790250991501,6.37594495801046,3.5080746005187,18.647050288273,5.10336069974729,14.251640845288,22103.3990702031,6505843.8281226065,14.251640845288,38.901656683937674,5.273173822078037,6.37594495801046,2.4886004260058265,9123309.460483605,0,0,0.0007221055628057662,0
21.1114384102717,0.183703167670915,6.81209629369886,0.835459358513981,7.41706907399132,0.514235093745798,1.45491204865933,0.156031739549784,6.57994085667338,3.99808198285977,18.54064572188,5.08214800995777,13.7839901243899,20835.0625279313,6431530.206804072,13.7839901243899,38.3289134465519,5.738809514609248,6.57994085667338,2.4136203613174074,8966239.43912012,0,0,0.0007675584766643308,0
21.1001653407282,0.193746456296999,6.58288880540762,0.820172329951743,7.16660504799549,0.496486245779291,1.41257391443178,0.103584440369696,6.75582833748713,4.45172148624098,18.4525338643543,5.06376267804515,13.3325137133373,19465.7213598528,6261709.9360967735,13.3325137133373,37.77263814059112,6.166702937699387,6.75582833748713,2.3408826944496948,8810103.812550671,0,0,0.0007949162219583895,0
21.0874492164732,0.203321611897294,6.36121032807462,0.80267485724428,6.92457836673874,0.479334925488209,1.37062569771899,0.0697663167261553,6.90837898957829,4.8605591024232,18.3825453598683,5.04752210836446,12.8934391702905,18183.6204884154,6056663.359831552,12.8934391702905,37.22919500363534,6.548143928720448,6.90837898957829,2.2696430849729596,8656964.523457428,0,0,0.0008116601963105797,0
21.0743788342326,0.212211744709341,6.15153860115768,0.783879316519402,6.69586385202462,0.463142193250556,1.33011547151778,0.0480692523588389,7.04264570987958,5.22240952256245,18.3296340877575,5.03276935030328,12.4761740682739,17047.7721266798,5846598.573890097,12.4761740682739,36.711130013411974,6.8820281118501345,7.04264570987958,2.2015207141695656,8509553.689657865,0,0,0.0008224981589066889,0
21.0617984834539,0.220306958257438,5.95834338805562,0.764845774306915,6.48529939519217,0.44825062875094,1.29217980440901,0.0340723505598258,7.16294504262246,5.53797967264604,18.292600474989,5.0189661618798,12.0902336037161,16057.6179723552,5643055.784398022,12.0902336037161,36.231024432426,7.170270198952685,7.16294504262246,2.138206043662076,8369006.522572844,0,0,0.0008302395029223897,0
21.0503940446485,0.227578739650251,5.78405481898017,0.746368058173984,6.2954956243718,0.434840046520886,1.25752979051752,0.0249237605841318,7.27272305213302,5.80919283554588,18.2703499346981,5.00569300935768,11.7409860741129,15203.4005809939,5452493.556174847,11.7409860741129,35.796261122863115,7.41565303350306,7.27272305213302,2.080695755580406,8234082.208542853,0,0,0.0008372565631257929,0
21.0407447910192,0.234051716286274,5.6288498998954,0.728875190258379,6.12661459150352,0.422917112139001,1.22636707077546,0.0188344653428648,7.37467113734876,6.03837017245388,18.2619669924458,4.99262674976616,11.4291589353051,14462.252661393,5274371.144933094,11.4291589353051,35.408420371877234,7.620910534774963,7.37467113734876,2.029188444752299,8104058.018795993,0,0,0.0008443716527179536,0
21.0333483979345,0.239777748025444,5.49127494733001,0.712493830652264,5.97705119327898,0.412365234852481,1.19850502325942,0.014696206032112,7.4708698157025,6.22783543810508,18.2667165482585,4.97951957595074,11.1520868239848,13817.3151598756,5108218.573747624,11.1520868239848,35.064816375333095,7.788421054765176,7.4708698157025,1.9832898284893297,7978362.451592326,0,0,0.0008516471648019366,0
21.0286136798384,0.244834404669663,5.37135181888999,0.69754914115842,5.84679791342189,0.403179228191901,1.17408387355436,0.0118241435377292,7.5633607860321,6.38039869398661,18.2840933262149,4.96611831838959,10.9101020653034,13370.5325896242,4997176.893397942,10.9101020653034,34.76641005972463,7.921301863689472,7.5633607860321,1.9431299199456953,7857446.951595756,0,0,0.0008663227655272185,0
21.026935308852,0.249326902912075,5.27317473304665,0.685030412608124,5.74024962349916,0.395661503153039,1.15418730101423,0.0098018508571848,7.65481522885087,6.49920285539486,18.3142537010177,4.95204701439186,10.7119160833605,13254.3214410008,4997296.719757197,10.7119160833605,34.52456578508527,8.023810924654361,7.65481522885087,1.9103119672433284,7743267.591287273,0,0,0.0008992329263302032,0
21.0288739788744,0.253338653379619,5.19962132895117,0.675734660574631,5.6604791201915,0.390025764247647,1.13960887116318,0.0083824755154908,7.74768811852396,6.58532921880204,18.3582287362792,4.9369047696868,10.5637332257969,13293.3525351773,5046973.076555841,10.5637332257969,34.34768237738215,8.097913307755471,7.74768811852396,1.8859944922770977,7636582.911197036,0,0,0.0009410151844768319,0
21.0351558596864,0.256904283832242,5.14890411313594,0.669636691332624,5.60551796249315,0.386137017792207,1.1300223497409,0.0074161217520392,7.84340493312109,6.63744538835653,18.4174001591042,4.92040635030844,10.4620946804496,13389.5232519354,5109378.8157434985,10.4620946804496,34.23227827801346,8.142183886351418,7.84340493312109,1.8696210296972557,7537487.629336798,0,0,0.0009856568958102818,0
21.0466648251786,0.260047534917656,5.12028184601023,0.666820191243787,5.57454015339238,0.383939838618774,1.12531182094361,0.0068164687362177,7.94349880947859,6.653469550523,18.493684808259,4.90221857329482,10.4056396719437,13677.3855162478,5235484.234894497,10.4056396719437,34.17760621030503,8.15460469185664,7.94349880947859,1.8609890485199565,7445141.755346452,0,0,0.0010437565981933474,0
21.064753100291,0.262797343799688,5.11906647832435,0.668362967411479,5.57327185450883,0.383835869243575,1.12675510866942,0.0065631836714028,8.05086342960314,6.62985789646301,18.5907641178757,4.88171422487939,10.4054695218131,14363.1229335708,5504380.728218349,10.4054695218131,34.198842722248344,8.132916843388562,8.05086342960314,1.8620785292598119,7358147.029393223,0,0,0.0011332463564629293,0
21.0913724318467,0.265134089337034,5.15122800258852,0.67546750253039,5.60815099885941,0.386278575583573,1.13576018865074,0.0067022864866853,8.16841407241593,6.5602039414446,18.7137559285917,4.85817100176608,10.4740411633442,15220.8424024194,5827461.796204726,10.4740411633442,34.31339178939637,8.072161964312063,8.16841407241593,1.8750940434784122,7276248.994129889,0,0,0.0012383416509717424,0
21.1287324603639,0.266959340746361,5.21731037403194,0.688380057176249,5.67975495936758,0.391312828241361,1.15242210818866,0.0073396805273611,8.29741240544882,6.43709555024853,18.8674609566896,4.83110854797382,10.6125660585522,16120.8583847278,6149815.0253759725,10.6125660585522,34.52487212811605,7.965241855170365,8.29741240544882,1.9002375255141009,7199471.262194604,0,0,0.0013478371627890597,0
21.1787591527955,0.268113326756021,5.31013746530941,0.705946785183005,5.7803234703102,0.398398723236086,1.17498912717843,0.0086348290959784,8.43684418547381,6.25565299929284,19.0546913160274,4.80048165553711,10.8062367392649,16814.693351082,6370162.614850102,10.8062367392649,34.81666805076865,7.8059228676243695,8.43684418547381,1.9348686317514414,7125806.742670669,0,0,0.0014377132459943275,0
21.2420515465374,0.268419403542688,5.41028143799461,0.72481046655478,5.88885424789484,0.406066935142561,1.19883753278982,0.0107431641608486,8.58232374459812,6.01834904444103,19.2734463587527,4.7670108020486,11.0148629718493,17044.6622450218,6386909.276182457,11.0148629718493,35.139321570456694,7.592668868157466,8.58232374459812,1.971871972164628,7051265.186497976,0,0,0.00148048894939702,0
21.3181002930288,0.267759356115094,5.49800253544877,0.741447533880797,5.98401511835109,0.412820702450946,1.21929135207935,0.0137911142115727,8.72851840667221,5.73383197441295,19.5187481361456,4.73174018561553,11.1975420945601,17118.4251256718,6317167.392484228,11.1975420945601,35.44143689135485,7.329921410444804,8.72851840667221,2.0040109722616917,6974900.460132852,0,0,0.001498314640452154,0
21.4064077669683,0.266086094054577,5.56621582140424,0.75447464661315,6.05816255899257,0.418119073133984,1.23465362008112,0.0179285125185986,8.87143464428448,5.41148127954217,19.7862602882907,4.69549658861144,11.3395021776581,17168.6282579399,6213632.11546849,11.3395021776581,35.70411958124794,7.02543386556158,8.87143464428448,2.028655293174697,6896983.710988119,0,0,0.0015007538110306487,0
21.5070092003486,0.263402749083083,5.62008633352181,0.764651040548496,6.11690065684342,0.422348862368997,1.24610087347813,0.0233748820407068,9.00826479479189,5.05903968585319,20.0731531293026,4.65885178228409,11.4513119007741,17402.5747304872,6154560.75897289,11.4513119007741,35.94049971619254,6.687899901871951,9.00826479479189,2.047644037726721,6818624.522264219,0,0,0.0015046275136585906,0
21.6213910520428,0.2597254765571,5.67639878613054,0.774788662845266,6.1784039050548,0.426778006544454,1.25751020936436,0.0305226188619238,9.13758634572601,4.68003799376166,20.3797909817653,4.62198721250759,11.5675813387045,18031.2258184292,6212999.136306252,11.5675813387045,36.19499609853933,6.32429180197604,9.13758634572601,2.067047722672223,6741627.420293837,0,0,0.0015255433220833353,0
21.751276609758,0.25512048455339,5.7493450872816,0.787386217117415,6.25802709185658,0.432480573743772,1.27220309607014,0.0397868257961298,9.25703688944204,4.2790922969004,20.7056734236217,4.58526515502473,11.717681127682,18752.4957988188,6281400.783104459,11.717681127682,36.50583916038091,5.942259480437148,9.25703688944204,2.0920501506019145,6666670.957823711,0,0,0.0015337979643018822,0
21.8969447272716,0.249787796503698,5.84063031122484,0.802911341032677,6.35759469291011,0.439585987582996,1.29071091857331,0.0512064546445297,9.36254408362005,3.86686956596276,21.0457372438051,4.54956554193052,11.9053263586662,19424.5491863309,6315907.041891662,11.9053263586662,36.87816577509923,5.552990889894317,9.36254408362005,2.1233898521693697,6593872.098817873,0,0,0.0015159142663295194,0
22.0590198245262,0.244008611812695,5.95275769654053,0.821931463581865,6.47980306724413,0.448280821197342,1.31380219372262,0.0644157651658876,9.45108180186713,3.45359557268501,21.3957219863128,4.51557327891285,12.1358882195276,20354.1635288079,6420674.271698652,12.1358882195276,37.319603678625384,5.167375803626764,9.45108180186713,2.1621188177463813,6524237.2933849385,0,0,0.001494637999154469,0
22.2406908405293,0.238070371177996,6.10355446767025,0.847571428112809,6.64396042724675,0.459904994153886,1.3457928698605,0.0788190947626441,9.52141295557976,3.04462676427079,21.7566360137678,4.48339845309294,12.4463456842683,21897.5680737616,6706221.108241878,12.4463456842683,37.879545398751496,4.794604015132573,9.52141295557976,2.2148318568127623,6459720.970772942,0,0,0.00148953383791524,0
22.4445016894478,0.2323941929124,6.30945721006877,0.882894358373306,6.86785292059785,0.475686173986356,1.39082090534673,0.0929057771393497,9.57190436860489,2.65043206719422,22.127616909191,4.45332404640087,12.871002770577,23578.9309741942,7028999.92167335,12.871002770577,38.60360745073321,4.4488336036204705,9.57190436860489,2.287724937805542,6400447.1657482935,0,0,0.0014614657884436286,0
22.6692591065015,0.227594578421628,6.56663194370759,0.92771057927552,7.14727870310052,0.495312466043014,1.44852866148246,0.103810407056447,9.60110372505401,2.29099490959674,22.5018097742864,4.42598681399612,13.4025431660461,25209.0817518887,7349648.943653999,13.4025431660461,39.48231603853223,4.149655285147925,9.60110372505401,2.379783850468266,6345380.181785547,0,0,0.0014044522759354395,0
22.9105142123621,0.224341675789074,6.84895062106198,0.978071787784448,7.45385346704716,0.516784526320628,1.51343518650244,0.10833735848979,9.60946074323577,1.9899294168961,22.869219336359,4.40196469012681,13.9876390381401,26440.9114380669,7587207.32401645,13.9876390381401,40.445951476867826,3.9156606905649043,9.60946074323577,2.481940197263533,6294211.133209405,0,0,0.001316904239368802,0
23.1609153954307,0.223175160992034,7.10752141394195,1.02598877661953,7.7344941989471,0.536389329471211,1.57459048144356,0.104705331771811,9.59943868432294,1.76833961413465,23.2177745908147,4.38169191882413,14.5256900253852,27000.6417621112,7676370.117698592,14.5256900253852,41.36307475684609,3.7580301700168497,9.59943868432294,2.5767500066711215,6248096.695814998,0,0,0.0012126178592376038,0
23.4150834543542,0.224306099621806,7.30725878530303,1.06539662625087,7.95108092913608,0.551470762611226,1.62381937281353,0.0939524720720136,9.57439975329073,1.63606508538397,23.5392514091086,4.36523481568071,14.9440497104828,27360.4468898645,7755285.601056814,14.9440497104828,42.138416030090745,3.6791765429624093,9.57439975329073,2.651491026317162,6207756.1651228415,0,0,0.0011356506225399673,0
23.6719636796242,0.227627061789713,7.45007810218886,1.0963251878622,8.10559736631386,0.562181508016879,1.6612513403601,0.0791125330843861,9.53698481189226,1.59275839367028,23.8299932602033,4.35246212664035,15.246189002481,27654.1150926214,7865269.568449875,15.246189002481,42.77502424615581,3.678843427201642,9.53698481189226,2.7066650117918716,6173426.187010185,0,0,0.0011005295366183481,0
23.9315591726302,0.232771406820559,7.54249291129553,1.11960737921639,8.20502161260894,0.569032277484744,1.68800271473702,0.0635277606398767,9.48912214595921,1.63258036066153,24.0859424462826,4.34334705901516,15.4450624173218,27764.7069731133,7971987.385243321,15.4450624173218,43.28848747479338,3.752269460624356,9.48912214595921,2.7443677156202995,6144233.782883451,0,0,0.001091714648369886,0
24.1929981609136,0.239126576845536,7.58714562258473,1.135379544228,8.2522012152478,0.57224787910331,1.70424935045615,0.049738782549974,9.43285458824145,1.74467416664977,24.3019499388979,4.33789476320248,15.545639620045,27592.9010435864,8037761.972932138,15.545639620045,43.68334834937913,3.888818548666189,9.43285458824145,2.7652271725740536,6118594.441792653,0,0,0.0011060349150266778,0
24.4549711987529,0.245986764403146,7.58831208247089,1.14398468181585,8.25185053421598,0.57217610559252,1.71055462175566,0.0389035921926686,9.37057112515291,1.91430689190239,24.4742062309283,4.3359670237051,15.5563022380394,27292.1765355887,8093606.484235124,15.5563022380394,43.96783598900694,4.074234726484225,9.37057112515291,2.770446551714506,6095917.851147597,0,0,0.0011441756293814164,0
24.7160473622596,0.252752405323333,7.55550296368306,1.1466971355782,8.21441531908751,0.569553863134601,1.70879659492805,0.031041413289963,9.30478792950904,2.12563949492671,24.6014494083819,4.3372490755583,15.4963805461986,26914.2645389564,8143144.862052936,15.4963805461986,44.16376564399436,4.294263196290888,9.30478792950904,2.763198513969921,6075903.998812911,0,0,0.001200003576089032,0
24.9718185162409,0.25899483344548,7.48340246133341,1.14228982821016,8.13430449837357,0.563992444307232,1.69749021625427,0.0255949427923999,9.23857631973989,2.3611102172324,24.6842123148371,4.34124653464639,15.3546689184061,26006.2385750735,8028771.732202063,15.3546689184061,44.25229279816502,4.529824582657825,9.23857631973989,2.7413522119689766,6057222.794143535,0,0,0.0012436006450464204,0
25.2136228658749,0.2644596225602,7.34406970220685,1.12542130382636,7.9814788708587,0.553388908349456,1.6698533756736,0.021816478914354,9.17569664472053,2.60023475407731,24.7262165767924,4.34719286293775,15.0730680989633,24258.0317752475,7618531.01242734,15.0730680989633,44.15229464935006,4.753923271828841,9.17569664472053,2.694556097219444,6037466.575330742,0,0,0.001245620110037159,0
25.4351518839147,0.269093711928015,7.13253249464653,1.09457850492829,7.75078486226058,0.537365816372395,1.62449664073343,0.0190549009740251,9.11885139369125,2.82673538709299,24.7356376876725,4.35421667959082,14.6408801245742,22394.1035200027,7121553.122931841,14.6408801245742,43.84400391478395,4.948475278856643,9.11885139369125,2.6208269376683493,6015077.478719226,0,0,0.0012303138563530519,0
25.6356361262496,0.27297411304955,6.87804196749057,1.05452988515747,7.4740098616296,0.518124678305686,1.56821063150429,0.0169131777522372,9.06897930087039,3.03283934354022,24.7217162192734,4.36163549746348,14.118434811551,20640.1866960631,6620016.566271707,14.118434811551,43.40152726338677,5.1114878303293985,9.06897930087039,2.530755388982857,5988849.665662829,0,0,0.0012063552869260312,0
25.816579027997,0.276205513359255,6.61134002039017,1.01066391501538,7.18444447516646,0.497980054864384,1.50827014072539,0.0151822758454514,9.02623062847142,3.21557132786994,24.6921428955486,4.36897266735315,13.5693961707504,19091.0370678958,6158229.835662863,13.5693961707504,42.90548314751804,5.246468178606792,9.02623062847142,2.4355771313675922,5959079.121835905,0,0,0.0011797012767251673,0
25.9806294584067,0.27888487911305,6.35527722490752,0.967159022972789,6.90678202410033,0.478652624962214,1.45015320367178,0.0137546877098962,8.99039316990615,3.37470572346606,24.6526517800541,4.37591882282443,13.0412108835071,17808.633531034,5767105.3217726555,13.0412108835071,42.417538438134386,5.358210860962958,8.99039316990615,2.3436961816503543,5927937.510659422,0,0,0.0011566170022429805,0
26.130369852039,0.281089108061223,6.12162582334105,0.926301109134958,6.65370784492543,0.461028423999502,1.396742896102,0.0125650141586827,8.96122044500219,3.51088391454749,24.6074665901509,4.38225926569469,12.5584253995537,16686.4627745555,5418459.920038775,12.5584253995537,41.97086505760316,5.450100186114239,8.96122044500219,2.25948776225524,5896377.226683725,0,0,0.0011330201656960044,0
26.2676857800442,0.282875894570592,5.91293416041059,0.888733819171077,6.42792875127384,0.445297762602113,1.34873461648057,0.0115617565983539,8.93852603137221,3.62471474921714,24.5599487442708,4.38782318518193,12.1264702970981,15680.0025660307,5100480.390371448,12.1264702970981,41.57419078455298,5.523512909319031,8.93852603137221,2.1839534884174174,5864821.401038922,0,0,0.001107852166243773,0
26.3949121497302,0.28429112773759,5.73210822121048,0.855122046375941,6.23254718403952,0.431678775956738,1.30688759684478,0.0107160152718691,8.92203171609187,3.71754740985516,24.5124750668098,4.39250859135915,11.7514815348234,14969.975080615,4874459.767671351,11.7514815348234,41.237547101895245,5.580617027088547,8.92203171609187,2.1182094116018213,5834478.633867844,0,0,0.001096420638555307,0
26.5157851570616,0.285369648321452,5.58781233482034,0.827135406850896,6.07689939007532,0.420827528754164,1.27331363726391,0.0100352743911,8.91151094651742,3.79143440672176,24.466188047792,4.39627238011876,11.4515123663788,14771.193917973,4813961.905824717,11.4515123663788,40.98714310314768,5.625526983146952,8.91151094651742,2.0654655916945677,5807184.5850909995,0,0,0.0011188645427813754,0
26.6334286710556,0.286128613447397,5.48453825251598,0.805752040822966,5.96580210816952,0.413088219875798,1.24914879734572,0.0095401937429554,8.90718252258044,3.84691638651589,24.422239292211,4.39900712002907,11.236013056988,14793.7430552748,4826255.243599259,11.236013056988,40.837886703232975,5.659989089038269,8.90718252258044,2.0274191624075293,5783186.993500565,0,0,0.0011573715884258412,0
26.7489462391265,0.286567625289188,5.41761209196891,0.790341699015338,5.89415756881806,0.408112729977548,1.23335614113263,0.0092445877297591,8.90958429508727,3.88251371615128,24.3828430840218,4.40050301559823,11.0954573301614,14891.9609555769,4862569.847197772,11.0954573301614,40.77909409532817,5.681748171611375,8.90958429508727,2.0024214122596264,5762077.840420113,0,0,0.001201704148803409,0
26.861755084335,0.286673699279393,5.37555806716407,0.779041974522519,5.84951674460405,0.405035852102233,1.22326560303858,0.0091544633736449,8.91910483625658,3.89606860492005,24.3511366820431,4.4005231676286,11.0061981254554,14808.6742094795,4835739.340764463,11.0061981254554,40.780847025045844,5.686360357159581,8.91910483625658,1.9863271043917967,5742618.606454303,0,0,0.0012299220742150025,0
26.9693312874166,0.286432247515368,5.33834901545268,0.76844155101747,5.81018497657606,0.402338593211753,1.21415392011948,0.0092546907540487,8.93532538815866,3.88646106598762,24.3305891861992,4.39893451716125,10.9268294506909,14279.050502158,4654908.209508819,10.9268294506909,40.78923159130941,5.668526241792134,8.93532538815866,1.9718542723118868,5722562.083996259,0,0,0.001216488219172256,0
27.0696888738025,0.28582998044302,5.29112379727564,0.755953911626402,5.76007090377559,0.398887925153345,1.20248340306163,0.0095366000457526,8.95704095305462,3.85497062957128,24.3233080298962,4.39579519407559,10.8265666413527,13663.1238777194,4436223.203888412,10.8265666413527,40.76403879513813,5.626370956038292,8.95704095305462,1.9535776863751857,5700691.872591111,0,0,0.001188980901624281,0
27.1632814618259,0.28483740174342,5.23470654271284,0.741680179860718,5.70006913424733,0.394740530684946,1.18840390542377,0.0100515333724212,8.98317735398327,3.80365728874835,24.3298693152003,4.39122468134345,10.7070540917429,13234.9526068689,4270656.729850455,10.7070540917429,40.707719156498925,5.562101000870478,8.98317735398327,1.9317685165829253,5676733.154268838,0,0,0.0011711794550542114,0
27.2517350063982,0.283397059559845,5.17840520316412,0.727195427188717,5.64025986265945,0.390600551606648,1.1740655219835,0.0109325381847337,9.01310718096382,3.73359483844772,24.3506277048782,4.38528562724226,10.5874966304337,13078.3226303213,4186807.2579214703,10.5874966304337,40.645658632560476,5.478735526569935,9.01310718096382,1.9097810870245482,5650183.767026489,0,0,0.001171571750182216,0
27.3361411799545,0.281431632249582,5.12932530235454,0.713726689162023,5.5883333030038,0.387008279945665,1.16110437397386,0.0123889571695572,9.04616965601248,3.64524916292619,24.3862050953096,4.37803082527054,10.4825681102792,13000.2489264784,4123048.7362247068,10.4825681102792,40.59707076064397,5.378242479139314,9.04616965601248,1.890172150445266,5620288.164813083,0,0,0.001173392977587958,0
27.4162170200842,0.278873571314769,5.08674078990394,0.701192197724655,5.54349017375653,0.383910252327162,1.14932631897524,0.0146662317179218,9.08102693851131,3.54021005013567,24.4367238977913,4.36964485477623,10.390774830642,12795.3270575761,4014656.9033726216,10.390774830642,40.559750324086494,5.262090645973675,9.08102693851131,1.8726635936234106,5587539.711038597,0,0,0.001157829055152773,0
27.4912000217576,0.27568028068259,5.04615452858731,0.688869122138248,5.50084468911006,0.380966487065898,1.13766455210706,0.0180174777973512,9.11585964589095,3.42142687657895,24.5012522670898,4.36044565474007,10.3028359681078,12487.778882811,3870794.001999455,10.3028359681078,40.52137968144877,5.132322985675006,9.11585964589095,1.8556167682103037,5553075.48408728,0,0,0.0011269944006276596,0
27.5607102903505,0.271831526984935,5.0042342229902,0.676215608519495,5.45677656921555,0.377925790911798,1.12533386355838,0.0227031668433084,9.14889265749021,3.29214474808468,24.5782005352441,4.35078225304687,10.2118738305612,12130.9605759567,3709729.4602784263,10.2118738305612,40.47302787253086,4.99151312752332,9.14889265749021,1.8378201153238247,5518827.429982207,0,0,0.0010862106795137701,0
27.6245890553732,0.267343094979279,4.95872344931115,0.662866040267131,5.40883302368215,0.374618662620686,1.11181108359334,0.0289549328482717,9.17848888701626,3.15571950096911,24.6655498890549,4.34100867530097,10.1132367474673,11707.9126173315,3527993.0770868757,10.1132367474673,40.40878440982693,4.842566925605785,9.17848888701626,1.818462720887723,5486431.557981911,0,0,0.0010349031507953116,0
27.682858927122,0.262271136443922,4.90866592683819,0.648669458010651,5.3559718312386,0.370973879017867,1.09688466641078,0.0369476053081363,9.20326778934754,3.0153579657187,24.7611064061137,4.33145218382594,10.00496060761,11270.4585972493,3343027.20059881,10.00496060761,40.326295825082006,4.688507762646917,9.20326778934754,1.79721613524711,5456030.616069849,0,0,0.0009788976515388954,0
27.7357980266986,0.256697127194071,4.85488949968376,0.633766952626657,5.29908664228537,0.367055276106259,1.08075969939976,0.0468232925630201,9.2222256842991,2.87360142747938,24.8629365341365,4.32236973749405,9.88876111100075,10845.1651802831,3163950.44435892,9.88876111100075,40.228053223994465,4.5320565673594775,9.2222256842991,1.7744033920472015,5427390.6610494405,0,0,0.000921615679615573,0
27.7837499496928,0.250723714498248,4.7987261405765,0.618384204953924,5.23961764647349,0.362964147892083,1.0637604036683,0.058676850771742,9.23465656514229,2.73252294582184,24.9693379253053,4.31396186593549,9.76739504446861,10427.1724712815,2990173.872156509,9.76739504446861,40.11792620775535,4.375570566627837,9.23465656514229,1.7505356854108338,5400149.735234282,0,0,0.0008636518676181789,0
27.8270199779239,0.244470499120165,4.74115437994981,0.602693956477634,5.17862043294631,0.358773833334661,1.04613470574464,0.0725182503920997,9.24011605511849,2.59396421822471,25.0787024363169,4.3063865050221,9.64289555030403,10002.9443753283,2818540.561644899,9.64289555030403,39.998867785497126,4.221108906235503,9.24011605511849,1.7260027774653404,5374003.870034293,0,0,0.0008048491124930885,0
27.8659243170989,0.238058284772332,4.68300383532681,0.586846050267434,5.11698844853246,0.354545471811525,1.02809992669004,0.0882828201667915,9.23843836895982,2.45940445881795,25.1896197578002,4.29975014518078,9.51699088047847,9589.13419600436,2654313.8115429264,9.51699088047847,39.873466334499504,4.070340291883566,9.23843836895982,1.701141868577767,5348974.62969627,0,0,0.000747369077139073,0
27.9008304573794,0.23159279021947,4.62523869823768,0.571009599454215,5.05576130316292,0.350349947875974,1.009903896917,0.105880654432412,9.22969271249148,2.32980205613077,25.3010346720623,4.29410438761193,9.39168393144449,9196.94208945057,2500747.8223470654,9.39168393144449,39.744686693246656,3.924438125605231,9.22969271249148,1.6763340814482768,5325163.092376472,0,0,0.0006926862776394188,0
27.9321376025201,0.22515763683547,4.56892090711847,0.55536511448305,4.99608517859119,0.346265352656769,0.991813605635982,0.12523728965601,9.21408821477648,2.20562837669044,25.4122736880258,4.28945793252636,9.26917380568249,8843.7804680845,2362369.1230170876,9.26917380568249,39.61574539784103,3.7841046021347156,9.21408821477648,1.6519884393129365,5302111.97782705,0,0,0.0006423406611344358,0
27.9602747164341,0.218809601972369,4.51530074662846,0.540116036173847,4.93931167790071,0.342384088295131,0.974131713207408,0.146359315731676,9.19185504938183,2.08685632261834,25.523116644017,4.28578913719515,9.15203811897346,8550.98669673764,2244269.086489928,9.15203811897346,39.49032858061203,3.6495741762343696,9.19185504938183,1.6285717297993014,5279128.633066012,0,0,0.0005977985777951498,0
27.9856267156889,0.212587963763099,4.46533620740342,0.525417406104475,4.88647509112061,0.338776248340223,0.957090462917532,0.169300622096275,9.1631853046504,1.97327307863167,25.6335670603949,4.28306857363298,9.04224958424452,8299.38589928746,2140624.0895413333,9.04224958424452,39.37131009533826,3.5208352665623717,9.1631853046504,1.6064399570139174,5256548.236345398,0,0,0.0005574517681869911,0
28.0084861748673,0.206525220301891,4.41934159665993,0.511326082881852,4.83791013931729,0.335462832384926,0.940777972004354,0.194074585541793,9.12827675115025,1.86477214932518,25.7435778314306,4.28126958525611,8.94046105668698,8074.72845570809,2047191.5410808858,8.94046105668698,39.25983001841754,3.397858107154323,9.12827675115025,1.585717542848447,5234724.7010465665,0,0,0.0005201936958785984,0
28.0291171948098,0.20064175426077,4.37749891513468,0.497876305930683,4.79380828400834,0.332454778921731,0.925250036562091,0.22072423706569,9.08728469162551,1.76114623812212,25.8532404719781,4.28036340962798,8.84705115892422,7893.43109157501,1967603.9913428286,8.84705115892422,39.156647269628095,3.280483851623932,9.08728469162551,1.5664775279310605,5213799.306549662,0,0,0.0004869067774514412,0
28.0478097778405,0.194939334379337,4.34039389468314,0.485155347427646,4.75480080784388,0.329793618311417,0.910643271734707,0.249480216579105,9.04014638549223,1.66182714071316,25.9630973311549,4.28032496191829,8.76321492227662,7788.46443336972,1909241.8840202168,8.76321492227662,39.06353605222063,3.168261733469721,9.04014638549223,1.5489283409664467,5193955.239394701,0,0,0.0004591550699856435,0
28.0648112778393,0.189413554298365,4.3085204477908,0.473233422569694,4.72141907969806,0.32751352810359,0.8970700808609,0.280669059781787,8.98661890465116,1.56621922742997,26.0738457983514,4.28114560506942,8.68995418941235,7731.41168418562,1864161.8438507016,8.68995418941235,38.9819813911607,3.060692061153489,8.98661890465116,1.5332423626094012,5175193.908132139,0,0,0.00043466121993134964,0
28.0802719510181,0.184066289844853,4.28176569870155,0.462093729293031,4.69353412443862,0.325602296070679,0.884513619845411,0.314508310721329,8.92649742923001,1.47406093905277,26.185911896023,4.28282819520734,8.62703386401574,7699.03925908699,1826170.1672319656,8.62703386401574,38.911847709212246,2.9574967718970924,8.92649742923001,1.5193795140660544,5157431.36299584,0,0,0.0004118015792267257,0
28.0944033421457,0.178881513093074,4.26102734806927,0.451851242953378,4.67211713570035,0.324123388855219,0.873165179124377,0.351640969672804,8.85902748186982,1.38454915289863,26.3005239883036,4.28540486759783,8.57626370482211,7815.81563231099,1823855.9007340015,8.57626370482211,38.855569149941374,2.858028501251229,8.85902748186982,1.5076465008580007,5140666.924048981,0,0,0.0003965401422781753,0
28.1076354717051,0.173794518559149,4.25069971316908,0.443072352055867,4.66194410461681,0.323400928159594,0.863932233985517,0.39431446633833,8.78135647237976,1.29510179170974,26.4216978557548,4.2890359749168,8.54652016891722,8313.5310112025,1908319.3702045148,8.54652016891722,38.82447932225111,2.7604533019368835,8.78135647237976,1.4995504890089961,5125224.658460447,0,0,0.0003980240442274511,0
28.1202648145484,0.168748162663979,4.25605055358181,0.436410096092673,4.66873842509915,0.323819006368676,0.857896790315217,0.445549708668822,8.68922563132792,1.20324274398152,26.5543442721117,4.29402800303578,8.54841532084342,9029.81647514534,2038116.9230732003,8.54841532084342,38.8319278486699,2.6631623346126085,8.68922563132792,1.4968940356992628,5111360.773913392,0,0,0.0004046721703760419,0
28.1321866732177,0.163746199503667,4.2799043472005,0.432167312761286,4.69556317720666,0.325573555024619,0.855644870072625,0.507416928450836,8.57909284730062,1.10865336899043,26.7013347882304,4.30071131060309,8.58759292021398,9815.54576474828,2177478.093100942,8.58759292021398,38.88478613498705,2.566252015872524,8.57909284730062,1.500638146596136,5099121.369045873,0,0,0.00040760740186053794,0
28.1431836400343,0.15880627972915,4.32568099216985,0.430687805338497,4.74613346945924,0.328901805963376,0.857893243883937,0.582028288388146,8.4470022825011,1.01153462146675,26.8655794689519,4.3094739248731,8.67087937332647,10794.4368979135,2352529.3139097034,8.67087937332647,38.991287236578344,2.470402873508029,8.4470022825011,1.5119470807074191,5088632.235481619,0,0,0.0004102253306119563,0
28.1531079166528,0.153915497861343,4.40259092619727,0.4329746833026,4.83047829020619,0.334467895887973,0.866547353490932,0.673657898868451,8.2855585274181,0.91083242784888,27.0535245641639,4.32097914487592,8.8167466299199,12244.3485512656,2620402.2815961405,8.8167466299199,39.17408256359911,2.3759342891868633,8.2855585274181,1.5339660593955577,5080369.734708693,0,0,0.00041854637925328687,0
28.1615789072758,0.149077340858713,4.52351838941343,0.440367919054273,4.96264652383176,0.343205901357214,0.88426177648722,0.787138275520674,8.08567631484927,0.80629697030179,27.2725432030432,4.33607743024948,9.05100287161118,13934.2176438378,2927569.2190749124,9.05100287161118,39.464656758278416,2.284456271314511,8.08567631484927,1.571087581363771,5074548.294295571,0,0,0.0004184188755760016,0
28.1678811839029,0.14434396973658,4.69860409227338,0.453753068519867,5.15372932783774,0.355851812675181,0.913104544440479,0.924845698055839,7.84090515082137,0.700216912961667,27.5266699321641,4.35545147528792,9.39385225951598,6465.03412687268,1333893.2974095559,9.39385225951598,39.887267999386125,2.199557964637431,7.84090515082137,1.6267419671033938,5051292.154581405,0,0,0.0,0
28.1712172198679,0.139778374872207,4.93510916585422,0.473585744949766,5.41171982506149,0.372943099391442,0.954506824289604,1.08660321004062,7.54755764671373,0.595863916080149,27.8174970418655,4.37954128520182,9.85965372177058,17687.6981103511,3587395.3938013264,9.85965372177058,40.45886025428663,2.1252741665071175,7.54755764671373,1.7033500721662764,5049755.867350331,0,0,0.0003740114145089407,0
28.1707403945307,0.13541773518645,5.26599448959675,0.503116890664427,5.7727277087176,0.396945915031587,1.01528430080616,1.2704579600207,7.19514380088168,0.494384537421058,28.1534716505804,4.40933431169729,10.5145342610964,20213.395544511,4040370.4675673987,10.5145342610964,41.26022743453367,2.067356821380054,7.19514380088168,1.812173979110449,5049331.818324779,0,0,0.0003670373286792636,0
28.1653195027254,0.131661879322227,5.70382971097491,0.543360511100043,6.25070421729584,0.428841858707205,1.09909142283695,1.45023568362718,6.77825032073081,0.402563796498574,28.536704342579,4.44544109249892,11.3843748185639,22901.0541907302,4530140.849062749,11.3843748185639,42.322809102962566,2.0341297283558464,6.77825032073081,1.9578422223387664,5049567.050494227,0,0,0.0003945764214702416,0
28.1540278477389,0.132956600729117,6.2338092523685,0.592667252475113,6.82960230083851,0.467635070468133,1.2064993244309,1.57337447981356,6.28775670319493,0.339890494727767,28.9668818470339,4.48906622937067,12.4417661230487,25542.5925867161,5030350.514354486,12.4417661230487,43.61719764904917,2.0428957332099245,6.28775670319493,2.1372654033206926,5049991.306172951,0,0,0.0004972485014139302,0
28.1369688061423,0.167737425764926,6.8069870237261,0.646309673128169,7.45582682989819,0.509884819655028,1.3371796499638,1.57850814875777,5.71212038573746,0.35077709644154,29.4327889278259,4.54242780774877,13.5946852418966,27714.5211307425,5487849.565182585,13.5946852418966,45.06089422827852,2.1318562124010354,5.71212038573746,2.343176773612188,5050877.774603444,0,0,0.000860320374178905,0
28.1162313614506,0.330604555218492,7.33936478223154,0.696622584148933,8.03751828169149,0.549502317005372,1.49337103759848,1.43042973272928,5.05471381706767,0.505022083433305,29.8954236905172,4.60748697849296,14.6871642296815,29068.2867331345,5885777.580556238,14.6871642296815,46.5632149193449,2.3615262383914626,5.05471381706767,2.575296861189785,5053647.939513642,0,0,0.0019253594836670346,0
28.0957088949813,0.824412806014157,7.76353428932836,0.738254710299743,8.5010495193028,0.581364029353973,1.67970615819942,1.15065504903793,4.33924225665364,0.877725998912439,30.292963710603,4.6848197147943,15.5962075122694,30045.2112600175,6387226.880537905,15.5962075122694,48.184030407479746,2.802880268211632,4.33924225665364,2.865954411655399,5059871.129840164,0,0,0.004343192746768631,0
28.0800305053314,1.96183738518613,8.07357660355645,0.772387597190769,8.83970598971873,0.604630675415077,1.88604582673331,0.808672649930423,3.60172658037141,1.52668888191169,30.5603431588254,4.77330814674507,16.3053494682373,30769.002087703,7109212.4598606145,16.3053494682373,50.21821458313187,3.5208618130406433,3.60172658037141,3.289544218723662,5071720.450393133,0,0,0.008734601833047364,0
28.0736126904254,4.07062661468866,8.27436981947658,0.800700450373646,9.05805223927505,0.619239204778117,2.068416914763,0.489951308314874,2.88846477335206,2.46893582976979,30.6449368990146,4.86936556466727,16.7971982666621,30891.5820637696,8016699.089317446,16.7971982666621,52.965017933780445,4.5409348553322015,2.88846477335206,3.919344688793295,5091332.755230325,0,0,0.01514203082787022,0
28.0793160621058,7.29630479772211,8.3548896039372,0.82171283380672,9.14327898986645,0.624246959789652,2.18042304915264,0.254631185491302,2.24676243117708,3.66311476609018,30.5253406538102,4.96729289513219,17.0221080757837,30196.3683574388,8975932.70645465,17.0221080757837,56.500172296380576,5.822832737987893,2.24676243117708,4.777532677608218,5119909.99267542,0,0,0.022759106099149624,0
28.0976246477426,11.5316174565815,8.32167632173844,0.834408872818602,9.10237508522934,0.620358108592428,2.21054253501029,0.114170736440047,1.70468243971731,5.03211513301708,30.2167507976957,5.06204667842961,16.984267465997,29235.8206613897,9998897.419872308,16.984267465997,60.7186030277132,7.286738591925485,1.70468243971731,5.836159999981399,5158194.167308359,0,0,0.030817325312124052,0
28.1273991728345,16.5294678740781,8.21040501426915,0.840763542545274,8.97473040632491,0.610555666315134,2.17885082153144,0.0452765801357991,1.26767578184824,6.49971803050421,29.7533998199809,5.15081697824088,16.7622706330354,28189.9065322131,11034168.161788505,16.7622706330354,65.47217249789851,8.855085612758721,1.26767578184824,7.048309339815286,5206310.383675796,1,1,0.0386324788756821,1
28.1665552596757,21.9706235781887,8.04511809685355,0.841761996483685,8.78737913878368,0.596867410800162,2.11104009289451,0.0167464288113789,0.93007369502936,7.99226669286724,29.1780648398716,5.23196493718572,16.4165780449397,26843.5774177603,11887531.35823346,16.4165780449397,70.51934557367998,10.44990880842658,0.93007369502936,8.347012321438118,5262571.0031081,2,1,0.04522016107954394,1
28.2122250534849,27.5070424735474,7.8271994057281,0.835843639832168,8.54265840600501,0.579498509436504,2.02366242283482,0.0061224262242656,0.679657782159915,9.43684322031787,28.540185564376,5.30440827624882,15.9592857397153,25056.3829648134,12358795.010157444,15.9592857397153,75.5281299108689,11.989919642625855,0.679657782159915,9.64925997614845,5323400.170663601,2,2,0.04963928428686989,2
28.2615946422971,32.8751151913506,7.56604812493661,0.822671842620862,8.25134945139854,0.559154486303413,1.92683114408695,0.0022951528555403,0.49862521350309,10.7829354991202,27.8833055482734,5.36817375761043,15.4136447586044,23261.5082520888,12571623.798196321,15.4136447586044,80.26276488299408,13.419437264949385,0.49862521350309,10.894033827304314,5386404.600151024,3,4,0.05237142675819096,4
28.3129144218357,37.9670009717543,7.28949167078904,0.80491761050111,7.94394241877762,0.537860953375749,1.82920853735935,0.0008941159231063,0.368248935992144,12.016060710114,27.2323873251995,5.4244781435006,14.8371261608266,21594.8378215841,12610077.815429416,14.8371261608266,84.68533658439289,14.72561171220825,0.368248935992144,12.064512384751778,5449990.370852137,3,4,0.053911750791411965,4
28.3645244767487,42.6856285054495,7.00456356728329,0.782729742638102,7.62830631138877,0.516126076861128,1.73544429253665,0.000374994444453,0.274919079603703,13.1246259694813,26.6082430345234,5.47406668379952,14.2454810747543,20141.4399779492,12550073.556734443,14.2454810747543,88.71732297290613,15.895357908840873,0.274919079603703,13.139461198602808,5513725.197413912,3,4,0.054637645009209014,4
28.4159425091775,46.9739178115241,6.73607723745969,0.759698001378464,7.33149283177566,0.495771651065847,1.65633344983129,0.0001898099199934,0.208136173297334,14.1223924781596,26.0159351136078,5.51828804737547,13.692593441137,18960.3108174703,12484204.992815275,13.692593441137,92.36923349221257,16.945793045232833,0.208136173297334,14.114631477740385,5578542.854254729,3,4,0.05508346082769063,4
28.4667808668241,50.6511222643936,6.48932321092715,0.737245402516551,7.05936191810585,0.477181441834085,1.59661741891565,0.0001430925025083,0.162626248883886,15.0202995892258,25.4610185382068,5.55792774782254,13.1919865217946,17945.9385445197,12381923.163726246,13.1919865217946,95.477632523517,17.88578468481978,0.162626248883886,14.947718895864321,5644430.977211966,3,4,0.05515898827426115,4
28.5167018099443,53.4928433897111,6.26645503285711,0.716182627353426,6.81434471702966,0.460495944603425,1.55519954734675,0.0001595114812697,0.137224833968347,15.8254990774481,24.9492690933839,5.59322439332788,12.7475491819672,17054.6734971589,12235376.488290893,12.7475491819672,97.82222306884577,18.71882797208935,0.137224833968347,15.583165752331492,5710980.747153641,3,4,0.05484770018886051,4
28.5653607799281,55.3447637099055,6.0656356641039,0.696642986765962,6.59447143782218,0.445546821389918,1.5291861895836,0.0001927295111633,0.133785529866935,16.5404703558563,24.4853843472045,5.6238923120075,12.3543335580379,16203.1363949588,11999728.30993221,12.3543335580379,99.24160758949915,19.444330750697894,0.133785529866935,15.981268697390876,5777196.08596129,3,4,0.05396509406285322,4
28.6122839802671,56.1725424780022,5.88156977031406,0.678114644295791,6.39397246934094,0.43190620618475,1.51594759606477,0.0002285936568341,0.155297468383719,17.1634397804204,24.0728001250047,5.64931397772658,12.0008030260785,15309.133644309,11623857.814038092,12.0008030260785,99.6863371444696,20.05908390682249,0.155297468383719,16.131284323040305,5841481.130314031,3,4,0.05230918028875229,4
28.6571053225394,56.0629774660486,5.71032642252417,0.660147134674839,6.20851036124674,0.419252872064586,1.5133849415292,0.0002662460604259,0.204136375348015,17.6941990247067,23.7112162258592,5.6689808620313,11.6782006047023,14472.8191635821,11196980.564508792,11.6782006047023,99.23170452062755,20.563994844145284,0.204136375348015,16.05324523039418,5903174.978434611,2,4,0.050319426883470485,4
28.6997505302168,55.1714780308517,5.55147495736885,0.642757359914529,6.03750217436416,0.407534088032197,1.51991927308859,0.000298893790434,0.281576874171811,18.1367351406834,23.3963061866429,5.68269911932307,11.3846944125971,13733.2453929215,10769213.01037692,11.3846944125971,98.03041641383683,20.966148202048725,0.281576874171811,15.785498620853096,5962143.670482833,2,4,0.04825737696667347,4
28.7405339731252,53.6561974800488,5.40853763203408,0.626572285148944,5.88463709690373,0.396998252393735,1.53470420317081,0.0003209070367883,0.388628662248055,18.4986876210071,23.1208588883677,5.69052254594622,11.1264489032986,13263.2398353654,10497022.48031073,11.1264489032986,96.24818092282528,21.277100505210218,0.388628662248055,15.36845053836714,6019433.72867984,2,4,0.046846328871028145,4
28.7803979386772,51.6170285727678,5.29082356451008,0.613169187309152,5.75990950950325,0.38832797353784,1.55864778084085,0.000335426299541,0.52872604092734,18.7901345164195,22.8749508089626,5.69247605613009,10.9218265293784,13274.9019710981,10568482.95734949,10.9218265293784,94.00830452714617,21.510854612024225,0.52872604092734,14.830133050712085,6077466.918654761,2,4,0.04691968157121983,4
28.8202165197083,49.1046049789491,5.20501189119133,0.603834174685793,5.6704762213227,0.382019820400861,1.59199700241258,0.0003492033615786,0.707529532728317,19.0148799490538,22.6516498315026,5.68814805603034,10.7838681653002,13505.2679053524,10785368.003408996,10.7838681653002,91.37816060867065,21.673754737506137,0.707529532728317,14.185343188560035,6137241.865809482,2,4,0.04757839604241119,4
28.8602188842815,46.1802950509673,5.15036688097786,0.598734383663919,5.61541970718473,0.378028936791579,1.63263822331782,0.0003662644580539,0.929491207838913,19.1684998201744,22.4498526881803,5.67685667565079,10.7100086987015,13805.5367442817,11029378.848597577,10.7100086987015,88.41570206718472,21.762722394698596,0.929491207838913,13.448757338135454,6198908.532818378,2,4,0.04829966997987754,4
28.9004105000028,42.9180345218857,5.12343305221226,0.59754509449744,5.59084995086007,0.376110576945196,1.67769370411788,0.0003893648612516,1.19765168305744,19.2440360597955,22.2709023173457,5.65792315727823,10.6919480626005,14182.1804841459,11302815.188519115,10.6919480626005,85.18407740052135,21.77180657764754,1.19765168305744,12.637165377438109,6262109.896918635,2,4,0.04910285968495997,4
28.9408692524181,39.3876552665775,5.12219043009389,0.600078272037522,5.5944365269619,0.376124969340607,1.72490352402952,0.0004217824825759,1.51472955778529,19.2337961946055,22.1169957396576,5.63066510567019,10.7244410393333,14682.4271729677,11638897.861749634,10.7244410393333,81.74625824145903,21.694439054510145,1.51472955778529,11.766890339330121,6326011.117059585,2,4,0.05014114387721897,4
28.9816509476139,35.6626544010195,5.14523731611457,0.606185779305026,5.62452293053832,0.377976736654982,1.77236552478311,0.0004666270251467,1.88226659337238,19.1291522865809,21.9917871033162,5.59445966449801,10.803600189927,15244.1528665219,11982041.591924837,10.803600189927,78.17059363602941,21.52325659372075,1.88226659337238,10.855429039235707,6390121.323265002,2,4,0.051185539220162925,4
29.0226878392728,31.8316203808992,5.1900345617705,0.615495751588865,5.67821974537921,0.381483965295629,1.8180957618474,0.0005268456802392,2.2989197165772,18.9219413892635,21.9004566149802,5.54896011819028,10.9232754084628,15829.9599038508,12296122.43782549,10.9232754084628,74.53763800605361,21.251399028067215,2.2989197165772,9.92367291180213,6454145.358811352,3,4,0.05210185992798773,4
29.0639549341957,27.9835261503533,5.25453700056135,0.627671915264698,5.75319140617574,0.386498343622692,1.86058884865698,0.0006061137598517,2.76130358158236,18.6054785617287,21.8486004623696,5.49408275156838,11.0785320300761,16483.3669076424,12608000.766664432,11.0785320300761,70.92996859883046,20.873550834020303,2.76130358158236,8.992863594049243,6519122.839559418,3,4,0.053025730375080314,4
29.1055929572429,24.1943370093111,5.33915393254484,0.642739027493803,5.84979580776987,0.393051659358544,1.89928227939923,0.0007101189496626,3.26549076674276,18.1737869515769,21.8417371797345,5.42985080847259,11.2697104387151,17263.6032314035,12953593.387081562,11.2697104387151,67.4239526731203,20.385301237197908,3.26549076674276,8.081958850902584,6587525.799047951,3,4,0.05412255401523682,4
29.1477192114009,20.5413298715095,5.44423342512857,0.660723308117933,5.96834044847422,0.401170037499246,1.93378076999876,0.0008454067278,3.80507342686446,17.623238618161,21.885180262127,5.35664909663522,11.4971557533039,18078.6627404141,13253490.248771437,11.4971557533039,64.09729707212914,19.784612211104236,3.80507342686446,7.210270283780471,6659779.162134276,3,4,0.055071471596430624,4
29.1902682089356,17.1088448961765,5.56708264259119,0.681198667517556,6.10583720908882,0.410651438262849,1.96317322223096,0.0010166477242581,4.36931222871752,16.9561800174011,21.9827021958388,5.27556974024007,11.7550981363565,18875.9613454705,13463766.42422367,11.7550981363565,61.027056284803464,19.074991954535665,4.36931222871752,6.397833120927519,6735301.394517142,3,4,0.05570093583302758,4
29.2331857210919,13.9607118024784,5.70624576404863,0.703933645077309,6.26066576242175,0.421383740050779,1.98708707305406,0.0012297375669801,4.946969131212,16.178684245548,22.1356467187972,5.18797757927082,12.0404823370577,19780.5486606563,13669331.03830195,12.0404823370577,58.27321350822283,18.263504659386573,4.946969131212,5.660062774260044,6813580.251593486,3,4,0.05635861459935427,4
29.27650731245,11.128814882831,5.8670727180518,0.729759550318246,6.43863387695874,0.433762129118179,2.00673953953579,0.0014993795389301,5.52966348491123,15.2958084606203,22.3437964346282,5.09498602810655,12.3642817468233,20935.0479445854,13955853.36678958,12.3642817468233,55.881290009263765,17.35687044171968,5.52966348491123,5.006844783778234,6894234.983161021,3,4,0.057368334219731774,4
29.3197853410274,8.64353516107984,6.05387964799529,0.759433333333401,6.64442113155587,0.448105839722425,2.02302939368571,0.0018438678611886,6.1064939431849,14.3189192604526,22.6040022940633,4.99826474676506,12.735358787892,22113.052800942,14160338.957874361,12.735358787892,53.89218984839992,16.367953979537674,6.1064939431849,4.447320087545031,6976307.255814874,3,4,0.05801467537793073,4
29.3616777951829,6.53637669683554,6.26141288760503,0.792329826033164,6.87228286497458,0.464017586680193,2.03503929810901,0.0022704628040881,6.661658093664,13.2731434646755,22.9075131569762,4.90057343219952,13.1432011049425,23214.7876781525,14227192.390973384,13.1432011049425,52.323136955420416,15.321637695918293,6.661658093664,3.9875847731628467,7058716.4782011425,3,4,0.058023022360609064,4
29.4004581256683,4.80110998907968,6.49339034651253,0.829186749363101,7.12627528116552,0.481767365526117,2.04432428590273,0.0027919822544875,7.18483812749374,12.1810792692969,23.2441962041913,4.8040478287178,13.5959934475046,24729.2395314171,14459386.59407753,13.5959934475046,51.176512143217984,14.24119932760275,7.18483812749374,3.6276185791073994,7142453.064892589,3,4,0.058555340246204936,4
29.4339259016247,3.39948728947345,6.78435472178,0.875536620285876,7.44405627592702,0.503932208814112,2.05947149938912,0.0034628536104159,7.6744727778829,11.0508444135228,23.6074545331406,4.70934731893431,14.1653141444364,27139.5862503309,15104203.811275065,14.1653141444364,50.50076451729428,13.140688968336907,7.6744727778829,3.37047177378979,7229932.051382518,3,4,0.06044518692220284,4
29.4576785601848,2.31079876666079,7.16694421638062,0.937072090615496,7.86115553210943,0.532950747626558,2.08953354081126,0.0043291185447301,8.12130187107189,9.90926481201912,23.9848229505251,4.61860328348485,14.9196621887189,29707.4455962393,15728628.816885062,14.9196621887189,50.35613345438895,12.053194857164408,8.12130187107189,3.2232048730449385,7320553.185707639,4,4,0.06173600209816769,4
29.4649468849165,1.51961895366663,7.65202807296223,1.01658245100611,8.38934356785211,0.569623262761431,2.14087796330473,0.0052374848370783,8.50642699790869,8.81645655700159,24.3526574656095,4.53614900048783,15.8844619957302,32171.6498459802,16253182.316067858,15.8844619957302,50.75302115646974,11.04139233975254,8.50642699790869,3.1870146537693875,7413298.325003617,4,4,0.06203876786803551,4
29.4486236701658,0.990368750939807,8.17152101691708,1.10464470191827,8.95429900149237,0.608820383231928,2.20269803271633,0.0058193201925535,8.81068636435644,7.84977615934601,24.6813969897258,4.46689209287515,16.9232765225695,33773.4699637999,16379646.942549622,16.9232765225695,51.48097555738158,10.16971451072015,8.81068636435644,3.2298913692258635,7504886.237696671,3,4,0.06021607069467477,4
29.4048654753097,0.667239160395065,8.55130369147428,1.17421465154407,9.36622404357951,0.637474101617112,2.23880052366865,0.0061250916114393,9.02259201474534,7.08086085365022,24.9429878216497,4.41468343749563,17.6801398906047,34020.5155774798,15936421.14968832,17.6801398906047,52.04012164758838,9.475233916618013,9.02259201474534,3.276138146823797,7590928.435946565,3,4,0.05598740326187372,4
29.3347884796606,0.482925397585438,8.72498878177596,1.21373647508842,9.55292759030376,0.650609082508101,2.23640611423269,0.0065714007137379,9.14801451251114,6.53491856010357,25.1231551911528,4.37992895971347,18.0191781999604,33912.2292919163,15441124.533677904,18.0191781999604,52.196381921154966,8.968018468023832,9.14801451251114,3.285352309188711,7670989.258161367,3,4,0.05184308069866972,4
29.2422555070363,0.381503825859423,8.76919041397322,1.23430908773758,9.59799467959481,0.653974440699957,2.21399933717958,0.0072265787305556,9.20296325166454,6.19663609607355,25.2190736956129,4.36065492680149,18.0980222703126,33680.0508529921,15029121.03381099,18.0980222703126,52.09322729208087,8.645699324527525,9.20296325166454,3.2711259736183504,7745612.710925546,2,4,0.0483099423225685,4
29.1325176802664,0.326999549677025,8.74698519234016,1.24523005994648,9.57018393969418,0.652309213119682,2.18492268677053,0.0079224784585941,9.20420453113675,6.03527836935882,25.2320246157009,4.35440344419071,18.0453966122454,33442.2266101176,14752826.628809024,18.0453966122454,51.85914832181445,8.488605283933929,9.20420453113675,3.246763045510287,7816246.453046021,2,4,0.04540346732288534,4
29.0111819012263,0.298338504511497,8.69705911767058,1.25196634355419,9.51174032976244,0.648526481944992,2.15626848902513,0.0085899355198914,9.16691518871531,6.0142479707045,25.1657749574171,4.3587265791568,17.9394917004289,33271.3087803152,14625006.76075383,17.9394917004289,51.575081167695124,8.466804939854187,9.16691518871531,3.2203793311849114,7884863.586252498,2,4,0.04306716383676436,4
28.8838782029604,0.283735696237245,8.63730643959494,1.25671695874011,9.44233155644597,0.643984320662485,2.13038510607897,0.0092205353269069,9.10414415618199,6.09659482405206,25.026904793351,4.37130407859218,17.8157926702838,33019.4619007892,14552564.121064035,17.8157926702838,51.278338280720114,8.546186563286597,9.10414415618199,3.1949543898774464,7952144.394969464,1,3,0.0409852696724982,2
28.7559534107818,0.276693790983263,8.56981861458007,1.25916334093207,9.36447124568277,0.638857184938573,2.10620983943057,0.0097896305423666,9.02687640967314,6.24748798637768,24.8260303110373,4.38989054175009,17.6774219974539,32676.3909838554,14498066.905037697,17.6774219974539,50.971167427329114,8.691773500249079,9.02687640967314,3.169158085090774,8018341.49958389,1,3,0.039061700116558934,2
28.6328551109915,0.273674756622189,8.47387276730997,1.25531521411967,9.25586051706766,0.631611585226091,2.07744142520801,0.0102253023657288,8.94440475412742,6.4349550462177,24.5795722229687,4.41218837700179,17.4805231922057,31719.6776757837,14187733.050206736,17.4805231922057,50.60063137654508,8.867027519102928,8.94440475412742,3.13417760401087,8082497.346646438,1,3,0.03663999509060584,2
28.5203827758687,0.272765939439432,8.30525419203969,1.23724268205314,9.06867957905944,0.618955213338836,2.03221244077191,0.0104074972898721,8.86461734523819,6.63005366033129,24.3106545202306,4.43576375596403,17.1326699190725,29861.4502554936,13441382.367042536,17.1326699190725,50.055492822571146,9.033725391849536,8.86461734523819,3.0730670190022855,8143152.048257013,1,3,0.03343213285444921,2
28.4219739404157,0.272905271250846,8.05780253720832,1.20344623696042,8.7964615157016,0.600431115309349,1.96829440547128,0.0102968625887122,8.79234882871644,6.81273875989531,24.0401015364875,4.45872297687741,16.6205241816178,27940.9876797248,12617009.350971064,16.6205241816178,49.32131502231751,9.170238724595619,8.79234882871644,2.983080895443729,8200396.383965756,0,2,0.030402124054742456,0
28.3382802636448,0.273510135485373,7.76997479550232,1.1603849114905,8.48107441119182,0.578910610396371,1.89478737346697,0.0099795676073201,8.72938184943026,6.97346639923815,23.7798210906819,4.48007460361035,16.0236729345517,26173.1494783962,11826053.295316644,16.0236729345517,48.496922501178155,9.274830272234627,8.72938184943026,2.8780714126066553,8254625.933226641,0,0,0.027737115399045515,0
28.2691698168031,0.274272917177698,7.47676249693567,1.11426455940259,8.16049327337563,0.55700658393552,1.82013387183328,0.0095572220368138,8.67631442287323,7.10804093367927,23.5360824175752,4.49931816580937,15.4147658180991,24606.0762241165,11105384.40583448,15.4147658180991,47.672103519463484,9.350685088439786,8.67631442287323,2.770790126848291,8306158.793332594,0,0,0.02543954138358416,0
28.2142505529259,0.275027496281558,7.19983822581462,1.06908849139656,7.85818715992475,0.536337963808354,1.74958377825695,0.0090979215781294,8.63331964206718,7.21477812179416,23.3117490211854,4.51621477461327,14.8388851641229,23259.2220758804,10473078.011645433,14.8388851641229,46.9023136684087,9.40082461083439,8.63331964206718,2.669174044377242,8355179.342185437,0,0,0.02348906305672928,0
28.1730528778063,0.275683294133448,6.94887997931123,1.02678179609518,7.58459930396776,0.517628102379066,1.68547132841843,0.0086339048677868,8.60044016983534,7.29294181975685,23.1081106578081,4.53064295964492,14.3162260257659,22069.8148347885,9905029.326302417,14.3162260257659,46.21209668211141,9.426728161695285,8.60044016983534,2.5767869815531657,8401914.440167349,0,0,0.021791144010267518,0
28.1450262631265,0.276191771354453,6.72550407092004,0.987844916880166,7.34142978920347,0.500997711597957,1.62816159026437,0.008174967500171,8.57762586176294,7.34211792351428,22.9259772664704,4.54253096501247,13.8502399638117,21010.3824067974,9390071.592234053,13.8502399638117,45.60515611334694,9.42849740987213,8.57762586176294,2.494244663003788,8446597.681853417,0,0,0.020297334924594415,0
28.1294770240915,0.276528753664897,6.52578874868557,0.95180992580913,7.12437084782277,0.48615259420554,1.57666366267673,0.0077204655496676,8.56466981307339,7.36213668933105,22.7662616724796,4.5518329509424,13.4328800665119,19971.7766515497,8879113.258039914,13.4328800665119,45.07079155695614,9.405317292723016,8.56466981307339,2.4201377039506657,8488312.82237809,0,0,0.01888894648173197,0
28.1254559326739,0.276685658575875,6.34117341978015,0.917418152668442,6.92407635217376,0.4724497273366,1.52884755283472,0.0072641015610586,8.56107417171513,7.35343790864889,22.6302123540855,4.55853671023906,13.0464748749646,18858.2986694373,8329205.8192137,13.0464748749646,44.586106796043445,9.356023834788534,8.56107417171513,2.3513618882504477,8524929.946475893,0,0,0.017472215486253558,0
28.1316552832498,0.276658410431938,6.16640313594942,0.883936810136888,6.73479272346687,0.459491155932674,1.48339971892166,0.0068076564322135,8.56597370771963,7.31746789886076,22.5182439575794,4.56273151627634,12.680185188776,17809.1414942489,7803275.900253509,12.680185188776,44.13633723808925,9.281092818922064,8.56597370771963,2.2860160327560837,8555940.57831604,0,0,0.016173839198882125,0
28.1466724943507,0.276440511965061,6.00232228013975,0.851628929685509,6.55739276283397,0.447335308487098,1.44051229669338,0.0063662493226617,8.5783668320017,7.2561601523753,22.4296017540761,4.56458826729346,12.3357981637823,16871.7579438211,7324152.863836739,12.3357981637823,43.72230458415547,9.182695346080882,8.5783668320017,2.224422645055966,8581582.068072697,0,0,0.015027219883056721,0
28.169172475635,0.27602696346926,5.84916419320443,0.820659569832863,6.39208215133629,0.435996097424682,1.40023220158576,0.0059551789976246,8.59721705060089,7.17173749188186,22.3633225243064,4.56429848217683,12.013838855898,15958.1031935714,6855150.682558262,12.013838855898,43.34333365248828,9.063174168485661,8.59721705060089,2.166683036905279,8602617.602883048,0,0,0.013945296853495092,0
28.1977479190654,0.275418489859224,5.70336201003418,0.790573297788355,6.23493415833805,0.425203065106743,1.36167826376686,0.0055810207345945,8.62131564403555,7.0672759541135,22.3184190093281,4.56208912887005,11.7069680986179,14969.4001947565,6355829.161732558,11.7069680986179,42.98891720395881,8.924968582127981,8.62131564403555,2.111515508970575,8620335.529468713,0,0,0.01283987983986497,0
28.2310115883442,0.274616527770378,5.56265937654971,0.761097968421708,6.08345447540242,0.414783735631818,1.32429165155695,0.0052480692707124,8.64941205073303,6.94635198752209,22.2932654957074,4.55823094734297,11.4105437863384,14026.472652746,5880190.3802251695,11.4105437863384,42.65191532367717,8.77125159447969,8.64941205073303,2.0581104924439946,8635376.854222221,0,0,0.011814189149765567,0
28.2678783358514,0.273617596470616,5.42852685273905,0.7325299061458,5.93921262896247,0.404846103633358,1.28842560473228,0.0049655573961808,8.68050514448148,6.81198631609382,22.2857208504665,4.55298297139409,11.1276189958902,13177.9040623095,5449985.135534243,11.1276189958902,42.33503702853498,8.605353595065514,8.68050514448148,2.007008273239569,8647661.52511476,0,0,0.010903305093088504,0
28.3075815438018,0.272414375317477,5.30314545368399,0.705265089489091,5.80455799635013,0.395553136484156,1.25460724376472,0.0047469234765859,8.7138517447668,6.6664703386228,22.2937053172601,4.54656156758687,10.862713171459,12447.5586941185,5075186.174815429,10.862713171459,42.04312483889135,8.43001158245909,8.7138517447668,1.9590050928194134,8656915.47216574,0,0,0.010119003245408242,0
28.3496696930683,0.270994308355388,5.18850546154347,0.679657946127738,5.68163898734619,0.387055029634095,1.22331462357071,0.0046120305669203,8.74896073103786,6.51124232110466,22.3154720547767,4.53912625099179,10.6199488668335,11855.3303767341,4762904.342643427,10.6199488668335,41.78083604964589,8.247071608210323,8.74896073103786,1.9148250509475104,8663580.6347326,0,0,0.009468311998240338,0
28.3938764478591,0.269339766496215,5.08537405719981,0.655863713702561,5.57127749158201,0.379411075576199,1.19472453586542,0.004589148391686,8.78545887503198,6.34726035634051,22.3496825516633,4.53079727242958,10.4009200781186,11354.315770442,4492740.006960681,10.4009200781186,41.54986708828131,8.057662635398087,8.78545887503198,1.8747458837451285,8668560.667061642,0,0,0.00890527585765639,0
28.4399618672502,0.267428869030522,4.99304791480199,0.633802797281591,5.47269781037204,0.372570271019874,1.16865347817305,0.0047173143130809,8.8229319657833,6.17553118426598,22.3952577221544,4.52168927332442,10.2041820804139,10915.7324899729,4252148.693780126,10.2041820804139,41.348163007929266,7.862675732623527,8.8229319657833,1.8385098752779698,8672533.111767692,0,0,0.008401649361516382,0
28.487778775153,0.265231870989661,4.91079682437645,0.613378782336819,5.38510001489,0.366479712083505,1.14490572646137,0.0050530976577723,8.86098128945903,5.99683053574591,22.4513491801676,4.51190198061718,10.0282264460823,10557.0852319825,4046893.293933463,10.0282264460823,41.1736717062908,7.662757110768223,8.86098128945903,1.8058443176216412,8676045.235034931,0,0,0.007966421994503528,0
28.5374045556168,0.262706076982551,4.8388296395173,0.594622187944073,5.308713243022,0.361157760625817,1.12350244652432,0.0056813591899302,8.89932359076516,5.81118602929446,22.5175195967731,4.50149220423017,9.87346882556526,10312.7227135134,3888514.710274078,9.87346882556526,41.02693591023286,7.457974152269451,8.89932359076516,1.7768079597712474,8679800.668713965,0,0,0.007619919715371164,0
28.5890052137297,0.259798873209244,4.77726701560868,0.577543567404309,5.24367273622558,0.356616982405776,1.10443532799179,0.0067219308758693,8.93763419589528,5.61837859190374,22.5936602477487,4.49050377940064,9.74013595379395,10137.4566610976,3758073.019556087,9.74013595379395,40.908339716575085,7.248127514254354,8.93763419589528,1.751422370876712,8684124.062661437,0,0,0.0073229048252501155,0
28.6426355834648,0.256456951145127,4.72530080236355,0.562015564973437,5.18909976689222,0.352800555522069,1.08747021871677,0.0083279892501429,8.97535832190743,5.41869588377043,22.6796816601254,4.47901591802898,9.62653994887784,10001.2560413935,3643274.185744477,9.62653994887784,40.815779443077965,7.033349134092055,8.97535832190743,1.7293733534897846,8689117.018300869,0,0,0.007050322019155165,0
28.6981030626721,0.252639971028675,4.6809453151728,0.547743694449003,5.14282694214205,0.349563011565817,1.0720968476061,0.0106701460953948,9.01162951620739,5.21343109546245,22.7751763237207,4.4671762973282,9.52857406496597,9830.64216883331,3517147.7644742285,9.52857406496597,40.743918844636546,6.81455802391128,9.01162951620739,1.709927880671632,8694606.329679178,0,0,0.006750311322366437,0
28.7547062574919,0.248347476221924,4.64035889248088,0.534177814623997,5.10065308124686,0.346617994038602,1.05738511873465,0.0138785629432852,9.04518710778262,5.00579020206073,22.8787945460659,4.45525330409999,9.4383306975166,9531.51976000289,3347675.1131777856,9.4383306975166,40.68224663483881,6.594245438923612,9.04518710778262,1.691702247336106,8700118.147924313,0,0,0.006364610472042216,0
28.8116358127532,0.243615665594528,4.60016564074582,0.520838546953663,5.05888133362841,0.343712946603533,1.04253576155386,0.0180176270479695,9.07483797481229,4.79930211026434,22.98874923275,4.44353271593858,9.34886959092252,9191.15542981136,3167950.600026564,9.34886959092252,40.62138570783301,6.375310758649275,9.07483797481229,1.6734934627477827,8705468.531137684,0,0,0.005960413056217613,0
28.868487032813,0.238489915526111,4.55941569313869,0.50758537383733,5.0164660583507,0.340777663485728,1.02732536065021,0.0231357810142814,9.0998261634571,4.59590130686108,23.1038209777506,4.43219739593727,9.25823051567258,8866.9414749542,2998518.1498279446,9.25823051567258,40.55854709780177,6.159501617553502,9.0998261634571,1.6549697113127868,8710653.638715612,0,0,0.005578175764366901,0
28.9251261917609,0.233020595570297,4.51856006021306,0.494469465218439,4.97389395410319,0.337847115413942,1.01185737470049,0.0292905531450489,9.11966153680411,4.39645243576367,23.223290014053,4.42135868101241,9.16732366977631,8580.39814730847,2846384.973643486,9.16732366977631,40.49477475698032,5.9477489652281905,9.11966153680411,1.6363001573672373,8715695.470492968,0,0,0.005231064202951626,0
28.9815696959853,0.227260457143398,4.47863898815073,0.481619921741078,4.93229711997825,0.335000294836623,0.996368979864106,0.0365633889622941,9.13397841613449,4.20122671541398,23.3467884805197,4.41108746557626,9.07826288587895,8342.08744406323,2714345.546893129,9.07826288587895,40.43275545769949,5.740495478677555,9.13397841613449,1.6178633654972838,8720592.100288834,0,0,0.00492356630683153,0
29.0378703978809,0.221265281443904,4.44063082627343,0.469156414339367,4.89274023438423,0.332311075182061,0.981081248252805,0.0450548428624716,9.14244330341559,4.01032872617807,23.4740947045204,4.40144131868462,8.99303326031794,8137.82772967352,2596990.6765939663,8.99303326031794,40.375055477756696,5.538006662795406,9.14244330341559,1.60001591224421,8725345.918903967,0,0,0.004645047983539179,0
29.0940311840105,0.215095974044169,4.40508599846335,0.457142380331137,4.85581925319442,0.329820475329417,0.966118984102803,0.0548629324216845,9.14472844775368,3.82399296917003,23.604936973248,4.39248108481951,8.91274571231466,7956.42428896169,2490201.136482309,8.91274571231466,40.3231142494758,5.340603803693024,9.14472844775368,1.5829640924979538,8729960.602189397,0,0,0.004387710385772418,0
29.1500289776515,0.208814448852674,4.37223292867767,0.445600589723777,4.82177730215439,0.327544713805939,0.951536609337895,0.0660804598894647,9.14053674278554,3.64248840994556,23.7390264786924,4.38426488334074,8.83785565590472,7794.35789553313,2392477.1886457545,8.83785565590472,40.27753557020384,5.148588636310268,9.14053674278554,1.5668012434627043,8734386.364661304,0,0,0.004148715599842283,0
29.205846823477,0.202479221545716,4.34212850277332,0.43453323302801,4.79066963632537,0.325486654556773,0.937352467347553,0.078801826166493,9.1296098910538,3.46600793412899,23.8761250977657,4.37684237013477,8.768470918642,7651.7070819623,2303465.642721811,8.768470918642,40.23849653905374,4.962159536009177,9.1296098910538,1.5515601280362614,8738492.862147778,0,0,0.003927260089865795,0
29.2614657270772,0.19614431046391,4.31469853213047,0.423927096874255,4.76240807561968,0.323638862232445,0.923558660151601,0.0931201815555498,9.111725761723,3.29469629330523,24.0160277008521,4.37025624103645,8.70443479553025,7524.004102719,2221460.7157582603,8.70443479553025,40.205841264549555,4.781445949177394,9.111725761723,1.5372271393753985,8742214.725396816,0,0,0.003720237139731087,0
29.3168460730856,0.189859392313519,4.28975553889972,0.413755627874191,4.73678062015271,0.321984924435735,0.910126045977033,0.109117121687811,9.08670607433026,3.12870629304089,24.1585152439239,4.36454415566922,8.64536285983685,7407.63493204225,2145113.2682534917,8.64536285983685,40.1791082227385,4.606566805168374,9.08670607433026,1.5237488208769874,8745537.04936579,0,0,0.003525287079594496,0
29.3724897134214,0.183633546982702,4.26850424737462,0.404159922789136,4.715103432322,0.320613990499557,0.897311874488288,0.127196125640373,9.05407189069384,2.96659380815373,24.3048144311673,4.35969313537469,8.59368876517436,7450.06191065404,2115828.584360863,8.59368876517436,40.16181672787771,4.436282445129449,9.05407189069384,1.5115451058242237,8748578.431486903,0,0,0.003408054071434422,0
29.4304864946241,0.177377179971038,4.25600970384107,0.395735145572282,4.7029273490871,0.31990760725524,0.88614381174518,0.148941411414863,9.01181570851202,2.80267348600884,24.4605554069805,4.35562422017452,8.55963516480591,7918.11116097179,2204272.9307531836,8.55963516480591,40.16858729209601,4.265765993179103,9.01181570851202,1.5023431980459598,8751661.281075953,0,0,0.003471602100240707,0
29.4933102651222,0.170992870537663,4.25814252089728,0.38915182097806,4.70668186328111,0.320304392493122,0.877783223100668,0.176794861717371,8.95620110480454,2.6309697195563,24.6330171924387,4.35240178664218,8.55501115109221,8631.95149208348,2352943.080395632,8.55501115109221,40.216366956410106,4.090021087194607,8.95620110480454,1.4981331530201578,8754940.720214726,0,0,0.003608947922033428,0
29.5620509138915,0.164486991494343,4.27807659949006,0.384738740059107,4.72983302319258,0.322030820597086,0.872847223770681,0.212925968907218,8.88311556672644,2.45001086971303,24.8264346646856,4.35034401153208,8.58615074540085,9419.05842738086,2510740.094415372,8.58615074540085,40.31406431249536,3.908068705430357,8.88311556672644,1.4999899784272424,8758412.199395087,0,0,0.003731330648232056,0
29.637419873128,0.157906573182195,4.31910571198283,0.382815851709346,4.77597777905115,0.325313772178288,0.871997909858656,0.259790146883339,8.7876341701131,2.25972701391027,25.0445956378795,4.34991608646561,8.65961693017451,10385.9772309492,2703405.08507519,8.65961693017451,40.47053747109047,3.720319152097773,8.7876341701131,1.509037182273147,8762067.155344727,0,0,0.003868581366783744,0
29.7213465307319,0.1512613354126,4.38978120131938,0.384257033986582,4.85448736600444,0.330763372831872,0.876974148017789,0.32180409887563,8.66151103734297,2.05753120454222,25.2957264534337,4.35177463632502,8.79254178928801,11803.4623439374,2994887.8377937917,8.79254178928801,40.70887098830456,3.5254719132014904,8.66151103734297,1.5281913163262388,8765968.046555119,0,0,0.004091221132477583,0
29.8155516828421,0.144599741903344,4.50226048540056,0.39025824876291,4.9787047378252,0.339242500632702,0.890273869372165,0.404666266571617,8.49374320612541,1.84216785945387,25.5891370382212,4.35690615529104,9.00927652734262,13454.3700877137,3321358.5640347055,9.00927652734262,41.06089126673898,3.3240287204644203,8.49374320612541,1.561605352467479,8770070.01889845,0,0,0.004280626780158207,0
29.9195755698073,0.138070018718752,4.66651434431934,0.401682698939273,5.1596019892556,0.351439142025544,0.913990671230589,0.513024633738384,8.27426615132978,1.61762881503653,25.9293611999337,4.36647596291653,9.32973966787508,15169.9988214031,3638012.884748386,9.32973966787508,41.5508744342964,3.1212628966360545,8.27426615132978,1.6126954939922054,8794071.264599895,0,0,0.004359800637889267,0
30.0322981864043,0.131821595723974,4.89343085708857,0.419410912802748,5.40920519254828,0.368109789168048,0.950399325879616,0.651545765681025,7.99267423119742,1.38869413726592,26.3205198476763,4.38172974178354,9.77567362811092,17216.6074346869,4007191.581955396,9.77567362811092,42.20467585961553,2.923279720395708,7.99267423119742,1.6851824178787473,8798444.141559834,0,0,0.004385191350220093,0
30.1533509682305,0.125949360308395,5.20570748041063,0.44545983306382,5.75259254404599,0.390894276708914,1.00414368713603,0.827208070199573,7.63434669555225,1.15784350465447,26.7717082381814,4.40420389001603,10.3925443815112,19995.0341488667,4515807.87288146,10.3925443815112,43.07809814990428,2.7355400380889647,7.63434669555225,1.7868073151579686,8803396.614531854,0,0,0.0044013291417165055,0
30.2797162922607,0.120586961473448,5.62920739420102,0.482116491005367,6.21843290703096,0.421703000249426,1.08056356267973,1.04324865967636,7.19044320479567,0.931468656269407,27.2849497868998,4.43506375562689,11.2323009403808,23036.8175081299,5056273.335976382,11.2323009403808,44.23232660890064,2.567746381012372,7.19044320479567,1.9264367412105305,8808877.161270538,0,0,0.004243694231942371,0
30.4037689482455,0.115922091274671,6.16720078640455,0.529573794006514,6.81063463254795,0.460862852271063,1.18064406622521,1.28946310926653,6.67475846981897,0.721887894642937,27.8421880808902,4.47350563218331,12.3019569227847,26072.3569655681,5584725.02682475,12.3019569227847,45.66860717097546,2.4323388258260303,6.67475846981897,2.1053665280604674,8814651.89577544,0,0,0.0038731643826008123,0
30.5148471175888,0.11214356516525,6.76938566148063,0.583296642443442,7.47409335544129,0.504844623488542,1.29497006832408,1.53412822338928,6.13665033472714,0.544412307081022,28.4007713977661,4.51517346234287,13.5017476391131,28299.0468011786,5953164.884908542,13.5017476391131,47.253581033932036,2.337632376359612,6.13665033472714,2.306858902770573,8819498.930355916,0,0,0.0032650800091991016,0
30.602891207915,0.109394572672851,7.31339688230876,0.632519984065804,8.07408645958628,0.544811503512298,1.3998385046829,1.72442548048281,5.65839124709895,0.414489497115752,28.8999456072431,4.55212368935348,14.5878723671344,29071.7637338152,6043987.158702219,14.5878723671344,48.67693911474389,2.282756965389219,5.65839124709895,2.489788026774404,8821146.946794936,0,0,0.0025293256601300277,0
30.6643868531888,0.107728884892797,7.7000584114566,0.669126796659145,8.5011523815061,0.573537806960359,1.47580475149193,1.81200017468418,5.31155821054437,0.343397181544626,29.2947800589693,4.57694281228309,15.3627487974352,29330.1526358948,6064535.026441845,15.3627487974352,49.69179588615573,2.266446720174305,5.31155821054437,2.6208277565784153,8817785.57331477,0,0,0.0018906499014639203,0
30.7012046978862,0.107204005353572,7.92719257984802,0.694258811449839,8.75262744544224,0.590883511107715,1.52248591943421,1.77228887314374,5.1311548728338,0.343253834624435,29.5671455378836,4.58577895976133,15.8228374148329,29340.1912171918,6094129.780242833,15.8228374148329,50.2958569705218,2.301789798732368,5.1311548728338,2.699544985677211,8807211.795402085,0,0,0.0013958729046356306,0
30.7166831909639,0.107964197190309,8.03384407810433,0.712579223019756,8.87128269387347,0.599689164102352,1.54764546794675,1.6097635948366,5.11951310190608,0.431592417868049,29.7141395216878,4.57851091269968,16.0467954094485,29186.498261696,6179842.755162493,16.0467954094485,50.58968801520087,2.412636979962484,5.11951310190608,2.739417840014708,8788077.875254637,0,0,0.0010443731850998848,0
30.7143720109317,0.110240947741484,8.06026780367507,0.728163533283773,8.90122462783876,0.602783431759971,1.55929381846643,1.35688040118528,5.25229499116403,0.627737582669252,29.74323420613,4.5581799031227,16.115091627337,28935.9503879239,6356156.121524662,16.115091627337,50.67634617369718,2.624171534650418,5.25229499116403,2.7541605522113017,8760788.535828283,0,0,0.0008203237646746915,0
30.6977324578316,0.114305155657556,8.03386835112272,0.743123756980792,8.87245500502618,0.601947770092545,1.56276649560435,1.06243442119942,5.48929462385552,0.94544481149602,29.6688634663736,4.52964452993327,16.0817880873924,28542.5699357207,6616045.682171568,16.0817880873924,50.62619899231574,2.953573031422928,5.48929462385552,2.7529061604258946,8725550.496893901,0,0,0.0006986214595086407,0
30.6702500870795,0.120350802778578,7.96989304579383,0.757832308785221,8.80170165292451,0.598054579087635,1.56070391968994,0.774808708338238,5.78627671575235,1.38596698546555,29.5099977427181,4.49803233818843,15.976090697462,28032.6231276002,6948568.353162168,15.976090697462,50.47878639613922,3.40332386619208,5.78627671575235,2.7404516127824294,8682992.165554043,0,0,0.0006546655464869458,0
30.6355389381843,0.128381672370177,7.87322367406676,0.771275780614706,8.69438714694268,0.591301571519675,1.55338969724863,0.528828362358309,6.10399235512238,1.93436851272871,29.2882196561076,4.46757092827263,15.8061518604006,27276.6713483922,7284879.388061192,15.8061518604006,50.24749848094693,3.9579363510221715,6.10399235512238,2.717902398859747,8635047.874198081,0,0,0.0006606707444081083,0
30.5972347312259,0.138116859094699,7.73925151591416,0.781155250024007,8.54557625506431,0.581323619637324,1.53892716221873,0.340758055974047,6.41256773203843,2.55958734195426,29.0264275872203,4.44104509875003,15.5608652284609,26196.1578387768,7546046.230275214,15.5608652284609,49.92158539317913,4.58414550547812,6.41256773203843,2.6829582457713603,8584915.07440764,0,0,0.0006918992937090435,0
30.558240961103,0.149060210011653,7.5719710824857,0.786251991441485,8.35987360871112,0.568519560067698,1.51722426890969,0.209684331983939,6.69498332956436,3.22500190560418,28.7447948409851,4.41957081444516,15.2467799221761,25096.4291482101,7768920.177494603,15.2467799221761,49.51114168273035,5.244519905922056,6.69498332956436,2.636320061031641,8534886.911691999,0,0,0.000737789388130419,0
30.5201637316315,0.16062720605613,7.38798501673683,0.787462427155634,8.15574848554979,0.554279445092782,1.49113410024178,0.124858831473001,6.94574684347778,3.89912557210371,28.4575780156649,4.40300032989996,14.8966775926162,24080.3135700832,7964640.051775478,14.8966775926162,49.05740041246444,5.909278892589747,6.94574684347778,2.5832896754063417,8486496.934987271,0,0,0.0007903309504670557,0
30.4834933813548,0.172202572498491,7.20370441506508,0.786308853794,7.95139705595496,0.53996574873844,1.46377736895775,0.0731581958624116,7.16567480238682,4.55691313064704,28.1741906940349,4.39059938839005,14.5435537267795,23198.6432830269,8144379.659648006,14.5435537267795,48.600849396363515,6.55560175660179,7.16567480238682,2.529310096512887,8440604.290225955,0,0,0.0008458506855716277,0
30.4479391516362,0.183243123762,7.0316291521037,0.784273160561923,7.76065003773578,0.526604455685444,1.43768861228218,0.0430375916318211,7.35854228452125,5.1797818589648,27.9004858806571,4.38144331859742,14.2128392727621,22480.8012713892,8321187.987955254,14.2128392727621,48.17202769376723,7.166868451513216,7.35854228452125,2.478615985392764,8397239.52975866,0,0,0.0009036394448045082,0
30.4128892015723,0.19336206369005,6.87841839172666,0.782325087004554,7.59086515391729,0.514738634532075,1.41431637869003,0.0260038987711896,7.52885062117094,5.75373830140712,27.640396762603,4.3746282952427,13.9182635020429,21875.8135335604,8480974.69248094,13.9182635020429,47.78691491113295,7.7302775705857485,7.52885062117094,2.433503426115712,8356604.649849855,0,0,0.0009614655397955515,0
30.3778180621448,0.202366335917849,6.74545054905248,0.780815825780353,7.44356186087257,0.504483392046867,1.39405013679471,0.0165144922609451,7.68081491608074,6.26796982231403,27.3970464485879,4.36934299802513,13.662833767315,21360.4507564064,8617507.527562413,13.662833767315,47.448546162609624,8.235384408590344,7.68081491608074,2.394477480058805,8318918.514842267,0,0,0.0010183632000685483,0
30.3424780255059,0.210240977319357,6.63309902548314,0.780005608445415,7.31913300329931,0.495860633421434,1.37709589327918,0.0112352136760506,7.81839878870732,6.71536292938844,27.1726840888537,4.36486922235187,13.4475232502694,20973.5050261646,8750567.08985039,13.4475232502694,47.157913166753744,8.67532103468741,7.81839878870732,2.3617422383411757,8285073.085466415,0,0,0.001076615809041038,0
30.3069523297523,0.217083674267281,6.54315293297602,0.78042465247685,7.21950593227522,0.488991495407419,1.36398712155142,0.0082723839631581,7.94535617023703,7.09214410883822,26.9687181222858,4.36057487016171,13.2762420750722,20751.8875953238,8902660.839639833,13.2762420750722,46.92009813870651,9.046887631041168,7.94535617023703,2.336048528009866,8256727.283649768,0,0,0.0011393170724525489,0
30.2717125380945,0.223025961550309,6.47587042485135,0.782439045103971,7.14490354949712,0.483882001325694,1.35492128363975,0.0065873026313655,8.06480282912089,7.3956901878966,26.7866146340218,4.35591505161389,13.1497833375006,20614.5084979911,9044701.860955523,13.1497833375006,46.7367548040627,9.347819896366298,8.06480282912089,2.3176188235899593,8234307.713821087,0,0,0.0012032149562944843,0
30.2375313790257,0.228193825434508,6.4284810603914,0.785961793537295,7.09220866087473,0.480312571148213,1.34940720176675,0.0056147677556213,8.17906409310375,7.62384787216702,26.6281988955507,4.35043321663409,13.0626939553576,20527.3320032832,9163448.691092383,13.0626939553576,46.6020964921786,9.575767758965933,8.17906409310375,2.30558244451458,8217581.002161873,0,0,0.0012666833727830275,0
30.2052310310999,0.232701307653088,6.39709673561442,0.790698735501359,7.05707630012019,0.477981269314349,1.34668485025434,0.0050416823773575,8.28981225537278,7.7755795059446,26.4952543218423,4.34376827242351,13.0071822565777,20437.4054130386,9235558.701790342,13.0071822565777,46.50747022955764,9.729253770100804,8.28981225537278,2.2986507673170546,8204440.754468952,0,0,0.0013270301232960447,0
30.1754588610678,0.236646379902289,6.37483924791629,0.795817872865795,7.03189623185411,0.476362912506501,1.34531300742342,0.0046922337195088,8.39801837520024,7.8514120611012,26.3892416570461,4.33567995830912,12.9692500299157,20297.0392481846,9238715.469061576,12.9692500299157,46.43633451353621,9.807721001470751,8.39801837520024,2.294437658102349,8190589.009799287,0,0,0.0013840510235789978,0
30.1484462385096,0.240105551940505,6.35525470867324,0.800436341105965,7.00956206131533,0.474965276057058,1.34392504410991,0.0044812755481432,8.50427329700451,7.85400253716941,26.3106885141276,4.32604447579172,12.9357090770604,20165.8402455902,9200652.341343813,12.9357090770604,46.3726952217116,9.81270620407953,8.50427329700451,2.2906795210025463,8174081.554986107,0,0,0.0014379919222149067,0
30.1239516873888,0.243126967907209,6.33661747469944,0.804341776706073,6.98819086088267,0.473653313527982,1.34219414774303,0.0043774346235627,8.60901198328798,7.78762023801889,26.2591047284213,4.31482863489185,12.9030864696219,20062.4327771012,9132975.59165177,12.9030864696219,46.312076228855204,9.748192067766249,8.60901198328798,2.286796000248667,8154327.3543929225,0,0,0.001487499662288539,0
30.1015202997446,0.245724186286562,6.31418964175795,0.806844367752624,6.96261024785299,0.472067834141163,1.33912778031254,0.0043592857271905,8.71177335152167,7.65842970867628,26.2334277539276,4.30216362609197,12.8617179559826,19758.2901522018,8935279.932213588,12.8617179559826,46.242084357848434,9.619464098861972,8.71177335152167,2.281117486840336,8129665.528806406,0,0,0.0015163319749819674,0
30.0807249590012,0.247886331990878,6.27302422930927,0.80559060752842,6.91646608888431,0.46908201405754,1.33146219747277,0.0043927711313713,8.8106407944251,7.47701054824924,26.2315094460461,4.28845744725027,12.7808757373413,19034.8882997356,8515350.545638245,12.7808757373413,46.12423642824439,9.434198020636462,8.8106407944251,2.2682816039751876,8097128.577596913,0,0,0.00150576053586768,0
30.0610567063896,0.249615415195646,6.20386087761042,0.799006603560725,6.8396662907546,0.463994016985196,1.31716555557059,0.004447670729033,8.9039139672586,7.25671724494463,26.2495457009265,4.27419889777202,12.6414630179078,18220.1768631313,8032573.940158038,12.6414630179078,45.93436546606678,9.203838235826698,8.9039139672586,2.244945453250482,8055988.289557676,0,0,0.001479321248901896,0
30.0419378914951,0.250933192316984,6.11190664708219,0.787815178277295,6.73797660480595,0.457189747672514,1.29740079688599,0.0045197256345056,8.99117000632716,7.00892055946068,26.2832652191937,4.2597296176458,12.4541835213456,17438.1335286209,7553344.11697978,12.4541835213456,45.68516005853602,8.94065894990951,8.99117000632716,2.2129775370023945,8006584.348715532,0,0,0.0014467246353909652,0
30.0227929813497,0.251866157181786,6.01247935279185,0.774426353714122,6.6282200472802,0.449818016846356,1.27556889530581,0.004634636479213,9.07311466011546,6.74036685181087,26.3292224610027,4.24517839345509,12.2506115477053,16977.7441800465,7209325.454132903,12.2506115477053,45.41517180446982,8.654351237490646,9.07311466011546,2.177902728393421,7950348.147543329,0,0,0.001432870975327501,0
30.0028581894592,0.252434120211153,5.93063903877552,0.762890588927312,6.53786582543436,0.443764945735488,1.25721690236825,0.0048599827986562,9.15190622195997,6.4501134479751,26.385844690423,4.23034526644424,12.0824304847048,17139.5136433929,7123796.550487231,12.0824304847048,45.18766961091128,8.3488912753604,9.15190622195997,2.1487661421983786,7889621.097162138,0,0,0.0014650397670783848,0
29.9814639860185,0.252624374228968,5.88368075765584,0.756172574649752,6.48582396904572,0.440337342322804,1.2461899025784,0.0052890322003761,9.22919189376928,6.13506715358775,26.4527530808266,4.21502230258401,11.9854073055804,17510.3389024181,7114705.263564619,11.9854073055804,45.046292906499986,8.02472772125758,9.22919189376928,2.131840016427473,7825675.4202328995,0,0,0.0015087599384039734,0
29.9583360864832,0.252392740509474,5.87206856231821,0.754610354836501,6.4725391410954,0.439576635840948,1.24263511817395,0.006011312922811,9.30485767301285,5.79635022959213,26.5292730157952,4.19927045300016,11.9606702868853,17901.9551313695,7101988.532080862,11.9606702868853,44.99215863925768,7.683301386611758,9.30485767301285,2.127343479711862,7759406.900523079,0,0,0.001546429560477985,0
29.9334248719468,0.25168502893639,5.88841908704236,0.757218280576462,6.48987623165233,0.440931873297436,1.2449733752634,0.0070990924586942,9.37796454854718,5.43774403079565,26.6145180549614,4.18328518452775,11.9931467624929,18248.9308700122,7059625.041947758,11.9931467624929,45.006528748715176,7.327121774582789,9.37796454854718,2.132655567827241,7690555.796394389,0,0,0.001570216669434728,0
29.9068224992526,0.250458178786196,5.92162969508108,0.7623204971535,6.52565621048869,0.443569378144136,1.2508144752509,0.0085923109999191,9.4471233725474,5.06488127685579,26.7076355211109,4.16732947058505,12.0600615815535,18513.79663862,6974748.258731552,12.0600615815535,45.0612709341571,6.959741006536813,9.4471233725474,2.143803883678181,7617835.951518785,0,0,0.0015748851618059539,0
29.8786779812167,0.248703064318796,5.96298760838294,0.768548426841211,6.57034327220032,0.446833279136378,1.25830370130167,0.0104729175469033,9.51082589536323,4.68412127341946,26.8081537053997,4.15166452823083,12.1435327247437,18760.1305846817,6874092.381270263,12.1435327247437,45.13439733339802,6.58584052814811,9.51082589536323,2.157673330896827,7541937.54967916,0,0,0.0015644830724744312,0
29.8491644219134,0.24646711564015,6.00808850443298,0.775195763753684,6.61912980602404,0.450390764456138,1.26654995304109,0.0126364383670962,9.56766376336715,4.30176776785832,26.9161839334536,4.13650441706653,12.234548192658,19015.9525134073,6770290.524419578,12.234548192658,45.21498632926149,6.210866976088961,9.56766376336715,2.1727119402583503,7464261.488569223,0,0,0.00154054108048887,0
29.8182982313729,0.243846511018185,6.06356519376425,0.783283282544798,6.67929866136227,0.454740116752875,1.27708753969537,0.0149312928282435,9.61679732134563,3.92123867190776,27.0332102147025,4.12189659085973,12.3467985281291,19631.9286445287,6787728.487622456,12.3467985281291,45.320119536510646,5.83950249889135,9.61679732134563,2.1913415014871642,7384348.383293651,0,0,0.0015297754754636157,0
29.7857327518745,0.240954585114611,6.15535619008691,0.796890946676794,6.77926347610425,0.461836599053333,1.29569329567828,0.0172398302511556,9.65802400755401,3.54064730775215,27.1633665513273,4.10763156385751,12.5337001682515,20983.3924519163,7047381.058273114,12.5337001682515,45.51572784458868,5.474865482374844,9.65802400755401,2.2229238582400996,7300423.146283213,0,0,0.0015543777815841511,0
29.751648830333,0.237996402542342,6.30564928892514,0.819678901639384,6.94327750093076,0.47335390200223,1.32743809705373,0.0193610031993694,9.69024369998819,3.1631126228768,27.3111109908388,4.09361721966062,12.8411042635232,22560.0241414864,7371049.264045874,12.8411042635232,45.85904292342659,5.124525312899418,9.69024369998819,2.2755548110423773,7213365.025941138,0,0,0.0015674681081137341,0
29.7174815222846,0.23532543823345,6.51575623674386,0.852165152018404,7.17269234994931,0.489387916110192,1.37294066631376,0.020932717282735,9.71150159740219,2.80239981321569,27.4786032158602,4.08003816485705,13.2720607801902,24136.6201823119,7694746.197557651,13.2720607801902,46.355749281653566,4.802830456595811,9.71150159740219,2.349927462008814,7124214.649706657,0,0,0.001552444106441019,0
29.6856786772974,0.233368995947543,6.76392760229392,0.891286032888413,7.44360369091087,0.508289021092186,1.42776639149368,0.0215677033929916,9.72025494734243,2.47828026813705,27.6650026735084,4.06720697155015,13.7822115895964,25356.8099966139,7920717.080218344,13.7822115895964,46.95392041192402,4.525751469186282,9.72025494734243,2.4384853510132385,7036100.79697404,0,0,0.0014953295950067044,0
29.6590318331477,0.232494749463412,7.00336090165011,0.930007039110899,7.70471535873516,0.526512781858511,1.48182640248162,0.0210572730863939,9.71603917907262,2.21151622303831,27.8650051673239,4.0555432618558,14.2755803931742,25930.1303182626,7972489.831774607,14.2755803931742,47.53794906644742,4.3053901256937595,9.71603917907262,2.5246279920508945,6953143.179079104,0,0,0.0013993112792709563,0
29.6391781382511,0.232849448361046,7.19718012423373,0.962663715041447,7.91569293478129,0.541265953640482,1.52694902736755,0.0195628813667783,9.69953547719721,2.01451110730058,28.0712426567772,4.04540428361906,14.6763966238616,26288.0046414114,7990770.2629009085,14.6763966238616,48.01577934167665,4.147197577806203,9.69953547719721,2.5951771114821676,6875535.322091845,0,0,0.0013124815920394566,0
29.6258964596051,0.234364594596685,7.33993748777065,0.988432864400409,8.07066809246032,0.552135759287416,1.56173938979441,0.0174887895232883,9.67172421333993,1.89016466538879,28.2763646659685,4.03708223890956,14.9734465796522,26561.1390871046,8019469.729517798,14.9734465796522,48.373174647914986,4.053043967057548,9.67172421333993,2.6481443103039672,6802518.121005457,0,0,0.0012472766880316007,0
29.6172564482641,0.236821543751698,7.43738656803394,1.00820889924738,8.17604283933203,0.55956299406279,1.5872342323447,0.0153130880779043,9.63351720650713,1.83597687311993,28.4721531971616,4.03091825687258,15.1785210614741,26841.2764151103,8088078.203945584,15.1785210614741,48.62251352503664,4.021470527820835,9.63351720650713,2.6855108258698595,6733093.658246462,0,0,0.0012008454222999234,0
29.6099182546294,0.239901946650081,7.50932056991119,1.02507322823073,8.25356239595753,0.565052467738977,1.6076048179103,0.013411413761914,9.58589562763233,1.84587620470789,28.6497273073526,4.02727618511168,15.3322837061536,27193.0540002674,8219519.509246342,15.3322837061536,48.810433681028215,4.050096668120843,9.58589562763233,2.7142743204897686,6666369.832709926,0,0,0.001186845538251493,0
29.5997475491221,0.243291800527941,7.56880365039984,1.04100935405332,8.31755807785471,0.569599486690301,1.62556946488884,0.0119283261847042,9.53019900476453,1.91125142025382,28.7996644219126,4.02649668875917,15.4614976294738,27485.5930544654,8373426.126177314,15.4614976294738,48.965579383537055,4.132641823047472,9.53019900476453,2.739002505415101,6602003.811929856,0,0,0.0011995255621771702,0
29.5827121170203,0.24673586354926,7.61775217341411,1.05609513798714,8.37013153340724,0.573352675438968,1.64136749012933,0.0108535532895582,9.46830744127624,2.0210771485736,28.9132294838185,4.02879941730672,15.569835141555,27684.9576326878,8531813.2704237,15.569835141555,49.088146990946356,4.258123782568647,9.46830744127624,2.760223641148474,6539855.336569294,0,0,0.001239423614397645,0
29.5559320334946,0.250054339060968,7.6498590252393,1.06896605698594,8.404380781171,0.575835879737018,1.65340206416402,0.0100980146131593,9.40258065694093,2.16236955087056,28.9842012378197,4.03418543889954,15.6439193742126,27651.155369867,8637681.398141239,15.6439193742126,49.15843017985285,4.411914577562616,9.40258065694093,2.7754874057782954,6482042.2985269455,0,0,0.0012925893543380312,0
29.5185627300469,0.253128779285731,7.65015381615947,1.07674317146473,8.40395289116069,0.575918183826936,1.65813415182624,0.0095631002527569,9.33571471741471,2.32101716846536,29.0103031839528,4.04237565975236,15.6524458898798,27292.4751391631,8642226.700376967,15.6524458898798,49.136593723770694,4.576510343666993,9.33571471741471,2.7792091898548046,6432051.093665846,0,0,0.0013468655155647732,0
29.4717694085838,0.255884056806638,7.61439352476121,1.07824615662584,8.36428327176629,0.573281049726861,1.65444401530422,0.0091830958213512,9.27009155317338,2.48418811137983,28.9936606039004,4.05288158430632,15.586265030285,26849.6862799281,8606937.850789342,15.586265030285,49.01230148357486,4.7378317999421125,9.27009155317338,2.7696944708215145,6390279.515538953,0,0,0.0014074162822707743,0
29.4179413070908,0.258283175645198,7.55266368232291,1.07477056077122,8.296502080339,0.568691286425218,1.64449660084121,0.008922259222756,9.20742283072893,2.64197298087856,28.9390453881413,4.06516168476755,15.4659599791342,26406.2178414883,8554356.252802936,15.4659599791342,48.81334869343556,4.887728869258845,9.20742283072893,2.7504921266533526,6356199.338012767,0,0,0.0014720515626738965,0
29.3602988694275,0.260310420642518,7.47045470098565,1.06702457800334,8.20667836748142,0.562569870557187,1.62948732609626,0.0087550017383977,9.14919260181132,2.78628799185115,28.8526271187876,4.07862972130199,15.3027605609979,25778.2713418899,8421128.02584504,15.3027605609979,48.55682413319388,5.019135956969643,9.14919260181132,2.723542929412484,6328238.334054545,0,0,0.0015251192176107503,0
29.3025391845905,0.26196028091968,7.36100522115895,1.05372740425445,8.08741277040427,0.554408978793578,1.60785758164639,0.008643495303354,9.0968406800337,2.91035734494817,28.7420706352577,4.09262233626984,15.0825576507426,24821.5307757729,8152674.087792059,15.0825576507426,48.22891142176782,5.12388581627162,9.0968406800337,2.6863481673877074,6304067.459847738,0,0,0.0015518544767383021,0
29.2476730443371,0.263235108701251,7.22368560561514,1.03456425141426,7.93796686953533,0.544158345332674,1.57940435824808,0.0085574060347285,9.05124555431497,3.01023543409933,28.6151487671677,4.10655534999843,14.8038095450983,23839.0756105772,7846921.86849107,14.8038095450983,47.83068758318383,5.197806830249588,9.05124555431497,2.638601641845577,6282628.840495537,0,0,0.001566481132784104,0
29.1973564967304,0.26413862912647,7.07069383663801,1.01142838070076,7.7716163444583,0.532734956724235,1.54683705817311,0.008496478699712,9.01264989310837,3.08478982155207,28.478044896967,4.12003202498644,14.4915320108105,22921.6421441295,7539803.748042603,14.4915320108105,47.39480570255128,5.242150098144541,9.01264989310837,2.584665075108606,6263355.217118544,0,0,0.001574039150594808,0
29.1523700162703,0.264674582858263,6.91089714307263,0.985809195521555,7.59797660933277,0.52080445024778,1.51215585196266,0.0084681978809151,8.98113627380182,3.13409952626076,28.33606611655,4.13273098286789,14.1639803223761,21955.103466807,7199165.518739419,14.1639803223761,46.944687849265954,5.258816090694144,8.98113627380182,2.5277364342498934,6245855.761500829,0,0,0.0015666502337925044,0
29.1129614182231,0.264851853617278,6.74404196621842,0.957770561908216,7.41667792283966,0.508342178417157,1.47532509270188,0.0084685815691475,8.95671183640082,3.15907670457003,28.1944335118374,4.14434807646048,13.8206347013907,20836.8549833668,6794624.777260978,13.8206347013907,46.47997099392572,5.248767969567768,8.95671183640082,2.467734998491874,6229870.542313822,0,0,0.0015364336753773318,0
29.0787823169105,0.264681915075775,6.57093465524445,0.927561459275401,7.2285411716443,0.495402897236885,1.43655049890928,0.0084970958717177,8.93910033291409,3.16165372117656,28.0573726258217,4.15467938781003,13.4632011823986,19743.1116644846,6387994.318229669,13.4632011823986,46.0024549142966,5.214192969231842,8.93910033291409,2.404974594179601,6215128.025834408,0,0,0.0014963333716676477,0
29.0490564510574,0.264170398318187,6.39791944035271,0.896356454686506,7.04048970659414,0.482461903638574,1.39729322562276,0.0085758451582095,8.92777263945999,3.14420616489025,27.9274628938966,4.16365364096679,13.1048789790102,18733.9691803727,6003556.312326295,13.1048789790102,45.52774758027027,5.158828369322627,8.92777263945999,2.3417880254979324,6201371.811756174,0,0,0.0014521349220289756,0
29.022929805286,0.263312643013287,6.23258670155136,0.865543283280433,6.86083605694102,0.470091392747025,1.35930001080955,0.0087502488332566,8.92210749304134,3.10889276277403,27.8061356019757,4.1712793829173,12.7614753408947,17875.8866615591,5666191.590394311,12.7614753408947,45.074599893628665,5.086448607304201,8.92210749304134,2.2809662974878773,6188986.821212798,0,0,0.0014104609263487905,0
28.9995941629753,0.262086094752164,6.08281059513178,0.836533985690274,6.69822118159198,0.458887786820204,1.32437363813863,0.0090964485999012,8.92148081980599,3.05726990995867,27.6938848173531,4.17761909899761,12.4493805630241,17227.5613607392,5396271.315744103,12.4493805630241,44.66250744510034,5.0002635573536125,8.92148081980599,2.225396019617297,6178991.426983752,0,0,0.0013773317463571485,0
28.9784276451203,0.260450351738258,5.95284868109679,0.810137385457075,6.55732533233591,0.449175487741612,1.2934933311808,0.0097236976873092,8.92527132618769,2.99036257086651,27.5910552653283,4.18274308805246,12.1775022860136,16691.2953873254,5163113.019470281,12.1775022860136,44.301858214670744,4.902227009610899,8.92527132618769,2.1766455890882472,6171521.871142555,0,0,0.0013458238783354032,0
28.9590257088387,0.258351411885041,5.84215900985477,0.786372632325259,6.43756330955524,0.440915748698091,1.26654921708677,0.0107797693847489,8.93274108143792,2.90911765505827,27.4982896048692,4.1867218043482,11.9448183792197,16224.5969149227,4952962.50704331,11.9448183792197,43.990937038243864,4.793261974630589,8.93274108143792,2.1345375143807983,6166344.5520957755,0,0,0.001312844658917971,0
28.9411997978023,0.255736623336347,5.74474271652442,0.76439271489726,6.33235465182799,0.433655659669912,1.24220809506191,0.0124442111475585,8.9428585687998,2.81513604390914,27.4167129918452,4.18964235776438,11.7390408081517,15634.0652673539,4706346.172691455,11.7390408081517,43.71429025912014,4.673890025493426,8.9428585687998,2.096922568067159,6162502.468740317,0,0,0.001263316412982829,0
28.9250043235527,0.252596425883195,5.64744378044317,0.742258066414289,6.22724663641883,0.426397763502349,1.21756183379479,0.0148582966198216,8.95412111358281,2.71184965398185,27.3479985402804,4.19163325129755,11.5331465986964,14720.2015611496,4364800.903566113,11.5331465986964,43.438508830009326,4.545118167195894,8.95412111358281,2.0590910568290437,6158355.557916596,0,0,0.0011826225610812753,0
28.9104443945256,0.2489593721785,5.54121848539828,0.718659739388692,6.11229878545653,0.418455781601682,1.19063311012584,0.0181050032178142,8.96492180203609,2.60337936728217,27.2927707206048,4.19290030693618,11.3085857622252,13757.1676108993,4013314.74559582,11.3085857622252,43.14066966867512,4.409421937097844,8.96492180203609,2.01782394364413,6153361.544777378,0,0,0.0010947560140019282,0
28.8973219954513,0.244856175686915,5.42731688954185,0.693844902165983,5.98888183514711,0.409925893564225,1.16172495006365,0.0222776116344987,8.97401165143465,2.49264549832575,27.2501323721489,4.19368216876145,11.0679882136193,12866.3915752001,3689402.5888178595,11.0679882136193,42.823872641621044,4.2700034465212005,8.97401165143465,1.9735977855814713,6147499.606184021,0,0,0.0010105377815345861,0
28.8853561861098,0.240315294893266,5.31179548951476,0.668766292731135,5.86365085091609,0.401270359930952,1.1321900738455,0.0275157051409392,8.9804983208828,2.38131934219247,27.218641392737,4.19419400826397,10.8238515723506,12144.5571124014,3421172.184028058,10.8238515723506,42.5033445479415,4.129697028820711,8.9804983208828,1.928605992385385,6140981.677955839,0,0,0.0009379184208635846,0
28.8742033336118,0.23534115804236,5.2030510234066,0.644688295528869,5.745839031151,0.393130217293521,1.10386734948151,0.0340963325403076,8.98374002083432,2.26961225582325,27.1967953418893,4.19461411882177,10.5934441774068,11687.5762493738,3234004.0059467657,10.5934441774068,42.20012040851565,3.990276378389142,8.98374002083432,1.8858597809157944,6134163.858119097,0,0,0.0008838443095794507,0
28.8635593879636,0.229934915483984,5.10689178735359,0.622468524074872,5.64183411875817,0.385950189149375,1.07800607207705,0.0424217513830758,8.98308396849604,2.15728974265232,27.1835736917288,4.19509297936884,10.3886864716434,11365.6572976911,3089286.0711737354,10.3886864716434,41.92864499486065,3.852570408841512,8.98308396849604,1.8474326472861706,6127197.32740678,0,0,0.0008376993943627178,0
28.8532300872881,0.224132400009657,5.02430775175267,0.602253642306445,5.5527201702848,0.379807874721069,1.05480202423497,0.052892644173821,8.97777902417356,2.04475180268678,27.1784829277886,4.19576633124722,10.2115974438045,11102.3509780995,2964708.750388506,10.2115974438045,41.69125395059771,3.7171572219015814,8.97777902417356,1.8136824265044187,6120128.937455156,0,0,0.0007936957458372135,0
28.8431116103164,0.218011907138041,4.95294622622369,0.583713090491633,5.47589846952809,0.374525134943477,1.03373814758181,0.065802784565632,8.96710922841901,1.93309407799212,27.181226747902,4.19675539881392,10.0573459408662,10795.4606818842,2832476.8260445492,10.0573459408662,41.481944586223136,3.5847115309805058,8.96710922841901,1.7837884523796952,6112996.94851318,0,0,0.0007451126961959945,0
28.8332155452198,0.211709581477511,4.88736642299344,0.566097977420135,5.40536576854753,0.36968692836458,1.01366426085815,0.0811114513303516,8.95065467267707,1.82438050409122,27.1913881670518,4.19814906493732,9.91480201758067,10331.2112133011,2663647.6985791107,9.91480201758067,41.28710648488115,3.4563445256443446,8.95065467267707,1.7558567900115714,6105871.6629444435,0,0,0.000685833035247326,0
28.8235826098141,0.205371217298021,4.82291416541487,0.54878126342305,5.33598524946014,0.364936645459998,0.993623512566466,0.0985150387089749,8.92843535544967,1.72052273186948,27.2082278087104,4.19999185954354,9.77446859669924,9823.40230801403,2489054.160644766,9.77446859669924,41.095194663436644,3.3331665571564044,8.92843535544967,1.7282835639021867,6098799.825034216,0,0,0.0006254602228231961,0
28.8141964894732,0.19909731998459,4.75842968707391,0.531616587962776,5.26647310178598,0.360183155899362,0.973404460637954,0.117766748308629,8.90067898608891,1.62226424644755,27.2309158251221,4.20230059937741,9.63399730867504,9340.83819364618,2326349.699570056,9.63399730867504,40.90340080281777,3.2157307667577464,8.90067898608891,1.7006924422011995,6091798.07034403,0,0,0.0005692182128586667,0
28.804997113295,0.192944183157708,4.69514805565752,0.514773594927567,5.19818797664583,0.355517433953772,0.953292321385098,0.138798415437033,8.8675760593056,1.52946459688031,27.2587914857242,4.20508504489964,9.49592222535349,8949.46145987211,2191301.786447634,9.49592222535349,40.71486067902249,3.104112605709421,8.8675760593056,1.6735389228778,6084974.287144073,0,0,0.0005210177305168844,0
28.7958624614424,0.186921852359214,4.63616239980924,0.498652301165205,5.13453912502874,0.351171677498135,0.933940225335495,0.161912961271076,8.82897191117822,1.44115647155909,27.2916063979501,4.20837763862932,9.36654423005583,8724.20540699152,2100716.4944131677,9.36654423005583,40.53725004263843,2.9978614575158695,8.82897191117822,1.6479132747894498,6078582.317847407,0,0,0.00048420155712723033,0
28.7866672576856,0.181027328503939,4.58412293790911,0.483581851463644,5.07844745756534,0.347343979670548,0.915894279427673,0.187609004121907,8.78441723148558,1.356327805401,27.3294524511375,4.2122327911418,9.25124270122677,8591.75947855118,2035087.700570688,9.25124270122677,40.377085092225855,2.8963948679076497,8.78441723148558,1.6247400098245146,6072729.161847164,0,0,0.0004533968858797522,0
28.7773522588501,0.175275478928928,4.53968260610685,0.469630036447804,5.03063050524496,0.344080095214118,0.899289708014579,0.216215123004518,8.73353244632446,1.27459310206668,27.3724264914235,4.21669664642604,9.15132867949169,8498.3266640501,1980662.7936180609,9.15132867949169,40.23594068880733,2.7994206224626503,8.73353244632446,1.6042464497931241,6067421.470775663,0,0,0.0004251576298975805,0
28.7679296643079,0.169697418343062,4.50180992972131,0.456655602632245,4.98994744863772,0.34129779419791,0.883927166993216,0.247743416675226,8.67623790211111,1.19612928069021,27.4204225021942,4.22178637481294,9.06469822347482,8372.69375283639,1920555.927337905,9.06469822347482,40.111265024833365,2.7069360109725373,8.67623790211111,1.5860779095044613,6062505.624303705,0,0,0.00039595727924737615,0
28.7585098001424,0.164342179034124,4.46767324910834,0.444306099409743,4.95327241031253,0.338779315245658,0.869261441984324,0.28161952790391,8.61315117866312,1.12174218236847,27.4728128995083,4.22745270167337,8.98561594465825,8128.43704336685,1835531.4162942765,8.98561594465825,39.99614449523712,2.619287256642109,8.61315117866312,1.5692640981457444,6057631.309445086,0,0,0.00036257389457598326,0
28.7492258062704,0.159248328985533,4.43451335547436,0.432249583852646,4.91756153632056,0.336314073685744,0.85477291220928,0.317017084847054,8.54529976898877,1.05215819852155,27.52868810063,4.2336047031555,8.90851213264403,7837.08014071362,1742673.1284121836,8.90851213264403,39.88388559679852,2.5367638550757916,8.54529976898877,1.5528636383191292,6052643.938743564,0,0,0.00032927945590613644,0
28.7401458589656,0.154422677949004,4.4012870529041,0.420365149776556,4.88166568250373,0.333822441076399,0.840281239196356,0.353424784136523,8.47344008404233,0.987440442141238,27.5873953182492,4.24017320910527,8.83129562004874,7551.73784934463,1653982.2134955407,8.83129562004874,39.77199010237175,2.459268269620052,8.47344008404233,1.5365239103699815,6047527.9902565,0,0,0.0002985944864973938,0
28.731233705422,0.149840588373821,4.36912446754024,0.40878217899603,4.84683374568269,0.331388561661329,0.826022577437075,0.39103185432399,8.39748361730754,0.926898198691885,27.6489711906318,4.24716652806772,8.75625677678601,7399.00422877212,1596559.6120183964,8.75625677678601,39.66322582511317,2.3862831844934984,8.39748361730754,1.5206320153421142,6042118.938461267,0,0,0.00027496490027749447,0
28.7222600531931,0.145438493223252,4.34237198727138,0.397982124845508,4.81786004912976,0.329335620396761,0.81283639559244,0.431527068500204,8.31530336351474,0.868726445538104,27.7150425613057,4.25478581676017,8.69214247051366,7571.83868495267,1609911.7819764628,8.69214247051366,39.568084723652206,2.3166537655454396,8.31530336351474,1.506662529494551,6035927.676494843,0,0,0.0002635901041139662,0
28.7129653680098,0.141157981060082,4.32552538361462,0.38844101586483,4.79969871590466,0.3279939507605,0.801575544723388,0.47719426145055,8.2236953994676,0.811200063915185,27.7880413645141,4.26333807330696,8.64796633295033,7930.37361647611,1661426.9027609632,8.64796633295033,39.49735795993789,2.2493070408662637,8.2236953994676,1.496131437850594,6028724.382977816,0,0,0.0002570455453189695,0
28.703273261905,0.1369833942993,4.32032065868438,0.380312401230935,4.79425753383192,0.327485190448296,0.792566118989069,0.529381628611362,8.1204118952128,0.753833380135283,27.8696245409945,4.27304386065425,8.62717417956186,8346.82295644932,1722887.5556007319,8.62717417956186,39.4551985593889,2.183982660576438,8.1204118952128,1.4896149828344944,6020517.585698496,0,0,0.00024992417271360525,0
28.6930867186383,0.132897016588789,4.32975273778083,0.373871524434464,4.80483213388682,0.328022022589754,0.786375059295886,0.590061198391861,8.00209618713019,0.696001900644873,27.9622701361122,4.28423288437156,8.63572758541104,9053.68511516084,1840896.1874912914,8.63572758541104,39.448837213214844,2.1204554656028143,8.00209618713019,1.488114854883479,6011533.11801533,0,0,0.0002477794099463057,0
28.6819713817217,0.128831285458965,4.36504094165214,0.370224174230545,4.84378727297737,0.330420055825289,0.785119285157296,0.665138723385877,7.85928126837264,0.635254054259302,28.0730539199586,4.29782759506561,8.69604545267042,10546.2041391789,2111520.6496536415,8.69604545267042,39.5053943970233,2.057835289181735,7.85928126837264,1.4954089861331672,6002331.376472204,0,0,0.0002589865418357379,0
28.6696150290921,0.124739238135701,4.44322593758775,0.370981401879079,4.92991803739095,0.335919272677625,0.792021343450381,0.76203393193324,7.67910023810565,0.56968716696575,28.2114829269621,4.31509412830757,8.84214638436657,12483.4143547706,2460136.7136774175,8.84214638436657,39.66642026021358,1.9965410748965937,7.67910023810565,1.517237650313055,5993360.315530982,0,0,0.0002670813033368485,0
28.6564170878592,0.120652957825142,4.58114784309968,0.377590318776979,5.08183248948885,0.34574949179475,0.810267830968809,0.884953756008835,7.45201674882723,0.500300073502792,28.3843633298083,4.33699788676636,9.10757583618872,5331.63396898787,1034445.0606278237,9.10757583618872,39.97365801981341,1.939758665731175,7.45201674882723,1.5592662759685845,5966239.81736306,0,0,0.0,0
28.6433867566702,0.116643444540762,4.79357664733061,0.391159217130429,5.31589952098763,0.361001999816454,0.842606855120307,1.03437872856778,7.1727812930886,0.429836643857028,28.5951345273143,4.36410594046855,9.52166165181393,16760.3759964417,3205406.500146037,9.52166165181393,40.464274441596395,1.8920264919666006,7.1727812930886,1.6264375918804075,5957887.8894275455,0,0,0.00023966461280211805,0
28.631570200529,0.112767232014484,5.11107082416588,0.414189281489716,5.66601424864604,0.383959539033464,0.894784541219148,1.20841757476001,6.83194511129853,0.360087574861528,28.850201864194,4.39741107038419,10.1453225588103,19212.8086430608,3632231.5747661013,10.1453225588103,41.21435586709774,1.8590029497018625,6.83194511129853,1.7290335440227402,5948683.969655511,0,0,0.00022938251610924023,0
28.6223001678929,0.10939026353812,5.53901361000504,0.446796546606844,6.1384073260799,0.41507748578341,0.968602359523327,1.38445541849842,6.4258511926214,0.295882196743466,29.1511579653484,4.43734574656283,10.9898018148148,21759.2853820021,4081922.1650842456,10.9898018148148,42.23958775942953,1.8459512915160095,6.4258511926214,1.8691267519551675,5938534.478292052,0,0,0.0002461885930552101,0
28.6164273466891,0.110495685264595,6.05756768181257,0.486971502332799,6.71141410570786,0.452994916068027,1.06343096740465,1.5172825746828,5.94783049753751,0.249072068860195,29.4991850401087,4.48472273596586,12.0175384524366,24297.0457665142,4542480.982441151,12.0175384524366,43.499302205279605,1.8619959525559409,5.94783049753751,2.0417699944108723,5927677.769496389,0,0,0.00030806954961043784,0
28.613949329601,0.138575492418276,6.61947898191924,0.53061246583547,7.33282206118475,0.494388270828025,1.17920080343171,1.54996518418102,5.39236263669725,0.248032085371806,29.8860926364841,4.54072716114092,13.1398116162978,26427.1863978966,4954689.329675152,13.1398116162978,44.90902740521847,1.9298245569570218,5.39236263669725,2.238771550715668,5917276.982462707,0,0,0.0005210819367433154,0
28.613994705894,0.262915255590412,7.14718058455478,0.57152113530585,7.91674054430855,0.533657467847964,1.31891900670899,1.44205669118723,4.76895668240181,0.340782050432346,30.2791217715694,4.60598588907058,14.2129638167257,27783.1121370841,5280684.442911883,14.2129638167257,46.36492870021055,2.0892204219999955,4.76895668240181,2.4555520120631313,5909325.912506558,0,0,0.0011840743811068126,0
28.6152417168442,0.629137068774535,7.57564918452139,0.605212208980523,8.39104412715107,0.565925936167541,1.48843254307143,1.20082576005376,4.10224193282279,0.583652080295569,30.6245316213404,4.68033749384183,15.1188208551512,28769.8899153916,5647878.240843627,15.1188208551512,47.87064278551069,2.391978729272898,4.10224193282279,2.7110299189084737,5904985.737656576,0,0,0.002791426689605014,0
28.6161739098085,1.46662420865463,7.89425485942693,0.632272799392538,8.74352259619632,0.590083936064734,1.68381602630363,0.880993139563159,3.4232958898313,1.0249548905655,30.8638392403046,4.76291719799356,15.8354653180546,29491.2562719778,6145265.0590604,15.8354653180546,49.62674833584728,2.8909243711858195,3.4232958898313,3.058731440481669,5905518.3968109265,0,0,0.005885221847521951,0
28.6148659147132,3.0278293173396,8.0978575815448,0.653403024422282,8.96770707725452,0.605303374113474,1.86786355052111,0.562239537328173,2.77143845347306,1.68321055251807,30.9473122014245,4.85097102745698,16.330656106111,29459.0186791215,6705212.967268156,16.330656106111,51.83482983990898,3.609920246061784,2.77143845347306,3.5517091058749646,5910991.003187027,0,0,0.01056980812759812,0
28.6092648464249,5.42759828935719,8.16056520713509,0.666213304233384,9.03430931791154,0.609427108754718,1.99032845997296,0.311366661983317,2.18848318178979,2.52637454983236,30.8540458440599,4.93957510174013,16.5246357295906,28365.8494746993,7185071.875308304,16.5246357295906,54.49770653378977,4.515656407374363,2.18848318178979,4.1992878223246635,5919625.5422889395,0,0,0.016150311883597522,0
28.5981942323761,8.57655562892928,8.08495620497766,0.669530552804903,8.94615370069278,0.602766456609198,2.03154054619116,0.150700605379292,1.69745203176797,3.49082294164475,30.599668563121,5.02439423861889,16.4094906855873,26964.7719013166,7644679.985425865,16.4094906855873,57.509697322581076,5.541764828491157,1.69745203176797,4.975027507236967,5930340.4829478385,0,0,0.021980673006808813,0
28.5818436232517,12.2822535760481,7.91627984492971,0.665856140901906,8.75369392428855,0.588978166508078,2.00691097409798,0.064938430630827,1.29965216816274,4.51701879968074,30.2170310594295,5.10330045400125,16.0791541600733,25503.9815056225,8072763.482181647,16.0791541600733,60.79581625002602,6.629467621416123,1.29965216816274,5.8474315341632614,5942050.848875124,0,0,0.02752507471298826,0
28.5616416459094,16.3157092199461,7.69511117828604,0.657634474307199,8.50247391071936,0.571335180094721,1.94243852898546,0.0259853575281097,0.987555835693573,5.55465333842561,29.7426836744048,5.17529071177456,15.6255805423769,23951.6529662028,8401619.97848898,15.6255805423769,64.24634413824829,7.728230337117876,0.987555835693573,6.777072876117218,5953683.563358747,1,1,0.03226661087928757,1
28.5397477613441,20.4541862845282,7.4434430755985,0.645865248932114,8.21753572547014,0.551601347097786,1.85946108411775,0.0101771242873636,0.749502409847706,6.56227721226699,29.2131571169711,5.23996579431979,15.1030267573316,22278.1353527361,8569951.653098688,15.1030267573316,67.71184052708858,8.794261188586399,0.749502409847706,7.719590459402784,5964349.244846493,1,1,0.03580879522718892,1
28.5182592948823,24.5311608221064,7.1770778896287,0.631269846892308,7.91682811830449,0.530972729775626,1.77088452460298,0.00404810339622,0.571136135892987,7.51230962497369,28.6597977624651,5.29758383287763,14.5489202151773,20662.8034101959,8618723.9977142,14.5489202151773,71.0764532261928,9.798184606531311,0.571136135892987,8.64090530296679,5973201.367973779,1,1,0.03828060567648489,1
28.4985676218934,28.471180461141,6.91491533657733,0.615313146893898,7.62137351290008,0.510823081091521,1.68415942137573,0.001660266546657,0.437760715370836,8.39600100999903,28.1021540209397,5.34911184869473,14.0032331304096,19171.8308465261,8583643.516815457,14.0032331304096,74.31633258187296,10.732082059486169,0.437760715370836,9.52938528554321,5979649.320734613,1,2,0.039918000657906384,1
28.4815824564152,32.2014356885684,6.6586406716208,0.597675982539019,7.33324097420967,0.49126192029966,1.60253697654285,0.0007128206403213,0.338463515663268,9.20514694041271,27.5575854832859,5.39510667241215,13.4709084969767,17979.3278381255,8558384.541485379,13.4709084969767,77.36637467019561,11.586122167971576,0.338463515663268,10.367997088118855,5983961.871587086,1,3,0.04120347266354644,2
28.4673240075627,35.7122319430492,6.42784393426805,0.580797663874007,7.07389536830948,0.47371848141576,1.53348672714497,0.0003318187928069,0.263600148826727,9.9547426879799,27.026127865364,5.43704409174055,12.9936276502393,17243.1879965215,8665836.935506465,12.9936276502393,80.26929812562418,12.378314840422346,0.263600148826727,11.16191053441095,5987551.964790744,2,4,0.04286521960644696,4
28.4557135992274,38.8899584934419,6.23033642725931,0.566099236010247,6.85190030466808,0.458764008598124,1.48125570695801,0.0001906710002556,0.208329652954786,10.6552955186741,26.5092040414968,5.47579993234835,12.5891125863126,16714.8658326591,8817511.718268542,12.5891125863126,82.93402777616308,13.118575509152016,0.208329652954786,11.886156037014606,5991057.558809365,2,4,0.04455252550565629,4
28.4466956710879,41.5405267338108,6.06506237850897,0.553904555552337,6.66616259411686,0.446315251885695,1.44555694940211,0.0001504324912578,0.172268831327869,11.3082576036333,26.0128582383779,5.51141911569144,12.2555784421492,16288.0843265887,8966969.811074216,12.2555784421492,85.16422413436466,13.80471038203964,0.172268831327869,12.491955825283856,5994697.79092928,2,4,0.04606053295925212,4
28.4402002693878,43.4778887971054,5.92483017653017,0.543712965779792,6.50888804084532,0.435822543223952,1.42486906727908,0.0001491245785589,0.158487973948897,11.9074114244869,25.5457739764288,5.54322174894587,11.978806109995,15809.7697978028,9026401.938570416,11.978806109995,86.7562118601515,14.425957190614355,0.158487973948897,12.93040376053142,5997571.070603446,2,4,0.04694531343426152,4
28.4361212797515,44.5902233334482,5.79745376368409,0.534267786858922,6.36682175734107,0.426358034637481,1.41713761634712,0.0001660846442432,0.171587374292259,12.4400833503716,25.118394214365,5.57001207854044,11.7346706538618,15130.1786596258,8897481.043337636,11.7346706538618,87.56838357206838,14.965642412073288,0.171587374292259,13.169495783991684,5997517.114391965,2,4,0.046695906545122796,4
28.4342482074293,44.8873788471566,5.67424975114129,0.524558220319103,6.2304956875457,0.417250852805018,1.42044470665093,0.0001915940807009,0.215359947632455,12.8965495648295,24.7366453473638,5.59077900299558,11.5055934141678,14445.8258417817,8689987.400748378,11.5055934141678,87.58862627304792,15.412874441731862,0.215359947632455,13.208668253679303,5993822.172098141,2,4,0.045899574798030515,4
28.4343239211442,44.467174391915,5.55436680649931,0.514454393332187,6.09893723983885,0.408414635013257,1.43349146348117,0.0002150812178228,0.292219154885203,13.2746187422852,24.3994910156936,5.60503275075086,11.2891031413403,13841.2693380698,8464941.571817636,11.2891031413403,86.91116285122396,15.76724909276529,0.292219154885203,13.071801164128452,5986546.056272362,2,4,0.04490414896172661,4
28.4361244087671,43.4606727422075,5.43793065995586,0.503965911439013,5.97217866830962,0.399845745870061,1.4540057615229,0.0002310712794069,0.402843808039218,13.5744072938943,24.1043215179828,5.61258228143405,11.0839644866873,13226.248263716,8178962.764814816,11.0839644866873,85.66472389807207,16.031511271836607,0.402843808039218,12.791146603823222,5975539.8485955335,2,4,0.043504704144428766,4
28.4394244215388,42.0189212500419,5.32184217011187,0.492723885893482,5.84667254148107,0.391310134775737,1.47815784294432,0.0002387166510582,0.544735471992059,13.7966266938616,23.8499108629533,5.6135569365905,10.8818640029085,12476.8179588815,7763976.56164733,10.8818640029085,83.98905224678717,16.20889286237978,0.544735471992059,12.402623603400105,5960177.984976635,1,3,0.04136176155853913,2
28.4439760758552,40.2938440081516,5.20405162311139,0.480481132416964,5.72000036229285,0.382653762387575,1.50254444370228,0.0002393769900423,0.712708864758702,13.945840750621,23.6341259085358,5.60854098073136,10.6767144552202,11723.0154821271,7310394.836919143,10.6767144552202,82.02755140791787,16.306658538406214,0.712708864758702,11.942776955870164,5940487.802638878,1,3,0.038976044293211456,2
28.4495597574721,38.4065110981324,5.08634728768998,0.467479026626926,5.59396155123147,0.374006708928181,1.52558503467768,0.0002357497214792,0.901384667333083,14.0302362525237,23.4527853847952,5.59836140799097,10.4708330723126,11028.187949076,6868515.71431833,10.4708330723126,79.90345046475873,16.335717965283944,0.901384667333083,11.442014789002418,5916899.6789166555,1,3,0.03662882277797114,2
28.456032803834,36.433874299661,4.97322697213837,0.454321614326497,5.47335660837911,0.365700323730877,1.54728356513563,0.0002311159362611,1.10711794357346,14.058524426199,23.3007191875546,5.58375911975663,10.2726838615398,10517.29336941,6524665.010093918,10.2726838615398,77.7037961872055,16.307091997407724,1.10711794357346,10.920907292863365,5891789.106811243,1,3,0.034786686366976856,2
28.4634117126443,34.3977213391377,4.87227734096298,0.442020311209728,5.3664082213695,0.358296944849017,1.56907963049627,0.0002296994365972,1.3306971141742,14.0370539230367,23.1719187344711,5.5650100053195,10.0975133919517,10349.8963460825,6381872.759951558,10.0975133919517,75.4692155006695,16.22886712658824,1.3306971141742,10.387505915831259,5869565.379877005,1,3,0.03399734720152078,2
28.4718096307687,32.297509402774,4.78896815401985,0.431359302442274,5.27903681194971,0.352205539343232,1.59198127843684,0.0002359525207654,1.57504874322521,13.9677851858842,23.06231056374,5.54198667057663,9.95633314632754,10347.8385940699,6329593.504859796,9.95633314632754,73.2128701197346,16.103984184734507,1.57504874322521,9.843558611141917,5851826.0003426485,1,3,0.03366674420830689,2
28.4812866837685,30.1494694686138,4.72352953583948,0.422488392424196,5.21141731499667,0.347448355385519,1.61551338390928,0.0002536155481671,1.84088460338548,13.8504782086739,22.9709957443654,5.51461676911884,9.84932091044155,10393.0013994578,6294262.532440718,9.84932091044155,70.95115313493744,15.932675589878409,1.84088460338548,9.293096647746536,5838710.567170368,1,3,0.03340112164956508,2
28.4918592342616,27.9772640484937,4.67424447636991,0.415300609046922,5.16158882242757,0.343902910103567,1.63868959658658,0.0002869445349439,2.12756826185171,13.6845807845122,22.8983196887484,5.48291759601492,9.77263518159827,10477.4941250173,6270222.003729113,9.77263518159827,68.70284969728985,15.71467708703226,2.12756826185171,8.741302870082231,5828928.239561995,1,3,0.03316946049731809,2
28.5035506278143,25.7989257249429,4.63981554898999,0.409713820944625,5.12805268058873,0.341477111307517,1.66067194792551,0.0003429830923282,2.43484432986873,13.4689845777523,22.8448742880349,5.4468457884602,9.72330177415793,10634.4695662891,6275767.018452887,9.72330177415793,66.48220746251356,15.449099969814313,2.43484432986873,8.192106286630885,5820094.598603304,1,3,0.0330657307875101,2
28.51637347793,23.6304693438091,4.61899501438522,0.405629978301081,5.10936641099173,0.340081550605254,1.68067074253767,0.0004346830712814,2.7624460256887,13.2021972817429,22.8116380854606,5.40633665036668,9.69845399545136,10829.6290097364,6288326.240825849,9.69845399545136,64.30158651856006,15.134619133619333,2.7624460256887,7.648952132478517,5811486.483783107,1,3,0.03296637729934416,2
28.5302810140433,21.4920370357586,4.61016329202493,0.402883763432835,5.10368423555278,0.339597648663529,1.69789526366693,0.0005841320643255,3.10901526784248,12.8834223213561,22.7999756533346,5.36144797275679,9.69450468461949,11040.1311856653,6292944.252385906,9.69450468461949,62.17654225314289,14.770606230105281,3.10901526784248,7.116200943811004,5803058.939202952,1,3,0.03278933350019709,2
28.5452466695785,19.3941337061357,4.61339240700786,0.401489686091612,5.11102303844095,0.340032265996035,1.71201492252965,0.0008289709966962,3.4744309175717,12.5106858547563,22.8113429500757,5.31207316665072,9.71134183730182,11383.2086857362,6353384.669200863,9.71134183730182,60.117332695780306,14.355312895773503,3.4744309175717,6.596412000259154,5795702.2686535055,1,3,0.03285871230119895,2
28.5614014979628,17.3233188736865,4.63352616040598,0.402009135046127,5.13663241472748,0.34175060178731,1.72354975204185,0.0012433170084665,3.86339720816452,12.0761528736428,22.848017736944,5.25739869963427,9.75840212113958,12040.2388198217,6560609.940556677,9.75840212113958,58.122188435658046,13.881394394178315,3.86339720816452,6.087776538951184,5791388.327839184,1,3,0.033617719341650205,2
28.5788147171144,15.2727486743418,4.67662772258517,0.405142903975837,5.18708872240283,0.345212530899389,1.7329219868474,0.0019600076267158,4.28040129969194,11.5699987934897,22.9139295655285,5.19651096124065,9.84736624557886,12844.3558931434,6808450.108629109,9.84736624557886,56.19855725816683,13.339834943504652,4.28040129969194,5.5904742398138225,5790704.554165837,1,3,0.0344805401513879,2
28.597203309437,13.2652523593014,4.74525586511729,0.411183223374365,5.26512770255358,0.350617976979451,1.7398174004993,0.0031731627282194,4.7237172082977,10.9882982795635,23.0135140388149,5.12929994980797,9.98283499702522,13683.6559305153,7028276.497583692,9.98283499702522,54.37445783726238,12.727552018469586,4.7237172082977,5.110888404076378,5793391.908052963,1,3,0.0350691423503704,2
28.6160181409694,11.3310541277044,4.84048953228642,0.420253237113543,5.37187833520153,0.358057948542318,1.74381632605413,0.005136625274928,5.18862263823499,10.3312350421512,23.1508852005062,5.05609999356929,10.1665597070442,14602.6103145819,7236747.004257258,10.1665597070442,52.68156764787174,12.045483526465453,5.18862263823499,4.656789941458021,5798069.184267909,1,3,0.03544159370622418,2
28.6345523118512,9.49315000220494,4.96492895381085,0.432658675821207,5.51015604388104,0.367739513278261,1.74488015026642,0.0081742973342898,5.67068367233506,9.59944163750988,23.3302738452278,4.97721312329809,10.403426002292,15692.0476496057,7469170.503687183,10.403426002292,51.14806565111391,11.29511012887263,5.67068367233506,4.234690582214453,5802462.824324306,1,3,0.03573146123320344,2
28.6518435730541,7.77810409114689,5.12052202105462,0.44866248542741,5.68207922580633,0.379820458802313,1.74298035701327,0.0126358231933127,6.16291968663314,8.7985049012308,23.5551542990832,4.89335974699681,10.697130138255,16837.1705981013,7661196.321845827,10.697130138255,49.80401221230495,10.4828584048183,6.16291968663314,3.8518140537166152,5805485.189509723,1,3,0.03558627980672599,2
28.6667330951541,6.21969667485867,5.30486338963664,0.468089607347051,5.88500969261625,0.394125767073847,1.73764783805334,0.0187445698528466,6.65377365743615,7.94416412129019,23.826221975416,4.80610839658451,11.0429143206422,17966.2781076758,7780766.413850067,11.0429143206422,48.676166064739895,9.624826584436699,6.65377365743615,3.5158067290324206,5806381.233429436,1,3,0.03484301442260143,2
28.6782106528237,4.85317283014887,5.5071104902165,0.489883773284022,6.10706273705799,0.409833783249312,1.727437421812,0.0263491082314055,7.12760070329481,7.06462020608905,24.1391556025514,4.71797266145518,11.4195119291895,18848.5141262992,7743026.664817785,11.4195119291895,47.77271168859239,8.748378763044093,7.12760070329481,3.2319609575456627,5804530.291602346,1,3,0.033166550720872205,2
28.6859244633928,3.70790586655471,5.70302258980044,0.51151914340705,6.32166290631084,0.425097863307045,1.70932271618028,0.0346493726872873,7.56616424887193,6.2007129612978,24.4822285849292,4.63237314869835,11.7793643969563,19248.6753822304,7488244.319406114,11.7793643969563,47.06445554895317,7.891404552885219,7.56616424887193,2.999755454224018,5799486.067515175,0,2,0.030454339863320235,0
28.6906098536329,2.78632164725549,5.86920188735898,0.530482208399798,6.50317881791065,0.438122317194465,1.68084295571381,0.0424963148347814,7.95799987668212,5.38799115941176,24.8411551960252,4.55197368346789,12.0767930150815,19447.1027988881,7165060.637122376,12.0767930150815,46.49875968746609,7.086050962371084,7.95799987668212,2.8122941048021746,5790884.925579981,0,0,0.027492639893770442,0
28.6938097814223,2.06640952359388,5.99793158966074,0.545908904193711,6.6432050913673,0.448291344046409,1.64231008575889,0.0489251897339162,8.30116129537639,4.6464077385192,25.2043798335959,4.47790133619667,12.2974028453469,19558.2202588966,6835383.018092046,12.2974028453469,46.03786632004322,6.350700464148653,8.30116129537639,2.6618551068165957,5778550.689002629,0,0,0.024606306868958854,0
28.6972996274941,1.51734140143824,6.09513963656782,0.558416763776459,6.74832068735806,0.456024899092084,1.59655533310693,0.0533312662035754,8.59883437777247,3.98480573912589,25.5633120810188,4.41033485171247,12.4541226417478,19742.7592641321,6564207.866801299,12.4541226417478,45.66909834883369,5.694495684705505,8.59883437777247,2.5431467528018015,5762677.039657377,0,0,0.02205106464809428,0
28.7026785251914,1.10645711850116,6.17726888748205,0.569820328297673,6.83664079830829,0.462546978603052,1.54831710862075,0.0555341790082221,8.85718117067193,3.40345975611325,25.9128634174652,4.34876579231263,12.5809533317018,20151.6660622921,6400837.059793785,12.5809533317018,45.40372974500438,5.119590182975315,8.85718117067193,2.4539954853720896,5743732.430808913,0,0,0.019949710801786865,0
28.7111053580283,0.805832285469903,6.25757757337136,0.581641327936696,6.92277079885376,0.468853456987889,1.50198789308063,0.055570589195394,9.08142969983745,2.90224741893598,26.2478733990237,4.29280703223875,12.7057042449638,20571.4840470224,6275991.25608695,12.7057042449638,45.249768693728534,4.627393766022525,9.08142969983745,2.3923991976037735,5721884.150912139,0,0,0.018041221290464225,0
28.7230804694213,0.592185490111301,6.33809777148408,0.594125816674761,7.00899546880176,0.475104384331153,1.46007056893122,0.0536533334784219,9.27505464161528,2.48244404187576,26.5614536662965,4.24243646275607,12.8337932925689,20922.4632272242,6169804.60013754,12.8337932925689,45.19165996975558,4.219058310158601,9.27505464161528,2.353737023771266,5697279.893929991,0,0,0.016279820106870783,0
28.7383202331667,0.445267897608073,6.40928320160615,0.606112172535674,7.08490118859469,0.48059517798928,1.42260882430804,0.0502066812777741,9.44064333083893,2.14407509556184,26.8460535795239,4.19781322519416,12.947175193081,20956.9332771662,6013126.970348184,12.947175193081,45.18708869580861,3.892657307521195,9.44064333083893,2.330109211441099,5669940.785307147,0,0,0.014530540848340849,0
28.7557603572208,0.3478204685451,6.44888508240308,0.614820583237476,7.12614452976101,0.483668569307697,1.38655923470538,0.0457775409781007,9.57997868066135,1.88451979010359,27.0943289956449,4.15922543141893,13.0017725616362,20461.0020488983,5746122.023330175,13.0017725616362,45.16365882518054,3.641541069391655,9.57997868066135,2.309825899713684,5639773.028254575,0,0,0.012740519586632606,0
28.774071842457,0.284860767424213,6.4431714282621,0.618298620645071,7.11775195865435,0.483306774448415,1.34939267297087,0.0409731511050591,9.69623789344774,1.69429201134168,27.3039549945357,4.12642976625319,12.9698641999831,19819.0590285682,5472919.712198952,12.9698641999831,45.070854064862026,3.45341758500595,9.69623789344774,2.2843936704142576,5607127.005977592,0,0,0.011192787071824773,0
28.7921720678183,0.244652126179694,6.39863283783585,0.61698024598596,7.06694154694038,0.480010724366697,1.31156137836376,0.0362989235055646,9.79391418157037,1.55977572765859,27.4779035676436,4.09861822846517,12.8638861193609,19180.8439043967,5227499.766196486,12.8638861193609,44.91095092749064,3.3151309898306014,9.79391418157037,2.2528662324657063,5572472.250908774,0,0,0.009921459081420796,0
28.8091574576923,0.219191029381611,6.32647291253854,0.61199033177537,6.98606606501261,0.47463332068188,1.27411427951443,0.0320527854454736,9.8768452477321,1.46856375525446,27.6203129093784,4.07499298976171,12.7056398111027,18495.2529790967,4989748.256108578,12.7056398111027,44.70162539659674,3.2156795085291807,9.8768452477321,2.216802483287297,5536728.711640687,0,0,0.008841939892208493,0
28.8242076415488,0.20324829634607,6.23328916175063,0.604001975770731,6.88238217504669,0.467677356174182,1.23720433853065,0.0283629386344834,9.94786930941203,1.41032517323974,27.7351035703728,4.05491933798698,12.5076774922531,17693.216449127,4735878.397612428,12.5076774922531,44.45201094516776,3.1455503083890166,9.94786930941203,2.17688325807205,5501137.089867982,0,0,0.007882313181135449,0
28.8366734437124,0.193374098764735,6.12456513455966,0.593584385646158,6.76190175320152,0.459557788472131,1.20087414510433,0.0252624055990156,10.0094110692422,1.37617923325406,27.8264046534616,4.0378031425628,12.2803682712269,16891.4083725116,4492949.64389018,12.2803682712269,44.17053074946094,3.096570066421392,10.0094110692422,2.1338763690616593,5466199.879195056,0,0,0.0070631199808444175,0
28.8461221662781,0.187305008237768,6.00750462997155,0.581545572874565,6.63251292333611,0.450816505452673,1.16565786069552,0.0227452631149258,10.0637124221252,1.358680399955,27.8984690209468,4.02305501611405,12.0376542873882,16136.7107822642,4270304.517715183,12.0376542873882,43.871464666846286,3.0623346601819565,10.0637124221252,2.089479721859473,5432142.5955458125,0,0,0.006370448867460657,0
28.8522633672284,0.183592967973492,5.88707296694781,0.568472478952876,6.49963434680132,0.441825534038966,1.13184100332466,0.0207909979807999,10.1125127846464,1.35189472669803,27.9550360901377,4.01018936566927,11.7891003173151,15377.9705150029,4051902.9960006173,11.7891003173151,43.56470266526753,3.037657235618256,10.1125127846464,2.0448755650895296,5399358.610933949,0,0,0.005758292901566182,0
28.854948349505,0.18130812176035,5.76419695845449,0.554495189769121,6.36424355792645,0.432651586747508,1.09909416437602,0.019375593594211,10.1569310429114,1.35110295342727,27.999251126685,3.99885484698542,11.5362444541744,14552.8227908341,3819120.511473629,11.5362444541744,43.25093792853894,3.017960066924756,10.1569310429114,2.000028368963863,5368363.774831998,0,0,0.00518827066472224,0
28.8542186377641,0.179835339363543,5.63953158921343,0.539712631335936,6.22702479273003,0.423340423259034,1.06715939475929,0.0184878930550503,10.1977424615619,1.35260617808631,28.0339506697992,3.98876714563417,11.2801566286104,13745.0140128729,3592507.75478145,11.2801566286104,42.93082280842536,2.9996557279372738,10.1977424615619,1.9549176531469914,5339244.1231294125,0,0,0.0046797518942993,0
28.8502586971339,0.178762993680129,5.51568749216368,0.524465030081391,6.0908191214828,0.41408614076063,1.03624407670734,0.0181467779802486,10.2355764262661,1.35369538045629,28.0616817178839,3.97967204225266,11.0259152345653,12993.4842461633,3381588.9080318315,11.0259152345653,42.61032355200987,2.980473480626143,10.2355764262661,1.910271353899057,5311931.962668012,0,0,0.004234422370869541,0
28.8432951897481,0.177815451874566,5.39659052894029,0.509262118477561,5.95991927901353,0.405183769887708,1.00687119986464,0.0184143521535891,10.2709418358166,1.35252537349631,28.084599837093,3.97134943052914,10.7813035127752,12370.654431385,3205020.60564162,10.7813035127752,42.298937537806395,2.9592310965026734,10.2709418358166,1.8673234698041836,5286294.764910172,0,0,0.0038645162431180896,0
28.833474306075,0.176801742404285,5.28769693637013,0.494806826977213,5.84030486197419,0.397046169976231,0.979893166639532,0.0194281928167742,10.3043518888915,1.34786276012718,28.1045112954825,3.963590115744,10.5572245721923,11958.6294804433,3084035.4162476654,10.5572245721923,42.01002401041658,2.9356105562113166,10.3043518888915,1.827868308021064,5262208.9742904175,0,0,0.0035829821839601828,0
28.8208387658403,0.175583883905348,5.1926231379193,0.481597740767548,5.7359317782401,0.389949151314184,0.955839806954508,0.0214128686602421,10.3360856800293,1.3388259956782,28.1228627372795,3.95624317527035,10.3609036120823,11657.0983347609,2992402.167707023,10.3609036120823,41.752364264941285,2.909364537834624,10.3360856800293,1.793091175565246,5239597.402917883,0,0,0.0033485268270935582,0
28.805427924511,0.174060498753171,5.11137204402927,0.469706395517546,5.64678069672569,0.383896162450625,0.934583408843389,0.0246626098404672,10.365980773,1.3248170814768,28.1408109770796,3.94925120071751,10.192305278187,11408.3923753218,2914786.1221746504,10.192305278187,41.52582713083069,2.8799585355059194,10.365980773,1.7629515852122115,5218366.398908834,0,0,0.003138857585336757,0
28.7873469070024,0.172161206814991,5.04164207646226,0.458921940341007,5.57029790973859,0.378716304429906,0.915588391669938,0.0295195689058343,10.3935155761362,1.30556284550108,28.1593289104031,3.94262883625566,10.0467634082489,11144.3101701819,2833228.868543311,10.0467634082489,41.324674736459095,2.846812048354533,10.3935155761362,1.7366293861318394,5198854.760323958,0,0,0.0029330961349882463,0
28.7668649814034,0.169854141972709,4.97912674765694,0.448784454589838,5.50172584415033,0.374086099937312,0.897975702381239,0.0362929654837439,10.4178574744498,1.28123401034946,28.1791864798826,3.93645730080625,9.91558750278116,10790.0812230731,2728352.062658381,9.91558750278116,41.13841797209177,2.8094662411090243,10.4178574744498,1.7126308078284793,5181808.41823117,0,0,0.002713188518109084,0
28.7443418948449,0.167144200484426,4.92017594316177,0.43889278696997,5.43703325997505,0.36973060507252,0.88101671087623,0.0452302092600691,10.4381702879732,1.25236013283197,28.2009848448207,3.9308278623314,9.79141345782504,10421.9805045373,2619456.4790186775,9.79141345782504,40.95833540138487,2.767911458336925,10.4381702879732,1.689698779326073,5167289.061287657,0,0,0.0025009552043030224,0
28.7200610496899,0.16405907756613,4.86363305589357,0.429124548614081,5.37493609106884,0.365562849007107,0.864460122958895,0.0565840166636411,10.4538115941842,1.21954568434319,28.225247247317,3.92580010746517,9.67189321649324,10084.942595728,2517971.609205583,9.67189321649324,40.78183679479852,2.7225911027743845,10.4538115941842,1.6674364910430666,5155086.65525003,0,0,0.002306899845595318,0
28.6942931898116,0.160649168588719,4.80902778266401,0.41943540389215,5.31490745256718,0.361546884622824,0.848194828079277,0.0705678542946676,10.4642042849078,1.18346686659439,28.2523679841607,3.92143103304796,9.55606591294766,9744.72514943,2415497.087007151,9.55606591294766,40.608054710225765,2.674126163841908,10.4642042849078,1.645690451132152,5144610.872989395,0,0,0.0021223290671802822,0
28.667438747199,0.156992905626508,4.75497724486663,0.409678980546984,5.25541884680135,0.357576422115083,0.83196391589844,0.0871940370243188,10.4688304585882,1.14502742907729,28.2824686444008,3.91779105097342,9.44115430945997,9338.13877634551,2296711.447046275,9.44115430945997,40.434047063053995,2.6232305745819056,10.4688304585882,1.6240085840507938,5134847.408834181,0,0,0.001934634485666831,0
28.6399283770197,0.153180060121212,4.70041501930524,0.399744213236989,5.19529383156777,0.353568275309295,0.815584454161003,0.106293420395124,10.4674107309698,1.1051892146346,28.3154493774207,3.91492918976741,9.32502815550662,8921.08701592288,2175922.3136468558,9.32502815550662,40.257714230721206,2.5707256809018855,10.4674107309698,1.6020537773783061,5125333.2030266095,0,0,0.001757209010862715,0
28.6120471264375,0.149288240581049,4.64572359108412,0.389683035032492,5.13495273104352,0.349548772532816,0.799138176884927,0.127704320706224,10.4599060222503,1.06468252296061,28.3511872359034,3.91285516112134,9.20846565303682,8529.66860517462,2062293.7634667945,9.20846565303682,40.08038167359641,2.517418391773727,10.4599060222503,1.5799799454094758,5115933.046912842,0,0,0.0015967922586034005,0
28.5839790836791,0.145380782941301,4.59180590402717,0.379606654977926,5.07538937411024,0.345583594442059,0.782799360430079,0.151285071485624,10.4463962656507,1.02404629001279,28.3895519033328,3.91155955358403,9.09328870421472,8168.24261562862,1957040.2820639086,9.09328870421472,39.904544754607876,2.4640012335087325,10.4463962656507,1.558114495145754,5106813.916246377,0,0,0.001452845682808652,0
28.5558717307297,0.141508982489178,4.53942956072146,0.369612292361246,5.01744891239877,0.341728208216412,0.766717576593217,0.176869917027656,10.4270361005492,0.983714523699718,28.4303736193405,3.91102484185107,8.98104889801697,7829.71180445993,1858534.5759170034,8.98104889801697,39.73231726350998,2.411040872031524,10.4270361005492,1.5367360990705377,5098427.321218647,0,0,0.0013227924801971834,0
28.5278499182351,0.137712252775859,4.48913641540424,0.359772568857436,4.9617281712761,0.338021174224762,0.751001427503826,0.204265650514735,10.4020415043591,0.944036665134055,28.4734507337954,3.91122712542367,8.8728459707475,7514.17692727463,1766830.6386266442,8.8728459707475,39.565221928277325,2.358984669779496,10.4020415043591,1.5160438831994019,5090904.159530958,0,0,0.001205537420815029,0
28.5000093741641,0.134018202074032,4.44131094487795,0.350142587705226,4.90865065681768,0.334489434686714,0.735729886196693,0.233276660222289,10.3716646816372,0.90527235540225,28.5185806841267,3.91213753011172,8.76946370637078,7221.39709426744,1681843.4590568768,8.76946370637078,39.4043510865224,2.308165168313519,10.3716646816372,1.4961802923160645,5084190.552858946,0,0,0.0010999691623552678,0
28.4724195405567,0.130444274577385,4.39620066997782,0.340761850529724,4.85848891241682,0.331149893915264,0.720955734086198,0.263718256075648,10.3361705830496,0.867601989121645,28.5655765754951,3.91372460153191,8.67141037063425,6952.22653978709,1603696.7245874538,8.67141037063425,39.25042087605991,2.2588135411690793,10.3361705830496,1.4772382755729823,5078069.666797902,0,0,0.0010051872692631231,0
28.445122019612,0.126999517455264,4.35397035045039,0.331659767736731,4.81142405305421,0.328013490221141,0.70671480644341,0.295435795613264,10.2958089786657,0.831133064457875,28.6142873341431,3.91595703351952,8.57902647439529,6708.8483254239,1532776.0603073603,8.57902647439529,39.103904004973145,2.2110736958091675,10.2958089786657,1.4592798617333138,5072153.6206093,0,0,0.0009204903395412141,0
28.4181441814945,0.123687117835246,4.31467665181851,0.322853070477211,4.76751796981542,0.325083255079422,0.693022331682138,0.328293289379156,10.2508119200736,0.795926349832405,28.6645879702538,3.91880490723962,8.4924347881891,6486.55443764737,1467864.3805765945,8.4924347881891,38.96498457820245,2.165025259385124,10.2508119200736,1.4423284650908195,5066245.044359362,0,0,0.0008442878675361211,0
28.3915153112734,0.120506625459674,4.27824636223398,0.31434374305932,4.72668962567191,0.322352679321323,0.679870234933118,0.362148680521068,10.2014127699115,0.762022416882271,28.7163559532615,3.92223863405626,8.41149795946475,6281.46108180378,1407955.5992052525,8.41149795946475,38.833524581952716,2.1207076550223456,10.2014127699115,1.4263624763128095,5060279.344417562,0,0,0.0007753109199660574,0
28.3651604437735,0.11745115253552,4.2449576391491,0.306167485453936,4.68924312432443,0.319841566078991,0.66730454895088,0.397077548531622,10.1476200302189,0.729322726738124,28.7696844803891,3.92624647281318,8.33677143850058,6140.57352454105,1363359.6767273238,8.33677143850058,38.71012596026635,2.0780664524805803,10.1476200302189,1.4114741845488534,5054475.216807035,0,0,0.0007182556892564776,0
28.3386954298347,0.114502956446212,4.21613730787253,0.298462354482328,4.65663079214825,0.317647164359211,0.655534157426262,0.433853338936425,10.0886379494485,0.697380664417948,28.8253552559644,3.93088610115718,8.27087837665002,6151.80547412593,1352948.2575950231,8.27087837665002,38.59761016256949,2.0368359773559845,10.0886379494485,1.398098113936891,5049448.308903918,0,0,0.0006808130604793527,0
28.3116400569694,0.111644630008569,4.19313320882409,0.291365879885883,4.63032375413638,0.315866613717374,0.644766213846128,0.47357034913499,10.0231091920256,0.665688840578318,28.8845070253287,3.93627471861948,8.21647312521947,6257.10828081031,1363028.1171169616,8.21647312521947,38.49874035738782,1.996687458816367,10.0231091920256,1.386672641264586,5045493.673369592,0,0,0.0006532835285005322,0
28.2837549212845,0.10886979176056,4.17621097674508,0.28490643406265,4.61060424181353,0.314515431844514,0.635036186438281,0.516896879279015,9.94992581234598,0.634052867152472,28.9479259259837,3.94252090117623,8.17406628662647,6397.97409721052,1380296.3635974703,8.17406628662647,38.413897983949106,1.9574583370889866,9.94992581234598,1.377279904277957,5042642.779099821,0,0,0.0006278191290115565,0
28.2547944182194,0.10617397980029,4.16569425726731,0.279114622598606,4.59781771688981,0.313612475823012,0.626390652029783,0.564585958499794,9.8677089449505,0.602299914554182,29.0165437509619,3.9497644415644,8.14428042622731,6636.0867209563,1417598.6162158607,8.14428042622731,38.34359812262821,1.9190124592533362,9.8677089449505,1.3700209448905232,5040778.602060211,0,0,0.0006090730739546032,0
28.2240273883923,0.103544218100834,4.16371679046396,0.274186912837334,4.59429114610613,0.313307683690397,0.619160181955718,0.61866637918518,9.77321750411345,0.569811828346414,29.0926653534784,3.95832456582803,8.13129804524361,7128.45888219026,1507298.8915251573,8.13129804524361,38.29223432154668,1.880996415830324,9.77321750411345,1.3655873554375582,5039709.717784676,0,0,0.0006074882815820654,0
28.1905882696086,0.100970624087314,4.17320817405896,0.270379878048223,4.60322117271606,0.313806233409618,0.613800862702148,0.681747337531694,9.66188135449322,0.535947704597553,29.1793928718447,3.96866524923915,8.14085408638744,7778.84579804052,1627257.6150113258,8.14085408638744,38.26597521463093,1.8431252564345735,9.66188135449322,1.3649281273642844,5039353.787703951,0,0,0.0006089424288131692,0
28.1540975879677,0.0984574482241364,4.19616603754125,0.267841010070029,4.62678632900662,0.315243740718088,0.610626252924527,0.755481318349808,9.52973860020227,0.500634138711513,29.2791390636945,3.98121492786603,8.17683507221573,8486.13573395577,1755137.790338222,8.17683507221573,38.269218406452346,1.8055500665769497,9.52973860020227,1.3686855687828658,5039689.727649133,0,0,0.0006018528604009678,0
28.1142082800662,0.0960104163685831,4.23556224964982,0.266777511907247,4.66823719746497,0.317826791835408,0.610098885042056,0.841653782422023,9.37201790320098,0.463881709197849,29.3947791553771,3.99649421067083,8.24502446665526,9372.43193958378,1915096.2908643303,8.24502446665526,38.30872133233429,1.7686110565227255,9.37201790320098,1.3778144431677175,5040462.645392602,0,0,0.0005914498975749849,0
28.0698206062993,0.0936251449045097,4.29943199438379,0.267791071938211,4.73637547640662,0.322129566090498,0.613452526982566,0.944491190887736,9.17931257693008,0.425135730082869,29.5323180748398,4.01549914913879,8.36110614115,10712.5283641383,2160589.357114438,8.36110614115,38.40262638700549,1.7326771461146508,9.17931257693008,1.3949042951910076,5040973.777761986,0,0,0.0005855048815173702,0
28.0199333542688,0.0913002165618258,4.39975446809042,0.271727003820955,4.84433437299,0.329014935539118,0.622499126521258,1.06874605513731,8.93960154739012,0.384080178298508,29.6992407565854,4.039524340213,8.54842340740235,12304.5018567632,2447150.0217699064,8.54842340740235,38.57856347779238,1.6987821585055762,8.93960154739012,1.4238019451572816,5040838.499721282,0,0,0.0005589921481531486,0
27.964827680422,0.0890445979702888,4.54761097614134,0.279242345544422,5.00427844648092,0.339289261941162,0.638855167134201,1.21638401507271,8.64369420885044,0.341439415801231,29.9008064993579,4.06961314308379,8.82846194797411,13974.0658764281,2738326.834676949,8.82846194797411,38.86314847563434,1.668823365293151,8.64369420885044,1.468028997256623,5058587.268200961,0,0,0.0004962013500069361,0
27.9054585725102,0.0868627872564103,4.75436853010671,0.290920103423929,5.22869330163065,0.353791171997485,0.664103572866604,1.38835579683645,8.28330460161121,0.298216981499399,30.1415375956824,4.1067349821202,9.22316501209663,15887.5884230718,3065895.718107837,9.22316501209663,39.28419803979199,1.644945673441919,8.28330460161121,1.5311609733638747,5057134.030888063,0,0,0.0003979026022061333,0
27.8429279659338,0.0847481564648658,5.03799748185406,0.30775046401573,5.53731019895928,0.37385653888843,0.70073561408498,1.58702475920085,7.84707900440118,0.25512156839117,30.4277030009329,4.15220437015107,9.76727010631044,18332.24516854,3483488.125280688,9.76727010631044,39.88532642020115,1.6297113547652777,7.84707900440118,1.6188621960646676,5055584.6199559225,0,0,0.00025905358981927857,0
27.7801380849345,0.0826990786950557,5.4166863499384,0.330662139357679,5.95010922304605,0.400867423685609,0.751196972257627,1.81160434867853,7.32993361168602,0.213413653172809,30.7608942385812,4.20672739360799,10.4958710499812,20963.9526995963,3925803.400368318,10.4958710499812,40.71235927191492,1.6262449231815088,7.32993361168602,1.7368402368807199,5053958.382823465,0,0,6.351598559821024e-05,0
27.7228802584929,0.0807366266556221,5.89097448347485,0.359406776385763,6.46770872355864,0.434956854063819,0.815360919023249,2.05285638098281,6.74634995248244,0.175244033101034,31.1296524491404,4.26897001482048,11.4097876833852,23569.2249758086,4358557.092057031,11.4097876833852,41.77202464165484,1.6366769072513387,6.74634995248244,1.8851819449888592,5052042.508965298,0,0,0.0,0
27.6791605649598,0.0789219491150861,6.41650259412771,0.391002331435075,7.04144241234209,0.473000035164698,0.886792364239602,2.28892285202744,6.14141931975582,0.143535197655831,31.5037337649912,4.33427187645125,12.4228871206997,25344.4141270328,4640617.281001965,12.4228871206997,42.96682225138406,1.6591950801186706,6.14141931975582,2.04976507683921,5048770.925124952,0,0,0.0,0
27.656057124881,0.0773565420943202,6.88251652121346,0.418542033117014,7.54977272754779,0.506972404726065,0.949750290813599,2.48555104159852,5.58950950474876,0.121775263782497,31.8372952880216,4.39461362985731,13.3204902388305,25610.0536550052,4649115.503740346,13.3204902388305,44.04096764439324,1.685560050347403,5.58950950474876,2.1954685911129483,5042192.082008582,0,0,0.0,0
27.6553293097027,0.0761352256502796,7.19680525709558,0.43674620442805,7.89154141871002,0.530122450721579,0.991267584014968,2.61311103754439,5.15215085918834,0.113207488276725,32.0955987008966,4.44312370166324,13.9242617262031,25361.26118123,4565556.652877417,13.9242617262031,44.777947450323175,1.7095505050441957,5.15215085918834,2.293194591812293,5030917.8988006,0,0,0.0,0
27.6746599698829,0.0753262985011673,7.35760546573407,0.44633912199914,8.06486453046078,0.542296778973207,1.01130690440732,2.65454909607026,4.85807111887555,0.121889641361595,32.2647324618912,4.4764360192926,14.2315604482488,24918.6839570813,4459773.355259677,14.2315604482488,45.17239906995859,1.7357170079510338,4.85807111887555,2.3426640443085773,5013360.693552677,0,0,0.0,0
27.7102926893926,0.0749841079161386,7.40176430754004,0.450299959144315,8.11016864440169,0.54617132551196,1.01530382201591,2.60295954109146,4.71502576058554,0.153820170306462,32.3420271700445,4.49355912131281,14.3144370900977,24291.4996452258,4349045.445569747,14.3144370900977,45.30898485592265,1.7745325683771842,4.71502576058554,2.3557990889089124,4988817.281868318,0,0,0.0,0
27.7580307174425,0.0751473444700086,7.36416336199955,0.451034468460608,8.06565155954148,0.544265883895639,1.00838963199417,2.46353319103934,4.71388187846637,0.216097371778595,32.3326152598855,4.49547981865089,14.2407024127742,23479.3598350051,4242310.791922498,14.2407024127742,45.26668296780395,1.8369379707201705,4.71388187846637,2.343756080581851,4958163.520583048,0,0,0.0,0
27.8138864343666,0.0758326822892513,7.27085804710108,0.449958117211904,7.95984424954677,0.538430393991181,0.994344760642323,2.25318312686418,4.83246378697178,0.315030974873861,32.2475689672946,4.48471192927598,14.0606611176674,22565.1193555266,4154936.25401248,14.0606611176674,45.10315468514911,1.9317435953607807,4.83246378697178,2.3147501628367517,4921812.023380826,0,0,0.0,0
27.8745150500371,0.0770393717685918,7.1417628102507,0.447863779493559,7.81462448544508,0.530042532841333,0.975944493518348,1.9958560934592,5.04224338334154,0.454368812080772,32.101217300256,4.46448928022518,13.8125081857546,21604.1249589105,4091591.49987306,13.8125081857546,44.861792523354715,2.064339635154352,5.04224338334154,2.274966435530633,4880341.481898445,0,0,0.0,0
27.9371188964765,0.0787526646645327,6.9884223928541,0.444901652792092,7.64277364354359,0.519849482270413,0.954673404829427,1.71747214335174,5.31368689522137,0.633695859745052,31.9093380198032,4.43809948623809,13.5181219284741,20519.8726107625,4026905.1913427687,13.5181219284741,44.56649213743066,2.234959094417824,5.31368689522137,2.2278917814121453,4834771.536199005,0,0,0.0,0
27.9991917581504,0.0809298810833823,6.81369945640301,0.440565012877851,7.4476136710622,0.507961543797972,0.930709050643632,1.44199366180833,5.61879927191492,0.847209188563963,31.6885892310147,4.4085503275506,13.1824757856545,19245.9185116552,3930873.509647148,13.1824757856545,44.22067037401845,2.4374157809249306,5.61879927191492,2.174219104556183,4786447.805538052,0,0,0.0,0
28.0588843380123,0.0835063068544171,6.62229524957877,0.434554031054241,7.23446639327423,0.494658119687472,0.904509999714979,1.18670811026318,5.93516544677006,1.0856688575202,31.4539510298978,4.37815209321069,12.8142041732251,17985.3115604969,3829343.603744374,12.8142041732251,43.83287443817642,2.662387196859242,5.93516544677006,2.115251022392801,4736558.426434199,0,0,0.0,0
28.1152327396076,0.0864219254216399,6.42438837686453,0.427222716465145,7.01457432414808,0.480665865409195,0.877422272247427,0.960586551429716,6.24858543250058,1.33979628610115,31.2162440236229,4.34829368387204,12.4328218382959,16819.7726540152,3732778.100754319,12.4328218382959,43.42592822016361,2.901410088586595,6.24858543250058,2.0541235266867774,4686028.578350229,0,0,0.0,0
28.1679157703034,0.0896349588668302,6.23125511913167,0.419277136845569,6.80030160863543,0.466822376050226,0.851041384042935,0.766373382685695,6.55185444018355,1.6019236388398,30.98215869947,4.31961380443342,12.0601931100472,15852.0232935409,3663319.0661225975,12.0601931100472,43.02624835387606,3.148024678899374,6.55185444018355,1.994406058735676,4635038.312981867,0,0,0.0,0
28.2171600551303,0.0931392259609387,6.05442604734052,0.411684822257231,6.60421958352455,0.454000896500631,0.82707992733853,0.602744685240239,6.8435733370355,1.86734355458482,30.7544414159225,4.29216053112542,11.718858341469,15175.5208166507,3647963.2107843347,11.718858341469,42.661710558052704,3.3989967274833286,6.8435733370355,1.939825105748196,4582768.795016011,0,0,0.0,0
28.2632464552429,0.0969382702009097,5.90038382143211,0.405136875915604,6.43335287533016,0.442705574111387,0.806541061872751,0.467083316887079,7.12461215026988,2.13250220555417,30.5343144594634,4.26574755023731,11.421597298523,14655.5409085755,3660584.492896361,11.421597298523,42.34830493410581,3.651737490291219,7.12461215026988,1.892516674131417,4529050.8030850515,0,0,0.0,0
28.3061924932728,0.101008735047981,5.76899026037957,0.399777418298496,6.28749993424546,0.43295170354183,0.789424061081753,0.356713027321093,7.39553876046329,2.39298718678666,30.3234285528142,4.24020189583281,11.1682455015899,14226.2913430096,3686620.59021089,11.1682455015899,42.08584460586789,3.9019569395475053,7.39553876046329,1.8524679490764995,4474047.165367725,0,0,0.0,0
28.3460502366155,0.105321834869152,5.65942835742458,0.395682278365608,6.16571516596767,0.424706892919638,0.775608755206029,0.268505115511415,7.65792564887994,2.64501718881867,30.1227709646752,4.21524660248699,10.9572916098707,13957.7396458392,3746009.5096768807,10.9572916098707,41.87251352136817,4.145900538029422,7.65792564887994,1.8194381155501578,4419043.077566751,0,0,2.5521270930548197e-05,0
28.3830925472294,0.109871098337434,5.57392962324549,0.393227422502447,6.07035792871938,0.418166192866033,0.765441590986154,0.199011926419339,7.91550429938134,2.88664175623093,29.9318414736854,4.19038819946453,10.7932051306748,13949.7660521614,3871147.753442304,10.7932051306748,41.71408640388634,4.382079061012436,7.91550429938134,1.7941867441014308,4366685.439130341,0,0,6.821069576335605e-05,0
28.4174727996572,0.11463061586406,5.5140305390742,0.392749036386771,6.00301831403895,0.413473897234201,0.759161935334003,0.145188825039361,8.17206281556978,3.11536540158796,29.7505078164993,4.16510237173365,10.6790997746539,14071.7454296947,4031545.634804266,10.6790997746539,41.61453713758938,4.60838247431875,8.17206281556978,1.7772453667823536,4318160.004068423,0,0,0.0001099158022193471,0
28.4490325725624,0.119513962301257,5.47772032643693,0.394220317848805,5.96142860131447,0.410511500439572,0.756436637225391,0.104489538318012,8.42967304919656,3.3263759447431,29.5803292236835,4.13900459830574,10.6110925884248,14251.4210079848,4207298.967116488,10.6110925884248,41.56886391812883,4.819863701304939,8.42967304919656,1.7679602200027853,4273809.560269454,0,0,0.00015094688992772716,0
28.4774501948761,0.12437798620544,5.45979346519692,0.397240985915579,5.93986146164196,0.408920781336467,0.756405108617277,0.0746061384374127,8.68871623647755,3.51315953001954,29.4241541407397,4.11187046355716,10.5789679891924,14369.541931731,4359997.149073151,10.5789679891924,41.56404998378975,5.009367043951614,8.68871623647755,1.7645978338972665,4234028.66843881,0,0,0.00018983548674928957,0
28.5023560034447,0.12902708077696,5.45070749039753,0.400887863684806,5.92790961119667,0.408014010914746,0.757506540677274,0.0534223762734137,8.94721473528638,3.66832649509601,29.2857944435856,4.0837491121932,10.5639225557281,14297.6571872675,4442986.480917769,10.5639225557281,41.57640860109269,5.168164329968231,8.94721473528638,1.7639676735568404,4199435.021764544,0,0,0.00022343120505059137,0
28.5236947597852,0.133279606656877,5.44225609242845,0.404287489812334,5.9166473142412,0.40719314639208,0.75837680496902,0.0389650243312142,9.2030247195898,3.78650467266508,29.1679880191962,4.05477673593394,10.5497291092088,14176.3819971874,4492950.502889323,10.5497291092088,41.585735214285165,5.289668496726345,9.2030247195898,1.763301745205832,4170086.6432850673,0,0,0.0002523107825778704,0
28.5418179006873,0.137005432059933,5.43175258674973,0.407103805378064,5.90314979019786,0.406263446140796,0.758519522432918,0.0295722062130441,9.4555599302198,3.86522519357357,29.0715539323456,4.0249851489667,10.5310062844851,14073.6010814676,4529670.88141816,10.5310062844851,41.5856124836466,5.370977499909021,9.4555599302198,1.7616518438769615,4145723.6762756906,0,0,0.000277123676231727,0
28.557269536692,0.140102848061814,5.4202581960174,0.409403911456607,5.88855484761751,0.405305517867993,0.758034918958911,0.0240718151826548,9.70484918413441,3.90359321205456,28.9962985696104,3.99438089671778,10.5097606244673,14039.6205150431,4569971.481304069,10.5097606244673,41.57892977667225,5.411325806923053,9.70484918413441,1.7593126053018204,4125362.285350796,0,0,0.00029862433052618985,0
28.57066968257,0.142483557211027,5.41146211366456,0.411559648854467,5.87683732606707,0.404595502514363,0.757439291274317,0.0218271866545108,9.9512438210403,3.90147274737245,28.9414807304068,3.96295918838866,10.4931858324731,14121.2272229539,4630665.732697732,10.4931858324731,41.575047122155794,5.411119005795188,9.9512438210403,1.7574513890831964,4107120.545483568,0,0,0.00031756801819536834,0
28.5825906941329,0.144052887287803,5.40856377724864,0.413925496319928,5.87143029603577,0.404374395024145,0.757180217612782,0.0227443324867295,10.1941897851514,3.85906706245219,28.9062948043096,3.93084839724705,10.4875330949086,14245.1704186973,4688726.982510269,10.4875330949086,41.58211776366196,5.371059385710413,10.1941897851514,1.7570811248966531,4090028.185875761,0,0,0.00033169148012492805,0
28.59349497689,0.144714872969366,5.41211982402691,0.416594083603145,5.87290340124321,0.404687459917351,0.757307190535831,0.0272292838807379,10.4313702668533,3.77747892541089,28.8898145128235,3.89843460273236,10.4938741986242,14369.6770811433,4730371.010987489,10.4938741986242,41.60182180918581,5.29237344899249,10.4313702668533,1.758353791033298,4073737.649193957,0,0,0.0003389354980086721,0
28.603760136376,0.144401231065553,5.4225177131067,0.419632794687025,5.88164411442479,0.405569655560701,0.757845151530147,0.0361757496201351,10.6599309471779,3.65886219044421,28.8906716246132,3.86620850846721,10.5129465988099,14558.9787863619,4776837.031526863,10.5129465988099,41.63537079675092,5.177305380599246,10.6599309471779,1.7613720583867414,4058181.5557335163,0,0,0.00033967472959759646,0
28.6136822962872,0.143086840265403,5.44271031090165,0.423366295414576,5.90081093493089,0.407250274787804,0.759197711502139,0.051083229323414,10.8774619489827,3.50548868270644,28.9072807672777,3.83461378761326,10.5505092868393,14904.6174181368,4858268.788003923,10.5505092868393,41.69010466408967,5.028579578806735,10.8774619489827,1.7670828358007866,4043415.9491663394,0,0,0.0003347240799838491,0
28.6233851008812,0.140807507291446,5.47532003594207,0.428088661536694,5.93320687891389,0.409932458930316,0.761720079219755,0.0740583694107682,11.0804230148854,3.32015878706586,28.9380577493093,3.80425553965472,10.6116768404553,15294.3624830509,4937551.572110548,10.6116768404553,41.77246072271537,4.849400480437275,11.0804230148854,1.776341708131746,4029345.379700555,0,0,0.00031990364852344617,0
28.6327590218856,0.13769473100083,5.51943746669156,0.433723321422134,5.97783797948704,0.413547692782339,0.765268828010996,0.107493493162348,11.2633847313192,3.10755165229333,28.9811119992748,3.77602435574647,10.6946643632854,15670.3949767204,4995896.409125264,10.6946643632854,41.880269041280506,4.644330662240192,11.2633847313192,1.7888850481702274,4015834.46466659,0,0,0.0002928119271510933,0
28.6415183316731,0.133970679304301,5.57377193855683,0.440136190745964,6.03332138956633,0.417989278200874,0.769680581169092,0.153879175174636,11.4208797119388,2.8733961745765,29.0342721473624,3.75083295018224,10.7969603735796,16093.5227291724,5053189.856324313,10.7969603735796,42.010388389216494,4.4189076940040914,11.4208797119388,1.8043547047679145,4002290.7686991263,0,0,0.00025388596627740187,0
28.6492455053328,0.129901747989578,5.6399575661091,0.447483844696193,6.10144410222329,0.423359577053341,0.775253413892681,0.215844815755061,11.54840415845,2.6230675395232,29.0954469835766,3.72945329260359,10.9217925321356,16649.4192587281,5136391.354910493,10.9217925321356,42.16664575729698,4.17872473930668,11.54840415845,1.8233595296003846,3987455.1584319784,0,0,0.00020331365755289792,0
28.655354716904,0.125764162299898,5.71970853252676,0.455948700255942,6.18408656434912,0.429756304811203,0.782343692127631,0.295563442030536,11.641801298797,2.36248155123732,29.1624565693299,3.7126120005363,11.0725830796202,17240.2794305052,5215311.870575428,11.0725830796202,42.35296267327456,3.929938076213459,11.641801298797,1.8465511247351893,3970859.9684522524,0,0,0.00013870326122555882,0
28.6591123173048,0.121812976047787,5.81154356761232,0.465417417946925,6.27969011685052,0.437030737926635,0.790903862857023,0.393626524442583,11.6977784610387,2.09899711760456,29.2327223134943,3.70093291641466,11.2465659761374,17818.4385448735,5277374.100015212,11.2465659761374,42.565510996546,3.6797113740491563,11.6977784610387,1.8735612835545392,3952621.4018109143,0,0,6.02252232074365e-05,0
28.6597468990807,0.118238983363482,5.91386133965734,0.475790850260577,6.38656653089156,0.445026609536969,0.800904555814442,0.508840722532301,11.7153500676327,1.83981242153686,29.3036112351987,3.69471286598452,11.4407828978429,18445.4944244894,5343562.321347109,11.4407828978429,42.800135768605074,3.435051758401649,11.7153500676327,1.903981928541898,3932900.7280306,0,0,0.0,0
28.6565044823033,0.11515574785767,6.02826845401665,0.487320289929352,6.50647473742694,0.453835705811419,0.812780300013642,0.6385011569905,11.6960596733076,1.59080288410124,29.3727513582774,3.69387288002389,11.6585588450952,19196.3320165168,5437910.270185633,11.6585588450952,43.06033971735898,3.202123237056959,11.6960596733076,1.9384298803947155,3911741.767264959,0,0,0.0,0
28.6486944413809,0.112620369719564,6.15606802524371,0.500264485114856,6.6408324596497,0.463538665070057,0.826917520081505,0.777624008647266,11.6439060716304,1.35757208042959,29.4377331620232,3.69798429498242,11.9026497176144,19964.5838993982,5533232.842225286,11.9026497176144,43.34893596626029,2.986809789925725,11.6439060716304,1.9774176020128953,3889575.481018912,0,0,0.0,0
28.6358345562623,0.110648719756173,6.29444343034904,0.514490773670877,6.78660718688904,0.473922882674991,0.843093355340884,0.918440203100901,11.5657993360569,1.14578059057902,29.4959810128007,3.70620981948773,12.1677797477694,20699.3473070509,5620444.724271476,12.1677797477694,43.65904090494331,2.7944933358754036,11.5657993360569,2.020118261084893,3867072.1300858017,0,0,0.0,0
28.6179243933939,0.109221739657795,6.43038168243074,0.528844051912514,6.92977943869421,0.484029938993651,0.859590605370635,1.05037224198498,11.4718974562434,0.961130879371572,29.5447688180404,3.7172524480268,12.4287695184664,21087.219976128,5620504.612099094,12.4287695184664,43.95977185045344,2.629166053761916,11.4718974562434,2.0623984439960314,3844962.525369982,0,0,0.0,0
28.5958256358338,0.108280731443003,6.53451823429242,0.54046592302479,7.03873558549858,0.491693479206427,0.872282790478762,1.16137759585021,11.3749941236107,0.808637036901728,29.5815971278991,3.72941844959654,12.6284776994405,20839.1266608965,5462597.218054164,12.6284776994405,44.181802379777785,2.49178177134666,11.3749941236107,2.0948103903092155,3823862.0347308996,0,0,0.0,0
28.570967244873,0.107732539481829,6.58549782184064,0.547140824359526,7.09050297846885,0.495350098248911,0.878045526200997,1.24362752152382,11.2861774815892,0.688883462967854,29.6054309785789,3.74117358176652,12.7251995212272,20391.4321534705,5265157.717033139,12.7251995212272,44.27523703347375,2.379872316668057,11.2861774815892,2.1104150196316533,3804071.3793133027,0,0,0.0,0
28.5447597643596,0.107486118880965,6.58689572914886,0.549085083254602,7.08894046947689,0.495296288408472,0.877229313792988,1.29507515994324,11.2120364230502,0.598519972712004,29.6164865310341,3.75155956671902,12.7257409863107,19907.1134918769,5071482.817534117,12.7257409863107,44.24969276732238,2.2905072596943614,11.2120364230502,2.110279997019912,3785697.4188908245,0,0,0.0,0
28.51849428462,0.107476208381907,6.5556906174558,0.547903815644134,7.05231290555955,0.492825589208327,0.872105747415379,1.31679106485337,11.1557235650654,0.533235632083669,29.6152725298507,3.76009515892898,12.6630612787773,19553.9393835109,4925280.717601889,12.6630612787773,44.1468091682851,2.2217324285155384,11.1557235650654,2.0998111817086595,3768625.2610866637,0,0,0.0,0
28.4932818125453,0.107672254312052,6.51505069989141,0.545903417739334,7.00551731871583,0.489689435670899,0.865875215896535,1.31125336809282,11.1182438667025,0.488923723136755,29.6020780776887,3.76662175281656,12.5822459408914,19479.489489953,4864517.26737789,12.5822459408914,44.02299015477136,2.172742794104279,11.1182438667025,2.0864427711779974,3752621.9299156647,0,0,0.0,0
28.4703435533125,0.108066929547789,6.48086302728022,0.544742912092472,6.96560201700006,0.487089680903981,0.860763397408234,1.28102720548082,11.0999588554351,0.462506034411193,29.5768707791926,3.77109064536759,12.5142667485071,19469.8864988548,4835938.585747551,12.5142667485071,43.91747151754525,2.142807738554998,11.0999588554351,2.0752971323318885,3737621.3812662964,0,0,0.0,0
28.4511395653789,0.108656969082306,6.45620769128639,0.544791410125136,6.93585516890877,0.48526269966001,0.857201909304901,1.22908316816859,11.1007918021898,0.451588196262932,29.5398068192572,3.7735021708645,12.4651515343765,19444.5000209122,4818621.391895069,12.4651515343765,43.839115413746406,2.130067278055711,11.1007918021898,2.0673756437128072,3723546.5561804376,0,0,0.0,0
28.4371267839008,0.109433878835902,6.43644139390284,0.545571453342821,6.91129153618164,0.48385788894811,0.854519892418631,1.15936463609866,11.1198001653118,0.453817006076398,29.4916795063484,3.77394241633621,12.4258398312421,19306.0753616963,4785909.7281657355,12.4258398312421,43.77824282753074,2.13154294518609,11.1198001653118,2.0611752760808084,3710763.043241037,0,0,0.0,0
28.4295054482596,0.110374839678757,6.41173741309289,0.545993100365502,6.88139506198602,0.4821277337812,0.851291865013758,1.07682935914893,11.1549710544997,0.466611773707028,29.4342522312908,3.77259354045835,12.3771199082337,18971.7065388396,4712941.150579434,12.3771199082337,43.71242546217773,2.1432029487587307,11.1549710544997,2.05349935699069,3700000.742483216,0,0,0.0,0
28.4289498599304,0.111450625617028,6.37542665725373,0.545224142638993,6.83906423043037,0.479556473081899,0.846521761224912,0.986761905147122,11.2034899957323,0.487238141422115,29.3698977152407,3.76971864564351,12.3058913158735,18592.7955699921,4633220.514078021,12.3058913158735,43.62619375017733,2.161240651432733,11.2034899957323,2.042151458953557,3691253.8758361232,0,0,0.0,0
28.4356507637707,0.112637756471803,6.328602449408,0.543243909263447,6.78552241732834,0.476210337776783,0.840320908875662,0.893868277050018,11.2624543971559,0.513158372601531,29.3009333781167,3.76559940870298,12.2141898555603,18233.9832181037,4560772.236720636,12.2141898555603,43.52218854289473,2.1831615945085616,11.2624543971559,2.0274427591493938,3684308.797404083,0,0,0.0,0
28.4494524941478,0.113911299199032,6.27342786239014,0.540187151008226,6.72312905407796,0.472237099642541,0.832966286711535,0.802220781943492,11.3290064187613,0.542041234091806,29.2296380894552,3.76051411572254,12.1061688099689,17828.2067012394,4477262.846608384,12.1061688099689,43.40531124717723,2.206862246840435,11.3290064187613,2.010041073851183,3678970.4077217896,0,0,0.0,0
28.4698187438585,0.115234828110849,6.20862047219301,0.535845005434539,6.65054859771983,0.467527637868194,0.824244615017404,0.715365925409928,11.4001637720819,0.571638497102515,29.1583625921087,3.75475427421104,11.9792776366956,17296.4979994424,4360546.69852348,11.9792776366956,43.27183990020233,2.2298238421151724,11.4001637720819,1.9895037540255955,3675060.7025229465,0,0,0.0,0
28.4959299558284,0.116568178040839,6.1339143335978,0.530108943004268,6.56752903619376,0.462052793123327,0.814075923122847,0.635928555095531,11.4732229673643,0.59999714438518,29.0890264233237,3.74859730004482,11.8329338129685,16757.6773203146,4238827.716129204,11.8329338129685,43.12017916291124,2.249956846961773,11.4732229673643,1.9657105633224619,3672413.59910877,0,0,0.0,0
28.5269400832927,0.11787575681746,6.05293912179113,0.523301551222706,6.47797116200503,0.456080541529985,0.802934101110869,0.565475491911196,11.5461681571238,0.625646102670958,29.0227759781579,3.74226846207101,11.6741496112858,16259.4371464687,4123960.132371445,11.6741496112858,42.95804231776989,2.266241298313519,11.5461681571238,1.939801062078595,3670889.1784281055,0,0,0.0,0
28.5620927021046,0.119123150257973,5.9708274310285,0.515941406779884,6.3873626231397,0.449995386851575,0.791514250132296,0.504855461555781,11.6175525858937,0.647508024831716,28.960196572853,3.73594473830834,11.5128819702977,15846.6341452768,4027805.1863639676,11.5128819702977,42.796856950294526,2.2783072123429617,11.6175525858937,1.913406759087886,3670638.159577724,0,0,0.0,0
28.6008124567598,0.120277183464582,5.89341849345276,0.508657258505987,6.30192599228698,0.444237555907044,0.780620822444706,0.454474262909407,11.6864154024688,0.664820264675733,28.9014410806876,3.72975920855221,11.3604797653512,15560.9497575399,3961803.088348607,11.3604797653512,42.64994976282186,2.2862400899232576,11.6864154024688,1.8883940157395502,3672124.436420171,0,0,0.0,0
28.6426051946401,0.121299207308993,5.824532464548,0.501888951395728,6.22571162578741,0.439096831878191,0.770778315311688,0.414614765437398,11.751925667841,0.676986023742046,28.8465630632602,3.72383190724989,11.2243709330525,15335.3216287957,3909379.3052401682,11.2243709330525,42.52591259087011,2.2900196031421602,11.751925667841,1.8659819974609568,3675425.1817374504,0,0,0.0,0
28.6869144211173,0.122142599743676,5.76471206144472,0.495731171357229,6.15926436649852,0.434617076131957,0.762046288702348,0.385544019935785,11.8131303109914,0.683542856013377,28.7957197936832,3.71829350008511,11.1056006659291,15137.2107866053,3862092.0784531096,11.1056006659291,42.42542798499575,2.2892784917473694,11.8131303109914,1.846331820981776,3680430.4230960044,0,0,0.0,0
28.7329725819596,0.122755870341353,5.71057468122814,0.489851181965297,6.09894398955479,0.430546889833448,0.753926867377016,0.367429993132616,11.8688324777177,0.684242639099722,28.7492686546524,3.71329637658615,10.9975703161584,14837.4864015939,3786197.7306131935,10.9975703161584,42.339572062259656,2.2832708937771127,11.8688324777177,1.8283378448326713,3686484.351481125,0,0,0.0,0
28.7795799784946,0.123089627613492,5.65352067059957,0.483340645219052,6.03556251258736,0.426242104392204,0.745184819617128,0.360037227814137,11.917536291157,0.679222492912263,28.7078531810078,3.70901602497154,10.8835313103436,14296.45347674,3644630.4876171043,10.8835313103436,42.246520358523405,2.2708371385102963,11.917536291157,1.809215138625375,3692323.8834745567,0,0,0.0,0
28.825600887314,0.123119492011053,5.58716017476992,0.475501905775013,5.96230794362285,0.421224635489348,0.734900958770171,0.362587359957723,11.9581901748206,0.669102918369422,28.6718314532701,3.70558011436228,10.7510351347324,13696.0393233499,3483392.8664845866,10.7510351347324,42.12981599775235,2.251606782808494,11.9581901748206,1.7868950631594616,3697438.3699201564,0,0,0.0,0
28.8704363034669,0.122851381630228,5.51211369981553,0.466386182136433,5.87984525957135,0.415543022545932,0.723155678119172,0.374182220191862,11.9904842806382,0.65472131958312,28.6410216019662,3.70304328937964,10.6012780781198,13124.5236773925,3325953.8244406027,10.6012780781198,41.99033152728554,2.2264774310563156,11.9904842806382,1.7615745017960496,3701721.36681876,0,0,0.0,0
28.9138804547472,0.122309281861884,5.4327536074594,0.456461841018294,5.79283063458724,0.409526562808683,0.71056789454884,0.39411130744656,12.0144343707663,0.636884484538047,28.615009369516,3.70142839812943,10.4427629498648,12649.0180952767,3190644.292442139,10.4427629498648,41.838330277031545,2.196896457006501,12.0144343707663,1.73466555186734,3705444.4441510397,0,0,0.0,0
28.9560751932548,0.121526771022271,5.35543317698623,0.446422047713767,5.708018427303,0.403651746867823,0.698039460673167,0.422095619842405,12.030120404716,0.61621988403167,28.5932856830087,3.70075628943377,10.287843651643,12333.3827967743,3094641.7880850188,10.287843651643,41.68916682382106,2.164446547013307,12.030120404716,1.7082204206981273,3709259.962124234,0,0,0.0,0
28.9972370757357,0.120540110611705,5.28497803129689,0.43681174064511,5.63052726241923,0.398278479734038,0.686261753887869,0.458151953412898,12.037411052555,0.593220223201384,28.5754546516589,3.70107189309768,10.1459088494216,12098.4666830786,3018557.107040084,10.1459088494216,41.55463445433055,2.1303658829396963,12.037411052555,1.683803486903665,3713417.2603327907,0,0,0.0,0
29.0374404319201,0.119386255141767,5.22285492826867,0.42782739306615,5.56190038737257,0.393513315286528,0.675459814902776,0.502214990349326,12.0359604505051,0.568381670384785,28.5613015183178,3.70243928142186,10.0198303469805,11899.0230554188,2951238.82333466,10.0198303469805,41.43838252595855,2.095405596362096,12.0359604505051,1.6619043210912101,3717930.4604799678,0,0,0.0,0
29.0766853085709,0.118102030886126,5.16850004018626,0.419449429749292,5.5015254655389,0.389310301930565,0.665577043667736,0.554041646095202,12.0253784813382,0.542215898033194,28.5506955121316,3.70492326859224,9.9085422717163,11704.413926894,2885087.5274936664,9.9085422717163,41.33914962052978,2.060031343964551,12.0253784813382,1.6423628117204108,3722822.0275683696,0,0,0.0,0
29.1149140379267,0.116722218133753,5.12006318974193,0.411518708348246,5.44742938587724,0.38552774535775,0.656379033143183,0.613112164238635,12.0053666484169,0.515253114985071,28.5435437514993,3.70857258630958,9.80848771743971,11486.8973726309,2813237.987817126,9.80848771743971,41.2525543185288,2.0245339169009955,12.0053666484169,1.6246075494274796,3728202.512368066,0,0,0.0,0
29.152092675793,0.115277437612332,5.07573521558805,0.403872125003005,5.39768828742969,0.382028155252668,0.647635719290774,0.678748923671021,11.9757733985212,0.487980796319387,28.5397505329771,3.71341493846464,9.71618844808634,11272.9375200738,2742203.10147978,9.71618844808634,41.17432961596952,1.9891606108984736,11.9757733985212,1.6080783879076546,3734101.270574659,0,0,0.0,0
29.1882702501462,0.113792658656512,5.03463509262934,0.396434416400974,5.35136597692854,0.378744428710991,0.639242166127496,0.750322747344088,11.93652661031,0.460782153630526,28.5392190127063,3.71946725796286,9.62995849282661,11077.7676666391,2675703.970314937,9.62995849282661,41.10248498960005,1.9541835968304877,11.93652661031,1.5925078602707878,3740490.9602293265,0,0,0.0,0
29.2234556116239,0.112287434711712,4.99574243345583,0.389114800177681,5.3073794703153,0.375599966505964,0.631073916076361,0.827013996969587,11.8877175937204,0.434008986815657,28.5418674626184,3.72672158006213,9.54784291909664,10857.9372367892,2603269.905907985,9.54784291909664,41.03465363286674,1.9198212157249668,11.8877175937204,1.5775828298888022,3747222.518811036,0,0,0.0,0
29.2574890264803,0.110776683809913,4.956726194859,0.381694729963604,5.26325942175584,0.37242192705508,0.622830196652869,0.907401573107524,11.8299018090969,0.408071060809647,28.5475767022752,3.7351032554073,9.46536373017439,10549.6453577801,2509813.0228511533,9.46536373017439,40.96519818057661,1.886162383529967,11.8299018090969,1.5625755089000506,3754006.6692999336,0,0,0.0,0
29.2902168673991,0.109270497104407,4.91568950107939,0.373999310675485,5.21700104586607,0.369071517187878,0.614269014846559,0.989933677953446,11.7639693166114,0.383307978368197,28.5561505000956,3.74449341125013,9.37888670759807,10217.5708593999,2411136.279211454,9.37888670759807,40.88951775415889,1.8532875796139097,11.7639693166114,1.5468960148620896,3760718.1863893582,0,0,0.0,0
29.3216585303522,0.107774558904235,4.87266889937609,0.366042756458238,5.16864872418859,0.365554536398651,0.605407051853667,1.07357523015442,11.690697686505,0.359872093547231,28.5673740562883,3.75479194148944,9.28850522496239,9901.60783745145,2316914.943751636,9.28850522496239,40.807755057531665,1.821364610029212,11.690697686505,1.530564700702027,3767333.514354929,0,0,0.0,0
29.3519122651268,0.106291744852188,4.82859234537771,0.357926441996654,5.11918904013043,0.361942996666243,0.596378643648083,1.15763270941739,11.610728051784,0.337808587360982,28.5810476459328,3.76591829497322,9.19602754815805,9610.04454611814,2229210.811905687,9.19602754815805,40.722233477798106,1.7905806021918933,11.610728051784,1.5138820032145044,3773849.286097827,0,0,0.0,0
29.3810894046805,0.104823372173992,4.78449512569713,0.349762634096987,5.06971985364482,0.358316554032296,0.587330613268833,1.2415609701372,11.5246360211544,0.317116077462799,28.5969856757731,3.77780069034775,9.10346545564025,9340.95484752675,2147634.447131407,9.10346545564025,40.63553755759456,1.761091766838638,11.5246360211544,1.497180916385313,3780254.060960578,0,0,0.0,0
29.4092991851455,0.103369943786012,4.74124499730989,0.341647503147817,5.02115962814272,0.354742018436643,0.578385712206885,1.32490428418957,11.432954691601,0.297767632550408,28.6150139504018,3.79037282175131,9.01250500525025,9092.69314184459,2071825.1805187282,9.01250500525025,40.54984898817548,1.7330055761717178,11.432954691601,1.4807404542542941,3786545.3192933076,0,0,0.0,0
29.4366475283172,0.101931564650275,4.6994802655663,0.333654678730023,4.97418236149591,0.351268750300707,0.569634610985442,1.40728797915219,11.3361704428074,0.279718423671623,28.63497134426,3.80357439761613,8.92438755656955,8863.62925436678,2001391.480206473,8.92438755656955,40.46679976004585,1.7063794134117833,11.3361704428074,1.4647662770849483,3792726.9430537373,0,0,0.0,0
29.4632214518164,0.100508149553497,4.65950991557029,0.325826017798408,4.92911276196157,0.347921381352489,0.561123163057999,1.48836194673288,11.2347712549073,0.262918752601824,28.6567014039711,3.81734449481866,8.83971910133472,8644.22319746757,1934142.212611446,8.83971910133472,40.38722284111065,1.681219713221905,11.2347712549073,1.4493597223035497,3798672.594469197,0,0,0.0,0
29.489066333345,0.0990994656007434,4.62122365972571,0.3181638784162,4.88583237954395,0.344693408768852,0.552841158231143,1.567719250375,11.1293422840465,0.247326940347856,28.6800317739167,3.83160865316609,8.75829973296814,8420.96646583809,1867049.5399630547,8.75829973296814,40.3109202836316,1.6574826145069572,11.1293422840465,1.434490233709343,3804027.8161605303,0,0,0.0,0
29.5142098667001,0.0977051307445901,4.58440953767378,0.310659446355759,4.84411559120395,0.341570718332382,0.544763927031163,1.6449984023506,11.0204783549181,0.232894214823597,28.7047914790202,3.84629084107101,8.67973261221242,8203.30450889922,1802224.2718871264,8.67973261221242,40.23743421804173,1.6351013597619892,11.0204783549181,1.4200946986856113,3808602.7761060535,0,0,0.0,0
29.5386905796646,0.0963246770337388,4.5490431171296,0.303318090550999,4.80393451840383,0.338552795972808,0.536889943133999,1.72000159146531,10.9086380583096,0.219551944544246,28.7308451946441,3.86133300779076,8.60397686814835,7998.24666544319,1741168.582025863,8.60397686814835,40.16675372188958,1.614012034799708,10.9086380583096,1.406167461123631,3812361.861714682,0,0,0.0,0
29.5630239950154,0.094958741948746,4.51884368115843,0.296460052711725,4.76920162153438,0.335912192804454,0.529696377297516,1.794486700622,10.7917957296195,0.207003883824072,28.7586497763288,3.87700964085845,8.53812655320288,8128.38164613493,1753474.0820939566,8.53812655320288,40.10809666247065,1.594412711343787,10.7917957296195,1.3938610427414782,3815860.564484246,0,0,0.0,0
29.5890777691322,0.0936126560252052,4.50746605113843,0.291231997091288,4.75427221032172,0.334643802185284,0.524926280546254,1.87544931059686,10.6603210514938,0.194413476874326,28.7905504875111,3.89460895229465,8.50818637363152,9183.32829320591,1963462.11025836,8.50818637363152,40.09523076644038,1.5772546626215627,10.6603210514938,1.387394890681373,3820612.2646793835,0,0,0.0,0
29.6189889038419,0.092296461272653,4.53161949999664,0.289009311803827,4.77668509794928,0.335960858012159,0.524696755540984,1.9708065859494,10.5010169420817,0.181023159755633,28.8300033541282,3.91588222372577,8.54591889306573,10782.1850261839,2285534.7580840564,8.54591889306573,40.16925688841744,1.5639383762792676,10.5010169420817,1.3919152669146775,3827469.3182530575,0,0,0.0,0
29.6536011335859,0.0910207985847158,4.60404901363386,0.290789729327706,4.8497916858133,0.340788792350632,0.530584836448394,2.08348293665829,10.3049677965607,0.166785322021226,28.8797601783935,3.94199170106228,8.67546598680192,12546.8107315628,2638138.1707089553,8.67546598680192,40.360625989744506,1.5559922937224266,10.3049677965607,1.4113206543389407,3836667.2388819195,0,0,0.0,0
29.6926980285945,0.0897951689155492,4.73500661304699,0.297310796182794,4.98431772727848,0.349875289844826,0.543807686276729,2.21263242572505,10.0670467056906,0.152088506766441,28.9419564705023,3.97358032233719,8.91615784525741,14305.3476768729,2986136.1150264605,8.91615784525741,40.69281131013987,1.554987262260214,10.0670467056906,1.448716653056594,3847823.903716942,0,0,0.0,0
29.7353813714259,0.0886262108667309,4.93008492985749,0.308876633079351,5.18608807247261,0.363630807695816,0.564952791297966,2.35544598685019,9.78462420990466,0.137466352489275,29.0183808467336,4.01094769306004,9.27839836759494,15980.8855389543,3315264.689197093,9.27839836759494,41.17764081669586,1.561989873616786,9.78462420990466,1.5057501954237906,3859851.771759469,0,0,0.0,0
29.7803974512928,0.0875169141171752,5.18693356311534,0.325125736124898,5.4525744226976,0.381887671328239,0.59358490709821,2.50852944223634,9.45663253930967,0.123417395806458,29.1105826220177,4.0541811066648,9.75745842895096,17633.7330957976,3638948.8173873327,9.75745842895096,41.80802066577426,1.577014783604866,9.45663253930967,1.5816114728190496,3872266.342547151,0,0,0.0,0
29.8263560522892,0.0864688448036493,5.49618220499527,0.345168275030941,5.77386514578806,0.403969307186702,0.628389630722634,2.66843336254044,9.08359767659255,0.110350307572189,29.2195252580865,4.10316809643735,10.335295403902,10066.069617248,2067450.6319263708,10.335295403902,42.560399460816456,1.5991474462943431,9.08359767659255,1.6733408192090489,3865278.0487684985,0,0,0.0,0
29.8718644481441,0.0854890467380321,5.84857026685587,0.368212862078238,6.1401538850619,0.429216093766673,0.668084968110469,2.83049390977015,8.66895150906522,0.0986196051932337,29.3445262019783,4.15745956321212,10.9941526077315,21170.3309065016,4328716.492741182,10.9941526077315,43.411591570755284,1.6275134059052518,8.66895150906522,1.7780401150000473,3878432.4318375965,0,0,0.0,0
29.9166126487914,0.084633337169834,6.2755070885497,0.396709432180125,6.58438266321748,0.45996163781138,0.716496952473772,2.98245580266403,8.21042208092319,0.0887870155613591,29.4849760849896,4.21743387139297,11.7935655664295,23504.5777630923,4793305.522512655,11.7935655664295,44.43430376019369,1.6664802772828868,8.21042208092319,1.9053291806430952,3892076.3630587626,0,0,0.0,0
29.9596641167062,0.0840991849056918,6.77608115566333,0.43103353758463,7.10585866870729,0.496182039045968,0.774228677842622,3.07799838657314,7.71313883001594,0.0859582236426178,29.6364858136543,4.2824706380847,12.732845726346,25898.3020924774,5282673.412987798,12.732845726346,45.62714738045574,1.7214239679721504,7.71313883001594,2.0553251393096326,3906210.4256902155,0,0,0.0,0
30.0002831164356,0.084463123382888,7.32422215472128,0.469968661642859,7.67776116866674,0.536059258859945,0.839632813418638,3.04593904412188,7.17239151975909,0.110932949719865,29.7975877041243,4.35291222698247,13.7646831071364,28147.0346842589,5768699.964329679,13.7646831071364,46.93239029712795,1.810709591623282,7.17239151975909,2.2209021916738614,3920899.4139430556,0,0,0.0,0
30.0376922499765,0.0886380384213492,7.85157549727241,0.509311153968508,8.22844536961887,0.574788858849626,0.907356913205647,2.83245382218773,6.57135385359814,0.211402126746316,29.9684194008609,4.43052967269839,14.7624304139693,29425.6850144611,6104225.518097965,14.7624304139693,48.197808081312914,1.9747810557612766,6.57135385359814,2.382923260682517,3936145.3330794726,0,0,0.0,0
30.0707049377793,0.114987092751,8.23736460347656,0.540855891399976,8.63059348172666,0.603639735881524,0.969018195280839,2.45004969192397,5.90764627735978,0.449142630493584,30.1351665757018,4.51609475949482,15.5015025623405,29153.949405665,6184519.738978894,15.5015025623405,49.167163938295865,2.2621707390571055,5.90764627735978,2.510708571002219,3952139.1271965406,0,0,0.0003605359578006901,0
30.0983819051837,0.218744916209311,8.41471385461762,0.559915654825989,8.81383324151806,0.61748695761853,1.02823485283855,1.97219830797993,5.20322309226729,0.868340314503267,30.266705200647,4.60849757339734,15.8622437930535,28402.1387769758,6249138.860699139,15.8622437930535,49.751311382811764,2.710492515502425,5.20322309226729,2.600362804713107,3969676.4418613506,0,0,0.0022089153817326204,0
30.1200222949807,0.499159324645324,8.42304481785925,0.569450233256166,8.81989312165062,0.618806391441498,1.10221542122767,1.47945612799803,4.48954826973257,1.48436933486155,30.3291592340288,4.70569287943229,15.9266720845322,27494.9405200935,6393606.37427736,15.9266720845322,50.15259160506122,3.3417671879797184,4.48954826973257,2.6915628243689236,3989820.5358094512,0,0,0.004960324372546124,0
30.1346773032916,1.08657449538103,8.31888638933341,0.573437823005811,8.70847273026428,0.611413735630195,1.19532032228746,1.03378337746298,3.80177072790876,2.28277510445558,30.2976665796162,4.80447537791635,15.8001238049065,26394.3371247372,6609976.003231633,15.8001238049065,50.628782799193786,4.15059527439946,3.80177072790876,2.8335006408785555,4013371.895785095,0,0,0.008467018231516053,0
30.1415330463676,2.104126614148,8.14071532299657,0.574016722938013,8.5199853595541,0.598024398684787,1.29019037416973,0.672540499069846,3.17036973948453,3.2237274301926,30.163466876356,4.90115675305173,15.5415809421816,25070.6327138558,6853977.20103301,15.5415809421816,51.3685918388588,5.10347971501305,3.17036973948453,3.0634218647254854,4040576.754213331,0,0,0.012357900951885851,0
30.1404197912068,3.62019088758899,7.91708746686519,0.572254892759305,8.2841062284387,0.580814110208409,1.36396197919352,0.407216321174741,2.61326365033794,4.25702953562266,29.9333026276679,4.99279996823984,15.1882988436726,23709.1693278969,7122467.287369513,15.1882988436726,52.47883535626091,6.154008052655098,2.61326365033794,3.4007543781904186,4071488.535810799,0,0,0.01629901916117835,0
30.1318811708183,5.63286275425913,7.67295858906918,0.569081429262334,8.02662301496611,0.561785037254359,1.40413326369686,0.229518841652312,2.13540138495124,5.33699992643491,29.6228785066593,5.07776414383513,14.7772792162011,22385.881603532,7395469.655801921,14.7772792162011,53.999325259326284,7.258589327065714,2.13540138495124,3.848770548541352,4105903.933268392,0,0,0.020038893803365453,0
30.1169109526011,8.09193201657078,7.42996729937486,0.56556971107475,7.76991690925595,0.542706050271417,1.41121457437586,0.120665598972062,1.73288734502145,6.43029062900243,29.2497237910013,5.1555845916127,14.3476647289904,21272.2417594193,7707004.756377027,14.3476647289904,55.92821751352472,8.384974259449422,1.73288734502145,4.400858064709125,4144238.3037374984,0,0,0.023591026648257123,0
30.0965405429652,10.9436088782118,7.20924459995389,0.563296357501717,7.53593526588225,0.525262460528842,1.39344767205285,0.0596108629403664,1.39645705230687,7.52068123655217,28.8271779349294,5.22682415288343,13.9427656303612,20510.8480951712,8117618.766526262,13.9427656303612,58.267335777096555,9.518398113419176,1.39645705230687,5.051294750575085,4187850.233496656,0,0,0.027187545205594507,0
30.0717201344562,14.1347368694014,7.02138840460715,0.563260917595001,7.33573112617826,0.510313177041644,1.36049474374815,0.028149630293731,1.11724226669374,8.59884367832377,28.3656169069538,5.29217944932303,13.5878302270616,19900.084742136,8565552.88123774,13.5878302270616,60.99764537302781,10.649940824797467,1.11724226669374,5.792003427551753,4237185.746803879,0,0,0.0307033937915962,0
30.0433078900348,17.6165307876729,6.86792417121176,0.565668394098996,7.17097713074234,0.49800134356516,1.32035256444344,0.0129620000601178,0.887285137535269,9.65864018175425,27.8737338869448,5.35231982307496,13.2905928369293,19372.2013719566,9026406.354405692,13.2905928369293,64.0827622817694,11.772778340489396,0.887285137535269,6.613095934355691,4292327.707779414,1,1,0.03411900617156685,1
30.0125740995853,21.277357693237,6.72733532501906,0.567794548273091,7.01952657713295,0.486794693533471,1.27776369599976,0.0059515979390244,0.701917011331925,10.6795838940008,27.3677281791829,5.40703688326596,13.0143416871234,18847.5326885072,9446395.729102952,13.0143416871234,67.36914663278064,12.860679990006307,0.701917011331925,7.481627602710745,4352568.089685459,1,1,0.03719752095144596,1
29.9804291163003,24.9823818683563,6.593106307007,0.568936382696143,6.87475220764241,0.476234886313383,1.2399368927862,0.0027794071549346,0.554566060523218,11.6545146367808,26.8588734051736,5.45676874818402,12.7515909564766,18253.413386675,9776120.516213596,12.7515909564766,70.71577766110174,13.902852015283301,0.554566060523218,8.36374207971377,4416403.061617014,1,1,0.039769963396635494,1
29.9476919015801,28.4786912083321,6.46123372995808,0.568767386236811,6.73268628341448,0.46605077852601,1.21200466943275,0.0013828013445989,0.441665354172836,12.5749120031359,26.3603113974821,5.50161701303685,12.4983452136151,17705.5537756092,10060834.948295804,12.4983452136151,73.86712595748033,14.885243951780804,0.441665354172836,9.196335246858073,4483072.337194092,2,3,0.042001538205270104,3
29.9147762850559,31.4856790346786,6.33494753202839,0.56777720575641,6.59686816466009,0.456471718854559,1.19494895521135,0.0007933697432917,0.362973078598422,13.4359726510269,25.8821421846378,5.54145970953081,12.2613847149375,17245.2876483694,10320730.721704518,12.2613847149375,76.55146889624531,15.7980603055692,0.362973078598422,9.910470493015733,4552177.651063817,2,4,0.04396097004684239,4
29.8817857119855,33.7748030292176,6.21749624816593,0.566529477447811,6.4708088840413,0.447699348073305,1.18891165743654,0.0005643062129717,0.322089579358444,14.2311555353467,25.432066607952,5.57566935575015,12.0470047622824,16848.612940294,10541992.084504431,12.0470047622824,78.54803435636799,16.630866629241428,0.322089579358444,10.450039701263115,4622969.13621827,2,4,0.045575692904583666,4
29.8486085181837,35.213687716642,6.11004384817366,0.565337481246069,6.35583003374407,0.439772580375098,1.19439645913936,0.0005097756696258,0.324987544365505,14.9511055354349,25.0155648964872,5.6032234247404,11.8578433036068,16481.5665876203,10703428.031104634,11.8578433036068,79.72767663750395,17.37199905850285,0.324987544365505,10.782456086321478,4694138.72244392,2,4,0.04674770296010791,4
29.814934168764,35.7773272500803,6.01261188112705,0.564328632737785,6.25203678294263,0.432652201244867,1.21152387469158,0.0005431781395332,0.378003850398224,15.5864409434457,24.635130807376,5.62303137071802,11.6941437037175,16163.5351648422,10819665.259451557,11.6941437037175,80.06541479158821,18.01168264806119,0.378003850398224,10.901542928246709,4764848.3018673295,2,4,0.04754758028282884,4
29.7802935436405,35.5260260373332,5.92514176988149,0.563579593510878,6.15939633893613,0.426304997087677,1.23913832842334,0.0006070077975693,0.486356608703858,16.12985153748,24.2905171243215,5.63418386114789,11.5551665888658,15896.476610721,10897892.560792545,11.5551665888658,79.61988060881323,18.543865182851164,0.486356608703858,10.822114530533865,4834541.985134787,2,4,0.048025765269158464,4
29.7439391018724,34.5641701550836,5.85145429601568,0.563652496349809,6.08181845931946,0.42099055106774,1.27536111353332,0.0006720384531088,0.654466930769661,16.5786327759397,23.9782799816987,5.63603851189701,11.4468358181639,15870.3795725592,11079744.136858042,11.4468358181639,78.50138617324201,18.96860786075687,0.654466930769661,10.570934791360072,4904539.34959088,2,4,0.04882740995563261,4
29.7045466911996,32.9838695380662,5.80376299840676,0.56627139014359,6.03182125680132,0.417586450222196,1.31927911099647,0.000737022877529,0.889459378103053,16.9339283500796,23.6916136956014,5.62786281736284,11.391149328597,16311.0378690265,11541423.318631805,11.391149328597,76.82713743583614,19.29103098971265,0.889459378103053,10.174333200197045,4978481.399983735,2,4,0.05073415614840249,4
29.6606963374862,30.8590797802269,5.79236778923759,0.573056200038019,6.01987402876968,0.416843242521305,1.36939823928854,0.0008122608608599,1.20014462499004,17.1903629430455,23.4267779084043,5.60850576088966,11.4062788278397,16919.3233498066,12081877.946029456,11.4062788278397,74.69131561756825,19.509177893091255,1.20014462499004,9.65344056249952,5057532.727516444,3,4,0.052852002774601836,4
29.6114512012643,28.2901609833649,5.81618975203758,0.584142827609611,6.04464382968483,0.418693714375803,1.42207574761075,0.0009077076087055,1.59090017201378,17.3355603169093,23.1860140796838,5.57694606654793,11.4880675225784,17545.9708660409,12589557.544609483,11.4880675225784,72.18735805594777,19.61271658298529,1.59090017201378,9.032221009828046,5141489.880258021,3,4,0.05469455276972621,4
29.5562400548092,25.4079550272123,5.86847365479735,0.598797887252264,6.09894415887936,0.422657925839594,1.47318726676974,0.0010329159837876,2.05992763196869,17.3582181747462,22.9741462856614,5.53278645734686,11.6215039897682,18125.2716939875,13008646.082572877,11.6215039897682,69.42625597555981,19.59193754250084,2.05992763196869,8.34048977945854,5229392.740687904,3,4,0.056041710052398185,4
29.4948423739105,22.3608881836902,5.93968786110064,0.615791406184383,6.17276726614684,0.42804953788069,1.51900717775395,0.0011917542356521,2.59884017539277,17.252319818989,22.7967044266546,5.47648033756938,11.7866283779426,18613.495402607,13300866.448839134,11.7866283779426,66.53103380666721,19.44219080193037,2.59884017539277,7.611729413278386,5319707.331481044,3,4,0.056766386033274996,4
29.4272552690879,19.2917301008398,6.02082877446653,0.633866197187314,6.25671493423352,0.434214750475368,1.55691578411213,0.0013857206613297,3.19463192883139,17.0185697468166,22.658267903479,5.40922369653053,11.9650996701182,19065.8226026616,13502762.04028726,11.9650996701182,63.62152581040257,19.165444032200366,3.19463192883139,6.8784035323356125,5411520.196666221,3,4,0.05706635492184963,4
29.3535554262024,16.3199045795792,6.10670407404138,0.652239913106,6.34538090342529,0.440773162808958,1.58576256423481,0.0016171795881109,3.83233301432449,16.6632671196808,22.5616306684452,5.33267359548255,12.1465232383055,19504.3090732265,13630398.688771337,12.1465232383055,60.80432062339805,18.769417499477854,3.83233301432449,6.168576948179185,5504228.818309803,3,4,0.057042166454513696,4
29.2743734070903,13.5516160132743,6.18952494698986,0.66978482730707,6.43071633813992,0.44715338874576,1.60444044850542,0.0018819853286199,4.49249220184242,16.1997073904053,22.5079381482295,5.2492656681965,12.3157662570452,19735.7732908716,13554148.897980189,12.3157662570452,58.16760937005264,18.268136952608312,4.49249220184242,5.506281550485296,5595659.150252025,3,4,0.056185386225439726,4
29.1914755764003,11.0823907416997,6.25204843416245,0.684052068079855,6.4949503006072,0.452090419591112,1.61081207293132,0.0021677459385555,5.14909709640272,15.6521003893684,22.4954889828176,5.16258879569335,12.4395941714959,19563.4221641966,13156373.29142027,12.4395941714959,55.767819613471936,17.684691677334754,5.14909709640272,4.909916844864704,5682097.738829278,3,4,0.054062450343462035,4
29.1068747507776,8.95873279946742,6.2826467175885,0.693284092355481,6.5261333356898,0.454722291913357,1.60422545051645,0.0024584985872034,5.7801703627035,15.0486302682097,22.5185547253388,5.07605714214394,12.4960124144048,19262.6928850868,12647459.05694252,12.4960124144048,53.62661943830861,17.046081274821884,5.7801703627035,4.387572870923235,5762409.275129612,3,4,0.051575339406077565,4
29.0220263702648,7.17390534817198,6.28362348238588,0.697641166185168,6.52668095628911,0.455202712043181,1.58633993340342,0.0027501442324342,6.37440539208366,14.4119452395629,22.5693630627702,4.99183567482287,12.4901840352175,18938.5072204173,12113083.364663957,12.4901840352175,51.74541996874355,16.375124963179694,6.37440539208366,3.9385780569885003,5836546.639249805,2,4,0.04906652497531504,4
28.9375581222438,5.68887995265753,6.27102430121435,0.69923571556594,6.51315792183746,0.454694431446223,1.56069000410644,0.003059417897708,6.93099752480196,13.7543472589781,22.6406568349685,4.91062954249578,12.4538506141535,18939.482711128,11781165.09636458,12.4538506141535,50.12524044907175,15.686083241289321,6.93099752480196,3.5585936592555956,5906629.714666892,2,4,0.047423436520286084,4
28.8527406253988,4.44650746931379,6.27696191067153,0.702478904963074,6.51866096170797,0.455546868835507,1.53263363213033,0.0034373383075216,7.46042404563383,13.0723370961046,22.727729493367,4.83138292026365,12.4496161163642,19623.3114912231,11855888.206088288,12.4496161163642,48.785530373021,14.979901033451904,7.46042404563383,3.243820129984192,5976624.473533328,2,4,0.04739575504029653,4
28.767654654804,3.41091645550261,6.32567456018118,0.710883905817616,6.56810812777596,0.459546915745768,1.50588977721067,0.0039325904022651,7.96927663128843,12.3633317935214,22.8271583880364,4.75343823632823,12.5246308603451,20488.7430371463,12010652.734659571,12.5246308603451,47.7486743970378,14.257678810353893,7.96927663128843,2.9931653990985083,6047409.274200871,2,4,0.047604373049442164,4
28.684621845864,2.5691598461503,6.41856135862726,0.724921669535475,6.66285940542182,0.466811601234643,1.4812567479,0.0045453162170052,8.4536087690575,11.638702200486,22.9345153082723,4.67766804547386,12.6821090053022,21325.4027508473,12122411.274505233,12.6821090053022,47.0081924747335,13.531092719778508,8.4536087690575,2.8040337624694303,6118711.744768475,2,4,0.047528577531588914,4
28.6069561188968,1.90682762963321,6.54266806364688,0.743052212334761,6.78952823346289,0.476397854072497,1.45814584964725,0.0052362114424954,8.90737081868397,10.9162479782182,23.045121260769,4.60529254680377,12.8978911853212,22067.6063267309,12163714.594797809,12.8978911853212,46.523575961694284,12.815706188900283,8.90737081868397,2.669006506043999,6189754.99761692,2,4,0.04705366359312175,4
28.5380394370407,1.40321489877573,6.68073952398824,0.76308154134917,6.93036991023818,0.487036198527143,1.43601471954784,0.00596067728737,9.32543504236795,10.2162699128122,23.1550606727547,4.53739666413528,13.1399012280766,22682.7880877269,12130481.596667938,13.1399012280766,46.238496229467,12.128652423160371,9.32543504236795,2.5778609005432527,6259469.282267778,2,4,0.04617268743216306,4
28.4803963687183,1.03252884627372,6.81980196425436,0.783382641924659,7.07210521132589,0.497764271049132,1.41523843554014,0.0066692848767977,9.70489863932394,9.55815391925827,23.2619691451551,4.47468103976467,13.3845578736294,23246.5144679191,12078028.132041885,13.3845578736294,46.1012177390862,11.486751538371411,9.70489863932394,2.520552693170082,6327644.233203366,2,4,0.045107894373022234,4
28.4350155973931,0.767604014578108,6.95360866610548,0.803258426404522,7.20840324946627,0.508111656728332,1.3970289949031,0.0073236868695494,10.0449018472177,8.95853126477265,23.3650963903517,4.41745982659216,13.621240882719,23789.4285156695,12035011.675791971,13.621240882719,46.07303060557892,10.90517589245624,10.0449018472177,2.488830707498129,6394462.638948373,2,4,0.04396988062215115,4
28.4009581134409,0.583165821828491,7.08398273040244,0.823119083396733,7.34124018972299,0.518203218862442,1.38338189649149,0.0079087494172163,10.3459676320428,8.43052390410314,23.4648029720223,4.36576378748442,13.8547186917159,24415.510168423,12065347.063267022,13.8547186917159,46.13405105414549,10.39697688230195,10.3459676320428,2.477421046473998,6461596.414481372,2,4,0.042982149886218284,4
28.3752544896777,0.457663182521691,7.21939342508742,0.844284690625424,7.47941385821888,0.528657164829999,1.37670602241146,0.0084288042130315,10.6095697488336,7.98333288723425,23.5619510061689,4.31942222478799,14.102277647196,25208.7629384217,12219274.524090815,14.102277647196,46.28137283337257,9.972456454371883,10.6095697488336,2.4839856887426572,6531978.469752586,2,4,0.042289354546671036,4
28.3532568018265,0.374348094527809,7.36476948487492,0.867591212838606,7.62803110482581,0.539833967983948,1.37819567854697,0.0089093201073957,10.8363099863246,7.62471593292062,23.6568426435622,4.27839655721036,14.3738925115532,26012.6622701303,12429529.80719673,14.3738925115532,46.50602634542456,9.63990212054381,10.8363099863246,2.5060787996536513,6606607.34569179,1,3,0.041627995966725576,2
28.3292632819372,0.32060593333873,7.52160097697966,0.893377067206165,7.78861991513629,0.551841145565255,1.3879602887389,0.0093382162436436,11.0258739296215,7.36011638510678,23.7487134162294,4.24282501176051,14.6724762029423,26763.084638372,12675544.404028764,14.6724762029423,46.7932686089022,9.404714412403422,11.0258739296215,2.5410326605075264,6685816.3205511095,1,3,0.04093959617180329,2
28.2978552435116,0.287170048045658,7.67374760624723,0.919462153663704,7.94449162416444,0.5634819698855,1.40253240929979,0.0096044158637768,11.1774230615739,7.19050926807938,23.8355955468544,4.21298638006944,14.9660638199794,27100.4727662108,12788693.188142966,14.9660638199794,47.08874105481792,9.264733904833363,11.1774230615739,2.581074431197778,6767726.867119245,1,3,0.03974619816981876,2
28.2558007236353,0.267338747185004,7.77100763571763,0.938620761543751,8.04382175166281,0.571038946791513,1.41190817160998,0.009647803878298,11.2905773144429,7.10943644931664,23.9145192659029,4.18916318050495,15.1554491040186,26755.2124525445,12623581.380020116,15.1554491040186,47.25953673814599,9.204204843772024,11.2905773144429,2.607646717296978,6848550.451625936,1,3,0.03772691964090355,2
28.2026178083214,0.256093178705115,7.78663656870743,0.946570713366509,8.05903602356647,0.57252765707453,1.41003580161299,0.0095959651204644,11.3682726485163,7.10109556673938,23.9831272468639,4.17110112886039,15.1870518233399,26220.6571520402,12391110.024946006,15.1870518233399,47.23351775135445,9.201990706147688,11.3682726485163,2.6102338539363243,6927250.154117587,1,3,0.035635638281851914,2
28.1394504737943,0.249941425087393,7.74155444913726,0.945837111304207,8.01174752785973,0.569494442238306,1.39958841063232,0.0095643025164084,11.4158680688851,7.14576488195024,24.0401659342584,4.1580959596405,15.1009652017489,25648.8894548433,12153919.990415718,15.1009652017489,47.05761384005352,9.241675222506073,11.4158680688851,2.5945356216658824,7003659.514518843,1,3,0.03369206488111351,2
28.068434248802,0.246743242865645,7.65545134069217,0.938997510561636,7.9222795542012,0.563400931208659,1.38326243910588,0.0095561992057156,11.4388468504123,7.22378659080193,24.0847233487606,4.14940658137739,14.9351721870395,24914.9729168857,11844039.44555611,14.9351721870395,46.77856926743719,9.306947101110561,11.4388468504123,2.56629206099544,7077181.699074992,0,2,0.03171718526138645,0
27.9923684762018,0.24524425278789,7.5332852593285,0.926591429724108,7.79574828193109,0.554619761624753,1.36127887796837,0.009533353673438,11.4425965501878,7.31630873715088,24.1163256224916,4.14429695209494,14.6988835699409,23917.4084523311,11400919.312602159,14.6988835699409,46.4091363395665,9.379752054053087,11.4425965501878,2.5266377125785686,7146848.138262729,0,0,0.02957685405521553,0
27.9138690223147,0.244699835545775,7.38081990129549,0.909233436585713,7.63810649293757,0.543580655873247,1.33418647124303,0.0094689514493877,11.4324626417788,7.40717204582565,24.1354580487579,4.14198047531005,14.4029739480404,22882.6480959628,10924052.516664708,14.4029739480404,45.96449581579552,9.444841873673077,11.4324626417788,2.477134250645257,7212377.638289674,0,0,0.027543230878731152,0
27.8348241418085,0.244667967240216,7.21115635355187,0.888640820812781,7.46287376048631,0.531255231220083,1.30406236362651,0.0093637065857323,11.4132217307627,7.48446696386625,24.1434843786733,4.14168949549352,14.0728837878181,21888.7348196782,10449164.724987807,14.0728837878181,45.47748063874627,9.49256933025595,11.4132217307627,2.4219112087398167,7273715.060042457,0,0,0.02568440177891804,0
27.7567682838376,0.244891980106083,7.03525369990597,0.866328121116131,7.28134762055106,0.518456974742945,1.27273080548383,0.0092265487042802,11.3888282224809,7.54006797599201,24.1423046094948,4.1427439902468,13.729994596366,20914.4443375381,9966908.040182482,13.729994596366,44.97577748574363,9.516772367062956,11.3888282224809,2.3644881674844553,7330898.864142188,0,0,0.023952025122844382,0
27.6811102605493,0.245222147906183,6.85878638385614,0.843108690711813,7.09936499593078,0.505607792483569,1.24112739742336,0.0090625799656517,11.3624903213457,7.56901361998506,24.1341940653485,4.14455466928896,13.385382918034,19935.5339153605,9467183.298681023,13.385382918034,44.47432766886114,9.513550375638683,11.3624903213457,2.306685752397172,7384092.9953938285,0,0,0.02230324614847704,0
27.6089807042199,0.245567972889509,6.68566435217303,0.81955677677662,6.9209411825674,0.492997954362279,1.20991352456019,0.0088766503788923,11.3367011611615,7.5690371605523,24.1215993499102,4.14662464762537,13.0466949321536,19011.9288258117,8980952.065231446,13.0466949321536,43.98362246754894,9.481385005691862,11.3367011611615,2.249767299559202,7433490.124030311,0,0,0.020793252499282787,0
27.541105668602,0.245872005276719,6.5200705790493,0.796302807000995,6.75037460664175,0.480937660667756,1.17983731228754,0.0086787285203268,11.3132811886212,7.53976958446117,24.1068953771837,4.148553369737,12.7221491975319,18167.299246944,8522336.16167181,12.7221491975319,43.51450063952606,9.420708666760726,11.3132811886212,2.195108106376749,7479306.541002189,0,0,0.019434661708617258,0
27.4781583760503,0.246097444144207,6.36169049475768,0.773358196032928,6.58732123033232,0.469403530673954,1.15083369511798,0.0084742272275125,11.2935642835117,7.48222706077841,24.0923480824472,4.15002349349656,12.4111475571145,17258.1180973892,8026518.359816439,12.4111475571145,43.06686296710937,9.332551004772808,11.2935642835117,2.142602354952862,7520959.803225652,0,0,0.018066891677153744,0
27.4210139238279,0.246221323476186,6.20305076835688,0.749713060026931,6.42404919067844,0.457839350997535,1.12151466656972,0.0082537674261796,11.278463564607,7.39934260931813,24.0800937307863,4.15080314269581,12.0990140408197,16139.157534004,7429548.2352408515,12.0990140408197,42.6234022839336,9.218580123677764,11.278463564607,2.089766333772289,7557082.14850578,0,0,0.016544599718576417,0
27.370075309787,0.246226008672329,6.03985056404814,0.724789165040533,6.25611150059896,0.445922176070013,1.0910843188941,0.0080129309149329,11.2683001866483,7.29547844572596,24.0717353838393,4.15077177788445,11.7773065565136,15029.9071139411,6837930.051545427,11.7773065565136,42.17405904311108,9.082429833058113,11.2683001866483,2.0351709324077225,7587587.88544646,0,0,0.015098810810321122,0
27.3249724051211,0.246093900482642,5.87566554589775,0.699143481637484,6.08719984867205,0.433914611739597,1.06022048074423,0.007769109438858,11.2629123461739,7.17466619988563,24.068168340214,4.14989907409817,11.4531003063515,14018.2683831476,6295417.770311375,11.4531003063515,41.72721027429485,8.928804149962678,11.2629123461739,1.9800163819958834,7612935.028069983,0,0,0.01380879919010032,0
27.2850620354393,0.245808075398356,5.71564009130089,0.67358174770424,5.92262554731378,0.422197907915889,1.02990067371315,0.007551360650116,11.2619303966579,7.04020499979127,24.0698288103654,4.14820372064941,11.1365822430977,13117.1797498307,5809578.783509996,11.1365822430977,41.2948160787856,8.761970433500565,11.2619303966579,1.9260340054324974,7634011.914037659,0,0,0.012674762994755376,0
27.249654710046,0.245351551662661,5.56387165265764,0.648768529331212,5.76661742504011,0.41107723603509,1.00090898662758,0.0073947040032969,11.2649102360841,6.89470165557986,24.0768764168584,4.14572942971762,10.8358864257307,12325.2720732231,5380178.433909005,10.8358864257307,40.88625009140029,8.585321817029643,11.2649102360841,1.8746088592201076,7652090.538478199,0,0,0.011683928341625193,0
27.2181056165267,0.244705870062824,5.42276758942768,0.625122615585349,5.62165754284538,0.400733109110937,0.973712192577698,0.0073391580376112,11.2713834161915,6.74023712256391,24.0893058553404,4.14253362205545,10.5558154902007,11622.328875751,4997926.521089974,10.5558154902007,40.50680453613657,8.401419372584453,11.2713834161915,1.8265607756548667,7667866.930713671,0,0,0.010807765067042183,0
27.1898500247854,0.243849956304798,5.2931982524814,0.602833654026603,5.48863937841849,0.391232153045178,0.948486738310504,0.0074316782371741,11.2808628695473,6.5785704349176,24.1070076058342,4.13868417920556,10.2981366624838,10994.4394183643,4656078.850550712,10.2981366624838,40.158090157372385,8.212219868825093,11.2808628695473,1.78219330463091,7681722.399735652,0,0,0.01002633631572288,0
27.1644148292167,0.242760107752099,5.17484322139433,0.581911989048854,5.36722541353231,0.382552556865228,0.925183644353898,0.0077280462927573,11.2928270466822,6.4113464888529,24.1297906963115,4.13426098589447,10.0622634963596,10414.9448171663,4342562.281522386,10.0622634963596,39.83889176216342,8.01934643458816,11.2928270466822,1.7414091955930686,7693721.545455239,0,0,0.009310423717574892,0
27.1414349627068,0.241412589952053,5.0663475940035,0.562213217004103,5.25600853340795,0.374595495189089,0.903559355095029,0.0082893236019854,11.3066857454958,6.2404093885166,24.157358709385,4.12936341356873,9.84556601838835,9852.86984917776,4044051.9543442726,9.84556601838835,39.54557174735852,7.824432528546648,11.3066857454958,1.7037640299882146,7703611.234687106,0,0,0.008629995823533609,0
27.1205952224393,0.23978597365298,4.96638049974989,0.543584298876952,5.15360672914932,0.367264090106247,0.883371750354838,0.0091782435006809,11.3218135749898,6.06754925838289,24.189337205203,4.12410101192971,9.64545111101928,9328.48752643428,3768642.1892834855,9.64545111101928,39.274588564329534,7.629052631700937,11.3218135749898,1.6688183591428762,7711424.620960474,0,0,0.00800170421447931,0
27.1015872230548,0.237862373211814,4.87428987540488,0.525956158420629,5.0593403486053,0.360512520468084,0.864500594521942,0.0104580391123729,11.3376232003064,5.89409051003973,24.2253677286185,4.11857480863959,9.46065088123854,8852.93576434201,3520166.961395617,9.46065088123854,39.024049093687445,7.434426040481106,11.3376232003064,1.6363559295350356,7717350.955731943,0,0,0.007432987106917445,0
27.0841250718486,0.23562922725597,4.78985686448207,0.509313160039184,4.97297822198581,0.354327712374361,0.846902274325486,0.0121905742677366,11.3535926563233,5.72089376875032,24.2651611536696,4.11287090545981,9.290742739011,8437.29045154696,3302056.212426899,9.290742739011,38.79313253231149,7.241379283409048,11.3535926563233,1.6063034848214897,7721694.379533331,0,0,0.006930315044393046,0
27.0679426855722,0.233078656826682,4.71321856529308,0.493684483364183,4.89465770216075,0.348723516568441,0.83059500775807,0.0144416263304749,11.3692878606645,5.54827797560262,24.3085606015447,4.1070534819539,9.13599868344411,8095.12661290003,3118338.939768959,9.13599868344411,38.581900617543404,7.050256419133099,11.3692878606645,1.5787053171397865,7724872.514449495,0,0,0.006501123641216881,0
27.052820343184,0.230208724661143,4.64438584114256,0.479081648800036,4.82438554029796,0.34370445522817,0.815571457991481,0.0172812992784531,11.3843265593544,5.37632725506322,24.3555111256146,4.10117367491985,8.99644116814419,7806.48241098103,2959966.8483003085,8.99644116814419,38.390158011305346,6.861145857372959,11.3843265593544,1.5535647276743454,7727140.886812209,0,0,0.006125525430394719,0
27.0386049798345,0.227026523109242,4.58292596006815,0.465456717805912,4.76170944566711,0.33924159344147,0.801742825121786,0.0207756299852145,11.3983320529387,5.20526746281344,24.40596931901,4.09528327102981,8.87122198489302,7555.98627101246,2820121.2505971184,8.87122198489302,38.216708045048165,6.674203737489792,11.3983320529387,1.5307403990017727,7728645.233481816,0,0,0.005788856833642866,0
27.0251541917148,0.223541577865221,4.52862134819991,0.452789144016417,4.70639949896092,0.33532191104137,0.789057263021516,0.025008978504278,11.4109825696758,5.03494193573494,24.4600391740691,4.0894165960513,8.75991208051202,7376.17695390756,2709919.2606449337,8.75991208051202,38.06088493482015,6.489239690686483,11.4109825696758,1.510161775265885,7729756.164260325,0,0,0.005513139988278099,0
27.0122664103336,0.219750030069497,4.48223302316373,0.441186975973405,4.65923711103259,0.332006233804187,0.777632231921104,0.0301562906367136,11.4220583652097,4.86389828330522,24.5183143665789,4.08355949389804,8.66399377924064,7329.7070881885,2650458.539323926,8.66399377924064,37.92431201629811,6.304931308967599,11.4220583652097,1.4920756341650383,7731221.221723583,0,0,0.005338823403211436,0
26.9997603109932,0.215641447665923,4.44448564236566,0.430756158096943,4.62096373922265,0.329353114103876,0.767572131213878,0.0364878848510427,11.4312787406035,4.69034437843352,24.5817054240372,4.0776880333402,8.58487459792252,7364.27145401493,2620450.0051129824,8.58487459792252,37.808532543662125,6.119613153231774,11.4312787406035,1.4767138678850096,7733401.573035058,0,0,0.005219602343505188,0
26.9875660629092,0.21121959397331,4.41508165426867,0.421470241400428,4.59126139180768,0.327343765429189,0.758798538814425,0.0442972750848721,11.4381645078908,4.51354519123886,24.6509740354794,4.07182163454206,8.52196042866057,7434.54569683048,2602399.7565432163,8.52196042866057,37.7127412486029,5.932509100009103,11.4381645078908,1.4639753089352323,7736375.373168302,0,0,0.0051186338532917645,0
26.9757011033766,0.206506901115277,4.39301510792368,0.413209498880203,4.56907837105669,0.325904941807878,0.751111162058572,0.0538678182318291,11.4420844242905,4.33375659943675,24.7266417204116,4.06602046684707,8.47327146252969,7502.2121700858,2582415.0639151502,8.47327146252969,37.634527086218895,5.743716756998129,11.4420844242905,1.4535308292311921,7740054.584126734,0,0,0.005008069681776201,0
26.9642533002234,0.201548369861347,4.37664213590537,0.40576961748525,4.5527036211832,0.324913723246723,0.744205853909309,0.0654168919185487,11.4423330642116,4.15220599442746,24.8088581173168,4.06038116221076,8.43558381268682,7527.56025491354,2547177.380835014,8.43558381268682,37.5700366218146,5.554199075448627,11.4423330642116,1.4448488324546727,7744216.489686147,0,0,0.004863222926034934,0
26.9533212510881,0.19640090996925,4.36430465891905,0.398940517755608,4.54041315743239,0.324244605359004,0.737784618414608,0.0791151148112176,11.4382338617251,3.9703284181506,24.8975976830006,4.05500683228229,8.40564832955748,7535.8621760111,2505956.60497736,8.40564832955748,37.51540971893801,5.365121303847352,11.4382338617251,1.437397104608595,7748738.692024258,0,0,0.004703764388933484,0
26.942966576999,0.191118133943419,4.3549654028408,0.392586914332717,4.53112692172035,0.323817827629316,0.731662299256086,0.095173490535309,11.4291527232742,3.78898598189397,24.9930052179971,4.04998176059623,8.38142773048711,7548.39984771433,2466058.662788573,8.38142773048711,37.46824407672169,5.177173628389382,11.4291527232742,1.430845883248357,7753578.975176155,0,0,0.004544348917518174,0
26.9332470867348,0.185755127235946,4.34783139076626,0.386600898628812,4.52401964351043,0.32357091463364,0.725701834405768,0.113802198367851,11.4144801311827,3.60895388187766,25.0952026181133,4.04538752824143,8.36136291258815,7549.00377179761,2422279.319785929,8.36136291258815,37.42672689591566,4.990996367002445,11.4144801311827,1.4249462567526523,7758663.736709222,0,0,0.004376012204628747,0
26.9242510799707,0.18037755827491,4.34178113613666,0.380831919234462,4.51792957739017,0.323415384664078,0.719720352810358,0.135068179520457,11.3937242310168,3.43160031060407,25.2038587063737,4.0413174799575,8.34326179624793,7500.06885706441,2363150.4371810453,8.34326179624793,37.38830700848134,4.807768816545714,11.3937242310168,1.4193473917962027,7763831.454388577,0,0,0.004179920136593774,0
26.9160615083395,0.175050265831648,4.33575499172793,0.375137191886275,4.51176229669085,0.323266764056003,0.713554428078458,0.158925979735355,11.366566318114,3.25834405252086,25.3183798502669,4.03785537572587,8.32506056054885,7427.81308248278,2297836.6117061106,8.32506056054885,37.35058744661066,4.628730866061912,11.366566318114,1.4137210668593023,7768994.082928357,0,0,0.003974848698845296,0
26.9087225806548,0.169822526084938,4.32930389639758,0.369450439247354,4.50505650196204,0.323086557069077,0.707147027645607,0.185372595715313,11.3327632526527,3.08993735680504,25.438376400664,4.03505952829456,8.3058874451145,7353.73445245577,2233362.2513680924,8.3058874451145,37.31258952906139,4.454554466515216,11.3327632526527,1.4079349612687193,7774121.100317339,0,0,0.003774174574232127,0
26.9021733910974,0.164695647052106,4.32441933327223,0.363996453765204,4.49987094133729,0.323019826847003,0.70083447170531,0.215141733334416,11.2914634742099,2.92444935621117,25.5654114236138,4.03295164209492,8.2895954311217,7495.82320871405,2234403.136261997,8.2895954311217,37.27901006507655,4.283610960286549,11.2914634742099,1.4026298303789364,7779130.777964923,0,0,0.0036832643299591216,0
26.8961896131553,0.159573732255907,4.32910139763821,0.359697984716575,4.50446052970202,0.323660082792526,0.69589907957554,0.251421756654601,11.2391978915859,2.75368715272062,25.7069154945571,4.03156414152536,8.29163180416866,8245.91577903365,2410385.433526663,8.29163180416866,37.268582419836086,4.1089377640357885,11.2391978915859,1.4003424584192403,7783786.229248968,0,0,0.003862597032391869,0
26.8907391554494,0.154364867266157,4.35345441352307,0.357692861891856,4.52924126967082,0.325747513721763,0.693939680644745,0.299077248236685,11.169839333457,2.56906305706178,25.8731968678424,4.03114295619455,8.33145598220356,9355.21126509098,2677270.1134536974,8.33145598220356,37.30517976216781,3.9234841691481046,11.169839333457,1.4042679790180888,7787866.805867401,0,0,0.004145394007757804,0
26.886250625986,0.149091896005174,4.40467892564607,0.358732437351989,4.58163221107844,0.329788099570038,0.69610232439928,0.362227137993355,11.0768458695635,2.36879397756415,26.0712384289056,4.03221297692765,8.4228718945615,10570.1271025119,2955931.480290085,8.4228718945615,37.40627652003699,3.7265238880129514,11.0768458695635,1.4166862894002752,7791177.152842204,0,0,0.004386936491556857,0
26.8834606206004,0.143840507814996,4.48910299104259,0.363418708220987,4.66815967931825,0.336208144956923,0.703412969319628,0.444534446148319,10.9532189292882,2.15492131603147,26.3060127977046,4.03549478137283,8.57796745707799,11887.4566970063,3242714.3355862712,8.57796745707799,37.58760362127377,3.520986580089126,10.9532189292882,1.4396043865358001,7793849.842639703,0,0,0.004568277741335328,0
26.8833347825698,0.1386984487894,4.61542895036596,0.372552956623352,4.7978129305174,0.345598372639974,0.71728132292563,0.550500930300991,10.7899839683925,1.92954282538337,26.5837405670456,4.04191797082231,8.81336221175443,13432.0428221905,3568273.07345758,8.81336221175443,37.87070776443152,3.310165769843481,10.7899839683925,1.4757721553522791,7796485.346642416,0,0,0.004714507743432857,0
26.8871184374571,0.133762779208697,4.79263157011353,0.386881248957202,4.979879878122,0.35856363161426,0.739156062754962,0.684600562626944,10.5770014594511,1.69620768421481,26.9101675584877,4.0526094457621,9.1461442567392,15076.4959910566,3895158.8905435256,9.1461442567392,38.27799360822775,3.098779314886082,10.5770014594511,1.5280089087144557,7799154.201571126,0,0,0.004755267905146256,0
26.8962015759976,0.129142322987491,5.0245744630763,0.406535450615819,5.21839017490413,0.375340987829085,0.76965935693143,0.849213438010921,10.3059007257438,1.46139960950573,27.2869118761108,4.06868965339458,9.58353416638471,16731.6994123832,4200510.528689897,9.58353416638471,38.81984433234185,2.893670698950029,10.3059007257438,1.5974992629236957,7821373.575495747,0,0,0.004656644552999181,0
26.9118588239758,0.124924959507526,5.30848632428631,0.430946671456196,5.51053643064493,0.395703553397701,0.808346913126018,1.04423496520594,9.97148842596908,1.23257369983126,27.7113377185529,4.09106960679793,10.1200215924546,18396.2109544097,4486152.092858787,10.1200215924546,39.490803676394485,2.70168182086314,9.97148842596908,1.6833228940897198,7823013.529663638,0,0,0.004427721477379073,0
26.935033155806,0.121163144270465,5.63675613032495,0.459114557231294,5.84852339543119,0.419101513526248,0.854030672793062,1.26698815482423,9.57278309441861,1.01662838417247,28.1766487296608,4.12029021222136,10.740903409352,20102.2997929388,4762295.68823665,10.740903409352,40.27372256938321,2.5284522375427962,9.57278309441861,1.7830502091780547,7822690.510556596,0,0,0.004091510636325972,0
26.966131052834,0.117880914894276,5.99871718904941,0.48986982047455,6.22140125126642,0.444799229971993,0.905139002278137,1.51106421325843,9.11538209871254,0.819705041721861,28.6702990218237,4.15627372816109,11.4258130370496,21808.0522632146,5022226.0938500315,11.4258130370496,41.143938460768794,2.378540122406222,9.11538209871254,1.8933457650510133,7819977.517648912,0,0,0.0036605241486037895,0
27.0049037696678,0.115085178988279,6.38109910159135,0.521995828049336,6.61550953117814,0.471912837880145,0.95988627945758,1.76453395046875,8.61438974724991,0.647106481012599,29.1726060835787,4.19798577489818,12.1496869224306,23467.0845670873,5261274.792645975,12.1496869224306,42.07039252681263,2.2554697306810376,8.61438974724991,2.010151240918053,7814691.838777207,0,0,0.003158675865297746,0
27.0500921591347,0.112783836214756,6.75171768567678,0.552793062011655,6.99756258879443,0.498216401668964,1.01375502151182,2.00545368200213,8.10182178419138,0.504504624228837,29.6524949661199,4.24263745526144,12.8516018366742,24460.1186145799,5351130.754937814,12.8516018366742,42.9769207550131,2.160803318869368,8.10182178419138,2.123587047310902,7806847.101660955,0,0,0.0025662228975794,0
27.0993065795325,0.110983628205281,7.04324416249624,0.57662711665199,7.29782499205391,0.518916443112526,1.05673314078367,2.20268265565932,7.62680923908213,0.397196262483713,30.0713450822316,4.28545382495457,13.4035653248347,24287.7244422814,5196168.333804525,13.4035653248347,43.70363606283612,2.0912567182720987,7.62680923908213,2.212801838682842,7796551.774523721,0,0,0.0019418930337704067,0
27.150953544371,0.10967407254703,7.21073412473382,0.5900661898225,7.46968962742827,0.530795297031592,1.08196278534065,2.331760188057,7.22891554834611,0.326368877637721,30.4062546533117,4.32213073389457,13.720213884575,23797.4405394986,4989818.715576144,13.720213884575,44.14387564127487,2.0425847504939934,7.22891554834611,2.2638980388465004,7783433.856345356,0,0,0.0014263766738088336,0
27.2054234098673,0.108856153717909,7.27034990748312,0.595253159976602,7.52981066475675,0.53505313641156,1.09186365146188,2.38098134641961,6.9259733574789,0.291498549695077,30.6542151586311,4.35032072959134,13.8328421663126,23270.7718214913,4801622.243107479,13.8328421663126,44.336610083675126,2.017028853355404,6.9259733574789,2.282074642528572,7766850.688312337,0,0,0.0010304914484311175,0
27.2643316966531,0.108569236092951,7.26265977268132,0.596448028458567,7.52012148557883,0.534659511830954,1.0926171777891,2.34701866405599,6.72307378727972,0.29426194014874,30.8201132329754,4.36904753228849,13.819305186623,22899.2259240868,4682334.975859705,13.819305186623,44.37940690908483,2.022220702264253,6.72307378727972,2.280155896433623,7746771.094277213,0,0,0.000739533336346848,0
27.3301907467258,0.108897167086277,7.2300318924717,0.597973966759955,7.48440889667768,0.532710742410095,1.09080514604464,2.23297706646891,6.617547655556,0.339494160990185,30.9114408839861,4.37829593204974,13.7608822637151,22816.2779820263,4670244.470474142,13.7608822637151,44.37501855817614,2.06912686890739,6.617547655556,2.2715404840420135,7724023.878333892,0,0,0.0005328122125203349,0
27.4056719588502,0.109959118116881,7.19882797621587,0.602597001309611,7.44987205555149,0.531109633947635,1.09063064340959,2.04783196032576,6.60304992071829,0.434745361968663,30.9352855128677,4.37860333181147,13.7082052675519,22803.415430587,4730368.911552372,13.7082052675519,44.388668387401275,2.1692149402187826,6.60304992071829,2.2646098664256273,7699106.18691913,0,0,0.0003876945738236792,0
27.4928168655714,0.111887659816868,7.17640804554983,0.611093845750047,7.42406496314208,0.530322226126479,1.09329119309513,1.80762732378306,6.6693578392388,0.587851601363374,30.8992269396134,4.37103112582911,13.6753333792598,22803.962462071,4856133.638923502,13.6753333792598,44.43988479905184,2.331458515416575,6.6693578392388,2.261711404335377,7672654.7700766465,0,0,0.00029436420794956385,0
27.5928485094963,0.114823168138028,7.16313194740378,0.623327079877697,7.40734781693873,0.530262047218695,1.09881329820659,1.53368347576112,6.80233436582629,0.804824727899999,30.8124537066182,4.35709503596301,13.6626966643658,22830.3194409755,5051418.043621566,13.6626966643658,44.53055386727982,2.5618023949753015,6.80233436582629,2.2629148893476545,7644992.408485443,0,0,0.0002455015453422256,0
27.706196641549,0.118920153981686,7.16056930046414,0.639148316052526,7.40136577548046,0.530917398936162,1.10741053942872,1.24849444407407,6.98634993031729,1.08919820421694,30.6850415940456,4.33845825036093,13.6729637214516,22992.7133442026,5341747.54798334,13.6729637214516,44.664528125892694,2.8637415947530487,6.98634993031729,2.2686466716929816,7616077.083292288,0,0,0.0002349808158254251,0
27.8327325152946,0.124361760011661,7.17684703363698,0.659173353526421,7.41452343889381,0.532771394156301,1.12046020827895,0.971952349718196,7.20713090463276,1.44289815778957,30.5265568250646,4.31661009504565,13.72153914458,23412.1508321501,5762744.0285578165,13.72153914458,44.86086970379872,3.2401702162984005,7.20713090463276,2.2814674378902047,7586881.157743539,0,0,0.0002576727106902655,0
27.9715613487342,0.131359972701666,7.22433209714976,0.684716017825237,7.45954893467632,0.536646229309278,1.1401714900184,0.719976284897953,7.45288580709202,1.86651647066606,30.3454989226299,4.29274326235184,13.8322377738155,24124.9112498042,6338978.237469418,13.8322377738155,45.148336090414865,3.6934701621506787,7.45288580709202,2.3053833280526455,7558887.114858787,0,0,0.00031006800841931254,0
28.1195367992884,0.140057591547241,7.30642226115447,0.71617262342029,7.53988949411641,0.542740406790292,1.16722614359678,0.505117867330097,7.71246603726335,2.3553574230449,30.1507400496237,4.26792851269951,14.0116041631181,24861.0529639699,7009436.1476967735,14.0116041631181,45.532045319913884,4.219383229388004,7.71246603726335,2.3415244439776837,7533502.119219139,0,0,0.0003860119169611111,0
28.2693764832602,0.150324116814945,7.40207975671314,0.750678224341209,7.63387763727709,0.549508229398105,1.19780581040502,0.335841758690019,7.97277801810185,2.89239250357247,29.9533736180307,4.2433594857845,14.2184711465017,25179.5325061385,7624222.797466936,14.2184711465017,45.95365025820971,4.797007731248939,7.97277801810185,2.3829246710174883,7511086.517982193,0,0,0.0004728030029312707,0
28.4115740531084,0.161755127112381,7.48254986972987,0.783824308108999,7.71200802746681,0.554900080056115,1.22633833515305,0.212984629589851,8.22200054036866,3.45266924844988,29.7636817011957,4.22007159050372,14.3961462195827,25272.8471534888,8189789.110329632,14.3961462195827,46.332949800735626,5.395664525747902,8.22200054036866,2.419841540620819,7491596.457170046,0,0,0.0005648473777586595,0
28.5372532244405,0.173812200914292,7.53467495150311,0.813024680288338,7.76084657062423,0.558053289617737,1.24984516493355,0.130299288070006,8.4529515021456,4.01253626916043,29.5877682083009,4.198675656483,14.5181325688236,25220.7277363756,8694623.464474106,14.5181325688236,46.62751008232176,5.988428318833978,8.4529515021456,2.4475205760910264,7474657.839907229,0,0,0.0006576651092156023,0
28.6395258159053,0.18597934743756,7.57237862001743,0.839564513101771,7.79471800457537,0.560098171377315,1.27031212600484,0.0781251085354698,8.66391417970839,4.55626821972461,29.4264656312442,4.17932246153735,14.6109758578973,25569.113508199,9319961.038953485,14.6109758578973,46.86257659841959,6.561224949502338,8.66391417970839,2.4701654745850634,7461928.349849408,0,0,0.0007625815989006683,0
28.712654464534,0.197872763703624,7.6404005861105,0.869602514148007,7.85940488648456,0.56440434430308,1.29563597388918,0.0469119351518274,8.85792223334285,5.07843558993143,29.2756907518686,4.16179586445226,14.7619446732904,26690.5146480886,10242107.095217915,14.7619446732904,47.13997553317296,7.116269057627026,8.85792223334285,2.5023412165385763,7457122.923433921,0,0,0.0008919437976662442,0
28.7480652128797,0.209031996503245,7.76678109289152,0.90769225827214,7.98341414668258,0.573079914729987,1.33105312131617,0.0293226003650328,9.03560805459353,5.56626640514218,29.131829931581,4.14617419849041,15.0262534958068,27677.1521565112,11137722.92987355,15.0262534958068,47.51911774327534,7.646048218233349,9.03560805459353,2.5533169157214557,7460436.024167483,0,0,0.0010186950605846196,0
28.7364750114567,0.219053348406509,7.92342104468792,0.950150376768333,8.1378796903533,0.58407160133438,1.37156843643089,0.0199467218778238,9.19395538386272,5.99631747229594,28.9931786430593,4.13290655078516,15.3491650109937,28247.1318525493,11848278.06503583,15.3491650109937,47.922619509438036,8.122084483403665,9.19395538386272,2.6138104687609816,7470335.873170017,0,0,0.0011272153721843846,0
28.6729036087218,0.2277617419289,8.04474856517927,0.986920270086764,8.25592412828105,0.592549196623694,1.40504121135212,0.0151331326069087,9.33021937940537,6.34789799846891,28.8580530419047,4.12239875160041,15.6019627112916,28206.9942851946,12223507.276246049,15.6019627112916,48.1858487221736,8.511143260503447,9.33021937940537,2.6619788463429948,7482250.072538641,0,0,0.0012063840891821682,0
28.5589865343486,0.23505986714455,8.08139381761376,1.00979891195127,8.28744576108891,0.594872788133399,1.42207090304248,0.0128287273274066,9.44328707940229,6.60981014375568,28.7249026507754,4.1148390467455,15.6873300548294,27606.8840254175,12233299.791025048,15.6873300548294,48.18962858332297,8.792178896081946,9.44328707940229,2.6812242687948564,7489457.119126071,0,0,0.001256955393270608,0
28.4012642471957,0.240956575136532,8.03830513554168,1.01886189383144,8.23778949062722,0.591399969488198,1.42328614030113,0.0118853291855404,9.5346946353503,6.78310111776304,28.591554805181,4.11011313914732,15.6145596003558,26888.5353564415,12069637.460992076,15.6145596003558,47.951863452121906,8.966757981152758,9.5346946353503,2.673024005337799,7489329.6140736,0,0,0.0012957638204173744,0
28.2076818300249,0.245613270970906,7.94389702369527,1.01815139643998,8.13611395300719,0.584212478006214,1.41382570930176,0.0116252861643691,9.60759058070878,6.87587055654574,28.4552783940492,4.10793592103063,15.439269979739,26168.2049711968,11808318.600966861,15.439269979739,47.54949566144622,9.048308678919831,9.60759058070878,2.6467961591252087,7481191.708410655,0,0,0.001326662064984273,0
27.9863829464746,0.249252488009556,7.82314765125404,1.01145035637103,8.00797244541464,0.575139696969937,1.39833283290742,0.0117021115038346,9.6653650557787,6.89767254442457,28.3136857492166,4.10797733584363,15.210529002005,25491.2531104658,11493688.55979026,15.210529002005,47.05167841740122,9.051311430786935,9.6653650557787,2.610908055412306,7465410.90088167,0,0,0.0013524159175772965,0
27.745092763115,0.252074136386882,7.69421635869055,1.00157550580246,7.87192195421485,0.565512209743696,1.38025939116205,0.0119710108014412,9.71138250565242,6.85753993429117,28.1649384015109,4.10988250471384,14.964086814053,24887.1813196976,11158179.426576253,14.964086814053,46.51065231911548,8.988495151121779,9.71138250565242,2.5714819282250723,7443091.244399765,0,0,0.0013756087651799619,0
27.491103449874,0.254218842512935,7.56745800172272,0.99015554200514,7.73855250264684,0.556088966152227,1.36163711363156,0.0123800322489404,9.74879357242167,6.76329959906536,28.0081406922056,4.11327359470754,14.7203915227789,24315.7401116462,10797381.602702579,14.7203915227789,45.95921441854542,8.869901801973363,9.74879357242167,2.5320376700885627,7414910.198174924,0,0,0.0013948839910797775,0
27.2313307663037,0.255770070995623,7.44679844844446,0.977823671107747,7.61190335614242,0.54715698896448,1.34330338210329,0.0129128618153457,9.78040310385879,6.6217118878898,27.8436508549858,4.11775090858895,14.4872688375943,23768.3236545374,10417149.310670482,14.4872688375943,45.41408668406173,8.703271057684644,9.78040310385879,2.493942092784186,7381438.850486373,0,0,0.0014101769015798346,0
26.9710836059516,0.256766988796876,7.33821145474709,0.965529862477083,7.49808439366813,0.539154214587044,1.32646968675453,0.0135905056459943,9.80869933497543,6.43799506929144,27.6723510630573,4.12292857375435,14.2765470613183,23406.2963674906,10095324.30269768,14.2765470613183,44.89530020698235,8.495140637747735,9.80869933497543,2.4592271206707217,7345409.427618847,0,0,0.001431593180084005,0
26.7131304662228,0.257208159046431,7.25458348185207,0.955333290933653,7.41020358047179,0.533028518102897,1.31364214421472,0.0144968251989052,9.83584293089617,6.21465339563556,27.4947288334506,4.1284836893528,14.1136227853609,23371.8494210012,9895768.427140988,14.1136227853609,44.437129640844354,8.25060709490329,9.83584293089617,2.432216438336585,7311444.793615938,0,0,0.0014689278154719622,0
26.4600555524866,0.257060184374251,7.20340559543617,0.948543671723218,7.35584644907541,0.529332598882156,1.30633809467684,0.0157555194311302,9.86336833800587,5.95302081090051,27.3121157621004,4.13413158652063,14.0133504933012,23442.8519256462,9722479.680161608,14.0133504933012,44.06058214665464,7.972641000010512,9.86336833800587,2.415449906830281,7280976.258441138,0,0,0.0015088274640876614,0
26.2156600142523,0.256276396764451,7.18090248441997,0.944755016901055,7.33113672963249,0.527789918666469,1.30396806970761,0.0174976367696586,9.89198945998159,5.6557365569996,27.1275970141378,4.1396090497519,13.9684926788489,23548.9703923287,9545243.552133678,13.9684926788489,43.76048863034435,7.663436766433196,9.89198945998159,2.4077236385578873,7254227.927060614,0,0,0.0015458563546792417,0
25.9838037264615,0.254812332861807,7.1810778762968,0.943202478554367,7.32994551239898,0.527959242758636,1.30551435383246,0.0198480424915962,9.92162150613519,5.32700547507042,26.9451074479567,4.1447231416452,13.9674387477799,23654.3386046023,9350115.232469225,13.9674387477799,43.52631552316454,7.32632022682388,9.92162150613519,2.407090097921761,7228904.49097837,0,0,0.0015759127420147136,0
25.7679689971553,0.252655009915513,7.19505303212546,0.942701792042743,7.34321050274648,0.529184285903492,1.30941827528434,0.0228836686722481,9.95133550965905,4.97299520522494,26.7689397667877,4.14938587191263,13.9929361256559,23731.4206482553,9128103.079567341,13.9929361256559,43.34019189517332,6.9660450573478965,9.95133550965905,2.410656205194456,7200490.06257711,0,0,0.0015951545808070339,0
25.5706553300718,0.249831908373641,7.2140110529983,0.942106730628405,7.36192627712295,0.530810975127362,1.31413693718953,0.0266810288142989,9.97950462622577,4.60146450627507,26.603034059445,4.1536317281156,14.0278700312282,23829.5572433358,8901157.872552162,14.0278700312282,43.18347921151198,6.588964676552696,9.97950462622577,2.415565723321675,7168099.491096824,0,0,0.0016049228304319829,0
25.3931444571688,0.246407482516299,7.23546304980169,0.941258349380724,7.38351349285509,0.532652205840812,1.31932745956872,0.0313060643728589,10.0041017031155,4.22128981326825,26.4505613491276,4.15759701539161,14.0675523380066,23959.1782748646,8677578.25839932,14.0675523380066,43.05176649713213,6.203724990055318,10.0041017031155,2.4210798843751187,7132215.813845721,0,0,0.0016043165730517358,0
25.2355192983305,0.242498967292923,7.26270806533225,0.940888048379733,7.41127174127447,0.534948447848278,1.32574685460753,0.0366615436694763,10.0230766224388,3.84192512356375,26.3137884074196,4.16147185302954,14.1186543566373,24194.1910877542,8489663.462047838,14.1186543566373,42.953581423065685,5.820610449905802,10.0230766224388,2.428399173976128,7093944.447879576,0,0,0.0015973761010469123,0
25.0968281906023,0.238290582664026,7.30250684349798,0.942243452529033,7.45201858721931,0.538194260781955,1.33480811432248,0.0424177035293715,10.0347056159104,3.47266758858514,26.1940691289393,4.16544835448998,14.194628159496,24594.3870765901,8362873.014813221,14.194628159496,42.904890031617086,5.450359755452552,10.0347056159104,2.439888330132726,7054698.525151922,0,0,0.0015879957988202385,0
24.9761452035472,0.234057669404337,7.36204452206195,0.946667341147729,7.51299590322529,0.542912116435855,1.34802682077974,0.0479088921147197,10.0377653657912,3.12396426132776,26.0925476732342,4.16965940602459,14.3097850072428,25025.878930244,8258174.242429568,14.3097850072428,42.922849576602104,5.104971238934308,10.0377653657912,2.4580862659394205,7014908.380468462,0,0,0.0015686276744045224,0
24.8731492181323,0.230172169231184,7.43764277467773,0.95393410827231,7.59038318446851,0.548815305251489,1.36485514686008,0.052098364998434,10.0317760749451,2.80746825892477,26.0102156528443,4.17414068047569,14.4571617410992,25436.6685518475,8166851.742944892,14.4571617410992,42.9989519068936,4.795704572182752,10.0317760749451,2.4819589057892917,6974615.047834638,0,0,0.001539494722306775,0
24.7886453798301,0.227053861865817,7.50724792817203,0.961124853902565,7.66165823528325,0.554252403092176,1.3811854374564,0.0539768820639754,10.0172048924422,2.53555865461397,25.947711851809,4.17881251388755,14.5937508960455,25490.1953584464,7988272.5783871785,14.5937508960455,43.081168099602344,4.531220485269134,10.0172048924422,2.504376776383416,6932145.521950472,0,0,0.0014870874471009988,0
24.724436032923,0.225046517738237,7.53367146208317,0.963028048156712,7.6889127811103,0.556452519868843,1.38987289325674,0.0531058958579354,9.99562672991753,2.31932051242551,25.9047268921168,4.18348877979839,14.6467586934771,24924.9880086507,7647979.83485534,14.6467586934771,43.081420255137004,4.316080278602123,9.99562672991753,2.5131234261479904,6884527.868937603,0,0,0.0014061644489903283,0
24.6814141571229,0.224253653455716,7.50024575949858,0.957190502898575,7.65517345256672,0.554172518939669,1.38752027053588,0.0499223441237974,9.96924603229458,2.16237367578956,25.878840103911,4.18799575548065,14.5833691350543,24214.649052779,7297102.094794114,14.5833691350543,42.95997031501804,4.150875916276086,9.96924603229458,2.5026402747582948,6831065.080266743,0,0,0.0013308104262916278,0
24.6592441169061,0.224570758889212,7.42176404958808,0.945634809396462,7.57551938239581,0.548510051732488,1.37675540453286,0.0453161050655946,9.94008232047767,2.06139890513741,25.8663389769767,4.19224256276916,14.4323686181253,23508.4828992463,6982454.743698895,14.4323686181253,42.751998573441,4.034849828603999,9.94008232047767,2.477731904963485,6771762.062971639,0,0,0.0012705783508166113,0
24.6570795612083,0.225812957798034,7.32526160805245,0.932179437690543,7.47749662274769,0.541476551908231,1.36265661834415,0.0401397933448449,9.90968323428332,2.01033370374919,25.863497031453,4.19620020239444,14.2466159658109,23100.9210798676,6791862.413307375,14.2466159658109,42.5219633577494,3.9667240397315457,9.90968323428332,2.447272951262161,6709295.07573377,0,0,0.0012400516173597706,0
24.6742494479409,0.227793674311185,7.24628017117159,0.921980657548924,7.39730240475798,0.535717466670552,1.35209059011294,0.0350544963626892,9.87905738823681,2.00312796211385,25.8671537407713,4.19988200304651,14.0958041120426,23239.6489809254,6799686.43167079,14.0958041120426,42.355414412514065,3.946875316393481,9.87905738823681,2.4230189891195657,6648629.503355131,0,0,0.001250716381950779,0
24.7105326652135,0.23035629712823,7.20580256670829,0.918257638322934,7.35629155952386,0.532801274785836,1.34924055744505,0.0304639170978723,9.84922783637733,2.03534978738406,25.874936558248,4.20326033828767,14.02127866707,23513.9155198528,6887387.926568658,14.02127866707,42.3032825591277,3.9748277987850984,9.84922783637733,2.4119701639663824,6591299.0648303665,0,0,0.0012800459330975264,0
24.7651275650209,0.233350476416198,7.20108661260947,0.920753484286281,7.3516666408989,0.532536212353099,1.3536691420641,0.0265453124661513,9.82152847623938,2.10237647849998,25.8851280943667,4.20623274465726,14.0178300626982,23784.7946559931,7011815.414712919,14.0178300626982,42.35819013364895,4.045560943873483,9.82152847623938,2.4132365490983223,6537735.475500128,0,0,0.001320549949331917,0
24.8357626523112,0.236624665932569,7.21566150869918,0.927038748124078,7.36667264566383,0.533707993472277,1.3621631767277,0.0232860401711305,9.79732192150656,2.19764817515674,25.8967398076893,4.20865432382854,14.0531405592248,23758.1129417221,7077121.189647163,14.0531405592248,42.47763139093083,4.149418688095725,9.79732192150656,2.4213009311628375,6488080.077001077,0,0,0.0013549257959348335,0
24.9180977275907,0.240039149852259,7.21443711529757,0.931628262162719,7.36563353377784,0.533714379502319,1.3676912410365,0.0205313056905536,9.77761542165644,2.31183659177167,25.9095790082294,4.21038819816466,14.0580202656099,23201.8686728165,6993474.983014041,14.0580202656099,42.57124140921991,4.270216706287587,9.77761542165644,2.424335858496576,6442169.198567867,0,0,0.0013664241954831034,0
25.0072982659621,0.243459499801606,7.17224552732722,0.930211146848272,7.32301006575702,0.530684321578747,1.36503067013495,0.0182014974609445,9.7625873606926,2.43522231897851,25.924036699136,4.21138143752264,13.9824940167882,22545.3154727416,6871317.683443911,13.9824940167882,42.571939497409915,4.392927254083296,9.7625873606926,2.4137244248807344,6399953.210721817,0,0,0.0013756657191971223,0
25.0998996815612,0.246753553651233,7.0971321040062,0.923568101733942,7.24706777051028,0.525213842076851,1.35558093265948,0.0163087647414478,9.75180222225241,2.56030879433049,25.9406718696646,4.21165761030856,13.8420175640611,21931.1213606405,6750685.539420412,13.8420175640611,42.495215986199184,4.511060247697018,9.75180222225241,2.3919887992530144,6361427.385872158,0,0,0.0013885529490577522,0
25.1939463400267,0.24982118686347,7.00911815797004,0.914536003079496,7.15823852069435,0.518791610429525,1.34324360382237,0.0148372798325611,9.7446732365871,2.68166366315232,25.9599117198428,4.21126960338651,13.6758550678091,21527.5457486063,6686423.841476999,13.6758550678091,42.38769542288595,4.622695907491978,9.7446732365871,2.3657522565233773,6327255.675468974,0,0,0.0014143944839892443,0
25.2890630173254,0.252608309064713,6.93135658016996,0.906609601557071,7.08012343070298,0.513141285158844,1.33264726949052,0.0137608997715889,9.74071912570279,2.79555248465796,25.9820456212116,4.21026244483824,13.5296202639765,21473.3758235477,6727820.642296367,13.5296202639765,42.30554949346949,4.7284120931257965,9.74071912570279,2.3427642342864856,6298720.647798301,0,0,0.0014628212237626594,0
25.3853760998248,0.255080999861517,6.8776793119324,0.901979944804983,7.02681120043954,0.509295637782493,1.32662063097076,0.0130535723626548,9.73966121773403,2.89821863916754,26.0071994493533,4.20866222364984,13.4306715714058,21530.4997935435,6803856.173379474,13.4306715714058,42.28284382561649,4.827131733343515,9.73966121773403,2.3276925540809676,6276042.565591509,0,0,0.0015185661747745703,0
25.4826988207449,0.257206341716915,6.84788517893773,0.900662789754463,6.99807275139279,0.507243023665372,1.32516408424826,0.0126762301795767,9.74132981789928,2.98514013999785,26.0353011310567,4.20649212526044,13.3786526197244,21607.1331539917,6883177.000357478,13.3786526197244,42.31893299046043,4.914330307141643,9.74132981789928,2.3204776505083213,6258967.990994486,0,0,0.0015749224614795112,0
25.5803778684469,0.258953095951047,6.83254461446794,0.901167120378351,6.98424917486504,0.506281712515396,1.32636757653483,0.0125661848028767,9.74552189385648,3.05171150949984,26.066148280785,4.2037884370235,13.3548783178651,21502.5115891669,6895802.407413326,13.3548783178651,42.389941163159506,4.983559409265306,9.74552189385648,2.3179167007828605,6247189.699823621,0,0,0.0016189287952654437,0
25.6769023089931,0.260304465759368,6.81123120546784,0.900207135874385,6.96444402170398,0.504886165992284,1.32603336023292,0.0126233458662504,9.7518149001025,3.09417517001331,26.0993798774822,4.20062981709649,13.3188146288122,21045.5851804162,6777445.0974001335,13.3188146288122,42.444008664023876,5.027017300980913,9.7518149001025,2.3130615164321506,6240396.958804446,0,0,0.001635622987991674,0
25.7708747743682,0.261252988449373,6.76799063938732,0.895111638695493,6.92231692009954,0.501859581000017,1.32081476689877,0.0128034919695166,9.75961710181328,3.11102293493729,26.1346801877933,4.19711649836283,13.2386611212376,20512.3175178662,6611379.9494651705,13.2386611212376,42.44022130889872,5.039936103349755,9.75961710181328,2.300439148425832,6238037.061907776,0,0,0.0016358713056355341,0
25.8616540613544,0.261773092787839,6.70520033629318,0.88612640978701,6.86024608413909,0.497372314889768,1.31110483120961,0.0131673040757874,9.76834036451204,3.10254564208233,26.1719018414969,4.19333701925071,13.1189209960471,20003.7611734174,6432292.340220938,13.1189209960471,42.383477130460896,5.022928692029043,9.76834036451204,2.28078121859856,6239462.838677667,0,0,0.0016274934594224394,0
25.9487186665317,0.261820539037035,6.6302494886358,0.874401339258151,6.78574420617986,0.491972045462435,1.29836821704375,0.0138218095326686,9.77736005164823,3.06972453823283,26.2108174491054,4.18939035422702,12.9741503965279,19498.4531943332,6237114.732129078,12.9741503965279,42.29127450214873,4.978370856403712,9.77736005164823,2.2565548973715868,6243916.33814245,0,0,0.001611030721971523,0
26.0314522384392,0.26133956958636,6.54768830378849,0.860709599237428,6.70344235046424,0.48599700011435,1.283522496134,0.0149149468593652,9.7859514839171,3.01397318376112,26.2509704502092,4.18540503531351,12.8133762411735,18963.7934447728,6018662.942668546,12.8133762411735,42.17415155776408,4.908584107277034,9.7859514839171,2.2292935169498427,6250567.218442027,0,0,0.0015838165830803755,0
26.1093989159808,0.260259465382499,6.46068179560339,0.845619336736613,6.61656936268208,0.479683071908976,1.26721033631662,0.0166739405429483,9.79327741061158,2.93704241392841,26.2917480977795,4.18153653399498,12.6429102199318,18447.8879753217,5795172.527125685,12.6429102199318,42.03942228461098,4.815976769948482,9.79327741061158,2.2000661378385438,6258871.864338234,0,0,0.0015490124648948852,0
26.1824472223193,0.258489428999866,6.37263847872531,0.829733493618728,6.52860979604922,0.473285425100633,1.2501238063795,0.0194558787215839,9.79835413328838,2.84084305896629,26.3325153952557,4.17796382273027,12.4695504169011,17968.0929173834,5574657.194008095,12.4695504169011,41.89532765119255,4.703170899833232,9.79835413328838,2.1700201069863994,6268440.388749248,0,0,0.0015072616574941763,0
26.2505224034206,0.255937710093526,6.28325151483872,0.813093045800209,6.43925001345742,0.466783256300392,1.23220125543795,0.0237513478736067,9.79996211773855,2.72793266873728,26.3725497901311,4.1749079129442,12.2927586459367,17396.9144212946,5319741.881608659,12.2927586459367,41.74103919934882,4.572741229553084,9.79996211773855,2.1390516297684594,6278619.342916813,0,0,0.001447584779031165,0
26.3133544219031,0.252560478851779,6.18596606466253,0.794789800899699,6.3417796269994,0.459689969953442,1.21211602230965,0.0300873666257458,9.79673160647365,2.60240884548803,26.4109830393408,4.17262530921205,12.0996480256831,16603.6540058937,4993806.937138413,12.0996480256831,41.560256385579606,4.427624847087917,9.79673160647365,2.104962262368243,6288512.623987585,0,0,0.0013603397500446066,0
26.3710479504376,0.248376960534841,6.07685563120065,0.774287362343985,6.23216689844722,0.451715122171002,1.18907640552438,0.0389724938266321,9.78745169437852,2.46895405352892,26.4471859398054,4.17133700779197,11.8824967056971,15778.0644320631,4658799.6689039655,11.8824967056971,41.34352633065968,4.271824702816539,9.78745169437852,2.0664465187325054,6297785.097733632,0,0,0.001263771357777575,0
26.4243016922966,0.243450177678145,5.95935994001629,0.752143595304878,6.1139110420318,0.443118088228088,1.16378928131747,0.0509512639797641,9.77116003737077,2.33132902681415,26.4810025088812,4.17119726742271,11.6481183563822,15000.7673098397,4341991.8153455295,11.6481183563822,41.10007381687328,4.109801005814251,9.77116003737077,2.0246866779085484,6306345.77329561,0,0,0.0011667979107649344,0
26.4739899738685,0.237883220721986,5.83965288773393,0.72932374558183,5.99331034797184,0.434361427149085,1.13752272551755,0.0666048938570588,9.74706480172132,2.19233642390407,26.5125759495827,4.17231552902371,11.4087282861399,14324.0161487996,4060354.1096274443,11.4087282861399,40.84604432854472,3.945567991818778,9.74706480172132,1.9817964767228031,6314244.709724783,0,0,0.0010752699584103236,0
26.521029709013,0.231799242072427,5.72454150659927,0.706877790010309,5.87731673248142,0.425953327085218,1.11167392873598,0.0866092577885888,9.71441255938282,2.05374453798259,26.5422641113626,4.17478028256277,11.1777884890751,13793.2683842361,3826881.3626503996,11.1777884890751,40.59919223599763,3.782215785963344,9.71441255938282,1.9401063753302863,6321625.359963131,0,0,0.00099339779282887,0
26.5661750041182,0.225339384249406,5.61856364135675,0.68551410151541,5.77056446342185,0.418230338330209,1.08718483661495,0.111682577875416,9.67245397782873,1.91683741494395,26.5704969338544,4.17867417182352,10.9642836711984,13344.8786944335,3622930.861309601,10.9642836711984,40.371571769606774,3.6219226377881433,9.67245397782873,1.9011886882656162,6328531.235098644,0,0,0.0009168210305914375,0
26.6099010782141,0.2186643738178,5.52290544802094,0.665444187513353,5.6742600583819,0.411276309463047,1.06432979837575,0.142417305652037,9.62057826904565,1.78293228732979,26.5976854336072,4.18406173075901,10.7705908401432,12946.0910242322,3438908.441226293,10.7705908401432,40.16678125378689,3.466273957513874,9.62057826904565,1.8654963585635485,6334976.9350010315,0,0,0.0008437973722997029,0
26.6525489710242,0.21192851749601,5.4375011739044,0.646686501495817,5.5883320131328,0.405079617412258,1.04313546517831,0.179290068638058,9.55828767885805,1.65309539370932,26.624274722244,4.19098905407379,10.5966154330424,12606.4155251315,3276638.250240456,10.5966154330424,39.98521225964379,3.3163624477978284,9.55828767885805,1.8330595867643313,6340880.257809319,0,0,0.0007753972379942611,0
26.6944348515669,0.205258603517299,5.36242193869936,0.629266532382574,5.5128524438707,0.399637332881528,1.02365510635667,0.22276221564805,9.48505122150308,1.52793324708795,26.6507808940133,4.19950190962155,10.4425242215901,12345.7260393734,3140209.1252672332,10.4425242215901,39.82752680927503,3.1728331191651162,9.48505122150308,1.8039446070900147,6345981.826412895,0,0,0.0007128465843786532,0
26.7358107670939,0.198754809178674,5.29747800921462,0.613165853317138,5.44762815620056,0.394926022271528,1.0058909800424,0.27322681937091,9.40032428538881,1.40783847782227,26.6777520155578,4.20964596594051,10.3079669236052,12137.5212785369,3021647.224961599,10.3079669236052,39.69365459731881,3.0360618271573903,9.40032428538881,1.7781225520822852,6350160.96411965,0,0,0.0006543903263565479,0
26.7768168654915,0.192495675239576,5.24180152522582,0.59826803830669,5.39177249955778,0.390871464153332,0.98971371566199,0.330868110163459,9.30369318271837,1.2932179833344,26.7057212593612,4.22144954991588,10.1912607035916,11965.856173524,2916093.7902521444,10.1912607035916,39.5817397836367,2.9063121379261014,9.30369318271837,1.75533319464238,6353428.61030412,0,0,0.0005991446792548429,0
26.8175323233853,0.186534486189099,5.19439057482274,0.584435424026117,5.34426270068352,0.387390079535589,0.974967692168283,0.395682341967546,9.19485708200263,1.18439488543537,26.7352131749799,4.23492547556956,10.0904592595358,11828.7916339165,2822368.6135942247,10.0904592595358,39.489513280810655,2.783735577279317,9.19485708200263,1.735265186202904,6355928.126446609,0,0,0.000547060167039074,0
26.85801222918,0.180899709572693,5.15444417405758,0.571555253605098,5.30428272291453,0.384414415457405,0.961534518544596,0.467536545652404,9.0735726431653,1.08155019357835,26.7667465534882,4.250078500117,10.0040090849377,11728.3869407796,2740283.802459298,10.0040090849377,39.4151430233319,2.6683730212358148,9.0735726431653,1.71766702188525,6357939.651671863,0,0,0.0004981983429637784,0
26.8982847419496,0.175600342573578,5.12130064058246,0.559532098621243,5.27115962226949,0.381888907958429,0.949320148344376,0.546169209674019,8.93967397523717,0.984768389156475,26.8008149163281,4.26690366821463,9.93062858662488,11658.5219607654,2667766.5267693587,9.93062858662488,39.357086502299175,2.560190337951131,8.93967397523717,1.7023279063703334,6359625.171690528,0,0,0.0004522179405069677,0
26.9383424205627,0.170631531137912,5.09431967385101,0.548273073948702,5.2442424400808,0.379761407603115,0.938231688509379,0.631170575716661,8.79312743356828,0.894084029784331,26.8378591663948,4.28538017384082,9.86907772672223,11614.3823010902,2603183.519274966,9.86907772672223,39.313802235693615,2.4591055250086815,8.79312743356828,1.6890403245961112,6361053.555612262,0,0,0.000408887409251458,0
26.9780174810539,0.165985272253386,5.07167249971595,0.537539621514895,5.22166213266861,0.377894835462972,0.927948074059965,0.72159031426042,8.63460271679061,0.809745333354036,26.878111635535,4.30539977939164,9.81580333391021,11513.6270210517,2527982.370215458,9.81580333391021,39.28071991672968,2.36505369226408,8.63460271679061,1.677207383146126,6362154.629054237,0,0,0.00036570578482960817,0
27.0168138575246,0.161658627924865,5.04878514053002,0.526768177857703,5.19873678892939,0.375954941416967,0.917627707153621,0.815292458117706,8.46650756495683,0.732454778066107,26.9213061829593,4.32663685558016,9.76192151584902,11247.3766389415,2419371.515510561,9.76192151584902,39.24634524133716,2.2779820493469396,8.46650756495683,1.665340172070637,6362740.265286836,0,0,0.0003207712362916535,0
27.0542533653401,0.157636527360977,5.02159109340572,0.515481124656962,5.17130615788156,0.373649647003716,0.906525172050818,0.909951674792991,8.2918487526009,0.662603894135768,26.9669061970299,4.34869518915231,9.69955988279948,10925.0755596084,2302472.824081399,9.69955988279948,39.20044308769986,2.197630439619538,8.2918487526009,1.6521200376997864,6362788.559165746,0,0,0.0002788208152754931,0
27.0901869834479,0.153885257582338,4.98941974005433,0.503626773172077,5.13869039428863,0.370937709851443,0.894534657016767,1.00422786035091,8.11256517946946,0.599836295410433,27.0145123788215,4.3713206952063,9.62746262295739,10610.8498125424,2191174.788392192,9.62746262295739,39.14128151541349,2.12355677656396,8.11256517946946,1.6373354427546771,6362349.106426413,0,0,0.00024166591297916602,0
27.1251331765082,0.150350077406852,4.95799717642292,0.491895197770568,5.10676484877379,0.368242611755718,0.882745273365973,1.09919894678246,7.92711458371474,0.542762978927849,27.0645368950681,4.39470569446194,9.55677831267185,10633.6310236237,2151954.5813378072,9.55677831267185,39.08312836200402,2.055299615426955,7.92711458371474,1.6228444475903157,6361490.26731262,0,0,0.00021514271758000367,0
27.1609146094983,0.14694554884069,4.94476990553653,0.482265430063878,5.09341397682384,0.366831507016033,0.874425956084948,1.2009751574039,7.72572873075972,0.488430060081643,27.119567235448,4.42008532079546,9.52131655817733,11482.8520699901,2277932.5753699755,9.52131655817733,39.069566933864216,1.992628547460756,7.72572873075972,1.6142771759088506,6360110.550040153,0,0,0.00020381217254519929,0
27.1993428712939,0.143607230784969,4.96789651248026,0.47669069203942,5.11724368447292,0.368012841414447,0.872972207157405,1.31613763486981,7.49646782392698,0.434690238218885,27.1828424368468,4.44897107078301,9.55616569979662,12729.2774218611,2476375.1597466515,9.55616569979662,39.14576603964332,1.9361327175669634,7.49646782392698,1.617467089306395,6358017.894272372,0,0,0.00019368011483188253,0
27.2409050205796,0.140322171532795,5.03666975356377,0.476036594484829,5.18777293787575,0.372451592575778,0.880129604452781,1.44644934891736,7.23375430905871,0.381759304248967,27.2558089938795,4.48208167915183,9.67917992636784,14057.0948966118,2683777.4505773787,9.67917992636784,39.334287675065305,1.887294868780423,7.23375430905871,1.6353711425323971,6355182.956462865,0,0,0.00017772370973851066,0
27.2857504784464,0.137088611801372,5.15798615819689,0.480838676112943,5.31207343138245,0.380643013548849,0.89718957919825,1.59197103618847,6.93406241805918,0.33045386950684,27.3390362482623,4.51990114145245,9.90353504238231,15605.4400149178,2927154.079622765,9.90353504238231,39.651569948687154,1.8477695753750967,6.93406241805918,1.670160207528375,6351895.870463245,0,0,0.00015728266267665196,0
27.3346511803779,0.133892197195991,5.34587989931079,0.492304407119462,5.5045544091201,0.393605137900819,0.926734117032966,1.7544481807842,6.59025412653057,0.281116035484082,27.4335112770263,4.56341196172651,10.2561300998287,17669.149714767,3261560.667983943,10.2561300998287,40.13162134805803,1.8197241726894955,6.59025412653057,1.726274693811257,6348700.949572895,0,0,0.00013332785971587524,0
27.3883550624659,0.130727091836719,5.61657732400598,0.511755537758576,5.78190680653348,0.412527111927961,0.971697436565807,1.93421290386972,6.19702160411515,0.234517221018613,27.538718810091,4.61343699516373,10.7680181896008,19931.7002235576,3629892.5890812376,10.7680181896008,40.81354637109442,1.8059698308568966,6.19702160411515,1.808830869055091,6345937.758932662,0,0,0.00010166233912064695,0
27.4471206045129,0.127612877981205,5.97389083307755,0.539191565443304,6.14812857739342,0.437715120907533,1.03266243581957,2.12715873504342,5.75789070926956,0.192128734740842,27.6502013961815,4.66978114297649,11.4462907781411,12994.0998848524,2342331.497566558,11.4462907781411,41.70632201513548,1.8081810896409383,5.75789070926956,1.9189575217038475,6326581.72735846,0,0,0.0,0
27.5111760591957,0.124599820528488,6.40316302361603,0.57287764306918,6.58831268961269,0.46815481793238,1.10682149262867,2.3234410566978,5.28708654026127,0.155468303500486,27.7587506076116,4.73099836575811,12.2626038726395,24386.9156898916,4366290.2081055,12.2626038726395,42.775105546583134,1.8255766564692806,5.28708654026127,2.051925835939377,6325333.166058946,0,0,2.6597695653112605e-05,0
27.5823520053368,0.121855621357706,6.90085069220819,0.612503205797538,7.09911331180747,0.503667436108839,1.19401531530741,2.49606662307941,4.80149606553043,0.125981595297622,27.8526309127893,4.79538135046328,13.2107907085773,26320.3772064026,4701891.264086619,13.2107907085773,44.01435758792396,1.8592039882701552,4.80149606553043,2.206852801330266,6324703.953307386,0,0,7.429180330411531e-05,0
27.663466881623,0.120919984424538,7.41084019223461,0.653061128593437,7.62340752739265,0.54026761036795,1.28644085496118,2.5813319130127,4.31869592817533,0.111305664345644,27.921850605201,4.86089994009067,14.1851948910214,28110.4791211835,5028216.990514018,14.1851948910214,45.29840417959736,1.9094534452839085,4.31869592817533,2.367021956580503,6324766.358480968,0,0,0.00019641466322709806,0
27.7592240345446,0.137366677534196,7.8922034308328,0.691327778769207,8.11958054228758,0.575141927614779,1.38298115455109,2.51035580780026,3.83596664517818,0.137169534378594,27.9635667063661,4.92789620663042,15.1119478868048,29748.0773111475,5358140.307986594,15.1119478868048,46.557825546134254,1.9975239517902377,3.83596664517818,2.5250454477001436,6325775.374265765,0,0,0.00047355568354832007,0
27.8731268847877,0.238245976610518,8.29777178405579,0.723704673104684,8.53909417378008,0.605043723138598,1.49178181868497,2.25034933466444,3.34723510009026,0.253764774574018,27.9681027472556,4.99770988361427,15.9111404472424,30531.3329867478,5603085.744418661,15.9111404472424,47.76876903416234,2.1694099567754934,3.34723510009026,2.68674919701764,6328399.905406191,0,0,0.0012130935235831514,0
28.0034612809263,0.575700031038358,8.54669223087175,0.743570280070536,8.79829194654111,0.624012409699057,1.6189144630678,1.83891001812929,2.86355411975707,0.516142149233016,27.9120511959799,5.07024840343418,16.4399565885982,29976.0620363411,5706141.611049783,16.4399565885982,48.91064264221491,2.4730639731423265,2.86355411975707,2.869297906218056,6333712.127044164,0,0,0.0027921194760744273,0
28.1446586671317,1.36109251028796,8.60567985263665,0.748618109353078,8.86251580069496,0.629238197683269,1.75680903778414,1.36733858860651,2.4035717415403,0.954281739738246,27.7727457892754,5.14426822559995,16.6333578941587,29007.0150598105,5853690.2207378,16.6333578941587,50.10861217557175,2.9387443824649746,2.4035717415403,3.1145971532276047,6342710.788556263,0,0,0.00546058036410287,0
28.2908728288431,2.79644495983779,8.52337039522481,0.743888468953488,8.7812595007586,0.623832973121911,1.88115275842226,0.924802910741723,1.98052194353576,1.56921635413302,27.5396884506033,5.21840191351008,16.5644770980953,27897.4876671272,6106412.421469835,16.5644770980953,51.640821885161955,3.5783568008010054,1.98052194353576,3.4809197606274567,6356302.352914206,0,0,0.009188315018119718,0
28.4362332725126,4.99327505092979,8.35731166299124,0.734726936183524,8.61294396013375,0.611759051176354,1.96367863835422,0.568891548859592,1.60380031222841,2.33974252909739,27.2161811541029,5.2909427884835,16.3198092784538,26685.373436445,6452866.733113428,16.3198092784538,53.70992857228148,4.380488767489286,1.60380031222841,4.005328276201124,6374745.392052264,0,0,0.013667375122362125,0
28.5755715338413,7.93016708822672,8.14716967577855,0.72423597370478,8.39773519978453,0.595921691427384,1.99200674771268,0.318253297860628,1.2787160268118,3.23172306054113,26.8158765195063,5.36023896084504,15.9628639678027,25403.0484653451,6856617.6269399095,15.9628639678027,56.36280791047594,5.315229280598467,1.2787160268118,4.690303402435531,6397520.112432116,0,0,0.0184696685846198,0
28.7052154207107,11.4831925410219,7.91795397305688,0.713822852731443,8.16113537042972,0.578318554134288,1.97071523797385,0.162205864199591,1.00615000530086,4.20753608503866,26.3573288267591,5.42510057680401,15.5410118279086,24127.1570099063,7287519.785361964,15.5410118279086,59.530353950058775,6.344909664106632,1.00615000530086,5.512592755822043,6424157.100700966,0,0,0.023224058704684004,0
28.8231973323762,15.4845843356849,7.68587356214955,0.704083464653498,7.92002306536415,0.560350748549432,1.91362383376728,0.0760424718165484,0.783408594790755,5.2326735987447,25.8593652524738,5.48491013541086,15.0916398809738,22903.3699143391,7717838.455711168,15.0916398809738,63.09173634254501,7.432975004242951,0.783408594790755,6.437786409051197,6453966.525875838,0,0,0.027670735932319685,0
28.9285350078422,19.7501837963084,7.45536256158082,0.694567199883671,7.67946887757956,0.542521974488005,1.83580045969644,0.0336735732821625,0.606102251439387,6.27426348243578,25.3409000002217,5.53931827969334,14.6318044415659,21586.5816918723,8059136.001085089,14.6318044415659,66.8864398773791,8.542668099476426,0.606102251439387,7.424479750753738,6485296.921266082,0,0,0.031398964910804086,0
29.0206432834265,24.0841092343912,7.21886260841809,0.683575339289599,7.43232764645349,0.524386206647006,1.74897619701446,0.0146332672914464,0.468893549376995,7.29745450999955,24.8224945990623,5.588011139855,14.1547513669432,20054.1659651131,8213356.973012784,14.1547513669432,70.71288051564035,9.633295441418538,0.468893549376995,8.42422985494664,6515209.519443472,1,1,0.03395456455257969,1
29.1000363759105,28.3348684739671,6.97431364644623,0.670112296440877,7.17695245427424,0.505823089168789,1.66103351991792,0.0064329613416916,0.364689060696118,8.2757476774839,24.3206753530398,5.63111938677837,13.6613233802738,18575.6986234085,8255481.5476097725,13.6613233802738,74.42313985612566,10.674347506329624,0.364689060696118,9.400321277175012,6541175.535266931,1,1,0.035632348087302194,1
29.1686397322874,32.4497115412874,6.73452527369816,0.655241432194053,6.92670458282487,0.487745282381851,1.57756521829587,0.0028985321565343,0.285533994989129,9.20227856147863,23.8413285680323,5.66946506412526,13.1781586976314,17242.1317411088,8236356.622174457,13.1781586976314,78.0001330629696,11.659574782847642,0.285533994989129,10.344401712575959,6560939.893440942,1,1,0.036733925057933534,1
29.2277138182164,36.3661862104888,6.50028156789278,0.63858786992387,6.68255777788667,0.470198881617692,1.50071982974506,0.0013532849124288,0.225629446420503,10.06719879752,23.3913257979605,5.70349914600437,12.7077734887458,16173.3644460334,8230135.583937371,12.7077734887458,81.38624595577129,12.577621848518508,0.225629446420503,11.241493112630533,6573655.512568447,1,2,0.03761803600602279,1
29.2796750416465,40.1002185848348,6.28893460200305,0.622539428190533,6.46233221170795,0.454422682495296,1.4360116830774,0.0006620124877628,0.179768202380022,10.8841658502726,22.9651328945937,5.73434229380357,12.2854758714547,15480.9423542949,8337780.834497471,12.2854758714547,84.64413423395553,13.445570891612325,0.179768202380022,12.101825816030882,6581088.408787515,1,3,0.038847559022789614,2
29.326132995776,43.5850749893146,6.10420462667013,0.608185202424491,6.2698910649525,0.440677081997834,1.38651707348005,0.0003533758672001,0.145445574802715,11.6626326849384,22.5602467887594,5.76267858796865,11.920438236539,14977.5985104262,8492598.899684878,11.920438236539,87.7206830346156,14.272758723316322,0.145445574802715,12.910644648633761,6584242.6774266325,1,3,0.04016587029932288,2
29.3680326048544,46.6733363118186,5.94644085351533,0.596013803082686,6.10569199450178,0.428981111023728,1.35271540572479,0.0002258340352234,0.122575217910942,12.4052279377694,22.1783374655531,5.78869830158173,11.6140059759068,14572.9465877846,8655870.101631703,11.6140059759068,90.47121208452133,15.05935243012169,0.122575217910942,13.63143688631289,6583838.996563692,1,3,0.04141148822841608,2
29.4059511474296,49.1988415698742,5.81172923231938,0.585863757092884,5.9658227790596,0.419039935503783,1.33320028610917,0.0001803781657522,0.113193528418524,13.1090336145666,21.8233483047419,5.81214525220885,11.3584825038492,14172.5713148378,8772474.917445252,11.3584825038492,92.72044870738861,15.798784158208976,0.113193528418524,14.221330821896457,6578136.016131313,2,4,0.04232601045666299,4
29.4401923344374,51.0290305871997,5.69291005164273,0.577010183813704,5.84303393860042,0.410317245429177,1.32617629365849,0.0001707825136317,0.120685566234012,13.7657672024159,21.5004486864377,5.83239266060367,11.1398525652827,13683.6835804421,8777648.072197996,11.1398525652827,94.31867063478161,16.479112663531353,0.120685566234012,14.644801512621612,6562881.234641522,2,4,0.04259772433814372,4
29.4710779868668,52.1104852954412,5.58410487374185,0.568761477301007,5.73135672183808,0.402366485884823,1.33016519021111,0.0001791206733757,0.148635856453175,14.3676405792997,21.2128006443707,5.84876209027127,10.9465138023614,13205.8653886455,8729972.349093249,10.9465138023614,95.19831803128487,17.090569381412337,0.148635856453175,14.886506024710375,6537800.499425061,2,4,0.04251687140614835,4
29.4990880764245,52.4663230147575,5.48327134600993,0.560879980803369,5.62870999225572,0.395021079535071,1.34418621495586,0.000196260777396,0.200296226636749,14.9112523995575,20.9601099781326,5.86072633251938,10.7741399370906,12785.3249619603,8664984.411550567,10.7741399370906,95.37747970474194,17.62991164942672,0.200296226636749,14.951421724841946,6504641.190534591,2,4,0.04226973676149377,4
29.5247227236379,52.1620823619481,5.39011695118654,0.553359791154552,5.53476460448401,0.388247299826076,1.36705800702421,0.000213926504721,0.278394930666751,15.3953497734067,20.7404481085336,5.86787431616933,10.621471067756,12433.1046482244,8598413.751128314,10.621471067756,94.92035173926139,18.09719171148446,0.278394930666751,14.855576617882551,6466879.799647947,2,4,0.04194741028462449,4
29.5484566875974,51.2819116418955,5.3050164525673,0.546298298140948,5.44983727957575,0.382066033947147,1.39714205896638,0.0002274318980871,0.385030748939958,15.8196817859752,20.5513636298904,5.86989289785973,10.4881829465092,12152.9628327505,8541050.313354865,10.4881829465092,93.91072845269042,18.49396187900581,0.385030748939958,14.619732920681646,6428418.867588882,1,3,0.0416156406496859,2
29.5707206198251,49.9150769930403,5.22824396129943,0.539791247200564,5.37411105423309,0.376495670762412,1.43241848984895,0.0002360025580964,0.521554627609349,16.1842404408451,20.3905946513305,5.86655706591567,10.3735229624064,11925.1100215734,8485841.777626129,10.3735229624064,92.43685803620984,18.8221115474831,0.521554627609349,14.26581285947444,6391087.662553821,1,3,0.041251672735552275,2
29.5918976500309,48.1502091468155,5.15959481876614,0.533872145835613,5.30725846492444,0.371522696565665,1.47073436935157,0.0002407862285417,0.688400111515669,16.4889781199329,20.2563988867895,5.85773964178925,10.2757636146297,11736.0390630365,8428275.28141586,10.2757636146297,90.58508929228984,19.08339576798773,0.688400111515669,13.815408895256365,6355878.877975163,1,3,0.04084428893579188,2
29.6125824347105,46.0462232333333,5.10293209423117,0.529171079582523,5.25313318818376,0.367429137045166,1.51143091212502,0.000244619390517,0.887722894953067,16.7366168678227,20.1462498974064,5.84320679841482,10.2016106556814,11856.141862092,8568986.657567192,10.2016106556814,88.42290207921144,19.28249568417649,0.887722894953067,13.284207022820365,6325413.233160339,1,3,0.04136651884890251,2
29.6339453401978,43.5745262427146,5.07236974060591,0.527878540342161,5.2261426420346,0.365242465804938,1.5571092475999,0.0002536417850793,1.12990774554937,16.9319948114075,20.0566889112963,5.82184257211258,10.1787773995384,12685.6005100429,9206516.81228517,10.1787773995384,85.9572142192999,19.426403023478297,1.12990774554937,12.66975489751526,6305083.414261474,2,4,0.04422851473160071,4
29.6572312271435,40.6726069269785,5.08242029460655,0.532386678885956,5.24108391331252,0.366026929441321,1.61009646178132,0.0002755809410104,1.43013949350688,17.0699553825939,19.9887454504635,5.7915863049364,10.2356473102038,13835.6976121546,10061404.612053934,10.2356473102038,83.16185243214967,19.511640389156938,1.43013949350688,11.961206081509202,6297416.987275552,2,4,0.04803602881652576,4
29.6832756387921,37.3465980619645,5.1392606484413,0.5439179090077,5.30412227126694,0.370248963723869,1.66959324957036,0.0003160307449794,1.79858241933273,17.133143209882,19.9497366210743,5.75044969651456,10.3832726106468,15049.278322679,10937894.925641255,10.3832726106468,80.05701674276675,19.522413696679546,1.79858241933273,11.161740824192119,6302841.42076483,3,4,0.05182641438158637,4
29.7123906492052,33.7155526872754,5.23465110674407,0.561496238339178,5.40657279207855,0.377326520434845,1.73086797096582,0.0003750690254453,2.23308013683931,17.1020135561273,19.9497444585284,5.69772419278612,10.6035424432526,15824.045523812,11457876.482227925,10.6035424432526,76.73885796504305,19.44026798124912,2.23308013683931,10.297658706603864,6317034.672634937,3,4,0.05383030716683937,4
29.7438478070096,30.0391889011536,5.33516093122663,0.580203170880634,5.51392515089685,0.384830934310365,1.78411679415989,0.0004412463347156,2.7095403209349,16.9700156326006,19.9953535299241,5.63574657574738,10.8284893197451,15646.8256465868,11245502.271709083,10.8284893197451,73.38127368963757,19.25769169672767,2.7095403209349,9.421908780262992,6331094.40018252,3,4,0.05239155889917071,4
29.7766190358005,26.5515259861317,5.40471021901285,0.594443099106562,5.58908706885389,0.390119888557375,1.82123483503501,0.0004974417034362,3.19807610333453,16.7500547337234,20.0846731487897,5.56836903726797,10.9861488915389,15149.8967444639,10768590.229752997,10.9861488915389,70.12774013249789,18.98536309205058,3.19807610333453,8.58059388357221,6341991.385074098,2,4,0.049807139472731736,4
29.8102732981708,23.344043004311,5.43226138396826,0.602226021709242,5.62078003980016,0.392367254142163,1.84139009880994,0.0005380915485991,3.682091220924,16.4604410858341,20.211703953933,5.49819538068893,11.0553321447496,14625.6055195508,10249519.103624308,11.0553321447496,67.04334110091156,18.641055492701913,3.682091220924,7.793110856838082,6349327.588735458,2,4,0.047130795696841345,4
29.8451331887774,20.399921075067,5.43215249665992,0.605384645589862,5.62380061561116,0.392602677260018,1.84951619892668,0.0005713717954885,4.15998101067513,16.1119817301801,20.3723879778706,5.42580807740628,11.0654048733871,14571.1610925042,10041409.969958827,11.0654048733871,64.14851089789204,18.237630461170745,4.15998101067513,7.060487913277722,6356528.575584308,2,4,0.04595501752016859,4
29.8829535271956,17.6041939376602,5.44286843449841,0.609463556140963,5.63769618191986,0.393632524759265,1.85479404793135,0.0006196964940601,4.65007765364949,15.6950850629846,20.5714395666574,5.34854795832555,11.0931056619259,15567.7427375664,10523064.250845566,11.0931056619259,61.42560221010564,17.770202772527266,4.65007765364949,6.367222607010699,6371059.421118457,2,4,0.047936427205648245,4
29.925709433971,14.8861536959361,5.49975202205673,0.619817450612705,5.69870156153558,0.398051038717758,1.86388432111131,0.0007090072537652,5.16867664485254,15.1916394635677,20.8185150509285,5.26356975321711,11.2079817837808,16953.6712344798,11209555.365165815,11.2079817837808,58.89206952394119,17.225927132941784,5.16867664485254,5.707439278551071,6395105.228333183,2,4,0.05078440678388246,4
29.9741780503277,12.2905931976043,5.61598139874593,0.638738666290861,5.82024349162068,0.406841903946542,1.87777571217017,0.0008527818362673,5.71196193876352,14.5969428312142,21.117943589027,5.17097847553367,11.4352284469725,18355.4610322507,11837803.54586075,11.4352284469725,56.62435242070619,16.603754946243402,5.71196193876352,5.09645102075339,6428024.241744239,3,4,0.05326321064107995,4
30.0283553161147,9.89878754819916,5.78652251434898,0.665841551962978,5.99706457868482,0.419654123855826,1.89395306591304,0.0010469790352855,6.26553858865245,13.9199644431217,21.4675471540368,5.07275232906924,11.7642117934861,19605.9123823565,12300543.603355875,11.7642117934861,54.6901786990795,15.913676337935168,6.26553858865245,4.552611781784883,6467720.909882865,3,4,0.05487211088563184,4
30.0877148745859,7.78394026455931,5.99080468897096,0.698316147295428,6.20803436568115,0.434986048921621,1.90787603560715,0.0012796967682355,6.81101470074225,13.1816110377162,21.8591201601441,4.97188973298306,12.154255181494,20602.4758329358,12545649.316581305,12.154255181494,53.11167242562153,15.174468213515715,6.81101470074225,4.087270286511966,6511291.4963596165,3,4,0.0553859382068654,4
30.1516514190996,5.98473581832181,6.20619460727761,0.73292686643772,6.42999541152422,0.451170118551098,1.91582963683906,0.0015325727635342,7.33221982555355,12.4086850676968,22.2816234342754,4.87137198434466,12.5613330247734,21475.4338111624,12670753.038118556,12.5613330247734,51.87250387805111,14.409622946022028,7.33221982555355,3.7027245595801896,6557255.858814709,3,4,0.05525227126275199,4
30.2198730293527,4.5041666922964,6.4173929768302,0.767515995740603,6.64737353358574,0.467068432029875,1.91625941528006,0.0017940195767601,7.81779145202518,11.628302612117,22.7242906203985,4.77358038149465,12.9563437778663,22283.4555538088,12726701.309675256,12.9563437778663,50.93965007511558,13.643586671739417,7.81779145202518,3.394981989615256,6604754.291801485,3,4,0.05469710008514141,4
30.2921639843372,3.32739939553021,6.61299115086888,0.800572571616548,6.84859762476168,0.481827576427583,1.90876646615086,0.0020591096873141,8.25785474677397,10.8698692939259,23.1750954183708,4.6808338616585,13.3181501437842,22887.3384377285,12654565.58462663,13.3181501437842,50.27231876969296,12.90352141386816,8.25785474677397,3.157007075274918,6653361.510616478,3,4,0.05347796310569926,4
30.3681611083937,2.42770595269224,6.7778720793479,0.830023393503823,7.01825423725836,0.494323411708193,1.89242865924547,0.0023150946193947,8.64324015543853,10.1641150197258,23.6196330642357,4.59555801536587,13.618387728076,23149.7012061981,12406906.053407328,13.618387728076,49.80876884214969,12.216975685848478,8.64324015543853,2.9775837874377813,6702933.658726394,3,4,0.051443610333059636,4
30.4478760080297,1.76323850269602,6.90091669087933,0.854171451950631,7.14499390218949,0.503726930684261,1.86713380491673,0.0025576870828292,8.96983082481601,9.53284940756721,24.0454254815542,4.51934690057976,13.8363913209817,23288.5021722834,12124553.283253707,13.8363913209817,49.482057291346166,11.602828640581501,8.96983082481601,2.8429990553534736,6753219.608606182,2,4,0.04923842257090659,4
30.5319137844328,1.28556560252396,6.98664765097616,0.873493953615319,7.23350084883153,0.510362656658323,1.83586714247479,0.0027873342687569,9.23890441456076,8.98530954915545,24.4442152408573,4.45271688795663,13.9822205828102,23371.484057432,11853966.793595837,13.9822205828102,49.257351639512876,11.070027374086646,9.23890441456076,2.743102938066688,6803964.525792609,2,4,0.04707268956417778,4
30.620570229762,0.951254284375864,7.03802473416903,0.888204991838873,7.28680042655718,0.514444695454222,1.80101488552845,0.0029937901313477,9.45321472808833,8.5244775924003,24.8087325783846,4.39587685385012,14.0626102332371,23228.8558232902,11515138.09038967,14.0626102332371,49.100314247685624,10.621037718222539,9.45321472808833,2.66838462078785,6853165.314095549,2,4,0.044656336008298936,4
30.7130780982419,0.723819927556465,7.04767956001293,0.89687510169715,7.29726513616045,0.515429548068982,1.76231678943403,0.0031587428756925,9.61639047201813,8.14909903084073,25.1319860139986,4.34887674169246,14.0634353992375,22713.2644281409,11039277.42445562,14.0634353992375,48.9564641611719,10.252189493109364,9.61639047201813,2.607426396256,6897327.720270391,2,4,0.041790948280000385,4
30.8081824673503,0.572262146006501,7.01294369933342,0.898664253541435,7.26211796118814,0.51312008779825,1.71981254781511,0.0032688168334037,9.7347484173795,7.85080209240238,25.4110608650532,4.31108618576472,13.9794063312666,22074.3324783747,10547191.319576886,13.9794063312666,48.78710316303315,9.95356076599351,9.7347484173795,2.5515932371513292,6935450.672280894,1,3,0.03899314524377548,2
30.9047823339803,0.472197108441322,6.94317885517493,0.894613968120389,7.19098835521305,0.508206598414273,1.67545654621513,0.0033268329076463,9.8163341588216,7.61616691507095,25.6477900553045,4.2812791331052,13.828807787923,21407.2242201574,10078198.04707046,13.828807787923,48.589423765559395,9.712626002310806,9.8163341588216,2.4978726141041925,6967392.158034618,1,3,0.03641385836940506,2
31.0021143378508,0.406181082900918,6.85527876356516,0.887082055696364,7.10127986909721,0.501936498998931,1.632425697472,0.0033489108753962,9.86905150138493,7.43069665389365,25.8467588957443,4.25803987197274,13.6448093184827,20916.5336195173,9721722.138918292,13.6448093184827,48.386298305581384,9.51750087003749,9.86905150138493,2.4475134597299935,6994940.084589525,1,3,0.034349609401326205,2
31.1002278680801,0.362324331104999,6.77241674453741,0.879588143867746,7.01688126958295,0.496022326941614,1.59512670680048,0.0033612937800892,9.89983289556077,7.28038328524131,26.0141930458824,4.23995186380065,13.4731685996593,20785.8669680879,9555817.051292824,13.4731685996593,48.2225873909153,9.358291643133525,9.89983289556077,2.4053250885079467,7021631.147800763,1,3,0.03301568430239388,2
31.1990500198449,0.333086724593469,6.70955953562413,0.874565348502063,6.95322260484588,0.491574973326292,1.56616368607876,0.003384833717422,9.91395068456808,7.15383501244124,26.1552961521784,4.22590249893299,13.3434186019362,20759.5523653516,9455865.198911866,13.3434186019362,48.12722289281549,9.226407418387,9.91395068456808,2.3744341090515975,7048553.517753554,0,2,0.03193003004845643,0
31.2977378756796,0.31370574334119,6.66746384976484,0.872261199266565,6.91108272806296,0.488658081369001,1.54502243290198,0.0034240769818774,9.91557094191556,7.04203851248713,26.2739410844613,4.21504771825941,13.2567636797435,20748.9055967125,9375642.341840738,13.2567636797435,48.09593191038614,9.112975805049162,9.91557094191556,2.3537872813887457,7075896.817778765,0,0,0.030928386109466105,0
31.3953728666108,0.300973070348419,6.64204987267658,0.87209114025367,6.88625515875554,0.486975815459776,1.53016407550634,0.0034747047251619,9.90836211298817,6.93696307239958,26.3741498519058,4.20661444894719,13.2047207211802,20750.7052508748,9308003.577967688,13.2047207211802,48.11388199961113,9.00914005068239,9.90836211298817,2.3410469140865033,7103204.940033878,0,0,0.029991876835214273,0
31.4912694124482,0.292695270197531,6.6297226907578,0.873494740111651,6.87502815531611,0.486264998710854,1.52024110715671,0.003528386994756,9.89549701187036,6.83144557500687,26.4603306054261,4.19987885940162,13.1797790264698,20771.1935233082,9250687.522982055,13.1797790264698,48.16871637469885,8.906984668055333,9.89549701187036,2.3343003826495403,7129484.803374353,0,0,0.029119657804465956,0
31.584998915229,0.287379854664865,6.6271850078023,0.875941869630981,6.87398184571319,0.486281962674815,1.51404754152387,0.0035790335451116,9.8795749623086,6.71934600245178,26.5370742547482,4.19418868453815,13.1750396928279,20820.3628949591,9203639.933871524,13.1750396928279,48.24981699723902,8.799681288065802,9.8795749623086,2.331922041553693,7154482.550879478,0,0,0.02831309274459065,0
31.6762756675187,0.284009635579782,6.63160663364704,0.878972086577728,6.88016189074776,0.486815914546903,1.51055127318915,0.0036332093264567,9.86261613656969,6.5956280187754,26.6088476645542,4.18898209116033,13.184560379742,20901.7279567985,9164508.758115785,13.184560379742,48.348393101807055,8.681605402831341,9.86261613656969,2.332577118590655,7178246.423356127,0,0,0.02756058106881163,0
31.763918482898,0.281898186860195,6.63118001715223,0.880729350856109,6.88131810246273,0.486991931233064,1.50670692725122,0.0036940448149847,9.84619900991725,6.4577798140933,26.6790581640927,4.18385495776617,13.1844269755109,20608.1468063612,8951459.132034624,13.1844269755109,48.43274299871355,8.547922049110989,9.84619900991725,2.331910785446889,7199659.5142375985,0,0,0.026336657115212072,0
31.8450907203153,0.280572653944774,6.5955268389801,0.876386409573669,6.8459985581357,0.484559264671479,1.49521964369051,0.0037384585449648,9.83150526866181,6.30808156186566,26.7490360113163,4.1786412224787,13.1134580432228,19569.627490036,8404201.27603675,13.1134580432228,48.42335408931154,8.394920156957593,9.83150526866181,2.319168583174079,7216604.891098398,0,0,0.024242817791780353,0
31.9175305803127,0.279679948627091,6.50728555789425,0.863049755071434,6.75623255595588,0.478224736046622,1.4718485852685,0.0037473266160281,9.81906304386952,6.15081498390819,26.8189621248052,4.17331550325004,12.9365420085189,18379.5812677223,7785834.889329934,12.9365420085189,48.27385171917648,8.223315275090199,9.81906304386952,2.288132777696962,7228838.796721988,0,0,0.022086288672203448,0
31.9806618550408,0.278970357380146,6.37858255460237,0.842515820607487,6.62455899647243,0.468877384751447,1.43924321671317,0.0037285155346682,9.80886392847097,5.98852231052163,26.888971335498,4.16786768704355,12.6778235488592,17248.9383042429,7194176.435082562,12.6778235488592,48.01341018556785,8.03786347786353,9.80886392847097,2.242887852022429,7236775.089376797,0,0,0.020122297560933932,0
32.0346198380517,0.278284632206765,6.23233883628986,0.81838848069732,6.47468926479639,0.458209978887721,1.40260536981294,0.003708360545868,9.80072754433596,5.82184833569006,26.9592426052581,4.162278010123,12.3832327078804,16399.1036010138,6726326.685118012,12.3832327078804,47.699136400742695,7.843624801991769,9.80072754433596,2.191334339330343,7241871.047220432,0,0,0.018581128014144115,0
32.0799544985055,0.277516194918322,6.09512179794195,0.794902202194683,6.33411052777163,0.448190186369159,1.36799515692638,0.0037314989763742,9.79451418211859,5.64843705950238,27.0306389337959,4.1564495188017,12.1060755704814,16040.4677993952,6466605.601679566,12.1060755704814,47.39779056462763,7.643425879390213,9.79451418211859,2.1426726496237003,7246537.116585131,0,0,0.01764726825623992,0
32.1165333828273,0.276586664023439,5.98293460635631,0.774701505423023,6.21937420231192,0.440008129022207,1.33904326944916,0.0038495416341594,9.79021941010576,5.46521190963124,27.1040175734736,4.15027518224779,11.8785190599241,15858.2184596672,6281992.198617914,11.8785190599241,47.149181759413366,7.437382206844841,9.79021941010576,2.1024599305417717,7251608.154829841,0,0,0.01692126936448089,0
32.1432603160558,0.275430678858468,5.89656587932407,0.758070101449618,6.1312895004427,0.433728570380854,1.31588674831333,0.0041127786097607,9.78787321562529,5.27093655117397,27.1794691739542,4.14372419743128,11.7022375974271,15708.0911614686,6112253.455538432,11.7022375974271,46.95423179482485,7.2245188814186685,9.78787321562529,2.070983303478505,7257208.115887448,0,0,0.016229392914613644,0
32.1588288390762,0.273985931697319,5.82794375906772,0.743880256550776,6.06150568875833,0.428758224699966,1.29664047428723,0.0045747196546787,9.78737531279147,5.06630470251392,27.2565220025212,4.13684300630992,11.5611325718151,15409.7430413757,5886526.892496172,11.5611325718151,46.791543174137544,7.004061906713142,9.78737531279147,2.045454556243495,7263112.126417528,0,0,0.015386812153266184,0
32.1624426353344,0.272201586734391,5.762031986646,0.729890043493287,5.99447734312058,0.423984640853185,1.27785534585139,0.005282187803108,9.78831644645384,4.85500362104681,27.3339973248958,4.129792580065,11.4251503265099,14792.19949525,5542701.298650864,11.4251503265099,46.62288358203323,6.776887870291066,9.78831644645384,2.020675893416705,7268829.776016615,0,0,0.01425059398117939,0
32.1544546896971,0.270039519356674,5.68774850560216,0.714410704020312,5.91876361967711,0.418585491028748,1.25700905168226,0.0062810202827261,9.79000968734168,4.64135622076397,27.4108855000639,4.12276119933119,11.2721380405032,14097.5162067903,5176725.325722782,11.2721380405032,46.421011581064356,6.545243716791442,9.79000968734168,1.9928149331935137,7274224.834941811,0,0,0.013086424742051815,0
32.1359794551874,0.267463251917316,5.60429883955635,0.697303231063026,5.83357093670259,0.412500790514936,1.23392312200211,0.0076436381298333,9.79168513305296,4.42774265514141,27.4870495422329,4.11587204420061,11.1005186951303,13440.4165475769,4832735.8439338105,11.1005186951303,46.18503962694373,6.311376882646532,9.79168513305296,1.961590436065602,7279336.751906272,0,0,0.012007237542120274,0
32.1083961687355,0.264447765832667,5.51433531616166,0.678969234673639,5.74166428520398,0.405927593370622,1.209200787255,0.0094635327056583,9.79254366748929,4.21608644044815,27.562555420929,4.10923519532581,10.9156164854034,12787.5134229589,4499515.643044255,10.9156164854034,45.92294115123307,6.0777489234653554,9.79254366748929,1.927916563267385,7283911.351212696,0,0,0.010982031889259284,0
32.0733370841169,0.26099748371291,5.4192156464021,0.659636249421587,5.64445894664727,0.398968178744524,1.18316047209389,0.011821023749974,9.79180423173842,4.00910693959893,27.6371491081874,4.1029848107933,10.7201802595351,12073.4641814917,4155744.3210069826,10.7201802595351,45.639774061139185,5.847402523386126,9.79180423173842,1.8922735807053317,7287337.007028911,0,0,0.009959888325104239,0
32.0325257940459,0.257142772173783,5.32046464104312,0.639558143354754,5.54353744135258,0.391737567605037,1.15616177330295,0.0147699973374659,9.78883013447141,3.80932889889192,27.7104993568805,4.09723777810988,10.517290969481,11375.5942727744,3829833.3658072287,10.517290969481,45.34112813287812,5.6232211929073515,9.78883013447141,1.8552056888020645,7289492.241450763,0,0,0.009010738326324652,0
31.9874239096002,0.252921762184259,5.22112593714027,0.619208224700585,5.44205103110207,0.384463450279864,1.12889702948856,0.0183597095301614,9.78318292322094,3.61799165440131,27.7825413488332,4.09205713257055,10.3130494922645,10733.297415746,3534922.2628788515,10.3130494922645,45.036091344495816,5.407070391462959,9.78318292322094,1.8177771442214248,7290492.385426309,0,0,0.008162580450137341,0
31.9390357518159,0.248366916809947,5.12512675475685,0.599181320760084,5.34406375357646,0.377439035337634,1.10223951207872,0.0226657336366883,9.77456038079871,3.43501070253966,27.853545621823,4.08745754704741,10.1153014500864,10217.2957339497,3292659.719602145,10.1153014500864,44.73545304513559,5.199632400193826,9.77456038079871,1.781347788620855,7290659.275732161,0,0,0.007459141636861297,0
31.8876468320725,0.243481565110534,5.03756990922977,0.580229089768416,5.2548574259896,0.371045137622774,1.07729342562938,0.0278697123952671,9.76264848801638,3.25856193354286,27.9243775033506,4.08340769257878,9.93420771177997,9915.28358829483,3127708.965942292,9.93420771177997,44.45212338542297,5.000028972604135,9.76264848801638,1.7476627412453412,7290529.065739192,0,0,0.006945381572186933,0
31.833182878091,0.238258109356819,4.96193238573159,0.562865903726974,5.17802680763753,0.365542375750366,1.05478350665052,0.0342508585938722,9.74700952155424,3.08667337432433,27.9960359357334,4.07988669968192,9.77667396729876,9726.57249437513,3004165.0258333986,9.77667396729876,44.194591966944806,4.8069263234716155,9.74700952155424,1.7179021219797843,7290346.959498274,0,0,0.006530566116760047,0
31.7757792140184,0.232713561660348,4.8984027263435,0.547139771491615,5.11375484516272,0.36094692805424,1.03471487316942,0.0420866706460061,9.72715683511156,2.9187404198948,28.0690935086841,4.07691871778545,9.64306016990348,9583.48125996749,2898990.7049849727,9.64306016990348,43.963451919900244,4.619776988676922,9.72715683511156,1.6921291619568584,7290168.802360074,0,0,0.006159938024135152,0
31.7157933742721,0.226889216401042,4.84538513055241,0.532847641704064,5.06037243643374,0.357141628324402,1.01671447864066,0.0516201817194978,9.70263761625266,2.75503870597139,28.1438199237101,4.07454915373244,9.53018207495581,9443.20567625882,2798395.879940545,9.53018207495581,43.75514390632841,4.43860371493091,9.70263761625266,1.669806779508001,7289919.086384515,0,0,0.005803521532743052,0
31.6538098973366,0.220849907847184,4.8002802162975,0.519647952949326,5.01516856656744,0.353933617387271,1.00020950096674,0.0630157591528558,9.67312256040978,2.59643398586772,28.2202269166288,4.0728267761348,9.43287099799945,9268.9725688731,2691491.9951660237,9.43287099799945,43.56389965935206,4.263850669090602,9.67312256040978,1.6500661527310612,7289410.838391877,0,0,0.005440699363568029,0
31.5904453031407,0.214668978398166,4.76067159351161,0.507222986474283,4.97562275025101,0.351142493992075,0.984680949456648,0.076380189051353,9.63840103269266,2.4437397134575,28.2982908794128,4.07178587943521,9.34632880911477,9090.03681296895,2587057.054897536,9.34632880911477,43.38445505522449,4.095941656129434,9.63840103269266,1.632105615769051,7288570.114726546,0,0,0.005091712902143481,0
31.526128279773,0.208411147518394,4.72515371394111,0.495389180566343,4.9402649774401,0.348662059840079,0.969831570748242,0.0918390692717572,9.59827641100637,2.29723532618538,28.3781835963053,4.07144332788645,9.26776361809978,8926.74439608671,2490660.3606777648,9.26776361809978,43.21384092982727,3.934933078969093,9.59827641100637,1.6154645618677212,7287397.998491158,0,0,0.0047679328737251555,0
31.4612405925869,0.202138944259738,4.69273121493077,0.484016750785654,4.90805216266658,0.346415755316998,0.95545807959476,0.109498767722892,9.55260811886443,2.15708963131667,28.4600892832728,4.07180698268852,9.19519970975952,8760.98939368132,2396930.8004214833,9.19519970975952,43.0500535001414,3.7808386314636264,9.55260811886443,1.599821903204366,7286032.87797247,0,0,0.004458898589470727,0
31.3963263984633,0.19592234421849,4.66211579412039,0.472939488053089,4.87763819781035,0.344304579726025,0.941308977489912,0.129330120448782,9.50147820251456,2.02379695157969,28.5439247418331,4.07287258263338,9.12609188068227,8557.0954889487,2296259.7102012224,9.12609188068227,42.89055577988156,3.633954789205918,9.50147820251456,1.5847633617239407,7284750.463333831,0,0,0.004147986606646462,0
31.3319207994397,0.18982518579524,4.63227518876687,0.4620263977845,4.84794471502247,0.342248275338086,0.927195032847675,0.151214829621138,9.44513124945619,1.89777035586107,28.6295044223889,4.07461902548366,9.05840913709879,8345.51605537211,2197188.489495353,9.05840913709879,42.733435594994546,3.494541179020496,9.44513124945619,1.5699621412328282,7283653.7515152255,0,0,0.003852232772606595,0
31.2683129581241,0.183890204202746,4.60301531080592,0.451254301090011,4.81876556228477,0.340228825372525,0.913099709727669,0.175090510103667,9.38375576804064,1.77892602195257,28.7168304189457,4.07701821975685,8.99177643595498,8148.21399634038,2105377.8397223987,8.99177643595498,42.57856687160774,3.3624926420701673,9.38375576804064,1.555367768721731,7282760.0332999155,0,0,0.0035811990529305117,0
31.2051736953567,0.178122263608418,4.57588440950154,0.440812737729487,4.79170534016558,0.338357114058049,0.899346085264969,0.201281205294019,9.31697341171268,1.66614518446001,28.8066585492836,4.08006811472424,8.92923825919296,8089.55448491409,2051903.4972713513,8.92923825919296,42.429401645684734,3.236930305471716,9.31697341171268,1.5414977144168538,7281717.834507558,0,0,0.003383781139628098,0
31.1408484942001,0.172462953591806,4.55585479874636,0.431295108299377,4.77192330737993,0.336995664144328,0.88690571115445,0.231234123298833,9.24268672359189,1.55633915187678,28.9017156864647,4.08387289670138,8.88053217998916,8368.86327987592,2083924.463792148,8.88053217998916,42.29628603751635,3.1155028449091557,9.24268672359189,1.5299791924888984,7279696.916678621,0,0,0.0033253783361297286,0
31.0734394737863,0.166854562019334,4.54810428685939,0.423297951740256,4.76478566629374,0.336518372250082,0.876766080781771,0.26701209563221,9.15776919583472,1.44661612920998,29.0055003101538,4.08863532568488,8.85575869061242,8833.46615071889,2158950.5153753436,8.85575869061242,42.18976639373087,2.9960617730899997,9.15776919583472,1.522494255884784,7276390.40996642,0,0,0.0033222943441689945,0
31.0021806927426,0.161302394689927,4.55475864996164,0.417034636163913,4.77248413011691,0.337070020088109,0.869322904768752,0.310148610094266,9.05978627622428,1.3363909137541,29.1202602631435,4.09455454461515,8.85901693046688,9351.39555879828,2242637.518228429,8.85901693046688,42.11415342853184,2.878299442478214,9.05978627622428,1.5197259803574272,7271795.202337786,0,0,0.003314011265498558,0
30.9259864261916,0.155809603766264,4.57930950290621,0.412853757885671,4.79862878398453,0.338891231602956,0.865236871074668,0.362779038710437,8.94528511667698,1.22491253513778,29.2491326131355,4.10191696018348,8.8970565694761,10149.3345649633,2387397.611055863,8.8970565694761,42.07671617741191,2.7619242823680805,8.94528511667698,1.522799924345279,7266172.7391235465,0,0,0.0033694477972571065,0
30.8412060880695,0.150308525441975,4.63417567609163,0.412061421323043,4.85610374907215,0.342866606949143,0.866863924254219,0.430336693372518,8.80558086828773,1.10849479832874,29.400440108989,4.11140389121822,8.99400347872436,11681.2798469101,2693321.6829812634,8.99400347872436,42.10358599120166,2.6449491612742815,8.80558086828773,1.5357343711546225,7260253.583029768,0,0,0.0035982141347833865,0
30.7440023576708,0.144766806388457,4.73765601448295,0.416490214444987,4.96391200752398,0.350296105624896,0.877686278513225,0.519929540094888,8.6289379966273,0.984632958395603,29.5847009215063,4.12399915661747,9.18535765413375,13596.7711990672,3070748.3977578986,9.18535765413375,42.23480978464929,2.5273378799647914,8.6289379966273,1.564449965290644,7254429.16437015,0,0,0.003831442117611966,0
30.6334430510675,0.139268163837307,4.90590890805423,0.427563335590206,5.13886669145809,0.362318086503831,0.900792920146688,0.636445880253241,8.40625412218986,0.855669812067077,29.8088312868458,4.14057454598973,9.50234983954941,15611.7026448854,3453451.2807090753,9.50234983954941,42.508161156657856,2.413513673008822,8.40625412218986,1.6141627454218583,7266003.328777886,0,0,0.003957070025860053,0
30.5107525829733,0.13394245034477,5.14877203616843,0.445895021478348,5.39125501230446,0.379620939014263,0.938041904227222,0.781886004665507,8.13201723594655,0.72655379000102,30.075943006717,4.16175138223048,9.96383298838471,17585.1163117061,3813468.766267604,9.96383298838471,42.948279946510795,2.3095203767875523,8.13201723594655,1.688010474731347,7260244.772092074,0,0,0.0039360205542185575,0
30.3786170427335,0.128914498362299,5.46236588760748,0.47064682972966,5.71713755539412,0.401922244163448,0.988642160370165,0.954702426221818,7.80564424999682,0.602887384790403,30.3847882332643,4.18772922986549,10.5619858002328,19427.7051734361,4136172.6306154183,10.5619858002328,43.54824621836067,2.220091566296223,7.80564424999682,1.7846617828063684,7254351.869660082,0,0,0.0037660267633055477,0
30.2404470456243,0.124278848340484,5.82915237264731,0.499723426885824,6.09838551503044,0.427986613069558,1.04925133461211,1.14942134941615,7.43257069079861,0.489493197191801,30.7295055537528,4.21813032451932,11.2626119401303,21205.2720611128,4439072.136236563,11.2626119401303,44.26922515621002,2.147373085911474,7.43257069079861,1.8983939652303623,7248214.944094692,0,0,0.0034875256901602727,0
30.1000443501942,0.120102972698815,6.22659730044288,0.53081669210824,6.51165815858771,0.456261641862872,1.11577973753812,1.3555068965097,7.025991695579,0.390070735462117,31.0990593817525,4.25177590652834,12.0221731510629,22927.2308456071,4726862.541402879,12.0221731510629,45.061260853432834,2.0919522383415567,7.025991695579,2.021980809939165,7241639.134026113,0,0,0.003128519112500213,0
29.9621931936379,0.116451632979433,6.63032488965835,0.561851194143018,6.93164471086251,0.485102755114272,1.18411015592103,1.55410342454042,6.61109105459278,0.308108005037762,31.4749527265615,4.28622957049945,12.7940479504546,24463.8529784282,4978313.650156451,12.7940479504546,45.871678532316515,2.054349378481306,6.61109105459278,2.147772959817109,7235131.091377548,0,0,0.0027042956614181306,0
29.8327042577446,0.113403930587204,7.01257405864305,0.590929426084774,7.3294360405139,0.512634395292494,1.24973826983696,1.71639796036963,6.22632940827302,0.248020151794678,31.8313373574031,4.31761732924682,13.5255232352093,25679.3545280808,5176214.323667299,13.5255232352093,46.64142037870298,2.0360295083188427,6.22632940827302,2.267199341465966,7229611.015467312,0,0,0.002244644159961287,0
29.7171300598022,0.111065341854406,7.35021531833877,0.617055881137674,7.68089934492935,0.537292962225861,1.30900410818124,1.80815903590829,5.91612573268939,0.216787761843253,32.1405329551394,4.34133835732762,14.1731320877465,26663.3973560569,5355041.24828734,14.1731320877465,47.322663016469505,2.0420637993034165,5.91612573268939,2.373285481275404,7224416.755337621,0,0,0.0018007890482604598,0
29.6197763962709,0.109598225708133,7.63324436430305,0.6407423567291,7.97554682427658,0.558421006715278,1.36049629064774,1.79938601529151,5.71981328907933,0.226874022305768,32.3786591057874,4.35330242314471,14.7188554429419,27433.7965476104,5541906.689151206,14.7188554429419,47.89782546465078,2.084996852646288,5.71981328907933,2.4633118935864156,7218536.487292635,0,0,0.0014062711574339866,0
29.5438730340067,0.10923841942349,7.84710092697464,0.661995510891506,8.19805722556165,0.574946705804543,1.40175398196528,1.6779304229384,5.66104713621654,0.297504807502726,32.5281812479581,4.35129703758671,15.1355160135767,27526.3321480983,5664559.906956718,15.1355160135767,48.33696580462781,2.1834158031063997,5.66104713621654,2.5330028026449876,7210324.957853503,0,0,0.001076635343646286,0
29.4904843746495,0.110216154609643,7.94574046390452,0.676873408781594,8.30024156519836,0.583348199152934,1.42391045652333,1.46344153901782,5.73428548108708,0.447860214395821,32.5842206785019,4.3365052025552,15.3336653960441,26623.9153170521,5649459.439522034,15.3336653960441,48.53081462281989,2.350630652830627,5.73428548108708,2.5674974416489733,7197750.393401233,0,0,0.0008086421991101559,0
29.4568599470346,0.112660943844838,7.91014418086532,0.682567542113435,8.26223344659487,0.581977972935979,1.42262077723315,1.20007716373834,5.90601975546882,0.688040202122516,32.5582130866159,4.31304583038661,15.2749242176418,25440.3233363722,5621146.40542707,15.2749242176418,48.429064810622194,2.593157888742464,5.90601975546882,2.5601785267452883,7180392.337360244,0,0,0.0006200477476760093,0
29.4381140126407,0.116605339172091,7.77940431847802,0.681500243265936,8.12487744068757,0.573473038174562,1.40461345755784,0.931782338951988,6.13626371889898,1.01821959271887,32.4686936070488,4.28546908454432,15.0336845106677,24213.4524603076,5618759.749245487,15.0336845106677,48.11858784997672,2.915205016348617,6.13626371889898,2.5232081009861003,7158526.934167895,0,0,0.0005053666361653339,0
29.4294196529809,0.12204420646777,7.60540305946057,0.677692866412516,7.94237167726922,0.561494153278984,1.37933167416953,0.688385439784048,6.39356433786213,1.43252402435773,32.3324538513604,4.25718899543384,14.709725199131,23330.3823399261,5728303.32154658,14.709725199131,47.717757290039486,3.317025858531682,6.39356433786213,2.47306969430515,7134247.427089368,0,0,0.00045053009479168805,0
29.4268354616294,0.129046284119628,7.44232119183641,0.676182698458683,7.77124231855606,0.549966508825249,1.35707804039731,0.483672112601868,6.66033597211693,1.92770669809997,32.1599648439623,4.2300306362708,14.4081639506282,23100.8388502938,6045578.422440628,14.4081639506282,47.35267250382274,3.802562052191329,6.66033597211693,2.4273132252336604,7111666.400520909,0,0,0.00044223063196661885,0
29.4273991461701,0.137641453272194,7.31977190522082,0.680104740532453,7.64234485615597,0.541078002626496,1.34365058048082,0.322513137678042,6.92659466196844,2.4993512213382,31.9577280223874,4.20499020647281,14.1868427913048,23046.5735870511,6468535.084235414,14.1868427913048,47.09199068445886,4.371645396064612,6.92659466196844,2.3956634394817176,7093052.374860759,0,0,0.0004605568481932953,0
29.4287118262957,0.147624141235977,7.23687292151162,0.689290942424662,7.55476701293051,0.534828711461135,1.33874428657624,0.204442125099784,7.18426351181786,3.133339742715,31.7329576944868,4.18274743660267,14.043967773478,23015.4072125388,6948661.996619916,14.043967773478,46.930839842435844,5.009886302615167,7.18426351181786,2.377746973437773,7079638.889177897,0,0,0.0004961999165796302,0
29.4288240113375,0.158561458283924,7.1817022267041,0.702044647759075,7.49612742359966,0.530443694260215,1.3396465765703,0.123959539995941,7.42796276649977,3.80836145189863,31.4938286677776,4.16353344138483,13.955831131765,22918.4378798013,7438879.050665393,13.955831131765,46.83735003851478,5.693771384634363,7.42796276649977,2.3693815962296902,7071396.633622982,0,0,0.0005422532917459123,0
29.4263371150748,0.169852650287833,7.1397317031582,0.71614538947045,7.45135213574012,0.526962992791565,1.34299205860397,0.0727581590153151,7.65450804519005,4.49813316683745,31.2494815360895,4.14720141385098,13.8933908385498,22691.4106475084,7888958.104490441,13.8933908385498,46.77337404512694,6.3942236032305,7.65450804519005,2.3654001629807713,7066721.396852076,0,0,0.0005925506147151813,0
29.4204599072362,0.180894815322498,7.10025180609764,0.729766036491016,7.40935036755703,0.523684808739228,1.34619399899199,0.0420493493382443,7.86308279901945,5.17720343145413,31.0084375009533,4.13330456224899,13.8350564757566,22473.7848747129,8320745.0821864465,13.8350564757566,46.71060174043561,7.083564981826448,7.86308279901945,2.3618879232696752,7064931.252919801,0,0,0.0006481306432220805,0
29.4109097387039,0.191218964695105,7.06070636945495,0.742228208357106,7.3675057616048,0.520472655690361,1.3484511148024,0.0244366317433987,8.05478770245538,5.82478070641336,30.7773193383425,4.12124351296545,13.7754385526444,22314.0620863377,8739594.780415196,13.7754385526444,46.64149281330862,7.740245804340924,8.05478770245538,2.3577405856454923,7065803.384990461,0,0,0.00070904054133147,0
29.397815307528,0.200510688134319,7.0198811697537,0.753220772195559,7.32458126203328,0.517258999134314,1.34938404027198,0.0146618281745451,8.23066157630083,6.42120078712161,30.5620201427048,4.110469701141,13.7119888503254,22053.8534224048,9071319.094940284,13.7119888503254,46.56265223905115,8.344257804487965,8.23066157630083,2.3524144544135717,7068916.345172702,0,0,0.0007680738864566385,0
29.3816723840571,0.208611812755688,6.96862913634093,0.761402282077073,7.27108401978831,0.513369367350924,1.34705486153268,0.0093520834192598,8.39084975510948,6.94676539808151,30.368126272495,4.10057311453943,13.6265085554747,21543.1339412253,9231793.578420693,13.6265085554747,46.45182386390271,8.874239559052732,8.39084975510948,2.3427504209027306,7073647.0275291875,0,0,0.0008164749696915224,0
29.3630528006566,0.215539722768711,6.90136141544861,0.765841395104088,7.20121966168008,0.50837825245544,1.34027867239819,0.0064824444792706,8.53619216439641,7.38857579629497,30.1985722769877,4.0912124932285,13.5077871926702,21007.7622220217,9302497.140157059,13.5077871926702,46.295671920511715,9.31618586612302,8.53619216439641,2.326816894370953,7079610.8274361035,0,0,0.0008595905100155435,0
29.3422378938836,0.221426360319722,6.82275600700502,0.767086654356239,7.11985857359126,0.502614782474252,1.33003912674193,0.0049168835899101,8.6687486862,7.74223912413732,30.0531456291825,4.08207842976541,13.3650244399772,20517.0832723817,9317410.714542162,13.3650244399772,46.10601939837203,9.666447750921693,8.6687486862,2.306206124714702,7086406.934758931,0,0,0.0008994236623514444,0
29.3192462700904,0.226402277543266,6.73433616469341,0.765362363632852,7.02857337583046,0.496176600115287,1.31671833950569,0.0040476977255583,8.7901080024386,8.00638379562818,29.9308840462981,4.07297828352357,13.2012667634606,19874.1824337967,9191242.47998689,13.2012667634606,45.88681539141137,9.923936302898516,8.7901080024386,2.28147887284786,7092582.234017875,0,0,0.0009266089327810518,0
29.294049840159,0.230556825725703,6.62743692287231,0.759450226995255,6.91832120475643,0.488407510992684,1.29860624482555,0.0035449626138373,8.90067424428291,8.18234484515632,29.8309213971756,4.06388537867594,12.9993285088404,18892.5936175965,8837485.042587262,12.9993285088404,45.61682877632693,10.088447445243718,8.90067424428291,2.2497288041124124,7095670.095780713,0,0,0.000930238543855548,0
29.2665111467752,0.233979088236047,6.49768059455364,0.748661424154524,6.78450681047921,0.478967133703468,1.27487151474056,0.0032285799661609,9.00113698529453,8.27781502585248,29.7511604351824,4.05482345709618,12.7504599635989,17851.8098796831,8394300.21838514,12.7504599635989,45.28517771264266,10.1668271869835,9.00113698529453,2.209479583649988,7094716.537871952,0,0,0.0009224512322227285,0
29.2362974318679,0.236769392935616,6.35220629078042,0.733998275191879,6.63451414072663,0.468370750433225,1.24707613641274,0.0030096645744063,9.0931119413454,8.30459047799647,29.6883844862938,4.04576858085832,12.4688287340353,16858.4799009505,7928008.436078213,12.4688287340353,44.90923241834841,10.172130337026726,9.0931119413454,2.1631829533735707,7089505.424899685,0,0,0.0009096038640579861,0
29.20284014206,0.239027696793163,6.20572173525334,0.717657642791083,6.48361576365215,0.457700770221009,1.21835452029242,0.0028531831676597,9.17888017478516,8.27398669777224,29.639225038186,4.03661761016634,12.1837440453858,16170.9991482694,7575540.494638011,12.1837440453858,44.52491827106317,10.118386369230745,9.17888017478516,2.1158956773541444,7079157.027369172,0,0,0.0009077313324095215,0
29.1648966025749,0.240859084309596,6.08039505813038,0.703030681446206,6.35488272572459,0.448602193688475,1.19337300291858,0.0027600725074495,9.26186176607355,8.19290660046855,29.6004865664938,4.02709115325006,11.939465578506,16060.1570410269,7473329.986546661,11.939465578506,44.18603934879272,10.016648945052921,9.26186176607355,2.0752497635752287,7061102.997934397,0,0,0.0009355093091880064,0
29.1209182727718,0.242333923140153,5.99025620506315,0.692464738641075,6.26293032609761,0.442124481390763,1.17511850664752,0.00274690306449,9.34501537612899,8.06301493972421,29.5703673742325,4.01687955725918,11.7641955496072,16160.6373161608,7452284.248539671,11.7641955496072,43.926146453752075,9.871368227424544,9.34501537612899,2.0461395276965626,7033924.660814456,0,0,0.0009745985135536548,0
29.0697830757325,0.243470681768841,5.93422003003915,0.686120840649285,6.20662619049706,0.43819577809877,1.16344996847709,0.0028318328543856,9.42968619101336,7.88476616254995,29.5485949648742,4.005805762033,11.6560697530642,16302.291597645,7432200.298986588,11.6560697530642,43.7418665652627,9.683054845929181,9.42968619101336,2.0283004261313033,6997407.008453471,0,0,0.0010147360754904802,0
29.0107256619669,0.24425731465771,5.90545823747236,0.683221604696741,6.17884748468212,0.436313658542654,1.15701352848827,0.0030403447766683,9.51645717837347,7.65918428841431,29.5355613813681,3.99376358765163,11.6016943655013,16439.7800126393,7390873.912232953,11.6016943655013,43.615837490506756,9.45166058972468,9.51645717837347,2.019469904332613,6955042.398349356,0,0,0.0010516834867746476,0
28.9433197551267,0.244654311040816,5.89533546162729,0.682614681794011,6.17057922543369,0.435835841387119,1.15405657496732,0.0034194707096588,9.60540934135171,7.3882716977089,29.5319985730402,3.98070263493395,11.5839673526927,16553.7929489997,7318642.595878593,11.5839673526927,43.526395851376954,9.177695159331426,9.60540934135171,2.0167257258199767,6914137.610059455,0,0,0.001082254228504449,0
28.8674295413628,0.244592642418782,5.89722002107685,0.683363615040227,6.1748915927997,0.436265368975424,1.15321467848564,0.0040542368876296,9.6961807509873,7.07486913901265,29.5388117859281,3.96662986033729,11.5896959682191,16680.6885452128,7231380.589178869,11.5896959682191,43.45697746015942,8.86281150209894,9.6961807509873,2.017794541624728,6877291.676303475,0,0,0.001107047627102239,0
28.7831376225335,0.243976379370674,5.90752026329359,0.684948891164133,6.18802586116523,0.437331004174689,1.15373251137717,0.0050799377685535,9.78794277442451,6.72238158446803,29.5569669008739,3.95161858720822,11.6117091433473,16836.9642662688,7136132.986060121,11.6117091433473,43.39867253307899,8.509763621964312,9.78794277442451,2.0214218742786323,6844860.570912181,0,0,0.0011252671267898194,0
28.6905009935571,0.242688265694611,5.92702702940229,0.687485635273133,6.21080414153568,0.439090811232129,1.15573771235704,0.0067017466959471,9.87953620138733,6.3338353279246,29.5874577803183,3.9357880167795,11.6515566409022,17133.8832188447,7079020.1921422435,11.6515566409022,43.35333458905198,8.121721225494795,9.87953620138733,2.0278389882206516,6814002.3440599255,0,0,0.001142238800644977,0
28.5891310744804,0.240590952668252,5.96293771850124,0.692029996735349,6.25075457112251,0.442086616038723,1.1606448618623,0.0092295155263779,9.96969207731461,5.91025516996609,29.6315024670925,3.91925523056516,11.7235550749373,17693.5434431211,7105577.2875353135,11.7235550749373,43.33817579140878,7.701013838927343,9.96969207731461,2.039457028626313,6778403.5215254435,0,0,0.0011630792986733374,0
28.4789465430768,0.237549745854772,6.02121517830449,0.699505289657347,6.31412096826309,0.446773291476147,1.16962930607354,0.0130680468252648,10.0561200707669,5.45401650266133,29.6903938345498,3.90228145521124,11.8396151982459,18350.8702014384,7143244.79541905,11.8396151982459,43.36774032270618,7.251148204291914,10.0561200707669,2.0582841790149686,6736046.119757247,0,0,0.0011725886085305643,0
28.3610285880418,0.23349663830225,6.10163811025511,0.709974716943524,6.40067657072099,0.453144966845957,1.1826613986454,0.0186090429694983,10.1350729744091,4.97241730991801,29.7648705006522,3.88538022216512,11.9993905897629,19022.5906281779,7159068.707766612,11.9993905897629,43.442620989755035,6.779499085360354,10.1350729744091,2.0842589141402836,6687309.2985271,0,0,0.001161696933059236,0
28.2368963228027,0.228473470267316,6.20381042684231,0.723474953469605,6.5100084277945,0.461180779256214,1.19972451790107,0.0261014659562379,10.2024973599161,4.47447078857325,29.8552414468312,3.86913785892954,12.2022102387241,19826.8163635203,7198754.685497649,12.2022102387241,43.56356889833372,6.295138914929522,10.2024973599161,2.117297262673141,6634165.663966077,0,0,0.001134100894331662,0
28.1078313345723,0.222642104473528,6.33331638546044,0.740912789034287,6.64796205177427,0.471302696816932,1.22204637057225,0.0355489686846508,10.254745356212,3.96805619228065,29.9619972897222,3.85406825031376,12.4593310189297,20901.2806866246,7310089.852509795,12.4593310189297,43.746013732704014,5.807090787442477,10.254745356212,2.1593902807845478,6579628.586215332,0,0,0.001092742603696976,0
27.9760857165353,0.216344611285131,6.49418783853541,0.76307738464991,6.81874318615864,0.483807279821708,1.25062842452368,0.0463692572102494,10.2883114743574,3.46450112394045,30.0851306796429,3.84070157455466,12.7790295984321,22024.7624976503,7415702.716897021,12.7790295984321,44.00287444150979,5.327673252048351,10.2883114743574,2.212086643799687,6524888.4787026085,0,0,0.0010218208846481517,0
27.845699236057,0.21013878105778,6.68087880331249,0.789516397221674,7.01649478279909,0.498259569165407,1.2846601632572,0.0570006133102766,10.3006705275328,2.98085204669725,30.2231068793562,3.82953078291606,13.1506463677095,23098.655403417,7492797.313175056,13.1506463677095,44.32564773287064,4.873373252551766,10.3006705275328,2.273779133070854,6470368.645405729,0,0,0.0009188803406353481,0
27.7218154467274,0.204716930693117,6.88093305092215,0.818855697299467,7.22808456802699,0.51369390158527,1.32201129757521,0.0650769149588799,10.2915997787201,2.53605583219643,30.3728768202946,3.82081158011543,13.5498163890854,24046.4422285985,7532061.499341504,13.5498163890854,44.6901108928296,4.461429868514644,10.2915997787201,2.3405648034512643,6417009.227850678,0,0,0.0007893449107154738,0
27.6101652483553,0.20078938335018,7.07796952895882,0.849134761865378,7.43623948748272,0.528845512594362,1.35976834634016,0.0682594321755853,10.2634760632852,2.14818631457546,30.5298593949226,3.81451276946515,13.9443176185692,24810.6270472214,7533142.566797032,13.9443176185692,45.06291226894692,4.107497976531086,10.2634760632852,2.4071973059798553,6366240.858198487,0,0,0.0006455950001777243,0
27.5162519431229,0.198953888999979,7.26140872180403,0.879101909272764,7.6297577723283,0.542892321775949,1.39611281196759,0.0654639701647931,10.2205105853052,1.83132281567241,30.6884755787226,3.8103853288842,14.3133423992627,25467.2602085643,7536318.741442622,14.3133423992627,45.42447936927151,3.8241640199047877,10.2205105853052,2.470329417964709,6318446.748387954,0,0,0.0005131569795270078,0
27.4449249311576,0.199609341236112,7.42863054469163,0.908519193260655,7.80578740744504,0.555626932369617,1.43071584857573,0.0574587330399619,10.1673842868578,1.59450779038737,30.8425862022499,3.80812955125573,14.6517910808882,26040.2515704133,7562555.549213572,14.6517910808882,45.77381419873638,3.620274364267221,10.1673842868578,2.529222076953981,6273744.54792564,0,0,0.00040652815670897253,0
27.4004383499461,0.20284015205952,7.56430966403009,0.935092391778192,7.94819733891871,0.565908465602869,1.46050668999899,0.0465347894929765,10.108489744389,1.44271466643443,30.9849275762361,3.80754310844297,14.9290306966762,26328.0209069293,7559300.742098627,14.9290306966762,46.07729305233447,3.498081217180795,10.108489744389,2.578644009699159,6232537.908880942,0,0,0.00030256717808635903,0
27.3855477314614,0.208227172963377,7.64497818588505,0.954993511126837,8.03240078053433,0.57200022259262,1.48048981566836,0.03546457873966,10.0477799258745,1.37531274332345,31.107362111777,3.80853157866053,15.0978535621566,26170.5313841545,7478078.454421068,15.0978535621566,46.27863742023197,3.4523810162073842,10.0477799258745,2.6103300593454746,6195442.086276415,0,0,0.0002136566991352197,0
27.4003185143998,0.214939628426575,7.66686185417993,0.967026116763196,8.05452752305094,0.573647160129155,1.48942396040473,0.0261581428299534,9.98819446408719,1.38423848729772,31.2032655950639,3.81104802519589,15.1500671872279,25864.2541413123,7397401.674014797,15.1500671872279,46.36674475735432,3.47382656138412,9.98819446408719,2.622539124321953,6162631.7774684755,0,0,0.00017122794190648944,0
27.4426145033046,0.222113887122564,7.64468635671057,0.972765681459594,8.03011965781086,0.571976450920141,1.48980199425714,0.019214330674035,9.93146436880908,1.45686283164784,31.2685296951678,3.81506522694269,15.114426033785,25505.6376099351,7338321.86226165,15.114426033785,46.37407853158547,3.5518810731587966,9.93146436880908,2.619856455832812,6134091.400543384,0,0,0.0001688564801668003,0
27.508545838412,0.229072071751074,7.58751337487022,0.973093200609557,7.96878789853233,0.567682145938387,1.48306950473789,0.0144134689128631,9.87881639070032,1.57833016350704,31.3009680773934,3.82051456567072,15.0085476615901,24921.5664029495,7240153.833486526,15.0085476615901,46.31776403485145,3.672817096082539,9.87881639070032,2.605035414408137,6108241.730695137,0,0,0.0001931415644008387,0
27.5922611507582,0.235368079889508,7.49150021960201,0.966992247862885,7.8666443883331,0.560482702254612,1.46813780796387,0.0112400331834665,9.83134605058908,1.73171130476093,31.3008941499858,3.82719858828703,14.8243749044452,23976.9650674546,7045605.362793581,14.8243749044452,46.18138659666418,3.81841080364802,9.83134605058908,2.5765010086049625,6082093.692273269,0,0,0.0002328316028214339,0
27.687188853785,0.240799973163329,7.35811125706452,0.954240080556918,7.72536467017107,0.55048888446949,1.44507611100741,0.0091739713160745,9.78969986937857,1.90062080417082,31.2714674610624,3.83481655348088,14.5644918208032,22966.9091163823,6826108.645141605,14.5644918208032,45.96126983021774,3.9719515275778488,9.78969986937857,2.5345738365290944,6054700.394838163,0,0,0.00028120850538987667,0
27.7877389699611,0.245349477464726,7.20122049651946,0.936659780099552,7.55957232871644,0.538740518943745,1.41659623045367,0.0078220814246212,9.7540570617621,2.07215673734683,31.2172975784175,3.84305227040289,14.2564238791651,21992.7300976883,6606369.986968196,14.2564238791651,45.6858778021587,4.122721646421934,9.7540570617621,2.4839314023572565,6025853.80780824,0,0,0.0003328662513080612,0
27.8895678930448,0.249081821601473,7.0358665762519,0.916458795395632,7.38505949616951,0.526365204484769,1.38574670321794,0.0069280580430448,9.7244674932104,2.23680086143354,31.1432940330363,3.85159494653687,13.9301930594228,21107.5641644877,6401240.695656057,13.9301930594228,45.38814649016602,4.263831360569601,9.7244674932104,2.429734577139887,5995575.02778416,0,0,0.0003845175133220013,0
27.9895751599745,0.252088752564333,6.87446109131201,0.895570742825044,7.21483668020065,0.514294262158522,1.35509548087275,0.0063376994508988,9.70095345516119,2.38784999796629,31.0540871845135,3.86015842522706,13.6106716876198,20349.6589457528,6223032.490084368,13.6106716876198,45.0959221699078,4.390862449435423,9.70095345516119,2.376286951190686,5964036.95452481,0,0,0.0004347995681892801,0
28.0855430598637,0.254454491867838,6.72434833912394,0.875212065491875,7.05659870745107,0.503079312493032,1.32619828370434,0.0059633171383322,9.68355864702313,2.52041242794999,30.953960846696,3.8684773254706,13.3126502214273,19671.8264018642,6057910.2003120985,13.3126502214273,44.8254342599958,4.500329382290344,9.68355864702313,2.32616818917907,5931268.9364669,0,0,0.00048181368559846655,0
28.175812149266,0.256241294328057,6.58794395469121,0.85584999953897,6.91288374354852,0.492901819155342,1.29960351653554,0.005759779616332,9.67230002463951,2.63070319412973,30.8469915474486,3.87630500572585,13.0410722465592,19058.7379930665,5900874.894981671,13.0410722465592,44.58123647706364,4.588942997894031,9.67230002463951,2.2802623116918195,5897272.750392586,0,0,0.0005245741151357256,0
28.2590026104483,0.257484683441363,6.46289098886753,0.837211458559948,6.78124138520302,0.483583803786038,1.27487505389267,0.0057109813252573,9.66705545553773,2.71568928153605,30.7372853705864,3.88341533721715,12.7913331918079,18400.3643503857,5716680.7440587515,12.7913331918079,44.35628998419887,4.653263257666871,9.66705545553773,2.2378050913631258,5863577.142184503,0,0,0.000559289416934289,0
28.3337867904577,0.258195333234828,6.34157321473608,0.818202219740576,6.65372676058673,0.474549979128677,1.2504897967861,0.0058201815129135,9.66738370300079,2.77319271011535,30.6292631019241,3.88961180992771,12.5483029503661,17590.3235460352,5470315.085105798,12.5483029503661,44.13052409467068,4.689697914246894,9.66738370300079,2.196215691639198,5833015.827695639,0,0,0.0005811457058115583,0
28.3994944588442,0.258368428925553,6.21930368597753,0.798157326238264,6.52545050156682,0.465443205683228,1.22550576237627,0.0061192584910018,9.67244654474176,2.80282192729749,30.5266159609007,3.89479975670752,12.3026711900617,16792.0879246583,5212923.04799934,12.3026711900617,43.89172336961187,4.696996807767366,9.67244654474176,2.1539033168050077,5806214.66268178,0,0,0.0005942776361289154,0
28.4563057472119,0.257982059527732,6.09809572065989,0.777451044510764,6.39850541473831,0.456410407339509,1.20033853739453,0.006687893210988,9.68117027845689,2.80575372357419,30.4315533671,3.89900647467916,12.0584976732004,16069.0688152527,4966955.028747417,12.0584976732004,43.64508893138263,4.676781464287963,9.68117027845689,2.1115667786882644,5783014.439699122,0,0,0.0006013022546291444,0
28.504721436312,0.256994259493691,5.98149315507673,0.756717248000924,6.27656740116704,0.447715585429947,1.17571321303787,0.007660953927876,9.6923271840589,2.78391676328718,30.3453775472338,3.90233540287582,11.8229035908898,15421.4234358874,4735336.923704239,11.8229035908898,43.399922298518206,4.631746370836284,9.6923271840589,2.070427002789671,5762274.963017728,0,0,0.0006033508041085955,0
28.5453324909008,0.255348817278408,5.87198449302921,0.736441333190429,6.16220293832001,0.439545925858644,1.15213814488125,0.0092332551091384,9.70455173989928,2.73970832883254,30.2688477381788,3.90494223453074,11.6009074753772,14838.3962401921,4517091.081044637,11.6009074753772,43.16299414345875,4.564869348139473,9.70455173989928,2.0313415497009872,5741967.520094447,0,0,0.0006010819077241421,0
28.5787685034513,0.252986379463967,5.77069823720809,0.716902521424605,6.05655737149297,0.431988876166438,1.1298429750428,0.0116624190663865,9.71637578414788,2.67585543649786,30.2023192075747,3.90702145793556,11.3948144973815,14318.1726937469,4313444.762841975,11.3948144973815,42.93774486425017,4.4792038804377405,9.71637578414788,1.994701746443651,5721461.817638448,0,0,0.0005949000979841035,0
28.6056705254353,0.2498583024871,5.67783588178122,0.698232315632841,5.95981062854398,0.425064142375484,1.10886657810689,0.0152681896069986,9.72627936956694,2.59525238119213,30.1458552915729,3.90879218701365,11.2050776444016,13856.6363973763,4124471.9098161743,11.2050776444016,42.72533837436281,4.377790930054931,9.72627936956694,1.9605831648060468,5700755.759870508,0,0,0.00058465345374865,0
28.6265910539913,0.245954573383913,5.59114220001476,0.680190938404262,5.86958079616279,0.418607319609057,1.08875542537258,0.0203854461121171,9.732702822432,2.50120723404839,30.099532685591,3.91047848554283,11.0272572702972,13344.2563255356,3918774.874637757,11.0272572702972,42.52082230693866,4.263623470857953,9.732702822432,1.9282333924102621,5680258.343017816,0,0,0.0005657349891491979,0
28.6420059101965,0.241347556468916,5.50446638826588,0.661959801771269,5.7794237659805,0.412159840652339,1.06828993862789,0.0272161581400402,9.73419043031313,2.39809266497099,30.0635382449878,3.91228281748162,10.8491699625871,12652.7854829965,3660985.2450262755,10.8491699625871,42.30965320196329,4.140038106597369,9.73419043031313,1.895597754970014,5660657.134125893,0,0,0.0005333493527558586,0
28.6525698896355,0.23617627895437,5.41344437196902,0.642959144564525,5.68477124365461,0.405395673547694,1.04662334834279,0.035781807491717,9.7297729017239,2.29041866764951,30.0375521932693,3.91436607540974,10.6621862935877,11930.786958335,3397305.8044393924,10.6621862935877,42.081939950668506,4.010821964076519,9.7297729017239,1.8612456169550953,5642121.514112525,0,0,0.0004952655464416975,0
28.6590973927615,0.23058793775621,5.31895635040779,0.623349255651217,5.58653723583892,0.398381755234963,1.02395780598376,0.0460537567222789,9.71901926906862,2.18143420565357,30.0206573475887,3.91684503716003,10.4680925447001,11253.7180461833,3151058.127558634,10.4680925447001,41.84086773363436,3.8794406602046854,9.71901926906862,1.8255259616751147,5624604.037900283,0,0,0.00045622778154064434,0
28.6623626835786,0.224715879369363,5.22435856571553,0.603634092265799,5.4882216881526,0.391369887435693,1.00098360355656,0.0580251546956369,9.70180480173864,2.07317177939705,30.0118049583124,3.91979906981924,10.2735812397575,10671.0438727315,2936643.8922257046,10.2735812397575,41.59564640007415,3.7485779189155184,9.70180480173864,1.7896197841121066,5608324.123829257,0,0,0.0004194589899319317,0
28.663022130033,0.218661011474809,5.13405030228348,0.584454433834875,5.39441189628437,0.384689438395336,0.978586446911119,0.0718060041969945,9.6780627183903,1.9665246608692,30.0100551033903,3.92329234441335,10.0873974771116,10229.5596375519,2766297.0426153415,10.0873974771116,41.35787565921699,3.6199505608892095,9.6780627183903,1.7550470510933107,5593850.714679345,0,0,0.0003873946867674217,0
28.6615922302969,0.212504059118809,5.05121566732407,0.566274432566983,5.30842251003321,0.378577613081738,0.957404832140101,0.0875851144479636,9.64767522357881,1.86189277334763,30.014729140257,3.92738101658369,9.91586341231102,9870.05340993249,2622739.4168622526,9.91586341231102,41.135991344561816,3.49455623867331,9.64767522357881,1.7229077626301093,5581276.819377833,0,0,0.00035796498049519025,0
28.6584968581417,0.206325554761418,4.97672197476276,0.549232315855295,5.23114626368043,0.373096516306528,0.937623853495552,0.10549264606085,9.61057903187691,1.75979895779002,30.0253563355945,3.93210119946007,9.760705237937,9554.60939020988,2495089.785500476,9.760705237937,40.932643337003675,3.3731007656896446,9.61057903187691,1.6935187933551554,5570445.231071808,0,0,0.00033001517406598663,0
28.6541194449624,0.200205654095943,4.90978173589148,0.533236399620526,5.16174750730144,0.368183240739145,0.919111416297096,0.125532938727754,9.5668745107404,1.66093343697237,30.0415356375406,3.93746123318638,9.62037399905201,9237.03894469669,2370908.5933777164,9.62037399905201,40.74638539890803,3.2561644699777,9.5668745107404,1.666640211226784,5560843.656840305,0,0,0.0003022866948383581,0
28.6488388137574,0.194227406489268,4.8481855993322,0.51800142435566,5.09790735940061,0.363667830012526,0.901470562243062,0.147460595490623,9.51701774771615,1.56628199774567,30.0627888380413,3.94342243304667,9.4905162280419,8864.18322832754,2236769.464660948,9.4905162280419,40.57229899559072,3.144376168075691,9.51701774771615,1.6415577305921576,5551563.03703529,0,0,0.00027362733301802074,0
28.6430129310632,0.188456889758238,4.78990403820665,0.50326390251802,5.03749857052041,0.35939433431027,0.884344050827793,0.170896940719646,9.46171087431595,1.47665830754374,30.0885431296385,3.94991598167476,9.36713893889912,8482.71460568524,2104893.200192751,9.36713893889912,40.40587471720458,3.0382204361135914,9.46171087431595,1.6176146978705135,5542195.622184867,0,0,0.00024609102117427857,0
28.6369327488262,0.182926690534546,4.73423679739866,0.488934523095314,4.9797852911997,0.355307356403944,0.867625114966571,0.195570244525374,9.4015638031179,1.39228477556701,30.1182801276633,3.95688328266653,9.2488723851093,8124.3713360618,1983018.4503296053,9.2488723851093,40.24574852242493,2.9378127610002522,9.4015638031179,1.5945903887986146,5532654.244532207,0,0,0.00022079352269593626,0
28.6307930152277,0.177634989026333,4.68205151520046,0.475125493295609,4.92567044131941,0.351469390903318,0.85149414504895,0.221523787016714,9.33674544770403,1.31269601165524,30.151733027584,3.96431506308544,9.13743022621545,7871.67650822883,1890519.0803988918,9.13743022621545,40.094238990021786,2.842838904788891,9.33674544770403,1.5727759353529716,5523197.194536981,0,0,0.0001997098421824211,0
28.6246579227342,0.172539318776341,4.63643125840941,0.462229455743967,4.8783688527063,0.348107938606549,0.836529377938136,0.249537195569438,9.26628869154815,1.23642427857667,30.1892744787625,3.97232956419888,9.03887024843277,7845.97560126154,1854601.5738328653,9.03887024843277,39.9588641249149,2.7523433310532983,9.26628869154815,1.5531836125578034,5514479.585981428,0,0,0.0001848837012381316,0
28.6185521373235,0.167595929020226,4.60023267175937,0.450605544967658,4.84085372327318,0.345431413269362,0.823256879803845,0.280734620517326,9.18854937626065,1.16199695254234,30.2317400479345,3.9811164301635,8.95878886410995,7947.9556251152,1849352.3098114438,8.95878886410995,39.84652829941714,2.6653225839491426,9.18854937626065,1.53674503225664,5506795.161553447,0,0,0.00017264556067398516,0
28.612569920109,0.162794127771052,4.57403310619099,0.440320426936224,4.81371497264446,0.343476207339139,0.81178474417102,0.31584707488285,9.10230338045284,1.08891561301677,30.2798448699359,3.9908117323816,8.89829866241549,8094.92548320853,1854278.0067487066,8.89829866241549,39.75869350516189,2.5813702134655383,9.10230338045284,1.5236431012323814,5500166.17870002,0,0,0.00016055655333334115,0
28.6068334875648,0.158132867511129,4.55790489897133,0.431374652639794,4.79701488804091,0.342239749945515,0.802132406807535,0.355540942585098,9.00630998797223,1.01696369936368,30.3343691021621,4.00155045810572,8.85751977526543,8324.54276150696,1877266.6634606554,8.85751977526543,39.69563295148102,2.5002772910553785,9.00630998797223,1.5138959003403416,5494753.010606677,0,0,0.00014898687933814712,0
28.6014383743515,0.153597581741537,4.55343497870546,0.42395013806442,4.79239669466659,0.341829578737831,0.794596501906059,0.401154016383295,8.89814583863188,0.945422696321372,30.3968030810399,4.01359811585517,8.83953550087053,8743.98887589977,1941034.2231281535,8.83953550087053,39.66124384817339,2.4215725853269885,8.89814583863188,1.5080161682728999,5491052.7451163335,0,0,0.00013893799139051932,0
28.5965219560173,0.149179147859124,4.56262891328678,0.418268173790273,4.80194068503776,0.3423812905535,0.789555360162017,0.454325203333732,8.77468295135174,0.873682262690182,30.469126935948,4.02729459654045,8.84824108663579,9269.43830693526,2025053.693927012,8.84824108663579,39.66047552670675,2.3449512370265126,8.77468295135174,1.5066536176356031,5489259.674329163,0,0,0.0001278306899595051,0
28.5923203402007,0.144891414862738,4.58624156205465,0.414382367142466,4.82642555022911,0.343937021188745,0.787170174743051,0.516147939257808,8.63342027155028,0.801940744965953,30.553051918312,4.04290559026482,8.88507973076813,9829.7946035215,2112825.8880143347,8.88507973076813,39.69536843042146,2.2707056020938126,8.63342027155028,1.5100509771183095,5489337.258165537,0,0,0.00011409676232567989,0
28.5891112988133,0.140752645219708,4.62497636016402,0.41232195628769,4.86658293601203,0.346535494843561,0.78759716766087,0.587550438491677,8.47191417660351,0.730633130676593,30.6503043603709,4.06068897768128,8.95138930830994,10464.8143326294,2212334.065712445,8.95138930830994,39.767877859001175,2.199341521919424,8.47191417660351,1.5184332380356356,5491008.409920133,0,0,9.791873907790985e-05,0
28.5871813036873,0.136770893635967,4.68137236324252,0.412304253498139,4.92506824885703,0.350350287466973,0.791322869430235,0.670058259501417,8.28647561369874,0.659878616301833,30.7633769334736,4.08104082998454,9.05207996782718,11269.8341614074,2342524.0210313112,9.05207996782718,39.884370219818166,2.131312381326437,8.28647561369874,1.5326193101070011,5493702.155308041,0,0,7.943591802916956e-05,0
28.5868492177365,0.132955405257732,4.75860224819722,0.414584592012559,5.00520615145296,0.355602771781335,0.798944894559823,0.765180502862622,8.07313071036653,0.589988625588235,30.8949397614644,4.10439139594816,9.1932788206594,12157.5237048725,2483755.497674512,9.1932788206594,40.05274528099813,2.067331522197019,8.07313071036653,1.55362837741022,5497085.540540324,0,0,5.716355573519599e-05,0
28.5884156694288,0.12932330473533,4.85805456660107,0.419187242090073,5.10846383178274,0.362388530341556,0.810729255553442,0.873392463347485,7.82950764571207,0.521875192870542,31.046579972961,4.13100529283681,9.37761423916003,13062.2998402412,2622165.919740631,9.37761423916003,40.27656240053302,2.008413353214464,7.82950764571207,1.5818914087722304,5501038.961389408,0,0,3.0902860306818036e-05,0
28.5920993912934,0.125877666947382,4.98391580261932,0.426405704921473,5.23923419173905,0.371010939075254,0.82742387179385,0.995878060198633,7.55189795163661,0.456029228795811,31.2204129750142,4.16131597380089,9.61312968197955,14252.6744080955,2810836.84099209,9.61312968197955,40.56596756838972,1.955533981715802,7.55189795163661,1.6187347135670893,5505449.786701244,0,0,1.1372161818435415e-06,0
28.5981035357902,0.122597832033939,5.15270889517129,0.437758065237947,5.414807513169,0.382673537740386,0.85195822365455,1.13702243139987,7.23038653271334,0.39188679545082,31.4218630011978,4.19647727279746,9.93178995741379,16114.2889349335,3122584.8733610613,9.93178995741379,40.96060760279731,1.9103472831953026,7.23038653271334,1.669460007467677,5509921.2782677,0,0,0.0,0
28.6063886470696,0.119476481790651,5.3859952676924,0.455148148577786,5.65774586143917,0.398955626009182,0.888118696014521,1.30026550244083,6.8563998852542,0.329790312100763,31.6543869364306,4.23757850935553,10.3752346446318,18233.3371296958,3475065.764445829,10.3752346446318,41.51182872859331,1.8760116604508508,6.8563998852542,1.74096479978857,5514132.917504033,0,0,0.0,0
28.616070371508,0.116531743987174,5.6940544591576,0.479240053890698,5.97880661438332,0.420632400431512,0.937626217455443,1.48358057782312,6.43241967548874,0.271715583948835,31.9125007057792,4.28463316635676,10.9631029905177,11133.0931892572,2091177.0879212976,10.9631029905177,42.24296186081375,1.8556009469898989,6.43241967548874,1.8364679528916314,5499942.56132916,0,0,0.0,0
28.6251723430143,0.113781260689186,6.08530135084262,0.510483038578563,6.38679579061046,0.448364182278021,1.00184706465334,1.68154202868534,5.96672321396147,0.219403846634825,32.1843121694682,4.33719272384673,11.7113985096946,22974.5757919461,4267020.186098511,11.7113985096946,43.171745030666486,1.8516330306223339,5.96672321396147,1.9585776934515562,5504667.055285732,0,0,0.0,0
28.6304637360149,0.111310910924,6.62483653984033,0.554766729452415,6.94995848852755,0.48698667928272,1.09267230816595,1.87797801920204,5.45900741578772,0.174044336616776,32.4585719239383,4.39603000373851,12.7463966369721,26650.4648871763,4930486.546847377,12.7463966369721,44.45099539220787,1.8738374366945922,5.45900741578772,2.1283314295686346,5512941.158579815,0,0,0.0,0
28.626350712511,0.110432940931921,7.33838017492222,0.614411925252341,7.6955860926439,0.538514982850866,1.21744178073194,2.00639000811903,4.91835187047226,0.148026940363207,32.712686504794,4.46103824647299,14.1199570608025,30549.0511321473,5694675.3737818105,14.1199570608025,46.141118609844185,1.937873071036119,4.91835187047226,2.355066073478208,5526020.358970911,0,0,1.3194482509465889e-05,0
28.6060094473259,0.128676475591128,8.18968102357212,0.68648876459283,8.58585854880423,0.600575615231487,1.37899408643449,1.96442686839825,4.34055665654406,0.189370836108889,32.9227758601346,4.5337853459233,15.7681526545463,34323.460178908,6556066.432550732,15.7681526545463,48.17628396155218,2.0874161197572776,4.34055665654406,2.6338398076541374,5545074.566170368,0,0,0.000525186079206923,0
28.5647397564481,0.267917176056723,9.06032187696091,0.761663589026614,9.49599499539613,0.664782697318143,1.58294485285599,1.68547578618836,3.71155466280545,0.403268626577159,33.0516730045599,4.61812212601422,17.4784602663461,36974.1080000182,7425892.651379891,17.4784602663461,50.39836494406261,2.415087044921268,3.71155466280545,2.9584513767519947,5570570.180766446,0,0,0.00218157752189544,0
28.5030238931127,0.818714657121286,9.77281202891028,0.826971156215292,10.2390958455831,0.717801141266922,1.83241101100593,1.22297251634421,3.04572424164279,0.915609444757973,33.0352394054602,4.71584174517532,18.9293528145593,37868.8343590073,8281444.52931504,18.9293528145593,52.71082973321552,3.031829946312454,3.04572424164279,3.3529622928410134,5602916.3287419425,0,0,0.006167730881900648,0
28.4232931708114,2.25651005861205,10.1705144956321,0.871443556630243,10.6509211889252,0.747227371909923,2.07896488996562,0.730624560024076,2.38453942408292,1.79775388653785,32.8118067531662,4.82473305816086,19.8067876622629,38216.4552670017,9418132.704721572,19.8067876622629,55.19887473248654,4.000684149235287,2.38453942408292,3.8817244974947442,5645240.198079799,0,0,0.013206205342603652,0
28.3243828833034,5.0576859978045,10.3317514317993,0.904681806160044,10.8124853804218,0.758143643266254,2.25368864245586,0.349760548197116,1.77275213260506,3.0453242896136,32.3483856015108,4.94007170164367,20.2129940211717,38274.0030581265,10950907.357914416,20.2129940211717,58.44281978521115,5.339399469121684,1.77275213260506,4.670185014204236,5701583.955046084,0,0,0.023578872933411467,0
28.20256572973,9.36344723894908,10.3429736080958,0.934701268536894,10.8133093374951,0.757018610749715,2.31488811446208,0.131901094971423,1.25287752007633,4.58023309185452,31.652961852276,5.05504796491253,20.2803626115298,37518.6154186183,12639333.037732448,20.2803626115298,62.728903908018665,6.984232374014886,1.25287752007633,5.76813682129408,5774237.841824996,1,1,0.035718236520066705,1
28.0566114542087,14.8233469096074,10.2004035845208,0.95699759096079,10.6505050064413,0.744282739795298,2.27055807521439,0.040508502456616,0.851647713325225,6.26744444407511,30.7803648986848,5.16271312591583,20.005262460911,35718.1962748805,14075544.117843462,20.005262460911,67.70270536074868,8.788871578601427,0.851647713325225,7.088115664075776,5862009.557224178,2,1,0.04694423792908438,1
27.8898282612057,20.8675665345421,9.92307416410662,0.967526025362509,10.3462353268475,0.721920404737576,2.16531263349271,0.0112454604002549,0.566077055838587,7.97748062866771,29.805670435841,5.25941451908889,19.4474757871403,33687.0448904303,15251448.106352499,19.4474757871403,72.88146335029471,10.609904753901095,0.566077055838587,8.502470863944044,5962325.199942152,3,3,0.05622290898046009,4
27.7083234641837,27.036698178068,9.57298385118776,0.96844248674058,9.96680883040761,0.694621298849257,2.04035620385091,0.0031078827840033,0.372792219961181,9.62733512456984,28.7927903625536,5.34502601306744,18.7438609280973,31653.6370251887,16139011.718287125,18.7438609280973,77.98823431328782,12.360450685463311,0.372792219961181,9.922696022816934,6071911.1579530025,4,4,0.06323777525267854,4
27.5202904001921,33.019147175618,9.19219498188134,0.961838961713862,9.5568371788892,0.665416583649412,1.91419073445456,0.0008952317788924,0.245786031679002,11.163887147926,27.7925169385209,5.42045407713473,17.9815954888771,29525.487091662,16634291.865387058,17.9815954888771,82.82991601639849,13.985444205887239,0.245786031679002,11.286628768641394,6185515.205284674,4,4,0.06769308306305744,4
27.3346322790638,38.6130608320653,8.79575348219957,0.947892562848919,9.13239590817264,0.635354247559298,1.79267483004245,0.0002737206464573,0.163737141983793,12.5526507603541,26.8435932711881,5.48657310203072,17.191052967393,27258.7685704858,16676815.674926423,17.191052967393,87.25176414195197,15.44756189277665,0.163737141983793,12.549136095456666,6296257.259998068,4,4,0.06954660458202579,4
27.158281993806,43.7301086969844,8.39762629048004,0.927575225644882,8.70813749116539,0.605410364857141,1.67905729368601,8.9363660001495e-05,0.110893359141597,13.7816562294178,25.9677697553119,5.5444099657901,16.3994796363572,25130.0074791377,16448732.894380493,16.3994796363572,91.20619735662387,16.734865096431488,0.110893359141597,13.692720165090286,6400217.653853745,4,4,0.06976507824112867,4
26.9944164842369,48.3917468405362,8.01884310518927,0.903677587196805,8.30573811188226,0.577064975784991,1.57662659383394,3.16740876286477e-05,0.0764305029859961,14.8619976304507,25.1678223549615,5.5953623385222,15.6475942069294,23216.6406500293,16069707.915965872,15.6475942069294,94.76811369866036,17.862556645349898,0.0764305029859961,14.729524933678524,6495228.548846933,4,4,0.06905197172985952,4
26.8456385784711,52.5978188591442,7.65715406412653,0.875905318031846,7.92287154556077,0.550154119418649,1.48661150224656,2.18653409793169e-05,0.0538709596691047,15.801933338996,24.4465647095313,5.64022426909894,14.9319803682548,21612.4806047581,15665046.279814815,14.9319803682548,97.93615398699964,18.838590078976534,0.0538709596691047,15.659147592755987,6580917.790817238,4,4,0.06799161127812935,4
26.710949301139,56.3242126623099,7.33460097359627,0.848426819935149,7.58210501956927,0.526255871821543,1.41906519960469,3.42002796684528e-05,0.0398685181041188,16.6263481718737,23.7940042138801,5.68025354872172,14.3000989726538,20382.0694026286,15357477.891286843,14.3000989726538,100.74561584797581,19.69221268995346,0.0398685181041188,16.484467871490228,6658714.871929701,4,4,0.0672186111956254,4
26.5894523135253,59.3667141564328,7.05153948634842,0.822719780429103,7.28367964669205,0.505386344227502,1.37775175437976,6.15446789800787e-05,0.0344868662620494,17.3531486299776,23.2062199411953,5.71613917499121,13.7558144376403,19373.2251562032,15078611.028595876,13.7558144376403,102.99724348203493,20.43856652426134,0.0344868662620494,17.155726565634318,6729109.308871467,4,4,0.06643999486195154,4
26.4804458952715,61.4547740979011,6.80586331317002,0.799488195929936,7.02536026417223,0.487370604723363,1.3595179901887,9.66050982287594e-05,0.0409698445702949,17.9924379771418,22.6835708707388,5.74792171425313,13.2940092283832,18522.6646723232,14801541.811207892,13.2940092283832,104.41282036135688,21.08284805351067,0.0409698445702949,17.604182811047146,6792254.590442224,4,4,0.06552319037473854,4
26.3830103594107,62.4075750108455,6.59551175573911,0.779167999932606,6.80494744933357,0.47201801651291,1.3608702274934,0.0001269594261299,0.0654023314939153,18.5487201959588,22.2255541668997,5.77508901939292,12.9092129956516,17862.5738956042,14569223.030841038,12.9092129956516,104.80310081926778,21.62620333178541,0.0654023314939153,17.7833879621627,6849524.423107856,4,4,0.06464898130868714,4
26.2959289603087,62.1758127147055,6.4205722469359,0.762307896142494,6.6224521239729,0.459286988505047,1.38058912786485,0.0001557940534718,0.115728399263325,19.0233007873823,21.8286115679615,5.79680241656289,12.6011432767412,17432.1938651925,14432472.76749114,12.6011432767412,104.11695005843539,22.069412298016136,0.115728399263325,17.680865647990842,6903698.164660674,4,4,0.06404599111896328,4
26.218179849835,60.8129933603283,6.27985806679917,0.749136973622709,6.47656903443533,0.449057141807395,1.4172257777729,0.0001875522780629,0.20076525845777,19.413829964618,21.4879398883013,5.81198114850133,12.3669267994794,17141.6739557552,14332197.752977094,12.3669267994794,102.40302020460081,22.41130908801445,0.20076525845777,17.309388532911345,6956090.879377549,4,4,0.06346507172948307,4
26.1491622691353,58.4495777159547,6.16939227531139,0.739345658288147,6.36308543815427,0.441025195613688,1.46740229177971,0.0002166697269828,0.32884612703099,19.715160519039,21.1988134035859,5.81946052123481,12.1972498406338,16946.3096936384,14240440.812597107,12.1972498406338,99.77899084423721,22.648854831241625,0.32884612703099,16.699678816436677,7007372.442898955,4,4,0.06280532833883946,4
26.0885946397485,55.2706234153711,6.08330515451295,0.732230626089553,6.27577982014048,0.434765471448074,1.52597864711734,0.0002378664909687,0.506196025175724,19.9217919008452,20.956887343631,5.81825007885667,12.0781050791291,16768.5268959827,14098958.954419555,12.0781050791291,96.411277774428,22.779307430922078,0.506196025175724,15.895114016267518,7058494.489507628,4,4,0.061840961862730116,4
26.0364723602571,51.4987891209541,6.0134847485204,0.726663188394577,6.20607125256462,0.429698825821717,1.58685203254423,0.0002506348780403,0.735052967001271,20.029912568193,20.7588482857522,5.80778986742131,11.9906412127292,16530.176659181,13848672.401485225,11.9906412127292,92.49803152905675,22.801876481699598,0.735052967001271,14.9475661628512,7110694.357829482,3,4,0.0603584316951096,4
25.9927220987634,47.3567454065155,5.9534124850489,0.721699685884551,6.14700496409493,0.42536150648459,1.64503062680378,0.0002572732559296,1.0137167077953,20.0395834661609,20.6016380825879,5.78807534927052,11.9195777717735,16311.1746020297,13564931.002770023,11.9195777717735,88.24197677359565,22.71988991865796,1.0137167077953,13.909612605498172,7164555.095166825,3,4,0.058731558292821624,4
25.9571038944514,43.0303183751173,5.90046499337522,0.716984718747469,6.09565766307244,0.421567620638192,1.69770372889309,0.0002614479992914,1.33827074129425,19.9539555245049,20.4824115666008,5.75948805383209,11.8581911567779,16141.3392661834,13280512.421959944,11.8581911567779,83.81980099429511,22.539752108285622,1.33827074129425,12.826259446365047,7220310.345019759,3,4,0.05712918424785872,4
25.9294042349194,38.6674119068315,5.85407739651536,0.712494058055337,6.05126303180066,0.418277541698841,1.74358429118307,0.0002668346189244,1.70324717293829,19.7776255603741,20.3992532579505,5.72264735079065,11.8045408870355,16024.3773973933,13004660.854835577,11.8045408870355,79.37651246100417,22.26895907940373,1.70324717293829,11.7339952100987,7276863.68210515,3,4,0.055607720586241166,4
25.9095039570931,34.3863881295659,5.81415294300783,0.708289107935054,6.01357811237459,0.415484254192732,1.78218182774498,0.0002760010597399,2.10179264671219,19.5162098948645,20.3511619185739,5.67836685590581,11.7580809431804,15930.3901916174,12718096.610537967,11.7580809431804,75.0295783319142,21.91553971469615,2.10179264671219,10.662255474067068,7331496.667771727,3,4,0.054096550076282945,4
25.8973441347155,30.2806609348607,5.78022388250076,0.70437594490828,5.98201910402728,0.413153248114809,1.81336308670014,0.0002901585426053,2.52600352198564,19.1763941619723,20.3376066847815,5.62762627868841,11.7178277053006,15852.7137611789,12420221.998929886,11.7178277053006,70.87114033582746,21.488026733949884,2.52600352198564,9.634222370875957,7383246.019338291,3,4,0.05260145635892833,4
25.8928713462967,26.4183266656981,5.75172176449736,0.700738034612587,5.95593575128508,0.411242102889502,1.83726530935555,0.0003096268962649,2.9677306988539,18.7656311838773,20.3580792632473,5.57148805555635,11.6828002562405,15787.8893321973,12112472.592375377,11.6828002562405,66.96810097463488,20.99518873785313,2.9677306988539,8.666788102689601,7431998.855727758,2,4,0.05113179400772268,4
25.8960508588967,22.828065283981,5.73153999310814,0.697874185384131,5.93826693284574,0.409957950162949,1.8549590467958,0.000334973072202,3.42149708368336,18.2892474988064,20.4121367428264,5.51070872303375,11.6590217075744,15897.953218331,11919200.943033816,11.6590217075744,63.356714251174466,20.443520945653052,3.42149708368336,7.768217171196316,7479168.928965267,2,4,0.050206568384772894,4
25.9071201317116,19.4951567615253,5.72923277721215,0.697300963526713,5.93881084055897,0.409991053618619,1.86880259924222,0.0003691802246932,3.88730633166126,17.7459237074768,20.500553379107,5.44526750054835,11.6656670460486,16342.8613169489,11948677.729012642,11.6656670460486,60.046415127395576,19.833268643862958,3.88730633166126,6.93816346474956,7527398.46160208,2,4,0.05026574541323806,4
25.9266766666429,16.4168347217671,5.75280412512676,0.700338489378476,5.96576350671066,0.411924676871864,1.88030377527452,0.0004150788663128,4.36418330300413,17.1334066966002,20.6253251218769,5.37516911530658,11.7185497958206,16877.0100033197,12006354.920235077,11.7185497958206,57.05464596177227,19.163737378316355,4.36418330300413,6.178631453323515,7577137.777550583,2,4,0.05047828704499785,4
25.9552913593075,13.6203983011129,5.8006685522787,0.706859468445407,6.01746490530692,0.415650513047579,1.88872414957288,0.0004733453181389,4.84571875617913,16.455621128121,20.7877832803295,5.30117225679202,11.8143476852637,17403.5967386776,12019954.076245591,11.8143476852637,54.40505724907189,18.43921925279804,4.84571875617913,5.495837543012874,7628010.913906681,2,4,0.05053377011339531,4
25.9935418400436,11.1185805383743,5.87147261593148,0.71671170643012,6.09252005227462,0.421075045981251,1.89355528817982,0.0005476157154578,5.3264639053888,15.7162865794483,20.9890713008321,5.22394135477515,11.9502841273055,18100.4389393581,12108516.599902768,11.9502841273055,52.107457087215195,17.66349983682402,5.3264639053888,4.892467650081313,7680401.50148752,2,4,0.05091883689621182,4
26.0425016060689,8.89735177334339,5.97408166066214,0.731247595768632,6.20006577001056,0.428845770202063,1.89635614598241,0.0006447368769913,5.80589372807573,14.9119920128756,21.2323679169525,5.14335364753504,12.1437796160456,19185.8763021263,12399650.530101646,12.1437796160456,50.1704503220381,16.834589314544914,5.80589372807573,4.367961410102863,7735548.097764253,3,4,0.052143133731765906,4
26.1033838988051,6.9535829573919,6.11722381687985,0.751835373973721,6.34911678522683,0.43960403484345,1.89860165674735,0.0007723431153709,6.28119246222702,14.0422803140646,21.5208870698201,5.05958724617309,12.4119974477279,20386.3245989616,12694739.44987905,12.4119974477279,48.6133485238682,15.953681487628838,6.28119246222702,3.9244387525094604,7793376.167081543,3,4,0.05333259550856321,4
26.1767501086273,5.30072427136133,6.29889752970286,0.7782533519173,6.53768856476205,0.453212193144264,1.90015569775022,0.0009324088902792,6.74322023682794,13.1195914298381,21.8541687635487,4.97394429424461,12.751274642283,21577.0388916826,12913983.969376791,12.751274642283,47.44568171726533,15.033201344016895,6.74322023682794,3.5646873906206604,7853323.201056649,3,4,0.054108858668528284,4
26.2627353270245,3.9411299647428,6.51169182388858,0.809443885119787,6.75827586165278,0.469134460818022,1.9005839128828,0.0011219553327618,7.18178435087873,12.1635753100055,22.2287823099859,4.88811055061099,13.1477485341543,22789.2687970101,13083003.296555854,13.1477485341543,46.652995236129264,14.091521241899152,7.18178435087873,3.2870821365969753,7914617.457421839,3,4,0.0545339334928213,4
26.3614651261595,2.86037159437359,6.74892659096254,0.84445946285982,7.00415236658298,0.48688237360477,1.90031747736974,0.0013371370070475,7.58805895935053,11.1973231686661,22.6392937220772,4.80375330242962,13.5894515347646,24066.4562001702,13235255.404627135,13.5894515347646,46.20657499191294,13.150255481952575,7.58805895935053,3.086218774346575,7976337.931923062,3,4,0.05469752362185534,4
26.4730208382625,2.03344123921736,7.00486101934499,0.88257502959563,7.26954651205939,0.506031205337929,1.90069358955738,0.0015719534954471,7.95369088730822,10.2491434693539,23.0772153116334,4.72270389671896,14.0667492988312,25319.3952842273,13336682.309967926,14.0667492988312,46.07016943337518,12.236270663869963,7.95369088730822,2.954546467802828,8038014.802684218,3,4,0.05441551648182111,4
26.5973206494654,1.42733794377145,7.27758085856851,0.9237705745933,7.55258549070846,0.526431426883906,1.90451391962981,0.0017981573085379,8.27094156660024,9.35181988421754,23.5302904209107,4.64697355426173,14.5780482661331,26502.3087465293,13391357.602639526,14.5780482661331,46.20954086362083,11.381573183229564,8.27094156660024,2.8839892221522883,8099458.139032804,3,4,0.053690934373781356,4
26.7338942487361,1.00335408399174,7.54886332908101,0.965676451063157,7.83446538695229,0.546739413220425,1.91114710643939,0.0019794657887782,8.53364618770821,8.53871670307235,23.9827410293633,4.57858516033915,15.0893593037372,27472.4561599777,13358443.281204876,15.0893593037372,46.54414001948411,10.615675999336077,8.53364618770821,2.859498572284508,8160149.615927216,3,4,0.052342389075501414,4
26.8813440502346,0.7208499375744,7.77916540876057,1.00257612489637,8.07426969163782,0.56404942342109,1.91490167914944,0.0021387046837364,8.73844736964428,7.83865955139293,24.4160421401733,4.51933055739167,15.523811507613,28114.8456288246,13210238.265845368,15.523811507613,46.937156315674294,9.9593851915592,8.73844736964428,2.8580972982856125,8219286.029458969,2,4,0.05032467171900415,4
27.0376369920433,0.540476731329555,7.94990153482727,1.03162943232655,8.2526923749281,0.576987090491935,1.91362316637531,0.0023222083074778,8.88691239892248,7.26747032837981,24.8130996418965,4.47017301822899,15.8453973593103,28588.8801175944,13045560.213779982,15.8453973593103,47.30294732232202,9.424168317908885,8.88691239892248,2.8639861462269556,8276673.961462483,2,4,0.048162664122598356,4
27.2002206542545,0.429059301236332,8.07123566662668,1.05421657752377,8.38014318939135,0.586287832422007,1.91007243833451,0.0025310043707878,8.98473265193045,6.82740693776968,25.1607325708857,4.43118756755811,16.0744807853766,28941.302950838,12901206.73418685,16.0744807853766,47.63123565978915,9.013303400076635,8.98473265193045,2.872414765524035,8332284.911305956,2,4,0.04606104468022942,4
27.3649774456022,0.362191137831401,8.1492538901889,1.07108343710791,8.46283765855723,0.59239753797529,1.90489040505327,0.0027304726752834,9.0394408681648,6.51303229773132,25.4486434467039,4.4019744032902,16.2225768743965,29006.7199402704,12709502.620281378,16.2225768743965,47.90763151231621,8.721723044826016,9.0394408681648,2.8791475320995596,8385932.847537025,2,4,0.043809153544012776,4
27.526011850042,0.323132411198807,8.17551857919135,1.08067052170879,8.49201428851849,0.594702543108072,1.89472334984288,0.0028901347996015,9.05967633841122,6.31301469413236,25.6703660259006,4.38172985392718,16.2717233374642,28673.320380344,12417062.247147854,16.2717233374642,48.086773543610384,8.535749078879425,9.05967633841122,2.876681974964871,8437380.595377928,1,3,0.041303326457217855,2
27.6776273575258,0.300783718418868,8.14867027214606,1.08236642131874,8.4662982030578,0.593105804536072,1.8775963755599,0.0030006719068937,9.05465728620542,6.20998051790512,25.8258416947258,4.36915375160241,16.2179306374702,28208.9263449702,12128747.9639149,16.2179306374702,48.14644815256324,8.436995643147918,9.05465728620542,2.86129762305977,8486665.452564389,1,3,0.038949911536892076,2
27.8156218949251,0.28818847254289,8.08260600093384,1.07794029383681,8.40013845670691,0.588627606963066,1.85519513658394,0.003072938092046,9.03282721574294,6.18410857344381,25.920172060176,4.36271932352135,16.0879076944994,27703.1099773662,11871172.321910867,16.0879076944994,48.108317862492555,8.407679164869604,9.03282721574294,2.8356432676533263,8533882.644852402,1,3,0.03682738069646795,2
27.9362249641948,0.281250355160621,7.98085954847461,1.06770324900841,8.29721467088869,0.581530139943211,1.82712137594885,0.0031133307714804,9.00134212541336,6.21585710442415,25.9607837925051,4.36096683599427,15.8878536378959,26825.4329600145,11487077.361012809,15.8878536378959,47.9719043036192,8.428523614608078,9.00134212541336,2.799587624001831,8578121.431597468,1,3,0.03446502986339697,2
28.0360997305153,0.277572619620074,7.8267034421124,1.04879559846443,8.14012596175318,0.570584699836003,1.78852261618936,0.003108582980649,8.96632303498774,6.28517283416958,25.9576378678311,4.3624812551392,15.5833706492146,25345.1431338956,10855024.833719285,15.5833706492146,47.68840466849075,8.475898561395816,8.96632303498774,2.746415708410191,8617802.88441961,0,2,0.031584373406509963,0
28.114513624692,0.275700176364124,7.61888898916862,1.0205984949471,7.92745554801031,0.555687538809698,1.7383386388103,0.0030507668872571,8.9323184775329,6.37333225372368,25.9227070626553,4.36594045856982,15.1710517378738,23800.1308419108,10190709.589417215,15.1710517378738,47.25118301080215,8.530407301879055,8.9323184775329,2.6750154647227764,8652850.81092248,0,0,0.02885901243098813,0
28.1731139341792,0.274766496220665,7.38117044969728,0.986493597832887,7.68371738199314,0.538569702550438,1.68157781467327,0.0029546797160089,8.90203820434683,6.46619217541186,25.8668018831369,4.37031047177895,14.6979168595609,22351.2813999225,9561607.252896424,14.6979168595609,46.71940937714688,8.582194850244575,8.90203820434683,2.593203950333263,8683634.532442566,0,0,0.026437466284351164,0
28.2141287130559,0.274278325063582,7.13871147451963,0.95031410663284,7.4349340180972,0.521073376777144,1.62379937219127,0.002841033885052,8.87699943235835,6.55398716930016,25.7982745162223,4.37485730665663,14.2141721333162,21103.4733370095,9014627.6256786,14.2141721333162,46.157239386337565,8.626287826092193,8.87699943235835,2.509503664349197,8710857.312963633,0,0,0.024395219464596017,0
28.2397218164484,0.273955639029531,6.9119273140824,0.915290153018389,7.20226144670534,0.504699027056451,1.56959898870895,0.0027275475423819,8.85805134171857,6.63027789996997,25.7230643297881,4.37907295725922,13.7607358402511,20133.3339999651,8584631.643537857,13.7607358402511,45.61745438504946,8.660256502261477,8.85805134171857,2.4309201243802505,8735457.304145442,0,0,0.022775309390395376,0
28.251615247879,0.273640083936468,6.71101074554258,0.883138043769116,6.99628474847158,0.490200853151391,1.52127317077722,0.0026240405849156,8.84578221272462,6.69043156743732,25.6456266684615,4.38257821123947,13.3581408441424,19304.124866878,8213339.4304595115,13.3581408441424,45.127162893527355,8.681582351782557,8.84578221272462,2.36097904957844,8757909.691959476,0,0,0.02138761906506655,0
28.2512190158725,0.273241615866843,6.53637150921222,0.854069520119265,6.81745010317415,0.477615064483348,1.47887859131811,0.0025318799780252,8.84062484712126,6.73079746092804,25.5698285007662,4.38506396558535,13.0073218886072,18565.1918084862,7877497.079430428,13.0073218886072,44.688845420046434,8.686866943873953,8.84062484712126,2.2998348485609172,8778499.506380817,0,0,0.020156449399673072,0
28.2399697355354,0.272709844194124,6.38103615699153,0.82715824067959,6.65853719481551,0.466433281630714,1.44077602079236,0.0024463243575016,8.84274216592553,6.74868840843906,25.4994023328403,4.38628457798853,12.6944022704879,17728.9238631298,7495102.581874426,12.6944022704879,44.28662047463923,8.672275265044759,8.84274216592553,2.245088715583303,8797024.733858064,0,0,0.018870542207192212,0
28.2197525248585,0.272021215011864,6.2306709571938,0.800365084349281,6.50466625642927,0.455601345449396,1.40363602993475,0.002356821321326,8.85173699312749,6.74297055128716,25.4381566142853,4.38609704908795,12.3907388091554,16618.8634023092,6989794.217706363,12.3907388091554,43.88671341322686,8.634161641554046,8.85173699312749,2.1917944101573723,8812852.641489321,0,0,0.01735122003240196,0
28.1928336930557,0.2711676535015,6.07675156694295,0.77250772784116,6.34699561935633,0.444488334660276,1.36548824677977,0.0022571222731972,8.86665962477199,6.7147067385735,25.3886805620964,4.38450492842869,12.0793289681206,15503.3668600559,6476287.183895888,12.0793289681206,43.47023284213768,8.572156959710128,8.86665962477199,2.1370224515188316,8826012.684571575,0,0,0.015888110281603186,0
28.1612227999439,0.270146133046509,5.92201281962884,0.744083593140036,6.18839458050355,0.433292673514665,1.32697723839013,0.002151945580469,8.88648594685148,6.6661089131228,25.3518304821545,4.38159854935854,11.7657494692875,14488.3201097453,6002215.792140752,11.7657494692875,43.04612983816762,8.489121138933413,8.88648594685148,2.0817502648005557,8836796.650856925,0,0,0.01458267130494345,0
28.1265699954915,0.268956667138458,5.77116090291957,0.715887536404875,6.03377865901244,0.422360305429051,1.28920708892736,0.0020500589666754,8.91025180440794,6.59965263942035,25.3276417563343,4.3775028137483,11.4595321050944,13544.2523539524,5558030.896805903,11.4595321050944,42.627921155323264,8.388535481153452,8.91025180440794,2.027640643160669,8845366.3797434,0,0,0.013395197793026017,0
28.0903139058138,0.267602238761624,5.62647013541947,0.688346875409428,5.88552650798047,0.411859151188749,1.25272060464754,0.001959061035994,8.93697897648863,6.51806683251015,25.315730600786,4.37237548077186,11.1653246305242,12618.8765184714,5124330.113786343,11.1653246305242,42.22283941922109,8.273673144336755,8.93697897648863,1.9755117192206175,8851691.786334459,0,0,0.012267942092205612,0
28.0536267682116,0.266086189890749,5.48920132954312,0.661716670021432,5.74495871165749,0.401882731492965,1.21782271215681,0.0018856964156714,8.96575322431185,6.42413817681955,25.3152909917302,4.36639080655805,10.8857217335338,11757.8770895065,4721321.72941082,10.8857217335338,41.83529511297417,8.147650174296231,8.96575322431185,1.9258234706987163,8855940.504736217,0,0,0.011241128518502442,0
28.017309950351,0.264409044836914,5.36072639137002,0.636248774847374,5.61350990459094,0.392533336195644,1.1848382753745,0.0018381522498099,8.99585826121413,6.3202592826338,25.3252483237406,4.35970571285974,10.6235216991945,10980.3077316461,4357301.687664158,10.6235216991945,41.4695756775664,8.013180147466372,8.99585826121413,1.8790672036381213,8858365.814922133,0,0,0.010326604778520843,0
27.9815737855449,0.262562403645606,5.24457419759308,0.612479195528827,5.49486580194726,0.38407392604249,1.15457136143316,0.0018312715048903,9.02706183034199,6.20738605430852,25.3446442414171,4.3523854886614,10.385815503244,10468.0846549369,4103557.5475626984,10.385815503244,41.134700671735324,7.871888157107343,9.02706183034199,1.8364679503608774,8860290.634431768,0,0,0.009684317316939127,0
27.9456221116228,0.260514358818179,5.14940342188614,0.591635096982343,5.39807196065396,0.377149957090291,1.12896110235832,0.0019000656297154,9.06018019103628,6.08283561718498,25.3735239119756,4.34425064078221,10.1899178873758,10479.0551444981,4056582.9795493847,10.1899178873758,40.851358009412024,7.7226145110470235,9.06018019103628,1.8009994585737217,8864411.444166385,0,0,0.009528819668378286,0
27.9084492653802,0.258209441929065,5.08160674663257,0.574622952511212,5.32981468770511,0.37224266366503,1.10940143326821,0.0021108802830333,9.09634517537979,5.94193948721645,25.4133226488898,4.3349920356426,10.0486012948746,10745.4757126046,4105833.0357921994,10.0486012948746,40.63434719109139,7.561802654655531,9.09634517537979,1.7748436190768897,8871791.936159642,0,0,0.009587279074447496,0
27.8697613013897,0.255576331033553,5.04059896838832,0.561387815447661,5.28949503842619,0.369317305523712,1.09569126301974,0.0025734368674365,9.13588571557377,5.78155750574667,25.4659980036358,4.32441848708619,9.96069336508861,11085.0318866658,4177552.95167229,9.96069336508861,40.48182802322888,7.386222987486958,9.13588571557377,1.757776866223321,8882484.590577492,0,0,0.009680174892024872,0
27.8299479682256,0.252529559632498,5.02104216714025,0.551222481266712,5.27154559365853,0.367985778592085,1.08655514259079,0.0034535501140941,9.17811112539582,5.60112225329197,25.5331588033105,4.31253564174504,9.91552548994825,11297.3519800178,4194945.41572571,9.91552548994825,40.380828691106466,7.194408517079545,9.17811112539582,1.7479379086383258,8895591.898113951,0,0,0.009628068649218143,0
27.790146609908,0.24899844037024,5.01183778432043,0.542639715757139,5.26437000065537,0.367430155157832,1.07945382353725,0.0049412183891111,9.22102913824621,5.40440037004413,25.6147864164621,4.29966687442455,9.89094246939566,11171.0748935279,4082219.183692188,9.89094246939566,40.30487652970626,6.98825199426115,9.22102913824621,1.741497954282449,8909299.420416836,0,0,0.009265421694385228,0
27.7514597849117,0.24494206303514,5.00232258788546,0.534202696720613,5.25681852117767,0.366862124767616,1.07198384899824,0.0072048181290424,9.26230657157145,5.19691017327891,25.7095374514653,4.28626601090762,9.86566437933046,10919.1633271829,3922125.3865718627,9.86566437933046,40.22859162749644,6.771464945110387,9.26230657157145,1.7347890237759493,8922834.690934645,0,0,0.008792726336034071,0
27.714300019665,0.240333827052968,4.98812027920844,0.525305644366441,5.24431183084529,0.365959155423842,1.06315591175206,0.0104090540875739,9.30026340318812,4.98207547945508,25.8163650655919,4.27264924736898,9.83094184550543,10670.0736567272,3762908.316908215,9.83094184550543,40.141486668314045,6.5467137575469145,9.30026340318812,1.7262980543997264,8936041.133970141,0,0,0.008323101317939265,0
27.6787497849068,0.235170150699968,4.96880196931034,0.515862264823666,5.22639916089611,0.364691415326515,1.05285881528754,0.0147321717304044,9.33355220424582,4.76211717259641,25.9345195915804,4.25905582663347,9.78588853933566,10442.482878383,3611691.725494737,9.78588853933566,40.042533561250934,6.316122092033552,9.33355220424582,1.7158664639282466,8948965.958263027,0,0,0.007872961235429743,0
27.6448237898146,0.229481696442007,4.94531568359795,0.505968825709107,5.20407032104778,0.363130753992152,1.04128962153257,0.0203595610920095,9.36089782940419,4.53916712269153,26.0631405921005,4.24572090833593,9.73236311358957,10220.9588295084,3463618.814657915,9.73236311358957,39.93408069213616,6.081958051547321,9.36089782940419,1.703815490749454,8961745.638992162,0,0,0.007431988684524139,0
27.6124895626071,0.223330168489261,4.91902893702502,0.495780744617779,5.1787535232538,0.361379540049165,1.02874311252769,0.027479712812085,9.38112339169076,4.31529606860628,26.2012264075496,4.23287426184389,9.67306457521429,10014.1944633855,3322240.8850751,9.67306457521429,39.81950558856982,5.84650251712431,9.38112339169076,1.6906192487178107,8974426.34404302,0,0,0.007008370528490385,0
27.5816406040853,0.21679648292361,4.89141504545128,0.485472197515273,5.15198666800043,0.359547415064689,1.01554116031171,0.0362940469455976,9.39320252235562,4.09223853124474,26.3477953408793,4.2207213933612,9.61090703496499,9826.12111197604,3189180.0747300503,9.61090703496499,39.702399573352295,5.611720599438219,9.39320252235562,1.6767944760863918,8986990.527630525,0,0,0.0066057229247658234,0
27.5521146756314,0.209972354530236,4.86372061184332,0.475192884126676,5.12506887985513,0.357726475484188,1.00196037851462,0.0470202452203593,9.39624212666308,3.8714190719447,26.5019097945046,4.20944502104329,9.5483579588757,9660.10038988943,3065608.0679445895,9.5483579588757,39.585756259985565,5.379232333045381,9.39624212666308,1.662785128450634,8999231.03791746,0,0,0.006226441016411688,0
27.5237026375482,0.202952211814229,4.8369367586118,0.465062787364366,5.09903053505569,0.355989007167933,0.988225452936814,0.059898846821364,9.38945917352707,3.6539458867749,26.6627253591747,4.1992055016638,9.48737960076882,9520.30339135791,2952704.541967499,9.48737960076882,39.47189939049904,5.150300184532269,9.38945917352707,1.6489500986815495,9010669.610502195,0,0,0.0058726396881469385,0
27.4961807066459,0.195831016373651,4.81164546408463,0.455153083895836,5.07447228359073,0.354375871877176,0.974479074913801,0.0751771198323431,9.37216257453653,3.44080948536325,26.829386420331,4.19015108379717,9.42912580525357,9393.71751471132,2846232.0178034618,9.42912580525357,39.362137501381724,4.926003602514417,9.37216257453653,1.6355112880551643,9021053.774127113,0,0,0.005535683204862089,0
27.4693366917972,0.188703560111979,4.78794624910827,0.445478003570911,5.05148838850647,0.352890922980203,0.960770622357099,0.0930739648552195,9.34378687523956,3.23305122554817,27.0008976391671,4.18242197215261,9.37379998500369,9271.19008045722,2743429.143886239,9.37379998500369,39.25661443843212,4.707397243797343,9.34378687523956,1.6225298757047901,9030315.765138961,0,0,0.005210610598090114,0
27.4430322667474,0.181669943747251,4.76507242641833,0.4359532894707,5.0292640198429,0.351472454830203,0.946985897211029,0.113669497103826,9.30404747222128,3.03217255752604,27.1757351305455,4.17615450007611,9.31990520990653,9100.68736686895,2629454.8095204458,9.31990520990653,39.15345029826781,4.495865146730502,9.30404747222128,1.6097819538378382,9038151.058327083,0,0,0.004871094469828294,0
27.4173072113203,0.174845373357285,4.74075965558608,0.426329994204093,5.00541253169713,0.349946611707779,0.932733474219998,0.136667695960503,9.25334656156255,2.8407292131118,27.3511603554562,4.17146906308113,9.26301332056313,8810.02804858649,2485385.794780011,9.26301332056313,39.047334852092675,4.29362630935973,9.25334656156255,1.596555143944073,9043821.387198457,0,0,0.004487280800066658,0
27.3922322472921,0.168325988176115,4.71296022218659,0.416391428040598,4.97777688866759,0.348156076112414,0.917681991537423,0.16153083271663,9.19275567278498,2.660917100561,27.5243176223043,4.1683972219032,9.19914077994424,8468.12667200234,2332979.08582837,9.19914077994424,38.93352484201283,4.102580611515087,9.19275567278498,1.5822107940071863,9047028.943364097,0,0,0.004104035242713014,0
27.3677477954168,0.162158740179631,4.68142118101995,0.406124200430997,4.94608804652515,0.346077979244526,0.901851506560126,0.187840027593516,9.12344826522131,2.49331661919479,27.6935830290575,4.16687239561416,9.12783673965168,8124.73229436752,2186637.5624801535,9.12783673965168,38.81146944937718,3.923282515747279,9.12344826522131,1.5666947675885114,9047797.814973114,0,0,0.0037479123831775946,0
27.3434789170417,0.156325142014465,4.64889236342142,0.395835104163399,4.91323426498285,0.34391262078478,0.885820693059699,0.215847796885694,9.04562497828818,2.33598706905623,27.859923929515,4.16679353626388,9.05452531308487,7970.42200645855,2096065.9280829157,9.05452531308487,38.687499105468305,3.754196696549362,9.04562497828818,1.550922604674752,9046586.688539473,0,0,0.0034994988094008087,0
27.3182900617031,0.150713039869903,4.6233211891385,0.386364250844957,4.88756464947518,0.342242773303973,0.871108142212174,0.247662757279157,8.95619639747772,2.18262399048804,28.0296265796478,4.16817514752923,8.99476061495269,8306.45044642031,2134013.67403862,8.99476061495269,38.579604106547784,3.5901457006903237,8.95619639747772,1.5374799026267203,9044414.705758302,0,0,0.0034641104513186776,0
27.2908030248399,0.145215032737481,4.61278470381501,0.378533316063972,4.87755943563639,0.341653867196648,0.859215404383193,0.28640186003789,8.84972769963461,2.0270808229414,28.2101658340501,4.17129224038373,8.96429051001055,8914.19421162781,2235433.4823317323,8.96429051001055,38.5057647846726,3.426092719979852,8.84972769963461,1.5289756898600964,9041828.01809848,0,0,0.003514834678700981,0
27.26017944947,0.139818169115674,4.62079573288553,0.372661331616071,4.88689914695444,0.342386312302734,0.850794248657823,0.334325974605569,8.72171842638842,1.86793464624703,28.4047081593007,4.17657918452958,8.96991474262742,9599.02871257775,2347109.5084281913,8.96991474262742,38.473534391002275,3.2610562754759007,8.72171842638842,1.5265382080033856,9038962.84714731,0,0,0.003556990174876964,0
27.2256217172685,0.134537615779823,4.65062856274942,0.369019486824789,4.91901382767056,0.344655108557518,0.846472580244855,0.393747934148649,8.56730042195885,1.70507672538857,28.6154215937638,4.18459213098283,9.01795524563326,10482.8352999013,2496180.8368346062,9.01795524563326,38.48994889909547,3.0953154992367886,8.56730042195885,1.5312218244399276,9035685.180437336,0,0,0.0036241007664139617,0
27.1855007204523,0.129353394817937,4.71128803612364,0.368406223443889,4.98335970821199,0.349082800560288,0.847954569446129,0.469257781624739,8.37711501449982,1.53603318288487,28.848470618921,4.19626626181684,9.1258732418005,11866.5661692204,2747294.1085004583,9.1258732418005,38.57494545305618,2.927526820026966,8.37711501449982,1.5459312325556902,9031775.901636703,0,0,0.0037885731791790713,0
27.1379339951797,0.12427079817865,4.8155753684836,0.371900078210698,5.0933972075862,0.356554299201966,0.857680091917048,0.566476444386261,8.13927971809999,1.35964948447485,29.109848673939,4.21291631528905,9.3184751385907,13508.1593143306,3035010.8152333326,9.3184751385907,38.757311838757865,2.758105520490668,8.13927971809999,1.5747979867995363,9027191.99591574,0,0,0.003928504187662885,0
27.0819072860432,0.119361057617779,4.97382700552855,0.380225019163545,5.26002557110389,0.367771723972503,0.877656242721507,0.689078941308362,7.84506221616887,1.17943746146106,29.3996683924324,4.23580595768117,9.61571940411586,15221.9833957621,3314382.9203568706,9.61571940411586,39.06077390615098,2.591715471613808,7.84506221616887,1.621150832888848,9039933.723336944,0,0,0.003968952562230704,0
27.0168776110375,0.114692350735451,5.19617409139819,0.39396634557372,5.49397102435946,0.383431462186081,0.909816115264833,0.839961056930257,7.48712053713734,0.999892188422314,29.7159879040542,4.26614381301706,10.0371009154767,17194.1948363922,3625349.178776097,10.0371009154767,39.508929000555234,2.433883063305879,7.48712053713734,1.688224952493679,9033249.650344001,0,0,0.003946298328336911,0
26.9422895106215,0.1102926163178,5.50041297314632,0.414255581341765,5.81409208437853,0.404801938757974,0.957439211915601,1.02327534419822,7.05590358730716,0.824091249855093,30.0582682804249,4.30536968997625,10.6169280007671,19722.788022875,4027154.6936625545,10.6169280007671,40.143583916479486,2.2896012698649,7.05590358730716,1.7816936934768757,9023839.943539994,0,0,0.0038935275961850583,0
26.8594493476661,0.106193459864221,5.90461037214245,0.442097623621373,6.23964477862084,0.433213929708605,1.02379726838531,1.23984816969354,6.54905706618617,0.657014057773886,30.4198414511727,4.35429912204461,11.3900264656444,22455.2111121663,4447611.728481332,11.3900264656444,41.0090067800089,2.1657222706293813,6.54905706618617,1.9073036455157923,9010849.697234781,0,0,0.0037063321956962675,0
26.7734494977409,0.102444081861617,6.40775165604212,0.476865537850443,6.76992955651112,0.468695586210983,1.10867321160206,1.48092472139833,5.98436499415839,0.506189257587644,30.7816908896876,4.41165178888572,12.3544288245587,25186.6042957059,4857721.141752091,12.3544288245587,42.107809127819245,2.0693169258914077,5.98436499415839,2.0647060264225727,8993158.600455629,0,0,0.0033663880000498986,0
26.6936059306916,0.0991114069706509,6.96108925141824,0.514346414326728,7.35399377892988,0.507905555962223,1.20331215520602,1.72240896064468,5.41009242121668,0.38002763203804,31.1111224319062,4.47261516037844,13.4162135458665,27089.4507204555,5115225.487351397,13.4162135458665,43.33336449350534,2.0027923743979072,5.41009242121668,2.238363098046913,8969089.15083033,0,0,0.002841068445055056,0
26.6307796349927,0.0962822936606225,7.44638131640643,0.545552778886265,7.86735647913754,0.542482645988097,1.28649588644592,1.92439362747934,4.90200083271381,0.285674822855439,31.3690370208473,4.52878023917339,14.347467055687,27479.0483705335,5102742.639237301,14.347467055687,44.415331035517575,1.9594750026835843,4.90200083271381,2.3906158207981805,8935977.672808688,0,0,0.0022093511807617545,0
26.5904470909566,0.0940199104731459,7.76931409059561,0.564264719157615,8.210331790188,0.565693342501122,1.34129552901231,2.05013481876611,4.5220362176248,0.225558669285172,31.5324982967282,4.57264220442347,14.9666926750302,27357.4810750231,5012381.055065823,14.9666926750302,45.1353664728844,1.9315235424159019,4.5220362176248,2.49155490959902,8890084.426458107,0,0,0.0016628108292640002,0
26.5716314214973,0.0923791283864863,7.9324423880776,0.572121675176865,8.38526804753175,0.577735258870315,1.36821717576717,2.07686728550139,4.29952508291015,0.201220277469205,31.5971922075874,4.60019167119428,15.2796353584395,27020.558977763,4912352.473540431,15.2796353584395,45.49979509530748,1.9220540389281568,4.29952508291015,2.5423059117897613,8827182.81307921,0,0,0.0012315422793539987,0
26.5698282330365,0.0914474921564609,7.97567346124828,0.573297242749271,8.43396070657765,0.581477070028662,1.37444207891335,1.99648937942783,4.2404879487426,0.218092678648935,31.5678134882351,4.61021632235492,15.3639304011126,26490.3832476453,4824151.58660852,15.3639304011126,45.60012628471017,1.9421653101734975,4.2404879487426,2.5558585504959552,8745774.672963338,0,0,0.0009060838496866543,0
26.5787498328991,0.0913355497549143,7.9355913211446,0.571040061397976,8.39471561004984,0.579509411000805,1.36656226799039,1.81969557359143,4.33068897953106,0.285166310949102,31.4552533339348,4.60404008202534,15.2902769424903,25786.864352595,4761715.262044243,15.2902769424903,45.51750405423763,2.005457475245642,4.33068897953106,2.543974979267661,8648755.622382095,0,0,0.0006733773896804266,0
26.5918836192367,0.0921551394599101,7.83889578160103,0.567196377441059,8.29542983560792,0.573653307950315,1.34944060167976,1.5741935453932,4.5407983107827,0.41185620961475,31.2747207645349,4.58489360991987,15.1097944055681,24965.093749858,4735673.569693767,15.1097944055681,45.30865466297669,2.124179223377626,4.5407983107827,2.5150983406299807,8539216.3042919,0,0,0.0005191505905216467,0
26.6037627003843,0.0940062805804077,7.70528805859012,0.562677495155642,8.15672691004828,0.565175945182543,1.3266444159662,1.29589762769006,4.83483702774663,0.604206798243235,31.0433784837288,4.55684604481962,14.8598182518142,24076.9053727272,4748306.795167136,14.8598182518142,45.014281805907494,2.306040101402363,4.83483702774663,2.475336816309328,8420563.1280094,0,0,0.00042743907323965804,0
26.6106000352087,0.0969419569305923,7.55016408743111,0.557939416404812,7.99483224284261,0.555025968547982,1.30086396404763,1.01856189910462,5.17826124420669,0.8624902435948,30.7780585297676,4.52378675518177,14.5693349318533,23184.0912719828,4799532.4138684645,14.5693349318533,44.66636767141344,2.5523977041651538,5.17826124420669,2.429386443684643,8297284.383722749,0,0,0.0003825943326005992,0
26.6102827701273,0.100951772724325,7.38622732161641,0.55329746314777,7.82322230662997,0.543996477875482,1.27423828954449,0.766871444514814,5.54316267000432,1.18113840243142,30.4935133251008,4.48878867931079,14.2622566044576,22339.1781444255,4887079.424778434,14.2622566044576,44.29221640166575,2.8585549185324295,5.54316267000432,2.3810974359995107,8174474.631117039,0,0,0.0003707080437631719,0
26.6019730961203,0.105966573198604,7.22292158700958,0.548952774475315,7.65195986379383,0.532708284445014,1.24828977787063,0.554691635290116,5.90971821748331,1.55001013759537,30.2017902087275,4.453939467421,13.9563620175687,21551.0873932458,5000705.474264562,13.9563620175687,43.912771956913275,3.2150097039335064,5.90971821748331,2.3333101599236588,8055224.345490832,0,0,0.0003802483100021165,0
26.5856306841323,0.111857057472824,7.06643260835066,0.544991182295199,7.48765860194284,0.521609907181829,1.22393056603278,0.386554854327872,6.26540652160454,1.95610596521817,29.9122700016316,4.42045070677721,13.6632688284771,20834.733050765,5133116.344009106,13.6632688284771,43.54211060740843,3.609154080382548,6.26540652160454,2.2878478472282193,7941301.516616282,0,0,0.00040296967423565687,0
26.5615770210864,0.11844840726803,6.9223510621071,0.541617829435321,7.33628749518864,0.511157082184848,1.2019687294488,0.260253974535517,6.60401419425275,2.38601956076331,29.6314641481208,4.38881061829404,13.3936005672894,20255.8413915971,5293972.013534279,13.3936005672894,43.19340762671914,4.02806037429107,6.60401419425275,2.246381619744964,7833269.493009195,0,0,0.00043456457161580213,0
26.5301473153091,0.125536029199704,6.79722445256612,0.539306253106512,7.20480844245435,0.501904617169601,1.183418898988,0.169755428755679,6.92425575199735,2.82791422500977,29.3631610607742,4.35896996107617,13.1600078802525,19870.0325621356,5497772.430620982,13.1600078802525,42.88234600879339,4.460661101547783,6.92425575199735,2.2109409210573028,7730564.2277939245,0,0,0.00047335927207056434,0
26.4916450582775,0.132866839915357,6.69486011196692,0.538400355820382,7.09726266657442,0.494214323060596,1.1688074418503,0.107752053721767,7.22707623909267,3.27057336813869,29.1100022070765,4.33063092592664,12.9698890400201,19598.8038978337,5724447.026324407,12.9698890400201,42.61805679746547,4.896249551298692,7.22707623909267,2.1826822181755574,7633125.019436929,0,0,0.0005163242780027631,0
26.4465135719854,0.140140295475396,6.61472734133501,0.538864137762215,7.01308693992588,0.488121445640757,1.1578593394106,0.0670702225968831,7.51390691309455,3.70230435333105,28.8745345203536,4.30343254649985,12.8221777531754,19407.8666616357,5962055.010827838,12.8221777531754,42.39931307153526,5.3230814678951806,7.51390691309455,2.161336685054167,7541047.031932971,0,0,0.0005618576272705477,0
26.3955531725501,0.147044532164024,6.55229423195532,0.540249830862838,6.9474808590146,0.483348006927253,1.14957309463387,0.0414139840626237,7.78592270115072,4.11079960606279,28.6594699031197,4.27704131760245,12.7079600271529,19192.5307872009,6172860.719773398,12.7079600271529,42.215543728108,5.728231997596759,7.78592270115072,2.145316041689132,7453584.924526017,0,0,0.0006063939672661666,0
26.3401822417236,0.153303038544824,6.49856905919871,0.541607316192176,6.89093398350351,0.479263789709035,1.14214932609932,0.0257723595049102,8.04326634613613,4.48309413202346,28.4678639661164,4.25125291090407,12.6095580572681,18850.5757146426,6312768.124673688,12.6095580572681,42.046008754971176,6.097456984719096,8.04326634613613,2.131567421525979,7369004.667830001,0,0,0.0006461918473528326,0
26.2821201515163,0.15875421650529,6.44645110730522,0.54214328603861,6.83595329355401,0.475356309285859,1.13420181985369,0.0164560007248996,8.28649100351787,4.80889496389591,28.3015618690163,4.22587782316758,12.5130027240683,18509.956981117,6415260.33874726,12.5130027240683,41.874980184058984,6.419433750526862,8.28649100351787,2.117692002855494,7286536.569765107,0,0,0.0006850244594667945,0
26.2229374108841,0.16335900102756,6.39470548805958,0.541701619230405,6.78125938821513,0.471532880251445,1.12550384759533,0.0109816699685183,8.51729877523894,5.0819201724428,28.1606773271575,4.20066433279756,12.4158778111675,18214.7491610353,6494359.192683123,12.4158778111675,41.70099963526355,6.687723074304287,8.51729877523894,2.103273261758729,7205848.21955767,0,0,0.0007235039943102095,0
26.1642153277238,0.167136288606428,6.34215334932868,0.540184389159093,6.72563076029163,0.467699186263071,1.11587753841611,0.0078040965900255,8.73681065278148,5.29746852423537,28.0449046163012,4.17547020596658,12.3159328220433,17855.7217256436,6510632.849256697,12.3159328220433,41.52289683978881,6.89752309352109,8.73681065278148,2.0879478909846667,7126803.155962224,0,0,0.0007566619043529034,0
26.107650349093,0.170126386956413,6.28281291125623,0.537005540546383,6.66276722935977,0.463401842288364,1.10427219373872,0.005993926340252,8.94461871866034,5.45214195231489,27.9538098385001,4.15038586130963,12.2015233168859,17315.5021794674,6418102.303660697,12.2015233168859,41.32803645323888,7.044653184185283,8.94461871866034,2.0697844729146757,7049401.3841098845,0,0,0.0007774663863117434,0
26.054485759543,0.172395221896013,6.21252645661329,0.531767908197667,6.58829905963214,0.458320306002838,1.08998867209171,0.0050021647890684,9.14043091246428,5.54607034283005,27.885809634968,4.12555726939678,12.0645855657729,16742.2926510136,6271621.315947316,12.0645855657729,41.10778338397665,7.128711189353043,9.14043091246428,2.047460631200558,6973429.408205482,0,0,0.0007903427962883189,0
26.0051857327865,0.174021478128063,6.13330758476628,0.524748865517803,6.50437410019303,0.452592544873696,1.07347346240702,0.0045251280458457,9.32505933991009,5.58253365888442,27.8382362071691,4.10103509344928,11.9091663780526,16196.3168885134,6099215.262776236,11.9091663780526,40.86770376867239,7.153345609237918,9.32505933991009,2.021693810630428,6898624.229463984,0,0,0.0007973881268760003,0
25.9597440971578,0.175069830792857,6.0492366916531,0.516471031800623,6.41531354732784,0.446512609082534,1.05554609481973,0.0044195268671231,9.49948531685387,5.56607455053175,27.8082324899093,4.07685614732522,11.7433702997463,15690.0868428657,5912034.876622529,11.7433702997463,40.61789390263448,7.12377992791313,9.49948531685387,1.9938808334312939,6824742.708857599,0,0,0.0007991857802136335,0
25.91787827987,0.175581614300324,5.96424068667007,0.507449828375002,6.3252667848527,0.440365915910545,1.0369829830279,0.0046534010355941,9.66450756168307,5.50177461143481,27.793076881697,4.05307515953563,11.5749927854683,15228.6162611525,5717829.886648453,11.5749927854683,40.36776609300654,7.045753392128852,9.66450756168307,1.965359467940795,6751823.263817083,0,0,0.0007961636143811513,0
25.8791629583863,0.17557136378518,5.88112044814402,0.498074634576092,6.23718665707111,0.43435669792787,1.01833783920311,0.0052873092725306,9.82058673709027,5.39501163526923,27.7902910032234,4.02978130072349,11.4096047513882,14800.0138770012,5517102.065186872,11.4096047513882,40.12381059909369,6.925125373890756,9.82058673709027,1.937084174256799,6679915.76450726,0,0,0.0007878431633443199,0
25.8431246593287,0.175027725004382,5.80140184137826,0.488584433858249,6.15267478813468,0.428596897049623,0.999916716868113,0.0064735428233978,9.96777511448999,5.2514084327801,27.7976647255572,4.00710731167946,11.2502581614954,14399.5814900423,5312303.28724198,11.2502581614954,39.88932706162201,6.767797508039446,9.96777511448999,1.9095763721877137,6609080.667578787,0,0,0.0007740223798209429,0
25.8091024532262,0.173915211610545,5.72901558868686,0.47944655900858,6.07587007112799,0.423380882390206,0.982429222910556,0.0084877121427424,10.1065746975169,5.07563901154577,27.8133421593058,3.98509447035721,11.1046736980825,14189.4047782234,5166190.174952479,11.1046736980825,39.67315998896093,6.579045425565146,10.1065746975169,1.8841268832333942,6538736.805411273,0,0,0.0007634365280269086,0
25.7760796542898,0.172159952662666,5.67400563338359,0.471746232883479,6.0173578489965,0.419463556098606,0.967615256968096,0.0118437087295252,10.2387375596982,4.86888302638491,27.8361765467031,3.96354592547479,10.9924648789737,14371.1710196306,5151259.843437962,10.9924648789737,39.49842813528273,6.361508664048283,10.2387375596982,1.8639969786610728,6467930.3691032035,0,0,0.0007663683863471635,0
25.7431818271784,0.1696501117164,5.64447700379482,0.466369752118645,5.98565434051116,0.417460929794707,0.956809113108164,0.0174077962180107,10.3649144567935,4.63075975897869,27.8656975506858,3.9423802755066,10.9294079630511,14709.985728441,5179016.393863025,10.9294079630511,39.3836030782223,6.115991225790003,10.3649144567935,1.8517875741439882,6396812.259453494,0,0,0.0007684810338319279,0
25.7100388434608,0.166283953884465,5.64069914884209,0.463385430896145,5.98099023514166,0.417407788469701,0.949944385275747,0.0263986351392131,10.483051391662,4.36331571105427,27.9015903843581,3.92190964395342,10.9159555712187,15081.4355998042,5203461.590826666,10.9159555712187,39.328749785970615,5.844601389432111,10.483051391662,1.8475361002391872,6325807.129397047,0,0,0.0007611998765884712,0
25.6764773472358,0.162009134721963,5.66040724003988,0.462572502933676,6.00092566123336,0.419149920492076,0.946516719135758,0.0404254189339624,10.5898698422469,4.07012048198655,27.943686248965,3.90261875371435,10.947602291151,15519.0020105925,5235187.949005848,10.947602291151,39.328058525792514,5.550587283157222,10.5898698422469,1.8504616386119848,6254209.955950204,0,0,0.0007442964138464164,0
25.6423402171857,0.156843553874146,5.70271634591289,0.463821114048749,6.04449014474415,0.422633181721744,0.946271782852732,0.0616323601289445,10.6816750704061,3.75464467657199,27.9922070313582,3.88502570411173,11.0225256715954,16092.0413038101,5295561.417789373,11.0225256715954,39.37911634034011,5.237270643910092,10.6816750704061,1.8602470421240078,6180209.027696952,0,0,0.0007187014465414174,0
25.6076393326942,0.150910301135209,5.76729915209711,0.467069078334719,6.11131758253074,0.427837673830835,0.949082860091343,0.092668084122088,10.7539506998037,3.42132827422332,28.0476871987573,3.8697497568061,11.1400095101578,16722.0833975615,5356499.720603923,11.1400095101578,39.481155980714156,4.909021349375597,10.7539506998037,1.876789611651653,6103769.030517002,0,0,0.0006782668164233956,0
25.5726729253225,0.14446120022506,5.85173702476037,0.47205811339897,6.1988585774063,0.434575571990295,0.954539035402895,0.136275418847759,10.8015558809265,3.0768376780317,28.1107223538193,3.85750369779594,11.2953320388457,17367.5456286729,5404758.474362433,11.2953320388457,39.62890244850639,4.57216321433933,10.8015558809265,1.8993636609098903,6025547.931610603,0,0,0.0006199204635836557,0
25.5379199055601,0.137841779570896,5.95179198552584,0.478381172626645,6.30267099884778,0.442509348688539,0.962020657061874,0.194695088968826,10.819830095719,2.72944621110576,28.181828519766,3.84894169063075,11.4803290439768,17987.9299869166,5429795.790507193,11.4803290439768,39.81313584788167,4.234407182124357,10.819830095719,1.9267119691069696,5945827.020089262,0,0,0.0005424506545527373,0
25.503917387796,0.131422767845689,6.06136327001991,0.485500171866653,6.41636729562035,0.451150262300379,0.970700116785322,0.268848910310402,10.8057595577054,2.38840531719185,28.2611752040001,3.84450718774161,11.6833261887612,18542.9712040697,5423552.901819313,11.6833261887612,40.0204212722343,3.9042311552426354,10.8057595577054,1.9570208001104772,5864455.119018349,0,0,0.0004469582415697072,0
25.471048221833,0.125517482263186,6.17450928335449,0.492953793482391,6.53373112716602,0.460015092179371,0.979848515683581,0.357817177124068,10.7589397409178,2.06246205102873,28.3484533568038,3.84429853020273,11.8930446514063,19064.4002641925,5400574.789207896,11.8930446514063,40.237623515962035,3.5896800949907695,10.7589397409178,1.988544607993058,5781787.332343764,0,0,0.000338052172214156,0
25.4393995749054,0.120334317290874,6.28722349271366,0.500527627681422,6.65057277321324,0.468766475933223,0.989079230975275,0.458722416533087,10.681840438731,1.7588231674228,28.4427928027395,3.84803321709088,12.1020058348988,19557.4307663688,5367452.662799812,12.1020058348988,40.4559034927131,3.2975690381290708,10.681840438731,2.0201517366710737,5698204.989220434,0,0,0.00022000171247758902,0
25.408906307749,0.115986956360839,6.39240629633538,0.507764493550676,6.75942067923039,0.476847399971062,0.997494563663685,0.566139610373499,10.58012856888,1.48418409677608,28.5421567364917,3.85504632366073,12.2967661934419,19844.7922100633,5282040.54384075,12.2967661934419,40.658826696861034,3.0338180019768046,10.58012856888,2.04970327033686,5614075.794039558,0,0,9.707089954805561e-05,0
25.3795436938866,0.112506259419171,6.47476401882977,0.513422113505719,6.84415549303394,0.48311024239043,1.00282796680995,0.672070185798572,10.4628865852212,1.24470497667675,28.6428879254868,3.86429117009176,12.4479985696593,19750.329264896,5106655.722038225,12.4479985696593,40.81032978787558,2.802684532944313,10.4628865852212,2.072403644745116,5529663.4758749,0,0,0.0,0
25.3512114591198,0.109831930318636,6.52271216630276,0.516490136319656,6.89258015024635,0.486701848321263,1.0033253309352,0.768959263265007,10.3400831605782,1.04256404819212,28.7410773088918,3.8746004221423,12.533440345327,19511.1530008876,4910272.554595685,12.533440345327,40.88285302156366,2.6048394598975637,10.3400831605782,2.08458020244522,5444920.89609173,0,0,0.0,0
25.323802035433,0.107846873415789,6.53748673077377,0.517043682121253,6.90602551485263,0.487732906552158,0.999212620838449,0.85196186558463,10.2197499620012,0.875653749884039,28.8337313142407,3.88501169413406,12.555510001955,19222.7770864463,4719382.376596221,12.555510001955,40.87915036398705,2.438301115769471,10.2197499620012,2.0866059786002054,5359693.559033494,0,0,0.0,0
25.2974798700718,0.106424523636889,6.52805574707935,0.515828106072303,6.89397576517385,0.486893297026237,0.991900959032616,0.918677728762031,10.1074877898616,0.739994930189625,28.9186424868867,3.89485447153002,12.5315106725395,18987.3630056988,4559393.307975584,12.5315106725395,40.82055826809304,2.3002240327347647,10.1074877898616,2.0813002623108194,5274796.587030309,0,0,0.0,0
25.2727405451045,0.105452541790031,6.5078126186461,0.514007199952209,6.87057300893459,0.485201166147943,0.983478365462994,0.968793412656339,10.0064847585277,0.630861654660147,28.9943727139599,3.90375127948993,12.4872791947886,18898.2096108511,4451536.524433196,12.4872791947886,40.73926544603837,2.1876296483027398,10.0064847585277,2.0728930197610316,5191822.360752031,0,0,0.0,0
25.2505393976102,0.104841199023577,6.48673659331786,0.512462878770492,6.84635181617297,0.483418906321597,0.975476934601611,1.00309056741083,9.91851105032289,0.543989352846714,29.0597166727002,3.91151537055498,12.4420642181397,18836.3917960793,4366006.563919762,12.4420642181397,40.6598277258183,2.0975861206065947,9.91851105032289,2.0645329805806383,5110960.471168748,0,0,0.0,0
25.2322562734145,0.104516843022151,6.46762710643748,0.511417613395908,6.82427699195408,0.48177239877684,0.968275806848602,1.0231037878893,9.84442065574886,0.475763637047987,29.1135722158535,3.91808938108429,12.4012358102754,18759.6181804316,4291391.552376037,12.4012358102754,40.59014303384956,2.0268630923319906,9.84442065574886,2.0570784095478047,5032004.421486095,0,0,0.0,0
25.2194067433453,0.104415723242716,6.44951315333481,0.510731044001562,6.80333826714476,0.480202393504807,0.961647485953075,1.03125917447961,9.78395503867362,0.42283202399396,29.1553248671559,3.92354660474385,12.3628597938616,18642.553665823,4219819.894238851,12.3628597938616,40.52925481052702,1.9719764131004671,9.78395503867362,2.050179965529677,4956303.822873865,0,0,0.0,0
25.2133592323453,0.104480564300133,6.42951026302418,0.510067121325134,6.78050423301132,0.478502284655828,0.955058286538196,1.0305952548282,9.73588615706983,0.382111556036844,29.1849881087621,3.92806107530495,12.3212816777891,18465.9317426384,4144523.920236142,12.3212816777891,40.47148198520009,1.9294328291834653,9.73588615706983,2.042871826373546,4886402.771691749,0,0,0.0,0
25.2150827290495,0.104661093758953,6.40581050193758,0.509180553529622,6.75386823753801,0.476540993332159,0.948146764472325,1.02439126461173,9.69822991301995,0.350818495826568,29.2032355645007,3.93187374213303,12.2729078026493,18281.1009688819,4074772.554136756,12.2729078026493,40.413290873618145,1.8961632101360968,9.69822991301995,2.0345282907509175,4822695.09424091,0,0,0.0,0
25.225044047282,0.104916062392737,6.37908667247231,0.508068050889664,6.72412512797204,0.474368771899893,0.940951283331313,1.01574418891591,9.66862351748098,0.326567664223356,29.2112176870711,3.93524950617332,12.2189350079002,18112.2028162121,4014137.0682757776,12.2189350079002,40.35656001623995,1.8698269585879799,9.66862351748098,2.0253184204573467,4764908.946484446,0,0,0.0,0
25.2430703887066,0.105204999279313,6.34577890818973,0.506321591959235,6.68750580682446,0.471720272863512,0.932852989884751,1.00710627490246,9.64487546020622,0.307546528035379,29.2103387805792,3.93841468820881,12.1523793253828,17745.6752525981,3913200.9863423426,12.1523793253828,40.2924549577076,1.8480555895699438,9.64487546020622,2.014059833811363,4711769.085658026,0,0,0.0,0
25.2679705260314,0.105477564762128,6.29266237740823,0.502553796430425,6.6300707290651,0.467611763538216,0.921716494628327,0.999939830678102,9.62524945576413,0.292472743148039,29.2023716808108,3.94150832873027,12.0475481452373,16962.3266817185,3720799.7970234007,12.0475481452373,40.188063251863824,1.8276031470339684,9.62524945576413,1.996469607361416,4661104.170590168,0,0,0.0,0
25.2978314185092,0.105690282861204,6.21171706150993,0.495826459292697,6.54337400979507,0.461445476078595,0.906225199078735,0.994907779451003,9.60829493905492,0.280296684448748,29.1893319036435,3.94460787146596,11.8887807983868,16089.6139836418,3507626.650506985,11.8887807983868,40.022109907125426,1.8061061233438092,9.60829493905492,1.9699194630775272,4612086.329132329,0,0,0.0,0
25.3308685774082,0.105821619050644,6.10870579001079,0.486578813170195,6.43348388441105,0.453647197186805,0.887241642926925,0.992295985728273,9.59284564535601,0.270145051240791,29.1729190283186,3.94776471507026,11.6871004433443,15261.9596152423,3303928.2016415386,11.6871004433443,39.806347524164615,1.7833280152136355,9.59284564535601,1.936205834695909,4564444.986655361,0,0,0.0,0
25.3656654170984,0.105864479356456,5.99409151264904,0.475785152113735,6.31141240420492,0.444992017072452,0.866383448826575,0.992169575035449,9.57813113955308,0.261387557349197,29.1543616962297,3.95100264617206,11.4626809693795,14539.1120656117,3123996.4671347765,11.4626809693795,39.564194431321575,1.7600091510703748,9.57813113955308,1.8986536179914557,4518912.63129349,0,0,0.0,0
25.4012357104422,0.105822297966968,5.87843759499266,0.464489695293527,6.18827130969204,0.436262515914509,0.845294022264496,0.994570185316104,9.56365357131151,0.253573171752187,29.1344704986296,3.95433393966918,11.2359360170977,13965.718286198,2978385.020084588,11.2359360170977,39.319813146566396,1.7371502568447386,9.56365357131151,1.860638403325464,4477127.1188182635,0,0,0.0,0
25.4368665625525,0.105702438504769,5.76872300615544,0.453420417563523,6.07139614155049,0.427975024506417,0.825064796176586,0.999543631503957,9.54910566180247,0.246385382005298,29.1138169637589,3.95776051535463,11.0203785238061,13470.0805481907,2852054.5985997166,11.0203785238061,39.08914838700972,1.7154264353659257,9.54910566180247,1.8244009853307765,4439374.696054761,0,0,0.0,0
25.4719460440293,0.105511039471462,5.66736482658087,0.442864273072875,5.96332234550088,0.420307103497379,0.806081859665443,1.00708710604855,9.53431790505457,0.239608426854494,29.09291079551,3.9612699941475,10.8207137035832,13015.9716249975,2737168.1332333693,10.8207137035832,38.8773974918182,1.6949857622836069,9.53431790505457,1.7907274291287358,4405363.782941143,0,0,0.0,0
25.505865842453,0.105250196781247,5.57279531677977,0.432707459248274,5.86239668082602,0.413140627927781,0.788118232815447,1.01707109427795,9.51922629690387,0.233106327285861,29.072312679348,3.96483246055808,10.6339474258524,12498.6025575672,2611250.900560863,10.6339474258524,38.68027435683154,1.6754912055772515,9.51922629690387,1.7591301885683073,4374668.157980257,0,0,0.0,0
25.5378859318607,0.104914167050853,5.47926289898403,0.422403529215801,5.76257276212244,0.406047499631485,0.770307689186524,1.02901840310959,9.50391949808952,0.22683068734693,29.05274043074,3.96838578488656,10.4490001818526,11799.4744211392,2449083.7937622517,10.4490001818526,38.48339447805183,1.6560854435148895,9.50391949808952,1.7277828527829668,4346801.008813339,0,0,0.0,0
25.5674609097976,0.104496587976426,5.38249583055638,0.411525062259144,5.65936491968219,0.398710158709126,0.752006541317602,1.04235145104444,9.48850079918562,0.220771481709529,29.0348351615398,3.97187026439953,10.2576316722341,11062.5237930818,2280551.7932166923,10.2576316722341,38.27606001029848,1.6361383808023833,9.48850079918562,1.6953241850919436,4321376.321977984,0,0,0.0,0
25.5944785841112,0.103997225738961,5.2831073649208,0.400121143843804,5.55342074550332,0.391173919959289,0.733309603465192,1.05674995252566,9.47294405516329,0.214908974051544,29.018954869598,3.97526368600579,10.061020161592,10365.8702048104,2121956.4586181813,10.061020161592,38.05960858754256,1.615702546800541,9.47294405516329,1.6619475742490857,4298091.4758420875,0,0,0.0,0
25.619153680484,0.103421787454232,5.18509309905361,0.388584214441544,5.44893677139016,0.383734951603337,0.714818125843569,1.07222399767973,9.45708113827491,0.209204143287783,29.0052174766414,3.97858120647913,9.86686723634589,9824.75204925664,1997030.5785791487,9.86686723634589,37.843742630270455,1.5953034236408565,9.45708113827491,1.6289241657064693,4276148.486581843,0,0,0.0,0
25.642029895064,0.102784313893076,5.09551780374246,0.377624216733106,5.35332540854488,0.376916232995575,0.697588261328716,1.08937690539998,9.44048504824382,0.20356637106536,28.9935373683791,3.9818913841248,9.68879069543508,9580.35317145857,1934285.380019497,9.68879069543508,37.645786132301815,1.5758678778200397,9.44048504824382,1.5985030103164548,4254041.219920074,0,0,0.0,0
25.6636089371466,0.102099962454391,5.01972954312934,0.367805398770194,5.27218896404647,0.371112713642719,0.682417139751355,1.10901943159678,9.42261564026559,0.197898917095742,28.9839135578431,3.98527594496219,9.53710901401962,9489.60714753007,1904251.070371679,9.53710901401962,37.47896265894107,1.5580962418544677,9.42261564026559,1.5723916683174715,4231108.074446944,0,0,0.0,0
25.684065162195,0.101378073054902,4.95849282160729,0.359254240492853,5.20631525830419,0.366379605029221,0.669418869006543,1.13160451755542,9.40305229123365,0.192158358830561,28.9765987827461,3.98878301113741,9.41331874020585,9453.94221336074,1886697.2821645886,9.41331874020585,37.34530402969,1.5421033530987023,9.40305229123365,1.5508442368251283,4207244.994556238,0,0,0.0,0
25.7033416401498,0.10062336068812,4.9095285925923,0.351797736099066,5.15329968088062,0.362547070201815,0.65825806011136,1.15718200600031,9.38151975373862,0.186351455110736,28.9719951637221,3.99242915334241,9.3130588862737,9374.15963028112,1861479.9596123276,9.3130588862737,37.23939614072308,1.5276217452326681,9.38151975373862,1.5331493807713694,4182938.062721723,0,0,0.0,0
25.7211922533137,0.0998350147850738,4.86786627443104,0.344990058031534,5.10791897615385,0.359246992843725,0.648205136472193,1.18522304856384,9.358005191634,0.180544417571212,28.9705216006132,3.99618931059092,9.22678921126478,9142.3226244268,1806888.6045516604,9.22678921126478,37.149254706031115,1.5140542483619222,9.358005191634,1.5177416224621985,4159236.702522343,0,0,0.0,0
25.7374154486126,0.0990111088076353,4.82882869763355,0.338394779896964,5.06526401774003,0.356133812984006,0.638574698611487,1.21501084022825,9.33261917964149,0.174815219156313,28.9724377004976,4.00002919919175,9.14552661541385,8855.52232645682,1741990.7657108267,9.14552661541385,37.06362256428627,1.5008403329106936,9.33261917964149,1.5031451539233203,4136526.9668883737,0,0,0.0,0
25.7520042348154,0.0981529319969381,4.79047063788143,0.331825570961949,5.02329434623501,0.353064172380122,0.629081069847789,1.24617392453512,9.30533942999938,0.169201839881212,28.9778516293848,4.00394456845564,9.06553250193494,8580.0358564597,1679733.8447725417,9.06553250193494,36.97789296411864,1.4877504501327754,9.30533942999938,1.4887457310861938,4114827.2328036265,0,0,0.0,0
25.7650603312524,0.0972640177669018,4.75301752503542,0.325298161390104,4.98224596586773,0.350054932497699,0.619752740359376,1.27869258442589,9.27597481500241,0.163707506911019,28.9868426294499,4.00795917933348,8.98723277009977,8374.80236586038,1631584.2956626504,8.98723277009977,36.892693674169635,1.4748166524400936,9.27597481500241,1.4746128816959565,4094201.1137428763,0,0,0.0,0
25.7767468055542,0.0963505095914231,4.71855241567397,0.319003677890102,4.94430017702945,0.347259519493976,0.610884282250246,1.31299059693905,9.24405740259976,0.158298342587622,28.9996022899638,4.01213266401305,8.91461434114366,8305.64450957972,1610251.5488892929,8.91461434114366,36.81309738748337,1.4622887606393613,9.24405740259976,1.461400661988326,4074895.2047244534,0,0,0.0,0
25.787167355857,0.0954185322284195,4.68921441491303,0.313141344661115,4.91169464566302,0.344835000738577,0.602776190774426,1.3496184250472,9.20896985425655,0.152935570590883,29.0164735522948,4.01653826455516,8.85176987918562,8313.66528326107,1604118.788035672,8.85176987918562,36.74424748483559,1.450420045166702,9.20896985425655,1.449780311772869,4056998.099546959,0,0,0.0,0
25.7962936650103,0.09447153488773,4.66575470274784,0.307782300805142,4.88521219952938,0.342836103478747,0.595528722665348,1.38884260745623,9.17019203387108,0.147608869012681,29.0378277185648,4.02123225488588,8.80013123625664,8352.28736417834,1604049.1871724466,8.80013123625664,36.68787922912448,1.4393018515253675,9.17019203387108,1.439986174828117,4040486.3194682337,0,0,0.0,0
25.8040474629586,0.0935132177310972,4.64886854242197,0.30299251780457,4.86557672705523,0.341313272768676,0.589233865398126,1.43099325856349,9.12708254128456,0.142305938248058,29.0641288882449,4.02628366540775,8.76102249771241,8477.28321133886,1620630.3920842952,8.76102249771241,36.64554560613826,1.4290145342106688,9.12708254128456,1.4322349228849842,4025434.4686780223,0,0,0.0,0
25.8103408620704,0.0925512335420665,4.6410376066182,0.29899975832699,4.85538067127192,0.340447607734787,0.584234953301508,1.47708384467509,9.07836323052907,0.136969964092374,29.0962789448589,4.03183226986477,8.73918180232478,8804.20538532056,1675744.177037918,8.73918180232478,36.62299269286588,1.4198307841744133,9.07836323052907,1.427302291398154,4012132.7982100057,0,0,0.0,0
25.8149419887756,0.0915933380147193,4.64493248039999,0.296043971090585,4.85741260911352,0.340433529080763,0.580896743244679,1.52832256805243,9.02233672080175,0.131543701393505,29.1355575322272,4.03805837529088,8.73969976143388,9238.22367004266,1751033.5770237164,8.73969976143388,36.626254659719855,1.412039162396536,9.02233672080175,1.4260201900072875,4000724.4811185505,0,0,0.0,0
25.8174159185687,0.0906427161484215,4.66141807644421,0.294192043459837,4.87257233468723,0.341333090717269,0.579322657929502,1.58530460492825,8.95750043392906,0.126024147564591,29.1831610987052,4.04511659385139,8.76420425641682,9700.6113877764,1831373.135748977,8.76420425641682,36.65689683795517,1.4057280958702871,8.95750043392906,1.428651149068885,3991223.8977004536,0,0,0.0,0
25.8172237057653,0.0896967746260606,4.68847814414065,0.29324855600556,4.89874864121598,0.34299795674135,0.579211393389577,1.64760597291103,8.88306263897298,0.120476239875696,29.2396945080135,4.05308818550007,8.80881895640423,10024.6793134146,1885110.8525696674,8.80881895640423,36.709605171884476,1.4006671786913794,8.88306263897298,1.4345566706676935,3983470.3148155496,0,0,0.0,0
25.8139503711034,0.0887451166523299,4.71876409032149,0.292560394733975,4.92825893592177,0.344890931965303,0.579534590806371,1.71308337851519,8.80000000815116,0.115054708177915,29.3042356175651,4.06187726394894,8.85951619017979,9999.33665062115,1872372.3948134915,8.85951619017979,36.766704431504635,1.3960345391963713,8.80000000815116,1.4414438033460684,3977084.7585658985,0,0,0.0,0
25.8075136537752,0.0877775714393716,4.74367103521953,0.291384843760004,4.95211165623024,0.346384366579423,0.579112541744886,1.77926209411853,8.7102036531846,0.109902955094155,29.3749367018352,4.07130590730848,8.8999066394424,9814.38048323047,1828703.1999521728,8.8999066394424,36.80795566874865,1.39086207715708,8.7102036531846,1.4466405736473902,3971831.884754688,0,0,0.0,0
25.7980275918609,0.0867906129861235,4.75903590722991,0.289369891464603,4.96596034732009,0.34717605227687,0.577386191507553,1.84492858627554,8.61481550211356,0.105071494100203,29.4504316005051,4.08128247692939,8.92207826088661,9597.38728687809,1777954.3257385928,8.92207826088661,36.82374659464605,1.3846738367190612,8.61481550211356,1.4488603220667196,3967574.767705297,0,0,0.0,0
25.7855060502866,0.0857868502665355,4.76697107651706,0.286681469712506,4.97201542252278,0.347422066793039,0.574640726437566,1.91046952095997,8.51337079855492,0.100523242198905,29.5306115524918,4.09188417068963,8.93004409417982,9587.58180226784,1764508.6316096464,8.93004409417982,36.81902366253608,1.3776907014079298,8.51337079855492,1.4487550696180387,3964121.0458670333,0,0,0.0,0
25.7693619052771,0.0847764967563058,4.77829189918356,0.284168295261563,4.98157397983695,0.347912384821088,0.572299913336294,1.97882055269038,8.40190976749674,0.0961129230215769,29.6180748704473,4.10355503525536,8.94430181822702,10114.6655288569,1848529.9712300878,8.94430181822702,36.81838487447286,1.3710673154643456,8.40190976749674,1.4496470419431637,3961147.2572961114,0,0,0.0,0
25.7484415949072,0.0837679441152215,4.80515335143416,0.282751383155615,5.00732527196742,0.349533234530212,0.571927317781976,2.05321598631601,8.27511203501103,0.0917138306127724,29.7162753468473,4.11689229320376,8.98783355776376,10904.6518442112,1978856.1645997819,8.98783355776376,36.84890009789181,1.3660934013046888,8.27511203501103,1.4552505714020192,3958474.57690307,0,0,0.0,0
25.72160397747,0.0827609957396064,4.85376811153281,0.282856108838733,5.05574969825872,0.352737252773511,0.5742735225191,2.13464136621572,8.12989516618264,0.0873209367761943,29.8265497932752,4.13228006735695,9.07231764357531,11744.1039767427,2116347.7371735116,9.07231764357531,36.923749667132476,1.3634303679415807,8.12989516618264,1.4674391850613908,3956070.8084525014,0,0,0.0,0
25.687782184368,0.0817521153346236,4.92644019781047,0.284592712082633,5.12924619379612,0.357692384806205,0.579566899362908,2.22278094400671,7.964796525399,0.0829856622157564,29.9485503850338,4.14995841205973,9.20201555077268,12586.519290454,2252637.955437594,9.20201555077268,37.04707268756096,1.3633146046263005,7.964796525399,1.4868824667863176,3953533.9034379493,0,0,0.0,0
25.6458491302772,0.0807375190443474,5.02312902633104,0.287886067504456,5.22776501560174,0.364395878607734,0.587732051335899,2.31702710366173,7.77888972022788,0.0787648573689046,30.081071547843,4.17013841434647,9.37674790209041,13448.7763843948,2390626.6459533414,9.37674790209041,37.217494688702416,1.3656993124074543,7.77888972022788,1.5135312741126368,3949818.617369749,0,0,0.0,0
25.5946641383114,0.079712885761112,5.14218768142991,0.29253229548271,5.34957839011529,0.372728522337683,0.598487899058853,2.41656473679347,7.57186106708358,0.0747154552322509,30.2220352101823,4.1929918761894,9.59329304653571,14302.5842244361,2524963.275108621,9.59329304653571,37.429891812496955,1.3703392794129803,7.57186106708358,1.5468441019586754,3944505.6221601167,0,0,0.0,0
25.5332778132883,0.0786733337242602,5.28002889776138,0.298188579225728,5.49093320702204,0.382431196805869,0.611314058342627,2.52020332229484,7.34450856351694,0.0708977395703652,30.3682778359655,4.21858910269674,9.84477453851141,5906.74656194409,1035358.6765041192,9.84477453851141,37.6748470861702,1.3767740618953888,7.34450856351694,1.5856915245367202,3920765.7862866507,0,0,0.0,0
25.460125231065,0.0776162935811128,5.44151467546627,0.305081877765256,5.6568867460187,0.393861972899561,0.626727131763124,2.6277401419847,7.09560767770453,0.0673334393376371,30.5175820486957,4.24725085309769,10.140200478426,16511.1371101714,2873337.7276789206,10.140200478426,37.961813928559025,1.3854312863377731,7.09560767770453,1.6314939884933108,3912932.3336710553,0,0,0.0,0
25.3688074690534,0.0765528917801,5.68405412684849,0.316861154461231,5.90732454745956,0.411209916532712,0.651624781503145,2.74120999937846,6.80970078308157,0.0640279693962805,30.6744633283443,4.28104128955428,10.5872600662125,19230.6014899542,3329996.2831622553,10.5872600662125,38.416434887638644,1.4023458000324545,6.80970078308157,1.7014901380242788,3905670.266895011,0,0,0.0,0
25.2538411194658,0.0755486258997854,6.0631816068054,0.336908156527841,6.30045003136831,0.438550436704107,0.692915431089214,2.84108218459253,6.47553689186029,0.0627597843908045,30.8373369046679,4.32170154421459,11.2904233356268,22452.4468305527,3888160.6894148844,11.2904233356268,39.161395407860454,1.4350206003207713,6.47553689186029,1.812454852414082,3899842.6519047352,0,0,0.0,0
25.1147691201511,0.0750890891699981,6.60313260197315,0.366590529028509,6.86234499322503,0.477731800946444,0.754609236547227,2.87373548685391,6.08346379331544,0.0735700093780261,31.0016228330772,4.37068808095453,12.2964738319052,25719.9392437808,4488268.819107297,12.2964738319052,40.25426737104146,1.495972412912258,6.08346379331544,1.9721976916149282,3895994.190210519,0,0,0.0,0
24.9598803602451,0.0796822879950615,7.25078466029126,0.402690683623538,7.53839334586053,0.525081362357829,0.833698078223433,2.76938276250483,5.61919393171508,0.126433271401577,31.1649397512883,4.42971237155821,13.5088087479472,28039.9940185399,4975163.782244113,13.5088087479472,41.590210778596756,1.6099110767238494,5.61919393171508,2.166942983786262,3894535.214115651,0,0,0.0,0
24.8066151539312,0.111914652965847,7.8426873009727,0.435834552833833,8.15775954032617,0.568903877310108,0.91930423113385,2.49420462851941,5.08075492665074,0.271303724048542,31.317590501186,4.4991907221332,14.6267492771821,28638.9429728357,5210685.49318702,14.6267492771821,42.8430193094737,1.8109656954915154,5.08075492665074,2.3555098606670493,3895659.6188442945,0,0,9.944158147266135e-05,0
24.6703467875035,0.232042337931278,8.24358731116698,0.459022324505648,8.57844841316303,0.599273208938244,1.00986577271684,2.08061876783429,4.48583286357396,0.55820766010089,31.4357217137418,4.57800952503136,15.4057271334141,28733.415866391,5419759.623683771,15.4057271334141,43.79258615592552,2.137599711207396,4.48583286357396,2.515911266417398,3899903.1456007306,0,0,0.0014873452824972291,0
24.5584112401241,0.551208751809609,8.45916677353843,0.473998205916689,8.80605042347499,0.616228249804068,1.11961772966647,1.59798051029161,3.86052548412328,1.0240436301625,31.4874344170208,4.66461284017634,15.8649279008339,28659.2661321675,5709267.070973786,15.8649279008339,44.58468137433435,2.631007985401763,3.86052548412328,2.680937912109046,3908204.339323995,0,0,0.0039562995404661076,0
24.4739709604657,1.22407185201441,8.53455818224654,0.484405783405821,8.88760071781481,0.622608984555291,1.24966106236362,1.12330509544502,3.23931415627744,1.68204149551401,31.4418536672334,4.75613706997165,16.0865522221501,28222.2143817984,6074624.315187203,16.0865522221501,45.47687754286619,3.3131916907470704,3.23931415627744,2.9018896847438134,3921230.0969133563,0,0,0.007610725820197538,0
24.4172445992517,2.40034596363087,8.49771607066437,0.49177141928073,8.85198922367125,0.620180394647595,1.37457335141406,0.720312437829031,2.65840552202557,2.51300763152321,31.2813950812757,4.84851628080424,16.1050906350528,27276.8894535401,6464795.0028888825,16.1050906350528,46.65382102256057,4.170756505135799,2.65840552202557,3.2177802287664683,3938970.5108804884,0,0,0.012134741773613551,0
24.3855301598639,4.15651833683809,8.37326951880718,0.49644573233886,8.72440952606516,0.610729465035867,1.46452971327867,0.420529098370207,2.14276543294659,3.47494659755897,31.007185395318,4.93808459398972,15.9457044943419,26135.6730347961,6893717.912387332,15.9457044943419,48.21143245222773,5.16472619885992,2.14276543294659,3.647164819301568,3961450.1394502125,0,0,0.017105317891288184,0
24.3745681824819,6.4750376675925,8.19279063554248,0.499022642907915,8.53735258059512,0.596729237531037,1.50587655872614,0.223193566559914,1.70221160566958,4.52129499438277,30.6336357416002,5.02256361350499,15.6558436281202,24917.7379581594,7335850.83505981,15.6558436281202,50.18137750537709,6.250205615429161,1.70221160566958,4.190705504301132,3988403.723199094,0,0,0.02209604170437064,0
24.3799837018796,9.26765629293555,7.98511970391012,0.500238218755677,8.32070897991863,0.580521480666526,1.50219157552064,0.10799304722437,1.336474065621,5.61035818410443,30.1809040892551,5.10083227048449,15.2888914312714,23771.0537912169,7790267.200800425,15.2888914312714,52.536419953586744,7.385742310661895,1.336474065621,4.83476069622714,4019557.210562969,0,0,0.026876268312302082,0
24.3979853563725,12.4248042268908,7.77539278903527,0.501090841514539,8.1007647204124,0.564147364617236,1.46649237028087,0.0483475585447794,1.03900026892762,6.71209880953857,29.668158269528,5.17276487694836,14.8977931098148,22816.6748170978,8277321.294451524,14.8977931098148,55.230677669123615,8.541181044542352,1.03900026892762,5.561696791822751,4054872.2300387304,0,0,0.03144159715074853,0
24.4255375174423,15.8363215996255,7.57799911531651,0.502214167193023,7.8927794366831,0.54878327855913,1.41342040857195,0.0206321014805655,0.801331142447196,7.8043945057922,29.1125666125698,5.23864059632981,14.5174155517987,21947.7853558291,8751684.246572992,14.5174155517987,58.19705552339151,9.693415405546784,0.801331142447196,6.351280060181892,4093944.92558361,1,1,0.035626702490974285,1
24.4602957369235,19.4130047606447,7.39950907479282,0.503842320212994,7.70390217028052,0.534947623781341,1.35426634825176,0.0086418788764515,0.613986090018835,8.8729942091717,28.5281607880491,5.29905602658083,14.166547462334,21147.0929153206,9199422.837198379,14.166547462334,61.369768034887635,10.826890125616327,0.613986090018835,7.185628482946556,4136302.2848876645,1,1,0.03941879470554235,1
24.4999218192299,23.029973185377,7.22325105984322,0.50394440453843,7.51714840754702,0.521449978509269,1.29540264794125,0.0036470788425976,0.469352308201286,9.89584692517377,27.9343357009041,5.35403240636355,13.8186023386704,20437.6488237794,9614109.5266887,13.8186023386704,64.59109150298609,11.914310033797085,0.469352308201286,8.030299635298292,4181303.717316357,2,2,0.04276852078365006,2
24.5429268680731,26.5477460026946,7.05470249749568,0.503038285164931,7.33838655180971,0.50869440935721,1.24610642648674,0.0015956890245619,0.35916823594542,10.8691802462586,27.3414591269355,5.40434012347138,13.4892965448569,19837.2846290945,10008200.215426618,13.4892965448569,67.74160104108196,12.94981633851462,0.35916823594542,8.854129171125223,4228287.340074749,2,3,0.045793862378381074,3
24.5881155503168,29.6944726451339,6.89883596524852,0.501795901260828,7.17296561600725,0.497060094381336,1.21179658088763,0.0007858714167807,0.280184083986834,11.7868451753616,26.7618775779019,5.45015423485379,13.1912776497204,19339.7748085098,10377967.889079634,13.1912776497204,70.56504235323628,13.922648101622354,0.280184083986834,9.591886263592212,4276761.5157284485,2,4,0.04849248338619861,4
24.6347017353303,32.167297720315,6.75868983971033,0.500757047194259,7.02421241499165,0.48675953822418,1.19313330050046,0.0004873872690186,0.235146967046317,12.6398887641971,26.2071304722968,5.4908895310245,12.9308152608278,18939.2246414879,10717120.115786826,12.9308152608278,72.76555159626618,14.818414426258713,0.235146967046317,10.16895790023206,4326293.443905105,2,4,0.050827295220392796,4
24.6819922312418,33.7353938403901,6.62958482873313,0.4996900998197,6.88743827052089,0.477412944625428,1.18998219131194,0.0004049155400913,0.231880197687775,13.4105718368044,25.6895284379875,5.52500537618284,12.6995765734931,18385.201075087,10871187.581204042,12.6995765734931,74.101494406643,15.614292475687973,0.231880197687775,10.52638266853785,4375234.348711674,3,4,0.0520542819180751,4
24.7289768090064,34.3192982795479,6.4952193116103,0.497028786390394,6.74590500289802,0.467787194552402,1.19995964137627,0.000421449570806,0.278541107755561,14.0729014327494,25.2229219949205,5.55047012001121,12.4665312854064,17432.2131473963,10666142.640145162,12.4665312854064,74.45417502538167,16.28042830480082,0.278541107755561,10.639221689414713,4420581.999914502,2,4,0.05134551217056218,4
24.7749647898747,34.0267757672523,6.34548196112663,0.49158327302163,6.58923610157335,0.457099952734622,1.21922140340362,0.0004647989709845,0.378344244409375,14.6116710378768,24.813307962438,5.56612421095933,12.2108387435574,16431.4832461501,10306413.086208066,12.2108387435574,73.90436324898687,16.802163081625697,0.378344244409375,10.53066797534215,4461114.841033886,2,4,0.04972457651134394,4
24.8200297776706,33.0586794663386,6.18520036658165,0.4836668769609,6.42243346289431,0.445666223239923,1.24429907234185,0.0004983207940892,0.529904610707058,15.0287645505083,24.4565382555778,5.57200548771802,11.939066516879,15515.2440510673,9897451.561802741,11.939066516879,72.65997524602783,17.185928233954606,0.529904610707058,10.251438300274376,4496563.719878882,2,4,0.04775224526537604,4
24.8646297704257,31.6116185698399,6.02469140229515,0.474293927496825,6.25610063237794,0.434217380938778,1.27230419094214,0.0005165465380112,0.729625579021066,15.3335560026369,24.1449936434306,5.56873772124194,11.6681973833346,14786.6871218306,9532544.647825249,11.6681973833346,70.93785587431643,17.44648263811859,0.729625579021066,9.85288123131372,4528041.967780638,2,4,0.04591808592409198,4
24.9095650164967,29.834709510592,5.87609780322117,0.464807969156261,6.10268285268517,0.423630260510691,1.30169974036842,0.0005277528339027,0.974694970744113,15.5374719506252,23.8699678929069,5.55701868924842,11.4194323584738,14342.9440295199,9297846.046200404,11.4194323584738,68.9131931530304,17.60008730683338,0.974694970744113,9.37532232625685,4558039.298432093,2,4,0.04465805029965758,4
24.9556097940859,27.8357820874036,5.74683557772387,0.456157324575732,5.96971145270476,0.414446643137224,1.33127435091082,0.0005415760673158,1.26295235510847,15.6488406382335,23.6250411673156,5.53738102634466,11.2055949432802,14026.0360651974,9105703.096013004,11.2055949432802,66.70981723054192,17.65848116998968,1.26295235510847,8.847534315747978,4587560.98364111,2,4,0.043562050907075385,4
25.0031754505794,25.7068372324665,5.63719713518993,0.448559940043981,5.85734678774413,0.406693621221166,1.35938761894496,0.0005638362204237,1.5905152343031,15.6730388885895,23.4073130225027,5.51038941373983,11.0262527019626,13755.4777505494,8911272.018866545,11.0262527019626,64.41919778619007,17.629103132293046,1.5905152343031,8.29223773954698,4616853.241517051,2,4,0.04242883988009969,4
25.0524556448154,23.5260993574765,5.54453061940534,0.441892773498665,5.76272053648558,0.400183349875079,1.38457925086042,0.000597367835915,1.9521641757501,15.6151757321383,23.2154217390552,5.4767227137746,10.8756935836852,13506.5754827762,8703541.117754797,10.8756935836852,62.11246153241699,17.51838514842091,1.9521641757501,7.72791915430464,4645931.431528845,1,3,0.041219193771142894,2
25.1035086660269,21.3568278198472,5.46545817513459,0.435919557438111,5.68223770208523,0.394673142899618,1.40580709340689,0.0006435994987499,2.34205258202141,15.4808752899038,23.0485776943674,5.4371437566567,10.7471225566105,13268.7133435828,8479803.707278406,10.7471225566105,59.84443215683855,17.332832143431084,2.34205258202141,7.169211970151428,4674701.992160407,1,3,0.03993078901165356,2
25.1563120117921,19.2469435942703,5.39704013940284,0.43042094224141,5.61278094642168,0.389950324810698,1.42249375968436,0.0007038692677528,2.75437895653086,15.2762154579485,22.90612074833,5.39243495587262,10.6348223773419,13051.0335788456,8249527.0746958405,10.6348223773419,57.65594171862339,17.07913145649338,2.75437895653086,6.627142891238776,4703164.752676126,1,3,0.03861472082216278,2
25.2108099578807,17.2300066905969,5.33726501923272,0.425255837358338,5.55221319945028,0.385868627390921,1.43445910048056,0.0007806060350435,3.18390566273147,15.0073557778563,22.787337706321,5.34333416831785,10.5350124059503,12858.6728891044,8018930.942150303,10.5350124059503,55.575878432390404,16.763881883064887,3.18390566273147,6.1095000452728145,4731358.790748087,1,3,0.037302300848089096,2
25.2673124940417,15.3164392171639,5.28801097410026,0.42067547565049,5.50242533999708,0.382566424427269,1.44222005490459,0.0008816299076983,3.62915957982428,14.6778757657047,22.6908089073582,5.29013825665568,10.4514289799499,12868.2276496839,7898379.731124808,10.4514289799499,53.61964998028529,16.39120220956292,3.62915957982428,5.619537391649254,4759819.098624882,1,3,0.03649896386779167,2
25.3271393840621,13.4849556260935,5.25878920927953,0.417722894301587,5.47316979219402,0.380745382137868,1.44715196913977,0.0010301723395444,4.0972612974614,14.2829326407679,22.6144097734494,5.23202437423951,10.4022360154253,13316.1415946193,8024243.103351363,10.4022360154253,51.789674257208375,15.95728725979756,4.0972612974614,5.1549150730972535,4789746.007582313,1,3,0.03680362037784933,2
25.3917855463935,11.720492128717,5.25894724762651,0.417436430065692,5.47398876844366,0.381102132374107,1.44994390538785,0.0012681642953649,4.59630077925039,13.8130761232038,22.5579788992202,5.16787718322199,10.4048653318595,13953.9976177503,8231615.969352582,10.4048653318595,50.09369615900832,15.453841118142305,4.59630077925039,4.714640145122965,4821543.9198269965,1,3,0.037417864454574956,2
25.4619255336398,10.0381746811,5.29077785063232,0.42011546610985,5.50712761576998,0.383818373600632,1.44997629423881,0.0016540618433324,5.12680922077587,13.2633955168993,22.5237930345074,5.09743415971443,10.4630769460144,14635.186383231,8424773.863126753,10.4630769460144,48.5519158150914,14.87666126994836,5.12680922077587,4.302984662032629,4855099.255996789,1,3,0.037880189551359474,2
25.5374759761024,8.46862478530391,5.34934201783142,0.425286345298789,5.56739170770208,0.388541224726144,1.44590357204431,0.0022724621859093,5.68248628432415,12.6363826968367,22.5146183790113,5.02135170936349,10.5670036536064,15195.5451449335,8507048.798446119,10.5670036536064,47.18256562900905,14.2281701926323,5.68248628432415,3.9259001786793575,4889181.139845125,1,3,0.03774720265549583,2
25.6174225374292,7.04853967130394,5.42191802574371,0.431652580317756,5.64162073823393,0.394337042887084,1.43611432344069,0.0032252755681562,6.24978667649195,11.9455323736566,22.5320547700278,4.94140155601083,10.6924610719042,15470.6623693792,8395528.196218593,10.6924610719042,45.991604919356305,13.520749464332495,6.24978667649195,3.5886246469546164,4921472.460453764,1,3,0.03667236447495806,2
25.7006555561067,5.79855527563886,5.49515963910312,0.437838924578881,5.71607872289318,0.400217875719705,1.41968639521574,0.0046214929700005,6.81521485251829,11.2086535617204,22.5754601349763,4.85954101519844,10.8145830738669,15646.4451359977,8205845.7108442355,10.8145830738669,44.96819238925619,12.770668717587627,6.81521485251829,3.2923746386350192,4951153.1478520995,1,3,0.035196751391061216,2
25.7867298720189,4.71758274819395,5.5628073952366,0.443197128189175,5.78436823640086,0.405715854165188,1.39686558969715,0.006591371625601,7.37076583097636,10.4398643719039,22.6427516089072,4.777082681387,10.9221481669968,15810.5976108951,7991511.820455218,10.9221481669968,44.09726682390182,11.991108475113728,7.37076583097636,3.035193395556317,4978098.495207232,1,3,0.03356472889390375,2
25.876133461147,3.79078612215107,5.62868630691279,0.448109778577037,5.85047764102083,0.411111162698796,1.36898528933556,0.0093206137784365,7.91457119068485,9.64621984730358,22.7318369012204,4.69448283454195,11.0229595671557,16208.4134597617,7875293.430863407,11.0229595671557,43.37428976184308,11.189381714614054,7.91457119068485,2.8147560165847194,5003572.428960944,1,3,0.032276612945140636,2
25.9709624477013,2.99449698676517,5.71015875600136,0.454322715632785,5.93228679807228,0.417694426784504,1.33845346183464,0.0131582358566654,8.45283212351767,8.82247851645738,22.8423649014599,4.61093045401634,11.1500728006388,17118.3945765302,7973350.196582201,11.1500728006388,42.818375592792044,10.362293936181851,8.45283212351767,2.6305449035385164,5030132.817448057,0,2,0.03172820782813467,0
26.0733405965711,2.31520993422406,5.82394095016617,0.463581646821377,6.04695738605719,0.426717459986151,1.30745547454259,0.0185762079671826,8.98801083616431,7.96752966121474,22.9746002452846,4.52608638441255,11.3352427066588,18186.7063063201,8098632.549419233,11.3352427066588,42.45720344836864,9.510951946402674,8.98801083616431,2.4843578689961237,5058237.5857835915,0,0,0.031073425707925446,0
26.184000972396,1.75099451058289,5.97312618293301,0.476372163941475,6.19762511826999,0.438421320279154,1.27713658375945,0.0259314429717504,9.51211999285099,7.09720066843066,23.1268213251798,4.44122629015082,11.5848841269514,19232.13628269,8171642.853332615,11.5848841269514,42.29767685216197,8.651761047064337,9.51211999285099,2.376873763762068,5087447.900268309,0,0,0.029980593661964525,0
26.3029182352795,1.29854779278003,6.14992454897716,0.492154426716118,6.37625630944998,0.452228751907583,1.24793975966905,0.0353119274209431,10.0134402618484,6.23603839887878,23.2953632539492,4.35829579343067,11.8852537279806,20159.7156419544,8166396.757299911,11.8852537279806,42.31996982477942,7.808317718409934,10.0134402618484,2.305253263710158,5117493.277491841,0,0,0.02838772007933108,0
26.4294972422185,0.949509091331282,6.33866686303389,0.509617326766701,6.56675916365655,0.466961310966349,1.21982710655714,0.0464079106583061,10.4802339188241,5.41136169826449,23.4751457491063,4.27934636739085,12.2080265849977,20903.5118696129,8077090.097825937,12.2080265849977,42.48083810453041,7.005776270715286,10.4802339188241,2.263097548195905,5148435.30223963,0,0,0.026356238595421983,0
26.5629944595543,0.690184581165808,6.52368474466521,0.527404854974895,6.75308367074132,0.481427238920068,1.19294467317619,0.058536280008817,10.9040565139005,4.64641235003104,23.6608761362225,4.20597603844632,12.5249807892056,21545.083061946,7955727.838634784,12.5249807892056,42.731724223197794,6.2650627438016135,10.9040565139005,2.2427121430878185,5180158.794781704,0,0,0.024152918561009356,0
26.7028570370462,0.504024320367226,6.69581328944299,0.544738555777443,6.9258817012734,0.494913686462525,1.16811300287065,0.0707610906164719,11.2806858967374,3.95710495724841,23.8478877641831,4.13913202913245,12.8200824579941,22118.8351265251,7829535.344735277,12.8200824579941,43.03634159324043,5.600576340421919,11.2806858967374,2.2376396488756796,5212556.221533152,0,0,0.021933503923180196,0
26.8478527806472,0.375092716329004,6.844538810332,0.560652993594377,7.07441840807848,0.506609994993209,1.14556999288438,0.0818343460973198,11.6071667111561,3.35628701274826,24.0309979878054,4.07960737104569,13.0744582772033,22399.5540108682,7632861.875844285,13.0744582772033,43.354735696858654,5.0234039811731925,11.6071667111561,2.2410540585507412,5244571.519115118,0,0,0.01960234276888198,0
26.9953501527369,0.289185782097238,6.94961590973953,0.573097020447871,7.17797784555369,0.51498780665889,1.12351585684441,0.0902926501103901,11.8812709884449,2.85414374020344,24.203808575298,4.0281669709662,13.2502559163067,22180.6277760935,7311585.811322903,13.2502559163067,43.62373037407852,4.540489571742283,11.8812709884449,2.2433614477193853,5274363.699186886,0,0,0.01716390406794715,0
27.1432099440739,0.23364943293117,6.99918156387877,0.580635893539688,7.22450332275657,0.519152645058418,1.10034754028093,0.0951637918751809,12.1056539356175,2.45009744566182,24.3613788326281,3.98476836411345,13.324866749703,21803.2450914364,6986928.888091209,13.324866749703,43.80068034251944,4.14904285906168,12.1056539356175,2.2376921384797757,5301664.973397005,0,0,0.01500418728129618,0
27.29096053677,0.198406425994792,7.00109115439862,0.583711807757918,7.22220474429328,0.519689546924961,1.07651571600553,0.0962998432690482,12.2872174445187,2.1340785756153,24.5014143970396,3.94857027546598,13.3127119397651,21388.6426996925,6695181.336917401,13.3127119397651,43.8925799321451,3.839578736308549,12.2872174445187,2.223763860099645,5326704.450319311,0,0,0.013191235182376495,0
27.4388918269032,0.176404948747534,6.97110739897403,0.583620697164751,7.18737976180763,0.517781256026714,1.05331389377996,0.094113855475938,12.4335056606488,1.8936461521348,24.6229876222276,3.91854127580117,13.2431177865007,21023.6734902874,6458547.5387527235,13.2431177865007,43.928499783403815,3.601495539502427,12.4335056606488,2.204455641149361,5350024.529949664,0,0,0.011722784149175044,0
27.5878022920787,0.16295813642258,6.92651917456342,0.581915500831733,7.13784439825433,0.514729411445741,1.03222784237428,0.0893661866241307,12.5516580336138,1.71641532097547,24.7261148425345,3.89364138530015,13.148338991434,20778.7467736391,6293119.213116811,13.148338991434,43.94399675597079,3.4246190082943793,12.5516580336138,2.183722789290679,5372405.730917172,0,0,0.010569579679885163,0
27.7382240547973,0.155054051508917,6.87883678364656,0.57966722968254,7.08543768214024,0.511406987942094,1.01402063388403,0.0829395456603093,12.6476476415135,1.59154406297816,24.811147211364,3.87297850238163,13.0497274297096,20553.3678553096,6163037.6426562965,13.0497274297096,43.96264742360168,3.299614290413229,12.6476476415135,2.164179340210128,5394158.492255916,0,0,0.009622135865556058,0
27.8898749155694,0.150750916341576,6.83159926161097,0.577191288537792,7.03379152480926,0.508091832027401,0.998443292517317,0.0757106406548451,12.7263022723357,1.50945561161714,24.8787117416259,3.85581595753038,12.9535486469051,20317.0811105129,6053922.098103166,12.9535486469051,43.98974303141372,3.217321841127872,12.7263022723357,2.146260680571257,5415406.252983284,0,0,0.008828638430581903,0
28.0413193595197,0.148761196795132,6.78080423557793,0.574052402847126,6.97878931349661,0.504496413307532,0.984278178887361,0.0684602439558791,12.791493621059,1.46114377999228,24.9299134432278,3.84153797183688,12.8517742045181,19913.2447452728,5912831.700048318,12.8517742045181,44.01250110043139,3.1680707739673455,12.791493621059,2.12824309821961,5436235.739584389,0,0,0.008096551241235045,0
28.189531319376,0.148198346166394,6.7143453846896,0.568974090585294,6.90800499746866,0.499723608427412,0.969228350076037,0.0617844881246,12.8461268073427,1.43779355101319,24.9664666980525,3.82965046101755,12.7209801177543,19201.1628491356,5690233.082772741,12.7209801177543,43.99800609678939,3.141171240491108,12.8461268073427,2.105993209061507,5456750.669644278,0,0,0.007359865537526468,0
28.3316649352638,0.148428921903097,6.62558872457849,0.561197226483775,6.81463557741084,0.493279777021403,0.951892075109163,0.0560827634366991,12.8927412190919,1.43075607869779,24.9909843709372,3.81965866172285,12.5482038567664,18434.4009993902,5454932.374148712,12.5482038567664,43.92668723777057,3.1268548115566253,12.8927412190919,2.0771622458912415,5477035.1042655455,0,0,0.00670428478921027,0
28.4663306953425,0.149014934614056,6.51982951796551,0.551195776690499,6.70410586560646,0.48556057053411,0.932717206838251,0.0515925324974716,12.9336212422698,1.43258258010049,25.0064203430884,3.81106959984006,12.3432874305442,17712.9463525009,5233600.135743235,12.3432874305442,43.80875456759138,3.1183188437545213,12.9336212422698,2.043200915711268,5497135.853579105,0,0,0.006141676834465834,0
28.5930699698709,0.149665679122712,6.40696279972682,0.53996297801415,6.58654173210826,0.4773063229791,0.912914534910388,0.0484485401761382,12.970532839663,1.43754257151978,25.0154046224417,3.80347547999679,12.1249177793458,17113.3999174088,5047974.87516888,12.1249177793458,43.66642401673233,3.111211656951043,12.970532839663,2.0070625599836975,5517177.29532946,0,0,0.005675052693685666,0
28.7122162821927,0.150188119661416,6.29812729347108,0.528657018038654,6.47332999965865,0.469352436798648,0.893940802613759,0.0467773861698846,13.0048256436227,1.44142215575708,25.0200638892251,3.79655012703447,11.9142080624967,16700.3026202141,4917150.645045642,11.9142080624967,43.52581195243491,3.102935638954294,13.0048256436227,1.9721346294113606,5537372.770589471,0,0,0.005304566047306927,0
28.8241900818254,0.150447471105436,6.20063558886713,0.518074170665931,6.37192525726031,0.462249976097383,0.876735122175554,0.0467580251375103,13.037380861217,1.4411060462406,25.0220577613635,3.79006266973799,11.7250191928471,16378.6452964788,4812924.261487017,11.7250191928471,43.40425766799714,3.091474627605071,13.037380861217,1.9406397922154888,5557798.496244547,0,0,0.004983531219212143,0
