29.5940233683367,0.45924210272172,1533.10733411962,166.3596573501,1569.36894061145,104.510355160384,264.020891598172,0.0388094536933724,4.81693547662171,4.40749131482055,23.6029276129636,5.01791547290147,2941.51667158408,87926.4252404278
29.6005087163432,0.445126966933512,1527.91825420657,165.307246755984,1568.77464432988,104.444916965525,261.541222649828,0.0407963922242524,4.68806461350732,4.17084282867646,23.7633432802713,5.02424714823164,2938.21903360207,87904.4519431387
29.6175771381269,0.437916534228819,1514.1174629528,164.065179935935,1565.83555826015,104.215543135191,258.732725687273,0.0423983160843836,4.53717818739031,3.99325072646018,23.8772454897729,5.03656806858637,2930.6308019228,88194.7895339367
29.65054935845,0.434230265294132,1506.5451222667,162.596000514299,1560.43036806998,103.815942683327,255.595602289285,0.0437052931955908,4.36841269787183,3.88252451740771,23.9365795704484,5.05474558476348,2918.50304020583,88608.4596412719
29.697517055185,0.431853849709078,1502.29325431951,160.979303475068,1554.24720934937,103.361020768896,252.399345309317,0.0447524869017884,4.190257772857,3.82092709886571,23.9583083445209,5.07658822602088,2904.91139958297,89041.865825474
29.7508486803282,0.425917298129801,1501.01345245741,159.407206851398,1550.69696624588,103.080350874545,249.666183661557,0.0455938340112662,4.01487493302927,3.77147908356888,23.9836563206632,5.09799731354105,2896.08495361479,89174.3528817296
29.7976616656763,0.41169832822696,1506.26595299435,158.152731556757,1554.66358333484,103.300832066602,248.120604922929,0.0463036103887383,3.85769403672928,3.67923127936995,24.0819317761665,5.11280716174542,2900.92214775235,88662.8141953322
29.8313134366892,0.395425221761093,1515.47504203963,157.047414258082,1563.52569803483,103.847287885686,247.319830641599,0.0469861942765963,3.7222892432691,3.53010755838187,24.2640909162581,5.11987848806415,2914.60324897276,87951.0686301253
29.8551936672521,0.380517372396695,1524.26878665419,155.851333265949,1572.44259346559,104.396566793744,246.518919280428,0.0477693208703257,3.60381176779393,3.35111998089695,24.4843770945066,5.1225525068071,2928.32521839312,87250.5131725191
29.8732517167379,0.367685055329477,1530.64946077145,154.465181442756,1579.0376840692,104.790459254216,245.366416314744,0.048691872450435,3.49560382405137,3.17006783146946,24.7015176133867,5.12415649841681,2937.79360424248,86691.9596209875
29.8847629745842,0.356139037170391,1533.51588807948,152.83197973812,1581.96600544407,104.94017588729,243.66504106471,0.0497403492872387,3.39008729955001,3.00887916074008,24.8824088366908,5.12764359198823,2940.59073820418,86392.4905605034
29.8879864515521,0.344556178222316,1533.65145305797,150.987871973613,1581.95379512855,104.894647341186,241.52788171473,0.0508578240081293,3.28301449591195,2.87323293071773,25.0217762142055,5.13389523016685,2938.04672949172,86204.8612426923
29.8835914865402,0.332880467122826,1532.98974849838,149.035265505806,1581.00537442611,104.786827476426,239.258292568925,0.0519620397883896,3.17311608749881,2.75627477171452,25.1380651019366,5.14202514920135,2933.7997468706,86044.080088347
29.8773070140539,0.321800383289804,1532.55898178512,147.04486742162,1580.21833705854,104.68871733936,237.024205990308,0.0530004297615469,3.05952513362017,2.65292210044238,25.2440365060349,5.15142249915816,2929.84618022163,85913.3319328154
29.88379876701,0.311922796890218,1532.27276181678,145.027972701092,1579.54104576704,104.595927302178,234.823371250492,0.0539631031776401,2.94201385762215,2.56234315751889,25.3390120474889,5.16215567872789,2926.09150367516,85842.9434727167
29.9126959041193,0.302927837070195,1531.93350800932,142.98167065792,1578.79388092812,104.496414748679,232.632880124315,0.0548716583869128,2.82213195073856,2.4831566529576,25.4206535120798,5.17413369997645,2922.20789560729,85799.1170946568
29.9606694351539,0.294531651483308,1531.62017464747,140.917968101674,1578.06352959829,104.396660665633,230.465859096181,0.0557427450242359,2.70238492645958,2.41265393074529,25.4902127191625,5.1869214971442,2918.36107501942,85762.5897228469
30.0176025306231,0.287355410318523,1532.04323983543,138.876428384735,1578.08375618405,104.346307716001,228.433536067687,0.0565626999325451,2.58536558968174,2.34450256092691,25.5594673867918,5.19948880549738,2915.89223857292,85627.4290639214
30.0697231481486,0.283806517458812,1534.49475028046,136.915385439352,1580.19313052575,104.434845300002,226.748224575143,0.0572751982692706,2.47288971565128,2.26756413548201,25.6559819304574,5.21006269132187,2917.23622310075,85259.7092019101
30.1099693355804,0.283835951101174,1538.75807770783,135.0284097843,1584.16196870529,104.647068840934,225.391788566346,0.0579009802647295,2.36432807246754,2.1806022743848,25.7872044202781,5.2183560427822,2921.99186360186,84812.4073006842
30.1412029612891,0.28605528474638,1543.32239934937,133.151448912252,1588.41735113105,104.878489326786,224.135076646676,0.0585034407294324,2.25882710353401,2.09170912472541,25.9351208304362,5.22551432565638,2927.31859525535,84376.6666705748
30.1663133465032,0.289485000315064,1547.22082153841,131.241562603132,1591.95893847467,105.062479799757,222.824072772429,0.0591040775600594,2.15639026765299,2.00874081944627,26.0839291799557,5.23241362603361,2931.39859891626,83973.5504875961
30.1810235993793,0.293945173161365,1550.28521567889,129.294384764237,1594.62704272352,105.187631756259,221.428194633396,0.0596520421620614,2.05680666848925,1.94053471689005,26.2275098645374,5.23941176266764,2933.92874633213,83602.2964838278
30.1812008502115,0.29916844414455,1552.71424160189,127.324641058906,1596.63856253907,105.267729729965,219.975074888851,0.0600929756307958,1.9595683199226,1.89189259063811,26.365467443723,5.24658632258862,2935.29477521984,83260.7350200476
30.1685311832655,0.304890619714356,1554.75063257889,125.349079981431,1598.24301042852,105.319478782421,218.498557686616,0.0604138344277741,1.86452892690317,1.86050299121243,26.4988294039286,5.25388207951159,2935.95307762563,82946.3050095599
30.1530307539632,0.316596675015681,1555.09023463978,123.334775485241,1598.06939295511,105.25266498032,216.840951559227,0.0604124689750373,1.76886524124102,1.8632299240567,26.6037068130949,5.26306631724018,2933.48125531719,82904.5796261581
30.1599323731879,0.346575458037094,1549.80761383214,121.144067962233,1592.00886930488,104.796479017982,214.548759161034,0.0595762515634564,1.66427607920954,1.96583154104455,26.6090819825813,5.27941924325612,2920.58839105959,83553.8156801162
30.2097382734785,0.392442358784635,1537.65424495399,118.683886542726,1578.75287071297,103.866444013655,211.529243817442,0.0580111783558391,1.54925478387965,2.20833667397436,26.4842569479843,5.30492145423327,2894.94947537544,84576.1369714855
30.301399304157,0.448646786521725,1522.9352023883,116.11643182808,1562.77228981976,102.759624092142,208.353145127982,0.0561234768231686,1.43239784267678,2.56255381694957,26.2672030316013,5.33609922008116,2864.5810779163,85697.0773323039
30.4244168943101,0.541097849609097,1508.32374234863,113.640488741343,1546.84974066888,101.660713159582,205.441399337438,0.053541463109158,1.3163312318521,3.05515979692254,25.9942012709715,5.37057715584673,2834.58049399678,86949.5752314766
30.574707763352,0.762283693473164,1494.25961227441,111.56043086531,1531.42325301491,100.599131453311,203.211385215321,0.0491347896475284,1.18440486215338,3.91185012711662,25.6762983319009,5.41066108755124,2806.17992028751,88503.3080353126
30.7505318366913,1.18135120365743,1481.0206120484,110.075821446731,1516.77270337424,99.5954624713832,201.982455716258,0.0437473176688206,1.0293828268809,5.2991583965591,25.3256726227251,5.45712123691369,2780.20127858367,90195.9785789445
30.9470380783807,1.8961010867487,1466.92870463055,108.997600756156,1501.20335796604,98.5434743249018,201.334275538103,0.0384086342020683,0.882629319592825,7.12177228786545,24.9483427257042,5.50475198433264,2753.35888195794,91923.1130642512
31.1507256431287,3.04481229690429,1450.67117567738,108.677599713352,1483.37444827535,97.3574508871181,200.641876169042,0.0334212418391024,0.790593797770929,9.16854551042872,24.5166322979136,5.54756381292614,2723.26292631463,93932.8804045968
31.3232436824871,4.62279013750637,1431.89225492967,110.81347233294,1462.88594747265,96.0034963279197,199.43636039113,0.0287422167636078,0.78666616585402,11.1861749216887,23.9827870947373,5.58248807333708,2690.24311149288,96534.8458657812
31.4355074143653,6.41241612373638,1411.16758218423,116.326955556223,1440.33197985246,94.5207798280076,197.702698511044,0.0239855248922972,0.879766188214666,12.9862670324887,23.3692298768892,5.60657983239344,2655.98671935311,99304.5141717619
31.4966552302464,8.23216947133142,1390.68779142951,124.421301952269,1417.99926494406,93.0720005962353,195.93855710871,0.0190841267233581,1.05457683742766,14.5642103883522,22.741094118514,5.61867671563896,2624.05979800271,102015.298506829
31.5147476435094,9.6964618817443,1378.57467156568,133.800540424747,1404.25234700973,92.2191365135226,195.468449141566,0.0147926865565185,1.27927420581058,15.8857263460124,22.2064033627757,5.61798729977551,2608.47256216251,103638.779884669
31.4769099883378,10.1635906279614,1383.28826444384,143.149435753206,1407.74487862687,92.5375852458343,197.627692436415,0.0119045517220667,1.51488655452821,16.807834106977,21.9015251276567,5.60324086996873,2623.75510712882,103417.020972274
31.385491843912,9.75515484994674,1394.63658525414,151.769698434104,1417.99017147641,93.3219811419917,201.06332628057,0.010350387685088,1.73219408155916,17.4001028587897,21.7966642563123,5.58047207432353,2650.77932117642,102644.516663038
31.256778361104,9.01742698751193,1405.421814257,160.136692055724,1427.60863934533,94.0671469098503,204.634343824731,0.00955722519400025,1.92158464471394,17.8230251473837,21.7861277153333,5.5566654938615,2676.66825644014,101690.797121938
31.1153100313844,8.16972996192336,1416.11212964735,168.454778376452,1437.1307930512,94.8035949527373,208.272552766578,0.00911137715220555,2.08608400956241,18.11965713926,21.8281003304499,5.53340949142165,2702.39394978931,100685.928158581
31.0026518587397,7.21656360608031,1427.13147043027,176.086432790426,1447.08403294583,95.5728139652264,211.943749626479,0.00882818042673163,2.23661002046821,18.2666511027818,21.9084903518768,5.50967866836926,2728.29214836465,99724.1684920829
30.9328904265034,6.18478483270634,1438.86195674608,182.724772531662,1457.89135443599,96.4071790191563,215.603990227131,0.00863631381850793,2.38737438472739,18.2413616553692,22.0250284285962,5.48340691315248,2754.80612373767,98735.2338277315
30.8876860317215,5.17864654051534,1451.60011542337,188.6921535298,1469.81171632088,97.3219575165687,219.211853720505,0.00850531085197434,2.5493085300511,18.0512003302488,22.1782046749348,5.45294631483494,2782.62354021308,97728.5870777819
30.852552338883,4.32166727700817,1461.25212805207,193.938596837816,1478.66553632017,98.034820791651,222.141351249482,0.00843413045269811,2.728972508928,17.7193236415356,22.3599520025874,5.41781037350946,2804.21502710455,96743.8779663571
30.8275607885721,3.67422882828205,1468.19541700659,198.562497087907,1484.9111621466,98.5748998063587,224.462195004559,0.00839285306404968,2.92511832117543,17.2676871915852,22.5621230563454,5.3787032948133,2820.42126359488,95816.2384853027
30.8156051897431,3.18853581665888,1474.30478745761,202.716559259099,1490.48777426261,99.07139288281,226.502769025439,0.00836648667435851,3.12941227192377,16.7204149777299,22.7822034126794,5.3370633965512,2834.83537148299,94965.2547342194
30.8159079464954,2.81042198736719,1479.98458553564,206.454055794933,1495.75887286871,99.5481921138987,228.337667976472,0.00836112658496876,3.33718620915131,16.1029671736499,23.0148374407874,5.29391075456774,2848.19659681576,94205.6236153528
30.8254229202958,2.48355182326159,1486.20817204267,209.790523341006,1501.65042922955,100.068220434474,230.097485752705,0.00839166831738052,3.55054112018721,15.4282017534377,23.2689202935681,5.24848848746159,2862.22170874753,93352.3896899499
30.8389765839565,2.17332554239246,1494.82463671564,212.764709049226,1509.96170562827,100.754411242074,232.014999300915,0.00846963230053342,3.77915400319976,14.7025856908031,23.5710057783443,5.19795408789734,2880.20924586493,92228.9858053579
30.8541269088835,1.90959637590776,1505.15360183473,215.407872567517,1519.95662993149,101.557235684122,233.981004014023,0.00858312066060369,4.0251264306964,13.9502334240415,23.9190151049156,5.14213676228099,2900.89447901585,91121.3715729411
30.8723153007163,1.70152901382464,1514.92138331431,217.690154024973,1529.34517762708,102.320905877266,235.714716062436,0.00872967835702529,4.28008898033873,13.1969921886188,24.2885266639192,5.08366416354815,2920.16355455882,90131.1884995959
30.8937396900109,1.5496106421377,1522.09971315864,219.548788974031,1536.08939634472,102.906399544328,236.962885954789,0.00890948943564532,4.53284799963574,12.4659073640817,24.6480672316062,5.02594666397569,2934.32239593108,89440.7381047379
30.9141851663736,1.44788384042142,1524.6062796786,220.856191469615,1538.0630775675,103.168821201829,237.448428336861,0.00913392179926232,4.76780152080149,11.7874338676311,24.9535672348651,4.97370151420601,2939.48830467097,89242.4957136202
30.9304124078257,1.36722284888743,1523.19457371139,221.554861481217,1536.0343341833,103.160018660145,237.283445802333,0.00943815600409127,4.97892966089499,11.1639612429188,25.1944628215408,4.92839645630665,2936.994219856,89251.3181637845
30.943415799798,1.29464863355924,1520.44425399908,221.747792731596,1532.64355790316,103.058352273541,236.829610092574,0.00984967552866353,5.17031644897471,10.5782020150699,25.393983903086,4.88816041293826,2931.62492789273,89323.0566420644
30.9592372517898,1.22286204686867,1519.08899219402,221.675086930847,1530.68854304023,103.05241384516,236.497924371914,0.0104022292444315,5.34774769313928,10.0122210005754,25.5862746618696,4.85031005204272,2928.56492470562,89259.9516842613
30.9911215298383,1.15147056502462,1521.55236203334,221.626216152411,1532.66094936153,103.310297254197,236.677621707626,0.0111349166285039,5.51945910412034,9.44249112816626,25.8154254881868,4.81129587824054,2932.49381911816,88865.6174315438
31.045802740902,1.09066905501166,1527.59883957688,221.751836581697,1538.31790055855,103.813812750905,237.368731943643,0.0120952528750937,5.68441619806225,8.87294361780519,26.0899078728638,4.77087412556963,2943.11106336348,88381.9086189525
31.1182284371482,1.04206456745226,1533.75959994798,221.817488430189,1544.11286900112,104.32016702729,238.071787578553,0.0133725569724733,5.83474242869144,8.32894597984198,26.3826256731338,4.73174309855548,2953.90399266476,87923.7511870621
31.1974534667924,1.01380342463939,1537.71634666562,221.662510160419,1547.66015570486,104.665268389037,238.454969964351,0.0150231865693805,5.95767823368007,7.84225982315185,26.6551971700142,4.69791737512279,2960.50268975141,87688.3925612664
31.2661952046149,1.01920471612081,1537.13408148988,221.103004396341,1546.55588004282,104.683901043979,238.22521873546,0.0170092290521489,6.0296940914674,7.45627617564636,26.8592488403091,4.6755334597805,2958.5132236979,87902.3704867381
31.3130978285576,1.0431250344074,1532.27533532681,220.0478322465,1541.06976000075,104.394081346242,237.455218336847,0.0192132548866131,6.03955209526816,7.18091335968682,26.9856879821763,4.66672820425457,2948.36891371062,88301.0186450974
31.340372889774,1.07399931544706,1526.12110488038,218.669616203569,1534.24993349457,104.003531889226,236.556392328627,0.0213986066749289,5.99545314879858,6.98975635633377,27.0643976949804,4.66856681095506,2935.63364394416,88735.262498264
31.3484121447507,1.12391088848963,1519.93183426823,217.223079797702,1527.38867367675,103.598338822375,235.716900134114,0.0232608097496555,5.90252910106164,6.87919259582753,27.1107355033579,4.67938527223911,2922.80598115686,89300.8842574223
31.3174818712223,1.22349367968842,1512.62581796115,215.964917976558,1519.41483811511,103.100146708746,234.869656188597,0.0245210318534765,5.75504221788502,6.89494838776082,27.1118255330056,4.70078174985656,2908.18409745656,90156.861561435
31.2321011540267,1.36591415720631,1504.54912742678,215.086486606281,1510.70735322926,102.533749278837,234.139487810913,0.0251444425764185,5.55620934008261,7.05360095118789,27.0695203926747,4.73222669761194,2892.61153128721,91115.3671829866
31.0996783111264,1.5398457528028,1496.34784678172,214.507773132488,1501.92557213156,101.949866476599,233.583026263332,0.0252038053524282,5.32533237239404,7.31424438363525,27.0018845588771,4.76983636013849,2877.19073667539,92075.8792409805
30.9315989821281,1.73654887620663,1488.03561135227,214.177755108756,1493.08241662417,101.35467283172,233.125312686975,0.0247791786286068,5.08070623244299,7.64313050932096,26.9085343254525,4.81085357589688,2861.86616143508,93119.6914977869
30.7280768780093,1.93311907583436,1479.22433750009,214.2259062077,1483.8277142224,100.724819557983,232.611635661066,0.0239794676424212,4.83562826780818,8.04129055082368,26.7664396828571,4.85446434627841,2846.01210907067,94356.8430474928
30.4883653890358,2.1217966997313,1469.63061995848,214.667794368977,1473.91495041017,100.044844151686,231.937139898878,0.0228778746363571,4.60346114981792,8.49997020069103,26.5718519186836,4.89883807996022,2829.12712768491,95633.3489142051
30.21824837185,2.31055368602511,1459.81307265456,215.43190240759,1463.89583313191,99.3566971870099,231.208089974647,0.0215192790891084,4.39269742559171,8.99129877022852,26.3452389452802,4.94164070713101,2812.17863794219,96873.4309346281
29.9632046787882,2.50360951307044,1450.17680611341,216.417819852155,1454.08210594907,98.6887492998636,230.522467312476,0.0199638210469142,4.20177959211248,9.47525176106681,26.0864564791305,4.98314635357354,2795.76278127453,98236.3265614264
29.8468826455734,2.67227561108658,1439.34440640412,217.197608767873,1442.88185746374,97.9454950954418,229.644196633327,0.0183419788250034,4.02688518058902,9.86699073819087,25.7660589885977,5.02549319236323,2776.85546218777,99877.5954878
29.9280215137928,2.79316039216958,1426.93670290784,217.502112511156,1429.84128398566,97.1021738457291,228.467595451808,0.0167852391172522,3.8726357505806,10.1116090295939,25.385709159161,5.06789631016254,2754.47386567461,101508.944317836
30.148892448335,2.86681429208655,1414.57641305721,217.562399364284,1416.70322494269,96.2711314913156,227.253084008004,0.0154173654281796,3.74083130007102,10.2383298363669,24.9774075154955,5.10841137853179,2731.84577851745,103017.026898426
30.4025610872274,2.87257707669803,1402.45198789862,217.403876999881,1403.80104980025,95.4649971474081,226.071365714643,0.014386514134706,3.63641004779024,10.2845937849548,24.6035183597377,5.1430352369848,2709.48700098601,103893.791459837
30.549713026203,2.80310819598371,1395.37146991007,217.567492719602,1396.07342718595,95.0123106244567,225.687836361686,0.0137144475460702,3.56858487759942,10.2772327311031,24.3476501338152,5.16596150062083,2696.64229606038,103783.26072778
30.557566757562,2.69960362575933,1394.50551278221,218.338364132124,1394.6853080568,94.9890068794107,226.294888064896,0.0133324284171919,3.52845442646394,10.2468167353883,24.2050460417875,5.17877601749131,2695.64334365813,103381.334145945
30.4952412324106,2.58167653712668,1396.80904299019,219.449301440442,1396.50876397211,95.183406862021,227.41779638085,0.0131699695556898,3.50349909968255,10.2000599168069,24.1197638671377,5.18637144161323,2700.69413463075,102887.115945996
30.4221921337664,2.44827637423402,1400.84219655486,220.661906582773,1400.08651905033,95.4994706057453,228.810986131494,0.0131598746724913,3.4922973221219,10.1329986064838,24.0689387745806,5.19019114524412,2708.98096130249,102289.462904147
30.3698579400692,2.30061609061977,1406.48508377238,221.864437977214,1405.35600416485,95.9353268454545,230.440994388922,0.0132457171853898,3.49734963825934,10.0629233983177,24.0536157157594,5.18978701972485,2720.25179310128,101578.431683235
30.340149635243,2.15088078589432,1413.55924749823,223.019706909316,1412.15563529218,96.4801896146692,232.269367639311,0.0133862135882457,3.51862713148208,10.0002724777587,24.073397942023,5.18516222313442,2734.16557450122,100828.028342325
30.3185741308817,2.00874300995044,1421.66321586211,224.12181978618,1420.04323499608,97.10279131619,234.225457062073,0.0135562158023595,3.55335626943682,9.93745962667179,24.1228247941491,5.1770061252566,2749.94515136277,100074.336522592
30.2984786185384,1.8708829034709,1430.33118632845,225.150508546585,1428.51398646639,97.7685232119371,236.218359880727,0.0137512083546916,3.59922497760872,9.85009653226726,24.1934325284256,5.16608761634198,2766.6824975919,99358.6333492514
30.2875317211607,1.72549053626083,1439.02329171301,226.055933838115,1437.00282639006,98.4405995966801,238.119046912942,0.013988380354914,3.6564148482841,9.68885450020632,24.2725861434523,5.15300456100222,2783.31261161463,98715.3226304974
30.2894733476947,1.58432201963433,1447.45530905924,226.815566269708,1445.22210826645,99.0996443228122,239.853229746074,0.0142655817794094,3.72464114384254,9.44075476297184,24.3522422085875,5.13819000898316,2799.28264411798,98131.4803023357
30.2984609058646,1.45895057575722,1455.54078374062,227.443124652665,1453.09607447784,99.7382735367368,241.425859173415,0.0145901239472583,3.79975321613254,9.14037082142349,24.4309222471626,5.12234095901358,2814.46550380377,97610.3572977281
30.3097334217274,1.34307418882569,1464.52549314077,228.025337410514,1461.89065231281,100.44115350059,243.057153345485,0.0150059910781254,3.88132472607433,8.81044904191802,24.529167111034,5.1044151767612,2831.21663083216,96908.5594779725
30.3234150367913,1.231755120556,1476.94421010913,228.726731870704,1474.15918211798,101.381227133677,245.153619414886,0.0155671046190962,3.97429334680641,8.45164910854897,24.6886449308842,5.08141476309261,2854.2750885712,95821.9402841675
30.3396328917265,1.13550272389469,1492.27187396127,229.517260405765,1489.36607448799,102.519148507911,247.632767596293,0.0163183732943706,4.07477836745087,8.07858041291821,24.90649491644,5.05407910290953,2882.65376180618,94719.0377087276
30.3569600966997,1.0582323522312,1502.36666144432,229.485832020275,1499.34576808756,103.289075381191,249.191293389207,0.0173709283964985,4.17578326683052,7.71193771214082,25.1437310380267,5.02562711465211,2900.86759578234,93716.9761269567
30.37601514123,0.993891183767699,1507.83745524384,228.784525134518,1504.71500747801,103.732925141339,249.908308138127,0.0187490595190274,4.27224736745896,7.35463926488828,25.3715151923483,4.99839344250746,2910.13195312013,92868.2503277827
30.4014690918766,0.933618442501251,1511.27103826815,227.706575194257,1508.09460651692,104.031298555725,250.180100634965,0.0204355437661033,4.35533405726463,6.99096695647923,25.5750200847035,4.97441931438267,2915.38376980239,92209.9913194625
30.4358832557375,0.876065177718361,1513.84880957799,226.35054248694,1510.68343582148,104.266253379117,250.190289796833,0.0223730138964271,4.41983444433946,6.61211213608902,25.754335353444,4.9544212778218,2918.85421250888,91654.1990148928
30.4774380047065,0.822954998386954,1516.3773935259,224.829861723975,1513.274256701,104.491593414412,250.083327594305,0.0244792610146245,4.46331553579143,6.22849910917119,25.9192440389069,4.93821986176737,2922.08725318648,91161.3539051825
30.516614949056,0.774701796528339,1519.06727779835,223.202707447171,1516.05146147358,104.719339088863,249.912356759302,0.0266873862087663,4.4847190079465,5.8599573938557,26.0758569991902,4.92565486275024,2925.49426113246,90717.5031911674
30.5302634328188,0.730269925350946,1521.81982810584,221.453207391795,1518.88817772837,104.940595952676,249.670618991125,0.028941000610236,4.4842776986505,5.5315837021723,26.2253858935497,4.91664209919147,2928.86226482506,90314.5923798403
30.5067721402014,0.689865991980649,1524.43773090003,219.55976577472,1521.57259790482,105.140779129285,249.331598021968,0.0311613631321864,4.46246518176812,5.2550093465168,26.3663743465525,4.91120244642961,2931.80601038789,89955.4118326651
30.4555151197068,0.653755361136479,1526.74744659636,217.533586701189,1523.93323868698,105.308140078363,248.876570232908,0.0332526910994009,4.41980383536841,5.023172824961,26.4971262131673,4.90936160524663,2934.02645228086,89640.5040236992
30.3931268682447,0.618920735686108,1529.69423439862,215.455067918231,1526.92582035823,105.510576153664,248.462133884442,0.0351549628771895,4.36163025624799,4.81268299210378,26.6349096406017,4.9093886447815,2937.31455291462,89189.6346152094
30.3388641438975,0.583139161046593,1535.38285319078,213.464357111717,1532.66207170442,105.897995241257,248.422263382495,0.0368596576319277,4.29873739028645,4.58887404896328,26.8216263243396,4.90739150874834,2945.60421834949,88403.669744275
30.3009822728783,0.550508791992336,1543.44525746874,211.530091151869,1540.76469929426,106.445618568983,248.699360102663,0.0383848408055854,4.23512869911658,4.34404952336316,27.0647960952574,4.9023850163579,2958.19696053535,87547.0552562054
30.2742250187852,0.522217340879237,1551.58144940561,209.489775211117,1548.92132763066,106.992242772425,248.935175709717,0.0398061056907516,4.16860536200791,4.09468192993323,27.3359427093839,4.89630152682872,2970.78910864714,86742.443248733
30.2542382614594,0.498015617315894,1558.1620521227,207.228836162513,1555.5020560766,107.423946527666,248.87457658888,0.0411844129836392,4.09664607730399,3.85488014103811,27.606907581599,4.89109144927551,2980.33916716117,86071.0280200045
30.2463190297004,0.476918132335263,1562.22117715097,204.676582395705,1559.55448219489,107.674065023102,248.36580225548,0.0425486875149578,4.01598455242152,3.63195584618429,27.8526443543195,4.88861840286638,2985.05507360485,85608.3127219449
30.2556531452148,0.457251931026893,1564.15341989279,201.866674175138,1561.48660965402,107.771081089425,247.470702738203,0.0439027947414789,3.92561681993263,3.42429686256326,28.0675398817606,4.88932628027239,2985.69072899986,85252.9675780449
30.2801368794764,0.438588950496118,1565.23829876073,198.913998317023,1562.57803400255,107.804392085101,246.39098243108,0.0452254736423966,3.82649463926739,3.22731237968862,28.2636836531864,4.89239243081967,2984.65366069143,84944.7459753066
30.3151066105229,0.420542505389726,1566.53672566288,195.936289676526,1563.88249273078,107.847621285688,245.295663544528,0.0465100404706677,3.72006696851229,3.03798853741894,28.4555155224833,4.89680133781473,2983.950954784,84627.6895019232
30.3572944259206,0.402640347461012,1568.81606604717,193.054222051497,1566.16225367973,107.953939967628,244.305224857079,0.0477692214920564,3.60867255525074,2.85312567443778,28.6575384715781,4.90141325510492,2985.05989814993,84244.4266928644
30.4051371439623,0.385780186284037,1571.98147951207,190.306212999234,1569.31676171529,108.116483878483,243.407910911715,0.0490093620305093,3.49336753476425,2.67366611909636,28.8724708522947,4.90593865641902,2987.83374234289,83849.7190986824
30.4579997193206,0.370424404311295,1575.30452277058,187.637333510427,1572.61163403454,108.284573027595,242.498457487678,0.0502439444141431,3.37391118413939,2.50377906607234,29.0914353228129,4.91092689079224,2990.91033486479,83478.0386199359
30.5125514607982,0.3573792435119,1578.3034892125,184.975981761802,1575.56471766518,108.425232958591,241.514205025692,0.0514575615233168,3.25004428363567,2.34812074940244,29.3071776885578,4.91684121796893,2993.3702823362,83132.1891545559
30.5580697335309,0.348463754549438,1580.90605870747,182.249700286182,1578.11071776757,108.534447822128,240.466732321679,0.0525715983097511,3.12104957819079,2.21482625390616,29.5186290888896,4.92387611414947,2995.04915396437,82803.9711373767
30.5866355768673,0.343063705050149,1583.16565059776,179.423398756712,1580.30842628331,108.616727501421,239.382181757661,0.0535388997893543,2.98648921851503,2.10927568140617,29.7264000271393,4.9320803453182,2996.03375466093,82499.1958626086
30.5999802874468,0.339913085344186,1585.1061707498,176.516901732149,1582.18026363908,108.674012494766,238.263995254645,0.0543563043455527,2.84732987125822,2.02926833560625,29.92942658899,4.94136685850702,2996.38101754773,82221.7121157883
30.6032400134628,0.338200695072472,1586.76176273803,173.574952230643,1583.75467407224,108.708765345227,237.109891224425,0.0550417535575724,2.70556599295418,1.9690012458474,30.1262816763158,4.9515118178702,2996.17673842512,81970.67411688
30.5995824347566,0.337662527318206,1588.19034815803,170.6468055271,1585.08015912284,108.725050284679,235.923635010519,0.0556178534661969,2.56353333551374,1.92262704085703,30.3161696804415,4.96221225003384,2995.55119533121,81743.0497380149
30.5901835879713,0.338086808408121,1589.43446368131,167.764263959206,1586.19296557706,108.726108098828,234.710909383058,0.0561087436343667,2.42350674669147,1.88604739638249,30.4985096725785,4.97316805409532,2994.59933371479,81538.2168300947
30.5757197264896,0.339279143678292,1590.50793385743,164.934500721101,1587.10789849876,108.71354497906,233.475292431474,0.0565335004518471,2.28752441760518,1.85706603363377,30.6725648086343,4.98412382456671,2993.35390650982,81355.142019858
30.5590135054945,0.346447046314044,1590.09561005903,162.113023990208,1586.48970134921,108.595725400564,232.049322255801,0.0567255031123595,2.15376329156397,1.85353924910867,30.812554864296,4.99679829057144,2989.40163341001,81409.4286202231
30.5491489505016,0.372018004365447,1584.29053231393,159.152546311048,1580.34874139168,108.09900120455,229.95191315824,0.0562234688348955,2.01315808038327,1.9373731463033,30.8405532407396,5.01691157822002,2975.54983384014,82106.5933634935
30.5548055755023,0.414643947389014,1571.68856749132,155.960838299835,1567.2132927836,107.125016715203,227.06028978448,0.0550475361605884,1.8623147020468,2.1484363544493,30.7159894622673,5.04725540055423,2949.17991204078,83196.1115178915
30.5772106200964,0.469138836379413,1555.58881725483,152.655100070018,1550.39511590853,105.904094113277,223.842291818469,0.0535403643501487,1.70861048765282,2.46444813609383,30.4745715858447,5.08471414131509,2916.34469759332,84415.3632045326
30.6108014707857,0.562389572435185,1539.07434746018,149.532199702893,1533.04922439471,104.652160381869,220.80595533128,0.0513169665274356,1.55356163165026,2.9150508361195,30.1487754645639,5.12731893485639,2882.93844545928,85845.1592411106
30.6453689161768,0.794807761502561,1522.80158995965,147.095710862802,1515.97008116198,103.418012003513,218.433139333515,0.0472212852083704,1.37561006482936,3.72691880670427,29.7321657173347,5.17904231658517,2850.88370592239,87758.9345589917
30.6726146639619,1.2539377657137,1504.63948719101,145.464723824044,1497.16060218904,102.062748097052,216.754140729415,0.0421204651698371,1.16588509505053,5.07631474257969,29.2312873244664,5.24125357043216,2816.75359587685,89919.0097926861
30.6915024228781,2.42580211660227,1483.82508257301,144.43747523758,1475.88170129362,100.534983668625,215.240521746602,0.0128741606178368,0.868703479622154,6.90569813612766,28.7153099441915,5.31624497352082,2778.7913888294,92152.648888608
30.6542413468923,6.51994381175986,1498.04967150127,145.833678107431,1489.93667541685,101.41957834862,216.946129236322,1.16001931016298e-07,0.318575165000409,8.64274555701259,28.6487264025974,5.39237906956403,2805.06175085282,103924.777643965
30.4834903899917,15.4888466638623,1470.74813934795,147.377318968067,1462.2098026367,99.4487325813532,210.47699031714,2.94558673093737e-08,0.0686245255276739,10.6009576887844,27.7597052310898,5.46932190427685,2754.94278855021,107108.226672047
30.1125885768606,24.7621045609666,1462.47160400915,153.830870668823,1453.03411330505,98.7200106905362,207.281259580056,1.73639487732467e-09,0.0265305630925772,12.5791206279166,26.3850705302011,5.54815354771786,2742.67294699325,110457.89715186
29.5937646786559,32.1772755630177,1442.3353778832,161.433125648291,1431.79870515346,97.1481938395078,204.329275218824,1.8453016096274e-11,0.0197368777046716,14.4863505424464,24.927860017978,5.63079148400546,2710.82349096555,113715.774625088
29.0534937226822,38.4170570021329,1429.05531843788,170.083438183371,1417.31605276847,96.0306486422801,202.97997046186,2.04328345646479e-14,0.0134927387300486,16.1598714964255,23.608655178379,5.706359381319,2692.39444486997,115926.440136464
28.6625373196875,43.6400180843494,1431.25740142916,178.917311733023,1418.27860542223,95.9767470455237,203.828853836237,6.02862347664954e-17,0.00819491021927647,17.3936632068376,22.5630972503654,5.76640880558521,2701.99395640079,116417.551809609
28.4452250868405,48.0095976191616,1440.01534342165,187.34236693209,1425.77402555328,96.37868215048,205.475195603322,-1.10850796408068e-18,0.00454374983149675,18.2285536679435,21.7431303349615,5.81377564735906,2723.01575709931,116319.815405698
28.3154777502479,51.7966333577155,1445.86417108081,195.461609722503,1430.33334555559,96.5834704912972,206.555069563924,-1.19184509313366e-18,0.00225313105418712,18.821204801868,21.0450549501897,5.85449683590391,2738.44736679056,115935.84643591
28.2353803957462,55.2018510408914,1450.99302869351,203.490189469475,1434.10469427913,96.7363995724354,207.378356400893,-1.03551262799252e-18,0.000983463289964692,19.2455953973142,20.4282270871036,5.89084311168234,2752.35603746699,115342.495880539
28.2271489609369,58.4065978637966,1457.49760527761,210.825871123492,1439.12484822713,96.9829418117822,208.191873010877,-8.39481259924271e-19,0.0003572027896714,19.5304383547791,19.8792444294882,5.9234104530875,2767.98805567179,114608.259152263
28.2983776343256,61.5049242772104,1465.73865618209,217.229799843414,1445.75168425065,97.3493177569181,209.027937752469,-6.93052131444858e-19,8.91986439232742e-05,19.6947608796761,19.3887853814391,5.95265214595032,2785.80250754828,113761.525612855
28.4273686801845,64.5350736276013,1475.35180613949,223.035228575953,1453.66501838777,97.8091947293677,209.895790319801,-5.96288828084403e-19,1.65729398622136e-05,19.7602444424562,18.9448961647355,5.97926315547255,2805.46723463492,112855.157439199
28.5792815127053,67.5768513433474,1486.63912501034,228.350930208007,1463.27591415612,98.3873921225821,211.000352340803,-5.28256648290512e-19,3.0740021888714e-06,19.753275193743,18.5691810193743,6.00213597642418,2827.80803026275,111414.01581579
28.7029762416629,70.8262233269504,1500.50323137934,233.119777672388,1475.6544904606,99.1545215681066,212.580817526811,-4.74871430697345e-19,5.74423865470358e-07,19.7296806836142,18.3063919480324,6.01890055369351,2854.63597969972,109148.17598944
28.7828069607608,74.405755723099,1516.82929572992,237.516932911171,1490.67965315138,100.10056058237,214.605283783071,-4.29212772679835e-19,1.08690553570892e-07,19.7406528577633,18.12946869447,6.03105303590029,2885.85820537906,106869.229624787
28.8387984468237,78.260404322924,1531.30862736039,241.266414579835,1503.96591044076,100.929700740374,216.404737621568,-3.88495021478642e-19,2.11869707501879e-08,19.7937249009025,17.9808257932418,6.04170471520316,2913.39314633794,104799.920327858
28.8915750731506,82.2650740298448,1541.75458380009,244.187844708151,1513.29121100334,101.492978435841,217.635573528348,-3.51902281272048e-19,4.25653906063554e-09,19.875088279703,17.822889445384,6.05286794801128,2933.11112058379,103141.131518039
28.9592017461546,86.2481129349862,1547.06420985447,246.216887744026,1517.57698057247,101.717535442418,218.132222061793,-3.18815920949408e-19,8.75251145881647e-10,19.9635136363239,17.6256861157389,6.06612995714485,2942.99401758058,102047.259260915
29.0469247101828,90.1185843211935,1549.09829661258,247.502814733332,1518.69714985405,101.730389461003,218.166880664201,-2.88997896791541e-19,1.82050235832853e-10,20.0421006031068,17.3916282312484,6.08134854876049,2946.52578095125,101208.601086306
29.1475074378925,93.9053800796494,1550.71896049375,248.313168021411,1519.48876985211,101.723486559719,218.154267251357,-2.62363912691521e-19,3.79759905877105e-11,20.1106675410938,17.1417387903889,6.09740209571247,2949.04705615889,100498.768044609
29.2504927125404,97.666403899144,1553.3908999721,248.853850933798,1521.38181545506,101.793420297742,218.304496438661,-2.38677531939134e-19,7.92720011242164e-12,20.1790387843747,16.8925645460018,6.11341515005346,2953.32007134384,99803.792121463
29.3431961623153,101.457187183136,1557.76970868512,249.278331437137,1524.99419537991,101.982460933012,218.709939337204,-2.17682979734628e-19,1.65867814882865e-12,20.2608544833653,16.6582981640156,6.12864317470383,2960.60527454922,99022.1032226501
29.4214866190707,105.289724912773,1562.98384086143,249.60122301574,1529.44512430696,102.230891903437,219.243127766235,-1.98991167101385e-19,3.49423686969525e-13,20.3631040609692,16.4390990704111,6.14308013511877,2969.33128707388,98277.7321952714
29.4909752955687,109.130067328113,1567.59873675077,249.736461219931,1533.32041205764,102.442308438109,219.697293343373,-1.82179030897631e-19,7.43347582522029e-14,20.4811681741288,16.2263809311741,6.15717198178111,2976.86476663493,97620.7282420218
29.5627757729584,112.915368949334,1570.46597953462,249.609814894236,1535.48866041024,102.539483386838,219.906598401151,-1.66878707043356e-19,1.59665213302132e-14,20.6073884036291,16.0091172235018,6.17148380133166,2981.09402975355,97164.1896421069
29.6556689581839,116.540103832041,1570.45919851003,249.15213446858,1534.8256875368,102.445984581692,219.706937456167,-1.52744369541692e-19,3.45173050568436e-15,20.7347370820486,15.7716613046775,6.18681124770184,2979.9360648309,97037.8324188396
29.7781190626025,119.953019552583,1568.24464367839,248.400786293042,1531.98591978304,102.206178934566,219.193365558646,-1.39638608697663e-19,7.46559958895244e-16,20.8571211351934,15.5135990151112,6.2031567076672,2974.60880073321,97069.7058703146
29.9909973604775,118.539288876906,1536.2230005075,246.417798645944,1499.63674743731,99.9843295622197,218.49394176755,0.0016657081226849,0.0184015698830558,21.1230306465545,15.0719785248005,6.23672122243592,2917.35585687576,87942.535961191
30.1750013303723,97.8898230469346,1533.53943226893,246.083679584113,1496.48642713784,99.8042402273449,236.178022364675,0.00181765421609335,0.0684296120830316,21.3657512442841,15.2547146019558,6.26202018661592,2922.67768835506,88233.6206813872
30.3208680477139,69.0477512745424,1531.58432715975,245.213827183297,1494.36795569353,99.7291466942772,261.074155768628,0.00207061685987092,0.105847381215814,21.5827316039608,15.7225980412017,6.28394387398262,2933.49944973763,88915.6509638104
30.4156250409904,46.4851645525309,1526.46559676388,243.915791600062,1489.36646212995,99.4801493809336,281.929789963474,0.00439068531557889,0.225928772725824,21.5105993466577,16.1983772730283,6.27736444656958,2936.43141958809,89762.8814885732
30.466426578134,34.0099090640601,1519.28026635909,242.4271073528,1482.44404687084,99.1185808188349,295.367154555828,0.00469049979636792,0.393761637779718,21.1130439904912,16.648637334165,6.24254543168952,2931.37591472309,90646.3850087666
30.4981042506124,26.9889869756049,1512.39242952371,241.08241819385,1475.80556956387,98.778040050019,304.65119723611,0.00488999591835875,0.580361860203787,20.6762034563817,16.9888627386083,6.20108375020226,2924.43564830757,91474.256451025
30.5515268078588,23.1799847486234,1507.99575965008,240.262540307945,1471.55754946708,98.5949801767026,311.57846014166,0.00501787391200464,0.77643374386236,20.3356016292845,17.2310945669013,6.15930456955685,2920.65163181147,92167.3839946556
30.6476489853644,21.3773077745722,1504.23201491716,239.797435456985,1467.87027339952,98.4445574772401,316.729534894324,0.00512336731590908,0.970729256242357,20.1354215806832,17.4136325892601,6.1189280443125,2917.08002618651,92803.5900329163
30.7738593711717,20.7391795064626,1500.01629482531,239.502048816201,1463.69454617708,98.2572186717593,320.554137758486,0.00521697204537026,1.15132347022639,20.0537033494076,17.5644900963465,6.08102735422322,2912.02460782151,93410.9123317146
30.9067591997424,20.6251734305973,1495.67536172787,239.403277710135,1459.37099371616,98.0564378403481,323.647390298645,0.00529862946066388,1.30679192813479,20.0415456115163,17.6932896590453,6.04714795559686,2906.43755409474,94115.1328009638
31.0204332243642,20.4786206191322,1489.22447316879,239.337803206691,1452.97983032191,97.7108081539379,325.924717449233,0.00537849740621179,1.4313229765016,20.021024209563,17.7882374530093,6.01898817294466,2896.79867895512,95042.5593457373
31.1023935374179,19.9832931584307,1481.38014037419,239.363128949472,1445.24834315649,97.268494195414,327.666262124357,0.00545780382482032,1.52515191748346,19.9491600018897,17.8502228308661,5.99682083148897,2884.55915709124,95985.0494356925
31.1592013610723,19.1185640235113,1474.50350258721,239.63944549059,1438.49579416911,96.8869899137089,329.404997014125,0.00553169881491793,1.59047726512887,19.8467184340544,17.8974340455422,5.97976132260405,2874.17372465905,96851.3817859105
31.2117108466517,18.0227830498755,1467.50024751148,239.954263806732,1431.63012143671,96.4934697590683,330.890947596236,0.00560763217629338,1.63070881001693,19.7443189805653,17.9188861987024,5.96792111496379,2863.45708628607,97945.6915181322
31.2923015119707,16.8434701374963,1456.48633972448,239.624559597968,1420.84135263101,95.8325640933664,331.258059690247,0.00570263347005711,1.65056973082825,19.6355060695576,17.8687551713238,5.96272010641365,2844.7816957786,99572.3741635127
31.4106226276512,15.6042646252739,1441.80465681574,238.446244626376,1406.49531211936,94.9312910296784,330.54613477555,0.0058206801606206,1.65688419249138,19.4920415864607,17.7439192785942,5.96332157344438,2818.63175975515,101266.649039962
31.5508518703726,14.2908878208415,1424.91681200955,236.609962566493,1390.03215327043,93.8861374452154,329.063344367673,0.00596532670996812,1.65549755427696,19.3065819471157,17.5787913023229,5.96726779803052,2787.82351524923,102867.726336327
31.6862464457182,12.8684292893317,1409.54096802684,234.654290516503,1375.11322966584,92.9439144378384,327.720815633773,0.00613476494946565,1.65639186411804,19.0813016863331,17.4428950635773,5.96987271355592,2759.63652947691,103604.864725443
31.7856288209348,11.288512393848,1404.44473723097,233.866731492618,1370.36264908038,92.6887781986446,328.601498357233,0.00630314746564454,1.66857292640545,18.8319125028825,17.4373571834131,5.96502942436435,2751.20320827502,102941.345550768
31.848687219785,9.66410472774555,1409.08281433749,234.436085740209,1375.21775867456,93.0820579951529,331.552898433908,0.00646952734868147,1.69505703552376,18.5744859442237,17.5579145101023,5.95224154450046,2761.6194249106,101961.446281435
31.8949554636358,8.16706508997766,1417.71213495435,235.664617381134,1384.01889653266,93.7408829996989,335.109808680543,0.00664097085512219,1.7387506001745,18.2997339097945,17.7362276667138,5.93402644214376,2779.70147631737,100957.55819224
31.9390699008392,6.87369204541487,1427.7131394912,237.075616965129,1394.19589166295,94.4934340968677,338.573519208026,0.00680584352412074,1.80143215043473,17.98934555908,17.943137513999,5.91128247320137,2800.22415573728,99935.8443904238
31.9935281070169,5.78544744739765,1438.712764093,238.513095948327,1405.36697727505,95.3169653715248,341.960813872619,0.00694909490177145,1.88207855962166,17.6369688313955,18.1777092464592,5.88408685119796,2822.43452111224,98889.3813377534
32.0609619798931,4.88497816100555,1450.76702657796,239.953703546151,1417.58209282733,96.2159735205856,345.366941503468,0.00706369513572483,1.97847295850887,17.2460236898648,18.4429515883812,5.85259045217496,2846.46358432591,97844.6194332535
32.1349592295612,4.15090083672214,1463.76831008373,241.394089287351,1430.75071151151,97.1832715696563,348.790606245911,0.00715023741764733,2.0880238768925,16.8231203481393,18.7382790627777,5.81722124858923,2872.13871419367,96821.0707444145
32.2117941055841,3.54175836974319,1477.62298216907,242.771976817188,1444.81088355567,98.2134337022699,352.213526019606,0.00721667262247873,2.20907691691979,16.3658930151418,19.0618651911422,5.77835261883601,2899.27085643229,95805.2272999928
32.2945190083607,3.01003345032407,1492.30040359725,243.922636070198,1459.78287805016,99.3068941441152,355.612366243366,0.00727770255683544,2.34264798268801,15.8552278308085,19.4104830412659,5.73602391592812,2927.71813691901,94788.180767946
32.3855401206107,2.55674125548139,1507.42014569707,244.764026821756,1475.30467230699,100.438464656648,358.87620920853,0.00733914190506682,2.48941742762066,15.2879416286359,19.7758777329588,5.69055677221273,2956.71636387933,93831.4838515209
32.4833111488093,2.1880800364882,1522.07524072428,245.303386064117,1490.45074992596,101.544844654053,361.811250319307,0.00740169948027136,2.64600986266369,14.6843259244172,20.1498772975563,5.64288919733447,2984.57880997488,92962.5332410504
32.5783130265063,1.88735287522582,1529.42119870653,244.692857844058,1498.45514147083,102.162796580285,362.857917684865,0.00750369854656128,2.81403609732964,14.0595609675993,20.5295977764422,5.5930143839899,2998.05268885922,92096.6519499743
32.6487565751058,1.62829993158763,1533.7936678745,243.599194920887,1503.56231538867,102.583012942985,362.978215742509,0.00764328101376316,2.99828799012176,13.4156325907897,20.9220370444685,5.53988280250068,3005.57501474304,91144.9941045447
32.6861193281115,1.42448572595811,1538.97534403714,242.599137125661,1509.48348553173,103.058973100444,363.011392418,0.00780163933831634,3.19308065713991,12.7569400975789,21.3306467652477,5.48400220070825,3014.50998389535,90243.3205979723
32.7008746329569,1.28315892821574,1544.69688402172,241.687933514529,1515.95311698688,103.570855317132,362.911520428246,0.0079772816232401,3.38624216137761,12.0928887780041,21.7508492243443,5.4272551060098,3024.36590157984,89441.7450401131
32.7099146015574,1.18632169308727,1549.57056984191,240.711739384739,1521.60362005434,104.023524316423,362.415836660616,0.00819530822748537,3.56756089733942,11.4306785439696,22.1690283225447,5.37186404408191,3032.50401492152,88850.0801222243
32.7352468652837,1.11791325767044,1551.82836342969,239.490105155364,1524.68765729307,104.296158246645,361.190272494789,0.00848918822306253,3.7315428125358,10.7700865307229,22.5560417036264,5.32033982404761,3035.5704719563,88587.3047893985
32.7863993810051,1.06283248268605,1551.58815375731,238.012652249054,1525.32328389641,104.396588559074,359.304247961702,0.0088958328709854,3.87780662723874,10.1071661027449,22.9002940945906,5.27353891565269,3033.80169066375,88477.7780205719
32.8561039693608,1.01412969452524,1550.34056211342,236.412701215152,1524.9803745635,104.425637674186,357.107259815261,0.00945576884620826,4.00840992439956,9.44486567559397,23.2119216488688,5.2307493666307,3030.04806715747,88429.5329622906
32.9317124120864,0.968622491104311,1548.85473467802,234.764933909883,1524.41535874833,104.434529856129,354.777017401399,0.0102336211740172,4.1224944878421,8.79848718099824,23.4953202719985,5.19193184922741,3025.7806699585,88464.4406520773
32.9977605011382,0.920782822073206,1546.72959508098,232.947083455472,1523.24886269809,104.396092208026,352.219629364487,0.0113356673542858,4.21708817624082,8.19259954790428,23.7404966122817,5.15809173175076,3020.18251862905,88631.5155816482
33.0458963602979,0.869510608199787,1543.79617243678,230.869884174775,1521.32838464548,104.29826848565,349.392782299885,0.0128889084041433,4.28937009411759,7.64272294321861,23.9404250155529,5.13007083362201,3012.88558149285,88863.0535153735
33.0792158193668,0.817030963770653,1540.81357131376,228.648975522304,1519.39474679392,104.189640400956,346.474912713444,0.0149904875797714,4.33452111064161,7.15162667792473,24.0984961009868,5.10845893903776,3005.36794813704,89121.4786531511
33.1029464319545,0.762975153992697,1538.85560298142,226.428599283598,1518.50679506019,104.14064544923,343.719971825703,0.0176266532229058,4.34899077642846,6.7149369726621,24.2317105882494,5.09291326200943,2999.71828091124,89265.5853432625
33.1188965445746,0.70756175510983,1539.38105622812,224.341657877382,1520.13456063409,104.250800033364,341.459839153421,0.0206112219155915,4.33514098892679,6.32273415215488,24.373190490873,5.08131227382026,2998.75089942892,89137.1785016847
33.1284899139835,0.656243482558776,1542.09598455046,222.385279183228,1523.99451591181,104.500018868948,339.635101794743,0.0236676070606473,4.29473270744133,5.97116149357073,24.5340315651312,5.07275281152592,3001.93248006407,88922.8538127827
33.133400546054,0.610738342452323,1544.77607524439,220.363676336492,1527.86092065974,104.736127595463,337.766718237086,0.0265951112661866,4.22965841450791,5.65946713500969,24.7001291640739,5.06768456394566,3005.00695539197,88711.1921084984
33.1363698551373,0.570626117625436,1547.16830859084,218.233295611981,1531.45776175118,104.942428985522,335.803370881161,0.0292760224707466,4.14587926942438,5.37875622657805,24.8696370668752,5.06532333636799,3007.4560652045,88429.5304983573
33.1448869530319,0.537135076681474,1550.43007141832,216.0429571052,1535.90252895523,105.198249571867,334.00412815415,0.0316410663659078,4.05040621303753,5.11511959647843,25.0619819427483,5.06359268317847,3011.42384281561,87974.3866122009
33.1638363014423,0.50985158761905,1554.74093120932,213.794002784054,1541.35528260533,105.51595994201,332.415064420333,0.033692840738175,3.94652665068794,4.86277249860087,25.2851660017113,5.06157406003349,3017.22977385169,87463.5551122036
33.1911135497999,0.486954072751146,1559.21513855574,211.432446852928,1546.94176286206,105.836080567476,330.845395299465,0.0354916130382665,3.83564389454766,4.62285273772701,25.5289409405061,5.05961259765435,3023.20894536423,86956.6776212328
33.2193739757015,0.46629816641426,1563.54095716001,208.945797021601,1552.3649186547,106.138986738051,329.222150018543,0.0371108645772297,3.72035353469832,4.39179933483519,25.7877097079971,5.05762647951039,3028.78761867702,86426.2311276346
33.2355272124702,0.446251066861399,1568.15847253723,206.375743799873,1558.07013260135,106.456245925506,327.629206505626,0.0386133008159047,3.60388386177829,4.15840893339948,26.0666060696682,5.0548510684201,3034.80941041869,85825.1892969973
33.2328052507896,0.427406968853455,1573.1243668154,203.739311792592,1564.11324028122,106.79216624801,326.075296903233,0.0400362329905385,3.48719677246101,3.91802027002463,26.3663224287247,5.05110232438162,3041.38931677392,85212.5630647411
33.2153239060717,0.410287715531745,1577.98143590474,201.01572413122,1570.03353753987,107.115149736997,324.471769498153,0.0414114540363063,3.36924885400511,3.67635038468772,26.6793512216833,5.0469576184574,3047.66982593529,84623.1491785084
33.1904135094876,0.397413546632708,1581.17589105181,198.107818518593,1574.27065296369,107.317961894905,322.517731879417,0.0427369041165918,3.24566209010094,3.45098344049378,26.9771591482448,5.04466046754696,3050.72202099888,84272.6750646855
33.163844619049,0.391867311396983,1579.53884356036,194.77882407602,1573.64255323469,107.182722934505,319.607616765785,0.0439817579594203,3.10787349301453,3.27337765932646,27.1960229709863,5.04904249220866,3044.549468053,84470.5044182089
33.1370528924836,0.390081389626816,1572.67934609263,190.953740052601,1567.74393763578,106.68355918555,315.698720089333,0.0451543553133242,2.95458477823434,3.15171223309113,27.3102687779794,5.06175812204262,3028.38675869859,84933.3171175336
33.1089226524672,0.389484119482916,1563.8059294229,186.865418392244,1559.77701094554,106.041639870176,311.441888822361,0.0462139161140791,2.79179659448615,3.06737766622896,27.350998712637,5.0801863366371,3008.30562795959,85459.681646547
33.0790176220565,0.388818354723513,1556.94125451859,182.882986287373,1553.764611295,105.533226603487,307.632673954846,0.0471073535750122,2.62668986095338,2.99928009059371,27.3741637725176,5.10012950067208,2991.97033563618,85775.3827116331
33.0493404352335,0.388897914412626,1556.18104039541,179.444082001903,1553.80177760934,105.438765257896,305.074227090408,0.0477619799107679,2.46716305581605,2.93383749938299,27.4537050834218,5.1163091702595,2987.2249601699,85581.3007799669
33.0215714264234,0.391930902805026,1561.97294937829,176.689569105407,1560.33880346507,105.788308395934,303.848663997551,0.0481384778029531,2.31433307267179,2.87692176677253,27.6087113427242,5.1275116403083,2994.99498804917,85194.7726983646
32.9952189696909,0.398058468649023,1568.25373512371,174.075400437624,1567.31916549603,106.169045459132,302.777349000046,0.0484064475023744,2.16904172256102,2.83994793183474,27.7972086994559,5.13602499326061,3003.75947655967,84801.8923301221
32.9691675613304,0.412963520728853,1571.06890647466,171.281431007484,1570.80226458379,106.311943439714,301.118963253366,0.048510916966722,2.03017487324078,2.84949946713539,27.9515286289021,5.1458822390302,3006.05559447563,84739.3001868926
32.9430089007154,0.449872358289068,1565.82959918441,167.961915497177,1566.25009952985,105.906377316467,298.092389126777,0.0481979587260664,1.88853996460015,2.97559872258861,27.9735500760362,5.16404120931316,2993.32295844378,85462.3743875034
32.9180353179774,0.505317794041269,1552.07702143601,164.029494033713,1553.2530684428,104.924996509738,293.698119857129,0.0475150905686095,1.74236936899707,3.24931096015434,27.8333343998322,5.19250227288894,2964.75653808567,86568.8751490073
32.8957734930451,0.573211022134213,1535.44784305222,159.890993115273,1537.45322038682,103.753795908203,288.981683015238,0.046535585982628,1.60038920612618,3.62904116503581,27.5859094035851,5.22680210616054,2930.97487105201,87762.8655586602
32.8759279878697,0.686979256624345,1519.52447856272,155.960135686368,1522.36254794645,102.634729229692,284.67200132695,0.0448283732137396,1.4638898024408,4.14545123347406,27.2825841395532,5.26389686528556,2898.81177920678,89051.5296328155
32.8570604056826,0.960956728978701,1504.98088619569,152.718733460802,1508.47155990394,101.605520421264,281.242551169839,0.041514782986008,1.31496375592757,5.04147651880827,26.9480902524548,5.30552444560584,2869.89661812166,90543.4437690055
32.8386624274851,1.47858282504541,1492.73290871802,150.513863987032,1496.58131294379,100.724940657361,279.103864951672,0.0371944703110366,1.14739616586119,6.47530388926011,26.5997352412672,5.35199642583934,2846.20150278344,92097.9721393129
32.8213741577135,2.35286640672046,1480.84201849452,149.026790822651,1484.80716552112,99.8706159644797,277.652676908089,0.0326606284111002,0.995136300668991,8.32542818257058,26.2385238950987,5.39792631345326,2823.85411908351,93631.3550264484
32.8063526134846,3.76491860439724,1465.00896961653,148.540291715415,1468.75464861043,98.7475988245525,275.610188000305,0.028167119496952,0.90274247005356,10.3856444869514,25.7963596679365,5.43984694992928,2794.82813475504,95745.337715436
32.797235141572,5.75150019972795,1440.94149557932,151.17903185592,1443.57846234545,97.0243751185615,271.67851859143,0.0236915005463413,0.898253632972535,12.4028704517998,25.1459873040364,5.47999346010621,2752.03052420028,99137.7728632361
32.7979706130551,8.01748798290997,1410.97311708654,158.133918865073,1411.34646537211,94.8436657610432,266.145168052255,0.0190652284612686,0.986004703206593,14.1303949174061,24.3071396509746,5.5162846955193,2700.27848442592,102885.301220132
32.8081434613847,10.2607239929727,1382.54157619775,168.281004781174,1379.88402940888,92.7416396959103,260.693630240246,0.0147692690772498,1.13739833595449,15.5595028623063,23.4022534446076,5.54640133484657,2652.88942404934,106575.323299537
32.8205955191073,11.9839440901554,1360.87641033491,179.283365803206,1355.13088650057,91.1175483884801,256.770985049529,0.0118292968453716,1.30635152914464,16.7234793196109,22.597203456518,5.56853147925406,2618.64172129906,108816.904956596
32.8208634099513,12.5484355028218,1349.55907105144,188.974962575686,1341.43790524798,90.2524586759576,255.369787003299,0.0103686870714761,1.46053611213081,17.566367024109,22.0661239432719,5.57814582879253,2603.3867687509,108714.572692829
32.8052655449117,12.1306087536579,1349.19604697141,197.714180409635,1339.40672745261,90.173722192246,256.516273818719,0.00975596416843845,1.58245745236561,18.1768180249977,21.7684587602593,5.57995490298907,2608.43293069496,108007.01286285
32.7810704697337,11.2986718906324,1354.01034362181,206.487674509408,1342.78609583447,90.453754345573,258.901223812977,0.00952909845174936,1.67452168344424,18.6566529180305,21.5789365826567,5.58027111838571,2623.35418840056,107100.102098434
32.7517543739163,10.3240538511085,1361.71103050395,215.3162309946,1349.09915039715,90.9300649020078,261.953526917594,0.00945223332260065,1.74996338078655,18.9990773324864,21.4608102264654,5.57892191636172,2643.71568471697,106009.748396934
32.7142141667214,9.31216716923438,1371.93139752857,223.311382942021,1358.06060976184,91.5937166017894,265.55657783663,0.00941017831570887,1.82045702624435,19.176964752731,21.4190522300069,5.5737189841089,2668.2402842597,104757.590244392
32.6672616003337,8.2904090071022,1384.45497593931,230.149832882526,1369.50965737871,92.4372358349327,269.628314858224,0.00935735551708937,1.89357511374981,19.1864265665088,21.4563612465837,5.56330272875167,2696.32166244391,103414.466179893
32.613444898102,7.26872153358484,1398.8717495975,236.230847845776,1382.99827579985,93.4264762382486,274.027773412329,0.00928615139990241,1.97446524718377,19.0438814764183,21.564357492285,5.54736891359087,2727.43021613007,102041.960838497
32.5588516846415,6.24776555609044,1415.25045268864,241.895248463631,1398.57531700621,94.561974957006,278.719741758664,0.00920397226730934,2.06808928159028,18.7621251104541,21.739330961604,5.52542845878852,2761.89639198795,100563.24167585
32.5141826144974,5.23858631658154,1434.1195678493,247.321657917953,1416.78441523327,95.8802112487873,283.763312799157,0.00912351538324652,2.18050177579681,18.3468294448433,21.9842527540128,5.49645524099341,2800.81107052808,98934.6876414837
32.4821978984292,4.32643605607447,1454.6453514792,252.526411022939,1436.78333160627,97.323571898838,288.943187164039,0.0090526175308962,2.31524987588589,17.8253824391107,22.2810283961947,5.46092047184682,2842.6172087627,97387.8366604096
32.4572393347213,3.57702749832202,1475.24202868392,257.400983005651,1456.96228031086,98.7820500995842,293.931974852792,0.00898953004339439,2.47062173385638,17.2365997319573,22.6021487234371,5.42061765735228,2884.29054381728,95998.770719847
32.4310135451428,2.98529679215929,1495.01894978172,261.804097364191,1476.43653606121,100.195369157723,298.575855926557,0.00893086834952533,2.64253662015979,16.6020446467036,22.9325874162048,5.37703473517094,2924.10929337631,94768.5050647126
32.391619966388,2.51997176119547,1513.65897630166,265.586657792108,1494.93234422231,101.544965411929,302.845998186301,0.00887686484815278,2.82668488651704,15.9233845387567,23.266424893021,5.33119313777481,2961.44188792982,93684.5727609723
32.3348816494888,2.15108601306642,1531.03029764201,268.707788332563,1512.33480274529,102.822669791043,306.737577018859,0.00883165668870741,3.01899708272253,15.2080205244593,23.5996019278476,5.28396251912028,2996.04453774002,92747.6115725694
32.2662853673741,1.85769612677294,1545.01405263521,270.940758865485,1526.5156890129,103.88185793145,309.842793857946,0.0088116066970827,3.21619927430835,14.4752897174985,23.9276304078903,5.23610372961071,3023.8539669558,91947.3575989362
32.185818924527,1.63942459299303,1547.03169492487,271.249564266747,1528.92293797028,104.133789531063,310.464023483767,0.00885854392609537,3.41743730905691,13.7533976015475,24.2226281631476,5.18929627782279,3028.36553373098,91477.0199602778
32.0791307911833,1.48613928140358,1542.26545066939,270.649838188075,1524.67475145222,103.925076779686,309.55606155937,0.00894528980097722,3.60967083897605,13.0760677557114,24.4398471348182,5.14781676414278,3019.74785234804,91547.0812512904
31.9387345491377,1.37324730308586,1534.4555048031,269.622118628807,1517.49639479874,103.509774025979,307.830840591179,0.0090819027273359,3.78045465147092,12.4472416023996,24.5767235695641,5.11350879902344,3005.19626157921,91835.376466492
31.7724563497073,1.27801296499421,1527.08094860057,268.461065390411,1510.85749396792,103.126785691114,306.010464995099,0.00929055797508707,3.92832451863379,11.8533176990433,24.6635750572709,5.08496615864539,2991.33183980027,92193.177918401
31.5947198474155,1.19036473562582,1522.83708597906,267.366550068774,1507.42116490915,102.960549897332,304.696152955737,0.00958560668984249,4.06012076470858,11.2761286365114,24.7444922698192,5.05892983797555,2983.26465637322,92314.8385428714
31.4226539944888,1.11421055468083,1525.73316893938,266.745140962717,1511.1194932433,103.282798376305,304.743998949576,0.00995006603558567,4.186268443537,10.6901689314532,24.8839541055367,5.03047696549713,2988.62580443098,91907.8934245618
31.260416556848,1.05674956301249,1533.59294315282,266.424758878046,1519.74593018768,103.941469257717,305.77697749984,0.0103893677067852,4.30775419229596,10.0990368719883,25.091624979255,4.99902945659467,3003.29241252138,91373.1326529916
31.1009408951256,1.01494340665916,1540.50033434015,265.81468348311,1527.42018197682,104.531113794286,306.638310312379,0.0109477882765399,4.42265312199826,9.52342493580373,25.3253300623184,4.96725508011909,3015.99991994117,90871.2584975914
30.9368715781787,0.993028803062498,1544.30876696956,264.785867494747,1532.02441308787,104.904482232253,306.895110526458,0.0116443714603085,4.523958364376,8.9974986385497,25.5401925495573,4.93866338564107,3022.73134496164,90618.8277696064
30.7626642784763,1.0019269601019,1542.97590180732,263.164337478159,1531.54668819284,104.920333292326,306.183814079004,0.0124956667864255,4.59480195899539,8.59195074151033,25.6888101979387,4.91837572995175,3019.65715458392,90835.0434212933
30.5810775940352,1.02768466686503,1537.41236964873,260.980280237158,1526.90427809159,104.640600183095,304.710906608025,0.0135518120872991,4.62647347966396,8.33627117301272,25.7684358518254,4.9078346691276,3008.49344815652,91210.0628511851
30.3988316133995,1.05873749693958,1531.00958592589,258.559535693006,1521.46387770946,104.297153687301,303.110594506078,0.014816789014134,4.62252153219089,8.19786651773373,25.8122730238188,4.90462721229295,2995.66643687549,91593.8648146845
30.2197157718507,1.10937159891116,1525.97305658576,256.250708897984,1517.40753835977,104.039448480176,301.834254617864,0.0161494226304493,4.58349907471741,8.17598693027801,25.8510980848788,4.90696556461845,2985.47308493197,91920.5036840189
30.0459824280049,1.22287044684587,1523.2085250876,254.431820009305,1515.63667416365,103.928114171785,301.21296901557,0.0172332824676362,4.50192258752592,8.36191348706033,25.914288127798,4.9144664621151,2979.94554249791,92146.9924528798
29.8777513259302,1.3959363153264,1522.82081482069,253.289227231152,1516.2560726504,103.970878414038,301.382820446801,0.0178672694203778,4.37518403568437,8.8046114345747,26.0141985394813,4.92692346073524,2979.4855186372,92329.4507479769
29.713909615101,1.61421076441769,1522.44890526494,252.437921062952,1516.90546057445,104.008511682563,301.829787831482,0.0179802781618224,4.21840450761861,9.44452894819379,26.13994367447,4.94263749816829,2979.44442692138,92495.0770103694
29.5507114616901,1.85964192567616,1520.62147752296,251.618173173737,1516.08732813938,103.942027916309,302.133613714337,0.0175608749332496,4.0530804996911,10.1772577016978,26.2664822090279,4.95968392187588,2976.826699638,92761.7961049213
29.3805573356655,2.0904609109492,1516.76104742638,250.783764620167,1513.15193877058,103.730116864595,302.010590750401,0.0166953875255082,3.89882479198048,10.8668373898538,26.3585785456663,4.97693656240055,2970.36875071363,93251.363374531
29.2025316069219,2.2975010689634,1511.05851640547,249.933761856316,1508.2515429402,103.387126435615,301.40083595448,0.0155108196088481,3.77173362549803,11.4325918757522,26.4080071410798,4.9923681131144,2960.32796356311,93803.5775945013
29.0223356381573,2.49327058441272,1505.50849815584,249.27628313079,1503.40726421705,103.055370018975,300.737675810062,0.0141884620988433,3.67472887397355,11.8952745685978,26.435475946091,5.0044305706862,2950.5747280045,94347.5397515657
28.845326693285,2.67630100121977,1501.43845390358,248.974760713516,1499.99215039772,102.829828719499,300.361558784151,0.0129348225070316,3.60049968035377,12.2888537430681,26.4574687724446,5.0133650341922,2943.7602941788,94860.513952693
28.6762980004223,2.8234864456457,1498.3456286494,248.974830146748,1497.54320699639,102.67686934865,300.20248990894,0.0118957662062229,3.54265505329325,12.5883277621877,26.4768742185438,5.01999969217769,2938.97529912889,95328.0288383174
28.5170463391401,2.93611846851801,1495.48970424065,249.18574488241,1495.3324304552,102.543914184591,300.104997425465,0.0110992987208208,3.49698054127858,12.7763106311812,26.4890282723993,5.02523684828624,2934.796628109,95757.7351244689
28.3663089657675,3.02465631777327,1492.98048789148,249.608863909569,1493.45872376884,102.435841047107,300.092741495174,0.0105110359128266,3.45796473160181,12.879162839986,26.4917069887393,5.03003805472882,2931.41579343325,96150.2216725353
28.2341098764633,3.08192438512719,1491.5110334899,250.253120426556,1492.58673826883,102.398409635717,300.301720977558,0.0100911427198216,3.42323978290398,12.9190787550465,26.4950834078358,5.03419560015272,2930.08397729666,96408.5946231717
28.1510284709638,3.09576334396214,1491.90994801442,251.08665000829,1493.48996453728,102.486927249371,300.876879732892,0.00980394838814239,3.39545117984295,12.9012617573683,26.5193821327434,5.03618287206389,2932.23602936974,96444.6943503526
28.127884986161,3.07947367805146,1493.86353028902,252.044689017457,1495.83315502139,102.678458132056,301.740729302004,0.00961360512542517,3.3756022030339,12.8321067735658,26.5664212878145,5.03574179465784,2937.21742102378,96397.238514722
28.1473898116229,3.04504312494846,1495.96008724335,253.001111968174,1498.23157015403,102.87568139197,302.616340319502,0.00949683102312215,3.36236871679723,12.7166276118263,26.6239850187337,5.03375820165122,2942.36710680384,96316.9123816365
28.1740907942644,3.02437856690488,1496.19947554157,253.791810410326,1498.76034029752,102.943092676911,303.116677516357,0.00942971527349208,3.35040684551654,12.5635829571657,26.6577985540999,5.03293857942388,2943.96472190939,96491.8452503122
28.149496816029,3.04042432308891,1491.50605671777,254.062811680043,1494.50155772893,102.676549507436,302.66734157709,0.00940254758808222,3.32882455590986,12.3758933809284,26.6093505629614,5.03816566333813,2936.26767580447,97189.481020495
28.0521649735845,3.0526066816274,1482.76583181346,253.79023313304,1486.42709105724,102.144136731292,301.444624630116,0.00942206209954377,3.2965921234145,12.1322596557491,26.4767958221904,5.04967998762758,2920.96978436444,97999.8147580861
27.9087942153475,3.03752390444713,1473.46227102456,253.317561058755,1477.96124384504,101.584351272161,300.095938887736,0.00948605488334362,3.25978841616015,11.8232782256889,26.3018314522758,5.06420952001644,2904.64497928052,98776.661220175
27.7604292094779,2.93891071387165,1467.09436808161,252.972900720049,1472.493197272,101.234083494785,299.279248386564,0.00961667756073314,3.22889560519399,11.4569387549346,26.1482835680808,5.07661747156188,2893.8403078671,99081.4823121955
27.6517740972218,2.70659916055543,1466.87306116576,252.998801941286,1473.10683915542,101.310333272859,299.550014956638,0.00984763939398608,3.22436468134115,11.058414248585,26.0941651115676,5.07947377218874,2894.46674020344,98570.9171417275
27.5899984047274,2.42960619456915,1472.25014269664,253.448293001786,1479.20973758336,101.771216142802,300.744911183524,0.0101649657682458,3.25135179128247,10.6629850854276,26.1307899822186,5.0724734382448,2905.48055458336,97875.3280278522
27.5518003724178,2.17449090743289,1479.70152462869,254.060474837753,1487.32546972087,102.373018578082,302.220261144031,0.0105559623896855,3.29823430179447,10.2831337795059,26.2019265628835,5.06055502852461,2920.28964603688,97194.1366462707
27.5309145251693,1.95173909349102,1487.18308614452,254.601017308939,1495.47660558515,102.977888490546,303.614182005196,0.011018307728353,3.3565579239799,9.89673244931105,26.2763047343455,5.04676011881202,2935.05359254639,96593.1198502221
27.5529280002024,1.75282204829066,1493.78499452224,254.889052058063,1502.81119532782,103.527404629812,304.747575985169,0.0115636331560827,3.42203463654579,9.45391160136539,26.3396839860744,5.03249728961474,2948.02310809422,96111.3039222425
27.6308110414032,1.57379907348255,1499.66746006904,254.887829875468,1509.50759263458,104.034136458805,305.633345444137,0.0122095800825586,3.49286012668395,8.93691085892122,26.3942913050691,5.01786863977356,2959.47140890636,95669.1736076878
27.7497094013756,1.41513137161322,1505.46036975596,254.678820396003,1516.17521296007,104.539208937999,306.385694828038,0.0129881267389866,3.56666428355519,8.37507745799137,26.4503946779091,5.00263307789785,2970.589272047,95239.038590276
27.8864558364849,1.2738855123737,1511.74122330619,254.29876294593,1523.35842253008,105.079167450564,307.120652286728,0.0139677915697336,3.64187232746663,7.79862185458963,26.5269357849545,4.9859723506485,2982.43272136127,94676.2695900669
28.0141863919952,1.1519213980996,1517.18766222963,253.446867735238,1529.67506702344,105.556897435469,307.582324369444,0.0152671607623191,3.71998414094248,7.22372846787876,26.6509043819291,4.96619392946644,2992.29226904721,93856.2905960019
28.1224013792429,1.04968360563006,1523.39857746689,252.389420999923,1536.71855723594,106.080208249484,308.092519408619,0.0169966183741921,3.79453439121729,6.66669777747136,26.8200850859246,4.94440283792073,3003.29936062374,93001.7865479585
28.2194293139025,0.963260547541805,1529.76305554816,251.164105089487,1543.88607557285,106.603470799808,308.535832419734,0.0192633887820814,3.8536247049935,6.14316580743977,27.0087507203666,4.92381817966493,3014.36793558838,92199.7079735297
28.3082297796433,0.887242746197576,1535.27955399815,249.674218256839,1550.18934356219,107.054615761764,308.708299408048,0.0220758812887058,3.88724141698706,5.66462897196344,27.1932218039436,4.90724670620748,3023.5923585789,91514.7886358518
28.3734739018653,0.814850682819604,1539.152225735,247.734890174237,1554.85151408529,107.377077638809,308.431375713404,0.0252902671528917,3.88893089472844,5.23943594931855,27.3528830101073,4.89675419938919,3029.37579430518,91000.6043733
28.4054706664085,0.746981860461111,1541.56253510111,245.314436494211,1558.0631966292,107.583374349137,307.730797272798,0.0286289753598257,3.85733364508514,4.86748792549037,27.4839764403667,4.89270038656714,3032.02989118234,90580.214332977
28.4113565132514,0.686387095537356,1543.28268070636,242.565581140019,1560.5869606237,107.727365100478,306.779754852149,0.0318148669616794,3.79422945362523,4.54272501231854,27.5966173030724,4.89424187370389,3033.09112046511,90218.4784048464
28.4098822144465,0.63566228574369,1544.64378290581,239.632950742149,1562.74642379935,107.83284828529,305.681554619953,0.0346559795630213,3.70262491530858,4.25857600184409,27.6968278218238,4.90062613683097,3033.29266589629,89924.6982236684
28.4336894453951,0.597109682840525,1545.50463618621,236.600540358375,1564.41874733885,107.892434826648,304.456455281159,0.0370649324366536,3.58591278663246,4.0082241421536,27.783504688823,4.91147493575572,3032.48588039642,89714.7955436883
28.4993645521703,0.567546192495822,1545.85081503518,233.511316204211,1565.60359173625,107.907694122594,303.130246198314,0.0390855335240086,3.4493735502784,3.78452135789438,27.8555157265516,4.9261232072107,3030.70872619185,89559.3483873487
28.5964466580668,0.54365763635985,1545.87423813948,230.380299494469,1566.48253601529,107.893277860062,301.73674344139,0.0408095494206726,3.29978244648594,3.58149288816739,27.9131882698926,4.94357034783081,3028.31428076924,89442.3289207749
28.7057417230656,0.52255990381004,1545.46881905258,227.146246857415,1566.91743055284,107.842093105068,300.239127835778,0.0423391914906677,3.14273707732067,3.39390259749962,27.9515778735026,4.9632716814553,3025.02359364668,89396.2943702399
28.8064105488569,0.500590470778598,1544.13757323938,223.625747510263,1566.3545043387,107.719520164482,298.51814001293,0.043796369355706,2.98264203524975,3.21355526776033,27.9585442743217,4.98525341136297,3019.72256546363,89463.0684969976
28.888540765909,0.47766406651466,1541.92142597071,219.749745030411,1564.80975783674,107.529243581291,296.570019465193,0.0452470023700206,2.82333328659381,3.03367208982889,27.9303101485541,5.00916082975942,3012.4057724304,89583.7764382379
28.9563858490354,0.455126460341271,1539.35825906938,215.631292116218,1562.8441341038,107.309992859487,294.510338186126,0.0467102313565307,2.66668717365052,2.85417453864074,27.8734863202028,5.03436424828353,3004.17333796043,89727.1027382987
29.0144668029157,0.433216106976798,1538.3501060106,211.567258354362,1562.41642042223,107.196138150971,292.721662398227,0.0481717062531084,2.51528308267114,2.67644108988919,27.821084099763,5.0586446451399,2998.79791544803,89633.7238443028
29.0604444836557,0.41332358296053,1542.46232224831,208.050930340804,1567.1717258873,107.437629602595,291.896922023421,0.0495222812726211,2.37203709097883,2.50464663144305,27.8389670656275,5.07786852254632,3003.2636144645,89021.1462794566
29.0945212875766,0.397260168317705,1550.35024538514,204.989525648536,1575.75016836668,107.938978745958,291.790647819707,0.0507346200788452,2.23492094658562,2.34860260856855,27.9382414871345,5.09174494501809,3015.02804516472,88254.8762049577
29.1209079848723,0.384464367407169,1558.59841489319,202.007060105198,1584.67344149061,108.45998814448,291.754538505486,0.0518596332618215,2.10131003032499,2.21364974852125,28.0759572306108,5.10313679850614,3027.4938982552,87504.2083351107
29.1441776410228,0.37484997366396,1565.50827378078,198.892320925413,1592.2067994808,108.881846229961,291.463677568338,0.0528929291857361,1.97049925136315,2.10117509988323,28.2208257918587,5.11393645271707,3037.35674004251,86808.6734564963
29.1713168744123,0.369740694738714,1570.81123952419,195.614526995679,1598.07071264826,109.186102333881,290.87499714324,0.0537420706127161,1.8421517900423,2.01847578006002,28.3610762006116,5.12486976754786,3044.09661589745,86180.9839491678
29.2060736070992,0.368040338304238,1574.97934075767,192.232677560199,1602.74293508583,109.406396383713,290.085056978254,0.0543586377328214,1.71676428972548,1.96862694261869,28.4969946572732,5.13584744953826,3048.63248446245,85598.3203895707
29.2464508673374,0.368320051382736,1578.62438731157,188.812814217128,1606.84767455821,109.586451020433,289.205001008582,0.0547597763164743,1.5962390134685,1.94470676679506,28.6324579610279,5.14635561592604,3052.14380185255,85048.7612155432
29.2898174790229,0.369759318697066,1581.69364379902,185.365190195337,1610.33441616755,109.723498598323,288.219868837441,0.0549889357206627,1.48276337169167,1.94152287882051,28.7614525886404,5.1563998697341,3054.54150825683,84596.3948604725
29.3355725405678,0.3714797552585,1583.31542223721,181.841305136956,1612.32090661806,109.757703030472,286.966344559342,0.0550894538125662,1.37843604899791,1.96327967872043,28.8628908385283,5.16685388062854,3054.18501485627,84334.0439068373
29.3832854053679,0.372714966195967,1583.4517703656,178.260066370699,1612.77393226544,109.68778337668,285.43650067182,0.0550930743810812,1.28582209981352,2.01082963028436,28.9281666979499,5.17780926739137,3051.02406324376,84167.0201324771
29.4320851581095,0.373372536510778,1583.03895354611,174.708898145612,1612.64936547997,109.580166841859,283.801464504376,0.0550199455894447,1.20680667201906,2.07667292784531,28.9674545049625,5.18838898190727,3046.8541037555,84033.8515441331
29.4830613852454,0.380995028412721,1581.23048647959,171.14978322643,1611.08663263269,109.37642413184,281.944700669679,0.0547090940185349,1.13930249920271,2.17459662082084,28.9644943209661,5.19984291866151,3040.11027491206,84161.4551450315
29.5377938311444,0.413569557504047,1574.07315085281,167.336447925454,1604.073951794,108.80310087581,279.283501159625,0.0537635675428052,1.07551204882273,2.36671256064428,28.8510381926219,5.2173158577557,3023.41594437087,84937.0185768777
29.5924327592261,0.470838061070704,1560.72297147439,163.242447673902,1590.77771051124,107.805533465747,275.781510485367,0.052283416990581,1.0120648150205,2.6890361702389,28.6018804691981,5.24283152430819,2995.29282305236,86042.6647241895
29.6417683007328,0.546426498554015,1544.60761395544,159.129756153589,1574.70295915302,106.62510133842,272.034057565585,0.0505544387692178,0.953686243674475,3.1129219292547,28.2593804836623,5.27321350067993,2962.2552208767,87236.8366316562
29.6782930245785,0.673664743656613,1529.40782898906,155.354397279904,1559.56935648619,105.516505547913,268.723079826525,0.048130818304298,0.899898265488803,3.66449070396739,27.857766492996,5.30659633078276,2931.33588648275,88579.7819447649
29.6776678724853,0.977919399071707,1515.68821679407,152.132453823297,1545.85186392723,104.515105454786,266.278701301753,0.0440117769577835,0.832820240777296,4.54874832296769,27.4038116909499,5.34568614505939,2903.84018888536,90242.1373453937
29.6208306034529,1.57171398002346,1500.33615846971,149.27259778952,1530.30945649464,103.405949790458,264.402414580834,0.0390598989821594,0.748637641028155,5.90186970706282,26.9058581499154,5.390935389937,2873.98421593021,92055.854638811
29.5145917876499,3.14283825901229,1482.64826350006,146.651790788893,1512.24892231226,102.140266374489,262.363758855655,0.00967256202492637,0.591493450707977,7.64896171140412,26.4172915869689,5.44507556712259,2840.0386214222,93917.163603302
29.349887137268,8.4683083023895,1509.44182689296,147.656016026166,1539.48824055497,103.955022971202,265.916992770956,6.01620349264113e-08,0.194366906760677,9.21423765773909,26.4337860324798,5.49512887234073,2889.30297572562,105116.279123868
29.2463196841304,18.036239610498,1486.86593386292,147.203305893107,1516.06196447737,102.323769634505,258.97116652368,1.17779552651069e-08,0.0275753701184503,11.0711368142783,25.6758096926362,5.55450168492102,2845.18741515465,107283.487705986
29.1955773518874,26.9756538183398,1483.21859168747,151.251922851349,1511.55787860031,101.942149470213,256.780225887086,4.01102148309723e-10,0.00800952895797457,13.0304605382722,24.5468200896871,5.6196578451357,2839.74677042518,109438.42777233
29.172880168218,34.2559172412499,1470.02234186264,156.34293255033,1497.00729057875,100.858243919808,254.768696073785,3.22278548035939e-12,0.00629817170814458,14.9626866277831,23.3922125091756,5.68732601337277,2818.30818030431,111458.698586889
29.1619105654432,40.5903638943416,1460.70812961504,162.469753182575,1486.23756317392,100.022285746869,253.854107617271,1.39263341187699e-14,0.00468603619656926,16.7025061317439,22.3543262009657,5.74854557693194,2804.86123723068,112830.190031836
29.1632750762788,45.9253326847105,1461.67625477189,169.148990853077,1485.83256638396,99.8915599948014,254.547651350782,-9.21230607765499e-16,0.00313513380458278,18.0383652718446,21.503061225821,5.79865757417847,2810.52133704016,113177.164887846
29.1790830569964,50.3260622138989,1468.94430609933,176.013078894576,1491.72144644324,100.191147208702,256.038249517381,-2.69874958783681e-16,0.00186884383419214,18.9747860361478,20.8051455474946,5.83977701610482,2827.60728020688,113131.071291762
29.2070976801271,54.1319916616874,1475.37969060514,182.957182936079,1496.6219910043,100.423971819337,257.094375139912,-1.1108397916518e-16,0.0010044622315926,19.6603899049703,20.1949270095608,5.87586398307758,2842.91326307409,112888.477709528
29.2485189035348,57.5594457361347,1480.55966268753,189.890793871728,1500.1898074073,100.566109840246,257.702762020051,-8.99417552370463e-17,0.000462340657064774,20.1890986180785,19.6463931651122,5.90847899004627,2855.71315187937,112452.354915907
29.3111967500005,60.6892986579688,1486.30606755791,196.25906985691,1504.4799005874,100.761630879021,258.263836918342,-9.74345665983976e-17,0.000162176252591397,20.6138845292152,19.1542155610395,5.93794843924282,2869.18753659727,111832.856760086
29.3960784961126,63.5730584239395,1491.61086534727,201.731620753644,1508.5173504749,100.946239914787,258.66697894067,-9.94671458585883e-17,4.09850644277497e-05,20.9604705339176,18.7089728925211,5.96481456621133,2881.3261333667,111132.288336716
29.4961649830431,66.2847467111658,1496.63218139921,206.662327669428,1512.36089609714,101.120163917022,259.005674732442,-9.28763376003506e-17,8.39183140041512e-06,21.2364260960887,18.2971092605146,5.9898417211288,2892.6221513805,110405.103782523
29.599049908708,68.9181211371521,1502.6874624675,211.313464933553,1517.27434904069,101.367796749798,259.57287793199,-8.26121492080785e-17,1.59267279814703e-06,21.4444405375501,17.9231502037649,6.01278538904802,2905.65589865554,109447.763582392
29.6853925240609,71.6178675738012,1511.52386045111,215.740914173629,1524.99562883735,101.809307978248,260.688957121793,-7.26450805690853e-17,2.9680834940945e-07,21.599468464194,17.6052726989967,6.0326500999344,2923.65319251884,108115.489899618
29.7505205000394,74.4674955740534,1521.65169133017,219.837906366029,1533.99973184858,102.342610115001,262.069466973494,-6.43248963940877e-17,5.5648188227539e-08,21.7329005743993,17.3308319877959,6.05014163155152,2943.77394639723,106777.86972941
29.8039535812247,77.439735559751,1530.56368900461,223.465009515034,1541.76065644453,102.796045512412,263.251901639636,-5.75284171210369e-17,1.06017676014739e-08,21.864978579756,17.0726734086814,6.0667553944957,2961.31480759813,105549.272955819
29.8581527500096,80.4841740267523,1537.60121201352,226.558602411091,1547.65922979329,103.126719668608,264.114963336366,-5.18091467840531e-17,2.05373242565713e-09,21.9948199394289,16.8177163731138,6.08320623360709,2975.06220816611,104450.902334003
29.929840239841,83.5655692854633,1543.05070708482,229.098151006063,1552.0611423077,103.357947108146,264.716177657065,-4.68219447786794e-17,4.03524569907386e-10,22.1090572864746,16.5618481285715,6.09971476898563,2985.60195864384,103488.421224694
30.0240757033508,86.6671215704497,1547.45924026093,231.124912734635,1555.54494960666,103.528356148586,265.156486647599,-4.23808793961525e-17,8.01784007740298e-11,22.2027515346803,16.3051864501804,6.11626987258496,2993.99424230175,102638.754138521
30.1327798861748,89.7825352407167,1551.2787075817,232.723525878096,1558.53248397584,103.667028010751,265.513014523236,-3.83982664210809e-17,1.60727906073026e-11,22.2831586448797,16.0491059986205,6.13279242902437,3001.09574724075,101888.235517393
30.2436485013338,92.8655792242626,1553.76208329827,233.953170457913,1560.2059403605,103.719600852457,265.648318903307,-3.47999611723806e-17,3.24632594605405e-12,22.3544326920444,15.7842323828115,6.14978281714298,3005.51908008744,101398.38533888
30.3381554279175,95.7902044159716,1553.22954763688,234.829210558781,1558.79010060815,103.567739238918,265.260100034463,-3.15017261290796e-17,6.58649027789744e-13,22.4022062687875,15.4900353211835,6.16833392579226,3004.12140971973,101339.108435874
30.4067117704045,98.4890447808364,1550.26396708323,235.401032759871,1554.86171121785,103.251119238334,264.450107937144,-2.84728467648078e-17,1.33511265630001e-13,22.4096382912593,15.1674962629596,6.18837281761888,2997.99574401556,101450.73302188
30.4551818550097,101.00125861246,1547.19320140274,235.814387358767,1550.81227437988,102.929825998326,263.628225789732,-2.57155581951382e-17,2.68045030741155e-14,22.3783036192672,14.8335809501674,6.20897470330165,2991.55170425009,101619.896244265
30.5004081498595,103.442123956659,1545.97744311958,236.171504610719,1548.66451562998,102.738634044272,263.139489395063,-2.32350462753056e-17,5.32727216489351e-15,22.3290420539386,14.5090773500318,6.22902458403213,2988.49502826115,101624.287626297
30.5721282132368,106.0121036454,1549.15033394293,236.639187599875,1551.00624469197,102.849645926973,263.424615769551,-2.10396253435601e-17,1.04455937666431e-15,22.3039476930142,14.2189586356123,6.24720165404646,2993.61236115733,101253.308229982
30.6834000079093,108.752091312096,1553.86958271969,236.988217050579,1554.96166345412,103.069797235352,263.989101455006,-1.90906537385532e-17,2.06641635483453e-16,22.3235164806619,13.9584927735354,6.2637691101422,3001.52685294946,100880.106068144
30.8925140092134,106.393318201409,1515.74567526718,234.777356588845,1515.54701451387,100.396239936431,261.00975891422,0.00180861006745565,0.0182096678096781,22.5154991980206,13.4847059341654,6.29896209497442,2931.40588264527,91556.8637454337
31.0565797146657,85.9763012162046,1512.23499142384,234.650695801348,1511.53811246726,100.153633662778,277.405490392822,0.00201587964925013,0.0694489742847489,22.6539236843995,13.6178461083138,6.32442462948068,2934.66264906978,91960.6402756528
31.1653270046474,58.5237057507935,1508.81615507853,233.666255978495,1508.04598164753,99.9783262298545,300.15457942361,0.00290528724046043,0.114552828433313,22.7091482772888,14.0003847795954,6.34541857684639,2941.6838498324,92855.2093240245
31.2169101764854,39.1876652125278,1502.26330996119,231.807924929457,1501.72824360752,99.6396099523832,317.346692651586,0.00514188082495521,0.25407016777731,22.370331624116,14.3957345403196,6.33227107687376,2939.65937799064,93754.7514644672
31.2389739257588,28.8395117315157,1495.8457299666,229.652680583298,1495.70112730139,99.3358869834509,328.443552520624,0.00545089990216959,0.426891039908453,21.7647905804951,14.7683876029104,6.29626694860899,2934.15050669808,94476.6926589676
31.2602658532034,23.1656784016155,1491.17113054162,227.741105260527,1491.43587658844,99.1513455788076,336.220661633516,0.00566906833953809,0.613102667460445,21.164908058847,15.0440919611454,6.25593941290109,2929.84141793493,95180.1306653493
31.2832829323487,20.2067885640355,1485.53130426903,226.276287233723,1486.14623937712,98.8904757672766,341.225593244846,0.00582254130804254,0.801895201481221,20.6918813018028,15.2052297331331,6.21793417223147,2922.48396307378,96268.911773549
31.2827200021557,18.9339856638355,1473.79789263332,224.78306173036,1474.67534403642,98.2046110603662,343.07403698379,0.0059771085173673,0.981898616592728,20.3697916295122,15.2562140888287,6.18504167366331,2902.6640942479,97720.7829304254
31.2286148506011,18.6302809372608,1458.02037164099,223.269939634416,1459.11071833923,97.2351293634374,342.882412855081,0.00613202473284453,1.1392879249269,20.1560114020935,15.2180498697903,6.15881670415277,2874.61176682155,99492.598651233
31.092635597898,18.7773988468877,1438.88093019783,221.742662350662,1440.11188973355,96.0275126392266,341.312575528575,0.00629643790941738,1.26127801029781,20.0205808259308,15.0981949749279,6.14114025816342,2839.87808117854,101726.307459775
30.853964769793,18.955111819282,1413.08938874817,219.912848740158,1414.27470295785,94.3548381632253,337.814508360917,0.00650268843271451,1.34599649359553,19.9728290363521,14.8994868717559,6.13259757728098,2792.16464235638,104229.287305671
30.5420402089054,18.9139058252606,1384.18345675872,218.025576439267,1385.15727616656,92.4575649472493,333.294171431719,0.00675478227372146,1.39953385714208,20.0227613669294,14.6592928729189,6.1310060194743,2738.28880441333,106435.720915857
30.2170835438606,18.610821969823,1357.62775975212,216.449857841572,1358.3467693684,90.7108419596637,329.117034792568,0.00704304837571843,1.42786422316872,20.1619856848287,14.4229024700493,6.13364446391273,2688.83881110735,108189.026199387
29.9120982324811,18.0685974708711,1335.87468097869,215.39576397308,1336.40477050342,89.2859901201963,325.968683113076,0.00736330508152988,1.43880093755728,20.337481911043,14.2152409446438,6.13829433061901,2648.69492754,109402.954920995
29.6162798395038,17.3030502202842,1319.51077591262,214.961073250614,1320.02575072414,88.229788646905,324.061406718204,0.00770692942292546,1.44020404612956,20.4398665868145,14.0419556582601,6.14349692721316,2619.16811376099,110210.11761742
29.3090928337569,16.3592680996378,1306.80705162023,214.995867132661,1307.47276017053,87.426478398942,322.95441436163,0.00806585971732924,1.43805962756797,20.4316038670207,13.8917048071027,6.14878553880395,2596.9086204877,110842.473783255
28.9870926615763,15.2968125422873,1295.96303890076,215.308462315998,1296.86197255782,86.7505760584747,322.19617383479,0.00842890023165216,1.43705917843027,20.3508177907608,13.7557775421048,6.1537273419587,2578.33376413842,111332.65382204
28.6576707069589,14.1159617856454,1286.15657574168,215.798760473518,1287.3324365428,86.1417746172361,321.56495904256,0.00878499105782673,1.43908152599988,20.2224008688283,13.6281604436255,6.15814496347394,2561.7852225685,111833.966604053
28.3211899213761,12.753199560238,1275.70500783331,216.279761983409,1277.206511378,85.478918127902,320.565464109121,0.00914244251758425,1.4442102109652,20.0403600149966,13.4892591776746,6.16276325982233,2543.93583901337,112631.808042063
27.9600605799918,11.2629240880303,1263.46844123982,216.724009012107,1265.33527673966,84.6810240501078,318.850996441459,0.00951645748916464,1.45283000362086,19.7879376481659,13.3232445500877,6.16811943583451,2522.5893445833,113699.255081603
27.5531584481777,9.80307392055094,1249.27972247093,217.499675103072,1251.48838490157,83.7328683676069,316.343341972381,0.00992056306849421,1.46421644311329,19.4572272413043,13.1252261750805,6.17442534940607,2497.62753520987,115041.709196262
27.1243939627419,8.45901057667028,1236.09723549274,219.015850239004,1238.63138774247,82.8409024123361,313.787046387508,0.010350505447569,1.47960739010234,19.0205823861085,12.9268508536603,6.17989383425057,2474.89248739723,115954.1587526
26.746920102928,7.25037198162329,1227.99891800096,220.570404418628,1231.04400910978,82.3152648307061,312.333854020971,0.0107863882927938,1.50180926897083,18.4230679213435,12.7794885264743,6.18155466330885,2461.76023303286,116054.750737704
26.4288128857194,6.2169403827264,1223.01774929469,221.435470804804,1226.82114005445,82.0336579175152,311.549759810887,0.0112369290122884,1.52951739894159,17.6640549578369,12.6643358027879,6.18043770740037,2454.11559115289,116309.493976318
26.1259920831082,5.38116573878478,1216.85423363506,221.665090962594,1221.54498564845,81.6869849627802,310.314231163364,0.0117191796521827,1.56022725424986,16.7833251115289,12.534246494635,6.17926259455639,2443.82573609496,116891.316959415
25.7798661237637,4.76764686532841,1208.30572084968,221.46048710192,1213.92361350671,81.1799378452825,308.325895992105,0.0122148575758637,1.59068170451882,15.8554251950766,12.3767049458358,6.17926067342052,2428.70349518766,117710.165661948
25.3105711185971,4.4304738715621,1198.56602381992,220.764118723701,1205.12864390146,80.5896537537819,305.972836645613,0.0126722089648379,1.61437884363075,15.0128848392006,12.2075766684697,6.18076834192904,2410.96337689491,118540.026890518
24.7214392801161,4.28962827690219,1188.92363779884,219.622447295639,1196.45605014658,80.0049187664471,303.673729936046,0.0130882334500303,1.62615998690076,14.2959953548063,12.0436793243288,6.1838454055024,2393.11044277552,119319.970694858
24.0761531021207,4.24078495018055,1179.84756007927,218.251748000383,1188.37837966451,79.4590320547621,301.552430448268,0.0134963083519078,1.62770415604955,13.6547785471723,11.8868557189254,6.18822120075341,2376.19058595526,120041.386390653
23.3988465123906,4.16621359763481,1172.53376645955,216.974242331156,1182.03193070819,79.0329625152694,299.879265033919,0.0139293240363649,1.62468834495337,13.0675684024894,11.7436430476247,6.19277708644715,2362.60590136287,120455.223794417
22.6720644003964,3.9298863732009,1168.94997658131,216.186210007681,1179.25574594126,78.8588303263833,299.083278326325,0.0144204618948914,1.62670347122825,12.5504365377434,11.6285934678785,6.19536333116612,2356.17013319403,120326.089264047
21.9050486133912,3.59207191471946,1169.04231444245,215.866795221873,1180.00076271493,78.9336892265011,299.10600973322,0.0149479056787414,1.63942051253804,12.1082142708405,11.5421946241343,6.19506365660943,2356.74503146239,119897.274836154
21.132197504141,3.26046000411446,1171.79557767697,215.786154976656,1183.35640329165,79.1908576287048,299.728831822152,0.0154583031222571,1.66075279009457,11.7305879399257,11.4811280830676,6.19233314878163,2362.38130141759,119234.89568997
20.3992172360524,2.97594730299044,1175.58154366134,215.682084054193,1187.72829081053,79.5184033012024,300.559970916783,0.0159218572848698,1.68687108452279,11.3875823976419,11.4341867398076,6.18827263241305,2369.88244115405,118664.12765333
19.7754439976538,2.73965621079266,1178.51445841892,215.246343190422,1191.19915531586,79.7839224013789,301.105810605102,0.016341601281762,1.71468715951711,11.0258392183166,11.3837177143036,6.18419791191768,2375.45277279982,118349.071143369
19.2759677740372,2.53637764501772,1181.23994413276,214.546400168127,1194.42049615409,80.0318250518255,301.527646986273,0.0167172554936325,1.74456398926621,10.6384441679876,11.3356449764385,6.17974366248593,2380.3533327262,117911.529473437
18.8643998654812,2.35493203598444,1185.19337531716,213.838221878294,1198.85974734667,80.3628451892503,302.196651857047,0.0170524626349055,1.77761995791835,10.2552136458656,11.3044589203102,6.17398653594851,2387.49370858896,117307.433287403
18.5257206262784,2.19136707974514,1191.4017879937,213.288462625979,1205.59976463526,80.8515608905206,303.388794294368,0.0173574960167683,1.81490554390292,9.87205567810381,11.3013221318112,6.16618430082399,2398.98159496831,116389.384723684
18.264044053097,2.04727276789205,1199.88869843025,212.870126046735,1214.73745780329,81.5061924080779,305.134338184633,0.0176437720313262,1.85632121252335,9.44362659589858,11.3289009098208,6.15619426425333,2414.92766958583,115293.576071546
18.0645919045161,1.92083552004851,1208.59783888742,212.339996073137,1224.1853332962,82.1852398253142,306.900724757511,0.0179469892259304,1.89914699881035,8.95775198670906,11.3680941196748,6.14537427078723,2431.27182748498,114419.539348122
17.9058623990985,1.80911801833151,1215.62642216539,211.510183172945,1231.95754115229,82.752651305505,308.172960675744,0.0183076106052104,1.9406551692184,8.4364786244723,11.3984634293522,6.1351726448705,2444.21795049754,113821.136659328
17.7530054869676,1.70866949137446,1219.61059276604,210.148027869787,1236.69187511612,83.1110637494196,308.584539078035,0.0187758553302702,1.97746168836296,7.92425521515765,11.4037603447695,6.12692878531008,2451.02848669732,113667.282446868
17.5509706136178,1.61448638230665,1219.75246911426,207.928516937404,1237.70521567786,83.2042886248867,307.92671122343,0.019414148902138,2.0061649011624,7.4963405864717,11.3719736415577,6.1217802371717,2450.06688907361,113931.723566282
17.2979436626903,1.52580059078456,1217.36867574172,204.985906345763,1236.36087606058,83.1224437604445,306.541736828434,0.0202625840783881,2.02571016588417,7.16830874472606,11.3116612064917,6.11946564832593,2443.94111446861,114263.557480034
17.0311840750815,1.44386241606778,1214.11211571843,201.703413081218,1234.25334994579,82.9785253818017,304.864688820198,0.0213380828967345,2.03526516536847,6.90089662485066,11.2362774682343,6.11943341320408,2435.98391553471,114597.742311173
16.7456789271213,1.38504622150875,1210.31019732482,198.36107042445,1231.6532910178,82.795769660583,303.019238334263,0.0225840748029562,2.03208894121491,6.65292687986669,11.1489522223346,6.12196809983956,2426.99123239275,114988.075436041
16.3815258125179,1.37404685986842,1205.37490924611,195.217225532278,1227.93891451614,82.5364227306962,300.94419152393,0.0238671371826128,2.01074482137692,6.38176259564322,11.047139470914,6.12808982761482,2416.08296360274,115555.470256004
15.9212941812339,1.39662858254731,1198.79266974631,192.312847966118,1222.58159781968,82.1643060353221,298.553638618869,0.0251442949151123,1.96995996815547,6.08449499182768,10.9278360601223,6.13820963612578,2402.34233649094,116290.982127275
15.3967505991593,1.4374393822185,1190.45409853194,189.546782891173,1215.46432819244,81.667807406189,295.786237529831,0.0264334988299241,1.91457172920602,5.78726434408551,10.7888606374782,6.15173311808993,2385.45811789878,117168.725035365
14.8792773657579,1.46955948071061,1182.45735656554,186.950169429728,1208.59314396695,81.1846597751297,293.097669592792,0.027818776682033,1.85287318816586,5.48729887928359,10.6453738246226,6.16661406808249,2369.23949320495,117740.605456988
14.4829226517503,1.4561531238875,1178.64045364779,184.511255234987,1205.60628947379,80.9704450896231,291.333138152218,0.0294269601543104,1.79545504216967,5.14785248377999,10.5254997523378,6.17972241762115,2360.58509356694,117619.98990554
14.2193005003371,1.41467070987618,1179.32738525546,182.161300234984,1206.83506872272,81.0485554092452,290.543169162666,0.031275968891409,1.74413962263929,4.76800009955974,10.4323162932258,6.19057382707938,2360.03744006235,117226.731145429
14.0245880725974,1.36637955581241,1182.5673507888,179.908689261114,1210.49579837287,81.2917544104161,290.315915120698,0.033387304262789,1.69356052762745,4.37820129530293,10.3569141581466,6.20047728907141,2364.16413303764,116648.216410263
13.8510706986688,1.31733778051944,1187.75408091398,177.873875152654,1216.15016366038,81.6658926911358,290.557269150095,0.0357765600951139,1.63975110278566,4.02326619830326,10.2994284913966,6.2100342031603,2372.11684099724,115849.026692746
13.6547242157681,1.26982990210188,1193.99743042655,176.069393805435,1223.0450708518,82.118091853002,291.079225173857,0.038368182517045,1.57865469349978,3.77040770930036,10.2547851481916,6.22009317842477,2382.39565114118,115055.945672092
13.4217710145466,1.2269756020329,1199.41924308786,174.283256419458,1229.24423679407,82.5170680777435,291.4108562099,0.0409608927032763,1.50631944738643,3.63004535690319,10.206744681841,6.23208109957281,2391.28076607197,114531.109448961
13.1663453268212,1.19103886163461,1202.70039874464,172.31928855521,1233.27273303323,82.76397800613,291.20091945111,0.0432527207614736,1.42283606426188,3.56311033322727,10.1423905838001,6.24666528361469,2396.00191528718,114309.473014558
12.9113064805283,1.16180805732589,1203.67560658969,170.067463099417,1234.84560181375,82.8409030918429,290.384885386262,0.0450425156053248,1.33392475185114,3.51106412454571,10.0585173406887,6.26317131584601,2396.04003748951,114340.424747338
12.6951078462563,1.13549610947805,1203.7872221814,167.48684935704,1235.34123435896,82.8420079861481,289.288697439241,0.0464083063674891,1.24918024848094,3.39042106280004,9.96528948401904,6.27964206200385,2393.97330537747,114321.795798583
12.5334687992549,1.10842570670013,1204.86228029947,164.744817379727,1236.65056630696,82.8960532248735,288.356059779752,0.0475977729371763,1.1762342831791,3.18525023785248,9.87696288402987,6.29418927396999,2393.39003911116,114108.069334442
12.4141888663169,1.07936472447007,1207.67071501756,162.063916845509,1239.65236999871,83.0628826998735,287.794375519349,0.0488921314092173,1.11625621193772,2.94129048241746,9.79934557818897,6.30634001945932,2396.00777668984,113707.35528342
12.3208747098158,1.08911528415462,1210.16828878266,159.316428913479,1242.32990371706,83.2063799668819,287.206074197634,0.0500863905150849,1.05907886086725,2.74221996483392,9.71906292456599,6.3184250755181,2398.01231553951,113597.344215712
12.2382971559082,1.21025260409683,1208.19969352015,156.101666672946,1240.50110723267,83.0451270548926,285.820787131694,0.0503597474726284,0.985668770730063,2.71746083663294,9.61130180074158,6.33487351655614,2391.48847170028,114237.993358698
12.1603842587622,1.42678731702764,1201.33401648854,152.466347551029,1233.7189206617,82.5491147159986,283.617590414835,0.0496836655316287,0.891886066626941,2.8856234778237,9.47264476502678,6.35660740167558,2375.7042060738,115162.710315439
12.0853615378909,1.72116443888197,1191.70768820175,148.785630937715,1224.10150440047,81.860611529027,280.952092102615,0.0482686618432067,0.792652975486096,3.16141762750922,9.30973198146704,6.38088819729933,2354.80044197531,116246.064299467
12.0222397761917,2.23969804918634,1178.80603879949,148.939854033369,1210.6046439037,80.8736975775059,277.443295211892,0.0457192708819122,0.698384337251778,3.59207874790028,9.11014778501879,6.40682724091256,2330.03040343879,118092.044639135
12.0066436221023,3.37176426408247,1160.51235858643,155.961613296717,1190.78137089675,79.395500078337,272.584857663653,0.041867951877507,0.611708611180871,4.40592920717023,8.860918135074,6.43497758877519,2299.38815591756,120882.868076269
12.0519787211068,5.29754583713451,1138.23989116403,163.848360579573,1167.00905250693,77.6492496648141,267.004433189546,0.0378516158889296,0.552175405801451,5.59849365835455,8.58059649699019,6.46121954488131,2262.16355725421,123652.691426999
12.1374429002577,7.82469918222247,1115.05258046789,167.571427468904,1143.08939577693,75.9470841239354,261.487419120507,0.0338425157634013,0.54079733206126,6.95482190220527,8.29851423855366,6.48026708364871,2221.07735642132,126219.457954138
12.221646442973,10.5567819736263,1091.87994845184,169.212497939214,1119.63646500199,74.3170676331156,256.191118393711,0.0296191677067537,0.576807050706876,8.2631324021331,8.02930813775746,6.49140746776859,2179.06180424036,128887.357398774
12.2468529541217,13.1243688837483,1068.51948057851,172.546639176043,1095.89106032162,72.6757689385558,251.019776992957,0.025614613265982,0.647010032571149,9.30121076010317,7.77020968231015,6.49705951846661,2137.97484761582,131769.879519618
12.2127712979444,15.4279937043811,1046.1596993409,178.411114889214,1072.93301191419,71.0838044736391,246.300430124496,0.0225820493140595,0.72952752438282,10.0790483948704,7.52213733707057,6.50066672761363,2100.56283437597,134415.74217672
12.155275728916,17.5486519495883,1026.19055583175,185.661222145407,1052.34053814456,69.6493743375012,242.429068129005,0.0208128395748147,0.800495656076136,10.7514446201854,7.28672031678658,6.50569893539862,2068.77277576559,136714.003871598
12.1045931354521,19.2979712714043,1012.15148634905,193.368696564855,1037.83292834169,68.6301500039942,240.275887977115,0.0199664328774426,0.848211098588112,11.4104902721108,7.08597157139485,6.51261255308814,2048.68186558689,137766.268197859
12.0922521203704,20.2638198635594,1007.02360422677,200.834696078521,1032.43311897009,68.2411541552706,240.588997631324,0.0195794123984677,0.87554048515814,12.1171531876343,6.95283391501699,6.51915657898739,2045.37912795847,137167.901866886
12.1203277730461,20.5356972131118,1008.67276202766,208.02422372328,1033.94469174699,68.3318143316936,242.836117654507,0.0193595911902466,0.890644684759041,12.8393166860927,6.88272434137731,6.52429208630879,2054.7959073738,135879.754878951
12.1755358945689,20.4387667989233,1014.96147815443,215.28406265481,1040.2194824272,68.7482776196111,246.440125234525,0.0191284259832085,0.90111846327106,13.5004809145164,6.86043176139551,6.52760105519229,2073.16074396655,134096.552355973
12.2339359093071,20.0558050553745,1027.68561432636,222.573340015482,1053.21653044299,69.6183181879996,251.82994787371,0.0187535255512935,0.913271986823645,13.9879692216883,6.90011606019109,6.527342043777,2103.93366956915,131280.309955572
12.2549992652108,19.3716798146924,1048.75877386415,229.48599213978,1075.05341430508,71.0829949172083,259.519818598974,0.0181793814231425,0.930741658060911,14.172364964899,7.02078599889014,6.52195698454822,2150.59575907498,127538.643107579
12.2390786359932,18.4642873808066,1075.71430228223,235.99659955177,1103.16057513143,72.9700599567302,268.892323044943,0.0174496706454175,0.953990827982225,14.0985778618545,7.20874188318136,6.51202546454394,2208.42832129657,123858.835791628
12.2117630130914,17.436271565765,1105.51383042082,242.347519567151,1134.29850206873,75.063084836824,279.137408359689,0.0166203291104,0.983140109123563,13.8831061497254,7.44242501979056,6.49858818713268,2271.72359284738,120404.408573899
12.1747522177978,16.2654881699356,1136.1212558927,248.396428510394,1166.28706705369,77.2188149106303,289.694928222226,0.0157425170582281,1.01824253757304,13.5799207734317,7.71312868715071,6.48205406151826,2336.41117938706,117199.704448114
12.1047549620812,14.830608333047,1164.80584433046,253.531315758355,1196.23019634859,79.248029054447,299.806559265332,0.014889193630672,1.06083131840594,13.2047884569286,8.01227415728895,6.46259792720092,2396.7399386552,114323.12695234
11.9972005794029,13.1656463508391,1190.94349325166,257.668659851417,1223.48821145615,81.1075434671714,309.234808297135,0.0140992284985852,1.11181847897661,12.7691641726666,8.32913138531417,6.44057233851024,2451.41929609778,111834.553810971
11.8663691391229,11.4271838539952,1214.56445019147,260.963969565678,1248.15193790041,82.7997777822124,317.914074987221,0.0133986082896706,1.17069588414993,12.2878040721937,8.65440684416896,6.41646419327169,2500.63333528921,109720.544945317
11.7487464479657,9.81236762253617,1235.207146771,263.431599504692,1269.80178723676,84.293517346243,325.655028923788,0.0128068325741752,1.23596983063579,11.7796780765572,8.97651686349515,6.39101999924718,2543.52537101471,108075.335461353
11.7131430885098,8.54947068494446,1251.8240425189,264.891031760604,1287.41934903026,85.5180271526063,332.143052442342,0.0123241954839511,1.30392436302027,11.2669075184981,9.28142947963129,6.36546664831108,2578.00088117381,106971.438642599
11.7733901841144,7.64864502931059,1264.37086038083,265.306765065916,1300.96605112811,86.4698844754521,337.363171498791,0.0119438987536122,1.36929249210107,10.7610218577861,9.5643477348577,6.34086630528925,2603.95317621657,106232.759015332
11.8883008210996,6.97618740004931,1273.48282461443,264.808998964834,1311.05387674999,87.1902074460092,341.471618307431,0.0116721111464424,1.42853738228679,10.2647220525136,9.82520739989435,6.31781317624283,2622.64066235427,105792.847778902
12.0327479959906,6.45157220115435,1278.54715853172,263.450606631575,1317.00963894056,87.6332108605877,344.273658085996,0.0115246023916677,1.47886894368288,9.79740872283853,10.0529999134827,6.29733136680758,2632.87669628114,105829.034335579
12.2123088174537,6.03923497765358,1278.10489956229,261.247251095453,1317.30535621913,87.6951002008011,345.341539595003,0.011517730735773,1.51755483651701,9.40145175719385,10.2285906958154,6.28084833413223,2631.84705718345,106442.000916287
12.431001829014,5.72056651115898,1272.91673864983,258.383988074005,1312.72179426726,87.4271148262236,344.870942636781,0.011649251277853,1.54349902741132,9.0896359625108,10.3506166426055,6.26868343697286,2621.13075118931,107294.802396441
12.680146897235,5.48776325694615,1264.92763820832,255.091333132574,1305.26403021338,86.96299552977,343.425580979285,0.0119054144653985,1.55580020717792,8.84402140734816,10.4305534012971,6.26048534355251,2604.63126947315,108281.806732225
12.9521473559008,5.2825549709039,1256.4091468594,251.611648691447,1297.25197288666,86.459044464957,341.674272082947,0.0122751677215096,1.5563125371089,8.62887271308617,10.484956420338,6.25524047811031,2586.87399668409,109103.646550975
13.2466355810724,4.9990593894216,1250.13890106172,248.231178566409,1291.49796780653,86.1063122492822,340.387412098255,0.0127503762891745,1.55197431823453,8.38757041847893,10.5360774110144,6.25085622095702,2573.33432228246,109478.823064215
13.5633588653974,4.65505300805825,1246.5133615038,245.045001512217,1288.39841878304,85.9318359798841,339.670288665974,0.0133106607619147,1.5483637789557,8.10969378742837,10.5886329428658,6.24627663782223,2564.82682100382,109671.952984673
13.8971876523759,4.32063764331692,1244.48062351873,242.033185323236,1286.90358910465,85.8638516044118,339.270202045166,0.0139318313513198,1.54634484650727,7.82521533961492,10.6388858712944,6.24159331954994,2559.38201142416,109730.183985382
14.2183775282351,4.05598416219101,1242.96765232422,239.173868915744,1285.98013978775,85.8322215605686,338.951611839382,0.0145917984078985,1.5442131162043,7.58378485566423,10.6853981933696,6.23716655595603,2555.03978461408,109764.118194082
14.4628420133126,3.91897850737952,1240.97758020518,236.486680846779,1284.72272959932,85.7761924665505,338.528594664331,0.0152548829713482,1.53715049737042,7.46463443666111,10.726750632867,6.23382371435016,2550.08232103035,109873.299187291
14.6143504576067,3.87385772452194,1238.79311916313,234.032459573127,1283.44706105177,85.7170154755493,338.11843498941,0.015900922390464,1.52225011628258,7.47813300402684,10.768817466569,6.23172820691724,2545.14226721891,109909.498004318
14.707917807317,3.86217341423469,1237.26762147135,231.836924137032,1282.95766536212,85.7085925719597,337.907883586077,0.0164934203013815,1.50190967622999,7.56944667119383,10.8178468942959,6.2301822361162,2541.76695926195,109847.371981122
14.7926183098861,3.95191332840715,1235.75988560494,229.757311018354,1282.52850238802,85.7001218821189,337.704262334955,0.0169123958395365,1.47603640519197,7.73490406982254,10.8696751031451,6.22940366297199,2538.5504183262,109917.613014122
14.9306662852645,4.3213419565723,1232.75676140987,227.577087697647,1280.5723491794,85.5802526811534,337.176817324929,0.0170012688030114,1.43839146742008,8.04590037434473,10.9181339737185,6.23071844818585,2532.46116257653,110259.203397434
15.1306965433631,4.95439540459353,1228.62318589605,225.348078360806,1277.46903630198,85.3748529961602,336.487395609895,0.0167661523871582,1.38969493711194,8.51033736433094,10.9694176843754,6.23377242171398,2524.27556947294,110588.098588092
15.3561467501925,5.74810848364481,1224.55890420867,223.243754786869,1274.4640704947,85.1727214158844,335.897424578166,0.0162765832740456,1.34167182039167,9.06387028936652,11.0277237964196,6.23654659798258,2516.38677100432,110857.033177241
15.5957935993212,6.5544961047483,1219.85609857308,221.225011925987,1270.74920914829,84.92573013334,335.131106226498,0.015618736744163,1.30341938368371,9.63058475431732,11.0796349383267,6.23831222478649,2507.29526855699,111335.037233173
15.8721551322152,7.12192032659574,1212.59231924123,219.127769980076,1264.15227069093,84.4954088636409,333.578852796782,0.0149147175425908,1.28082455311874,10.1095556235136,11.0991759422421,6.23950355243165,2492.98213926506,112227.539046578
16.1881955607457,7.40203829783303,1202.98001347019,216.986420320408,1254.85946656327,83.8957498703074,331.283259277089,0.0142469465218736,1.2754189182248,10.4711624260275,11.0829318195151,6.24006890003624,2473.83915162708,113217.714612022
16.5244533869542,7.52550082922231,1192.39731000964,214.928089514107,1244.41125105331,83.2258374920288,328.695718079726,0.0136819854969596,1.28090537537341,10.7652803322199,11.0451850636864,6.24022536267096,2452.74789981244,114224.321922531
16.8596584520423,7.59179028209302,1183.67118892701,213.217108677061,1235.83559009715,82.6843581569641,326.650156082062,0.0132520114845404,1.29143775135019,10.9825893127114,11.0134750901931,6.23940733764537,2435.44359843784,114752.423607334
17.1772006003267,7.67510264122719,1180.08084165806,212.123448261617,1232.58046247241,82.4987609589625,326.072088919289,0.0129366381351724,1.30353331412832,11.0345981334274,11.0214452812537,6.23633762193441,2428.46538841932,114573.651691134
17.4801702810365,7.8034155127193,1180.1831108874,211.429341397389,1233.13031211571,82.5664362221065,326.566060765107,0.0127219447306095,1.31383041518892,10.9157424550697,11.0611455948696,6.23189403224098,2428.86754711936,114348.01488935
17.777242376256,7.9523160640478,1180.87097469596,210.777466726978,1234.22721464726,82.670260736308,327.254058381349,0.0125996820735133,1.32216304780762,10.6842597698415,11.1063771054201,6.22747034231761,2430.38404278441,114189.599507753
18.0671072555161,8.09480297164102,1179.48295338438,209.893531165662,1233.16257697708,82.624666399299,327.370638813057,0.0125634590630038,1.32778655683855,10.3637467760669,11.1305283600193,6.22457315476489,2427.73764491362,114493.945548065
18.3361707010213,8.18714199194072,1173.79185114373,208.560069394295,1227.80500987126,82.2758705810576,326.274326057879,0.0126226598620814,1.32918632887579,9.93260064904545,11.1078159928337,6.22478926235184,2416.64397021546,115380.206163126
18.5768821620343,8.18943885397059,1165.55823702295,206.957948161566,1220.04069127857,81.7493315618804,324.441789233883,0.0127738840826763,1.32710343489808,9.3857338797805,11.0508093064741,6.2273568583826,2400.6633894949,116223.178990603
18.7962017970326,8.10774104658856,1157.5544738732,205.373430290805,1212.64595697011,81.2386378766655,322.646040524281,0.0130205761715568,1.32144930582498,8.75570740547472,10.9851151757166,6.23093890158109,2385.2385308246,116920.950190063
18.9687725608316,7.92804298648617,1152.14964943485,204.078838999411,1207.98200044205,80.9124975040094,321.566762992344,0.0133778303950778,1.31330657596514,8.11544524788959,10.9337621647149,6.23416777854248,2375.04547890294,117114.79100801
19.0243272671375,7.61966060193832,1151.19214134308,203.324888471754,1207.88487715868,80.907341964258,321.745305402109,0.0138573350960063,1.30471175053857,7.58394911768929,10.9156574018584,6.23573658698838,2373.7668626228,116739.139033572
18.9550298635731,7.23787656058448,1152.8031845686,202.9053774776,1210.3823343379,81.0896861727506,322.645686866459,0.0144849786149252,1.29504843081591,7.18492550277773,10.9155441072361,6.23653032827394,2377.61403704159,116386.529249189
18.8044342132355,6.85485992213829,1154.25722825282,202.470312790735,1212.68302171064,81.2617663572137,323.476966685393,0.0152743920387721,1.28282825982056,6.86209285750409,10.9098309805772,6.23802655713511,2381.10358613047,116150.702362622
18.6236099930919,6.45751883648064,1156.16307002363,202.021804110247,1215.37734705967,81.4587168784297,324.366647878254,0.0162001868240389,1.26810315221257,6.5679272648372,10.9039267854894,6.23992365241393,2385.33534775181,115718.927848921
18.482024451173,5.99013246006903,1161.03449115684,201.762951997008,1220.90210815647,81.8449074501041,325.945493544103,0.0172284046294782,1.25294663199265,6.26700556723679,10.9211590397211,6.24063619381295,2395.07643167252,114826.456565791
18.3961113817352,5.47929103355569,1169.04528662916,201.725673225623,1229.43236142889,82.4316988650644,328.234550669277,0.0183444568326862,1.23851392430745,5.9646759395168,10.96504113454,6.23975861449396,2410.66216904832,113785.653782448
18.3363203609493,4.98377532166654,1178.86158289853,201.820775250968,1239.7299028781,83.1342755680415,330.888580361817,0.0195487690551228,1.22447869738073,5.68848242544779,11.0259620462342,6.23783881266892,2429.62225708788,112672.998357014
18.2847064043219,4.52923281906941,1190.7918300476,202.065083219903,1252.34893934271,83.9865437924016,334.043164866843,0.0208342249543729,1.21054362490202,5.44272836155644,11.1102802174815,6.234583635336,2452.81333931339,111257.645063753
18.2394236404552,4.13255533445827,1206.15024159451,202.519378601228,1268.98030711317,85.0955986535292,338.131424007042,0.0221693824977682,1.19550560857069,5.21024020434961,11.2354666155145,6.22923598895653,2483.15110114046,109417.747285382
18.205267903461,3.7912253283864,1224.3622288538,203.114391086727,1289.02870265014,86.4197785443492,342.991562773075,0.0235281261918671,1.17671879970909,4.98925102760196,11.3990872500728,6.22231095515067,2519.47979488311,107514.10498585
18.1868975008907,3.49317263355308,1243.98879999746,203.746864319633,1310.76210927057,87.8459816594477,348.161136846721,0.024876458983638,1.15317926627345,4.7902742644395,11.5865515207707,6.2147334924569,2558.69789024027,105637.641450456
18.1879815895495,3.21612157032778,1263.86885606517,204.326513279588,1332.81281716345,89.2857437019912,353.264409189682,0.0261848990276469,1.12538034038868,4.61953759903391,11.7848652496768,6.20711282043705,2598.32557781415,103914.082770988
18.2119437365054,2.93292462973918,1282.57947924818,204.71188101076,1353.63154195451,90.6384503030336,357.861841648989,0.0274494379148894,1.09535515514597,4.47916827351089,11.9771441601557,6.20002103801902,2635.43495916877,102485.61204473
18.257513529284,2.65884350430004,1299.62254542892,204.839599741282,1372.69842996005,91.8697041750097,361.789897871817,0.0286211990584276,1.06550205702732,4.36375590691002,12.1552899939805,6.19351582380324,2669.00593520882,101250.230967748
18.3201110630615,2.41485198414776,1315.32774314032,204.734244247789,1390.38125840023,93.0021183163929,365.158485452016,0.0296417794420578,1.03599733624374,4.26516172271823,12.321725112859,6.1874658039578,2699.7228519939,100168.77676375
18.3786641002489,2.19447192473888,1330.48096497918,204.445345932508,1407.50288011604,94.0903585255893,368.208183773171,0.0305175107858046,1.00774930932373,4.16789041597252,12.4832620175074,6.18140537722208,2729.14963243072,99112.0415017071
18.3815102346792,1.98101947663064,1345.9011425561,203.977093664573,1424.87479396003,95.190689717792,371.156291734901,0.0313231765284709,0.98339104764694,4.04447639901903,12.6458072263665,6.17462698637062,2758.81830362304,98042.8699528977
18.3051604578452,1.78166732450571,1360.75609639842,203.228534769613,1441.58842425414,96.2431050770838,373.766738737922,0.0321225660613801,0.963953219098324,3.88796281018354,12.8001483185814,6.16747865408038,2787.01205748122,97185.3064253994
18.1667491352983,1.60293194669405,1373.5349561346,202.10769129605,1456.06356854674,97.1414466377187,375.654149512561,0.0329721325053908,0.948281273490373,3.71327802859302,12.9312646405399,6.16099815018424,2810.77349371945,96587.8482732685
17.997382539354,1.46201383873823,1382.36367683529,200.419834557282,1466.30616352105,97.7522487328676,376.360248956023,0.0338604351057225,0.932553630600229,3.53345584116922,13.020656762137,6.15685088040499,2826.35338803794,96463.6269556121
17.8431897779161,1.38263450355175,1384.91183789173,197.76122899864,1469.77500480332,97.906634174622,375.350982226303,0.0346971298517301,0.909717740420931,3.34890878393889,13.0462327996247,6.15745850805889,2828.9316434972,96968.9353230514
17.7261366888026,1.34309108927254,1381.76073785435,194.113316605548,1467.05065488214,97.6454144626694,372.86838844312,0.0355236213064073,0.877330696919782,3.15396312679129,13.0105998168248,6.16317995949906,2819.63724392684,97716.1164939673
17.6314421294957,1.32197165522113,1375.28831486679,189.839267066746,1460.67943222666,97.139910482369,369.554363117693,0.0364015436513124,0.838208698884464,2.95004697990736,12.9309108591779,6.17264212637532,2803.3672239424,98565.8095256629
17.5208700063776,1.29445102825872,1367.50226580059,185.298815520296,1452.86310119693,96.5373531734899,365.913344319319,0.0374403966744527,0.796439687833871,2.7453502535314,12.8203365046117,6.18443263517446,2784.32265692679,99372.1370448217
17.3350311190212,1.22737195555659,1360.6665787265,180.835371307882,1446.14901080291,96.0072721693594,362.48681348662,0.038802159896405,0.757793907712958,2.54980646045742,12.6935185655639,6.19673872929883,2767.23920847742,99918.8647269571
17.0601231807897,1.13900089603266,1355.70331072058,176.583491028073,1441.56619564302,95.6175647085163,359.473062283981,0.0404138756027932,0.72364392595397,2.36839831553401,12.5595873493894,6.20873667830145,2754.01956543805,100273.004654533
16.7346842224752,1.05402960191308,1352.1845169067,172.484699997873,1438.58466244044,95.3325945547009,356.783979757949,0.0421384403940021,0.69042915930405,2.20020937550055,12.4223582346293,6.2207866129518,2743.734865341,100460.0931396
16.4097341656547,0.982710893630631,1350.72702669131,168.622747378454,1437.78078103902,95.1904353630224,354.615868444967,0.0438494377316584,0.655881819904387,2.04256894928905,12.2931808208887,6.23267869857232,2737.58356331327,100332.564646537
16.1398336759176,0.930950893534992,1352.76563716008,165.23907437313,1440.61950272119,95.2877943355205,353.359286917609,0.0453911139601412,0.618894468363511,1.895799133901,12.1886127511934,6.24371915437802,2738.46837110011,99822.2705649491
15.936560308995,0.895712519279623,1357.89828513902,162.312124682791,1446.65836770859,95.594714155787,352.90872597911,0.0467160718792644,0.579329898493624,1.76208938779411,12.108646589858,6.25395874728843,2745.58130900796,99174.3952595621
15.7745073256961,0.870093537555086,1364.88183362914,159.64512500626,1454.60529671756,96.0252760085655,352.926518130377,0.0478633861655148,0.538937088739881,1.64126213920976,12.0435469064119,6.26367482795226,2756.39455081634,98457.3188220779
15.6316415159913,0.847303291241347,1373.22474234848,157.15561980843,1463.9740310028,96.5469699185013,353.265134530962,0.0488404577019643,0.499923248787087,1.54141835362348,11.9896483751865,6.27272081395859,2769.92025166768,97670.1915845782
15.494235623157,0.822273102204153,1382.84285247684,154.884964255441,1474.70156497003,97.1550800050497,353.880928730493,0.0495401516710177,0.464042776490026,1.48812436545626,11.9471320754652,6.2807901044023,2786.03887004707,96828.6225601201
15.3595340258565,0.79553087642583,1393.50411881596,152.834723804898,1486.5469190021,97.8335999105502,354.701980095241,0.049860345017427,0.432157246498138,1.48923226134203,11.9155812085142,6.28774504385014,2804.30213060326,95977.9852160375
15.2326944666077,0.766372300006825,1400.90983152198,150.531873405909,1494.90747899079,98.2805375711948,354.656424726924,0.0500357896522975,0.405623126413413,1.52740542650683,11.8926316782053,6.29349970771161,2816.05606836398,95143.3943378434
15.1205802070545,0.735434588460698,1404.5996945189,147.902870346468,1499.28888615593,98.4644795580272,353.62402745773,0.050207286291931,0.386217779725833,1.58183974721737,11.8753335060001,6.2979090838613,2820.35306244292,94358.2645196301
15.0345792801028,0.707260380524159,1407.8683972066,145.209700739865,1503.22194861426,98.6185805556668,352.430960096166,0.0503088369208156,0.373172440841528,1.63415904605076,11.8666872360156,6.30087697525408,2823.75762784254,93569.4312378413
14.9832215438838,0.679704765608692,1412.35747527826,142.571458885747,1508.47299383172,98.8595504907336,351.488898238645,0.0503952202896219,0.366133441391278,1.67373701793212,11.8750210145283,6.30196918382982,2829.53882661271,92677.5745530724
14.9662525500717,0.650661307708281,1418.64880019848,140.067132114217,1515.67095058679,99.228599967735,350.926329228473,0.0505175419384249,0.364936615704102,1.69924217749859,11.9073186850346,6.30078577016957,2838.87491932457,91672.4260244505
14.9866283762403,0.632207302355256,1424.50408804046,137.564740117857,1522.42313572072,99.5682525659393,350.202107828719,0.0505407429257775,0.367452224408234,1.7262076643511,11.9494805251308,6.29843042987435,2847.35903732483,90936.6753635478
15.0662897643866,0.64844055580123,1424.84041490581,134.736456025918,1523.30336181752,99.5223797198613,348.164755311063,0.0501341969506398,0.369165615298479,1.79275961241722,11.9595920093074,6.2980223002618,2845.01704905947,90985.4058884577
15.2197238306716,0.694011371099912,1418.59607816453,131.559964884629,1517.19380733534,99.018473676777,344.654205027341,0.0493641838229893,0.368322556857743,1.91427989338336,11.9188853588171,6.30099567837647,2829.86428432112,91446.4809582165
15.433731390155,0.758143026644252,1408.79806042399,128.282006596461,1507.33648108698,98.2700464631382,340.406224845303,0.0484064217273608,0.366191707889676,2.07177986265906,11.8399681068694,6.30642492201175,2807.92007909507,92123.169459908
15.6602043752163,0.896813548636565,1398.06886997369,125.185842231468,1496.48020493542,97.458022773973,336.118387203549,0.0465172928214152,0.359567611785997,2.34075953890222,11.7392658667705,6.31395107734012,2784.42975176625,92972.7479492261
15.8051123014804,1.29536547886884,1387.92439072814,122.638421015671,1486.0928978047,96.679692861586,332.461869698416,0.0423961553172134,0.337132969838523,3.00962019088217,11.6394238727909,6.32455064041427,2762.62251315994,93865.0148130541
15.829169428877,2.10682295158322,1380.82790154459,120.945349533566,1478.74332046305,96.1037871762892,330.138993946232,0.0374438128396401,0.302152080236568,4.2226912200494,11.5529491534606,6.33736064019223,2747.47005316757,94670.7591892647
15.7805015684769,4.28457787626036,1376.69441952731,119.946390272084,1474.40228708323,95.7271662176852,328.250482685369,0.0112471145993996,0.231328073022834,5.83032842940929,11.490918006855,6.35259328706672,2738.21975969978,95353.9806447027
15.8085173735782,11.4703824535996,1420.0296308648,122.510981418676,1520.81741875311,98.6790302565462,334.919656773046,2.76957509102387e-08,0.0578560369692708,7.28440432315279,11.6479481570253,6.36135216722265,2821.25151250677,105721.9483627
15.9526651316564,19.827184846679,1393.96579958263,122.186633072679,1492.36410813145,96.7888394660334,325.844684000684,6.3644764047981e-09,0.00205108206827538,9.0631227365733,11.3467887916983,6.38052560928834,2768.59311222264,107990.225186606
16.3004185927232,26.5288685978605,1378.65309835591,125.260747855879,1474.93170512155,95.6209158235973,321.621381638598,2.56961006892818e-10,0.000995851797225571,11.0150711548454,10.8045554925899,6.41157212249613,2740.06974317487,110570.014658179
16.7908990722145,32.3096557989116,1356.88005659143,129.515766173309,1450.21083094543,93.9799111202837,316.997490295228,1.56095558458482e-12,0.000908162401789225,12.9548201664567,10.2274313311025,6.44591969213085,2700.33359768942,113115.54182431
17.3278345794787,37.5298148798108,1344.88573515476,134.98502768766,1435.85298720373,93.0085663712479,314.705453808544,1.30336648156076e-15,0.000710538693867108,14.7329736676788,9.71322213288645,6.47616318925646,2680.21077150119,114748.465655534
17.8325346648768,41.932554623683,1347.73630986876,140.843712077329,1437.51670265532,93.0727814798077,315.597659952498,-5.76115768848571e-15,0.000473052027444565,16.1787078306232,9.31409744965247,6.49930915260094,2688.83711846669,114859.396897352
18.2988681073218,45.5638749533103,1358.73705755422,146.64479730108,1448.02002013293,93.7058957816245,318.066661004272,-1.81553911557669e-15,0.000253481327175667,17.3304241728561,9.00407255088294,6.51719580011671,2712.98031297682,114553.647497006
18.7563395062202,48.71045083363,1366.76094117085,152.246738289665,1455.32123794855,94.1278288739056,319.570739708502,-7.9612517910608e-16,0.000101601357291765,18.3191027660802,8.73662299541816,6.53270772677433,2731.07801468839,114114.712466709
19.1912257266295,51.5329898156912,1372.38411861783,157.728494623711,1460.03240984104,94.3809395097077,320.373701071304,-6.83702432231022e-16,2.80615701169547e-05,19.1635967295471,8.50131716304922,6.54660091780114,2744.37133722209,113347.428570234
19.5459448931735,54.1759539694824,1379.20831242062,162.811792152508,1466.10882207682,94.7251799246555,321.453105026947,-7.41943571390701e-16,5.90301042710261e-06,19.8139828863478,8.3055847214993,6.55853092105249,2759.74855299572,112125.52284009
19.8097491962858,56.7442341945337,1387.3442404004,167.339277711901,1473.69845587807,95.1703712055705,322.905970527298,-7.54198049437519e-16,1.1037669984302e-06,20.2817937019151,8.14412046968137,6.56876422384892,2777.37552551139,110783.662515421
20.0170110911891,59.2687463618882,1395.32541461596,171.413300345399,1481.19097196145,95.6101987587916,324.384298034118,-7.08176452105832e-16,1.98782115114266e-07,20.6240245749143,8.00402155059653,6.57796191717884,2794.46907166402,109434.759286683
20.1946055805433,61.7407375910248,1401.61849287326,175.012584017435,1486.93553717999,95.9364669278236,325.50325332427,-6.38508323890986e-16,3.55221216208506e-08,20.8914232181164,7.87115610029893,6.58685336600643,2808.04279000908,108320.315729577
20.3519252787784,64.0973740902572,1404.60996152993,177.86201922393,1489.25603541223,96.0404237654433,325.874434499099,-5.69773205354803e-16,6.35321856438181e-09,21.119477474765,7.73005553845014,6.59623245111199,2814.83434480385,107627.712339759
20.4874527148332,66.3049685032542,1405.39623888247,179.910294486289,1489.35591928009,96.0007438749562,325.754453536563,-5.10930130954223e-16,1.13417420489707e-09,21.3110233324567,7.57923352232039,6.60615338146971,2816.94010527464,107079.272162776
20.6020659487907,68.4042339179309,1406.01389408407,181.390114989563,1489.38841946811,95.957324220117,325.615659385721,-4.62195009822914e-16,2.0148332914335e-10,21.4628637542536,7.42482021186543,6.6162785559897,2818.41753698468,106600.725773222
20.7136144007249,70.4110068970909,1406.3667390082,182.493862935351,1489.21577484915,95.9010061941535,325.428490781945,-4.20713659537932e-16,3.56485548030906e-11,21.5809473739374,7.26567362125893,6.62665273507339,2819.18827836246,106313.791474711
20.8588146095701,72.2553477274464,1405.14724463551,183.309546713194,1487.42297205352,95.7401009693507,324.884056523846,-3.83838313475499e-16,6.28444817167567e-12,21.660186158915,7.09552830094498,6.63758117409157,2816.79089138581,106328.620987226
21.0490414504733,73.8896269615355,1402.28707982516,183.85711411351,1483.93944274833,95.4702876709703,323.969273601157,-3.50349704238771e-16,1.10212324075395e-12,21.6929950260374,6.91447706158914,6.64903827832203,2811.11358277916,106492.072653958
21.2655924134688,75.3209744848357,1398.67217221506,184.164306954264,1479.71766421906,95.1530254729148,322.893419586897,-3.19842547327888e-16,1.91047890193273e-13,21.684064734459,6.72535860936486,6.66086076960672,2803.8833546337,106818.240739584
21.4806730127835,76.6241333908173,1395.72691051377,184.257422478405,1476.26255094087,94.8854186030612,321.986153500225,-2.92386031674478e-16,3.27127340792774e-14,21.6380429671882,6.53624362679936,6.67262799225976,2797.83358559734,107013.383286677
21.6690749365323,78.0107472070607,1397.42331049121,184.395587682499,1477.73547990956,94.9357476979391,322.157781039609,-2.6845271195782e-16,5.49347881228884e-15,21.567603330968,6.36445617927927,6.68347210548317,2800.686399429,106662.554350422
21.8344348373144,79.5837829626111,1402.40381355413,184.498465624768,1482.66244477064,95.2083347258866,323.083517977645,-2.47834437887523e-16,9.27243971230305e-16,21.494653223935,6.21368729554482,6.69322262942136,2809.75012053967,106114.764795294
21.9939986574526,81.2660352443134,1407.01518591333,184.340539441278,1487.18581428242,95.4543139694977,323.918805836837,-2.29818835077467e-16,1.58785739144548e-16,21.4281568266893,6.07558616754741,6.70229917643419,2817.89836217915,105547.329812356
22.1482614722387,83.0324714550897,1411.35005965895,183.942883356413,1491.43414876183,95.6832405810515,324.696075851091,-2.14065786468254e-16,2.75639313403167e-17,21.3641816614585,5.9495143491281,6.71073659875114,2825.36073272648,104797.099844624
22.2842635660542,84.9733746333406,1417.39754197749,183.448031026979,1497.54012960767,96.0346853785029,325.888985368863,-2.00584487074029e-16,4.85376816947637e-18,21.2999360923072,5.84298017660117,6.71817849668617,2836.07345159449,103677.291402528
22.4001455639871,87.1072409438618,1424.71173520899,182.84068882737,1505.02868551353,96.4782291301991,327.394344012032,-1.89112705612671e-16,8.71681021470556e-19,21.2381592751152,5.75516002299253,6.72467937427754,2849.17196774702,102494.566547293
22.6708264153363,83.8609057578566,1388.63871209237,179.227526560429,1466.61368338554,93.9626420400333,322.452574449673,0.00165214282584097,0.0161483261567102,21.3044321204718,5.62072535051096,6.73975103507233,2779.45453313412,92134.9366099506
22.8148341527414,63.7663023235963,1394.99861486544,178.489113417248,1473.76806659893,94.4340939143193,339.909367319702,0.00186367487192437,0.0592175691139166,21.3206001374762,6.01230721507434,6.74888102259493,2801.02974286973,91130.4159125576
22.9190158878141,39.675920097106,1407.29197631978,177.737952254164,1487.72727920095,95.3744050215098,362.455507280855,0.00449289232954408,0.141281935593222,21.1796900208917,6.67986239014266,6.73964167091446,2836.66947063547,90333.5586217983
23.0170582457195,25.2125508441757,1417.19510654911,176.533966956138,1499.53467007431,96.2069753143177,377.595067304377,0.00476350977589864,0.300389683051369,20.6020390647026,7.48324568751931,6.68768341699062,2863.6895962685,89637.2012926054
23.116925405392,16.7214952398117,1423.70292681075,174.934333209607,1507.84770638608,96.8281355303701,387.610973022897,0.00491208812150165,0.486943088032939,19.9173064489903,8.25732024114975,6.62135624359866,2881.44340876053,88997.4900190946
23.21554330501,11.7061415732751,1426.79053161232,173.098102182925,1512.50678206628,97.2184697901305,393.717452274755,0.00504310646830801,0.702027145676159,19.2589954667161,8.92340073034535,6.55184733255038,2890.59878114224,88619.6681546103
23.2970055799601,9.01752981640912,1425.14374651565,171.173087970004,1512.04295158911,97.2773137252001,396.315552363148,0.00517149418276811,0.940150622269439,18.6625259997591,9.47149129487548,6.48280289546738,2889.10337763491,88760.753825915
23.3452117850022,7.84437587453481,1419.66253024596,169.335360533761,1507.38771293853,97.0627961695434,396.357874379314,0.00527226396420749,1.18085902314923,18.1403369466767,9.93295453409336,6.41654468666095,2879.22997865234,89117.3792276812
23.3599616350622,7.44960956474225,1413.07780271528,167.7111035963,1501.47025515691,96.7647000380081,395.274474970469,0.00534337219728477,1.39958947850322,17.6918190421987,10.3558106268607,6.35482393805074,2866.7976511423,89531.7882338558
23.3518414925644,7.35284255275295,1406.42853090416,166.329876372151,1495.42753966301,96.4556448227144,393.803783011856,0.00540652148843283,1.58241047627301,17.3085702794827,10.7612687425207,6.29889660841892,2854.14371983337,90129.1415946677
23.3284064247115,7.27317466762136,1398.56477587024,165.141417407766,1488.05038000258,96.0540945160543,391.760185775587,0.00548749727833977,1.72642223757724,16.9696024883819,11.1365634985216,6.24997965869485,2839.09031337634,91099.6053372661
23.2896974867536,7.08713743449953,1388.94978914456,164.09750842813,1478.77221931946,95.5214165169142,388.961382632495,0.00559882010434599,1.83652521465203,16.6582698389671,11.468472322487,6.20825965680577,2820.54248691753,92229.4421821631
23.2347180155087,6.79236247550824,1378.60838404274,163.238494515492,1468.6844202079,94.9289270691189,385.694131504596,0.00573799130114876,1.91883524327356,16.3784013697271,11.759216254256,6.17299773769009,2800.52176294338,93408.6583737586
23.1769775241096,6.39714968579906,1369.54383624117,162.733612496096,1459.91005895144,94.4158163065216,382.57753753211,0.00589791688081515,1.97862113234125,16.1411816442629,12.0179927775223,6.14313172348285,2783.07306008787,94521.3373478418
23.1577234833714,5.86486584346369,1363.27111964415,162.752333560419,1454.03194653099,94.0865037632995,380.01654848888,0.00607856275302908,2.02359272400052,15.9518816733936,12.2559587644812,6.11701968904565,2771.22714213674,95456.0757642259
23.1982901466158,5.23641768284964,1358.74493611269,163.224511307277,1449.91373566507,93.8680585610751,377.677496170701,0.00628491975699493,2.06339049062521,15.8064724067292,12.4730733964234,6.09319783267207,2762.85462494107,96318.7882711331
23.2814544796904,4.60051198303398,1354.36714577108,163.969381615346,1445.8631976565,93.6507987536428,375.1341525373,0.00651591458555931,2.10491505699013,15.6920542286446,12.6640033983299,6.07085558779077,2754.73755132923,97130.6550498806
23.3867570939526,3.99661134826598,1350.68110006387,164.88914855974,1442.50449252258,93.4773735810833,372.544856633233,0.00676262534412349,2.15278184629186,15.5946195058568,12.8357113320429,6.04889020693981,2747.90762083463,97746.9700150644
23.5078524723959,3.43526992436501,1349.30448488703,165.890741556027,1441.626912469,93.4689995414637,370.40559629184,0.00701477082532575,2.21119730007163,15.5119744301345,13.0066454567717,6.02563149487668,2745.53219860838,98035.0195656544
23.6452733324883,2.93790766704668,1350.05489207048,166.878804209812,1443.05523706548,93.6161885414721,368.702202699929,0.007266998131972,2.28217598656165,15.4417187433892,13.1847275165047,6.00023872831876,2747.22761806518,98154.7068748245
23.7982383653679,2.51572464593011,1351.26746921564,167.774965671895,1444.98799477276,93.7997780039463,366.966883539008,0.00751899490648012,2.36594337791781,15.3705001515041,13.367254984778,5.97272091987141,2749.67041904431,98164.9045279076
23.9690728326936,2.1591221578672,1352.41143559532,168.624325841209,1446.85668279425,93.9806837594721,365.080384721343,0.00776856841242065,2.46209634166874,15.2690968474974,13.5517384193079,5.94320488601186,2751.87572850673,98113.0896173216
24.1678076237271,1.85273461176576,1353.30382764326,169.51192033613,1448.50261537048,94.1470647076073,363.029649880418,0.00801770424994459,2.56994058572655,15.0867880833263,13.7354544184713,5.91188888872102,2753.60812035917,98043.5042482836
24.3972238455574,1.59460747318237,1354.07009571156,170.466685716989,1450.07865027731,94.3086859302799,360.847162189371,0.0082635301993027,2.68830013746593,14.8051606682854,13.9191502588921,5.87887287665362,2755.14978978327,97931.0521484733
24.6495407978319,1.39070597410444,1354.96372411192,171.454491977586,1451.83786762119,94.4826503831789,358.586985183629,0.00849553555646843,2.81351926632439,14.450390139896,14.1074886883473,5.84440077934208,2756.94182336596,97782.0817147546
24.9004801807623,1.23856258905099,1357.7118551538,172.440887074729,1455.63778893778,94.7908608665604,356.661851310551,0.00869960077321408,2.94395065460164,14.0336926358363,14.3235986233604,5.80732672806152,2762.28968178452,97269.7994619967
25.1050789630936,1.11259807692512,1365.14948019489,173.375582932698,1464.55372397653,95.4346442168736,355.769944958291,0.00888359960035116,3.0834715112145,13.5391674966621,14.6083152634725,5.76471250676988,2776.66096548322,96129.3474267711
25.2522312328204,1.00307389723289,1375.90482811108,174.129808170741,1477.099089097,96.3170831678447,355.580362478793,0.00906951311133412,3.23613580873135,12.9760850821247,14.9591603300935,5.71620848284779,2797.30106364388,94884.8395894846
25.365611579535,0.911210634085833,1386.42109199476,174.59139515435,1489.41755034419,97.1860491470078,355.223322763705,0.00927656498594737,3.40017104190925,12.3715026186116,15.3445341522095,5.66398611880466,2817.22467394213,93712.4140247694
25.4668255653053,0.836020571522064,1394.24105009538,174.715419036806,1498.85989751229,97.8677646822148,354.096078447561,0.00952159151702522,3.57003071088378,11.7539477182996,15.734246344236,5.61061388557617,2831.64323463614,92823.3087636132
25.5682611721716,0.771181344007967,1397.47133601889,174.471179634146,1503.4170840176,98.2295481102399,351.732353235404,0.00983632212939091,3.73707726694278,11.1628867337837,16.0942736925916,5.55928982590886,2836.89913848599,92404.4190805885
25.6692062806564,0.71061288102781,1397.14315880769,173.941330982135,1504.22505078932,98.3450515656588,348.399157449342,0.0102516829351562,3.89739492121783,10.6111985381164,16.4165221072983,5.51107304948719,2835.08083865251,92159.6215601083
25.7632106249696,0.654355751007016,1395.91892812521,173.281277211451,1504.14156706158,98.4008713491008,344.771721291917,0.0107940588939056,4.04989021361867,10.0867136820058,16.7171023517173,5.46524595539054,2831.45717303658,91966.0894251834
25.8476179360202,0.602081888706145,1396.06094513347,172.607990753976,1505.57355054732,98.5541125685646,341.42280614579,0.0115060797110969,4.19495437862381,9.56987020132614,17.0184759671802,5.42051869847521,2830.47258522046,91625.0099946982
25.9265935188519,0.554857474078026,1399.56348747703,171.995081773149,1510.63057715776,98.9426812757265,338.843004999549,0.0124419623604662,4.33628917852396,9.03185442081755,17.3492137140246,5.37475453788935,2836.00266542107,90951.4527095314
26.0062907425119,0.514860377434172,1405.62414729019,171.390754717019,1518.41992253865,99.5064872870203,336.835929701076,0.0136843555199314,4.47217018075061,8.47332275351464,17.7110702587411,5.32813596287741,2846.42811158203,90217.1458373551
26.0881111233241,0.481068447637983,1411.82476681493,170.681180249727,1526.33285334155,100.071980694601,334.820830589627,0.0153438653207915,4.59586354902736,7.92206422674197,18.0815753653319,5.28298197984772,2856.98799782797,89536.3017817521
26.1566994063236,0.452771998396982,1416.09782503918,169.791005151384,1532.14154966138,100.490350092607,332.309692189332,0.017510420601029,4.69763970609963,7.39916807937959,18.433067565285,5.24234849255273,2863.63540068172,89079.3943895937
26.1648558832701,0.428645344486526,1416.54615933719,168.68068672804,1533.78677904179,100.624041228209,328.870596957661,0.0201916803769905,4.76390205013011,6.90346735499653,18.7317574763391,5.21021537472933,2862.67422389456,89025.9139208443
26.0812360198525,0.406215647266248,1413.71509110561,167.408685316977,1531.85325960439,100.510541333993,324.651273423551,0.0232568212037059,4.78805132292434,6.42111089061843,18.9704519963899,5.18797141915169,2855.20812607839,89140.4559414866
25.9192480082638,0.385154485084042,1409.74424045435,166.084500449346,1528.65767584736,100.302071950087,320.16520334659,0.0264998792787935,4.77209724864815,5.94858313848729,19.1688849251268,5.17414496763965,2845.46239551489,89302.0987437386
25.7156969877353,0.36560212322351,1406.95990276908,164.790170145221,1526.72267319573,100.165168895266,315.96044054758,0.0297489864012485,4.72269495891472,5.48991589553932,19.3550198333708,5.16610606786772,2838.00139547741,89331.3745374397
25.5194068179339,0.348614781503497,1407.51247794727,163.499568703128,1528.38567328592,100.254836037495,312.535062061105,0.0328803854952183,4.64923043736108,5.04891199107682,19.5633037504395,5.1604532905779,2836.96869241193,89045.7758612721
25.3550747673049,0.334763592428037,1411.25950880959,162.15034965322,1533.48949201273,100.561007751259,309.858558741173,0.0358139295237501,4.55450602604071,4.63485936012346,19.8008733791621,5.15637022029686,2842.04125028505,88667.3043569389
25.2127067029994,0.323518200405276,1415.16390985162,160.5952680836,1538.72337923444,100.865769449262,307.261146592179,0.038544513145413,4.43799152698683,4.25409120253774,20.0480428926428,5.15513895205527,2847.24135616577,88301.4429449461
25.0788878784499,0.31338993603634,1418.53587510133,158.867066646814,1543.32740863306,101.119900332737,304.586831503149,0.0410666215782658,4.30253862311746,3.90316808425272,20.2955026135326,5.1569079114057,2851.25169670864,87891.3062666008
24.9538124979244,0.302878008109185,1422.24228339827,157.049569091448,1548.23483701778,101.386155832699,302.009512762021,0.0433850628125159,4.15361393429154,3.57632697346188,20.5527545557905,5.16027700929282,2855.78939883082,87347.8880522298
24.8406202967512,0.292677804343891,1426.49418163172,155.170448573146,1553.66958130668,101.68010961799,299.564258146729,0.0455065069606012,3.99419095012698,3.27229631730131,20.8239536354608,5.16453115326124,2861.27089114674,86774.8478329348
24.7375301502382,0.283360158688414,1430.66442675206,153.203038460032,1558.94949859858,101.957270700426,297.120430388806,0.0474623167683457,3.82488032503616,2.99118450233962,21.1020085322895,5.17000356182476,2866.47103461956,86225.1770688736
24.6412098572924,0.275770047686426,1433.65768911852,151.10254973757,1562.86444456241,102.138558403963,294.456434111214,0.0492915003976458,3.64484032270044,2.73325334574883,21.3695356734006,5.17787713594389,2869.23719022701,85841.9862194463
24.5493859638842,0.270596888410264,1433.7942258073,148.807864266448,1563.51977321578,102.100526119674,291.235325400379,0.0510563971477298,3.45144782893709,2.49797953545445,21.594360663414,5.19050344737467,2866.23858385289,85804.7428302985
24.4635108646626,0.26656614003833,1431.26064237126,146.343011412734,1561.07586604653,101.855248911939,287.506915445241,0.052834517366898,3.24667651746966,2.27839328646295,21.7659016262242,5.20824412470454,2857.8188902455,85918.2570448779
24.3861962870663,0.262923144035424,1427.81548192714,143.801666972698,1557.46957600145,101.53099958327,283.636318042889,0.0546652985140423,3.03586125070356,2.06739937955394,21.9008705541661,5.22929114378226,2847.45180273425,86062.6012336695
24.3202963605678,0.258516910203272,1425.78344176606,141.318232604306,1555.30256239038,101.298508377554,280.091289430274,0.0565537527127121,2.82452494773289,1.86552339807084,22.027611262036,5.25109641972977,2839.76658490695,86051.683699096
24.270711686489,0.25213124907602,1427.44632552743,139.011708181867,1557.17505370477,101.327122122766,277.31610887945,0.0584283738980497,2.6183749273763,1.68395596852892,22.185376482841,5.27041636694649,2839.33209646363,85679.9197800138
24.2373169206839,0.245307628075477,1432.49803248885,136.866511335386,1562.80772537853,101.597715056134,275.240050792407,0.0601532921195936,2.41821357851647,1.5349196320783,22.3828675405885,5.2866076667777,2845.59498535618,85178.9036351713
24.2152019674664,0.239130764479851,1437.98598342999,134.706571340416,1568.94318435239,101.897997427904,273.289943889799,0.0617193260101319,2.22294784837067,1.41986814320278,22.5956605231759,5.30136446416782,2852.73070889821,84682.2893448051
24.2026328759968,0.233927732533424,1442.20231121625,132.454885643464,1573.66954542658,102.104198593049,271.141581304655,0.0631309183167833,2.03293648592924,1.33360432369131,22.7971364151713,5.31629697146252,2857.36731190377,84284.4408609331
24.2054291375556,0.229468893263592,1444.08779322223,130.081100604256,1575.81095882372,102.14074464652,268.601130927361,0.0644109281347222,1.84938727487017,1.27122149273554,22.9634100423604,5.33269739513948,2857.44092149901,84077.0306751924
24.2296302351533,0.225300470687294,1443.90445196213,127.618531708947,1575.6577981601,102.027677341395,265.725353863906,0.0655752229492764,1.67512918792036,1.22719179218016,23.087884363516,5.35054639613906,2853.4874955433,83967.6030973482
24.2746329503619,0.221315547796578,1442.87581776942,125.138492869265,1574.55395053528,101.853440871703,262.746313468231,0.0666133097894674,1.51324936759065,1.19592149968899,23.1807887683814,5.36875338784348,2847.91121116049,83893.3243902765
24.3351765252861,0.220257649926909,1441.05850519666,122.637105876208,1572.54937175433,101.622390647234,259.692915600294,0.0672743342394842,1.3643462762779,1.189671982965,23.2393940950427,5.38741209698437,2840.81802684659,83981.3302735108
24.4054589469636,0.228602368930662,1436.51360122151,119.961129258614,1567.48186201815,101.196374355965,256.274165286685,0.0668296973783658,1.22595660593399,1.25906927562366,23.2337760832786,5.40878354429739,2828.38639884015,84456.4532960965
24.4833171793766,0.245790885015929,1428.86950196993,117.038277038053,1558.92246708439,100.55008091732,252.482938901403,0.0651574254720424,1.09821795696998,1.43962209414022,23.1531654601297,5.43354995745091,2809.8688457178,85121.9037063587
24.569095252488,0.268741828498339,1419.9533031303,113.970284247602,1548.88894548958,99.8151173676688,248.645040878057,0.0629245305966858,0.984899002055796,1.71721371121559,23.0173656933284,5.45990582153316,2788.84894069741,85830.0232281989
24.6637668809288,0.315657807637274,1412.06750048358,111.046183918663,1539.9299723972,99.1550689052947,245.220235590412,0.0599328844221795,0.885176424438565,2.10460870272542,22.8508770089939,5.48656351338014,2769.99600461602,86532.7378348113
24.7686401198591,0.447479065448397,1406.68875473336,108.769124074483,1533.68362232936,98.6725123854157,242.766971957515,0.0549824413900605,0.784441912704972,2.73590281606853,22.6820870325771,5.51448441660372,2756.70201538665,87217.9838389844
24.884101407849,0.695256597337829,1402.25836903801,107.304800830975,1528.4634472506,98.2579041603725,241.26094630252,0.0491266228675057,0.677063657434056,3.71017178214244,22.5246735761263,5.5441360025212,2746.28520806258,87893.3915185391
25.0089840291626,1.09005483504415,1396.92924762906,106.438459170955,1522.26426431842,97.7856362224415,240.251617876377,0.0435537835646878,0.582146149456871,4.97153484824443,22.3699843436561,5.57302203802053,2735.00418467036,88562.4165719779
25.1457351516609,1.65851330176852,1389.78368784151,106.184837192161,1514.04762306632,97.1939956423646,239.251260557179,0.0386609777211365,0.524421575949676,6.42052445343037,22.1848505981948,5.59885660429733,2720.89532125498,89537.3358616389
25.3039105103767,2.32046409749199,1377.97867266208,107.109537161434,1500.57113036181,96.2793113012532,237.429459650277,0.0346629344243909,0.522551591923419,7.97898331406393,21.9106736570193,5.62163993944402,2698.6394592067,91230.2986651556
25.4848364255336,2.90785628576908,1360.95919796986,109.633974702496,1481.15420895084,95.0048497319244,234.527133070939,0.0312389971105836,0.587382969830627,9.54562092165017,21.5525685971584,5.63894314591252,2667.33297852073,93186.4633261746
25.6788905921149,3.33534726526738,1343.06842336475,113.649221139723,1460.5989096128,93.687362123859,231.362494196696,0.0277354281966386,0.721206074019582,11.0422014027014,21.1722557715012,5.64673676588383,2635.26619761541,95146.4601486388
25.8651194449309,3.55388500734416,1331.20587578537,118.812867491196,1446.53361533296,92.8226168756558,229.230042204046,0.0238580226532653,0.921584195324259,12.3747090973687,20.8419831329714,5.64131304238881,2615.47200012746,96600.8372087329
26.0082303821493,3.48219439194702,1329.93523334252,124.59854761182,1444.008206353,92.7356235259521,228.90090006075,0.0199515419640292,1.1839771783383,13.3701658621316,20.6318931659281,5.61924965456598,2616.29599582325,97098.5295923031
26.0989459476044,3.26567868194826,1335.05156509027,130.629822974196,1448.42372142366,93.1241063742503,229.617887094644,0.0165942183900483,1.49230899683208,14.0330958049512,20.5259397030024,5.58385440095915,2629.42071976171,97257.2548313233
26.1543763134796,3.05819406835048,1339.69854127512,136.821119268143,1452.26194735365,93.4936269962321,230.272478905176,0.0141595588038442,1.81522346247559,14.5184514168261,20.4645645914129,5.54339384352794,2641.73715169453,97295.8073093811
26.1979499727304,2.86487666522787,1343.2084354417,142.997068285211,1454.82366635427,93.7910259527897,230.765374896329,0.0126078025945919,2.12490537963853,14.9030123690499,20.4248786722153,5.50335442755458,2651.87392294749,97180.5254603099
26.2637047664015,2.64141437113599,1346.71459908194,148.395186067614,1457.45676153702,94.1003656266392,231.238799239763,0.0116918415084545,2.41170110890287,15.161908722928,20.4116092735231,5.46476506580519,2661.48817513395,96865.7214550038
26.3641225817786,2.39720413086513,1350.72556887832,152.687450036459,1460.76064716749,94.4581213527967,231.704136561693,0.0111639810546042,2.67949703181018,15.2714838474197,20.4277241143167,5.4267699412081,2671.29659198342,96441.5535826514
26.4840939545719,2.15546034242543,1355.12188784214,156.231997989874,1464.55520150962,94.8496660178445,232.109659090073,0.0108650631439646,2.93430852783848,15.2445116405779,20.4715238799966,5.38860721744596,2681.27114946698,95951.0812240171
26.6062092157173,1.92088625958047,1360.45627302536,159.392909850001,1469.41295935177,95.3116636187941,232.546086324863,0.0107128492826803,3.18443713799375,15.0797145264828,20.5516541577679,5.34862404433965,2692.70407202457,95274.4228647654
26.7199183501923,1.701120272028,1367.83009541347,162.365332793706,1476.55409434844,95.9255833082061,233.210240047118,0.0106562206354302,3.43935468915123,14.7557200287277,20.6880429348495,5.30432861129027,2707.86157198128,94309.9884307029
26.825246725855,1.51026855790929,1376.60093846739,165.175137677192,1485.28170851887,96.6470280904644,234.011595974184,0.0106632497759475,3.70219086097352,14.2870235506536,20.8793668785504,5.25539435106809,2725.55736182322,93294.2591211604
26.9277416650394,1.34864136038135,1385.13890125889,167.725785341936,1493.79984658304,97.358047651947,234.683554019458,0.010726861124238,3.97119547375411,13.7136812188516,21.1063315465045,5.2032447371435,2742.60790558488,92323.8515510532
27.0316428385285,1.212119459588,1392.74845842417,169.898496044735,1501.34874156956,98.0082587699886,235.104506497281,0.0108462113730178,4.24500576221823,13.0710917658329,21.3565913489712,5.14881528580972,2757.59774934299,91406.7214362729
27.1398417283723,1.09862288742553,1399.49422605424,171.589005340539,1508.02174513481,98.6034943017363,235.292560066683,0.0110216241234683,4.52182927929058,12.4000406809751,21.6272296471977,5.09255954060412,2770.59763789639,90535.802325942
27.2535609200146,1.00414010703239,1405.50426572807,172.781912862909,1513.96853364339,99.1529344502609,235.2807177572,0.0112666286974806,4.79892992086307,11.7273274530771,21.9161742281821,5.03502860817483,2781.8553747956,89735.331175211
27.3723623049382,0.924572522646184,1410.80510097792,173.547223436811,1519.20410194848,99.656354790663,235.076828433879,0.0116080347463377,5.07353812343107,11.0572044285051,22.218809815266,4.97692656563755,2791.46140706487,89013.8876638751
27.4892807759693,0.85602990696225,1415.51817913592,173.979754807129,1523.84486014876,100.119374377535,234.699005766372,0.0120860459120691,5.34348884940742,10.3847407955738,22.5310787352237,4.91883623784652,2799.69898409255,88358.4236715845
27.5847884768713,0.795207811526782,1419.87521713993,174.188306197008,1528.13432862322,100.554451566095,234.178379618793,0.012759490654669,5.60713183968065,9.70133263647503,22.850396574481,4.86117830515036,2807.07326736033,87751.2238566202
27.6483470628538,0.741697611010312,1423.94346738946,174.237678894442,1532.14022043038,100.963264060081,233.527446553851,0.0137107236452449,5.86144048393713,9.01032862301523,23.1729156852994,4.80465794019091,2813.75341476512,87203.3329285612
27.6873519896752,0.695009938403481,1427.6263645846,174.130936512799,1535.75261689422,101.337468351828,232.744947329457,0.0150625576402827,6.10115116747595,8.32985324149155,23.4932629005949,4.7504092085399,2819.56178242073,86717.4482145545
27.7134206905284,0.652200683849484,1431.24000223208,173.84862211559,1539.310832453,101.698833028415,231.892404128265,0.0169851485176309,6.32157841618138,7.67503521668981,23.8122506946529,4.69911494420982,2825.08399299363,86219.9814774214
27.7366777018183,0.610553734072854,1435.63433175534,173.374519986621,1543.72849725679,102.106989747458,231.10480579966,0.0196470568904481,6.51982599077257,7.05166669154108,24.1407129226497,4.65059468310556,2831.90550498972,85618.3553442511
27.7629491020354,0.572580659864084,1440.79157612044,172.710290330896,1548.97243137709,102.55714425768,230.382132969876,0.023067272689568,6.68808327970437,6.47371729504638,24.4799841390291,4.60593897984274,2839.97996961358,85009.6193707758
27.7923661973994,0.539781475469292,1445.8659303779,171.868530522308,1554.11659713663,102.984320357112,229.605282528268,0.0270017345899725,6.81525618004379,5.95998977671394,24.8200015497382,4.56737832999344,2847.71592262162,84446.4108007229
27.8259165876826,0.51777533667863,1449.45060627619,170.873956126106,1557.63055580137,103.28435687785,228.588662785378,0.0309873307249829,6.88978335200095,5.53842569176437,25.1399761284105,4.53783832023135,2852.4890600498,84096.3498630937
27.8712595742461,0.514644908695935,1449.27218566523,169.749065512577,1557.05178941012,103.292718845431,227.057893861588,0.0345223493512329,6.89657928490539,5.26451528666303,25.4001404094474,4.52191276933988,2850.07381517493,84193.2935195487
27.9314413543261,0.523480024639274,1445.13728060317,168.496215631849,1552.19177237367,102.999143327694,225.041122793507,0.0373294332027306,6.8355103000055,5.15494478986352,25.5877345311939,4.52038695267377,2840.16430778283,84512.5663711433
28.0012330883162,0.537926225590913,1439.33866501717,167.158906647075,1545.55200712215,102.574346218467,222.877625302303,0.0392973628858131,6.72502678225077,5.16774724316356,25.7267151235474,4.52908331541974,2827.1298762963,84893.667858339
28.079413225718,0.56189345974582,1433.1744497559,165.837509947168,1538.51943912279,102.113778532856,220.755669599552,0.0403837062634612,6.57982776068191,5.27459512871295,25.8295776195351,4.54506950368557,2813.47117635854,85420.3793910296
28.1757460376843,0.608008613313258,1425.4836677402,164.60544516064,1529.78199861167,101.531362088146,218.552834926398,0.0405874869655904,6.40166947259134,5.50097872940803,25.8767144272451,4.56930181511357,2797.03617323939,86284.1126024979
28.2960010673358,0.67237732817684,1416.44876692287,163.539278966069,1519.50564573564,100.840904770572,216.342148031625,0.0401062548861449,6.19722758455708,5.85618701172866,25.8615318510257,4.60123696398007,2778.22521593053,87309.0903692879
28.43490600799,0.749117423520278,1407.09920213975,162.631364761911,1508.82461209527,100.122708121592,214.254529748757,0.0391264997351801,5.98426171468369,6.30252723038134,25.8021893187464,4.63714983283685,2758.98016565791,88374.4248481512
28.5770283308626,0.826464568876076,1399.04435078865,161.95201720505,1499.50229225171,99.4997039781173,212.466829775091,0.0378161556709519,5.785162648286,6.77199658815948,25.7292367106115,4.67187151625413,2742.37064172629,89279.6223554897
28.6939119207187,0.887309879890632,1395.10351174487,161.8216239658,1494.56781554095,99.1793958331954,211.303190502066,0.0363230115592198,5.62416284449166,7.16739403624877,25.6853918249357,4.69923459786071,2733.86920225383,89807.4000401364
28.7728847672873,0.939133944083942,1395.07455490269,162.366627667968,1493.77859474965,99.1485363352401,210.694958211361,0.03467590867968,5.50873463759768,7.45366502582483,25.6801267784145,4.71755966842961,2733.1468197949,90190.6093686767
28.8244489528657,0.990104761199701,1395.35437402362,163.29152478556,1493.25555658436,99.1486456610655,210.157200688068,0.0330046416947974,5.43150444663819,7.66703877308184,25.6913113090985,4.72931308511508,2733.25162274715,90539.6548392736
28.8646008265245,1.05120808238481,1392.8088471005,164.320967999973,1489.64309977581,98.95410954495,209.28464824233,0.0313907587787109,5.37774116638702,7.8570306226282,25.6765168367724,4.73922562043077,2728.1488666512,91139.6061578752
28.9069012676128,1.12718636612164,1384.82581027404,165.255207970156,1480.17412891631,98.377150673298,207.727502169596,0.0298687988907859,5.32442204024773,8.0535087817542,25.5709451903129,4.75445678371431,2712.8509776281,92307.1124720669
28.9521414332122,1.20091021948779,1372.2718516399,166.000917554348,1465.83518654718,97.4821614035636,205.585109695694,0.0284833361716797,5.26531882916111,8.23008319302135,25.3678260299625,4.77622213814466,2688.94674253298,93621.4550788257
28.9935684544064,1.26350914519084,1360.18472146234,166.809784502464,1452.04968119953,96.6310098158423,203.538298835024,0.0271747306204854,5.20628768246413,8.35343299080022,25.1169720946441,4.80064959373798,2666.03681848036,94871.7702640589
29.029191338276,1.30296070953753,1352.18298550517,167.877228472729,1442.69965789864,96.0821301502799,202.085195491642,0.0259577500558259,5.15014548097396,8.41004656448954,24.8643787314815,4.82458063609732,2651.02003394456,95927.1397977901
29.0654488097289,1.30420851051876,1348.03607530636,168.968967871539,1437.57814734076,95.8194943554533,201.156825077227,0.0249602178323491,5.10309986614857,8.38047052479463,24.6364165525749,4.84552863556979,2643.30486413791,96697.357098746
29.1072320612008,1.28016327845808,1345.46214415393,169.839528231791,1434.25126623309,95.6785391197838,200.408579553392,0.0242397881099571,5.06824858663164,8.26652677669149,24.4288997112844,4.86331234914005,2638.44221050483,97319.2967220375
29.1526387590197,1.24344773193214,1343.14355842011,170.525722285239,1431.27065586613,95.5619452362799,199.67900607863,0.0238141024431051,5.0412971415917,8.0919921837258,24.2264230377303,4.87954947976526,2633.97863815504,97852.4933306101
29.1967950945495,1.18951021198429,1342.59968518701,171.175091174855,1430.20530458623,95.5760449350355,199.197476660191,0.0237193954794994,5.02529205442298,7.87201214829812,24.0530571101562,4.89246137307941,2632.81510053835,97965.6646322785
29.2358803654236,1.11885399598052,1346.97839695037,171.950254756512,1434.32010770183,95.9420692702306,199.40147649031,0.0239711444634446,5.03159493207116,7.63071791008654,23.9695363278633,4.8969055966715,2640.84554046691,97375.4313571603
29.2711971545731,1.04906095466896,1354.77630117218,172.756363064044,1441.95888596504,96.5477881749743,200.074917622272,0.0245608564575672,5.05734687655488,7.39912722997198,23.976515423664,4.89331291763586,2655.14450611555,96596.4795623697
29.3057684570175,0.984796536557584,1362.71352925894,173.406112046889,1449.65899554907,97.1572223676061,200.754631370381,0.0254781352452141,5.0915542774593,7.18470737573773,24.0298629710606,4.88589195560309,2669.49327992344,95800.8834861165
29.3371901912983,0.920440178591411,1370.17635490992,173.845207219134,1456.83964678787,97.7287510341938,201.331915552157,0.0266909474516157,5.13200348424733,6.96750173802035,24.1150155038854,4.87579436356533,2682.76345801084,94897.8660433204
29.3561808179122,0.851486429302617,1378.2843691054,174.153062624869,1464.77359201068,98.3460879993488,201.930290522573,0.0281557147413308,5.18323670007746,6.71842559712749,24.2456345966741,4.86151519638231,2697.15342962252,93796.2311741236
29.359815702871,0.78521462412271,1387.05752688858,174.350533833396,1473.49856888408,99.0105378684648,202.536290204638,0.0298014261955173,5.2443975582003,6.43608960589334,24.4220352855795,4.8431384754884,2712.72096663673,92671.4280008355
29.3536692737219,0.725509021554459,1395.56873815815,174.373760903009,1481.98828842843,99.6525748692813,203.028830873996,0.0315911218371027,5.30919756219387,6.14176500625657,24.6291571758485,4.82247389937085,2727.66057592565,91594.6804421138
29.3483514182794,0.673770700700071,1402.81117076934,174.129758206419,1489.12450929156,100.197025631097,203.275611039486,0.0334979325522076,5.3700954674719,5.8617506249936,24.8455948953491,4.80187464542499,2739.9902784839,90686.9099913155
29.3618037331287,0.628502492594215,1407.63390199931,173.475081607983,1493.63805049012,100.559392928347,203.114999849387,0.0354825887154344,5.41840483907365,5.62669246501965,25.0416471800886,4.78430985379797,2747.41990490223,90063.7151372555
29.4020403593342,0.586962716968253,1410.36983220172,172.400251263816,1495.87305961331,100.763606384217,202.590423249128,0.0374668266432177,5.45110183185906,5.44511169332419,25.2090547435863,4.77066680995673,2750.55056963272,89570.870883704
29.4621255676467,0.549123782943633,1412.35253034896,171.049648500599,1497.2662966269,100.906050078355,201.893307301973,0.0393302556902793,5.46963144268323,5.30531872856679,25.3602717437328,4.75999579133932,2751.99017514321,89140.5365341688
29.5131176928501,0.516462971291067,1413.6344657507,169.541709498481,1497.90391051653,100.991140773513,201.046308354767,0.0409751087555965,5.47280071479541,5.19936319754393,25.4921454836228,4.75264838080087,2751.96220522585,88882.9810498668
29.4845047627126,0.488388387532064,1412.84566128782,167.912813212262,1496.39645818077,100.923641745481,199.874066116736,0.0423961920494676,5.45709970308392,5.11904882059668,25.5769311376998,4.75072344862296,2748.02032116025,88942.7627617374
29.3337021454785,0.462349494073618,1409.76411226525,166.188574657668,1492.55806040329,100.691762156524,198.350781807404,0.0436464288675479,5.42581025327672,5.04889851528872,25.6051925205435,4.75426513212654,2739.82320942676,89146.9279559761
29.0823271266258,0.43787539915443,1405.85889812394,164.455030554059,1487.93569820697,100.402493064776,196.679891836294,0.0447471937369122,5.38647052005259,4.97980689570372,25.5922605914785,4.76127931681675,2730.15301160895,89406.485648264
28.7896717683372,0.414642428948996,1402.45037026998,162.772186588543,1483.8741033304,100.149015257341,195.044195810743,0.0457279823753887,5.34461617089635,4.91052255924509,25.5571759831876,4.76986485959787,2721.4532920655,89639.8086967
28.5465333225224,0.392374694363303,1400.53589217294,161.158500946991,1481.3436473097,99.9986509309377,193.576304271534,0.0466257332610999,5.30477167861048,4.83790285963454,25.5189768127585,4.77828389681424,2715.50264895296,89768.0203551563
28.3987927821127,0.371836477135509,1400.43192302917,159.639257593053,1480.62973085309,99.9712313519996,192.319092534461,0.0474486442026469,5.26656498746872,4.76506578748753,25.4810635536205,4.78641154367996,2712.85875896121,89881.9387411372
28.3213781962601,0.353229161799533,1400.21221237918,158.082084030998,1479.70972518293,99.9295835298785,191.019178867257,0.0482621322108985,5.22751527195795,4.69891694722648,25.4332758022334,4.79521394743134,2709.87510289972,90020.6067904456
28.273758922101,0.335955625476253,1400.14232623228,156.48273667689,1478.91862618207,99.8969211176059,189.723828369061,0.0490880576610689,5.1917647214476,4.62917421881639,25.3900684124001,4.80329491679354,2707.09954792742,89963.2145210504
28.2245033313296,0.320771898381501,1403.45218090736,155.014138157496,1481.73556009758,100.110127361671,188.884114025196,0.0498486153258655,5.16752779751892,4.53070590017241,25.4022100710746,4.80658989038831,2710.7108093861,89455.3816670444
28.1604885763904,0.308431886872227,1409.57587133487,153.60774383769,1487.57302865384,100.529177573363,188.431430361644,0.0505716227377545,5.15446293868365,4.4033603336672,25.4817941464468,4.8044921438148,2719.62517402291,88807.2659913588
28.086375817474,0.298182998488752,1416.0792079939,152.130113654002,1493.82840646825,100.976531853241,188.032761906997,0.0513426937788832,5.14692790749215,4.26496039609513,25.5982459544358,4.79959670942341,2729.20633615011,88159.5414694102
28.0095350814786,0.289228379992801,1421.04562592206,150.491263808758,1498.44864875066,101.312193975719,187.421246791516,0.0522181970442909,5.13884425694683,4.12498677775454,25.7162649589194,4.79480515617155,2735.80874878834,87666.5656212923
27.9306426953507,0.280297652329669,1422.80058648707,148.619189802097,1499.64753732408,101.414932178235,186.364941356003,0.0532549931803944,5.12263822474269,3.97784355332313,25.7958884353143,4.79347154102017,2736.26077932255,87490.8079883062
27.8501861325368,0.270595608088283,1421.83567798294,146.551392404562,1497.94957447989,101.320692152652,184.923435516596,0.054463611259703,5.09638931754961,3.8081443212074,25.8298199453423,4.7962520419578,2731.5011791048,87432.0962801169
27.7711656137821,0.26045131858517,1420.16845541527,144.406879046874,1495.49949418132,101.174829021337,183.362925429232,0.0558067692883182,5.06243961508042,3.61011856416858,25.8419183026009,4.80141679991309,2725.36024589929,87384.0211091141
27.6981318520661,0.25046856060796,1419.70868513755,142.285296195187,1494.32154117202,101.114083487491,181.939236196896,0.0572525958824241,5.02389809427391,3.38877588641731,25.8641941247671,4.8066868143666,2721.45007057517,87192.5868093841
27.6385399333401,0.24175316827923,1422.3729192465,140.26025110233,1496.43828392046,101.274930537665,180.909397942599,0.0587409331074241,4.98473109541435,3.15313305382573,25.9357230310796,4.80928720034996,2723.36726233433,86696.8439179603
27.593991805958,0.23471747965485,1427.57237722883,138.278172626687,1501.21618959035,101.61326149015,180.203968091752,0.0602629046006717,4.94318329554929,2.91910686140214,26.0621902219255,4.80918416913386,2729.97640255395,86103.4193732159
27.5595038565661,0.228990591683984,1433.25961361015,136.244933775315,1506.48255759518,101.980674170041,179.561263569255,0.0618443454334758,4.89388984828141,2.69960468324668,26.2173664402496,4.80867204782222,2737.4181483338,85524.6557719882
27.5309824943811,0.224705928315604,1438.12103611473,134.128494287892,1510.85132630569,102.282425377254,178.814954912936,0.0634519503009089,4.83320168199727,2.50306497385756,26.3791184073074,4.80954890199876,2743.24618850827,84998.9372726981
27.5073872816863,0.222822361061487,1441.74347643832,131.978872387495,1513.89886128128,102.488952602863,177.922493292616,0.0649396580028032,4.75896762309539,2.34475888370392,26.5363942302031,4.81276159987334,2746.7533347788,84545.4211839972
27.4889379521036,0.2228549323873,1444.3347697853,129.855316329024,1515.8543498782,102.615550946755,176.918064125441,0.0661810452409071,4.67107910192986,2.23280372890576,26.6876622638487,4.81840523742854,2748.38117981787,84144.5656593374
27.4753486699409,0.224019665573631,1446.33999802168,127.776080356518,1517.18636441845,102.694671140892,175.853887240939,0.0671388965669612,4.57171131330187,2.1598722215791,26.8358700696617,4.82597100038538,2748.96102562015,83783.4588682465
27.4652979549354,0.226439831073076,1448.06433565839,125.727858893867,1518.20561562508,102.748596714333,174.764073494989,0.0678421795372072,4.46391674442952,2.11095831963201,26.9830946390487,4.83487838168307,2749.03297525634,83459.4127456855
27.4561620702578,0.231325427965882,1449.62059781495,123.677497952617,1519.00694473933,102.785313047047,173.670334737613,0.0683704317934574,4.35041778467264,2.06570197558967,27.1296632218077,4.84472160291976,2748.76268423792,83172.9083551455
27.4460201517199,0.238128508952472,1451.04028979813,121.605878953911,1519.60782360424,102.80731698673,172.584798001961,0.0688578451273984,4.23401777311509,2.01046680401837,27.2749398160668,4.85514409798092,2748.18476147206,82918.0490823229
27.4347864381822,0.245896223306031,1452.33881912561,119.522735175267,1520.02926199599,102.816760870371,171.507091675554,0.0693846875482209,4.11768201672922,1.94469164698722,27.4178527970514,4.86577312773785,2747.33874448931,82689.8044729478
27.4121303722208,0.25694301349635,1452.41358306644,117.429135831648,1519.12958877462,102.735909339818,170.317329340851,0.0697501209597858,3.99926015125184,1.89828385970124,27.5368313677951,4.87814085291697,2744.22528744406,82681.4271232183
27.338821491163,0.277175645620173,1448.21433775594,115.295956086649,1513.74496387893,102.348472865659,168.711369865126,0.0692750168762199,3.86764515917529,1.95869548822403,27.5720360297936,4.89725523432094,2733.29975242206,83224.1535408165
27.1817654887119,0.304817302671022,1438.79724132318,113.135543392862,1502.93932305816,101.590182263273,166.625943436324,0.0677915444317911,3.7179374449188,2.18669105382799,27.4981463180344,4.92522677017484,2712.92209174513,84068.0537014545
26.9448287918059,0.33669993377493,1427.07750945698,111.064688179127,1489.79722767974,100.6710993732,164.386456045124,0.0657768767000884,3.55702921392467,2.56257714511374,27.3468070607179,4.95919018276228,2688.5368446756,84997.5861479447
26.6666594529782,0.396090832302161,1414.6967192664,109.206497954075,1476.00196558659,99.7072137118316,162.269433670327,0.062920149896879,3.38449730507638,3.09936734216691,27.1395890020544,4.99809942216277,2663.25835175557,86135.0181115961
26.4331049007338,0.557721640781152,1401.33697933704,107.80852624885,1461.10336725898,98.6705508660619,160.65483662964,0.0579392697109508,3.17343180126577,3.97879799894192,26.8671705937875,5.04696089795713,2636.83004752476,87770.5645787117
26.3168479458472,0.858470154404846,1386.1661814575,106.974708834822,1444.15911849172,97.5014562716651,159.794134617321,0.0518827656689552,2.9079256114305,5.33372986843987,26.5427419207735,5.10776223488131,2607.95183656436,89649.5363162207
26.3157029547025,1.47485647017895,1369.12040096677,106.584579861152,1425.15867252835,96.196170045408,159.446229663136,0.0193247761623134,2.51772326198103,7.11289379773009,26.2513940645892,5.18422616298208,2576.32783055635,91595.210379523
26.4539818777757,2.71986216244131,1384.73383646312,107.904964011799,1440.50442877183,97.1957352006286,162.326159016738,6.61972335779224e-07,1.66115960416506,8.80216486963539,26.6300986893731,5.2803870152847,2605.51623437248,102910.373014904
26.4469213610817,5.12416881645154,1362.99608442899,109.686601303245,1416.77545716396,95.5433665965588,161.142137244519,2.9585334186802e-07,0.738906048488406,10.7677225017805,26.6028230218087,5.40857699137491,2566.91538551958,105279.081624514
26.2980473792746,11.2833107463351,1360.67053872398,115.576271801584,1413.08141807709,95.2191944604555,159.777064137808,6.50953611878626e-08,0.216359176802863,12.6154562046087,25.9432114573928,5.51526398770726,2565.13748950708,107706.214131561
26.0674413022947,19.4750875690367,1347.86481998055,122.72175912649,1398.37390435788,94.1304491130203,156.390290776106,2.63267776719934e-09,0.101206259597753,14.2827183272785,24.8367520604148,5.59109336811128,2544.5913678107,110057.429328306
25.8084476214376,26.0069409058028,1337.46323499806,130.847138827797,1386.0994655095,93.1999769595281,155.053388755938,1.8083480517384e-11,0.0836704308516873,15.8067673400044,23.7244385844508,5.65731902086413,2530.15322736016,111828.039124395
25.5353353179756,31.2732867663284,1335.75876268385,139.432101634291,1382.796463869,92.8823444333944,155.468670943142,7.43388610643797e-14,0.0673215009304764,17.0570632903473,22.78706674074,5.71418979857383,2532.28943132544,112613.882725651
25.2437866972674,35.9828854469031,1340.37850796916,148.311864395588,1385.96224515879,93.0104114037265,156.500063153084,5.92484355931854e-17,0.0489626934801862,18.0268250444519,22.0046989987593,5.76188002162952,2546.0040608119,112987.876386189
24.9354470656695,40.4623225954061,1345.29179618714,157.491814454759,1389.31215130728,93.1545441218466,157.24303848468,1.46760152508248e-20,0.0310341983219271,18.7994945004369,21.3135387259556,5.80375081330626,2560.171751074,113121.295225369
24.6423610362075,44.6171619048106,1349.68500846413,166.574144670431,1392.11078234954,93.263330082058,157.758761653183,-5.13788514222129e-19,0.0164844326055276,19.411818861385,20.7047253373907,5.84050901158357,2573.21002522936,112777.022602854
24.4289212623423,48.2431353126179,1356.66099763538,174.6599600409,1397.81106456778,93.5715206550388,158.657597761503,-7.12104531782495e-19,0.00727238247599893,19.8815140002368,20.2008002123658,5.87124647253876,2590.46837202116,111810.643514024
24.305511893658,51.3219131677994,1365.35015317884,181.500555829959,1405.54372343827,94.0207964382638,159.945251955234,-6.59879193016387e-19,0.00278239499214902,20.2488197152055,19.7850505593489,5.89726088714132,2610.27382851617,110659.868976444
24.2336334993094,54.0766457879187,1373.57657833487,187.546837967185,1412.9184292743,94.4483033449579,161.206761828245,-5.47818969047112e-19,0.000973816151140579,20.5452589594855,19.4211293207609,5.92057256723444,2628.777950974,109477.491951997
24.1804832856307,56.7799462645646,1380.71822427598,193.076754150882,1419.1908520114,94.8036563647438,162.128469502925,-4.5484593909742e-19,0.000323157435640612,20.7874737802555,19.0880596613627,5.94204066324489,2644.81683084998,108318.033652635
24.1224074927285,59.5476414544344,1386.89796465048,198.065356134291,1424.42971177632,95.0942173626714,162.664182400867,-3.92483488938844e-19,8.80642194694924e-05,20.9988406535934,18.7741177105423,5.96218292946674,2658.50505222712,107219.084618358
24.0533576364512,62.3813865487592,1392.36142891707,202.454857461214,1428.89139486367,95.3382236802176,162.963495199828,-3.49973845095678e-19,1.99005216006887e-05,21.1974007577303,18.4716287470481,5.981485729232,2670.32130301771,106194.867569851
23.9802471163842,65.2676488541717,1397.26257133235,206.268983233201,1432.77633163123,95.5474378974317,163.197195854649,-3.16623022829125e-19,4.16310983207415e-06,21.3903524601366,18.1750147148209,6.000353832997,2680.6928551335,105258.47548844
23.9172643667396,68.1903401052213,1401.34901407662,209.560801158931,1435.8661977035,95.7047218274212,163.40384390388,-2.86997306069336e-19,8.54878172999068e-07,21.5673403046314,17.8761961977727,6.01928842911419,2689.28060713917,104473.581464916
23.8912011437885,71.1137495814402,1404.1324025932,212.383088578369,1437.70700276073,95.7764939149201,163.519231690354,-2.59449524564923e-19,1.75196549222903e-07,21.6873650584611,17.565218567132,6.0388545167899,2695.27890224491,103892.662538218
23.9114999031117,74.0096583651882,1405.86512394621,214.783270172902,1438.57563082898,95.7805944336335,163.544664948879,-2.33982541077785e-19,3.59185900692943e-08,21.7324129928136,17.2414645177621,6.05908595037457,2699.17949722542,103432.665853528
23.9640429488119,76.8742160399652,1407.15758944353,216.806910743358,1439.07462771232,95.7590275949087,163.529592440757,-2.10866197812347e-19,7.363433917591e-09,21.7245244675697,16.9104767337561,6.07967657355509,2702.08617552222,103060.176986991
24.0272322679739,79.7575546727528,1409.4348320184,218.516619530095,1440.63678975224,95.8100178352178,163.632113307404,-1.90294110767714e-19,1.50910253674501e-09,21.6940804417066,16.5906727917043,6.0996245833991,2706.59221198218,102527.697680591
24.0719952780655,82.8043210822687,1414.76902144386,220.026243251191,1445.34671732238,96.0752415022408,164.093207013141,-1.72373689214341e-19,3.10084403485206e-10,21.6791213666845,16.3129291717118,6.1172647767191,2716.49222841013,101602.457462116
24.0866005094046,86.0724883842351,1422.02443154317,221.326756186993,1452.00246895116,96.4738955812726,164.777350331099,-1.56754392766481e-19,6.44233491765916e-11,21.7014211362628,16.0764495100214,6.13265889808515,2729.68795804135,100632.124039736
24.0818719140664,89.4833109992214,1428.54752244833,222.298769764393,1457.88442652916,96.822418459489,165.373701612751,-1.42897932037949e-19,1.36137687506194e-11,21.7522748301596,15.8594702320144,6.14699400108813,2741.29143437677,99744.8521592041
24.0756508318016,92.9103175648257,1432.71346763896,222.87293579647,1461.33674707006,97.0090134212317,165.692990949671,-1.3038396421889e-19,2.92443474980701e-12,21.8169421231101,15.642219047996,6.16133467802551,2748.32216604125,99098.2706038466
24.0913985244427,96.18078288112,1433.40471953618,223.023791604422,1461.20408185475,96.9560256831994,165.603257290529,-1.18871270618512e-19,6.35552516097108e-13,21.88691181272,15.4037677139675,6.17679407287208,2748.73024887685,98849.6446680662
24.1402195739812,99.2193761769419,1431.79055069507,222.833502272047,1458.69050351547,96.7445102306166,165.243010440349,-1.08250085366782e-19,1.38529480621825e-13,21.9560038971059,15.1445296913445,6.19333457063798,2744.69791333219,98761.7214408388
24.195318680329,97.1558886286814,1398.60345052795,221.237964012616,1423.47245290929,94.3578768623373,165.376252009933,0.0019675035265796,0.0215230971793105,22.193826936866,14.6685944600571,6.22923859166495,2684.7298261227,89495.3700295467
24.2886967754861,76.1079444303984,1398.11368815447,221.301219479625,1422.0370697533,94.3176586904669,183.801988014463,0.00220466263535122,0.0866127328796273,22.3875805378067,14.8583682262964,6.25337966652216,2694.12988994683,89430.2834062654
24.387046561079,48.7775347034803,1403.31107931287,221.053141470992,1426.80162671884,94.7352341589524,208.859107142124,0.0048677723611739,0.174598824938185,22.4992426909385,15.3820021387647,6.2635217953819,2717.55188974785,89291.0091275988
24.4759481919257,31.2177050416667,1409.12612292442,220.557521874369,1432.5228153269,95.2523785545437,227.681307040528,0.00570987663643691,0.382294699711264,22.1833861854714,16.0111926650548,6.22747848931493,2738.46319791352,89140.1714406135
24.5566964245845,21.3250432630693,1413.46458270075,219.862698612669,1436.88911425227,95.6908484730111,241.158744308627,0.00595144652930817,0.636833051979611,21.7023156068986,16.6024546153187,6.17107311597977,2753.61568816673,89008.2402262041
24.6357433773184,15.8927164341635,1415.07289990372,218.997510203808,1438.50973154722,95.9449296091218,250.618643644911,0.00611419324914198,0.926470939877714,21.2514374229339,17.0668102733309,6.10942181462835,2761.53611590451,88982.4638400035
24.7197785748213,13.2601778266724,1414.00278042328,218.225636333084,1437.38977594497,96.0099040761919,257.094693602147,0.00623847922041314,1.23441918562112,20.9566957675514,17.4103827743783,6.04803116618277,2763.08163979224,89161.9759994464
24.8108346346575,12.327570716868,1411.05240552601,217.713126236063,1434.3461767759,95.9393288624392,261.606169386597,0.0063199918620341,1.53419967385703,20.8772077035285,17.681529516739,5.98964671385917,2760.37305923242,89426.3195920739
24.9063446657811,12.2709654921023,1407.66215151961,217.477506731222,1430.87377588454,95.8345237854749,265.08893117504,0.00636435409787687,1.80197365470764,20.9837557595328,17.9318259476925,5.93576863052418,2756.50669837924,89712.1100399737
24.9879972056744,12.6002390031454,1403.34486349462,217.480335676063,1426.47288800197,95.6606905228108,267.919790077112,0.00639164322856934,2.02373661837071,21.2220649848019,18.1683186113691,5.88836609433062,2750.83176466495,90285.294037101
24.9991937382905,13.0539706633333,1394.94895619427,217.635045754219,1417.88674684976,95.1945302344031,269.693388666627,0.00642741367220471,2.19306645798352,21.5242016561479,18.3454751645208,5.85077758953789,2737.53383913301,91489.8309231061
24.8994164079937,13.4367298615343,1382.21854405647,217.904662128169,1404.85191238351,94.4169399704184,270.375212732929,0.00648101869334293,2.31255961175848,21.8306568262186,18.444863891038,5.82386620663104,2716.11750902348,92916.7367458039
24.7044752287518,13.6247406371154,1368.91160830043,218.478025307939,1391.23711205861,93.5905441656747,270.697083200494,0.00654264653569609,2.3883582268766,22.1345935814372,18.4931540909418,5.8058348035113,2693.7127078832,94354.9879235332
24.4663260587908,13.5774009184256,1357.94910735522,219.496856874781,1380.05202745629,92.9187466239403,271.296809565581,0.00660597169762102,2.42468831464316,22.4548467856551,18.5075264764117,5.79546677360833,2675.90049525004,95846.7977241114
24.2617340922177,13.2319037211902,1348.33434353879,220.517361428095,1370.31884699245,92.3329642072699,272.008183505615,0.00668321995720111,2.42756133378857,22.768692578934,18.4810953307627,5.79230998256635,2660.5557617813,97469.6558920609
24.1252783869504,12.5847074769779,1337.91914700494,221.075855401526,1359.86453526355,91.685499749591,272.378861605039,0.00678825353420309,2.40858883930289,23.041866360558,18.4088365527873,5.7949602462135,2643.35261668052,99091.4095017877
24.0316468277601,11.7297788330973,1327.29718820306,221.358416267924,1349.2745458908,91.0185290104306,272.538284814875,0.00691681451618774,2.37817070168137,23.2707507999242,18.2984296914174,5.80152650202554,2625.52036366782,100648.168636119
23.9555449635774,10.6910841247303,1320.7089982924,222.012054058132,1342.84179490687,90.6293931902091,273.353591909317,0.00704932514340297,2.34500822384502,23.4487295081133,18.1925071695602,5.80864641045626,2615.38997833106,101664.441703896
23.8968738712265,9.44947206088202,1322.04075240829,223.662511696754,1344.47701918598,90.7917465861744,275.673643367548,0.00717015560634988,2.32028439248222,23.5701388934144,18.1602725063734,5.81127280685737,2620.63326124212,101762.259272089
23.8583773558488,8.13562950748085,1327.91069685562,226.044916550577,1350.69974387861,91.2700871995229,278.832599603676,0.00729075386856343,2.31263789618866,23.6449975234189,18.2032295151711,5.80789326428091,2634.76028292248,101563.137842656
23.8370891809692,6.90641734068715,1333.46902905206,228.508756980651,1356.58197875156,91.7262519215235,281.752411313991,0.00742053369670709,2.32836400995816,23.6680106165728,18.2792238790208,5.79945259875273,2648.24370002852,101247.084346743
23.8377660143822,5.80613832728596,1337.8994116428,230.720965614244,1361.33129151931,92.1059426437658,284.225829220076,0.00755200046989592,2.36962858920797,23.5982362846575,18.3672404215867,5.78651362116657,2659.33252643086,100884.523046695
23.8780348291746,4.83068401717659,1341.22769277923,232.357889716472,1365.01717758256,92.4159812062726,286.254409924169,0.00768583199931859,2.43610264283896,23.3621602832758,18.459242975412,5.76940942563214,2667.87336368251,100529.280623955
23.9636623695719,3.99145529927455,1344.09147717306,233.385530481497,1368.30179537807,92.7026680295354,287.938236022455,0.00782478485668691,2.52711714261694,22.9398025292768,18.5569724607289,5.7480877660733,2675.01873502527,100124.871812512
24.0837373879182,3.31240551756128,1347.15891859775,234.026233302399,1371.84658230855,93.0101419334285,289.389468583528,0.00796542764256876,2.63968499715948,22.3785005449131,18.6667369659754,5.7226359903919,2682.14087224961,99674.897081522
24.2214731314786,2.78308549071259,1351.7446673651,234.534546969862,1376.98980063826,93.4292702485853,290.876496753483,0.00809901809273413,2.77123368243887,21.7308181067521,18.8090357779448,5.69236699602035,2691.86807554529,98955.4539883386
24.3552191673316,2.38631887831631,1359.65859171018,235.136078080149,1385.60562539908,94.0882221638159,292.767666924532,0.00820743085109593,2.92121938489976,21.0451932116635,19.0188993085382,5.6554921106737,2707.75587496165,97801.3879095632
24.4776898338452,2.09474853317759,1369.68324840244,235.754332773213,1396.45066766582,94.9011830654235,294.852676826505,0.00828902565072867,3.08373582005123,20.3530573541127,19.2962140181454,5.61284395714474,2727.50738891618,96605.0356202534
24.5963953763867,1.87025679208358,1379.20582405976,236.14993468744,1406.82819555549,95.6833783806439,296.664711184628,0.00835968199161128,3.25450909009017,19.6587596286877,19.6106159200856,5.56675374071363,2746.10160382378,95495.3992938627
24.7170340472062,1.68483403514736,1387.95630626658,236.272392964427,1416.45268154156,96.4164601562812,298.180917663089,0.00842547517312729,3.43518038644917,18.9512497605714,19.9524243896997,5.51761725200155,2763.01010808472,94341.1472660726
24.8404539033557,1.52271283107713,1397.37813105861,236.248302696621,1426.81008970972,97.2039055552845,299.705768606507,0.00848478434832277,3.63012567679422,18.2186261908653,20.3366917628844,5.46407706470425,2781.02827951811,93013.2478615228
24.9657554307862,1.38857984398854,1407.37423587854,236.091836396208,1437.80148712418,98.0387837549249,301.219016934815,0.00853326541517955,3.83851846218907,17.4658725362184,20.7634614819082,5.4062382045336,2799.98620905099,91726.9464620066
25.0915126793385,1.28092411221604,1416.68255534403,235.708079396331,1448.12430785458,98.8304547041567,302.46861002377,0.00857815241147028,4.05517376583574,16.707898607437,21.2160918162353,5.34570900655705,2817.45697908088,90555.5740988788
25.2197801346345,1.19324399272084,1424.34854862086,235.017024055315,1456.77884882309,99.5094026056945,303.254005882649,0.00863074800608811,4.27561027999466,15.9630596221152,21.6754253146335,5.28413521145358,2831.57896981035,89581.0390127321
25.3602848873719,1.11525287409581,1429.58781277667,233.93781387053,1462.91601962184,100.017023413072,303.387107276853,0.00870904372864031,4.49596438866921,15.2602180084357,22.1178115266339,5.22330006014349,2840.77088569636,88881.3751881093
25.5173996695428,1.04238230000651,1432.84464668071,232.511259404802,1466.96840836753,100.383135854877,302.943696555897,0.00882219957475886,4.71514150599349,14.6113174288481,22.5351006365742,5.16380088949764,2845.85958640941,88322.9967468011
25.6858776358137,0.975747024615326,1435.33174540942,230.883524609612,1470.19358419926,100.693878308036,302.191720412846,0.00897056390077977,4.93276649055536,14.0059937779685,22.9359809652943,5.10527502326213,2849.23820437197,87840.1875246839
25.8554969634124,0.915401915212944,1437.73914514213,229.146808426985,1473.32532586461,100.999140151617,301.304439943264,0.00915946808297965,5.14758559746665,13.4249204341866,23.3280690581919,5.04754660634899,2852.30491880333,87410.3579295588
26.0093991009204,0.858938980138971,1440.21415794097,227.282287301339,1476.54789123652,101.311600957495,300.333255389474,0.0094012669146717,5.35932002037775,12.8365368634636,23.7134511659293,4.99057710002207,2855.36475692401,87020.7099560937
26.1387297949934,0.806849841212524,1442.60337560864,225.25853774983,1479.71751054011,101.62125519271,299.256168714927,0.00970603024583362,5.56789698928587,12.2246274734777,24.0899155766056,4.93451895550794,2858.12706667836,86679.1120911185
26.2486594053124,0.759824786257382,1444.69550520639,223.0967972057,1482.60312454862,101.911493559896,298.037746368894,0.0100856194574854,5.77225198264539,11.5998424756786,24.4540952271919,4.87973571114086,2860.20442605692,86388.0754077238
26.3532071852433,0.720722741696959,1446.00697019103,220.809210731711,1484.67622137396,102.144807503562,296.592380289279,0.0105546497364254,5.96847960508913,10.9781247441437,24.7974522329017,4.82728576780436,2860.68085449358,86215.9197893405
26.4750353221238,0.693104217098796,1445.65106755966,218.3434767095,1484.97677418639,102.253858957906,294.76606844602,0.0111369280097297,6.14811807191326,10.3635731840633,25.1027014125959,4.77937390209544,2857.83216300056,86254.1919496303
26.6257895236588,0.672394399232861,1443.57607033353,215.681573783449,1483.42607679406,102.232607946117,292.568187768834,0.0118825478197558,6.3059834216097,9.75173880674624,25.3640524832863,4.73711308657634,2851.53520001999,86398.8743756668
26.7991688968347,0.654644931213071,1440.82530766503,212.919353313795,1481.10834088815,102.155268362632,290.206818144338,0.0128541780898084,6.44213945755422,9.14348854083161,25.5900729438476,4.70005452459577,2843.81509517917,86585.973508188
26.9780632748432,0.636419499285132,1438.0660603617,210.13328711593,1478.73256117367,102.069613484324,287.805312332199,0.0141398438591072,6.55603577195334,8.54793638788866,25.7866655877463,4.66796483235635,2835.98691912011,86809.1403013187
27.1318790749602,0.612928003418336,1435.39057353816,207.329504415866,1476.41949777907,101.982856772294,285.361855368785,0.0158542946399511,6.64612286008634,7.97606089412493,25.9511525014055,4.64121144459001,2828.23892793959,87078.5388479021
27.2413809523831,0.584854481435401,1433.02051949702,204.527271209978,1474.41162917713,101.910384291105,282.905093763751,0.0180804947082174,6.70919791458466,7.4360805330438,26.0810287331452,4.62039596975021,2821.00183722917,87373.3581820279
27.3125059669282,0.554930817114888,1430.60393822771,201.684742300173,1472.34066737132,101.824580156662,280.374047565552,0.0208261361586129,6.74065212257607,6.93336310634143,26.178453228485,4.60609205346632,2813.58628058383,87678.3125208324
27.3616301410303,0.524400995269862,1428.34142251067,198.808437379109,1470.40677307415,101.737735285995,277.824265106297,0.023987628783741,6.73990287085314,6.46533164541698,26.2568546571974,4.59767301073677,2806.37272258316,87888.9590873897
27.4088438839218,0.494324919106013,1427.93906788365,196.062869100334,1470.37244528613,101.771646054533,275.597496014663,0.027368039258158,6.71221094715196,6.0190446174263,26.3453472529893,4.59277314121701,2802.67030111501,87878.3887193876
27.4666549763397,0.466687150683605,1429.68220768184,193.49245642654,1472.52844144658,101.946323884461,273.754361698922,0.0307732052759564,6.65993702993226,5.58845552944687,26.4555554466863,4.59038360149378,2803.04323154689,87779.3325185569
27.5334224758201,0.441836056554738,1431.54897573714,190.896773711856,1474.77826165354,102.116457612035,271.912726012076,0.0340963029186607,6.58370193576794,5.17630157140192,26.5756780362526,4.5910598083343,2803.57160413333,87661.2576275654
27.6017921482088,0.41905837720691,1433.29012703276,188.236489222029,1476.87020221554,102.265126286533,270.026039716494,0.0372621001962423,6.48777206039253,4.78828548099718,26.7023630804616,4.59437443030977,2803.76853617969,87470.5589369114
27.6672766189769,0.398308185834809,1435.7723687418,185.544439104054,1479.72550810464,102.456036241051,268.259644015572,0.0402010175687988,6.37842782638486,4.44031491046398,26.8503759977558,4.59859865536574,2805.29705300247,87125.6598884502
27.7300305945739,0.379928248853336,1439.12770673677,182.816343966752,1483.49176434091,102.699203016685,266.640681097975,0.0428626040903957,6.25809602356267,4.14359782864797,27.0256906918072,4.60304471019552,2808.41148059115,86720.6893394642
27.7914285601812,0.363662617293859,1442.68425640578,180.016759093873,1487.46230711255,102.946395415432,265.045447743989,0.0452311949929377,6.12642439090216,3.89262901842359,27.2195238635833,4.60824842306117,2811.8256021701,86307.9195736691
27.8508131777847,0.350486156424796,1445.97114037208,177.144972039275,1491.13530233705,103.16436322065,263.394641292092,0.0472911849471706,5.98394558149236,3.67543183817388,27.4237656776873,4.61458946965099,2814.65511136871,85906.2094749633
27.9042232913144,0.343005329859788,1448.82997818103,174.249757681127,1494.33530238719,103.3429301314,261.68505824695,0.0490160086433411,5.83137838567332,3.48285793385881,27.6348260875597,4.62219144132522,2816.64834338854,85526.4862251042
27.9491216318955,0.339899814236906,1451.32606327406,171.376316171437,1497.12598320693,103.488115512756,259.947847484327,0.0504569648253391,5.67061888883368,3.30962756684226,27.8519663203524,4.63083856680544,2817.96979287543,85163.1783551129
27.9870052941698,0.339149283412303,1453.6064570669,168.533424474919,1499.66266283689,103.611538023136,258.203140165516,0.0516897568176517,5.50513397761924,3.15274675642014,28.0744789591553,4.64005146200285,2818.89910761452,84814.5811088161
28.0252788285136,0.345982760722105,1453.76400837792,165.592350759002,1499.94808780569,103.575256011554,256.126367009786,0.0526620920828458,5.3284200137636,3.03235205781516,28.2623364484065,4.65302744269282,2815.78702157436,84841.999107333
28.0753648004606,0.373239269305312,1446.63433308998,162.217252711547,1492.56597824911,103.005494830658,252.903427630973,0.0531498489678802,5.11662045957378,3.00964193773759,28.3074012275891,4.67940515614489,2798.79284999855,85810.5114828679
28.1352772805299,0.417061618474483,1431.15632824325,158.313723709456,1476.3983856168,101.828059451466,248.443715910406,0.0532034228960552,4.86289496467064,3.10987073481385,28.1698131355593,4.72249963273043,2765.91944601583,87238.6242102841
28.1941950822682,0.471091068595193,1412.698243072,154.268641837118,1457.05049032445,100.43329764046,243.671045301004,0.0528710954762746,4.58398713981571,3.29762057974511,27.9119444207365,4.77628913363387,2727.45002192605,88770.9389415228
28.2476599218979,0.562871553477676,1395.83936882335,150.53180181333,1439.32266683288,99.1523571230315,239.444415150686,0.0515754068974986,4.28834787024416,3.62541923096864,27.6072609238053,4.83545483635382,2692.30422082873,90273.0767983488
28.2977465854734,0.781120607640636,1384.60519533952,147.748751208759,1427.45296916937,98.272287022075,236.831947366616,0.048107870023535,3.95469527138492,4.38435711289156,27.3233070391468,4.89977634869103,2668.71093858877,91685.6410020709
28.3478857631552,1.16655746940265,1377.5192843904,145.957454228197,1419.95309183543,97.6881486316616,235.846862916431,0.0434097884555634,3.56680504972868,5.76282074094969,27.0888431361876,4.97029759294059,2654.16071233697,93076.8631330287
28.3992388383254,1.76760522173171,1368.57926762095,144.522533371503,1410.59909359242,96.9776241608328,235.269406654779,0.0385545372342532,3.15660749368001,7.63276845801924,26.8772840278439,5.04358627080059,2636.94349463177,94473.711694865
28.4516209509888,2.66609886192036,1356.59269982419,143.853177798753,1398.06907646507,96.0567473156994,234.467673386304,0.0336332152948835,2.77839714667602,9.7161955031953,26.614229978812,5.11537322177892,2614.82346677301,96274.7459100449
28.5013538400085,3.88372452825614,1338.72893398412,145.532430358004,1379.25625535066,94.7107345804293,232.474394390231,0.0286223528256419,2.48620111389755,11.615611400271,26.1937817459477,5.18309914292447,2583.28552323243,98890.8694783649
28.5417894348571,5.39745555567313,1316.27593495422,150.481207146154,1355.4278703858,93.0311121220417,229.227622881981,0.0234298747282524,2.32194326299987,13.0591842169132,25.6152586957112,5.24031391277971,2545.17557621554,101686.30251275
28.5710113627952,7.12563261082197,1297.29663836743,158.306758143638,1335.01781349509,91.6081316440158,226.22059381592,0.0184994633598973,2.27066038836997,14.1121890148063,24.9730050218867,5.28401048312735,2515.28903371447,104365.946310106
28.5943943611507,8.69974705710755,1286.78256082137,167.665156492957,1323.33086162213,90.812325289232,224.655516105409,0.0147872117595863,2.27882440374969,14.9210138653111,24.3831153320131,5.31596163184112,2502.20679653918,106226.795232274
28.6255126158698,9.55231123242587,1285.39128338228,176.867923333304,1321.17150272378,90.7005150781708,224.955360796118,0.0126001040175328,2.30302893250831,15.541321648646,23.9475973495757,5.33728860779808,2506.18759442834,106791.625574016
28.6703344811762,9.69562015957509,1285.46696916126,185.130634941025,1320.62618264762,90.7146258722648,225.909625891864,0.0115006398372855,2.32372790296505,16.0350456680296,23.6362618041415,5.35275698031389,2512.52732434552,106912.461562112
28.7229939359438,9.47095266584565,1284.53203997755,193.113274316824,1319.065297554,90.6584569127154,227.001198387359,0.010961216061302,2.33706698994191,16.4416641197404,23.3750781229799,5.36702406330142,2517.00124255827,106824.734351266
28.7709891119609,8.9550070156563,1286.67037830745,201.130501825256,1320.70247104812,90.8228457656336,228.858882071989,0.0106659391266929,2.3505748057175,16.717059212316,23.1950688089416,5.3770777228241,2527.35181214568,106020.289874599
28.7979182728405,8.12478154152003,1297.00104580557,208.765002624097,1330.86231193406,91.5863882455202,232.349100503716,0.0104611203959084,2.37885478210246,16.8125877050724,23.1833615873529,5.37574851450775,2552.77384971392,104209.070480328
28.8031754618182,7.12028500415961,1314.52240818679,215.896876559135,1348.50225386813,92.8799805082383,237.22991221577,0.0102955498167928,2.42976674746577,16.7507775843849,23.3289717760657,5.36234576120757,2591.27743869551,102216.097269382
28.797618089468,6.10980282362671,1335.2225128758,222.732939782556,1369.45080774629,94.41118761146,242.691084744814,0.010155779578492,2.50605803947143,16.5691249044893,23.5638611640934,5.34014168745874,2635.49266919044,100272.692607837
28.7965595200122,5.18262910369631,1356.70876290051,229.29571705665,1391.2396083112,96.006195087063,248.216639364363,0.010029196473582,2.60946701199198,16.2786903945244,23.8458311269393,5.31113194039475,2680.94710949149,98485.588070083
28.8241855092777,4.38777963992003,1377.64264709005,235.391848341814,1412.51549951912,97.5684543555465,253.502694833997,0.00990534546097384,2.73856343974286,15.8798294602146,24.1493890777326,5.27686108459609,2725.00075622638,96926.8164667062
28.8874494717792,3.74030317034853,1393.48120144756,240.339639837576,1428.61573088748,98.772166721729,257.708772365176,0.00980652905751144,2.89219863818998,15.381575463881,24.465150836944,5.23797746097987,2758.72772485686,95519.5279604611
28.9735874396409,3.2447061806713,1401.05297368169,243.687373482658,1436.26974408678,99.3890764232164,260.226008091793,0.00974972234770136,3.07276281100553,14.8068126076764,24.7883850039388,5.19439185505033,2775.88713463285,94245.3201654786
29.0618906892142,2.84178440529064,1407.223546629,246.286480888806,1442.55062290304,99.9129248617488,262.281148232013,0.00971482000192026,3.27256310267239,14.1836307337164,25.1302153499615,5.1466123799499,2789.83342651533,93009.0237027254
29.1224447060613,2.49099423774698,1414.82857174707,248.444189503667,1450.4080358412,100.551535964192,264.404309266079,0.00972081692101562,3.48784284963575,13.5401665030662,25.5070176549891,5.09429188336091,2806.0921734303,91721.467110199
29.1447227742314,2.20029541208908,1423.62642682645,250.210558088672,1459.59663362456,101.287736742558,266.572750042629,0.00977918662960199,3.71523712563382,12.9009929954938,25.9142870650092,5.03821535566569,2824.26908179199,90525.131319449
29.1419722700849,1.97080216247887,1432.16524285235,251.552964803906,1468.5928743545,102.012800604299,268.561625794831,0.00989846063942801,3.94813601780415,12.27923803973,26.3337958028807,4.98044713347651,2841.64237570165,89468.1318515586
29.1291577864947,1.80719507541919,1438.3909824355,252.431667024423,1475.23595470349,102.572180034885,270.029298369019,0.0100791140010083,4.17589535767571,11.6892630832007,26.7301762573845,4.92458717842419,2854.34662717466,88780.0417951243
29.1143022062095,1.70511188745153,1439.48326345369,252.767035554154,1476.557866354,102.753878318027,270.485152754867,0.010332579014589,4.3809512490097,11.1494017393469,27.041250673492,4.87672251262682,2857.04187985782,88725.8109370988
29.097672426673,1.62616415964808,1435.78499407799,252.540026040374,1472.89647629181,102.580573306493,269.984375721759,0.0106955540596374,4.55632722266586,10.6503491479159,27.2495212609348,4.83885676198673,2850.32967920886,88948.1881260405
29.0767270886033,1.55355142024072,1430.3832937867,251.914361388925,1467.46172706359,102.278373640231,269.063641048169,0.0111841330855619,4.70678897561912,10.1740982308619,27.387442238297,4.80845062044635,2840.07190404813,89260.6852094869
29.0510199820626,1.48420358500175,1425.70418405978,251.131747938957,1462.77359248694,102.024094196226,268.175242759914,0.0118121462315014,4.83491368284154,9.71694802298467,27.4880772810722,4.7832903244781,2830.97506294433,89569.8636674244
29.0237457161948,1.41786580612533,1422.9442541409,250.380575103421,1460.06379159629,101.903614582603,267.563295742813,0.0125985830112168,4.94239438277344,9.27275485385634,27.5742820477281,4.76189920961487,2825.41368217783,89804.4499545969
28.9973839697499,1.358750233164,1422.50172202504,249.817189768616,1459.73088088063,101.943930119451,267.326792420208,0.0135526214056309,5.02760431970984,8.8437769241304,27.6496746091455,4.74436201940816,2824.24714687767,90038.84704399
28.9712149793317,1.30841294231744,1422.23367061816,249.222634149166,1459.56241381603,101.988592040694,267.095657935095,0.0146951977742908,5.08805409786843,8.44172936070428,27.7039860792699,4.73166332502773,2823.34369966289,90304.2799394814
28.9468442641727,1.27109845247748,1420.88196559355,248.403915231346,1458.27674194727,101.947357396347,266.661713686712,0.0160207873057885,5.12493419618699,8.08510014894331,27.7368988739109,4.72370029085775,2820.25178193671,90533.0159551736
28.9333657721575,1.25843039354549,1420.19432526301,247.530622153461,1457.71331037328,101.950021511232,266.404050557301,0.017451284306292,5.13701183324968,7.81617450356263,27.7695852465592,4.71952803066464,2818.41437024552,90639.8924237261
28.9361595777536,1.26652030570534,1420.29828176539,246.612564736102,1458.02143148164,102.006778624761,266.392488607714,0.0189237422051008,5.12106230845185,7.65997796825514,27.8140870129425,4.71897475412365,2818.1203389384,90706.5187641756
28.9515582867337,1.28525065972822,1420.77538028437,245.641357454823,1458.75316499574,102.085650824893,266.528658871471,0.0203568556599156,5.07816946905323,7.59771292074982,27.8649543571063,4.7221490816572,2818.55732608679,90764.1667270317
28.9772733317732,1.33761317098726,1419.79803347359,244.557810129625,1457.99114969335,102.050373190596,266.480461158437,0.0215543392350349,5.00460069900425,7.61950898840405,27.8968939763651,4.73099729567592,2816.25726976125,91046.1032758329
29.01998354098,1.4784109542595,1414.45963680667,243.368079559712,1452.69814784582,101.684606001014,265.837402544612,0.0222422076609097,4.88393309153644,7.75638592724967,27.8645524961321,4.75057950082203,2805.86167086929,91820.0467703304
29.0844235022284,1.6945999089986,1405.49736267457,242.243452783471,1443.63166429659,101.043558813151,264.820352702585,0.0223906128540843,4.71535390773156,8.00474273344382,27.7710911674169,4.78089968621691,2788.91798754152,92731.323839759
29.1667360731992,1.96405196856316,1396.0520323941,241.352836218952,1434.05558763306,100.362573778448,263.926166449838,0.0220636232050384,4.52130447133096,8.31558343462358,27.6556945964109,4.81634296168937,2771.36520501756,93611.0995895378
29.2494253337355,2.25451889548632,1388.68609828588,240.952720113001,1426.57785963608,99.829578187209,263.489399076753,0.0213535094099609,4.31988575978391,8.66291351407765,27.5242714446114,4.85372995860612,2758.04187761123,94592.3044544663
29.2912515535773,2.48912130052499,1381.70070697984,240.890625860025,1419.30942856893,99.3149700666261,263.011951291251,0.0204468030344245,4.12504199048496,9.04954528628492,27.3380687799076,4.89296174390536,2745.43860808607,95846.0919784419
29.2708243359778,2.65206505317155,1372.42587614723,240.775113102182,1409.43406898745,98.6236315812687,261.890538997657,0.0194383716848882,3.95369540874029,9.46336092800285,27.0819405586769,4.93231699483388,2728.17936827914,97147.7618653716
29.2050730882725,2.77410982991783,1362.45862985767,240.754374977248,1398.66648328619,97.8773671111545,260.49151660553,0.0183382154197721,3.81013123983411,9.88548528374818,26.780936821058,4.96987598993736,2709.45052053671,98407.9613350835
29.1163432254493,2.87531179220406,1355.00728135683,241.241437946226,1390.41937341157,97.3162137757862,259.537744825461,0.0171752672711752,3.68538260941579,10.2910245268678,26.4614818960568,5.00559571827708,2695.69868859991,99601.1287057299
29.0158831880023,2.961181897828,1349.70666007277,242.120804158141,1384.43180687243,96.9220959505985,259.056446369065,0.0160466314995849,3.57197158392835,10.6236330915926,26.137538768533,5.03986882528014,2686.32787946899,100708.375800105
28.9057402207755,3.0365786434253,1344.15664700518,243.024189099317,1378.26348229293,96.5226889985766,258.625317308774,0.0150513402099792,3.46958087826583,10.8615802242666,25.809520466001,5.07278681334852,2676.65030423396,101737.45287222
28.7848299140982,3.0979856465898,1338.39562189017,243.975270565678,1371.90407006765,96.1156760192327,258.225296575009,0.0142344256387104,3.37883707562232,11.033956732585,25.4761887630362,5.10436913027826,2666.68964011216,102677.025676497
28.6562939081496,3.12090042097844,1333.09832362825,245.020927720064,1366.0327952524,95.7468648350166,257.953160640837,0.0136202261916235,3.30072599685808,11.1516964248651,25.1534900225595,5.13358543296237,2657.69954581492,103377.590734681
28.5300613748177,3.08719371412961,1327.54817875814,245.969987172024,1359.96556432735,95.3651051963783,257.643627200363,0.0132188910550915,3.24113130062365,11.1894391982839,24.8659001318581,5.15820368870062,2648.23639360919,103727.498172807
28.4098852963422,3.009917417571,1323.0089657984,247.009086082548,1355.02344577071,95.062034121915,257.50769303083,0.0129845006160089,3.19973447425039,11.1422446675062,24.6153702268095,5.17813991838832,2640.78962307944,103911.16999273
28.291994994985,2.90361969532416,1319.7364719677,248.191387606375,1351.4388745505,94.8545152002428,257.591841185955,0.0128804519279523,3.171461718489,11.0289539269581,24.3909355678292,5.19474213619038,2635.84386100226,103986.616353633
28.1919644239416,2.76202409321551,1318.60209717764,249.513756327787,1350.08640958225,94.8061218919969,258.064456078137,0.0128872129696254,3.15676600238534,10.8542709197681,24.2053089218374,5.20723993379655,2634.99810982762,103772.262260445
28.155955086245,2.58508770640666,1321.12338922879,250.976645682387,1352.50937167403,95.028029356276,259.210667853406,0.012985154275683,3.1602900118962,10.6137257792717,24.0880731274614,5.21330227957329,2641.05526713539,103150.969510976
28.1960921343536,2.40175501472082,1326.72339707549,252.512247708918,1358.10232704017,95.4773085399255,260.915994696429,0.0131526850711797,3.18113577165018,10.3187070307451,24.0333224060192,5.21338562770311,2652.87784153915,102430.297894444
28.2852150175495,2.22990475208574,1333.73758755228,254.036914929233,1365.15959140684,96.0318309748903,262.866487434295,0.0133802058711328,3.21419423502213,9.9862556451819,24.0146449022339,5.20971704217953,2667.31655287415,101707.484292942
28.3917213164394,2.06660807279275,1341.80948954888,255.47469594541,1373.32341637249,96.6661979466885,264.990163418518,0.0136687201011325,3.25766567782224,9.633436388229,24.0270269304321,5.20282932665503,2683.65807357901,100898.930351664
28.4819606210736,1.90741091578947,1351.56694537369,256.701456882068,1383.22914710726,97.4268225316576,267.392397946924,0.0140248435068824,3.31242798159524,9.2917429993364,24.0816394069409,5.19193936285649,2702.95877114275,99941.7911275159
28.5469526160768,1.76294724825901,1362.70983925841,257.645901771784,1394.55723901269,98.290757747019,270.002669299359,0.0144550916624246,3.37584866153528,8.98033076785519,24.173458374333,5.17768386413833,2724.58865062651,99001.5069888884
28.6012797131076,1.63829637552501,1374.28293042515,258.32948107023,1406.32916786576,99.1865813319097,272.63812231673,0.0149744807913437,3.44218390072118,8.69555836879702,24.2861651517838,5.16180897520684,2746.78998428248,98130.4566032703
28.6506647942204,1.52135655906842,1386.62250832202,258.882652825677,1418.92941313243,100.140489732895,275.360864287096,0.0156100932088551,3.51047037677679,8.40808370078649,24.4250226001673,5.14414924762519,2770.32072750142,97156.4824577206
28.6813044645623,1.40069006115481,1400.85368511211,259.478767970395,1433.59157593909,101.240107367034,278.371437490073,0.0163956560266838,3.58534655508347,8.06311234589817,24.6149114586581,5.12259805258242,2797.46751417812,95936.4706226809
28.686227520363,1.29335704919061,1410.88850994838,259.198053761231,1444.07343050209,102.040662248159,280.46797703518,0.017408571317076,3.66899067476032,7.65233311438152,24.8476783679517,5.0972792226893,2816.21833086705,94736.4415089261
28.6728180756629,1.20349609846581,1417.76893138171,258.286186745595,1451.39755613703,102.612330479005,281.836955129096,0.0186685052137398,3.75546663548298,7.21414374729291,25.0955654251628,5.07061541470543,2828.63699227625,93641.4877928891
28.6517587959717,1.12667964778036,1423.46151082217,257.083013971398,1457.53091586184,103.092261431416,282.854783630692,0.0202146433875385,3.83440315087861,6.78262770211904,25.3417763493669,5.04505210004347,2838.57811855293,92696.3028864634
28.6353453648301,1.05754768210158,1428.21870965334,255.660236302029,1462.67290807994,103.491367981436,283.555971505014,0.0220963706258038,3.89746534043834,6.37750099741357,25.5721220024302,5.02260104683018,2846.49530975082,91933.7173287295
28.628226669506,0.994519233309426,1432.26232502339,254.061796102784,1467.02915757617,103.822109518052,283.979829043097,0.0242911530167064,3.9392627285995,6.00569447513699,25.7828160596825,5.00427087441248,2852.80828268395,91282.4453443817
28.6259591383521,0.938348225516694,1435.96323345029,252.33985942665,1471.00036036146,104.112532834337,284.218009332652,0.0266860377238528,3.9563066483507,5.66806314726894,25.9788680513122,4.99030773989666,2858.27629848788,90710.092105847
28.6208306519018,0.884524407665541,1440.14003643278,250.55313224499,1475.47415084258,104.426969779818,284.451887927716,0.0291447922849445,3.94985315144866,5.35682937721641,26.1768424763507,4.97960938260449,2864.52538115108,90070.6290084278
28.602783190938,0.827656326362683,1446.14466828339,248.750193167893,1481.91577619536,104.872481045702,284.95305869609,0.0315627339864201,3.9273567103611,5.05417181991529,26.4069350538321,4.96938398638151,2874.18796279302,89214.3526655617
28.5677670253902,0.774098311895307,1453.55454601525,246.858098959689,1489.91196978811,105.420872238421,285.642451945229,0.0338408409131316,3.89234953460153,4.75645998198224,26.6725945109839,4.95892045421679,2886.44655222881,88341.3564079562
28.5196381413373,0.727123877039561,1460.71461322648,244.762255577828,1497.71822139263,105.94743261814,286.209072068495,0.0359440676327079,3.84356100959545,4.4730308064055,26.9524524536602,4.94963490852106,2898.10030443627,87538.8989738794
28.4666030278502,0.686718063895758,1466.91445305499,242.436320744726,1504.56572124007,106.397047287617,286.523194893212,0.0378739550160275,3.7811079042458,4.20986175322151,27.2339277573506,4.94224877745013,2907.77519289251,86793.6649516237
28.4217659199871,0.652771144769372,1472.40602604019,239.912819412228,1510.70129903123,106.787110361377,286.642787405123,0.0396234537458068,3.70620428097266,3.9713995181923,27.5183643606396,4.9365340214214,2915.95779794065,86071.8206830611
28.3921149901204,0.624368729945959,1477.43360723786,237.22379080494,1516.37321526842,107.135472369729,286.62265341298,0.0411898789718013,3.61960295853053,3.75983955857306,27.8075002564752,4.93229647941239,2923.128392403,85398.798863584
28.3743347423657,0.600186217555625,1481.96567741023,234.392211322433,1521.54452449742,107.440256924513,286.458739025214,0.0425841512000529,3.52218335617869,3.57279117254701,28.0983076553202,4.92958123307359,2929.24311178491,84786.0491514799
28.3641084281688,0.580410073002835,1485.37119582713,231.399444372768,1525.55344765989,107.655674815703,286.031362748745,0.0438190414834941,3.41399795268066,3.40889705987984,28.3756007816034,4.92923269591638,2933.1043468314,84340.2191673997
28.3632345458324,0.564581401303177,1486.20013699782,228.15566287986,1526.88283425457,107.676234952398,285.06659825494,0.0449370061310247,3.29374532009744,3.26918645707531,28.6046986641604,4.93338185631884,2931.92850939767,84211.842691177
28.3752240879494,0.549296945548113,1484.46007795042,224.675532257705,1525.53250972771,107.504585381944,283.565893425363,0.0460039131840143,3.16410822691765,3.14611240898227,28.7720615076112,4.9423851360101,2925.73544303661,84243.0825476599
28.3997900218734,0.533463308751945,1481.58153471288,221.082661051823,1522.9880312602,107.247611937746,281.799952132188,0.0470427394187686,3.03046477859849,3.02840867287141,28.894992078893,4.95447365637708,2917.29031824974,84326.3160641565
28.429095535195,0.517003913479452,1479.01771086584,217.523738640403,1520.75255099207,107.011591123518,280.046376024067,0.0480562240395632,2.896591602788,2.91161612939816,28.9936008815661,4.96797026403926,2909.41203509378,84407.079222935
28.4424453742229,0.49965418963568,1477.53312170952,214.068360693724,1519.60016467168,106.849638083013,278.447321041434,0.0490583944467656,2.76470476128792,2.79637731084989,29.0823252851524,4.98175340015004,2903.55791425407,84446.7968416057
28.4252203828158,0.482432706168563,1477.0379212489,210.710206461746,1519.42286915073,106.752861409401,276.9867873489,0.0500527863229572,2.63572663896305,2.68623247523652,29.1637530020039,4.99556652392362,2899.5406736891,84478.5253991425
28.3809006503789,0.466037451900377,1477.12189945646,207.431836136461,1519.79700873278,106.691618999306,275.598699106708,0.0510361336255589,2.50928506061565,2.58464918909082,29.2320334672056,5.00981886270691,2896.59084351352,84524.0442740833
28.3210403885665,0.450593512450164,1476.70311187586,204.120002464415,1519.6180236105,106.58955173251,274.095941711871,0.0520425191352898,2.38559645202296,2.48990267120553,29.2807662816626,5.0248640685208,2892.63407909644,84593.1392692419
28.2583221992063,0.43565266865727,1475.63159417248,200.757645355106,1518.74993601178,106.439268606427,272.461413219429,0.0531094515057059,2.26547943951294,2.3912585361638,29.3055257141203,5.04084718066401,2887.40553797702,84691.9538028863
28.1998301396453,0.421009840682908,1474.20144552541,197.372081236595,1517.50811535622,106.2643940321,270.75478630456,0.054266625913119,2.14927530381585,2.28017789325094,29.3059391173941,5.05774187799873,2881.48805644909,84811.3888752647
28.1451807536601,0.406719402055742,1472.43091996267,193.963930325461,1515.90861411534,106.06609444236,268.98120402,0.0555385181735944,2.03736575020774,2.1581708250319,29.2840857643273,5.07538182876881,2874.91441278546,84943.7098055581
28.0934719987469,0.395045250583505,1471.17612722091,190.625135300881,1514.83059421081,105.90532475589,267.308404942046,0.05683371201957,1.92958521109579,2.03651722947771,29.2534089379716,5.09306316415893,2869.34466512189,84994.98517932
28.049273867738,0.392132712607384,1471.88422835915,187.509409855487,1515.77289366306,105.885856641734,266.042590361564,0.0578355591648386,1.82360590413554,1.94224383508949,29.2457185414041,5.10941562526687,2867.60941015839,84836.5330533467
28.0156498459508,0.397649286803613,1474.26712607399,184.603358458357,1518.43892483559,105.985662017254,265.169268684522,0.0583731788317003,1.71638163875095,1.89693770993564,29.2735235164556,5.12424645322815,2869.18626242245,84587.9409309233
27.9902201558343,0.408436731783499,1477.04493894805,181.791242132013,1521.49982818524,106.111434796454,264.450847339067,0.0584990553985556,1.60808722176565,1.89827346528579,29.321701651728,5.13837719017838,2871.60252244152,84323.9851803435
27.9737679955066,0.429912898354332,1477.87792304097,178.891033374891,1522.53162828658,106.09326838097,263.47006475785,0.0581116801002247,1.4982018343052,1.95809698060977,29.3436836758553,5.1544854919621,2870.3756635907,84351.3401479084
27.9823878038438,0.479514518328181,1472.36800204959,175.579280880837,1516.99574949316,105.612674801746,261.526942455084,0.0567950375310344,1.38132218280915,2.14784062707738,29.2459118168295,5.17866609141485,2857.16128376291,85127.1571543612
28.0351050835545,0.556154643280905,1459.63548460795,171.744368502722,1504.01038168615,104.60955707161,258.547865718242,0.0547851074202291,1.2587958160105,2.5113241736199,28.9971814002318,5.21251634139992,2830.3217084261,86263.2709306789
28.1336205587646,0.653495397279428,1444.53000630479,167.748261288772,1488.60626316015,103.438837131741,255.361793796996,0.0525160880719733,1.14155573437016,3.01081909841798,28.6512706385308,5.25134076457821,2799.12326748155,87465.4624868972
28.2700100376204,0.808708612825479,1429.93954581852,163.887596484287,1473.75326758607,102.31079785419,252.514625549776,0.0496430747587914,1.03474523681241,3.66443784554322,28.2537415012414,5.29185739081223,2769.15185323094,88768.3155326321
28.4447589332899,1.15903459083031,1416.76956291507,160.452281308468,1460.32977283683,101.288463426595,250.474063454642,0.0452222530934049,0.926154650759905,4.69288159124878,27.8168872252975,5.33558728329254,2742.43410314993,90324.1900908518
28.6594548857744,1.82863876025476,1404.89878962769,157.539835779222,1448.17761381273,100.364247863359,249.423345225376,0.0400491588245087,0.814703137571374,6.24178263531564,27.3512079089409,5.38238360786853,2718.91252392817,91972.2427077317
28.9078219091173,3.5208474250043,1392.11128956911,154.863117374482,1435.02570016582,99.3801941489708,248.346948259675,0.0104291286650553,0.646552512444066,8.21917146650931,26.9084501253925,5.43473887853347,2693.90852307101,93620.4744972659
29.1429003112128,8.85439488217687,1417.00782039221,155.47374863318,1460.74167084843,101.110782954868,251.655634996127,8.39537618702182e-08,0.233624563369639,10.0290678433131,26.9746856240002,5.48359167147164,2739.78987711739,104905.105807318
29.3944815071277,18.4921509589771,1389.60489042528,154.387816619382,1432.05109938281,99.0530257920844,244.065622371173,1.83242374860269e-08,0.0401351955912627,12.2307755123025,26.1768078702311,5.5481823387124,2686.11809654294,107853.754024222
29.6364342243892,27.9241800918855,1378.43101122296,158.266474123381,1419.56115098241,98.1025323543226,240.521417257894,7.03477114070163e-10,0.0125577693209876,14.5539814849622,24.8885524962964,5.62202976184696,2666.38778985518,111038.040183745
29.8621166825956,35.6705055319513,1357.80076941056,163.336495209582,1396.94432811423,96.4362572214254,237.13257057493,5.55798115203755e-12,0.00959482961558849,16.8214603415715,23.5252173445336,5.70020277768998,2630.76743956234,114154.159936746
30.0773253807759,42.2919113659288,1344.40615592815,169.719518950566,1381.63937145078,95.2733437304776,235.463294692375,1.98184562290709e-14,0.00683968116467343,18.8543357721867,22.2879177777083,5.77151146610553,2609.64300700129,116377.975688497
30.2985949953483,47.70807945894,1344.67926221238,176.762523965493,1380.42711883799,95.0911720574373,236.053728158423,-2.81428595738122e-16,0.00434734200776077,20.4505923852007,21.2821878449691,5.82941613581763,2614.22281622186,117134.229302062
30.5343121696454,52.0514543244045,1352.92022312674,184.040905598825,1387.40831414624,95.4790378006421,237.788588852089,-5.97446931344476e-17,0.00246815543951298,21.6512492897225,20.4599013933107,5.87686365228113,2633.54999815661,117398.754345237
30.7743391571701,55.7197443652216,1359.43494617182,191.344295355056,1392.51097560454,95.7364514872163,238.952962432598,-3.21110301491959e-17,0.00129137689064139,22.6068005105036,19.7333729649745,5.91896204753722,2649.44592718533,117414.627818948
30.9890056903203,58.9346098843762,1363.05668054808,198.480286712255,1394.5908338893,95.7851544408645,239.377151976702,-3.31108883168444e-17,0.000600007363057956,23.3441439161469,19.0806192340449,5.95697699599529,2659.68625790058,117103.224629421
31.1316101831356,61.7993625759704,1367.78039763873,205.012424972301,1397.95601521895,95.9267669901596,239.829959534091,-3.58482023961121e-17,0.000214510904162786,23.805356468568,18.5073904309809,5.9905875136206,2671.56120268423,116432.641496314
31.1974492553076,64.3949509017963,1374.3591351699,210.790330459631,1403.42367935118,96.2180332175613,240.500564374073,-3.46097492775683e-17,5.47937155612035e-05,24.004152165496,18.0038038923356,6.02035595821938,2686.42491127075,115595.707963835
31.2170278024315,66.7993477400493,1380.42932706376,215.935656634595,1408.46599460364,96.4819525433045,241.045759336354,-3.0893967707591e-17,1.11720838024968e-05,24.0183217514439,17.5500994546624,6.0473876807184,2699.94909333685,114679.806941686
31.2240766852438,69.1154900510519,1387.19990660664,220.716205637069,1414.28036752725,96.8001479467207,241.762431027129,-2.68012586161595e-17,2.09219047983714e-06,23.9130274592158,17.1454435337194,6.07174344261086,2714.57360302872,113505.926118683
31.2595148711718,71.5066460061412,1396.21753496157,225.198743664899,1422.4720895917,97.2834860287829,242.948155791418,-2.33159052002573e-17,3.8502451810292e-07,23.750848051041,16.8010369988458,6.09282877446946,2733.23572562918,111976.191190116
31.3345389654927,74.0544577390953,1406.05020498583,229.256137362367,1431.57406016939,97.8304777208513,244.326145899265,-2.05386225949782e-17,7.14370326570804e-08,23.5754608774469,16.5000134096282,6.11156843924043,2753.18451622803,110467.590964718
31.4319011720176,76.7247031621969,1414.55094513567,232.739760981452,1439.37402172028,98.2885795773117,245.490239930936,-1.8271762034776e-17,1.34874631782224e-08,23.3968105509872,16.2151540940574,6.1294365854263,2770.32057289392,109089.741145219
31.5268055413641,79.5037090965162,1422.31581539601,235.688166428244,1446.47591049681,98.7005170989042,246.534345279641,-1.6353672639166e-17,2.59108745281982e-09,23.2180360366014,15.9460452772882,6.14645876171537,2785.75978573065,107654.152214908
31.588165719462,82.4578209745404,1431.29687306958,238.293158333499,1454.85302391958,99.2035434074571,247.798762132345,-1.47065229465027e-17,5.06284234037633e-10,23.0592626939377,15.7099733906574,6.16171757056409,2803.21884088761,106009.185930197
31.611396604684,85.6098941697567,1440.86541071063,240.56434226079,1463.84379317712,99.7517905852451,249.171008705587,-1.32756627307298e-17,1.00982768728397e-10,22.9378131009223,15.5019659440364,6.1754908005352,2821.52752135483,104446.97861165
31.6145769106944,88.9039297763292,1449.26132046264,242.37762493822,1471.65655353053,100.220966718151,250.343364313677,-1.20164631594937e-17,2.06000750614558e-11,22.8513097170034,15.3044118702105,6.18872089540363,2837.35905232551,103047.985745674
31.6141092502512,92.2439374877787,1455.32260494747,243.684737626777,1477.13196462815,100.530290145544,251.115869539925,-1.08953931435269e-17,4.28799859946288e-12,22.789024043634,15.1014800776075,6.20224312821963,2848.56663911038,101949.346476226
31.6219847159287,95.4852471934415,1458.04742823327,244.514411153297,1479.30096884423,100.611723859033,251.319345933192,-9.88232831915411e-18,9.06046303729214e-13,22.7372403766611,14.8758563466374,6.21696016752733,2853.38302571589,101274.557184463
31.6398407137476,98.5654825145623,1458.51654715123,245.010432337426,1479.29437731951,100.542883430789,251.147778129553,-8.96362619620272e-18,1.92724472416871e-13,22.6851964092317,14.6293935602219,6.23275733020814,2853.93348648781,100790.382403081
31.6620527118063,101.526872453206,1458.70229528819,245.342640340301,1479.10091848032,100.461151123318,250.94418130171,-8.1351165447192e-18,4.10137766038162e-14,22.6305031705609,14.3761241582296,6.24888507637949,2853.94907829311,100397.06366218
31.6845473245871,104.452863536773,1459.93764560137,245.57682487248,1480.02574395033,100.457335040683,250.935217237126,-7.39269830075271e-18,8.71898007893462e-15,22.5791175048408,14.129870564279,6.26461491788607,2855.87461728629,99956.1545809621
31.7075083445294,107.465091869088,1463.22833692034,245.661485381284,1483.01159230949,100.598258380349,251.28770977344,-6.73306408358226e-18,1.85524537572595e-15,22.5463577403018,13.9054573410454,6.27917572800525,2861.43697178311,99336.3522917838
31.7327054487169,110.595173235572,1467.737646553,245.502723894009,1487.16603282742,100.823019615907,251.849508266403,-6.14592835161782e-18,3.97226226698161e-16,22.5386750432397,13.7026165350179,6.29258654647139,2868.98661778425,98710.1337758505
31.8030399368292,108.710397828346,1438.66840529332,243.186462100165,1457.00592811704,98.6980643063786,250.39770516004,0.00197686730822548,0.0200041252982214,22.5705385621025,13.3249250350295,6.32205146116688,2815.43988454185,88927.1892277975
31.83999042975,88.8658172205742,1441.60910785848,243.118322910896,1459.82573287414,98.9012177375982,267.950427792761,0.00220167940760428,0.0791983165693652,22.6426090281141,13.5780052971002,6.3399249986048,2830.85005924112,88624.2158825409
31.8559420707585,61.3505346489741,1445.83511081459,242.738973355374,1464.2961341797,99.251564567717,292.473445743939,0.00264644971697255,0.129891188524143,22.7260978423909,14.1194144354389,6.35292059364596,2852.79445335451,88797.8608685938
31.8524486102943,40.3863457352673,1445.44917844852,241.885332083828,1464.32566782146,99.3213320308598,312.263263754261,0.00535091921106072,0.270636609687959,22.5451499266733,14.674616697258,6.33566326691351,2863.82299745976,89170.3136300908
31.8338702195254,28.8831962405837,1441.86516906782,240.790131236935,1461.21067569662,99.1946492486125,324.775655063865,0.0056681382936156,0.460869285123193,22.099329110864,15.201194771114,6.29188142613196,2864.89019355823,89592.9326900574
31.802880391956,22.4866705097005,1437.39317972453,239.771460955981,1457.1727653219,99.0091964571625,333.123837439611,0.00587217704095967,0.673519307471712,21.6454959163194,15.6194798552571,6.24176049142214,2861.96442057589,90065.0241827871
31.7533577288982,19.1430480374788,1433.0608599683,239.100037816675,1453.22818940981,98.8261757540618,338.792625088344,0.00599293201994987,0.897413389948998,21.3066185629204,15.9304872191246,6.19182912266114,2857.88253982374,90618.7654666083
31.6805374772362,17.7163993495764,1428.45732829283,238.768112842936,1448.9688652343,98.6142857617731,342.605276083031,0.00608787750388732,1.11804408996281,21.1277065893143,16.1692051467846,6.14425632394443,2852.42795979543,91203.1239296365
31.5878059811376,17.3848381310106,1423.49660083917,238.667518898487,1444.32070198783,98.370129554301,345.204117624314,0.00616648379639793,1.32012651645535,21.0904844872137,16.3722336928663,6.10015984717006,2845.77057539972,91789.366456818
31.4872985790526,17.5298707510091,1419.14735578271,238.907107388134,1440.27938887972,98.1620041979029,347.324420339183,0.00623191375655287,1.49200329814934,21.1443513397779,16.5621012660138,6.06051268229674,2840.11976508297,92374.6933118758
31.4035894811515,17.6404206955366,1415.79619857604,239.718580258285,1437.24655342497,98.0116342671398,349.373669476376,0.00628936585369936,1.62837301315977,21.2052848951548,16.7471865806553,6.02600190126016,2836.56555927389,92960.4094306867
31.3497200550573,17.4559383853548,1412.72394130663,241.097802611636,1434.49434280125,97.8654450895877,351.298025979771,0.00634455826537221,1.73085854954374,21.2294493966665,16.9282294573521,5.9966627074153,2833.82793658736,93528.2504951654
31.3179171951569,16.9749293762463,1409.64471447496,242.889926921275,1431.73272658313,97.7059983631316,353.050544206821,0.00639759592189562,1.80458369699836,21.2386996013121,17.1049229219564,5.97200561227038,2831.27084848348,94064.1781696794
31.2968705365964,16.2785227950207,1405.53821980736,244.904791745874,1427.89175932891,97.4638188081114,354.368945960154,0.00645191157704209,1.85378394582074,21.2469729848304,17.2575340573999,5.95243618081972,2826.80109373171,94854.7527180098
31.2817039765158,15.3956805255665,1397.32291386902,246.709839976417,1419.75988778921,96.9234294338679,354.461833596858,0.00652359395815519,1.88179815930005,21.1972703046562,17.3399305350205,5.93962844341641,2814.21616994887,96202.0640815778
31.2735027007859,14.2996479715632,1385.18683231637,248.101524441317,1407.51792860855,96.1013895894103,353.333183848252,0.0066196848509102,1.8951265690231,21.0292151773195,17.3451389191779,5.93298121138981,2793.68514237103,97663.829617971
31.2738983106833,13.0111641091337,1373.33514983947,249.479935268585,1395.50438128046,95.2953709488982,352.030594135183,0.00673228669742463,1.89850721990593,20.7513388605383,17.3064299812647,5.93021512077261,2773.4738441004,99058.7631490162
31.2791706375512,11.5816549228561,1367.23771788902,251.429895579994,1389.39294379868,94.894972510433,352.002794623399,0.00684797801250643,1.89615843191537,20.4003893998655,17.2787833510437,5.92805480042572,2764.46345325269,99902.8264343278
31.2769384124972,10.0944370545822,1370.32218780191,254.208796624279,1392.81336838042,95.151735866571,354.200365214142,0.00695565410312695,1.89586681991557,20.0171920653653,17.3312782485513,5.92199929428766,2773.49016884708,99818.0064971767
31.2620071524855,8.68878950944966,1377.89500221409,257.321293922479,1400.98100884843,95.7355197779512,357.441996879998,0.00706868427524188,1.90502442143865,19.6216467067675,17.462110319964,5.91089670765079,2791.33828140583,99471.1822460589
31.2402597530901,7.45549461828782,1384.46384544292,260.252378991715,1408.20659827742,96.2531156616339,360.276783284703,0.00719477046719277,1.93005378729106,19.1986226639827,17.623797530908,5.89593893332341,2807.14341674226,99072.2824573275
31.2170070077176,6.38144710769571,1389.54902317396,262.918424579136,1413.96835764598,96.6690459276532,362.519680806901,0.00732186307261371,1.97330753945159,18.7426865153341,17.7962951489908,5.87762779808047,2819.86925284347,98618.5932335814
31.1929817717673,5.42465939034388,1394.42854399148,265.32773410434,1419.59424664229,97.0757864754915,364.47489297024,0.0074427824297014,2.03427928454391,18.2889856218841,17.9814653783048,5.85583913957513,2831.94473712081,98093.5922714919
31.1674373642395,4.58936936220788,1398.99203402073,267.371981225001,1424.986168069,97.467017190884,366.136573987869,0.00756283240680599,2.11238294123139,17.8567972462221,18.18196476024,5.83046250536254,2843.10815994682,97533.7372519652
31.1402484031216,3.89420486830053,1403.47680817694,269.122442989682,1430.3786036846,97.858855186766,367.587149273772,0.0076827537901314,2.20534698700142,17.4321155240908,18.3979676241236,5.80180529694221,2853.86654397269,96957.4730670581
31.1181054221024,3.32048018804287,1407.78581271885,270.559176414169,1435.63978094512,98.2432355357583,368.805551462265,0.00780774149920572,2.31011754190054,16.9815710821578,18.6258746497803,5.77049606346731,2863.99337273943,96413.2806948023
31.1198839404713,2.82158699019535,1411.52860096915,271.482565713057,1440.30458628863,98.5913489283947,369.654603082852,0.00795397372233049,2.4261440721268,16.444492796518,18.8553315901058,5.73711780036779,2872.51825800008,95946.55412804
31.1529984709434,2.39920783705846,1414.70101593713,271.829191640511,1444.34307230752,98.9024330696426,370.095223187181,0.00812228944257233,2.55375858998099,15.8015632490843,19.0799047679753,5.70192826621066,2879.33941579018,95518.4541856233
31.2073790186924,2.0669181874675,1417.547388405,271.741458917522,1448.03292156322,99.1935939687092,370.214302586127,0.00829970178248483,2.68853361496711,15.091339881315,19.3020974455296,5.66546161679045,2885.06495368999,95123.9991926433
31.2705140050041,1.81698139035923,1420.87774574315,271.434531462258,1452.23504208034,99.5225332855413,370.273164046568,0.00847490489770522,2.82528661525645,14.3686526030622,19.5361579246254,5.62778380086976,2891.44933118346,94626.3008394051
31.332060519224,1.63527739602781,1426.02370915082,271.159661731437,1458.32527529107,99.9841625102154,370.67180038825,0.00863824977711164,2.96141292050442,13.6987701844747,19.8072720380855,5.58804027970378,2901.24667845671,93898.9716472515
31.3887306332555,1.5036262197243,1432.44403425466,270.927490538164,1465.73667024327,100.538968151497,371.31554629593,0.00879738071952824,3.09435245115502,13.1103613170724,20.1169141892063,5.54659006398318,2913.45502984386,93162.0990603739
31.443402996865,1.40335349829799,1438.50720399307,270.557141615228,1472.78042398356,101.069640919763,371.799302706643,0.00897185488856835,3.22302268851522,12.5848327631806,20.4449554066203,5.50469563823621,2924.84244613992,92494.5929040692
31.4932419953617,1.31351181176238,1444.37534474679,269.978519043966,1479.63591409901,101.58833494159,372.149204547293,0.00917947324934706,3.35125807401199,12.0840537934368,20.7888087038006,5.46197926319264,2935.66643687852,91740.3837763555
31.5228475561678,1.21898874987237,1451.77572340269,269.245470597556,1488.11936722777,102.219804983716,372.76815301315,0.00943258279603956,3.48712489396168,11.5606745366483,21.1692984622239,5.41617715292197,2949.25577681365,90734.2176483152
31.5251857366542,1.12972458290531,1460.55961787606,268.319949767411,1498.08770771929,102.953022529158,373.593302577936,0.00973286780610521,3.6326228917939,10.9997185649318,21.5891203534915,5.36681597014528,2965.29360031034,89707.5961376345
31.5078918744742,1.05166024840625,1469.09465362515,267.099837980528,1507.83646473304,103.669673503268,374.22285245445,0.0100973026272089,3.78298610995756,10.4203305398932,22.0309365484413,5.3154958170752,2980.59337986069,88752.9056750885
31.4844590164208,0.983807258249741,1476.39120794713,265.533697397851,1516.32773951413,104.298056908796,374.420033563141,0.0105567562953723,3.93372357956473,9.84098141021908,22.4792402736909,5.26370130857089,2993.23118117924,87911.0752710368
31.47423848263,0.921957136461343,1482.04199190045,263.587488419203,1523.13775176425,104.808993671938,374.083480319544,0.0111612620061778,4.0811648888509,9.27002412402107,22.9209866946103,5.21266322251555,3002.40657215302,87213.7576123399
31.4868539657118,0.864153829118363,1486.36159333175,261.298316020487,1528.59273407969,105.224354215806,373.289117418943,0.0119775966396855,4.22233089255311,8.70979836229809,23.3514740811365,5.1630784341016,3008.74298146256,86604.09508214
31.5168382573602,0.810456600810835,1490.0344764061,258.768288182419,1533.39697048847,105.590889456271,372.211106145895,0.0130938585063443,4.35346183729893,8.16346580999305,23.7733640448565,5.11538308687305,3013.61243610321,86051.9006236754
31.5518943404301,0.760967724163782,1493.67265252134,256.082093419831,1538.18148654566,105.949848108365,371.012614170976,0.0146177256255554,4.46965735706728,7.63684583259765,24.1917220932443,5.07006480789747,3018.24189518677,85510.9915041378
31.5750234675622,0.716458824718792,1497.83839125516,253.27371359296,1543.53498793426,106.339944811742,369.851444817535,0.0166378743403347,4.5654780410086,7.137290342739,24.6146694976687,5.02752933570627,3023.73931095131,84929.9084749195
31.5773620298698,0.67741421973809,1502.44468004398,250.330414647468,1549.3671299435,106.752571889798,368.720378240987,0.0191540517548166,4.63395322923634,6.67494350201484,25.0429426350501,4.98878510256656,3029.93627721525,84362.7273492905
31.5628822551943,0.643414460868777,1506.90681357554,247.233349278396,1555.05983371199,107.142595338917,367.480597341559,0.022019771151835,4.6687365012685,6.25853595741728,25.4693122136304,4.9551535101265,3035.69848392466,83840.2788024211
31.5394836488538,0.615028523600956,1510.53748251449,243.957814771805,1559.89354145664,107.458692129824,365.970549567352,0.0249879221707461,4.66634205180927,5.89133521232698,25.8832591734588,4.92769972694503,3039.69949008781,83421.7113289885
31.5138730509954,0.592905286379432,1512.48472204488,240.436532417891,1563.00062370871,107.639842085364,364.001853388245,0.0278290427559447,4.62576966313879,5.57133957200344,26.2687541708106,4.90743386085662,3040.2989798275,83184.1584120462
31.4891152696418,0.574696287039045,1512.76834656872,236.667229762899,1564.42010073187,107.689466112151,361.598715867056,0.0304008156081966,4.55103083664884,5.2891508544062,26.6202330394699,4.89407857443732,3037.56291383467,83049.6631090923
31.4649651524322,0.558892693276091,1512.26884852557,232.744328149702,1565.06226393926,107.672992114975,358.981529137389,0.032634108979076,4.44974285459767,5.03323022210406,26.9461791104867,4.88606074386859,3033.23501966504,82962.0462439175
31.4416281071701,0.543132026665589,1511.98208151908,228.787716201678,1565.93879554958,107.663523898314,356.3860911266,0.0345458207060651,4.33045479941925,4.79276488080078,27.2607152819165,4.88135665367106,3029.2722987781,82846.9696864743
31.4235406609357,0.524084814291106,1512.95837620866,224.927380113454,1568.10411716238,107.737411459028,354.040703761727,0.0362239653060985,4.20270112262557,4.55421796262211,27.5827845891671,4.87751803724641,3027.71717928469,82614.7695943939
31.414280424743,0.503837956638551,1515.21847180395,221.196594654254,1571.54966517381,107.896164986187,351.935035212334,0.0377397906444332,4.07202257436804,4.31322074151485,27.9183523916532,4.87340361349635,3028.59762985457,82340.1329207872
31.4127486450175,0.484441877204145,1517.84753670204,217.526030646936,1575.31914292788,108.074058180969,349.864930472709,0.0391554764489454,3.93905890748425,4.07593163472815,28.2575894696045,4.86949503012404,3030.1309762675,82076.902859131
31.4145105888356,0.467344121708279,1520.08866604453,213.843355287832,1578.63675456182,108.217098378505,347.675006800508,0.0405047665000859,3.80290400960611,3.8507647633805,28.5895264948307,4.86657559649201,3030.85342100325,81848.900337244
31.4114245531121,0.454233100321249,1521.59164206255,210.106095099694,1581.15420662424,108.300463212845,345.310052831041,0.0417746867706622,3.66181244211483,3.6492977769803,28.9071141871084,4.86533418194136,3030.10067541053,81670.6787904859
31.3976820971637,0.444420037169064,1522.41964347309,206.312610921387,1582.94821923422,108.329047173664,342.803371919221,0.0429506290060296,3.51463616348867,3.47846798064531,29.2088336152622,4.86604901896052,3028.01249094768,81526.4057045853
31.3737585020393,0.436710768546775,1522.86896884329,202.491645260029,1584.32916370507,108.324617142139,340.225538026237,0.0440216381103667,3.36181686975129,3.33590585616092,29.4968826755277,4.86853393977257,3025.17464149137,81402.8242243307
31.3436621962471,0.432248644450137,1522.68287613696,198.647357306163,1585.02128746553,108.268977158398,337.523372807052,0.0449665113751926,3.20321815636561,3.21692203561458,29.7638632134631,4.8732256126747,3021.10060692003,81379.1392620975
31.3131812967015,0.434052730795854,1520.55515507745,194.721581577063,1583.64899781378,108.068629814004,334.431649819264,0.0457773731829188,3.03657945410887,3.11416640137416,29.9815227806033,4.88207320718484,3013.28263470741,81602.657385027
31.2869082106138,0.439806270582689,1515.96956198056,190.689326443675,1579.67359535189,107.688176755475,330.861865782516,0.0465346358432792,2.86317465898379,3.01172202107799,30.1344004803941,4.89579621620818,3000.74379458515,81967.5522031508
31.2660162579241,0.44698330011298,1510.32002646904,186.661826927396,1574.56052800958,107.229513317221,327.119224045384,0.0472903347887245,2.68809549149758,2.89521486990151,30.2348131477258,4.91295408858635,2986.21007523415,82374.9187466439
31.2512042668222,0.460893059196636,1504.13886467358,182.663267254005,1568.8815598393,106.731834786307,323.340075192948,0.04795220997732,2.51241491026275,2.78270541536203,30.2882846796295,4.933101223624,2970.73181450183,82893.7573578449
31.2491967781743,0.497254465708879,1496.61715043776,178.579546841736,1561.83933480663,106.138078770142,319.452791403884,0.04816031042054,2.32866693915868,2.74890977225243,30.2724734171859,4.95872710093734,2952.80285894757,83699.835328983
31.2675067908322,0.556320288720099,1487.40023249056,174.304861052655,1553.11567814236,105.424877618018,315.484277460274,0.0477934171836651,2.13152670927547,2.85103019995526,30.1783320276597,4.99125013105415,2931.78581850578,84659.4518596154
31.306315756406,0.633459139562688,1476.9161167724,169.840519550632,1543.16454067012,104.624712194513,311.527008275606,0.0469764209596171,1.92656641280651,3.07761447536128,30.0222612543315,5.02892980964203,2908.49701651425,85658.5402851792
31.3550993291299,0.759778327903502,1465.68892623698,165.378364158797,1532.48705677622,103.774150406612,307.735512703066,0.0454096714654578,1.71627460088326,3.4613336812423,29.8063595393955,5.07136462468666,2884.05126057489,86831.5349313075
31.3877669047122,1.04695624067387,1452.63842787147,161.209447983558,1519.8555983045,102.792511352684,304.188571986215,0.0423190242891693,1.48545930903833,4.2238430814454,29.5083051440949,5.12249746751325,2856.72368374187,88428.5540301979
31.3847446928949,1.59367602561338,1436.84477306716,157.490846683322,1504.24223185107,101.614840220957,300.924346508183,0.0383041539859561,1.2341673889386,5.52240398121144,29.1289820834663,5.18264361493553,2824.97921059126,90212.0160034338
31.3498082583591,2.55282264829891,1419.91737663434,154.278255139497,1487.35115109097,100.3629187246,298.025311616143,0.0340727211221758,1.00328240824488,7.25204488748442,28.6850178242476,5.24456003328564,2791.76343330133,92020.8226174574
31.29957626615,4.10869747820136,1403.62779146083,152.00202870071,1471.0272678003,99.1661338537902,295.334330996933,0.0299136717247087,0.846189562844841,9.18524624635328,28.1591396620508,5.30059964410893,2760.41442824202,94047.1138916581
31.2543109835944,6.14350783874822,1386.39241556313,151.816359379476,1453.42891985759,97.9009945117526,292.088665834378,0.0258819015347243,0.796425681503443,11.043367665467,27.5116670204981,5.34726726087604,2728.37938228145,96546.3165977072
31.2239584430043,8.21204629158156,1367.10644381939,154.297369803009,1433.27525956909,96.486608851154,288.094254995193,0.0217071173842938,0.8517591003784,12.6403893783734,26.77856337231,5.38262977651591,2693.91679010582,99131.5591798097
31.2041240793234,10.017350632574,1348.58254674048,158.973224558001,1413.602008532,95.1358555618782,284.27721972404,0.0174835147561383,0.984562896856732,14.0001279834574,26.0356780731665,5.40683671788378,2662.26874231992,101605.625991533
31.1855744343888,11.3194796858064,1336.68810605594,165.151473380768,1400.72055591518,94.2750840360904,282.111310628489,0.0139491919197488,1.15670317242012,15.1597132395793,25.3606658556435,5.42158960627474,2644.27909475385,103424.366027819
31.1587486431871,11.7417884990023,1333.83224876087,171.887426785414,1397.29073909456,94.0742985232552,282.209370047962,0.0116642514976151,1.32971254538276,16.0440379683981,24.831644262981,5.42839873325713,2643.96679061862,104177.795118841
31.1208479045107,11.4234032012834,1331.5059188316,178.272240365933,1394.39260315995,93.9144851591325,282.748911094158,0.0104694377173067,1.48137442201386,16.6814868729533,24.4245446196831,5.43175645677346,2644.56969609465,104526.092465698
31.075771662916,10.7851225268776,1328.16093150382,184.666876538963,1390.35303243589,93.6726624147869,283.21805323549,0.00989038233327038,1.60456134102026,17.1718971243963,24.0788154554175,5.43580947394355,2643.26995147684,104660.938088379
31.0334864579053,9.91969633352215,1328.61799453276,191.290364971567,1390.29382928019,93.6994497312289,284.549906828113,0.00959614316323556,1.70524497735809,17.5108773987034,23.8379410266311,5.43704949689856,2649.34404511127,103981.06302426
31.0099275665847,8.78406839931061,1338.88879852874,197.833998694266,1400.70320570533,94.4466884588045,288.042153652931,0.00941289977754628,1.7989289140098,17.6573964795207,23.8064762424297,5.42728335212293,2674.10866299882,102118.689032843
31.0074985506349,7.52390379134971,1357.8414701249,204.171668539463,1420.42152046311,95.8382794434756,293.408931337924,0.00927684161483051,1.8979196502209,17.6389946302581,23.971691298859,5.40534322011781,2715.33394433047,100026.831796724
31.0169852066208,6.31835299866644,1380.6659805935,210.40287647128,1444.3004797907,97.5200674801186,299.509978942813,0.00916822362023958,2.01040840797688,17.4938183489471,24.2498155517222,5.37464736373415,2763.83885508933,97985.6039014026
31.0272116042987,5.25971779896586,1404.01593914647,216.472867301463,1468.74615188177,99.2465733512991,305.533473607219,0.00907126715734581,2.14143652250804,17.2313104173198,24.5799248848834,5.33781887496175,2813.12185775667,96199.9034748368
31.0233833450728,4.38943193529563,1425.4008813397,222.117370112377,1491.07777808248,100.838650471691,310.89363717964,0.00897550605806836,2.29058612508638,16.8499471480491,24.9141610503113,5.29757391363461,2858.18565459757,94817.6514341132
31.0009369027051,3.68112593166008,1443.13641213734,227.005539961166,1509.5214684569,102.177223582793,315.225404851492,0.00888625370756553,2.45644216665158,16.3507497255714,25.2420761847673,5.25472861802298,2895.59228330807,93619.3652193128
30.9669725063005,3.12861615183518,1450.49612338158,230.233559431325,1517.05123538151,102.779971359944,317.09668893952,0.00884432359801613,2.64371675169864,15.7523092444207,25.5710171050424,5.20822023858686,2911.98685342715,92534.8457044429
30.9320373168865,2.70682583747558,1454.22322561356,232.621576962698,1520.80353908986,103.128136014354,317.917826085958,0.00881827863763298,2.84732010087216,15.0849833019862,25.9055872842761,5.1585516409052,2920.75974427243,91579.6117638294
30.9098243375894,2.37877331212734,1457.84807007982,234.629167954829,1524.54166110231,103.473088486481,318.465371538909,0.00881193289392291,3.05589287739234,14.369501891009,26.2442864200987,5.10748293360247,2928.99071541713,90773.4802183565
30.9057985122309,2.11818676826913,1461.890995976,236.349409493009,1528.82853518459,103.851157272118,318.892722445604,0.00884553882667671,3.26260929086623,13.6200372645021,26.5819720203653,5.05636922909508,2937.77239851623,90087.8449918222
30.9146249714241,1.90997979152974,1466.08456939564,237.797722967549,1533.35328703378,104.242219067689,319.189427091736,0.0089334732248676,3.46418132950438,12.8526192303242,26.9145181038537,5.00602517480054,2946.61097432356,89506.8117471365
30.931419504247,1.75438752862416,1469.30311577803,238.959903836263,1536.90025795075,104.563859423201,319.165634255557,0.0090793846944922,3.65545771257926,12.0875524796331,27.2253659522765,4.95824077783191,2953.36671793785,89150.5205572515
30.9584607643754,1.65030665975992,1469.69934467207,239.751466166024,1537.53343441156,104.682612934962,318.48817528063,0.00929002203878956,3.8268513730208,11.3417414919413,27.4803925343123,4.91644276932164,2954.52411469458,89163.8075439007
30.9987650261128,1.57373465960338,1467.08835189142,240.107131356236,1535.08503786531,104.586463132147,317.151772091174,0.00959214558784339,3.97410874494351,10.614341462259,27.668926859123,4.88192526734149,2949.73021565935,89353.9829239737
31.0509019783092,1.51102132177606,1463.27530162135,240.146133476492,1531.45466457816,104.405530956669,315.532211983909,0.0100089352198173,4.09918440525238,9.90098197025769,27.8068618579,4.85352590761177,2942.48474671253,89621.1676136512
31.1040191549116,1.44955562059233,1460.07021004277,240.043544703252,1528.51330192075,104.267688859807,313.998933271118,0.0105817394439169,4.20531292018393,9.20723586797951,27.9191411317426,4.82937848154146,2936.30127355586,89823.6199686391
31.1309787349804,1.37838796593172,1459.47002437972,240.048302902475,1528.2937915716,104.311537547195,312.940928707091,0.0113735550577508,4.29873428354686,8.54964276663187,28.0374987180525,4.80678708703259,2935.05632536314,89814.7542237866
31.1170113463741,1.30814803431423,1461.77997789829,240.308851299155,1531.06913977379,104.553970843293,312.41091500911,0.012456365950843,4.37879089715868,7.9477187733078,28.1675591908487,4.78555469732187,2939.38324068909,89756.542451803
31.0714998402586,1.24572473186705,1463.91115910664,240.516926709343,1533.600757565,104.770406811304,311.793380704183,0.0139486644022207,4.43882527482689,7.40992098723854,28.2902435073478,4.76780892686799,2943.24090965995,89719.1151116205
31.0213902271752,1.20190389469784,1464.49218461297,240.502862755399,1534.49255853045,104.862264402215,310.847169365882,0.0159212715407689,4.46886493610207,6.95248367661029,28.3839059865192,4.75631177532982,2943.98061164916,89795.7871451542
31.0172816980042,1.19369064255407,1462.68479802323,240.07243066869,1532.93919506937,104.770882154428,309.488426718061,0.018282953858064,4.45235020647206,6.62340061940372,28.4292404589716,4.75466654505712,2939.99830938742,90083.7054427396
31.0870458004478,1.20844096202971,1458.81993696517,239.129745857186,1529.33819884258,104.522227088973,307.84524032303,0.0207878415675051,4.38147168246278,6.44477995117388,28.4307959008731,4.763778142527,2931.92918640421,90436.482138929
31.214987010494,1.2331102480382,1454.7390746929,237.864686030069,1525.6126441802,104.249909704836,306.266387080989,0.0230815295813613,4.26398477680316,6.38754992305911,28.4103027138266,4.78117429325753,2923.3612399324,90778.3540130269
31.369894785744,1.28347506195133,1451.01985294941,236.525276304184,1522.29298870428,103.992979691774,304.857428831943,0.0247960439337448,4.10757672860834,6.45625740991817,28.3706876277894,4.8054983759665,2915.49076304532,91248.1394551224
31.5177568455142,1.40086102334739,1445.66482137283,235.192857521314,1517.13851363658,103.601084177428,303.29621278953,0.0256524421229306,3.91169685828762,6.75591600918465,28.2901045291086,4.83817802374122,2904.53058879518,92024.1621941762
31.6417420707493,1.57738231858776,1437.99734945127,233.862353739202,1509.37585590893,103.026424086238,301.515459478335,0.025694049554731,3.68608757539195,7.33417080067491,28.1705864264992,4.87776398209149,2889.18840171837,92877.9505913527
31.7480835904099,1.79751368219561,1430.2061489297,232.661733071644,1501.36157061375,102.436054974397,299.910394312904,0.0250056665928251,3.45412722417159,8.11297118808771,28.0356430473017,4.91939899726189,2873.71518379412,93704.1307804875
31.8417905819884,2.02450029134886,1424.80553103134,231.851983408254,1495.79886562595,102.019382386866,298.885368038165,0.0236899441617575,3.2402582711868,8.96091846758286,27.9066303897186,4.95810581206802,2863.04412638502,94409.7545037202
31.9090551349728,2.18889791798546,1422.36591818192,231.651378325959,1493.28699983058,101.819860279238,298.398710898492,0.0219579631022011,3.07095667569755,9.71307874754139,27.7980300497467,4.98897274965325,2858.32137295087,94916.8646724673
31.9417608834031,2.2975548080017,1421.20730401732,231.972927796967,1492.03924332652,101.717288085428,298.0300234017,0.0199760176827993,2.96166324997081,10.3016313864275,27.7048574431944,5.0099467226034,2856.2493126387,95343.1678286485
31.948229594133,2.37996094932611,1419.94968993384,232.598232826297,1490.60746518548,101.614753578534,297.576728864943,0.0179572576292695,2.90726600606436,10.7785768997678,27.6171153212186,5.02246820681616,2854.1139858704,95732.7833935649
31.9317840551574,2.48061092076324,1416.71579220101,233.319834129996,1487.01446755262,101.375537511471,296.752215531768,0.0160918080310327,2.88749996234096,11.2149341571654,27.4963120014382,5.03183492864696,2848.27313176198,96440.0270887338
31.8759598703698,2.63187795602435,1407.97622086891,233.827669544471,1477.53839405962,100.739796169749,294.89389222604,0.0144953539173205,2.87533862740878,11.6284057198995,27.2679598984967,5.04633276105155,2831.85813997108,97807.1574302862
31.7694966673266,2.79522883133041,1394.66339790021,234.12312376606,1463.18825119386,99.7741700154943,292.187138497844,0.0132207596601889,2.85893989402825,11.9794025242061,26.9306971459478,5.06777074978286,2806.65090922817,99309.3031650661
31.6218189933275,2.94012422002485,1381.97463778723,234.674778980329,1449.46286267006,98.8548771251727,289.650138655451,0.0122411974328119,2.83735517339794,12.2514711613273,26.5421649615558,5.09293769456033,2782.81107312805,100744.082006878
31.4659103381265,2.99391289417492,1375.8744193622,235.96614870252,1442.68085385533,98.4172505413287,288.503208303701,0.011535511176035,2.8170995041613,12.4321702522961,26.2026486217841,5.11515610407388,2771.99885165653,101412.597384393
31.3614462101949,2.91393175698555,1377.51471896309,237.785427175531,1444.09820671665,98.5514486370482,288.994360547861,0.0110936960622548,2.81929095543071,12.5076098545019,26.0353694331389,5.12434643680092,2776.28247195124,100802.241035417
31.3247359233072,2.78133949182891,1385.03425583852,240.053325012939,1451.72847487,99.119832542583,290.71848032324,0.0108310327962689,2.84887741966712,12.5142752197151,26.0256110569657,5.12064056883611,2792.04744652735,99884.6392934308
31.3261673341436,2.64444850438032,1394.82338241745,242.605325804255,1461.72839461125,99.8547966681214,292.93477424381,0.0106762876395803,2.89482281459139,12.4826923022952,26.0867772532236,5.11061635586099,2812.31060476603,98947.1192780964
31.3443155819476,2.51569433697694,1404.9713945769,245.211073198321,1472.07911996427,100.616616409742,295.235970728545,0.0105786603642909,2.95097577192236,12.4051179093,26.1731318263442,5.09775368833589,2833.27476394213,98089.4724658494
31.3774755703828,2.40210333514819,1414.56352677727,247.584371825875,1481.81850973454,101.339721670578,297.419152167104,0.0105038969493318,3.01304303065502,12.263965107258,26.2666172311268,5.0836572979872,2852.99051155373,97374.1720107894
31.4284790361678,2.29459448527371,1423.77135721058,249.627279327959,1491.14010479884,102.037934485854,299.505880493117,0.0104415599821738,3.079294639249,12.0515342189272,26.3715845734005,5.0682781873632,2871.71307778673,96695.3848006342
31.4962323906137,2.18880321471812,1433.22781250155,251.442832303409,1500.72760079039,102.757886555164,301.60555397972,0.0103921482262756,3.15003781638824,11.7768536615953,26.4995809024023,5.0508604813568,2890.71880577461,96024.922692803
31.5642607160518,2.08631685740992,1440.91148125226,252.819678467239,1508.47592999684,103.35366615835,303.289442254154,0.0103784770059484,3.22473406393541,11.4661616888962,26.6447111695652,5.03178282045037,2906.04561818184,95444.4166538477
31.5897577233254,1.9836113381936,1443.73535958843,253.371099229231,1511.18923316054,103.604700456074,303.897019734533,0.0104366336483185,3.30485643939308,11.1559367586029,26.7818371545425,5.01222328877337,2911.61051257445,95033.6854514206
31.5541727556579,1.87840889547026,1444.83258362435,253.541292833436,1512.19441781693,103.740090056083,304.046746737525,0.010560271273814,3.38836183115862,10.8616553480008,26.903016888692,4.99288903296786,2913.67493681551,94695.962808782
31.4773246838459,1.77808817843958,1445.91092393936,253.562153489262,1513.26310472671,103.880819284881,304.100368041118,0.0107480218124328,3.47130160346087,10.57959772972,27.0153141912802,4.97396990021762,2915.61770660958,94403.4635008514
31.3923150299603,1.67570259087936,1448.52448490396,253.577797301079,1516.010000882,104.137448286241,304.398031981832,0.0110117604193425,3.55418046058515,10.2773974631751,27.1447067637391,4.95395519138924,2920.47265129269,93928.6571085336
31.3406695364738,1.5658078031553,1454.71088223361,253.736055414827,1522.58140017486,104.657658698198,305.361802825202,0.0113626642701423,3.64422776048304,9.88458008489186,27.3379252227131,4.92915061676008,2932.20109035197,93061.0115066817
31.3366938756379,1.46734794966714,1463.42056530746,253.955546729337,1531.85354304105,105.362638754572,306.778181142814,0.0118059181847097,3.74172539855026,9.39139727389617,27.5948488982762,4.89954983039007,2948.74202344899,92148.6823063203
31.3634187732533,1.38616502122884,1471.85060694082,254.009629689316,1540.85205670912,106.045846103901,308.086332877108,0.0123758300954097,3.84008162051978,8.84923512459929,27.8779226089654,4.86830794786818,2964.61776764169,91318.6234486935
31.3879410932598,1.32025686978527,1477.66328499844,253.697446764166,1547.10736591524,106.535046656677,308.796732271668,0.0131319465405966,3.93150939619956,8.32208965360069,28.1410925055123,4.83920127376994,2975.24793922046,90780.8982122759
31.3553132437353,1.25646000542652,1478.62889207147,252.791782305556,1548.28040497022,106.665513829975,308.406214036534,0.0141669495235099,4.00639499314652,7.88915165256144,28.3230899707087,4.8170850866186,2976.22970683421,90747.4061138349
31.2380159955516,1.18431530047604,1475.57891264033,251.316341711923,1545.27443962061,106.497915836483,307.039895026083,0.0155507416932091,4.06138568875607,7.57563793970283,28.4110164357515,4.80312811599269,2969.14898360903,90904.0770123402
31.0551211879384,1.10773486790598,1471.37572774704,249.54422790491,1541.11642011599,106.241003016103,305.284983798074,0.0172645615075696,4.09563465868519,7.35111789336174,28.4401479246164,4.7954279659754,2959.62812793858,91101.9845897113
30.8497435686004,1.02717001999509,1469.3753552419,247.802404065153,1539.34876090252,106.14070027391,303.865671564944,0.0191885506915139,4.11122188460204,7.15871008042721,28.4688287039984,4.79037671059483,2954.28072264667,91032.8813621438
30.6819610906801,0.946243531613322,1473.21398441425,246.378230772106,1543.82483042203,106.46683972539,303.569073091076,0.0211336678332031,4.11811661773209,6.91583374270311,28.5767252469169,4.78200219589572,2960.24052848818,90398.4837043063
30.5751669224663,0.876308635164623,1481.9473989174,245.189003205418,1553.53801860466,107.150731779598,304.234732687605,0.02296312215531,4.11961576436544,6.6011868062807,28.7766994317107,4.76912803298333,2975.67120816769,89612.7799724154
30.5076305057399,0.818291777264953,1490.64111539084,243.772331320734,1563.25680233983,107.829172598292,304.866980932403,0.0247113474536517,4.11551540647771,6.25243730746786,29.0203316408663,4.75460688671978,2990.88167789715,88855.9417078567
30.448441380062,0.771918383812704,1496.92834827593,241.969115048312,1570.46029536406,108.326894539862,304.971341407869,0.0264528596996586,4.10395963997367,5.90272105177274,29.2583951437374,4.74154519854493,3001.24911415233,88292.079468772
30.3658404485374,0.73723283158555,1499.14627627854,239.659604963673,1573.37270583773,108.520458543987,304.209385605585,0.02823466232015,4.07735587195286,5.56646414999264,29.4433879838874,4.73377581510911,3003.52061713426,88082.8086460529
30.2475385682302,0.707428434886153,1498.04863555294,236.91213957777,1572.7855214761,108.464947269197,302.733024514541,0.0300720696528628,4.03154248793208,5.23749627308179,29.5673034491039,4.73235032679913,2999.16746788244,88020.1167064941
30.1037509005745,0.679428007612615,1495.92302952842,233.942184551039,1571.12074361454,108.328206332058,300.99576209278,0.0319275497264091,3.9671255593327,4.90754892607895,29.656920729793,4.7356121939871,2992.67490142088,87994.2064201274
29.9559376247869,0.65001071239194,1494.81191749281,230.948739618188,1570.54042176242,108.259865775612,299.402743824902,0.0337766220156465,3.88699548244996,4.57720835016298,29.746423144161,4.74116106381907,2988.05201913886,87857.8451652363
29.835648791727,0.616262409861463,1496.71591354957,228.117391542957,1573.15975452598,108.406556223672,298.341062765909,0.0356126524330792,3.79695582384966,4.25508939666854,29.8755247596323,4.7458605858564,2989.21066793486,87459.3680840613
29.7566893739787,0.582911075886265,1501.03715099087,225.395706272157,1578.34203675978,108.723752698885,297.692048163631,0.0374041844645743,3.69829882936927,3.95503713030603,30.0501948896727,4.74919850559574,2994.97750110525,86980.3868958073
29.7083250546922,0.552656783360838,1505.75567080686,222.619832896657,1583.94339341844,109.062492460214,297.074349684203,0.0391322998101454,3.5885448781707,3.6840447218998,30.2453955426372,4.753027172938,3001.41793106791,86515.3645580713
29.6746402943024,0.525857167674333,1509.59497682355,219.695286283596,1588.60335939489,109.328602665396,296.248931201052,0.0407764378949354,3.46636512096008,3.44187136993587,30.4380776839018,4.75889838856333,3006.04836491371,86114.4143808174
29.6413253226616,0.501615937932948,1511.965980747,216.591422732408,1591.6813024229,109.47806442902,295.099804469656,0.0423233019655373,3.33206082420795,3.22912903981771,30.6113747183168,4.76773975000793,3007.71692782461,85818.7223795479
29.6023736379553,0.479168700738279,1513.10518483583,213.34524556538,1593.41633688516,109.528184297192,293.669282661452,0.0437623398337417,3.18792302532703,3.04370647474573,30.7616528922149,4.77941368972757,3006.88540461476,85581.2752007836
29.5603479864363,0.458464311754076,1513.69429575698,210.026909007041,1594.53190852696,109.530044455824,292.091897914135,0.0450852512913785,3.03703268799408,2.87997073344858,30.8957352432305,4.79307076988455,3004.89695496479,85374.2782746551
29.518583409361,0.440479715429278,1514.52668011862,206.716386622837,1595.87625011677,109.543275227232,290.533030385847,0.0462753923240822,2.88241987590361,2.73337534038248,31.0270120978537,4.80751170104214,3003.3246040842,85129.5824102796
29.4755556448664,0.427984479433585,1516.54738469027,203.514860560987,1598.46143791342,109.638467057664,289.202314224261,0.0472746100482027,2.72640168381293,2.60418976961863,31.1776788433702,4.82116884171625,3004.05523849025,84763.2657918603
29.4281081724185,0.420825293872289,1519.70624941366,200.437685972152,1602.24006245839,109.812745427949,288.113513700743,0.0480752533491326,2.56973653554983,2.49615339865996,31.35395475229,4.83362186253958,3007.02565086923,84360.8951347696
29.3759370665318,0.417294683933633,1523.08895485421,197.411627206093,1606.24087774222,109.999644749023,287.093033702005,0.0487194852045112,2.41362907421704,2.41020448185153,31.5423047685591,4.8454917374121,3010.45511766484,83974.3325693531
29.3224529608178,0.416566338786362,1525.70198228665,194.346371114012,1609.41101362092,110.127110302576,285.945215090698,0.0492427379625797,2.25969816965093,2.34510775495346,31.7219872893186,4.85773516957205,3012.39881573434,83678.8692824308
29.2765316126433,0.418421003755958,1526.47221868447,191.133475405309,1610.62747023081,110.117968518698,284.467808647685,0.0496730080137155,2.10894766350726,2.30037134412514,31.8652497328835,4.87179805052714,3010.76680209557,83568.3955942873
29.2458843731746,0.42138554224445,1525.43913646791,187.75857008589,1609.94404220582,109.976421823061,282.670151014976,0.0500454579907201,1.96358972145476,2.27148735253889,31.9622346435214,4.88791559528896,3005.6358036178,83552.8452574096
29.2307886597039,0.424730803843505,1523.63451738447,184.310571789385,1608.45067213842,109.778416162683,280.743623269253,0.0503682956998856,1.82646389225503,2.25166828340525,32.0249919057528,4.90496666442005,2999.01266633049,83568.2089125677
29.2208200417302,0.432886163904149,1521.43653251116,180.855510895475,1606.52904113231,109.551234806172,278.779226644553,0.0505184494073497,1.69772992611228,2.25485873857599,32.0579015002379,4.92269785501788,2991.65398642737,83667.1983304173
29.1905107468885,0.456728149379712,1518.04795309758,177.378234516023,1603.29385814127,109.235453635829,276.703416689984,0.0501600729780899,1.57307399048648,2.33947785314183,32.0453692099517,4.94273232599134,2982.05435324137,83959.2362379592
29.1218128324092,0.495772462069955,1513.07631201724,173.861884621269,1598.3003854537,108.802140111699,274.50913558017,0.0492498664343647,1.45050976831399,2.54785055503882,31.9815408111605,4.9657752438439,2969.47536524647,84348.8820256665
29.0180607798935,0.545722938625248,1507.72762762295,170.4065317984,1592.83065399319,108.33993920759,272.407591156956,0.0479799905816933,1.33391959674299,2.86569091129553,31.8783731279978,4.99054320577775,2956.25948035014,84764.7520224237
28.8879594821829,0.636743049517408,1502.14027893004,167.139849336161,1587.03727553344,107.859997740463,270.496217777377,0.0460588122963564,1.22153098848005,3.3125954842726,31.7320230588783,5.01760302063457,2942.81236894348,85361.5272976896
28.7325635761637,0.875837214637322,1493.52193888766,164.201550771005,1577.92702722783,107.160266151088,268.65563858651,0.0426522542242287,1.09360497417923,4.05130535735528,31.5121451239275,5.05213357096463,2924.19124614071,86407.5116987889
28.5540707212705,1.35057385842427,1480.7864925892,161.75453672087,1564.31859026031,106.164513570813,267.002158608678,0.0383659631760181,0.942966242560277,5.19861156817582,31.216431117193,5.09578581092379,2898.63937429962,87666.5303584219
28.3593219722807,2.61289800465843,1466.7932559604,159.951874392841,1549.25218918682,105.078099291708,265.593255710087,0.0103048073770346,0.706296587524825,6.71117831259546,30.9186992285392,5.15148450894006,2871.37764290158,88971.8355811053
28.265803173274,7.39527910450952,1481.47162364916,160.589343192779,1564.4713650909,106.063041367499,267.434987238777,7.6869862282224e-08,0.233057271808179,8.13861122745902,31.0525788167601,5.20641399170181,2898.58192514633,99965.6378234171
28.1617927007549,17.4935343959473,1451.77263303113,160.376496208888,1532.23877883837,103.825349405523,259.143433348853,1.75478624209837e-08,0.0432512352370453,9.97712286460424,30.2766587646579,5.27048297811484,2840.08398925997,102819.832456396
28.1447289814485,27.7433850778195,1440.27915663431,165.28748255209,1518.55602615885,102.826889864249,255.17845960019,8.27149412311048e-10,0.0193313487013752,12.0985633232556,28.9452286641039,5.34786076156152,2819.52551034998,106088.03217217
28.2222884869985,36.3829927282287,1418.75244889954,171.536220167766,1493.73974494016,101.053699216014,251.236495918591,8.56464382048743e-12,0.0144800999362732,14.286165629381,27.4761920505799,5.43428318831224,2781.71956713456,109394.405089665
28.3502164855674,43.9129930982726,1402.14257216871,179.062902565343,1473.96178675858,99.6118381982554,248.703870238891,3.7028540605803e-14,0.00994573139979874,16.3072097389444,26.0756201508643,5.51722597374729,2754.24786264131,112154.954269244
28.4693144613672,50.2320011140685,1396.32224160683,186.954431977242,1465.91375442007,98.9586044706462,248.070723316545,2.50765870873344e-17,0.00607044623127337,17.8979804260809,24.8528784832526,5.58952408395551,2747.57136129184,113902.181383508
28.5602267125035,55.3944372603886,1397.55345945022,194.820405664115,1465.71783169074,98.8291159031162,248.553948894705,-1.06303509331314e-18,0.00329810145560247,19.0487936392181,23.7806419672389,5.65292163540427,2754.38767196341,115254.291324747
28.6426586391776,59.7712820541616,1398.57997372027,202.73530275881,1465.44790272592,98.6867070184928,248.811053884963,-1.64641308436396e-18,0.0016157732297149,19.9191137458318,22.7915213746709,5.71155287059641,2760.87279563919,116357.251962373
28.7303489959126,63.602526252432,1395.26115533352,210.198843517016,1460.59988110886,98.2354360891247,248.090894747253,-1.48608286184256e-18,0.000716753834667598,20.5752045511751,21.9076690224158,5.7641905891578,2758.76672512714,116688.287658329
28.8214216686354,67.1449141930868,1396.89962527018,217.321057814109,1460.97592685873,98.1555775756848,248.084283611809,-1.17973225100748e-18,0.000226141201943459,21.0438360384833,21.1932219981963,5.80714293542076,2765.59749786127,115929.629629455
28.9115744815211,70.5918121618468,1405.13409876555,224.215072526923,1468.30316140709,98.5643249270876,249.10356367383,-9.49214629631029e-19,3.68471691169644e-05,21.3738791248078,20.6265132452339,5.84165876876277,2784.52971811644,114814.728510855
28.9994209196908,73.9747797744645,1416.75970357073,230.965768767986,1479.2253364019,99.2228697217997,250.628268381556,-8.06495083610197e-19,3.80052712658495e-06,21.5949550471008,20.1485410000177,5.87113997973713,2809.66860515412,113565.277443895
29.0959828911047,77.2677364135058,1430.00330224842,237.452549201665,1491.91023847385,99.9996956930176,252.471672403942,-7.12497863251926e-19,3.96976190151628e-07,21.7224593611543,19.7313816461999,5.89719673801124,2837.71063697196,112222.679122518
29.2306035350915,80.4396731993178,1444.29866252809,243.407897258441,1505.78225787205,100.852725483257,254.584177940664,-6.38319582487563e-19,5.31848897344976e-08,21.7824684633046,19.3627036955908,5.92052735505185,2867.44359634352,110828.271652726
29.4090738262497,83.5221111219813,1457.76457444093,248.544618876007,1518.86548925899,101.649716740495,256.60763656905,-5.72316683565832e-19,9.89742166306046e-09,21.803468478269,19.0286230237557,5.94190954350002,2895.12509637359,109474.882700136
29.6123434567446,86.5635177851489,1463.83826375012,252.109553965288,1524.2824289046,101.931425788985,257.346030853184,-5.1216322942101e-19,2.05916926292013e-09,21.8057583458467,18.7144347508638,5.96215154764314,2907.93410456308,108210.665941461
29.8203652367481,89.6174524937809,1467.41347707126,254.855214969426,1527.13195484412,102.04338690491,257.650911197368,-4.58046671839471e-19,4.21377351929142e-10,21.7994674197188,18.4048372786069,5.98210781141315,2915.52629397955,107124.207711578
30.0130751501138,92.741582268593,1470.29527582655,257.115792671771,1529.24980169846,102.110654947757,257.833018730955,-4.09905120142206e-19,8.50876607331332e-11,21.7815186294355,18.0847266790229,6.00263087878747,2921.46090675528,106279.126186355
30.1849033430999,95.9378242113558,1472.88698529699,258.96548877509,1531.0411201268,102.1607328507,257.964181435685,-3.67315465114269e-19,1.69855258141176e-11,21.7498035100664,17.7513271052643,6.02387807511565,2926.52937585047,105582.237304632
30.3446705996759,99.1674342360146,1475.42243701153,260.441262955274,1532.77189189573,102.210354796441,258.090482517524,-3.29667076998956e-19,3.35781524935397e-12,21.7110642775119,17.409301166769,6.04558852320447,2931.21737743749,105000.755590996
30.5036658180094,102.37206947597,1477.37658022136,261.569614438108,1533.91169431419,102.222041723053,258.119994382522,-2.96174368311775e-19,6.58915581501796e-13,21.6804901634396,17.0568327612448,6.06785428082233,2934.58363672564,104595.891380518
30.672494185541,105.470304606616,1477.91200938123,262.39670321898,1533.60037141376,102.136004537231,257.902954393838,-2.66075904718011e-19,1.28469152373744e-13,21.6822439805588,16.6866757202783,6.09106065050649,2935.11516751014,104424.100089589
30.853122758229,108.425731630014,1477.19353790734,262.98866795672,1532.01382073736,101.96373218414,257.468584177543,-2.38919530165207e-19,2.48667580858502e-14,21.7220829744132,16.3010955703741,6.11507060787565,2933.17169974327,104374.875266303
31.0405865736212,111.256816026715,1476.0912342073,263.425102947958,1530.04761432351,101.766228878366,256.970725666394,-2.14451623979148e-19,4.76494015567348e-15,21.7860026706557,15.9087792342312,6.13940013028844,2930.42048358295,104400.169851195
31.2236570100763,114.073016772729,1476.16031354702,263.802441779793,1529.31432012291,101.65295405259,256.685537512259,-1.92596295352192e-19,9.03714857080947e-16,21.8592330416948,15.5285264620774,6.16302545894541,2929.81896821217,104257.337378975
31.3843377045763,117.112775096379,1479.92205092113,264.319363246263,1532.43353116952,101.800411912892,257.058580612657,-1.73390953657973e-19,1.69430179610423e-16,21.9334526751757,15.1883813926721,6.18444073616803,2936.19609132488,103724.02024782
31.5203589948094,120.441561288672,1485.50865527577,264.780400686539,1537.44609338683,102.076864920615,257.757171823836,-1.5651901222291e-19,3.19796650447858e-17,22.0092915917012,14.8875924104541,6.20370039033623,2945.91915474995,103121.658628113
31.7862327951043,118.7153647734,1445.89107351922,261.504078878129,1495.1829782484,99.1882967908195,254.331547805225,0.00164232749095444,0.0174610396117042,22.2080614930736,14.3301771825248,6.24431563934891,2870.97197284571,93337.8351726494
31.9464935910417,99.3287871741549,1448.69843745235,261.912406836593,1497.58867606239,99.3578772735487,271.833904370621,0.00178667091628662,0.0636575534517026,22.4035235312144,14.4742440427833,6.27055655216342,2886.20473954391,92913.3974018812
32.0613823340187,72.7935394542268,1457.07107967579,262.369292867916,1506.22645498036,99.9729911679586,297.178868946698,0.00190188910512549,0.0947752219510389,22.6380284176648,14.9317238061151,6.29116536669207,2916.3748025883,92708.1295747292
32.1522819957944,51.486577582186,1462.98197005974,262.420685043678,1512.65999461946,100.452043624347,319.914255670989,0.00402688792720008,0.186316769690156,22.731436640572,15.4203850061227,6.28849889452023,2940.71746625293,92576.4407340007
32.2276968160835,40.0268467245369,1466.03240680769,262.164268141046,1516.35140668498,100.761137654018,335.342934148659,0.00437084339803567,0.322706138669186,22.5474814867083,15.9246771743413,6.256417367415,2955.67320785943,92457.5086909662
32.2978754176362,33.6226603694512,1466.83926078242,261.730766930069,1517.77719865169,100.920537862553,346.31421725674,0.004494547825937,0.469835721094768,22.3267222989817,16.3649411771191,6.21674441737618,2963.96065126054,92422.5620089301
32.3822080546586,29.9697601834073,1465.66977102753,261.220643301945,1517.16141050784,100.939337316198,354.163041703047,0.00454821506712882,0.622166849670176,22.1584340963893,16.7229560881213,6.17676881394668,2966.86682476939,92557.4888146379
32.4885797612907,27.9763716445973,1463.24755361659,260.709452525423,1515.26256989044,100.865922150285,359.907435325224,0.00456702421639178,0.772641178139642,22.0628853613495,17.0201375170273,6.13833699056053,2966.32959683908,92748.3007805783
32.608167187262,26.9434501216059,1460.72941664822,260.279618781062,1513.30250770082,100.782936991127,364.440667377354,0.00457169763012653,0.912476305039658,22.0339367070911,17.2867196583845,6.1019587363309,2964.99076760552,92948.8629109807
32.7352401121564,26.3863095993444,1457.767302277,259.938505620612,1510.90401252631,100.665931154939,368.169589488073,0.00457019328391421,1.03352855138872,22.0516336594026,17.5281656723326,6.06888377568561,2962.47673271458,93346.4935456228
32.8739635523796,25.9049052377286,1452.23236978568,259.546135351742,1505.78682792521,100.362963029892,370.853056206605,0.0045739394195467,1.13104596911725,22.0645514277277,17.7195455640298,6.04124246056161,2954.74788662962,94148.0882520741
33.0246868160977,25.2451694531639,1443.92942295435,259.046644426972,1497.72035970654,99.8596914868879,372.548867161616,0.00458737554595811,1.2047884246531,22.0369859698028,17.8544533708494,6.01968374457566,2941.42981253092,95077.0645588509
33.1823009615241,24.3554984575836,1435.23470346742,258.650042827157,1489.2083602421,99.3237934765649,373.883440616481,0.00460657426673267,1.2559625519255,21.983137087733,17.9517896233143,6.00340029534746,2927.24715529519,96014.0855477433
33.3262154925453,23.2630894508688,1428.35898709786,258.630236969944,1482.61734147609,98.9125112085101,375.44327539039,0.00462812344642521,1.28659059272911,21.9386507547089,18.0272784595891,5.99148392308263,2916.69117785819,96915.6402149177
33.4039321548464,21.9578905501682,1423.31385955506,258.995043447496,1478.07259399125,98.6322939063076,377.300552845108,0.00465422390587351,1.30109436187753,21.9391408263716,18.0890079491936,5.9829359886877,2909.93846927131,97750.8986896347
33.3929908508549,20.4594854552581,1418.55809220153,259.529566843894,1474.00971110139,98.3777287372199,379.056303651297,0.00468946729738278,1.3061644516173,21.9899698203288,18.1371437817085,5.97674013711227,2903.92671396898,98540.0498066872
33.3193771517092,18.8363354418766,1413.0795788157,260.067486270092,1469.31568384617,98.075603873131,380.394464415917,0.0047348139070816,1.30787630624464,22.065855482551,18.169936288925,5.97202247398913,2896.51277964972,99280.1257934185
33.2120792648758,17.137930670323,1405.43998974338,260.354241769328,1462.39806038852,97.6216804096301,380.927672279337,0.00479351574047709,1.31163901470017,22.1152847149408,18.1900105470287,5.96778250798637,2884.66463949158,99928.6582148985
33.0866263322444,15.3644692754789,1397.04036864478,260.583441422458,1454.60684067174,97.1105971181302,381.009778825044,0.00486265622601999,1.32065173313809,22.0542974393274,18.2054173177476,5.96306088912624,2871.0934421234,100448.32710235
32.9468996546053,13.5454388412303,1389.26201418358,260.946724244461,1447.35045980911,96.6385101817004,380.972060095857,0.00494165086506388,1.33583968883649,21.8517288689027,18.221904494887,5.95732052210831,2858.53448599451,100871.784090066
32.7916636654044,11.7594892555292,1382.47029465298,261.461275651418,1441.06397701344,96.2334278572947,380.896802828124,0.00503321818791758,1.35817166747252,21.541561584792,18.2409210539676,5.95022874077536,2847.74159195951,101208.351861276
32.6306435254129,10.0527582885782,1378.39597115427,262.182557157682,1437.63611487792,96.0223758075756,381.218304643473,0.00513479371031165,1.38974056828281,21.1588038348305,18.2857671155393,5.94024530487635,2842.13270437618,101153.422032791
32.49220603498,8.4510416488019,1379.58994722384,263.185631415038,1439.81972722532,96.1918416514479,382.659602952063,0.00523895413781174,1.43348486161195,20.7334407583946,18.3998471654822,5.924720605079,2846.76167704138,100485.153493336
32.3866265162196,7.02978095404225,1385.3935672288,264.417510327739,1446.94106787287,96.6961172929293,385.125236813944,0.00534350891287882,1.49067186455452,20.282597351133,18.5824278024395,5.90338004199167,2860.38864805424,99665.0948355899
32.3010860534535,5.85268847128569,1393.21438191107,265.722146490647,1456.24649757598,97.349076610618,387.912921036015,0.00544715164868241,1.56145611585769,19.8031496874092,18.8024586153937,5.87766344394363,2877.87986110262,98839.6788803383
32.2235465885867,4.89287648192479,1402.59558112366,267.055552724159,1467.23625993544,98.1174928053731,390.890325401379,0.00554244956642772,1.64582468147202,19.2847431186495,19.0557545032151,5.84780595693728,2898.29968213595,97868.4943041821
32.1467283475672,4.09677883866529,1414.7920960115,268.486531001392,1481.23132943181,99.090606039668,394.399024643588,0.00562134753093383,1.74437297941834,18.7218318855831,19.3618301257334,5.8127908658338,2924.11748602982,96634.3820117442
32.0693526827216,3.4557186648053,1429.53192414204,269.993100669467,1497.95021460986,100.248901886814,398.358434518378,0.00567920206961688,1.85568841018975,18.1227692069976,19.7202635728172,5.77284108033355,2954.7929592208,95391.1195246027
31.9946003467792,2.95548122535436,1445.31577295047,271.459367677241,1515.8161349391,101.485794545665,402.375318055277,0.00571567718331505,1.97586509532058,17.5019246258133,20.1135590433823,5.72942612246821,2987.36078477348,94224.9805135885
31.9266468487427,2.5513268014329,1461.83470880841,272.821337543621,1534.50581354295,102.780465846219,406.391041763182,0.00573471168984151,2.10309332377715,16.8682549296061,20.5385000959489,5.68302570822037,3021.19581852812,93036.3861901488
31.8693083227092,2.20592806616239,1479.98124110341,274.085898253055,1554.9601153948,104.198306984388,410.656335853449,0.00574122823282868,2.23901168970846,16.2287227511637,21.0071124555405,5.6328178694704,3058.03045574306,91726.02032925
31.8227634715478,1.91715857989021,1496.15688849619,274.676246958445,1573.38458416774,105.483706700354,414.19651617589,0.00574934571652312,2.38480893344922,15.5896809695761,21.5164456748059,5.57877885759802,3090.4964115044,90461.8962572218
31.7843354646593,1.68360509466279,1504.08115478896,273.721921484589,1583.14923785045,106.187534706574,415.312772024656,0.0057824258509896,2.54444323599747,14.9530769390364,22.0443536114822,5.52153127833004,3105.82784071994,89307.2419659807
31.7460707391012,1.49550301516571,1508.7339879945,272.144776355756,1589.48442819616,106.659988304137,415.338026727786,0.00582671627376275,2.71210638994285,14.3218351921647,22.5698846978188,5.46296813840349,3114.28291623617,88397.2240786957
31.6897138743056,1.34269299099334,1510.8527991468,270.149397827029,1593.12131739676,106.949464622954,414.457211414116,0.00589067110225136,2.87758867565104,13.7015105022336,23.0630087958111,5.4060719077843,3117.38205811796,87875.9031824415
31.6057653450407,1.21743305519079,1511.11639768134,267.801366102219,1594.7505693681,107.102886529171,412.843681696512,0.00598459092192885,3.03548410210118,13.0915646582369,23.5144916060205,5.35209265075765,3116.45271374674,87538.9535058291
31.5006296372822,1.12080559857696,1511.07171687575,265.267753036865,1596.01894546233,107.231317807415,410.924013263696,0.00610917791954623,3.18284417988541,12.4895919802389,23.941245196988,5.30056555686148,3114.62140589297,87280.2297558591
31.3838766497522,1.04696814503195,1511.42691750715,262.627801318388,1597.70960179382,107.386624236173,408.926939296955,0.00627291497107227,3.3168304887557,11.8890698051789,24.3576717119008,5.25118398353366,3113.36885796403,87069.8694773731
31.2622656161209,0.983965386520119,1512.14724722086,259.788879533947,1599.85088037952,107.569401012137,406.894339761743,0.00649564372174822,3.4386287306435,11.2620185020263,24.7660921539362,5.20377757249441,3112.65072073712,86896.0462133493
31.1380814116562,0.927506660891001,1512.90969161145,256.665093347946,1602.13388744155,107.758054375007,404.773777502545,0.00679750361999837,3.55125080745884,10.5917301931147,25.1610840270935,5.15833434246679,3111.83083286147,86765.8428286325
31.0102730201757,0.876773662905517,1513.35478335189,253.279432302694,1604.15016464762,107.924963856081,402.484145047645,0.00720586146042396,3.65581672729761,9.89193964843636,25.5364144771315,5.11512616138772,3110.2149710758,86681.0673084117
30.8788809077289,0.827539888970236,1513.93168924537,249.753603044183,1606.34027914321,108.100438690245,400.141948847159,0.00776953756486016,3.75372765637542,9.18170650900173,25.8975466142031,5.07371508495351,3108.72581310586,86537.6935666499
30.7466395849825,0.775263477726558,1515.9786039905,246.273860914933,1610.1100754864,108.380381582236,398.079874564751,0.00857371278056946,3.8483293616899,8.47320368823009,26.2666719734427,5.03243290537966,3110.06046453687,86201.6062464481
30.6136029724659,0.724329902677512,1519.42456478038,242.871085684723,1615.37601172594,108.757783752477,396.264578829457,0.00975699172920277,3.9375029222762,7.77968822070379,26.6494986558879,4.99129097553767,3114.08721729874,85813.5292592748
30.4772605383221,0.676854703956654,1522.98651636758,239.431251043016,1620.76618881871,109.135798500262,394.364780928407,0.0115256534412531,4.01195749863555,7.11631376589321,27.0294835213927,4.95259810584857,3118.23512385818,85449.9111877398
30.3418556583045,0.633155961971951,1526.07653373755,235.878913432983,1625.64908719203,109.466733227205,392.234619634669,0.0140583543224941,4.05987842865456,6.49713157822609,27.3953107097742,4.91876158854193,3121.30669909019,85092.0354048345
30.2245684493012,0.595036067141909,1529.04797250604,232.222379232557,1630.38727750605,109.770757038763,389.978496858296,0.0172803160773944,4.06907919881947,5.93629540225718,27.7516223985971,4.89133921180732,3123.98094908077,84693.0862336942
30.1364364189519,0.562867863051003,1532.12686729491,228.477453045963,1635.20752965984,110.060974656862,387.673197291208,0.0208156545785891,4.03106269811342,5.44153034532462,28.105741170107,4.87114407791885,3126.70162777021,84289.4442180332
30.0728366002667,0.53570430188403,1535.11809686153,224.638641234331,1639.89544701748,110.323417307368,385.285654193452,0.0242619221653129,3.94578815045523,5.00858681261917,28.4592495660159,4.85804874680663,3129.09253806083,83902.7130224024
30.0236317378243,0.511863373055517,1537.87979077569,220.706839058694,1644.29900460023,110.550048406733,382.792794405588,0.0273519459589184,3.82024967134831,4.62598018203387,28.8120758774749,4.8510140800081,3130.8897977543,83534.4728054628
29.9782897484024,0.489290315580046,1540.42192953727,216.691227178294,1648.43480935068,110.744594420119,380.203542915872,0.0299623020877671,3.66418919632161,4.28101632883445,29.164170220835,4.84861515515403,3132.13147573441,83180.6775555341
29.931013862867,0.467809487292548,1542.79206892108,212.605054664231,1652.35748263256,110.913308840264,377.533972643182,0.0321173925325079,3.48709440227261,3.96317369247477,29.5151903181343,4.84948597110045,3132.92771001364,82842.1485369283
29.8821867449845,0.447737779558633,1545.01142612748,208.464135162889,1656.086064024,111.059837952011,374.796910885179,0.0339352538461368,3.29670955875612,3.66539390257993,29.8641462067589,4.85256167901623,3133.33442383901,82520.0970639479
29.8350026653211,0.428995449010454,1547.11253778136,204.287106572753,1659.65051376484,111.18814708553,372.008214712818,0.0355337559753568,3.09893135442036,3.38508831353943,30.2098933167697,4.85706324865905,3133.43010044111,82210.1366814558
29.7934273349529,0.411113210943439,1549.1637458362,200.096204961314,1663.1231843981,111.304625193613,369.189698632293,0.0369899368367495,2.89813391087351,3.12576646017404,30.5517487411205,4.86240869642653,3133.36676168666,81904.9362384857
29.7594613096673,0.394306393404041,1551.15956618168,195.905358190036,1666.49795978294,111.409867126639,366.345308643315,0.0383394662735461,2.69715744140795,2.89117921240433,30.8878621942165,4.86830889982418,3133.14813034001,81612.3393504444
29.7322978231513,0.378864036776421,1553.01296812177,191.71781898815,1669.6788524421,111.498025015464,363.46256021068,0.0396014890219329,2.49775069903673,2.68065739604037,31.2148763153535,4.87472681028921,3132.61205929516,81338.4103605522
29.7098504250977,0.364978680864881,1554.71950045806,187.541399009882,1672.65676034151,111.569014382056,360.54996118252,0.040789354407826,2.30151169174647,2.49117094350684,31.5307291431853,4.88157776521464,3131.75788760192,81075.2064806845
29.6893600852464,0.352980630532766,1556.42698380774,183.396633115373,1675.58358579026,111.633635075466,357.65226814267,0.0419089483482017,2.11020008933313,2.32007626353126,31.8365571620736,4.88857371148679,3130.88543419391,80806.3773767387
29.6685946504536,0.342947524967995,1558.1769558635,179.295542815727,1678.49824752706,111.695166358625,354.789290779368,0.0429669030028721,1.92553916632803,2.1661797686352,32.1321181344934,4.89550932595802,3130.08479984656,80544.6356211597
29.6468628382311,0.334677311273653,1559.83600724749,175.234676203934,1681.25607844852,111.744648442613,351.939007090213,0.0439727653278817,1.74934888256784,2.02897892930662,32.4137281184826,4.90235756658529,3129.10160625112,80300.5067465915
29.6224692706601,0.330817252866841,1560.8151121701,171.178617684055,1683.2182889013,111.740195078518,348.989860605921,0.0448614897457659,1.58210156941695,1.91754681275085,32.6681167201993,4.90985212819242,3126.78686029148,80155.2877745594
29.5896276243719,0.3385503354089,1559.71483701371,167.035784798635,1682.85697977162,111.581107604623,345.693303545317,0.0453917323574978,1.42112191485854,1.86577532601477,32.8639565054933,4.92027622236005,3120.40476541905,80254.6147696056
29.5451804814453,0.35789257045434,1556.03008508748,162.773643343707,1679.61005588013,111.231912295866,342.005852346118,0.045426928043576,1.26558371314634,1.90070962203601,32.9844999480144,4.93480144570887,3108.98723466778,80508.6618896108
29.4918560477293,0.386243219900191,1550.94864149266,158.484194153054,1674.76078802738,110.779764998316,338.203503104686,0.0450151427553848,1.11907612352076,2.01712171208513,33.0416862967856,4.95221838577836,3094.89534811162,80821.2738650454
29.4319871109495,0.436239595356767,1544.6380250251,154.236300652264,1668.49718873789,110.237496915637,334.359426364815,0.044011293467779,0.982256579847598,2.23155473001683,33.030167242169,4.97276584753959,3078.53135782161,81349.994988152
29.3668137755376,0.557119496035098,1533.96987851425,149.9807327045,1657.43356845163,109.379273231395,330.012261235872,0.0418409217401659,0.845844689568816,2.66598316576824,32.889556531369,5.00157800100881,3053.97889858543,82476.1725311364
29.3042938231163,0.786045807168912,1518.01999058196,145.825776778609,1640.56946592691,108.13912915992,325.196665398456,0.0387747320688272,0.706527029884066,3.43032833509026,32.5871630470411,5.04137854784643,3019.68523393251,83982.106877961
29.2534463891597,1.16588321308335,1499.65378312099,142.000405850432,1621.02397971636,106.726506936431,320.48230454155,0.0354144501639891,0.579612767642159,4.49584288518838,32.155157783755,5.08799354585906,2981.31407230443,85625.7947359841
29.2406031163067,1.74729357812424,1481.67340303383,138.894095900534,1601.8227047047,105.344206483958,316.18979055646,0.0321132059889299,0.487141196840506,5.76002269484385,31.62056509246,5.13608979116221,2944.36227064957,87452.3078712097
29.3582073247159,2.50052031216003,1463.92217116959,137.335707524895,1582.69270330319,103.974229997613,311.928558615655,0.0291547649120864,0.44566995070464,7.11041275204237,30.9733667777517,5.18299044405342,2908.83713681091,89651.2309944941
29.6801552557609,3.28219441125722,1445.09390138172,137.845980335525,1562.14207094306,102.521354668868,307.241621909145,0.0265081149066398,0.460530432163869,8.44474402150952,30.2331611825516,5.2261581240911,2872.4442653719,92030.0876609214
30.1816249370486,3.95169065664865,1425.79174051692,140.178272550348,1540.86061897525,101.04019573309,302.366323980864,0.0238525117763973,0.52915090584592,9.71329562730899,29.4551807337053,5.26276386757079,2836.26468005943,94451.5081963171
30.7616017925712,4.33131677465615,1411.2179316296,143.850038455716,1524.59607726282,99.9198471255839,298.567051630423,0.0209686046823522,0.650155111197549,10.8311698421262,28.7354746019612,5.28782503848306,2810.13005374314,96315.8276048771
31.2701402666994,4.21405747283944,1407.98661048898,148.301994283718,1520.66919950662,99.6490916399027,297.248903667496,0.0179593230641237,0.824864783805516,11.6267389693468,28.2002995206097,5.29413049967183,2806.4659947531,97033.4654867276
31.6548263050001,3.79179358851194,1413.39673463707,153.076305842319,1526.18675647825,100.034264163194,297.736546955963,0.015159850532473,1.04833385633054,12.0957936229637,27.8408697105645,5.28288713087919,2819.71493086801,97312.072165575
31.9692100270944,3.36093891887537,1418.68797074372,157.873908878878,1531.58213369795,100.435488264676,298.175341966541,0.0129327526693692,1.3030505285969,12.3720865457913,27.5668859975278,5.26188796619809,2832.7670944831,97391.7813938478
32.2474427807245,2.99522241383352,1423.15148809514,162.599159032868,1536.09465305795,100.794614662091,298.419382627643,0.0113937625631722,1.56610705820768,12.5270896479921,27.3499866844909,5.23618874707491,2844.19334882892,97176.2308009876
32.4708800494755,2.67990117129396,1428.7612155462,166.740886551589,1541.99595135175,101.259142671718,298.892197474075,0.0104277563493722,1.82066848902952,12.5662371624572,27.2139514745006,5.20686965808891,2857.52615453486,96579.0836156312
32.6271398477255,2.40408592578655,1435.85289393396,170.057791327971,1549.70624693548,101.853571518005,299.638388633023,0.00985348932307219,2.06004204433184,12.4918829984498,27.1678841630486,5.17431022913094,2873.26411246563,95794.2459665549
32.7300890633704,2.15802205122272,1443.55084074968,172.789066955531,1558.21394845804,102.50572458422,300.420686508419,0.00953507785877173,2.2855675145318,12.3145702284374,27.197839595147,5.13907119540529,2889.81028099482,94920.0067209424
32.7984221612037,1.94474314404525,1450.64747755209,175.166730500133,1566.10190694186,103.1190751985,300.947911619791,0.00938693605443467,2.50073108599231,12.0426709563749,27.2775546844522,5.10215697256004,2904.89348812907,94125.5752189558
32.849186327908,1.76688709498405,1455.72844521578,177.247728475224,1571.68395357817,103.582844048045,300.919950000921,0.00936280981476775,2.7056327384947,11.6752402323305,27.3703500186185,5.06570513604533,2915.69550323182,93560.4953128769
32.8874594461235,1.60968334802477,1459.03707802169,179.023518136764,1575.1724579156,103.912108012578,300.391537453886,0.00945014556884962,2.90135349343146,11.2094600245184,27.4640999958109,5.03030387550426,2922.63037914277,93076.0650629987
32.9095886353021,1.4683588934722,1461.79086324506,180.516578258601,1577.95643048516,104.19776333488,299.616489470394,0.00964923278689272,3.09005261450609,10.6603042489596,27.5669488708122,4.99519094290992,2928.11466654294,92627.5521327845
32.9173777669137,1.33411171073013,1465.19569764576,181.760842973167,1581.43482784714,104.53043657671,298.8416748541,0.00998724003065881,3.27415041140933,10.0560594323436,27.6940624432669,4.9591505513289,2934.56933765153,92091.9213160424
32.9254053303017,1.19842027207169,1470.5439139665,182.793423964083,1587.09342714903,105.006176790104,298.301909548727,0.0105186992232786,3.45914495802893,9.43450136396719,27.8678935960824,4.92007147057103,2944.55848806041,91349.150549649
32.944616079575,1.07571376080904,1477.23682971328,183.619480669339,1594.29828965873,105.580484459538,297.869276537161,0.0113047142225464,3.64418162277917,8.83107633729286,28.0832790802735,4.8783861901194,2956.94851105578,90603.5167500178
32.9729680740249,0.971684635705866,1483.56387094177,184.205733868959,1601.15087414763,106.125510505432,297.236787775794,0.0124427753731504,3.82049733016097,8.26191214797056,28.3138729265606,4.8369714775939,2968.42034782638,89936.6794608477
33.0063237887908,0.88837226618403,1487.88615536841,184.489528727046,1605.83831051731,106.518496290007,296.116441077717,0.0140409137074115,3.97576913641231,7.73457140896841,28.5254378541584,4.79968166555559,2975.77992214352,89505.2897579638
33.04426733268,0.823672387836909,1488.4197030748,184.33502390942,1606.43115051394,106.627876500791,294.192861416188,0.0161595731399241,4.09419258350275,7.25369408731221,28.6715505104011,4.7715588303025,2975.53998429184,89475.7185987915
33.0854940251945,0.767533810068386,1485.63156115778,183.690842285482,1603.46061363215,106.486888103547,291.571538410834,0.0187316955110805,4.16770265924656,6.81208143791593,28.7416310733106,4.75440547595986,2968.58453276448,89617.2112891744
33.1279576968743,0.716681027962887,1481.68226413965,182.675121327697,1599.27194066085,106.251211503088,288.670220449539,0.0215413932281758,4.1977004213003,6.40421044556168,28.7616563656166,4.74649569709388,2959.12805052135,89811.9190512012
33.1690416093667,0.669398631190572,1478.22317320546,181.462826158881,1595.64243504361,106.039682151269,285.811997480042,0.0243665317007752,4.18945814003575,6.0253205719146,28.7563259219624,4.7456196052766,2950.44366697005,90001.417249534
33.2018676128057,0.62310680183155,1476.01023615402,180.191474517275,1593.39001317777,105.907619217906,283.141647785049,0.0270849590986677,4.15153448855841,5.65398678609729,28.740925416971,4.74964341280497,2944.07562088125,90141.8065869116
33.2233292217004,0.579491876401953,1475.31167934563,178.952975119373,1592.80188081711,105.875278373175,280.713312361429,0.029629575788952,4.090624223126,5.2776497762687,28.7176697053423,4.7574802306858,2940.60367620324,90273.9188772926
33.237318263873,0.539934534996909,1474.80142957272,177.643250237379,1592.42955689354,105.847489672797,278.296457453434,0.0320134532260777,4.01054205729361,4.90387892123394,28.680913923054,4.76894684889126,2937.42517764133,90414.6792368072
33.2457979565776,0.507809452699171,1474.68550067582,176.230651517789,1592.48698472342,105.840190750832,275.965719916748,0.0342396262790524,3.91653510952785,4.55221360123361,28.6523651610772,4.78210052394611,2934.92295247078,90342.5794170412
33.245195999866,0.492305871904568,1478.25690502956,174.979267425685,1596.52084623684,106.090917374544,274.407818386467,0.036137498869571,3.8106442676319,4.2698478165811,28.6938498727293,4.79319311235873,2939.58861580243,89813.0694703189
33.2354513409632,0.49102168063384,1484.86517890708,173.891252438751,1603.80171619399,106.550500256441,273.550461839753,0.0376390470097028,3.68840562374746,4.09138618954443,28.8202454062069,4.80210072475189,2950.1905848731,89147.9004879815
33.2207420981242,0.497509319016897,1491.80825897639,172.798514576739,1611.39843274352,107.02298109891,272.868351469044,0.0387525098791233,3.54848321212815,4.00492972750977,28.9940102901753,4.81117217044635,2961.44172167222,88491.8908027298
33.2068151194251,0.516183457821127,1497.08411524218,171.590850225128,1617.14177805905,107.363957524513,271.981810822755,0.0393922244438678,3.39151325801123,3.99781103782792,29.1759059433909,4.82257269203168,2969.44413671959,87991.035904888
33.202999939079,0.562931960479823,1499.12364186923,170.263934076874,1619.30992630554,107.459051603611,270.691305913253,0.0393800758192074,3.21315382863518,4.09870954325398,29.3309557863633,4.83908069935822,2971.2425408033,87793.4681265029
33.2135794578409,0.632135703710316,1498.51381288354,168.905207577341,1618.53478911172,107.352322807765,269.171610416951,0.038835142915428,3.01612041911563,4.31765198584826,29.4572093191912,4.86048901491488,2968.05703018897,87711.8527940435
33.2348849052113,0.715082316756653,1497.26184672015,167.609464332507,1617.01502666458,107.193619287019,267.741595034135,0.0379330445796943,2.8142101610672,4.61930917073428,29.5762517304088,4.8834354034938,2963.77278205231,87647.42452634
33.2638924546676,0.806034704279923,1495.25741512369,166.437048216002,1614.62814670356,106.977547687226,266.301553311994,0.0368237498654241,2.62038236587708,4.97712340139555,29.6751754760882,4.90663861541076,2958.17717595195,87800.1756454273
33.3032871544173,0.89096991750373,1489.78187102843,165.486555529353,1608.37035035936,106.505785083225,264.261504330334,0.0357108474276187,2.44596149983145,5.38959157205941,29.687450688996,4.9321481768229,2946.06422515262,88460.990861029
33.3545552642867,0.960239735487874,1480.35605678963,164.853164202025,1597.69727727848,105.744914349105,261.449099953392,0.0346652644417876,2.30553476717561,5.83519656593527,29.5881089692229,4.95914035279809,2926.5216226046,89321.8061054124
33.4147862829109,1.01695135398636,1470.21497509283,164.65643464331,1586.14684829616,104.933623447737,258.431297817654,0.0335787165520534,2.20752972010419,6.2808050077524,29.4145820923155,4.9841667948605,2905.81032891653,90209.3656741818
33.478933365982,1.06735395494504,1462.16333474148,164.910781033924,1576.77653162511,104.278498258269,255.762852846766,0.03234564750592,2.14849170653689,6.70225503693106,29.1956375112069,5.00610546186698,2889.32031032012,91159.4844612062
33.5384528797117,1.11105944461137,1454.9625825859,165.15158283465,1568.222504958,103.694433882586,253.291166972975,0.0310112201384459,2.1229912034686,7.04938694354092,28.9271378886261,5.02603698583395,2874.37642854481,92255.6881729817
33.5880323864107,1.14714756514435,1446.33101980583,164.965731693007,1557.99915731404,103.019866867451,250.648377942411,0.0296572655041607,2.13014992769606,7.28703971176709,28.6041233072254,5.04440491162766,2856.35035092902,93407.8872498163
33.6295580170822,1.17728446342022,1436.93227659341,164.519522403593,1546.83598829925,102.301525771292,247.951784729194,0.0283182462263146,2.1669115936399,7.43467678009605,28.2357448781547,5.06114345743015,2836.63468551102,94568.5649781968
33.6727041195449,1.18930467135448,1430.30899223636,164.250922216879,1538.64775625877,101.793903341515,245.789357219292,0.0270783395795309,2.22833710513027,7.51895122097996,27.8642462671688,5.0745057876563,2822.32637509829,95416.6899054634
33.7387892954224,1.1726327730892,1429.71437571519,164.486764811201,1537.13523399493,101.733769749821,244.682894255141,0.0260505901593381,2.31226687764064,7.55829924142081,27.5621511975895,5.08056079052117,2819.97325818246,95636.4045466579
33.8378890699118,1.14414081313719,1433.30299193192,165.14708320656,1540.35454161085,101.986330398525,244.311035721923,0.0252795858350528,2.41124874080557,7.58114749271992,27.3372505666723,5.07995763273782,2826.06434874073,95641.6729909184
33.9606558348397,1.11143348591818,1436.7000389671,165.869177438781,1543.48099852342,102.231548546413,243.940890493333,0.0247956600916215,2.51626514755134,7.59993888287373,27.1488177808971,5.07641400684941,2831.9686356111,95574.5403474366
34.0764685921426,1.07403093907177,1439.02011574139,166.464870624235,1545.47921553807,102.403563999016,243.3975130097,0.0245564327951916,2.62273312744006,7.6092861480273,26.973822920352,5.07190112657483,2835.78325696034,95473.5653275723
34.1239246029144,1.03027970963562,1440.43027348072,166.748304486517,1546.50335398441,102.516613203846,242.680301969198,0.0245046627498021,2.72873581282175,7.61088518268956,26.8057487041596,5.06700465735081,2837.64569723733,95365.1176515368
34.0773583370871,0.979966709229634,1441.55184769921,166.667257561083,1547.23271422383,102.617011496924,241.86950178572,0.0245937737884314,2.83458651728866,7.6021217343848,26.6502057299461,5.06129444187245,2838.68516542486,95201.813911777
33.9645229420416,0.925510638001047,1443.01531364705,166.320024641925,1548.36476853739,102.748769011834,241.056007360777,0.0247902946764504,2.9410227298545,7.57358866948294,26.5163493767701,5.05410750375066,2840.17121256242,94977.4911641369
33.8350895243486,0.866463832924844,1445.90186561742,165.854508630094,1551.06924526878,102.988087516631,240.410627826343,0.0250939327875546,3.05062975801321,7.49991832731627,26.4246725565088,5.04388003052537,2844.25136935858,94533.3784777208
33.7570795514551,0.805069893661053,1451.76076499736,165.44388270146,1556.98759518551,103.444838228752,240.182059961201,0.0255246892328186,3.16767277715398,7.33563054189909,26.4092138657509,5.02803678202593,2853.94557509681,93730.9620321328
33.7556717271829,0.748775996779783,1459.74808307132,165.086205788576,1565.18203938095,104.055943733883,240.238186891596,0.0261175754457219,3.29045890909547,7.08035778129819,26.4671955436146,5.00701973764798,2867.63783653467,92851.6453659189
33.803777755309,0.699341292360461,1467.65560472274,164.638640796032,1573.2756120221,104.660754537936,240.228876533291,0.0269421453512291,3.41307763913494,6.77470908432143,26.567007308746,4.98355375906431,2881.06700165781,92009.1031644589
33.8619860409293,0.655123158989248,1474.27102899461,164.007545424289,1579.98830561099,105.171485282592,239.953658105919,0.0280598839753631,3.52991283010404,6.45456908056058,26.6838758973885,4.95989520305154,2891.90020281426,91256.8234788684
33.8861015357503,0.612997148656679,1479.17197810443,163.17284996212,1584.90950880532,105.558200898394,239.330045240997,0.0294896326176249,3.63552474874863,6.14621879452108,26.800491562758,4.93781381356932,2899.358942819,90631.8620172381
33.8587957479598,0.573464919705293,1482.69801333708,162.172232631555,1588.42338043057,105.844570833108,238.405204404148,0.0311632443782673,3.72503843803355,5.86153194370974,26.9117700925558,4.91829737586946,2904.12213265593,90087.7751537349
33.795437788904,0.537966069940324,1485.51280735403,161.064375170941,1591.22298838048,106.07573581447,237.295607940811,0.0329575079205904,3.79427764254791,5.60183078083595,27.0214289222039,4.90175183071752,2907.46695681515,89602.8985207048
33.7055166812237,0.507279876739847,1487.79992868628,159.859635782062,1593.47022626233,106.261935661785,236.047255278763,0.034747356603376,3.84033322368011,5.36385684945874,27.1280881839634,4.88870383990963,2909.72165390913,89207.5100720268
33.5678431334673,0.480841775206555,1489.25031793376,158.484955249453,1594.795185533,106.378469433388,234.62243163806,0.0364560973758512,3.86248236534678,5.13497593096642,27.2220197338225,4.87983697129143,2910.22125885508,88939.7620076152
33.3669438803678,0.457486807173474,1489.92190264825,156.913514739787,1595.24422062478,106.429152469101,233.03607212093,0.0380586629721937,3.86341423399342,4.90441864388128,27.2990150018881,4.87501140294155,2909.04329844003,88743.5397010634
33.1138894158536,0.436765290806083,1490.2356218969,155.209823679779,1595.27692443143,106.445680791615,231.361021872473,0.0395598380743635,3.84728227385868,4.67363512770848,27.3624890241671,4.87343608916472,2907.03847901686,88589.7203313229
32.8424841285802,0.415290717307213,1491.54333612787,153.482213020745,1596.36618454724,106.527972682326,229.80356209579,0.0410144415110507,3.82111264508546,4.4400914550478,27.4354650203814,4.87276219737476,2906.84364863681,88270.4110239233
32.6133856031787,0.389514314672502,1496.23367014237,151.853473651135,1601.10422268731,106.85112199586,228.705365310645,0.0424823680899356,3.79531495121081,4.19240840946465,27.5664516470928,4.86865731530486,2913.04219616148,87552.3553131539
32.4547008479928,0.363866516538781,1503.88256941897,150.302975653499,1609.03521854831,107.384577130944,227.989166605213,0.043945036575888,3.77157521223143,3.9378441723554,27.7635196067107,4.86042347689122,2924.81576646727,86730.1200786016
32.3454344036377,0.340742945807748,1511.85120993582,148.701946950954,1617.30461184623,107.936176808946,227.270161162235,0.0454096337507515,3.7442585991244,3.69435454188918,27.9931133985482,4.85087521240287,2937.11106730321,85947.9213675371
32.2569806102258,0.321526905260383,1517.92932595196,146.938525636489,1623.52259177361,108.345061580491,226.236107751601,0.0468608577277032,3.70730743317582,3.47439595748111,28.2168478702478,4.84315708126345,2945.69965919565,85352.5958091344
32.170592223574,0.306910530640772,1520.26932614268,144.907554546326,1625.69931058436,108.47751101389,224.634924188573,0.0482688343315996,3.65424234358183,3.28677651684234,28.3913055363864,4.84074179379215,2947.05128434091,85105.4053072175
32.0831751015369,0.294446743672114,1519.27551633989,142.617375680944,1624.27465978686,108.363504214573,222.538581476421,0.0496371500821008,3.58441274681541,3.12515084427506,28.5055065776453,4.84434625456413,2941.94222081624,85021.6492257482
32.000387906197,0.282755618363988,1517.09962571818,140.188816020316,1621.56555726928,108.159185748028,220.259461233148,0.0509518860018813,3.50224592439999,2.97537871094357,28.582663536857,4.85195005455499,2934.4938457676,84985.0816766879
31.9207775948822,0.271949322649117,1515.0209893615,137.714498221924,1618.93922568858,107.956897919174,217.982201731229,0.0522119149378178,3.41142467228634,2.82962529623203,28.6410711366298,4.86194228388227,2927.16174030387,84984.3528303323
31.8265582262354,0.262746433037293,1513.24036698835,135.224804956303,1616.58484772163,107.77003359422,215.741608030418,0.0534458442729717,3.31368377680686,2.681596630499,28.6828272116384,4.87395887929062,2920.32276728702,85043.7110390453
31.7041910891519,0.254738072133684,1511.51978697336,132.710898441969,1614.22900227559,107.581000226463,213.510977730297,0.0547233459571483,3.21055560128482,2.52675737563788,28.7059366518379,4.88790927390549,2913.51344164282,85135.5207785348
31.5573752675742,0.247414722685712,1509.88613373159,130.183023076488,1611.90513603468,107.392456759378,211.2969103819,0.0560921686267442,3.10380679656525,2.36617732341573,28.711000179699,4.90351054587745,2906.79811567624,85241.6514112073
31.4031736000536,0.239607841085044,1509.13273555206,127.688945323206,1610.48026980918,107.262648924297,209.206640189045,0.0575819650842611,2.9954690867739,2.20145209669411,28.7097840664333,4.91978432190065,2901.70609449684,85260.0911738843
31.2711749765283,0.22993252084577,1510.38769043799,125.270011065281,1611.18622422905,107.274262389997,207.383582040661,0.0592269256976489,2.88860586016148,2.03227071301613,28.7302221925271,4.93466241846213,2900.38556843085,85057.2475303276
31.1762240319907,0.219551144157004,1513.20662068573,122.891734967747,1613.55667764666,107.395980740793,205.757714469822,0.061022806552829,2.78344166000487,1.86392354240694,28.7799255928343,4.9476794672152,2901.9867508999,84771.9673147078
31.1096674944674,0.20942509398568,1516.24303533732,120.495470179598,1616.14150853872,107.530369469606,204.148844464466,0.0629682135546289,2.67761097093023,1.7038796894037,28.8415944574318,4.96020353505077,2903.95251919254,84489.5015914455
31.057038139115,0.200059758369017,1518.45133721898,118.048090794155,1617.81062237735,107.601546594764,202.423547827825,0.0650417495181772,2.56888217883232,1.55824788268313,28.895883909303,4.97369393947105,2904.30656347609,84272.3075757721
31.0060434546106,0.191695352836816,1519.10843313226,115.549079871737,1617.78366593806,107.557313289819,200.493663633933,0.0671568189599542,2.45563800043392,1.43566733634511,28.9248763403627,4.98942034891774,2901.70271680672,84181.3027393041
30.9523067313791,0.184047708163605,1518.40100280609,113.032508572079,1616.26031992381,107.41128601187,198.390438285326,0.0692093776722923,2.33810044587987,1.33914696249378,28.9248729852032,5.00754997397002,2896.51757997904,84153.0660081365
30.8983643903563,0.176913276122262,1517.18440545521,110.540017510003,1614.15875008091,107.225187674866,196.228825579306,0.0711441142424696,2.21794814690704,1.26337731855881,28.9057113031714,5.02725435236191,2890.37626010767,84143.336161072
30.8497485378423,0.170164993028315,1516.59816437713,108.11364320883,1612.70386615188,107.081135383488,194.157425991438,0.0729551260848181,2.09795667383319,1.20057401710236,28.8870941932829,5.04698950755894,2885.43239030127,84043.5831581726
30.8133030815765,0.164021591397231,1518.2126171346,105.81446704135,1613.58501705716,107.091899391724,192.377998161662,0.0746108367231365,1.98166921175073,1.14484907180502,28.9013727808158,5.06439446879113,2884.65522154059,83716.4323373642
30.7900832505004,0.158752178844056,1521.9499379183,103.62992993101,1616.72333066414,107.25236291384,190.878834584196,0.0760834550527439,1.87089758888918,1.09592068117419,28.9584018979859,5.07866157759039,2887.89421721428,83293.3049202295
30.775794256885,0.154262363786965,1526.34853874833,101.491475048446,1620.55291154,107.458657107364,189.472319628057,0.0773953255477638,1.76636041169083,1.05551097074914,29.0404241805438,5.09072185090297,2892.38387998694,82861.9275544358
30.7681888535271,0.152623013683685,1529.64345602915,99.328773175993,1623.18141408476,107.585420478901,187.9514576421,0.0783109295354713,1.66730455635319,1.03365805082369,29.1174438842584,5.10242774377719,2894.80454968426,82568.3143744801
30.7734187299215,0.15935080479457,1529.67845066982,97.0713524925574,1622.2980869459,107.479812326829,186.109832519144,0.0779845171123488,1.56971940751699,1.06286706618808,29.1457526251359,5.1169199645483,2891.14137610877,82609.9821988627
30.8011997167499,0.174017170896984,1526.27580247923,94.7311328839878,1617.71419844152,107.130390564599,183.986497136998,0.0761631989146075,1.47155049971575,1.16440493261591,29.111107994758,5.1353356562124,2881.11297628228,82826.5241070398
30.8545006122449,0.193973830088666,1521.28079221557,92.390554747855,1611.40785242051,106.669248129983,181.809615305691,0.0735068331262955,1.37529754769818,1.32800333451029,29.0354069611049,5.15602138021516,2868.20440773272,83088.8436321058
30.9193579804317,0.227045461067701,1515.53801290595,90.1485661447543,1604.27588414269,106.155854695175,179.705808485267,0.0700378817356161,1.28132520901534,1.56820457648593,28.9234023449306,5.1786764725721,2854.06140418201,83527.3162024951
30.9543747194986,0.302457739683859,1506.79708015241,88.1259674579722,1593.89231213136,105.428630002083,177.594555332867,0.0648275083300415,1.18038758656225,1.99693697681124,28.7397129857618,5.2069248982762,2834.70569343446,84425.0576790256
30.9255176414166,0.431359168066353,1494.67578576218,86.4936068927364,1579.83117276911,104.459414663733,175.616663065228,0.0588755600521225,1.06689159614529,2.70681624623716,28.4726321802575,5.24249969609961,2809.653795768,85564.3331905355
30.8343133923883,0.708217404894476,1481.71282181323,85.3427635773235,1564.82866787145,103.423065271146,174.033686747101,0.0257070422623668,0.873721702985721,3.70603493804636,28.1847798857705,5.29063431512736,2783.65947174663,86767.6106623474
30.7674930878065,1.72881785883182,1493.14210008542,85.3889783785509,1576.01218019829,104.101928754029,175.305501637784,1.06702954492013e-06,0.373214936448579,4.73842552652321,28.4144509634139,5.34676456838304,2803.72317000352,97061.0991407667
30.6521214050028,5.44621377696235,1476.39838194521,85.3592362671531,1557.4973950664,102.84070805504,172.35576202376,5.53154189712735e-07,0.0714864025506115,5.80928708338505,28.1971043336216,5.39788356337379,2771.54427213284,97797.463382964
30.5336544782115,10.99106065375,1487.03980966875,88.1310172426558,1567.92981881787,103.490666831127,171.897430187314,2.27771210334259e-07,0.0272508734825683,6.85891940600004,27.6326521889346,5.43311521772059,2791.31905988494,98398.9905447609
30.4183578659752,15.7215029186374,1488.38190030111,91.5761450986084,1568.53371633522,103.479711318887,171.658662681281,3.27208531299393e-08,0.0215622276114975,7.95144921943349,27.0090406385802,5.46945651321451,2795.29946590119,98971.057497772
30.3042511579905,19.943282762808,1484.57473656806,95.4604899836499,1563.6630764081,103.096275403289,171.475390600176,9.57586292153411e-10,0.0169981095666983,9.03891642776091,26.4005091850855,5.50600591822554,2790.50935292827,99491.0429361409
30.196626909529,23.8042494061058,1481.10620779458,99.4667245828205,1559.12040845473,102.73017050108,171.429465931388,1.10437338744305e-11,0.0125622801124306,10.0082980727574,25.8273502687166,5.54061834544095,2786.45832288926,99904.1079360424
30.0995068854956,27.2858281216863,1478.97704665605,103.37494953399,1555.97715661619,102.4561654033,171.435193046388,1.40248723042018e-13,0.00851962497360389,10.8022188232926,25.2906315486316,5.57292551790046,2784.71393714615,100237.640247891
30.0105548843322,30.4560209677101,1478.15485738205,107.317615231798,1554.19732224964,102.271912391691,171.494091694398,1.7322026693701e-16,0.00519069272470496,11.4562269449452,24.7824845904926,5.60345027661387,2785.31753808996,100498.040730101
29.9309755679214,33.3477207861019,1479.47634953875,111.269886742473,1554.69067686755,102.23897997255,171.761237263297,-2.52781065969521e-16,0.00275536278548684,12.0007123379768,24.323207949675,5.63121643005256,2789.84676941947,100401.854295496
29.8685684706871,35.982503123916,1485.7114598734,114.883034482484,1560.4458242042,102.560103726607,172.595070344569,-4.85608369513557e-16,0.00121168667116992,12.4400750262413,23.9632723000263,5.65346625070789,2803.20975123214,99661.8855758702
29.8236489221188,38.4862322000708,1494.81302941315,117.95626768216,1569.31041900152,103.094042738368,173.723252712526,-5.07070894330979e-16,0.000449595894288969,12.8037705012417,23.7004661459166,5.67026025631843,2821.48945540987,98703.1694721952
29.7895951678287,40.9977048984345,1503.51141663513,120.629822683998,1577.79399832101,103.606340981714,174.696576484237,-4.6370681102268e-16,0.00014280225730322,13.1242589331253,23.491919836519,5.6839065368327,2838.71117218298,97722.36069545
29.7631643112326,43.5599656246059,1510.269659446,123.026206498835,1584.25607219672,103.985697248761,175.328480900768,-4.10407626627531e-16,3.82592411936636e-05,13.4181980452765,23.3065550406802,5.6961168730315,2852.12280793741,96815.2611144564
29.7467876813962,46.1509051413727,1514.79233060328,125.1849659405,1588.39603085431,104.211005379774,175.6472857574,-3.65463185927676e-16,9.232675038398e-06,13.7051865931089,23.1247778521842,5.70801612212843,2861.25938969956,96053.7718715499
29.742491295314,48.7370592957181,1517.8470215364,127.098114632911,1591.03870146501,104.33706201004,175.809743030124,-3.31073579345244e-16,2.13957216455986e-06,13.992999202326,22.9423053635532,5.71988240772292,2867.57766981895,95371.3066208914
29.7483682702917,51.3081548613366,1520.51353046098,128.761732687792,1593.32331559451,104.440074817412,175.966985042269,-3.04173346469851e-16,4.88930874957153e-07,14.2766391951799,22.7640406101782,5.73147083455312,2873.07098754854,94735.4519486314
29.7602984032957,53.8717136971647,1522.50293375963,130.21137601416,1594.92809921019,104.499060122946,176.07637761969,-2.81319243772227e-16,1.11221313425369e-07,14.5595137444254,22.5802802664583,5.74334013883913,2877.21474022407,94279.3126376029
29.7743724021336,56.3993919124126,1522.10161095531,131.471422505725,1594.02210454477,104.393078855776,175.919318014862,-2.60197019248675e-16,2.52419148404975e-08,14.8480896425327,22.3602837080149,5.75720969160167,2876.85118501575,94195.0449666031
29.7901407620611,58.825057264267,1519.36025751632,132.497526903222,1590.65801170747,104.126482160694,175.492204521279,-2.40001125966024e-16,5.69715733059718e-09,15.1282518387937,22.0956144670957,5.77354843178941,2872.03435749503,94289.5752280992
29.8090817306544,61.1148534754349,1516.08246980997,133.267570536332,1586.75046884427,103.826408294672,175.004448801155,-2.20852063358465e-16,1.27253127836243e-09,15.3821184040222,21.8045634893629,5.79133809037856,2866.06672182161,94437.7770445114
29.8276877922981,63.289933367709,1513.75478587469,133.836135975288,1583.86571614331,103.595790973267,174.628988987477,-2.03022420430883e-16,2.80901829242799e-10,15.6056279351501,21.5069500318134,5.80948024816217,2861.71264873223,94548.0457511394
29.8312432755161,65.4102186436974,1513.67630225996,134.326159190775,1583.34638888982,103.521704935612,174.513926894536,-1.8668960741938e-16,6.10984737659674e-11,15.8016516564908,21.2201934015669,5.82701478812401,2861.41638671959,94534.9782506706
29.8097893339016,67.5217983934568,1515.0389448247,134.783676521937,1584.32132285237,103.54558434765,174.562024224402,-1.71800161080194e-16,1.32369628664652e-11,15.9799126447322,20.9470650327353,5.84379436131566,2863.7098790754,94487.1243445717
29.7672666702678,69.6193578995072,1515.89318514759,135.157463089116,1584.74224099431,103.532473131621,174.546759855535,-1.58156799282117e-16,2.876413216701e-12,16.1490279260739,20.6789641626081,5.86029496988264,2864.98844677571,94459.0703246439
29.7148931236708,71.6708968178124,1515.7822129547,135.42308303841,1584.1464300867,103.452556657919,174.41838637547,-1.45570606457542e-16,6.25409354369238e-13,16.3098639339921,20.4075470647836,5.87697423595201,2864.41730449355,94494.2172467369
29.6691577165972,73.6334826319551,1514.32778045389,135.492631368616,1582.17569261875,103.284015311939,174.140245960538,-1.3388777938373e-16,1.36044561657945e-13,16.4560869003655,20.1256630671927,5.89422061502521,2861.28229530954,94635.3975776088
29.6399819286351,75.4806287470023,1511.82037097221,135.311564812434,1579.16183590838,103.050013919877,173.751357387848,-1.23028446578774e-16,2.95217194710636e-14,16.5803511991385,19.8332049149886,5.91203274383327,2856.10382542979,94834.6125321968
29.6060801184258,72.3641652684024,1487.55561984796,135.249211702508,1553.17520765248,101.317178632604,175.156417440244,0.00158856096735104,0.0181728794541369,16.9933249882459,19.3559794851377,5.94841523478204,2813.71122314214,85834.7464735828
29.5948312991237,49.4475266838514,1486.09236688121,135.127758222455,1551.25450266217,101.258605071484,194.047596433735,0.00258884532072553,0.0745458869617366,17.2682587498921,19.5166194931458,5.97628773077237,2822.07186725566,86004.8146813123
29.5892017454445,26.7232884566734,1487.6757458739,134.537058846175,1552.77663908403,101.505668789768,212.970396308829,0.00506574515129413,0.258895937321335,17.0013956298979,20.0852691094633,5.95519617064583,2835.76334561984,86027.830032849
29.5804496558304,12.3340196024281,1490.75357415316,133.8820416944,1556.01466861548,101.911129104813,226.195087505459,0.00541778515152649,0.539970409504535,16.2954514800131,20.7971804470262,5.89187072624154,2848.79788982052,85983.9524527135
29.5672170977186,4.688724798858,1493.54694899402,133.230520141082,1559.01461432759,102.3119508791,234.34794725969,0.0060807403849481,0.970877941680204,15.4751242864929,21.3272967894713,5.80605522280773,2858.35967847551,85920.0659634969
29.5500126700636,2.73209917225257,1494.39926149774,132.557402050712,1559.98074646585,102.578234346073,237.55903724967,0.00675827581564744,1.57878133818261,14.6352133929716,21.570072200944,5.70374398473698,2861.52963832289,85928.2038663957
29.5267134124481,2.46410067034719,1492.85820660237,132.008369074444,1558.38632506882,102.671541438184,238.935813953511,0.0070938803017864,2.16073405378206,13.8992161297091,21.7193843653617,5.60852783151723,2859.43279190208,86122.8900698185
29.4957553776259,2.44132468417479,1489.45182990579,131.679173348022,1554.77675359255,102.626101138336,239.676284962804,0.00735652546949276,2.64839321203982,13.2898464876691,21.8660824816486,5.52669908265873,2853.77830212601,86385.7252513301
29.4584519764549,2.47158126431213,1485.68678436212,131.555477977069,1550.75869340144,102.547244968927,240.152279712466,0.00763411178531264,3.0488552476452,12.7804057501622,22.0341503905875,5.45596168872208,2847.45184374826,86644.4864054457
29.4184962102761,2.47860266596032,1483.13134992989,131.607658841563,1547.9971708046,102.544559961871,240.647038482132,0.00797353035281494,3.38144731221596,12.3398466262794,22.229869019113,5.39330784499445,2843.37714872896,86806.4000840366
29.3826308185021,2.40326596054902,1483.04119451617,131.838826417295,1547.79586063502,102.704271254284,241.259831573821,0.00841842639840979,3.67127043573588,11.9279707736269,22.4546308858401,5.33524584395158,2843.81083406825,86772.0673324553
29.3544384563635,2.25350544158069,1484.77813464496,132.223018400993,1549.46968494835,102.980641437008,241.784951750204,0.00899372338817958,3.93920709303271,11.5244248987319,22.6964108699312,5.27957578861179,2847.47253076074,86656.2793182555
29.3319718937792,2.06337080299614,1486.95953827687,132.725499549054,1551.572507062,103.277424816007,242.038000493247,0.00971306667580994,4.19418730406938,11.138006090836,22.937345828459,5.22610318883181,2851.79813126172,86525.4019920324
29.3153112129466,1.86542999576294,1488.10809690126,133.303224864544,1552.55970524502,103.491524771778,241.833945429776,0.0105841052952005,4.43587760895172,10.7857611488718,23.156339206854,5.17606675919099,2854.0509631266,86529.5935520768
29.3139971361932,1.68058062055428,1486.29397447143,133.857641615367,1550.39799256725,103.486848608683,240.924484229542,0.0116101692565838,4.65638581522707,10.481271944682,23.3217772965176,5.13227407116566,2850.60511702873,86853.5890581842
29.3365362182115,1.50442418324585,1481.43706678722,134.305618701773,1544.99764324699,103.257642609341,239.349783269867,0.0127910876622773,4.85207160103357,10.2173064166563,23.4260988793826,5.09561243452024,2841.27623838406,87307.7305542936
29.3811227076771,1.33561559176233,1475.87372993828,134.715073521694,1538.81089596873,102.968534438272,237.481700128784,0.0140960053729025,5.0267052587831,9.97668550565454,23.4897784721805,5.06438167850536,2830.44972990798,87777.0713763666
29.4383520892027,1.17260465383866,1471.86875177659,135.167084750214,1534.22779823107,102.780595557689,235.714791833963,0.0154879923065916,5.18705033442722,9.74231053223976,23.5436519461292,5.03588693972572,2822.42151805746,88101.8361089404
29.4930912255277,1.01609592576323,1470.99923736335,135.654905027085,1532.9401532224,102.809588430946,234.315622512149,0.0169462586457606,5.3449310942234,9.49176913119075,23.6244254000608,5.00638847950557,2820.15880700816,88113.6424373703
29.5369327538411,0.888938277483444,1473.95860301592,136.246286555932,1535.68613426044,103.106268002237,233.414398934755,0.0183968289819603,5.50321109241606,9.22189490297157,23.7433012243154,4.97475762110481,2825.02177697177,88004.6087832067
29.5729334763488,0.855941720441808,1477.11386319933,136.79976703062,1538.6504718967,103.411770557592,232.440274098327,0.0195990476227289,5.64878154757109,8.94386107780414,23.8922228951674,4.94295540775622,2830.16431137879,87875.651650458
29.6038119179554,0.858034177793135,1478.63911918961,137.275788261147,1539.89763187889,103.593462345747,231.144024352246,0.0207126933430948,5.7569056659108,8.68251134966641,24.0619880100558,4.91479635453531,2832.17335402459,87887.0807012835
29.6227729617735,0.866654279621605,1476.85691015746,137.572533878213,1537.63886884276,103.531502583296,229.351158289595,0.0218413544045839,5.83025572248957,8.48258992896119,24.202891055472,4.89292445857991,2827.88923420094,88219.7924872882
29.6233872157027,0.872650253354727,1471.96653795376,137.595752909332,1532.07860349261,103.24127352688,227.11015854832,0.0229863369988694,5.87882793654638,8.35735839505614,24.2936595994854,4.87729525278311,2817.6180235079,88668.8740027317
29.6077569147001,0.872827931314452,1466.40668931426,137.418110373535,1525.78239861538,102.897535561654,224.77042432194,0.0240918549400032,5.91317316441934,8.28106157245532,24.3506103634788,4.8655831644973,2805.92322969561,89120.0289859396
29.5826631383554,0.856645407730616,1463.22717451874,137.169279818737,1521.96790780461,102.719527738485,222.758975695307,0.0251368641634068,5.94782409188021,8.19894370534309,24.4174899664077,4.85332462244481,2798.54394504752,89251.1713691197
29.5568571999822,0.815291712967266,1466.87185943689,137.086563552007,1525.31944131358,103.026536824478,221.680820242441,0.0261429994228068,6.00655141882063,8.02757112696025,24.5635724680016,4.83330204741301,2803.86462052325,88722.3619492541
29.5346637434122,0.767845645740327,1476.15803739664,137.186450503802,1534.60100397045,103.735020187935,221.348680636862,0.027122189668319,6.09463668288108,7.7503647016322,24.802330903865,4.80400388359783,2819.70866254893,87973.4548676224
29.5142853897793,0.72400580809884,1485.63542395339,137.22564988679,1544.09082754292,104.45628417328,221.004072525109,0.0281959672969019,6.2020432892416,7.41447805513648,25.0904381170974,4.76931297734122,2835.8423993797,87216.5926220681
29.4921140347438,0.684720814415589,1493.14423244177,137.103866036143,1551.51190193933,105.035247820457,220.350752795012,0.0294739868819506,6.31853405796098,7.06044897373713,25.3868476854351,4.73300582531386,2848.20058110273,86568.649784603
29.4641496820071,0.647526893878074,1497.65002340659,136.753743156633,1555.77384951419,105.396830962039,219.231218790769,0.0310293288021046,6.43345670643955,6.71141293145155,25.6592412764692,4.69839523527994,2854.81176504875,86127.7716712687
29.4287016751233,0.609506474281923,1499.76076527233,136.174724265518,1557.51465584727,105.583182687863,217.715780050317,0.0328631528621284,6.54036805848557,6.37120068087719,25.8994929036099,4.66684631483498,2856.78684074753,85780.2862805937
29.3870892773408,0.571269619465593,1501.03028319606,135.426067967234,1558.36463627666,105.703799097443,216.020379426498,0.0348982745006307,6.6364036164491,6.03642314293549,26.120518616261,4.63806118603837,2857.03357743225,85462.4642330291
29.3415715663988,0.535669437962338,1502.04248253451,134.569386954399,1558.92599570146,105.798118737495,214.241543321881,0.0370220959930738,6.71628641591821,5.71318202029215,26.327525417485,4.61252494521317,2856.67244549387,85227.6205090522
29.2946973907582,0.504122160391957,1502.13271805848,133.631260778449,1558.47634047398,105.815921315523,212.305556261704,0.0391453573771917,6.77233424369249,5.41324518570644,26.5071975270104,4.59208725558577,2854.48418212491,85168.8268880458
29.2482517220209,0.474431945066144,1501.14307275202,132.620861268294,1556.83567441877,105.745087842937,210.198892594598,0.041233348561673,6.80267717756774,5.13716856129624,26.6527828421437,4.5773865674872,2850.17593381841,85192.515655843
