20.908333759335,0.201267751013514,4.86921211838701,0.792619504264259,6.86097701027814,0.320669695096417,1.59560225876584,2.63180216931976,3.59203423360904,10.9933566848377,10.747080940396,5.94050308126752,11.6753472977959,16286.6814116604
20.9461274620372,0.201041870367255,4.79394164525569,0.77839575123867,6.76576604483886,0.316374350277782,1.57139906773269,2.60149224566394,3.61868473749142,10.933025914624,10.7364890807945,5.93799664094684,11.509170992278,15858.1343901533
20.9927910861878,0.200748561513509,4.70603499398048,0.7648870347527,6.67818350168551,0.312431483310205,1.54882968654143,2.56938769240256,3.64959398757819,10.8669642932547,10.7372706034268,5.93420627591782,11.3557810410448,15661.7116182812
21.0479252499334,0.200398199942726,4.6280594182401,0.753111369394526,6.60563406248269,0.30918425098562,1.52970853231812,2.53594652102034,3.6846374594579,10.7948113698981,10.7486445124104,5.92919371070057,11.2279685268747,15560.8258933701
21.111151516178,0.199995469858041,4.57052700305828,0.74320981277994,6.54885701744511,0.306666281438914,1.51423436168359,2.50159979746158,3.72362593629669,10.7164413501452,10.7699512372722,5.92301776113653,11.1270526813967,15487.8030787328
21.1816977509777,0.199538124855302,4.52946144381861,0.734364684234117,6.5013427183507,0.30457470374018,1.50084521025407,2.466813487616,3.76607777838624,10.6323286797347,10.8002734728508,5.91578827424257,11.0418696729533,15244.5377844902
21.2576904257167,0.199014281324866,4.49096363794881,0.724553187239284,6.447425614218,0.302181753583758,1.4857592833988,2.43211988338346,3.81085157003577,10.5442344139349,10.8379112975947,5.90774847034883,10.9454947588381,14624.9418736611
21.3370156230782,0.198413837339882,4.4433826310086,0.712232498099086,6.37533101392585,0.298941391500356,1.46612473689321,2.39800153056947,3.85667777688679,10.4541427472262,10.8807454852643,5.89918929039425,10.8176645154621,13900.1411979538
21.4184673328946,0.197735758382913,4.38472724540206,0.697464485653634,6.28571123606096,0.294885481611762,1.44209015659131,2.36478553525604,3.90281592196067,10.3630107814939,10.9271139500804,5.89031030117361,10.659473431002,13199.1375182433
21.5013374436247,0.196982376416906,4.31777608712579,0.680995672085662,6.18440189071726,0.290286543769321,1.41506347411255,2.33267385943546,3.94883956509262,10.2712353860705,10.9758081313409,5.8812443857847,10.4809428273815,12548.1217253494
21.585100917743,0.19615699177902,4.24638168177023,0.663641095737293,6.07767036120736,0.285436762119054,1.38656387364113,2.30177445621526,3.99447530173886,10.1789736721962,11.0259308906745,5.87208596146862,10.2928516321214,11950.7695677714
21.6693000093575,0.195263243138746,4.17386612545868,0.646048579922321,5.97043478772549,0.280565235573875,1.35778908585013,2.2721250700855,4.03954179993743,10.086258802675,11.0768101369477,5.86290374669498,10.1036684381975,11399.8459845932
21.7535009136297,0.194304794224574,4.10255164202625,0.628650991853879,5.86592242656588,0.275822175132987,1.32953089799182,2.24371408945007,4.08391915201253,9.99305889632003,11.1279439078186,5.85374797614588,9.91895974873039,10890.8791666687
21.8374940637005,0.193285839199895,4.034482032917,0.611812827183664,5.76686603139064,0.271334688203228,1.30245793386754,2.21649633340756,4.12763293130814,9.89908407854357,11.179091999216,5.84463310910442,9.74343606237336,10468.886352695
21.9216117612931,0.192211550672022,3.97229311260389,0.595991500806798,5.67681957709805,0.267268061194684,1.27742617163377,2.19041425448503,4.17098927095549,9.80344011640022,11.2304423699244,5.83550829712715,9.58320243809965,10197.7159041387
22.006305972066,0.19108626203035,3.91779551333562,0.58149888860915,5.59819145854056,0.263734033739903,1.25501547517915,2.16542114238016,4.21435707555885,9.7050529995746,11.282336222399,5.82630318025201,9.44239811991495,10007.7694358721
22.0916349721132,0.189912456408727,3.8709878581132,0.568334481548301,5.53085888687264,0.260726286388294,1.23520502383969,2.14148051415821,4.25792209798966,9.60323484932002,11.3349434598565,5.81698213495461,9.32083041073948,9853.3736810798
22.1776132351713,0.188692128138941,3.83147843657158,0.556428920087604,5.47417480350603,0.258214070199369,1.21784670242071,2.11856389593331,4.30185638313456,9.49731053157094,11.3884665213644,5.80750891469038,9.21740416883408,9758.95078452374
22.2646481085099,0.187427458864273,3.79968314245162,0.545845570390889,5.42865726116149,0.256220955895144,1.20306048457674,2.09666835347407,4.34652739910608,9.38606859316296,11.4434104807512,5.79780042626701,9.13300460106724,9778.38669179425
22.353216314583,0.186119854864908,3.77602883406197,0.536646242380196,5.3948571661063,0.254771954871981,1.19096984117311,2.07582346836078,4.39234638826783,9.26807539931234,11.5003970023894,5.7877589350826,9.06856634252983,9860.85113834494
22.4434252114775,0.184769482471672,3.7600788694378,0.528745451342759,5.37211684563462,0.253835686386678,1.1814131391057,2.05607659317478,4.43955505234961,9.14223031495889,11.5598915016704,5.77731943994517,9.02295782904373,9970.52289342166
22.5349791957131,0.183375786015092,3.75055739807305,0.521917779954138,5.35860048711774,0.253325880991239,1.17395353655188,2.03747854916688,4.48819515628582,9.00791125803388,11.6221581903179,5.76645770086949,8.99303750988222,10053.8527253256
22.6270342283084,0.181938153697686,3.74497009552164,0.51574198671715,5.35075353965679,0.253076273193358,1.16775852880603,2.02005687911339,4.5380069306657,8.86536172414172,11.6871051520687,5.75521551971817,8.97274162080724,10045.6419697558
22.7187170431155,0.180456772479957,3.74090421204501,0.509815446769812,5.34514302030694,0.252926594532566,1.16202673795522,2.00383118377897,4.58866248512109,8.71511235371092,11.754568134415,5.7436501974076,8.95621772591961,10004.9596901884
22.8096271151909,0.178932441084721,3.73726739819825,0.503952425158501,5.34021179589401,0.252804346499739,1.15639005485008,1.98885806029906,4.64002459766092,8.55717910494441,11.8246567053586,5.73177498467224,8.94080454177316,9970.69508037712
22.9006274560011,0.177364767745348,3.73631468232668,0.498490406161821,5.3391543679064,0.252858879535554,1.15155948214316,1.97535164908869,4.69261298960678,8.38938519112748,11.8984672696389,5.71944469181675,8.93189316162193,10182.7878375526
22.9953785285039,0.175746766872525,3.74759831871524,0.494870977668713,5.35552486888732,0.253722696587308,1.15057126303427,1.96400389739724,4.74856938179188,8.20355828912558,11.9797190083286,5.70610730558787,8.95238485829528,11040.8814508504
23.0979498541141,0.174062985194109,3.78335555402032,0.494891349061864,5.40669999512418,0.256205619681088,1.15727587488899,1.95596154733664,4.81046192385128,7.9885518482349,12.0733913660075,5.69105959818703,9.03157262579647,12295.1762325488
23.2099005270574,0.172294508065208,3.85265195313199,0.499800774855895,5.50557322135548,0.260907234622194,1.17445620680602,1.95254038001452,4.87956662702524,7.7358742124638,12.1833180609241,5.67385120287683,9.1910746162131,13738.7944180306
23.3318049556865,0.170418438947301,3.96483819855852,0.510819055104181,5.66546711696575,0.268446937094101,1.20492614477486,1.95550025430872,4.95658420214187,7.43710957390252,12.3134234070684,5.65410133207839,9.4531278934994,15491.4557849275
23.4646463927891,0.168403009244809,4.13504768537214,0.529908479523742,5.90795733995699,0.279830540521022,1.25323867391505,1.96763495241023,5.04232552964005,7.08039798365058,12.4693796829681,5.6312872185647,9.85372941721768,17744.266195367
23.6075699359974,0.166216237793601,4.3782584516474,0.55887525645584,6.25443859494259,0.296057782241724,1.3237930409777,1.99261378163649,5.13601757655709,6.65614237645014,12.6562822368737,5.60513926251046,10.4283833166354,20173.0167423477
23.7564511752401,0.163845426880151,4.69750855079626,0.597740708975658,6.70933736167698,0.317339935640862,1.41720545196079,2.03414835767335,5.2338190048534,6.16448654817773,12.8755067294829,5.57606811277803,11.1839563178295,22604.2152028793
23.906562351276,0.161300542363152,5.08912450014278,0.645603880622616,7.26750726272219,0.343447796824524,1.53207039355272,2.09602198309359,5.33000619795627,5.61238297262642,13.1260869639581,5.54490308713007,12.1113102887524,25346.9746169518
24.0534074855816,0.158618416076415,5.55493937585155,0.702445083803469,7.93160186411091,0.374525404476748,1.66892235007588,2.1816801140839,5.41720002647081,5.01484445524879,13.404459568367,5.51287438794666,13.2146592665193,28518.5886023866
24.1903891691251,0.155895166250204,6.08419490776812,0.766830256917576,8.68629800325819,0.409880600075309,1.82497833467277,2.29038630261446,5.48508798027448,4.41128947502674,13.6978015690834,5.48226904956949,14.4686878177844,31522.7453703977
24.3103229402108,0.153291169235927,6.6397844249087,0.834300626086237,9.47871986066993,0.447061584185373,1.99018426924574,2.41418623555212,5.52251898471568,3.87035819629025,13.9834007852373,5.45621955273629,15.7860940451042,34298.3777999021
24.4074423422956,0.151015551550139,7.14870546086417,0.896388281032566,10.2047962960437,0.481202401436751,2.14403402402693,2.53736281335054,5.52061025400116,3.48441149433566,14.2326483211885,5.43805102318234,16.9948393805964,35880.0434031066
24.4789519333219,0.149290477709248,7.50001746781867,0.940285835353584,10.7062377115253,0.504864163863971,2.25375298474681,2.64067603293196,5.47660711746678,3.34159075285642,14.4198689139979,5.43015525286708,17.8324011835523,35656.2477095933
24.5269250152463,0.148274195062199,7.6408671663305,0.960591848565087,10.9074242583988,0.514465657338747,2.30268813467007,2.7134451963991,5.39462453325091,3.4807814579961,14.5364483119126,5.43279414356178,18.1733899412295,34899.5900732603
24.5550385510252,0.148056300644881,7.61937324192741,0.964453420037455,10.8766700899799,0.513181172431311,2.30443200013249,2.7566024007159,5.28124760223432,3.89617919935421,14.5867475545166,5.44489913586919,18.1321314492587,33926.3622303695
24.565728527097,0.148672224252152,7.49338384630482,0.959413634898576,10.6962752039773,0.504846190084753,2.27563050101601,2.77624743261276,5.14505539209519,4.55139153770241,14.5787670744831,5.46477429622616,17.8456389847718,32477.6622076896
24.5609942908072,0.150061426953181,7.28344624600449,0.946726282768942,10.3955950291441,0.490821881839502,2.22123914771243,2.77946152260281,4.9970848861624,5.38165718889138,14.5230298411222,5.49010541640318,17.3610478855988,30434.7797333314
24.5434968826724,0.152071709969378,7.01225054966939,0.927246658718778,10.0072113025369,0.472640053856805,2.1470347761448,2.77256431389507,4.84773707420837,6.31333897793028,14.4317980710799,5.51847859058999,16.7303705424677,28321.3918310033
24.5163629858768,0.15452776766307,6.71397096577165,0.903905364897435,9.58006476920843,0.452610911488725,2.0630050468553,2.76010582852909,4.70415828459307,7.28613357250523,14.3164033983822,5.54798970959035,16.0338290387127,26300.0724977173
24.4827779666989,0.157267137204745,6.41346635109421,0.879052955627274,9.14975087647565,0.432417982863248,1.97672496060886,2.74468415868844,4.57092916171151,8.25454864404122,14.1864348715679,5.57723032532836,15.3301257790381,24389.1041100249
24.4456765392581,0.160150038497671,6.12413868483825,0.853906217884163,8.73548603083471,0.41297340458402,1.89242399826877,2.72753653508825,4.45070352060943,9.1862039375959,14.0497407355236,5.60520439465199,14.6509854460415,22594.6246902406
24.4074489751433,0.163063894096301,5.85339770964902,0.829180846978498,8.34790404818748,0.394783933534965,1.81256980831129,2.70914539053743,4.34454119123401,10.0610524924885,13.9123210626372,5.63129098074795,14.0140681436988,20966.9075725818
24.3698066307724,0.165925212958619,5.60575275114821,0.805477776837669,7.99346231698468,0.378157630533083,1.73878260041229,2.68963310056436,4.2523408340084,10.8693612397164,13.77838681698,5.65517755290485,13.4303028690881,19519.8586684034
24.3338436914145,0.16867693377311,5.38350323861887,0.783291984442719,7.67543560594547,0.363250757302191,1.67200516227609,2.66896731362503,4.17334678476516,11.6084329754065,13.6507068143475,5.67675960828651,12.90545635871,18264.7168547391
24.3001597176897,0.171286091536518,5.18760132713264,0.763056887591233,7.39515576665125,0.350126554347992,1.61275083149255,2.6470701152033,4.10647844129372,12.2801791299209,13.5309290049912,5.69606803135826,12.4421377831381,17205.6481448531
24.2690401387007,0.17373643104514,5.01740137315562,0.74501089272746,7.15166925166301,0.338739711261021,1.56100200265493,2.62384760769186,4.05063389760918,12.888438126266,13.4200345080347,5.7131896785158,12.039125929999,16304.8250451891
24.2405976040948,0.176021503733808,4.87069952185556,0.729131051599979,6.94180486543741,0.32894007524222,1.51620976743647,2.59920346279537,4.00483463174843,13.437325488938,13.3186704201925,5.72822003601368,11.6914137470497,15538.157661313
24.2147944337033,0.178146906728603,4.74535849364981,0.715394125725116,6.76248326333921,0.320581352872941,1.47782756569014,2.57306824907483,3.96816049464541,13.9317456787992,13.2271013959479,5.74127736244877,11.3941320336318,14937.499990379
24.1914638423351,0.180133302224216,4.64059289740554,0.704013210891774,6.61253749436986,0.313606585103564,1.44574316102635,2.54539667791816,3.93975454079523,14.377703273519,13.1452050827124,5.75250501813511,11.1456754391232,14543.5819767975
24.1704662717709,0.182003958048467,4.55522195421905,0.695107084841844,6.49023634286968,0.307931946984488,1.41970227597034,2.51612868170237,3.9190326708812,14.7799003344517,13.0729886280771,5.76199998472075,10.943451066218,14274.3716483217
24.1517767244599,0.183774494691204,4.48669298279495,0.688479417662297,6.3919093550603,0.30338278975314,1.39896921334787,2.48520156832938,3.90570235366142,15.140543298876,13.0108536864819,5.76978600014899,10.7814743852494,14084.5385097931
24.1354082193859,0.185461120276462,4.43306994919394,0.68398278195352,6.31476818651558,0.299826426050136,1.38298125297867,2.45258587699268,3.89958940220037,15.4611949081662,12.9592808134442,5.7758650243099,10.6552004278597,14005.1359173296
24.1213863924313,0.187087664406236,4.39436882736299,0.681801565104165,6.25879229647468,0.297260387181364,1.37180491445982,2.41827915775075,3.9006249552253,15.7436730339699,12.9187288574855,5.78023143952458,10.5647980032712,14085.736013416
24.1098484724939,0.18867536589054,4.37067123448179,0.682112570169835,6.22405375548647,0.295686576122943,1.36551773885148,2.38231649166763,3.90891117325322,15.9885510258154,12.8899299076992,5.78283602145538,10.5105738898283,14250.2781652904
24.1010837605053,0.190233892990478,4.3606646468676,0.684788930625774,6.20865647455961,0.295014845273691,1.36371418809452,2.34482426402463,3.92462114620409,16.194651656328,12.8738986288458,5.78359221567817,10.4894068360372,14454.4402588369
24.0954997569727,0.191754794440529,4.36031959166863,0.689120291739217,6.20687412726517,0.29497602468047,1.36505550006258,2.30608899472761,3.94776212031309,16.3596022891848,12.8716217558939,5.78242403661132,10.4915113509853,14545.2071787147
24.093506998758,0.193200893149501,4.36087562799627,0.693380271962703,6.20631807169606,0.294989716334481,1.36658509879827,2.26663099011157,3.97778112789851,16.4809230808042,12.8834404406055,5.77935295835075,10.4955090021689,14349.6857487095
24.0953198141462,0.194535479504511,4.35463096456168,0.6959598224369,6.19612929258739,0.294548905971843,1.36566677849161,2.2270577595018,4.01365327064287,16.5591545591709,12.9086064543103,5.77453822438547,10.4825469055961,14061.3953453997
24.100993267612,0.195745134308187,4.33987073668903,0.696416356234424,6.17392041454516,0.293544466117744,1.36166588785018,2.18788136464561,4.05439777936829,16.5976812557708,12.9458229051286,5.76818801183628,10.4483667101311,13774.8030276051
24.1106696239358,0.19685170539552,4.32319995593708,0.696000975110318,6.14904326812531,0.292417527988331,1.35674804362112,2.14941205423628,4.09970689549023,16.6003845874553,12.9943233084324,5.76041034147152,10.409024215301,13854.5237513846
24.1251319664481,0.197936977852283,4.32372787039629,0.698557667442227,6.14845972582746,0.292434029229831,1.3572867606417,2.11169809008441,4.15098729104513,16.5681475102083,13.0556768055672,5.75096822728961,10.4111086790545,14765.1005479812
24.1458519764006,0.199075002123731,4.35969143918326,0.707907636184951,6.19782257324157,0.294795904017194,1.36940777758285,2.07499538978432,4.21020939619794,16.4966103279637,13.1328294626898,5.73944251368721,10.4991458589182,15998.7878738504
24.1742771007672,0.200279279373,4.43747646106565,0.7255581243425,6.3060138726916,0.299916897664369,1.39530340198902,2.04002171317014,4.2781036804987,16.3799917137149,13.2273286059839,5.72561831221583,10.688783907339,17261.7372777591
24.211571887537,0.201539040300059,4.55501375069238,0.751246359586607,6.47000151708646,0.307652631234146,1.43434733656142,2.00771287957197,4.3545441883109,16.213954829457,13.3393338077081,5.70946616202679,10.9750219120859,18541.514329229
24.2585337998998,0.20283724219762,4.70833887943029,0.784203598667854,6.68412385916624,0.317738046263452,1.48526917254511,1.97916070522986,4.43895943997946,15.9961540184671,13.4682461972004,5.69106764335605,11.3481824269758,19890.2868066965
24.3151909205377,0.204147283274745,4.89165755323728,0.823249397392126,6.94017056687393,0.329790641983182,1.54620651473144,1.95558059207183,4.5299873040866,15.7277159367292,13.6124963960142,5.67067974877629,11.7941386046791,21238.6557166322
24.3802416412806,0.205438136033732,5.0964141296599,0.866712253429507,7.22605100050346,0.343246677503209,1.61442941411101,1.93815688736341,4.62503362628635,15.4155216972125,13.7691937571963,5.64882357006429,12.2921277106444,22553.266445822
24.4506288171348,0.20668980715953,5.31154176792047,0.912560234044586,7.52613694746301,0.357375600379505,1.68643998572736,1.92781640534176,4.72011121337049,15.0739062832127,13.9340629450364,5.62631927739162,12.8154198149242,23746.6117164678
24.5213827297237,0.207903537961063,5.52290416669032,0.958286635360339,7.82049703733693,0.371242705634849,1.75775982030169,1.92496934251542,4.8099263805111,14.7252519553025,14.1013737609043,5.60428231439326,13.3299591940861,24733.6644704283
24.5863803904914,0.209110468229765,5.71873611025603,1.00189549578308,8.09260117996989,0.384071628524077,1.82465678860012,1.92947338133406,4.88878866531176,14.3966145221245,14.264831591274,5.5839413348817,13.807521524749,25604.7090564748
24.6394354924621,0.210364983124073,5.8939030983712,1.04268025785129,8.33532639166775,0.395527329718265,1.88551408100507,1.94076136912585,4.95147144259585,14.1152651495713,14.4181993061305,5.56646899572022,14.2360059421835,26373.3954750086
24.6752461816347,0.211721927163175,6.04399157788375,1.07999510674127,8.5426213548733,0.405323654440615,1.93887213190559,1.95774641556758,4.99369954577321,13.9054352033713,14.5550122874062,5.55291394623541,14.6050066545763,26922.0255801802
24.6906710192535,0.213217190826007,6.16103404401123,1.11228476600977,8.70347671618559,0.412939788898098,1.98200081504556,1.97877845699886,5.012996649881,13.7836197406281,14.6690752273123,5.54403757842954,14.8953084266039,27159.3533859843
24.6856815647008,0.214866664696271,6.24138075824127,1.13861797531038,8.81296204549118,0.41814117940757,2.01352954712368,2.00203860875598,5.00933697079283,13.7545424067002,14.7559162870143,5.54012998314574,15.0979793695777,27230.7867460608
24.6630322732689,0.216670442964397,6.28632134212937,1.15890125175891,8.87304838157328,0.421018350740471,2.03370978995459,2.02592445061749,4.98473678330228,13.8122411026268,14.8132541250305,5.54104270382945,15.215934311572,27193.5440579562
24.627324816723,0.218611892848795,6.30176808279116,1.17395506287959,8.89213159229127,0.421964427524423,2.04435760999036,2.0492479107123,4.94249784595655,13.9435978196573,14.8405982459971,5.5463244890456,15.2632679573844,27072.3825616093
24.5840076776849,0.220664933888435,6.29554186854863,1.18502931834735,8.88120895954966,0.421494890696195,2.04796032657086,2.07123449950124,4.8865876544462,14.1316267041954,14.8389913108966,5.55533096001877,15.2586962054017,26891.6522378127
24.5384217034893,0.222797556392581,6.27395326135799,1.19307000896122,8.84909453505823,0.420022593347984,2.04650624469683,2.09142009255164,4.82111785374129,14.3583277116339,14.8106994995796,5.56732240947602,15.2172057644904,26674.9467741179
24.4950715892234,0.224973234974041,6.24219725418037,1.19881061598709,8.80300019997402,0.417885533790829,2.04161282313884,2.109566890767,4.74995914526497,14.6067556230647,14.7588512861758,5.58154305911119,15.1510467962828,26442.9674351897
24.4575027722388,0.227130189809864,6.19400804239036,1.20050752044715,8.73402520576775,0.414662351477084,2.03102282761964,2.1251556388497,4.67710509801535,14.8602128253731,14.6877074968003,5.59714676817149,15.0444214282158,25807.4218187524
24.4281301018632,0.2291628734239,6.10657459814053,1.19261832190521,8.61006279108487,0.408839810148943,2.00679698530081,2.13707928208319,4.60697872232277,15.1014984002196,14.6034842173748,5.61309930206194,14.8408748220991,24481.6340706265
24.4075316742417,0.23098012997933,5.97226046035912,1.17277969244792,8.42039691123344,0.39991835048641,1.96607741441625,2.14477064941606,4.54267373394876,15.3189802070111,14.512539678466,5.62855707872628,14.521043673498,23068.19881308
24.3949886513542,0.232543809984556,5.80833674636037,1.14441694216713,8.18931408281881,0.389049473567718,1.91458419950833,2.14859764555822,4.48523717935147,15.5086944029633,14.4192207553907,5.64310702042749,14.1269058118616,21747.3775107827
24.3895443652341,0.23383651251715,5.63105037281281,1.11110263381833,7.93963787681759,0.377312463927716,1.85783288144094,2.14897749338255,4.43500773283937,15.6695786706098,14.3266830744519,5.6565129412536,13.6982684649122,20421.7166473716
24.3902583863847,0.234845530350011,5.44690347337387,1.07441839445215,7.68049764309635,0.365138512469864,1.79807238146337,2.14608886765411,4.39218350350347,15.8015063772008,14.2376616018184,5.66858325190979,13.2511965682485,18992.6966240038
24.3961889936283,0.235571847629416,5.26050273751066,1.03556649024459,7.41836947676745,0.35283329415814,1.73690491892124,2.14013799235102,4.35658866094254,15.9058692830487,14.1540928258564,5.67923063338696,12.7971458273285,17620.2805323614
24.4064898023429,0.23603344011617,5.07849369371755,0.996236667540306,7.16259099936504,0.340837228789183,1.67664062151069,2.13148067204073,4.32764360253566,15.9853990207238,14.0768734599129,5.68849215230988,12.3526027714816,16359.6678074787
24.4205237780822,0.236259997569598,4.9084670006707,0.958344107995034,6.92381696976105,0.329652600929225,1.61993348638867,2.12055884394452,4.30457123247514,16.0432990706992,14.0060620244983,5.69648629273481,11.9363858634352,15354.3565000349
24.4380358604423,0.236292946455081,4.75968106198987,0.924170301437427,6.71503066787794,0.31989136890057,1.57003657082252,2.10792139019966,4.28649980151567,16.0826728925694,13.9408620954918,5.7033999070468,11.5714047671665,14752.7328922893
24.4590541063788,0.236168360273679,4.63655325682453,0.894923024812149,6.54240052758012,0.311842744365182,1.52857258184714,2.09393662499104,4.2728720006162,16.1054270151936,13.8806337673083,5.70936412336268,11.268695255622,14334.0077864281
24.4835889723713,0.235907700108355,4.53653214176563,0.870235583347943,6.40230539547482,0.30533310521406,1.49476866287192,2.07867392675339,4.263531990279,16.1123519309065,13.825523463095,5.71440101257284,11.0221700846707,13991.5726078333
24.5115516704249,0.235524634271336,4.4543864135171,0.849096769281957,6.28736911415833,0.300011800808359,1.4669022015189,2.06208276814984,4.25847623861283,16.1039135626611,13.7760830318342,5.71848408487411,10.8191206634219,13648.3016611844
24.5426589748855,0.235026775244677,4.38366600350183,0.830180923958902,6.18851546159702,0.295448538777965,1.44279558562463,2.04407799635319,4.25771230111623,16.0807219387628,13.733081265323,5.72156977599235,10.6438051386601,13234.2407239633
24.5765443589704,0.234420978219931,4.31956155617691,0.812483208644274,6.09898389629442,0.291323398961235,1.42080290189839,2.02465425161496,4.26114820626391,16.043696984501,13.6971177015074,5.72363799197377,10.4844675182692,12832.626006455
24.612948950618,0.233716490330584,4.26039192173225,0.795661796362811,6.01641251648361,0.287524980565662,1.40034010866921,2.00392067027687,4.26862412863954,15.9937814765087,13.6684679716203,5.72469830044287,10.3370017413468,12484.6408103016
24.6516624903405,0.232922059954493,4.20577117802256,0.779652255495927,5.94025883594977,0.284028035751321,1.38126785327568,1.98203098879012,4.27997714748996,15.9318276372015,13.6472941085061,5.72476673008978,10.200472516962,12178.7701011888
24.6924328178884,0.232044572979616,4.15529529186183,0.764385973630053,5.86995452878992,0.280806067849735,1.36344267581627,1.95914905375053,4.29503440522071,15.8587074018477,13.633719743941,5.72386116143351,10.0739008798166,11889.3152845883
24.7350007332046,0.231090079442805,4.10868763947601,0.749818521064048,5.80511070210713,0.277841052383016,1.34676697302359,1.9354519094037,4.31361227969789,15.7752831244913,13.6277806890679,5.72200486262459,9.95661913428762,11633.2295947025
24.7791624374732,0.230064469083403,4.06606475295495,0.73598546656124,5.74589100356504,0.275141036172062,1.33128152640513,1.9111272497029,4.33554742538574,15.6822692441987,13.6294300660041,5.71922251511126,9.84892109466266,11417.3954238547
24.8248000808415,0.228973390271997,4.02797781822029,0.723009774646602,5.69306963570048,0.272742849403036,1.31717969952466,1.88636349692213,4.36073417343013,15.5801093305757,13.6386017138395,5.71553154572663,9.75216221012936,11270.271537063
24.8719541812636,0.227822490166253,3.99572117939906,0.71116496051952,5.64846415434703,0.270732548763581,1.30491308448533,1.86134484219877,4.38919431122819,15.4687336073928,13.6553173844344,5.7109265894276,9.66951182336258,11229.6934088023
24.9206541104381,0.22661578716462,3.9702635038845,0.700653385800563,5.61343316892051,0.269174257721957,1.29482341933812,1.83624159902001,4.42101857455506,15.3478609903464,13.6797191755664,5.7053843447178,9.60334055259766,11243.2459601525
24.9707202702689,0.225354852502285,3.95139938246277,0.691431288303041,5.58768531743524,0.268053917548568,1.28684818372407,1.81121217282905,4.45624055977925,15.2174823488745,13.711941244123,5.69888758337694,9.55314747446341,11276.3733698784
25.0216138712527,0.224039040465717,3.9372386693034,0.683110136709225,5.56856214295605,0.267245460647084,1.28034474736765,1.78640519250642,4.4946897469147,15.0783451639169,13.751872935485,5.69145937328667,9.51431814554076,11227.580895446
25.0722066596072,0.222665869626787,3.92317642375485,0.674758208873788,5.54959088243955,0.266442441627503,1.27373885911912,1.76194495912985,4.53572882401251,14.9328147329033,13.7987254906264,5.68322535709653,9.47562095840118,10971.5749759663
25.1213274531432,0.221234773129827,3.90498370756468,0.665528650182789,5.52482974282385,0.265364071891743,1.26558213174452,1.73793238035953,4.57854650173983,14.7836691477673,13.8512649120402,5.67436366674685,9.42674929864325,10634.6941507319
25.1683008390932,0.219748286116563,3.88158266191605,0.655212128141008,5.49276723620349,0.263939730809708,1.25550233334085,1.71445870100579,4.62261001660906,14.632511388162,13.9084658198632,5.66500555933182,9.36508290579576,10294.3351178371
25.2127333418852,0.218209831480501,3.85376308979695,0.643972507908074,5.45451687293455,0.262223174409711,1.24376582414597,1.691601654848,4.66758607232977,14.4801819115225,13.9695405041472,5.65524259629951,9.29255319832236,9975.56165473881
25.2543547922249,0.21662272983423,3.82305294592987,0.632118270018821,5.41222886226342,0.260317122960563,1.23089231144947,1.6694213338884,4.71325302319567,14.3271316243727,14.0338712453999,5.6451416046533,9.21288804026966,9688.38329469989
25.2929338570237,0.214989955281976,3.79095540061186,0.619951844397196,5.36801720142193,0.258322323140264,1.21739538432643,1.64795763298869,4.75943928222683,14.1736608143968,14.1009352352569,5.63475715194298,9.1297538981067,9423.20842565455
25.3282423449621,0.213314214073465,3.75856081579507,0.607695015456638,5.32341414428518,0.25631167765448,1.20365077014619,1.62722928444472,4.8059817638255,14.0200689448828,14.1702412408915,5.62414096807644,9.04581279091448,9173.76402016588
25.360106488063,0.211598006059321,3.72676616023905,0.595530602019232,5.27967940615243,0.2543449679848,1.18996950935851,1.60724257933711,4.85277992530223,13.8664716813788,14.2414134648956,5.61332940197648,8.96325514187492,8955.78320744066
25.3884494095715,0.209843371484587,3.69661229907288,0.583664260905293,5.23827526558614,0.252491456693817,1.17670990163763,1.58800731432408,4.89987984097866,13.7125208898294,14.314335746436,5.60232266348558,8.88461662512355,8795.51190979872
25.4131986465299,0.208051863591106,3.66889538959606,0.572251792245155,5.20031947349757,0.250803925905441,1.16414663614216,1.56953436889103,4.94738040223869,13.5577251874096,14.3890107393414,5.59110595590857,8.81183513811884,8668.76260354888
25.4342253355767,0.206224959510821,3.6438108731749,0.561335196732879,5.16608403107897,0.249294922964923,1.15235222598784,1.55182254126437,4.99530775537112,13.4018658864034,14.4653502820566,5.57967988295483,8.74538968413686,8557.80700474685
25.4515491640946,0.204362410775203,3.62280712728756,0.551174500085917,5.13760701546609,0.248060960168497,1.1418109145413,1.53492946394074,5.04410239581207,13.2433541017563,14.5439897730282,5.56794164464621,8.68878352144692,8623.86556127635
25.4653700555736,0.202457380278959,3.61130640649528,0.54271617612377,5.12252795885631,0.247464770274445,1.13430987292065,1.51913625897219,5.09549184607412,13.0763095935412,14.6278074779912,5.5554645638533,8.6551061844421,9146.33696018373
25.4753334196541,0.200497812254121,3.61536112150616,0.536983801713256,5.12937707298591,0.247911082616239,1.13182501566709,1.50486950347704,5.15156570065613,12.8936463409263,14.7204213086517,5.54171659164237,8.65893468631191,9913.63025136375
25.4802681714915,0.198472572313041,3.63795278740648,0.534429842438259,5.16236069984875,0.249598862463144,1.1353018120972,1.49248974939269,5.2134357166158,12.6915039440227,14.8238900141036,5.52639357269136,8.70739756977635,10747.1426398498
25.4785923133983,0.196365086399117,3.6838646383647,0.535774164832074,5.22823523124531,0.252848806533156,1.14624924734049,1.48253348122341,5.2826297001233,12.464508706193,14.9411097747366,5.50907226955495,8.81193077007188,11943.0050916164
25.4677252669518,0.194135272089734,3.76919892169895,0.543547463557639,5.34974849460951,0.258744309201892,1.16980020525236,1.47634377551619,5.36337904954959,12.1979296281962,15.0799795427349,5.48861061072005,9.01115139967016,14061.8817499927
25.4433437880633,0.191723934092413,3.91827763699879,0.561442628725146,5.56129710495225,0.268926655961301,1.21363022705676,1.47599090423841,5.46048566954641,11.8743777588092,15.2500574705987,5.4636493431473,9.36328313494676,16638.7321669814
25.4007932462789,0.189075403460443,4.15249046249612,0.592407289144185,5.89320793059012,0.284848443845863,1.28431612031159,1.48372907727663,5.57612478011908,11.4838929060776,15.457283734063,5.43341101581085,9.91927856903619,10115.9492800949
25.3371927188341,0.186153957316572,4.48447414333151,0.63776547362439,6.36350734598263,0.30738060403435,1.38552698008943,1.50102491914037,5.70992913185028,11.0228029187701,15.7045420621291,5.39766836162989,10.7089068032881,22218.4997081481
25.251634263938,0.183063109688545,4.94017735274289,0.700798907363403,7.00904394895001,0.338266943141908,1.52547925104322,1.51911158722989,5.85941895950386,10.485468802412,15.9976038040427,5.35628700352998,11.793938031822,25405.9087746858
25.149245714929,0.18060106015721,5.50183200715402,0.778308016721725,7.80461535298656,0.376192437964859,1.69993228198112,1.50227148653688,6.00026929040005,9.89317549652185,16.3402790421275,5.31236743485145,13.1321088050827,28648.5680161556
25.042050856349,0.18074304097269,6.12583420661798,0.863988099223932,8.6880463345412,0.418052397311799,1.89806192417929,1.40366411062716,6.06210558897578,9.31222559548574,16.7445464509287,5.27504616232161,14.6204286587183,31786.8085172116
24.9488385575424,0.189212286725632,6.73399222674905,0.947566625806664,9.54762041458508,0.458490189565477,2.09887199440556,1.2046128864602,5.93329991846126,8.86716825080369,17.220701979245,5.25957653692803,16.0740253244797,33897.7566232307
24.8895149735374,0.241985269265872,7.20190381490752,1.0129176338241,10.2059306390533,0.489156070729915,2.26749893536755,0.938940800700148,5.53914241187014,8.69515933187346,17.7435200034996,5.2785697263308,17.1985138286354,34341.8706413737
24.8761863696879,0.459959597698028,7.46564246994078,1.0527919822034,10.5719771692474,0.50582602745625,2.3921343067456,0.665153283624086,4.91034872628153,8.86356529338192,18.2461071891416,5.33244939516501,17.8472688123614,34201.0397778347
24.9137533957895,1.0603311773326,7.56549757953756,1.07450829731713,10.7029828010735,0.511259300713372,2.49045672001049,0.427183036121504,4.14618903102091,9.36075791494087,18.6520003553081,5.41223796745292,18.1208733661319,33753.2919891558
25.0037207509289,2.29207249235335,7.55813196594119,1.08662974122087,10.6795661017334,0.509316777984272,2.56550110870684,0.247606895478082,3.35574234634695,10.1267377626417,18.9027206967589,5.50604162194436,18.1465037427416,33114.5539895882
25.1450446086281,4.32950240316922,7.48853664317842,1.09493540896681,10.5659306504112,0.50310660733851,2.60654177006742,0.129730416772133,2.62122436881715,11.0817352888916,18.9728639051224,5.60346989229647,18.0167058432571,32385.466340463
25.333678125494,7.1989629914449,7.38485872028743,1.10211565845825,10.4026199739348,0.494618156025728,2.609426428442,0.062316586261633,1.98904667442845,12.1463802525342,18.8679013567565,5.6972994287901,17.7906005183159,31554.5219479567
25.5622558443724,10.7879899618376,7.26208851119483,1.10875535370359,10.2116885364512,0.484934556218413,2.58089150887144,0.0281854837237424,1.47529658311656,13.2520709640393,18.6145671536704,5.78341944533784,17.5048459428073,30670.8126912003
25.8192545468398,14.8813532298076,7.11721337661639,1.11249628542062,9.98991096984688,0.473905294955164,2.5278547723888,0.012406282562291,1.07747238439681,14.3388938499468,18.2523940235623,5.85970308700082,17.1565103722151,29379.0837829156
26.0884374956144,19.1899725414999,6.92914478175182,1.10753131424259,9.708861768247,0.460169248501347,2.45104390520163,0.00548963908909963,0.783048437554353,15.3519045236659,17.8288256137044,5.9250677746124,16.6989088662914,27467.4937942121
26.3552950226704,23.4696587876502,6.69764310082617,1.09181499773196,9.36906260793767,0.443735588817455,2.35575390787497,0.00249452491694779,0.571132262376728,16.2596920859417,17.3850006766166,5.98003228388253,16.1339861429007,25569.8945125743
26.6116636040364,27.5924580836127,6.44829570360366,1.06902821197752,9.00648556692523,0.426291966664892,2.25330090628807,0.00117276817457447,0.419502253840865,17.0577749771257,16.9456306924136,6.02628561689708,15.5245577497685,23854.9082629695
26.8539117801429,31.5097333000576,6.20652895719159,1.04384082321678,8.65642081638104,0.409493089785397,2.15344041389011,0.000570397945194818,0.310473161838166,17.7537457969336,16.5228050070861,6.06562533566966,14.9324763213325,22471.1757674893
27.0819826042613,35.2329220161884,5.9927382604328,1.02061798990608,8.34688357956012,0.39464963451263,2.06338935308432,0.000285487161878285,0.231059984801604,18.3613989957238,16.1193517669306,6.09972759588932,14.407175515342,21523.828698551
27.2965614126524,38.7867851761049,5.81470438180035,1.0015665694096,8.08829036654448,0.38224137117315,1.98590706916969,0.000146159974806458,0.172544962948942,18.8925682370361,15.7351354438561,6.12984269715865,13.967659782522,20781.8122532763
27.4975074164113,42.1832181974942,5.66826102635466,0.986474607510587,7.87457168558364,0.371971941779295,1.91986867893704,7.62522035317094e-05,0.129203177650281,19.3546244169579,15.3707036983099,6.15676277484288,13.6042103565005,20156.9912306761
27.6852142479505,45.4429783633148,5.54906759379052,0.974945456347505,7.6994900465714,0.363539875163174,1.86400965551557,4.03860052193749e-05,0.0969211276131281,19.7549261839766,15.0253043740362,6.18112625437134,13.3065989285272,19730.2547699068
27.8611978856477,48.6061582373191,5.45787190748673,0.967552398891893,7.56385229151451,0.356977354380334,1.8185482173581,2.16008245382341e-05,0.072657716779035,20.1020030396123,14.6960028271615,6.20354458851241,13.0767059745547,19589.9203647376
28.0268062459785,51.7099225645099,5.39485809621801,0.96472695459825,7.46769720690576,0.352280877052964,1.78347580105013,1.16102580329828e-05,0.0543080047692704,20.4026996692433,14.3801999758891,6.22447830476673,12.915019600753,19579.5473210028
28.1826578451161,54.7750115261925,5.35606636538731,0.965938862184825,7.40540435975093,0.349181513430068,1.75750170030583,6.25278196631843e-06,0.0404336994922822,20.6615339169176,14.0769420345701,6.24419758484426,12.8120690530015,19634.6528509534
28.3286176174018,57.7982557472541,5.33130850620463,0.969196354523265,7.36287221635122,0.347013278366637,1.73741749570309,3.37451638430875e-06,0.0300212452840038,20.8812785672084,13.7873218913435,6.26278783146489,12.743433146485,19497.7566114856
28.4635575633021,60.7385313088406,5.30138309477576,0.97039716074371,7.31374915612243,0.344537427297897,1.71724343672645,1.8344673394036e-06,0.0223353722752502,21.0633597655739,13.5152675016222,6.28011561665049,12.6630839492715,18926.4442292902
28.5876460504039,63.5627579017424,5.25353408668818,0.966653947439416,7.24062999315069,0.340938934979846,1.69297278652832,1.0097861026156e-06,0.0167206165351063,21.2114118516247,13.2628496167151,6.29613090605349,12.5404005130886,18276.6678209206
28.703643952956,66.2867529805011,5.19312838556784,0.958981011586248,7.15094524702431,0.336569829826416,1.66616948507655,1.57291223262939e-06,0.012588019130069,21.3317740636218,13.0270985224502,6.31107006284527,12.3881486290874,17679.6840045376
28.8132331035753,68.8961617062181,5.11827179287248,0.946802762224404,7.04220945021353,0.331318296772666,1.63703704090959,5.40774891973079e-05,0.00959585495138116,21.4288477365869,12.8071060090028,6.32501876599805,12.2022482835198,17238.3877239162
28.920066771684,71.3879668683235,5.04467603776128,0.933596242503801,6.93604401554263,0.326208224548587,1.61436152205013,0.000405443532033696,0.00793731849304764,21.5084129255213,12.5978955234938,6.33831470591257,12.0228497266359,17043.3733018171
29.0267266991114,73.6483131125496,4.97941684965268,0.921188849156166,6.84226751907022,0.3217091732711,1.60576358481966,0.00128412318555531,0.0091754502216249,21.5748740662029,12.3970321864913,6.35112124749937,11.8705088043705,16938.2462707305
29.1348608118943,75.4500084270553,4.92195854662093,0.909774119900706,6.76028028401954,0.317792755856299,1.61420429559356,0.00280309332582922,0.0164964116545091,21.631724535136,12.2043509988344,6.36340877715219,11.7461755460135,16850.8068381018
29.2462046697499,76.5248767814552,4.87491252168148,0.900080291097276,6.69378293128414,0.314625096960702,1.64048639408166,0.00541198462803691,0.034527938457743,21.6814190260984,12.019678239169,6.37502398479927,11.6563333520694,16942.4386324457
29.363569420823,76.6207104064824,4.84668924764888,0.894024795649903,6.65441034642843,0.312743872914625,1.68682169285441,0.0100272994855496,0.0695135012397241,21.7244707932226,11.8410520319056,6.38569957185545,11.6210666875014,17411.428949802
29.4895685940693,75.5094389256458,4.84377150035711,0.893105985737743,6.65115051986133,0.312566822173517,1.7548881252032,0.0180104417570923,0.129298474946881,21.757957157368,11.666903412829,6.3948402530751,11.6558762600962,18001.9666514851
29.6252870415906,73.0502083993304,4.86500225150029,0.8971497491521,6.68245234841796,0.314024228350084,1.84237135375167,0.0312326185613288,0.221956360703837,21.7750844789958,11.4974642962224,6.40146587066436,11.7569078899074,18597.8318543072
29.7718300206874,69.2167345326971,4.91084628276831,0.906236208735711,6.74887775180547,0.317154728023168,1.9464795397618,0.0522388331323778,0.355258173076361,21.766238986212,11.3323426962377,6.40445599708331,11.9234383852284,19450.3620741844
29.9318664119274,64.0228249188548,4.99273498456253,0.922716986076065,6.86594246005918,0.322709080044172,2.06821641732725,0.0847675228163865,0.538121774269868,21.7189226722248,11.1695834683829,6.40257984823143,12.1811236330519,20856.8091744775
30.1069541120724,57.5672383456575,5.12219988876735,0.949012738598679,7.04917180444259,0.331442483525824,2.20745847856868,0.133456746422884,0.777979941468517,21.618013511993,11.0095718406139,6.3944513333014,12.5550829961796,22436.0469696324
30.294976823031,50.1460932547721,5.29841297106786,0.98501779062819,7.29696203312819,0.343295525947323,2.35803699179814,0.202152074269252,1.07489909094769,21.4504238118072,10.857199160847,6.37899237776728,13.0394116229897,24021.755522785
30.490943391,42.2129912568671,5.51044643529794,1.02859842521976,7.59376608569944,0.357534507786673,2.51026734193767,0.292641094047313,1.41988208764008,21.2110711580134,10.719903454781,6.35595213123568,13.6037755426155,25515.2192213705
30.6875001072109,34.2942456360321,5.7402478053737,1.07624948171963,7.91428784226637,0.372948856166091,2.65328865240183,0.403888232483493,1.79532468598582,20.9079238354196,10.6056640626237,6.3261847726967,14.2015118814154,26836.6293686024
30.8759752024772,26.869644557045,5.97079653460944,1.12477925768814,8.23476330982725,0.388392457355693,2.77866354802808,0.532629509029175,2.17892930845844,20.5628353738484,10.5203919649041,6.29151918650025,14.7898649917851,28056.4653575487
31.0468081655932,20.2920313001931,6.19295164178775,1.17269591403897,8.54237375648956,0.403238432829839,2.88258488387051,0.674469902957705,2.5483027477484,20.208182718719,10.4661604965455,6.25436490507888,15.3464129744088,29175.7229592083
31.188937525546,14.7774657130439,6.4040361133735,1.21987583296924,8.83326355089656,0.417289743983677,2.96444036107451,0.823659921094184,2.88340069427433,19.8820799636518,10.4406641348344,6.21739484943258,15.8650219583073,30065.4652551154
31.2904388536413,10.4012724482419,6.5867634175392,1.2629436531512,9.08365857046876,0.429414184118695,3.01849698839152,0.972932066432333,3.16928106430515,19.6205524198097,10.4373173666774,6.18313598925209,16.3042244393782,30628.4682246647
31.3408621281045,7.09955952380477,6.71876914715859,1.29704882651232,9.26302771813889,0.438163529992874,3.03795559355718,1.11619957103045,3.39901552745284,19.4481290588172,10.4466244147778,6.15343444020241,16.6106001639148,31001.600465236
31.3329752567869,4.71816537579488,6.80470959550818,1.32292468934628,9.37798980019971,0.443846653113369,3.02708044128256,1.25051047566756,3.57302954232563,19.3738562927171,10.45852952373,6.12928004241146,16.7970171231306,31229.1045194752
31.2642174294354,3.07720950740866,6.85047620417133,1.34159160449582,9.43688462199254,0.44685445910095,2.99156335110745,1.37391799845483,3.69600929331431,19.3921916324842,10.4643152270283,6.1110177790055,16.8799723701548,31058.7229698561
31.1390245604059,1.99862222709962,6.84336360765368,1.34983750535215,9.42272555668514,0.446381298724126,2.93140119806582,1.48402474638806,3.77552139928605,19.484479861993,10.4580274704109,6.09842243674855,16.8314309198985,30339.0048984085
30.9678242201811,1.31571680672145,6.78138320004368,1.3464979428367,9.33333489883462,0.442323676688221,2.85102019606489,1.57974935271134,3.82131477943747,19.6249592055452,10.437167274023,6.09070018977375,16.6496207293583,29488.3684803891
30.7629523554984,0.893528233994211,6.68219987676739,1.33480326118306,9.19335263647723,0.435847580103672,2.76132504737658,1.66171929265911,3.84292861467606,19.7891816387999,10.4018827676216,6.08681640189786,16.3801010985435,28633.6818958726
30.5375546288221,0.637340291418744,6.55854135610258,1.31714187997154,9.02048686871267,0.427791893898841,2.66982113899727,1.73060726618001,3.84817312944607,19.9566875223367,10.3540951805139,6.08578595664426,16.0554906344318,27611.0499777958
30.3052360914764,0.484225634863781,6.41040268580957,1.29315134690623,8.81489137499063,0.418167248257428,2.57740288870027,1.78680464671379,3.8432798117855,20.1113112370806,10.2970999403078,6.08671090071273,15.6761998692558,26305.4231952405
30.0769142024928,0.393133672860063,6.24155243689697,1.26331566547003,8.58177187649726,0.407225325818616,2.48490494768524,1.83136079134278,3.83303881548699,20.2428268635866,10.2345967154326,6.08880976379745,15.250856580102,25009.7203231889
29.8589351744368,0.338556020605504,6.06451097740694,1.23024745880393,8.33819621232176,0.395778493045211,2.39577252514469,1.86598234167188,3.82078455672174,20.3466302010921,10.1697506966432,6.09147626664413,14.809052439591,23809.8999056561
29.6538684007164,0.305411084788933,5.89354631802968,1.19714769634326,8.10356428665315,0.38474779956616,2.31404473721184,1.89244058174201,3.80869072100219,20.4215398054612,10.1049742937296,6.09427307532354,14.3846947721135,22858.1578724166
29.461122317441,0.284919601411064,5.74382690462808,1.16756077346115,7.89849554930294,0.375110027450068,2.24435593568847,1.91248650548718,3.79811786553413,20.4680441442412,10.0418235127673,6.09689801583671,14.0141339078388,22275.0497078362
29.2793532468643,0.272072658866655,5.62272047358419,1.14334653829894,7.73294611543951,0.367336018082477,2.18862596337584,1.9273150264564,3.79005611203491,20.4865430646101,9.98167557746839,6.09911079875617,13.7148737114086,21843.2028773129
29.1077430183888,0.263959434133753,5.52780929526265,1.12410989288136,7.60351193084746,0.361264611661655,2.14519750713415,1.93746566956708,3.78534336193523,20.4771772170629,9.92617344733749,6.1006906027862,13.4805845689528,21487.7658686485
28.9457884672564,0.258806475923367,5.4516110253923,1.10823360497934,7.49988806825914,0.356408857342944,2.11058743079465,1.94313015829302,3.78463711671583,20.4404009169115,9.87709155392159,6.10144294408012,13.2925895597791,21076.4890979498
28.793562079502,0.255498722721417,5.38257782502099,1.09312197483567,7.40622865412241,0.352020704267687,2.07981288054676,1.94426069846279,3.78833872571563,20.3775639164691,9.8362105916747,6.1012186793638,13.1222810456999,20495.280045312
28.6506831002433,0.253311317735659,5.31335235714565,1.07710152739411,7.31244365713443,0.347624962523016,2.04961515805604,1.94098174774134,3.79652274474343,20.29080262021,9.80476782980298,6.09993902019875,12.9513739404772,19924.9879814625
28.5159094348719,0.251780057580923,5.24430440436894,1.06028067146684,7.21902693838068,0.343246385361636,2.01987197768025,1.93371029263946,3.80905914975335,20.1820880230227,9.78333950215952,6.09757715654271,12.7806225803217,19427.022714349
28.388177372027,0.250616404786427,5.17665422690553,1.04300687814934,7.12763266080607,0.338963790605407,1.99088000893128,1.92287567924028,3.82571220960587,20.0532040264003,9.77216554403335,6.09413860197777,12.6129482281364,18932.7564282066
28.2670629349307,0.249639643185428,5.10864887788859,1.02498110095431,7.03584006285054,0.33466306312124,1.96181840901365,1.90883504043008,3.8461197118649,19.9062465758734,9.77117005452737,6.08966920260322,12.4440264832518,18365.9995406267
28.1522266429065,0.248736796875662,5.03889003978374,1.00598078419778,6.94171675940276,0.330253279088602,1.93204294813045,1.89200043773107,3.86985213601514,19.7432553698726,9.77988641538786,6.08424444329176,12.2704250377127,17817.9392234839
28.0430662375947,0.247840304767497,4.96860553934098,0.986366078108766,6.84693011817683,0.325813546128426,1.90197896789378,1.87286703749652,3.89653169187571,19.565596270857,9.7976252114223,6.07793951958949,12.0951697903263,17319.6404080615
27.9394758450862,0.246909179097587,4.89679164921643,0.966008363759869,6.75008677195838,0.3212780708919,1.87119862151326,1.85186150119545,3.92571553119083,19.3750805133729,9.82350436620011,6.07085589142538,11.915834968223,16716.0944979343
27.8423578712859,0.245916390278842,4.8171004523101,0.943605828942715,6.64246746527191,0.31623503608923,1.83718304266373,1.82929094140642,3.95667415171231,19.1755725653948,9.85615328703804,6.06317926778732,11.7169130234402,15844.4162313985
27.7524112638738,0.244847700309168,4.72576015658163,0.918405738277422,6.51889523874319,0.310440727383104,1.7984338916478,1.80550386646621,3.98863637395515,18.9712795080507,9.89392927127313,6.05511797689391,11.4892088259161,14927.0140916637
27.6693631138743,0.243699784679902,4.62588314270531,0.891142102099705,6.38364125722566,0.304098006413924,1.75617276562274,1.78092188818137,4.02111855104038,18.7646173904977,9.9354910805138,6.04681191740091,11.2403870541603,14060.1408561316
27.5924728621197,0.242474385608645,4.52330903753982,0.863126127886078,6.24471948037553,0.297586170142616,1.71270198408436,1.75592937826909,4.05388534689402,18.5565872407989,9.97991274250925,6.03833698075713,10.9847838864808,13317.6995896849
27.5206406528467,0.241175437239538,4.42479002684375,0.835842166847419,6.1113978495772,0.291343284910833,1.67068201115757,1.73084747586312,4.08697350769333,18.3466047665152,10.0267853761855,6.02969522278367,10.7389518181419,12769.3783918676
27.4528875371976,0.239806438010614,4.33480628899552,0.810272352780753,5.98982499313544,0.285659428436197,1.63188212984825,1.70590265871528,4.12051852022577,18.1336457742019,10.0759708330066,6.02086004366436,10.513872606741,12321.5093267631
27.3886748542174,0.23836972673753,4.254313587197,0.786641373077066,5.88130940692243,0.280595615587644,1.59669138266738,1.68122590133139,4.15457046018475,17.9174510714062,10.1272822439281,6.01182665544472,10.3119034685694,11923.9140476146
27.3277936874071,0.236867250777201,4.18198922268173,0.764690825102234,5.78402927204143,0.276064907690785,1.56460784639783,1.65688475985482,4.18907744341467,17.6985840602442,10.1804230650974,6.00261727338721,10.129830819337,11510.7131229581
27.2703992430056,0.23530126779635,4.11463472735144,0.743776833288297,5.69358343298946,0.27185865672656,1.53439990752224,1.63289366839764,4.22380507934169,17.4789142289227,10.2348339211595,5.99330366875382,9.95986442480352,11009.7946710865
27.2166268732088,0.233675004513915,4.04962722006228,0.723376078589343,5.60636212508343,0.267806095697567,1.50505719367346,1.60925209327291,4.25850028966476,17.2604349459042,10.2899561380765,5.98396175630366,9.79561902831577,10500.0494833622
27.1663017028907,0.231992066064042,3.9864516516875,0.70339309162952,5.52165527494136,0.263873872694112,1.47638260372619,1.58597525166282,4.29307949334557,17.0439574611928,10.3455561002746,5.97461868611451,9.6358460405298,10026.7349639404
27.1190719326425,0.230255632158952,3.92587158409564,0.683985358797046,5.4405130437239,0.260111926273154,1.44866993366033,1.56308857280114,4.32759542267091,16.8293416901206,10.4016736608058,5.96526172291365,9.48240743890231,9626.35599978804
27.0744413391741,0.228467806008377,3.86950550986897,0.665471838964911,5.36516411127891,0.256625822422997,1.42253831473186,1.54062879170385,4.36225268597546,16.6154246595542,10.4586486920863,5.95583384004458,9.3392388742644,9336.82000758077
27.0319617611911,0.226629735039409,3.81866830386611,0.648104249455312,5.29741992375216,0.253501155441683,1.39848773781245,1.51863012501547,4.39729438125539,16.4008020923566,10.5169218866944,5.94626554061346,9.20953090588962,9116.0363022934
26.991384467804,0.224742459275999,3.77364077033071,0.63192933436927,5.23766727489607,0.250755944128389,1.37662116117375,1.49711106777928,4.43287247760616,16.1846743128755,10.5767996216067,5.93651157785902,9.09395696209792,8934.40937396632
26.9526169422503,0.22280742821033,3.73391555974602,0.616842831535538,5.18520585589891,0.24835669447679,1.35674097132242,1.47607729457911,4.46904239497446,15.9668508549517,10.6384340432755,5.92655291071946,8.99127597733021,8758.96162778338
26.9157202925518,0.220827205252615,3.69825474115681,0.602606520088917,5.13832648010983,0.246222200687742,1.33837337482882,1.4555187871094,4.50572265183697,15.7479667713072,10.7017388960754,5.91640865821469,8.89847720339153,8551.65172616152
26.8807602916721,0.218805056834571,3.66544231590071,0.58899146931377,5.0953493025701,0.244272770110538,1.32105441005231,1.43542335054871,4.54279542433981,15.5288115804809,10.7665611930145,5.90610808111125,8.81260714763808,8341.02544083762
26.8476836849216,0.21674385813229,3.63489426095684,0.575888649238065,5.05546652438946,0.242470078329254,1.30455965958817,1.41579359473413,4.58023181048866,15.3095528906664,10.8329108608492,5.89565489287941,8.73224607269631,8147.30000752678
26.815977363605,0.21464162789085,3.60834451876687,0.563602554322658,5.02107381411062,0.240927387749203,1.28953185285317,1.39670909520742,4.61853004077933,15.0871165296677,10.9018053328266,5.884900101493,8.6615774471996,8188.32538294913
26.7840959498457,0.212481058726613,3.59275828715987,0.553342027646563,5.001800979628,0.240099809608559,1.27855579407045,1.37847320451417,4.65963091338857,14.8498547484645,10.9771125340499,5.87327164715591,8.61740327805359,8836.85609584666
26.7505257713465,0.210235227376639,3.59607649421904,0.546435505432879,5.00863311607545,0.240505582839468,1.27455218013292,1.36154445503161,4.70601675946426,14.5832932557896,11.0640217449977,5.8600231203584,8.61883122808864,9828.39483453156
26.7149364552769,0.207882031596176,3.62289964154456,0.543572897489423,5.04794386073755,0.242444230130895,1.27916625479954,1.34636681089522,4.75922418046219,14.2789613170692,11.1662556650738,5.84465942870841,8.67685098472244,10921.1551084818
26.6773716929164,0.205396223033507,3.67821433984129,0.545457938919816,5.12665122867617,0.246241044325129,1.29414943128573,1.33352628685834,4.82069076234021,13.9290384633342,11.2877713629771,5.82668490280438,8.80333141401837,12256.5863106274
26.6373889444635,0.202730622363707,3.77384029405609,0.553854676486934,5.26115527705481,0.2526707711975,1.32370118417754,1.32416370572681,4.89323936495755,13.5174373638054,11.4360817257017,5.80514046021116,9.02651190945762,14172.2536449416
26.595000770032,0.199825005374547,3.92612260540549,0.5711220656641,5.47417032447419,0.262808830259829,1.37356139703834,1.3200741565082,4.97993871562759,13.0259901862258,11.6205862098774,5.77889425107182,9.38537835809554,16367.0725156325
26.551512934776,0.19663346411672,4.14714949464757,0.598767855626945,5.782579477828,0.277457576999813,1.44778593571952,1.32350715605599,5.08208004364914,12.4448498115442,11.8487721173938,5.74721238644181,9.90855421027625,18631.6559481662
26.5088914110106,0.19313343395401,4.44132521582121,0.637002648550699,6.19267818747143,0.296921365970304,1.54757040763902,1.33728411672321,5.19920539713599,11.7705163130286,12.1264656698091,5.70972577643561,10.6061850658467,21001.4365579727
26.4693426661354,0.189336296917704,4.80616015120949,0.68500376278784,6.70123580877404,0.321056629922933,1.67167098401781,1.36488955639698,5.32889616681261,11.0053095374347,12.4576447399545,5.66646188085062,11.4719871550008,23554.9695738042
26.4353436605196,0.185314588740359,5.23045386317817,0.740790457737715,7.29288744115897,0.349146282076567,1.81597531502169,1.40974087205075,5.46506018726741,10.1665459217491,12.8402883704185,5.61838590426516,12.4790615812432,26113.859749411
26.4091689103448,0.181216636496692,5.69143813511369,0.800963718370271,7.93603100944047,0.379701651281194,1.97273943973728,1.47371343809038,5.596777638204,9.29577272427598,13.2621355323172,5.56787683964452,13.5732094183823,28560.0152838289
26.3920012331117,0.177253353610096,6.15504630063135,0.86096274523109,8.58308871333742,0.410470623081848,2.13077761042317,1.55556076652846,5.70902850163446,8.46171930518909,13.6997251694581,5.51871434852501,14.6736842424883,30647.9192098002
26.3834174671023,0.173674801852618,6.57811732265224,0.915661000970854,9.17357389726042,0.438578432395586,2.27598506674279,1.64998200426045,5.78546234196094,7.7541135971698,14.1215211743311,5.47549762667522,15.6785069837936,32183.7707679975
26.3820228129373,0.170738247431385,6.93042249259066,0.962673165250731,9.66487391641139,0.461989407030303,2.39865476757879,1.74933091194024,5.81298978150738,7.26117383614771,14.4976438177112,5.44230579908242,16.5170160587953,33362.644997289
26.3873273113827,0.168702359815351,7.21176588622863,1.0045068851791,10.0561934583638,0.480648261068788,2.49930181303581,1.84581957627194,5.78445518445105,7.05065660437375,14.8062688273567,5.42184313797325,17.1904853179676,34241.2265568171
26.4009312802277,0.167805362097343,7.38862513084833,1.0380210148673,10.3006148856496,0.492301222855799,2.56588049184748,1.93084934542551,5.70099153745424,7.15592261413477,15.0316870122539,5.41524750617932,17.6197238590978,33931.4022302303
26.4249412164866,0.168105780011458,7.38696930681997,1.05129777241024,10.2954404092873,0.492051202229201,2.57074967005123,1.99740612963929,5.5756775859111,7.54668048925483,15.1685298216297,5.42122832357563,17.6263894825941,31967.419144552
26.4594302199532,0.169412741830025,7.21527485198987,1.04252921401242,10.0530943494504,0.48049807330716,2.51525675655193,2.04527134576176,5.42740868828655,8.13952933557238,15.227846602075,5.43638385897296,17.2280760074928,29701.371047399
26.5022153699661,0.171455722433855,6.947059350254,1.02008671939813,9.67630360344769,0.462542755782794,2.42464684833669,2.07857976511647,5.2711282609375,8.8509734212387,15.2275605939428,5.45727049640105,16.598680597284,27485.0834959216
26.549725245652,0.173994497251503,6.6442681023613,0.991746286879239,9.25147952584385,0.442304987967074,2.3207121859052,2.10133167289377,5.11683014876197,9.61666871462361,15.1836749184955,5.48125211671335,15.8854394925314,25503.5243638152
26.5983066577831,0.176853700909387,6.34795851095376,0.963073252555499,8.83583106992136,0.422510698234478,2.21816851363659,2.1166550301123,4.97009508893856,10.3945989702283,15.1085826624149,5.50657741832473,15.1863488056451,23875.267517438
26.6447797840502,0.179903469692485,6.07703957009177,0.93672643629291,8.45570541063917,0.404414468232983,2.12395172373734,2.12656648149923,4.83403007084744,11.1575373702325,15.0116432597588,5.53208186597072,14.5467057138653,22423.428528366
26.6865943121664,0.183030941217812,5.8344562086298,0.912966443353257,8.11526829915951,0.388214873192618,2.03926021393707,2.13211620248903,4.7106393324885,11.88584005876,14.900545839421,5.55689930763418,13.9735795013641,21101.0541034797
26.7222866037025,0.186163694578783,5.62389194925162,0.892462469191879,7.81965087045537,0.374155991800843,1.96556046630068,2.13410558384932,4.60017728921323,12.5711750215158,14.7809166507859,5.58057283884623,13.4759745089708,20148.5512828709
26.7513975593423,0.18929956101058,5.45651592806013,0.877670823014255,7.58422940864406,0.362966835559145,1.90709052208367,2.13344973228555,4.50109804042921,13.2181435439617,14.6554455861503,5.60311839414659,13.081214900526,19790.8837540352
26.7735158974982,0.19245541539113,5.33742070296713,0.870214443536693,7.41589421421729,0.354969888046769,1.86592987810414,2.13061441817581,4.41232771232503,13.8310823707335,14.5260292716944,5.62455533523648,12.8021057327363,19669.0437042209
26.7879903767871,0.195618831609817,5.26035296387299,0.869472993227603,7.30588230799161,0.349743277552123,1.83997444326953,2.1254008276042,4.33419684380804,14.4066571680839,14.3958222662502,5.64462863189971,12.6239225465463,19645.6727381825
26.7942997548102,0.198750920488489,5.21379522614682,0.873557930863985,7.23822721519311,0.346524444782046,1.82510375959177,2.11726905793585,4.26762841606719,14.9372127167963,14.2690552606669,5.66292952645845,12.519010387106,19521.9381168572
26.7923788450129,0.201775895553576,5.17805237736668,0.878618815804415,7.18576604429119,0.344022331482679,1.81408145244581,2.10551345455395,4.21371078890599,15.4118959839226,14.1508995695911,5.67895752914173,12.4396386423057,19118.4260253808
26.7828276445324,0.20462470923701,5.13972615573141,0.881836868446627,7.13006202553097,0.341363765116848,1.80188769855958,2.08986480529466,4.17260392459931,15.8242122116717,14.0454023043816,5.69241328340511,12.3531719428371,18703.5864758591
26.7666082992143,0.207270162914219,5.09783350518429,0.882955244344593,7.069755248262,0.338486779812234,1.78806958561607,2.07058490208082,4.14350690225767,16.1741735592168,13.9545293756746,5.7032718509225,12.2571229852137,18373.3301315767
26.7448827813823,0.209699633568065,5.05426225978992,0.882406257414996,7.0074009852268,0.335514282832939,1.7732695066429,2.04812098031817,4.12545623794413,16.4629556766112,13.8793481528523,5.71158732524469,12.1560390030662,18063.6540429606
26.719092102332,0.211899177727298,5.00871498977843,0.880208174920663,6.94253667505721,0.332425374666039,1.75735420335502,2.02299042300745,4.11748319742488,16.6913685113564,13.8204319052663,5.71743992997604,12.0491935383534,17691.8554590833
26.6908482913783,0.21386260680543,4.96078873659156,0.876348108477477,6.87457098164521,0.329193011344583,1.7401669679893,1.99580822066499,4.11849470632684,16.8613562632105,13.7775344399767,5.72097785263062,11.9356215756013,17327.5783510316
26.6617205783888,0.215596422701745,4.91180778789189,0.871178100944876,6.80530555265613,0.325903387413663,1.72220460866386,1.96724785597329,4.1273508762172,16.9762233772048,13.7496602749307,5.72240632367112,11.8185854526356,16990.8478267565
26.6331254495534,0.217114965143571,4.86424663539951,0.865306802489086,6.73813209119196,0.322717620919328,1.70440289138293,1.93796431016779,4.1430006120638,17.0397705518244,13.7354446261518,5.72194493853722,11.7041713865673,16734.0570429928
26.6062362302949,0.218440874993289,4.82207458265289,0.859675362010182,6.67849479443821,0.319893634422705,1.68825502000069,1.90855592505034,4.16459047296015,17.0556736215785,13.7334504684999,5.71979462528721,11.6021138009482,16614.7126730354
26.5821021684479,0.219593634030648,4.78781491999077,0.854937286034893,6.62983972899086,0.317593955344104,1.67473082367821,1.87953513733041,4.19143057134442,17.0269160199244,13.7423909736231,5.71612454256554,11.5186398114654,16537.8898733764
26.5617019500744,0.22058334967037,4.76089032714781,0.851082088056777,6.59134923574686,0.315778763425347,1.66366345420139,1.85132046388149,4.22284451369903,16.9563408133438,13.7610437544424,5.71109741453517,11.4524329213356,16462.6357123192
26.5457064839327,0.221432931797878,4.74452200054366,0.848865884429279,6.56742505970574,0.314656294712533,1.65625418265374,1.82429910810193,4.25844629760495,16.8460993408655,13.7884470637933,5.70482505385245,11.4113648467691,16667.3506802534
26.5345797035354,0.222194849433063,4.75255860948818,0.851280542904696,6.5770405107353,0.315125770898138,1.65755791970506,1.79897080360899,4.29868006721812,16.6945207360329,13.8246334664272,5.69724568562757,11.4290665539864,17488.2286958528
26.5292388150594,0.222909920702327,4.79739574331463,0.861072088104316,6.63711993857905,0.317987404722678,1.67211122447742,1.7759476412467,4.34419249283601,16.4972462359698,13.8702642512073,5.68822077383072,11.5356412817625,18520.3031328865
26.5310715370937,0.223583335016028,4.88003370352855,0.878593866665716,6.74892810975513,0.323297999957845,1.70031752611259,1.75581840838816,4.39493039457321,16.2520797681407,13.9255423974633,5.67773126271148,11.7335403352377,19571.5267050201
26.5415473981923,0.224206811431493,4.99435540981099,0.902637725909572,6.90399418497751,0.330653978717175,1.73999206259721,1.73913722984324,4.45023714253656,15.9599055354581,13.9901471937994,5.66588046101178,12.0079343145003,20578.8257814552
26.5620473935046,0.224767241116339,5.1300750739102,0.931062309253149,7.08817339462299,0.339384671468357,1.78744215939252,1.72640924005314,4.50887197120759,15.6249578886123,14.0632702758435,5.6528950367855,12.3338913280787,21505.7897549909
26.5937288565432,0.225254899749803,5.27708202945936,0.961757716638036,7.28758918104435,0.348833710953202,1.83906196560879,1.71809225928417,4.56905912665348,15.2544412225092,14.1437196153603,5.63911364535249,12.6869422218087,22402.7459037437
26.6372524630352,0.225671020724833,5.42859494036819,0.993369332212149,7.49292353532826,0.358561305524767,1.89249720807649,1.71459527419946,4.62851666145359,14.8581549829094,14.2299453404367,5.62498087895177,13.0507498130328,23280.4472227105
26.6924124077748,0.226035832949551,5.58438444015858,1.02598936477537,7.70380639517056,0.368551689188317,1.947810004271,1.71634830101033,4.68458161964941,14.447538647827,14.320149564676,5.61102082890895,13.4248993984874,24296.8781670738
26.757799725467,0.226393708614093,5.75359437274662,1.06175442990239,7.93264829533447,0.37939445674291,2.00848870061049,1.72395507874965,4.73428886437535,14.0347817332048,14.4123874587272,5.59781776945079,13.8316976488744,25589.4720391661
26.8297520329486,0.226801327849401,5.94240576751426,1.10232711609961,8.18770872084398,0.391479973726014,2.07699770495157,1.73780370942941,4.77392088013162,13.6368668930418,14.5035595588208,5.58614702591396,14.286325787742,26884.6305807098
26.9018127078329,0.227318295875314,6.14440997026534,1.14681296463977,8.45997162552984,0.404377596565118,2.15122837555455,1.75762769783315,4.79932642769357,13.2763196444913,14.5890021129067,5.57695470568906,14.7734998019416,28073.8923487536
26.9658232385206,0.227997608467147,6.34337905366164,1.1922149498019,8.72704018293267,0.417021846752306,2.22541661602911,1.78229702649398,4.80698615329133,12.9770206657286,14.6630848145126,5.5711581310278,15.2541297730229,28888.3441787544
27.0142946122862,0.228870886692956,6.51330470632981,1.23330261108424,8.953316987472,0.427721315187123,2.29009936900944,1.80927967948397,4.79527196238475,12.7585129826332,14.7201708826328,5.56938925507546,15.66539618699,29138.9683529023
27.0435209369135,0.229946992841241,6.62317327125789,1.26332608171554,9.0967005773614,0.43447920564208,2.33375096310526,1.83570737814806,4.76499271002311,12.6287337987947,14.756277909064,5.57179872944476,15.9321930649586,29183.9485782929
27.0543394233621,0.231215101467609,6.67344949792507,1.28193792625625,9.15824141097454,0.437349062175704,2.35620218599357,1.86046702771301,4.71845315704988,12.5847449962646,14.7691706361029,5.57818656593285,16.0555065645379,29135.323271524
27.0511346561969,0.232645169581008,6.67847216960037,1.29185107387362,9.15783436365726,0.4372757448279,2.3624649139893,1.88359463598883,4.65909407204269,12.6166493201594,14.757773077221,5.58809320391921,16.0699748359865,28752.3883239717
27.0407238878078,0.234177376122584,6.63412142911118,1.29167716848721,9.09020624474801,0.434009020905425,2.3508370593043,1.90494471350492,4.59155981309132,12.7084382339187,14.7227641349223,5.600754759508,15.9654531629546,27868.5750745317
27.0304255431044,0.235739795301643,6.54167070701,1.28093895516893,8.95745981847894,0.427651749738511,2.32152383146273,1.92439408127391,4.52043941621861,12.8412272929273,14.6666843479437,5.61529530359683,15.7446572922586,26879.751501572
27.0262689721591,0.237273024620989,6.41791582897967,1.2626431264111,8.78271095199574,0.419304192413013,2.2804693244617,1.94208303179869,4.44914798884439,12.9983401303807,14.5928320377687,5.63097383937793,15.4478997613981,25905.0428434542
27.0324893882213,0.238731306337658,6.28078079402005,1.24034302066968,8.59045043720533,0.410130029727447,2.234144520776,1.95809973705209,4.38010922213889,13.166872201807,14.504672347903,5.64719613792305,15.1183650693538,25020.284571618
27.0517009656492,0.24008602213922,6.14499302714085,1.21714436854671,8.40071300409142,0.401080274230912,2.18793009343425,1.97251098331267,4.31491639799049,13.337761368327,14.4054650293743,5.66351381089972,14.791629010088,24280.6084338174
27.0852328859517,0.241319859161036,6.01880785911412,1.19489882489923,8.22467868377304,0.39268506905275,2.14487949298467,1.98526476142732,4.2546924386884,13.5048153758657,14.2983408445665,5.67956337792762,14.4876904297923,23613.9215099274
27.1333346670758,0.242421667113521,5.9043316276016,1.17416951191293,8.06515942297017,0.385077607948793,2.105795918312,1.99615261226901,4.20030518683703,13.6638408038424,14.1864694031027,5.69502144564588,14.2116957229178,23003.7748413845
27.1952978298986,0.243383959761441,5.79959982277306,1.15462909141333,7.91943933453438,0.378129217665727,2.06997445586191,2.0048502459546,4.1524192785829,13.8121451641897,14.07308704938,5.70959347738196,13.9589313131008,22370.126383181
27.269454217007,0.244198528960347,5.69910941113027,1.13513762850054,7.78000303812712,0.371484114783878,2.03538229073328,2.01091414588986,4.11154943640581,13.9479768158002,13.961566531063,5.72299926233299,13.7160794398368,21644.9487547668
27.3536448859929,0.244862934262869,5.59994417844997,1.11508765915656,7.64284532443198,0.364953622433238,2.00091586251389,2.01405292456359,4.07783748698781,14.0708047872678,13.8547421022044,5.73504784983138,13.4760438302448,20956.7674585584
27.4458235990322,0.245383377532713,5.50407689819526,1.09495992381771,7.51057684447623,0.358662447373374,1.96728317537267,2.01424431568595,4.05106299148227,14.1811264045971,13.7545023039282,5.74566091090923,13.2435621941805,20347.9135342788
27.544143512885,0.245769004364669,5.41463516253715,1.0755109298811,7.38736047740611,0.352808042530793,1.93563988182414,2.01158638370411,4.03088491378055,14.2796391908843,13.6621120906213,5.75481525191294,13.026182653109,19832.0491060776
27.6470220641274,0.246029712657346,5.33440324429845,1.05742687106562,7.27689447843467,0.347565215046124,1.90703036688922,2.00624105044674,4.01694378353666,14.3668766203605,13.5783890691509,5.76251628897778,12.8306357376851,19415.5574765578
27.7531166783239,0.246173832735476,5.26480730700264,1.04108718927975,7.18104784470045,0.343021728873265,1.88200464007626,1.99838660901526,4.0089181640556,14.4429956515469,13.5038906454358,5.76877775836786,12.660374297943,19070.5204679059
27.8613123986811,0.246206847047986,5.2056357811137,1.02649733698422,7.09948696953524,0.339160873480002,1.86050764963236,1.98819893866822,4.00652989215219,14.5077351041579,13.4390212081619,5.77361419207532,12.5148937487074,18781.1476763603
27.9705680136511,0.246129582491383,5.15411096177802,1.01308879534224,7.02841812382572,0.335801954466623,1.84153276029354,1.97582064944395,4.00951796386316,14.5604118704216,13.3841402112461,5.77703751309054,12.387487358352,18456.1473930104
28.0796534639674,0.24593694259232,5.10412926864632,0.999552119295701,6.95956269875929,0.33255201261445,1.82283469543855,1.96134514703518,4.01755396672169,14.6000621074281,13.3395651114433,5.7790686814953,12.2634090804412,18005.6081986316
28.187656228442,0.245624983287703,5.05128632347777,0.984937987253133,6.88696465000384,0.3291288742385,1.80278429325713,1.94495994809907,4.03019526644182,14.6259720075572,13.3051959232778,5.77977083269878,12.1320268906459,17546.2218032584
28.2942605163888,0.245194784878146,4.99573101714901,0.969297627462123,6.81083749736363,0.325543005970072,1.78143591199719,1.92699135907281,4.04698262504883,14.6377491767956,13.2804978798639,5.77923814129752,11.9937259864703,17123.4976428358
28.399264887697,0.244649482935304,4.93953256750845,0.953112106804649,6.73398674971174,0.321927452308013,1.7595609655919,1.90780875795408,4.06749992963676,14.6350402460752,13.2647875058237,5.77756828610526,11.8535382821217,16753.1332993939
28.5023342247136,0.243993334591189,4.88521800584087,0.936966739558028,6.65983017965303,0.318443973392771,1.73810556160591,1.88778641601028,4.09139421148523,14.6174121778271,13.2573480984637,5.77485198526984,11.7176014156665,16445.3011965179
28.6028120351947,0.243230754081892,4.83460013402057,0.921293012159089,6.59081524610675,0.315208109593178,1.71775541324411,1.86727793171611,4.11836180103434,14.5843266268132,13.2574860404416,5.77117117989004,11.5903267832209,16177.045494942
28.6996628633869,0.242365887438879,4.78833680057011,0.906271700717807,6.52782749190363,0.312261296142769,1.69877083144036,1.84660386763505,4.14812058466624,14.5352154722017,13.2645358380715,5.76660277894349,11.4733373717869,15937.010769682
28.791723794031,0.241403472143925,4.74712337192992,0.892083643576192,6.47180711898297,0.309647676478471,1.68142237556767,1.82606950208429,4.18044772870214,14.4694687778301,13.2778777401402,5.7612126213889,11.3683423512936,15760.8930741112
28.8779304862009,0.24034901069626,4.71273822333839,0.879126867959698,6.42516201713213,0.307481082993388,1.66637263950994,1.80598233812104,4.21524518370205,14.3862456807683,13.2970172597542,5.75504090870327,11.279650945321,15691.7348688234
28.957083904106,0.239207160483395,4.68641184295484,0.867676632853841,6.38955657064828,0.30583993505068,1.65408007146962,1.78662114937245,4.25245941811957,14.2845860467844,13.3215804963702,5.7481133985661,11.2102427601833,15670.7020766618
29.0277453037635,0.237981343970431,4.66764828037286,0.857641804724591,6.36431783687962,0.304691681707018,1.64436813557094,1.76820959768125,4.29197621673836,14.1637681108185,13.3512194839596,5.74046284243525,11.1589336607175,15669.2553535303
29.0883205059187,0.236674244244276,4.65353374297996,0.848432607210628,6.34549978358691,0.303848464872956,1.63617796160381,1.75088976095864,4.33351889559108,14.0238283588801,13.38548036003,5.73215322417724,11.1187237344464,15578.7711696939
29.1372240237857,0.235288669958136,4.63751253852816,0.838727840199596,6.32422489638596,0.302888553912324,1.6271322808048,1.73465751434079,4.37647942339962,13.866486637068,13.4235879829625,5.72332023730695,11.0738730251587,15281.6182811934
29.1736334418047,0.233829063244068,4.61442345288261,0.827496827735223,6.29350708445949,0.301480637089023,1.61536502749162,1.71945979011522,4.42021874151199,13.6942835816263,13.4646770245586,5.71411333838656,11.0120036433222,14929.2525938797
29.1975772158677,0.232300207447696,4.58414245224263,0.814724025249401,6.25318239522295,0.299617652751335,1.60083816180536,1.70531122766661,4.46437540406763,13.5091114895377,13.508134276621,5.70462636183433,10.9328336085578,14592.553261705
29.2093965083084,0.230706032479565,4.54768950580809,0.800628133225578,6.20463009203678,0.297365625226774,1.58393345536725,1.69220630735365,4.50862684988434,13.3129192962345,13.5533954516096,5.69494516118037,10.8388275146336,14215.2246077261
29.2096759565023,0.229050723507092,4.50423620389942,0.785076847483804,6.14671644085041,0.294670951963994,1.56437664539894,1.68002098222921,4.55247591661934,13.108710813906,13.5996991152897,5.68519650075642,10.7280271331639,13717.0359119813
29.1993686254129,0.227338890429019,4.45338517798137,0.768029457039244,6.07888924185954,0.291507711103817,1.54205283781498,1.66859295511953,4.59546822649164,12.8995887057962,13.6463098267448,5.67550092293931,10.5995125287979,13192.9732785518
29.1795891226258,0.22557422476015,4.39701540953637,0.749883287114154,6.00368329512924,0.287996676670225,1.51766040881714,1.65782747070204,4.63740355232958,12.6875367733729,13.6927843106539,5.66592193331635,10.4578104588083,12690.4252413355
29.1513471641831,0.22375882958581,4.33841244162177,0.731292734529413,5.92554331945003,0.284349271025777,1.49239214064176,1.64770254424088,4.67829832425208,12.4733733339554,13.7389641604071,5.65647090195492,10.3108003011588,12273.8748686055
29.115293950676,0.221892074149594,4.28214853572409,0.71313187308462,5.85066510867912,0.280859964335881,1.46788474191835,1.63830741073151,4.7184256940652,12.2563394615711,13.7850485765836,5.64709461210102,10.1694153479196,12015.0524054011
29.0717934684773,0.219972028361487,4.23163328034994,0.69603797798986,5.7836688093826,0.277747936186488,1.44535142171314,1.62974499590877,4.75808380423907,12.0352914269067,13.8313283326631,5.63772861256812,10.0417928188628,11829.9156452074
29.0212541071689,0.217998105785265,4.18764072011226,0.680153723530088,5.72559589151635,0.275061928436965,1.42506847210238,1.62202792493575,4.79739192727645,11.8099674173218,13.8779298594888,5.62834723901334,9.92977134189696,11670.3201154173
28.9634710471277,0.215965338105234,4.15321026140516,0.666007959643873,5.6805758062787,0.272997663765561,1.40809443582541,1.61536038851731,4.83681710614628,11.5778406080004,13.9254797793867,5.61883483885457,9.84057153732292,11795.3317899251
28.8960457236719,0.213852028393152,4.13941868805237,0.655495668501711,5.66368938014654,0.272271671626451,1.39826796977262,1.61058460826364,4.87788333003088,11.329280457042,13.9760873475851,5.60880171950733,9.80050404900819,12598.3096981567
28.8155063596277,0.211628321799196,4.15785101762477,0.650517755595481,5.69072903178317,0.273632985355845,1.39956764058876,1.60873238024778,4.92219563518781,11.0531480074766,14.0322333664261,5.59781300515851,9.83702140218858,13707.7691155221
28.7197222911817,0.209273049275205,4.21297927623803,0.651676291928728,5.76782083778781,0.277369560645949,1.41347007251817,1.61041447224422,4.97037494149373,10.7438364132216,14.0954595399953,5.5856531318834,9.96061201496242,14880.1636026784
28.6079137097139,0.206772169082268,4.30410929865291,0.658653291407962,5.8940688308269,0.283435361321015,1.43963983760142,1.61604784548976,5.02247180797927,10.398963588775,14.1669526439857,5.57222334339574,10.1694634552479,16040.9555607976
28.4805094250299,0.204117487593219,4.42723421365814,0.670559014410769,6.06407368264778,0.291571398970013,1.47658233778369,1.62607370170765,5.07820607295615,10.0176972910229,14.2479232192572,5.55747764179652,10.4538915805171,17164.797776812
28.3390954291818,0.201307240239586,4.57613582448971,0.686152676854303,6.2694235804656,0.301377394996338,1.52204284908679,1.64107823627747,5.13698300247701,9.60024226319637,14.3396535085344,5.5414145843774,10.7989839242146,18280.4653575267
28.186407365449,0.198347790817808,4.74426759711409,0.704188094582558,6.50125026698407,0.312433522414527,1.5736818619862,1.66182193121627,5.19778258161083,9.14813309964695,14.4432777103105,5.52410603140369,11.1890967491666,19395.266103294
28.0254256115519,0.195247012608403,4.93092283864417,0.724408201625873,6.75864681528754,0.324700816786891,1.63120306070057,1.68950470285999,5.25931820507216,8.66241998149396,14.5600190892458,5.50564696989754,11.6224741475177,20760.3305767277
27.8584758878829,0.192004448697029,5.1489380253255,0.748702804368677,7.05920661566511,0.33902230334379,1.69898517677564,1.7261889909361,5.32008379162443,8.14189226695099,14.6916407971358,5.48610404895271,12.1294513033218,22638.8220755746
27.6903353600455,0.188641563075817,5.41099132588711,0.778963214280535,7.42029344070611,0.356229741133401,1.78152005381985,1.77368311544457,5.37694153713739,7.59403887989947,14.8379244757129,5.46591897135725,12.7400955891585,24618.3382075265
27.5298734879358,0.185231411721106,5.71256088320396,0.81461082405457,7.83568972604083,0.37603122679002,1.87778769065589,1.83206339305326,5.42450540983863,7.0445688473097,14.9944109091629,5.44618236740156,13.4440851650399,26504.2451393221
27.3881081172471,0.181897376744508,6.03215399323269,0.852868940000123,8.275844337753,0.397022186903714,1.981357338285,1.89923202924682,5.45607324011413,6.53699921713626,15.1531975063652,5.42845593838307,14.1913796742512,28100.860826118
27.2763213854891,0.178811219300475,6.33631247041867,0.889724245144639,8.69467362622114,0.417006463732094,2.08186331995553,1.97074384230657,5.46487987426779,6.12986290274927,15.3044910619838,5.41450368370017,14.9040184742719,29268.0994194667
27.2032854728392,0.176175439386398,6.59906209420956,0.922823737451451,9.05620152483988,0.434264244850003,2.17122348651119,2.04117568282094,5.44560858066424,5.88588832998774,15.4393867108689,5.40587037123601,15.5218357725981,30195.7226676531
27.173775513627,0.174211092576342,6.81727225867229,0.953513096528605,9.35566185781767,0.448558183012798,2.24872413630557,2.10560477562186,5.39518181617411,5.86221878130879,15.5509678924996,5.40366437186279,16.0385419513881,30946.2695696825
27.1876284139377,0.173138977338143,6.96827781097931,0.979877988895291,9.56164877623206,0.458375180039106,2.30649109837161,2.15877800613668,5.31459364754502,6.09801831240144,15.6326885211464,5.40839033017707,16.401225365301,30731.5697831485
27.2367574447934,0.173057064007174,6.98424547215626,0.991350797641918,9.58143767113077,0.459284310601361,2.32012913420495,2.19626115138619,5.211706534632,6.58376532382854,15.6799361645438,5.41936011238517,16.4486403598291,29062.3940048218
27.3076368491617,0.173856765984688,6.85657768749706,0.984447748033092,9.40387296119419,0.450761842158436,2.28491426194843,2.21853412714331,5.09741376457738,7.26226997698154,15.6938505537921,5.43489461926879,16.1583401586453,27114.8851448652
27.3884314443194,0.175342358369099,6.64113538388683,0.965583447768597,9.1059594895921,0.436492112543916,2.21887266893279,2.22939306235139,4.97999082035955,8.06964360623985,15.6791553374255,5.4533499084303,15.6607779230379,25207.280110862
27.4717125842865,0.177350865223839,6.400899868444,0.943287723284192,8.77415799548327,0.420605365939456,2.14329843184482,2.2328216135083,4.86395882594243,8.95984476608431,15.6406086089144,5.47361723697161,15.1042411188011,23936.2872370979
27.5548524365834,0.179840008869905,6.1991695708804,0.927646754190219,8.49498676041193,0.407225280930609,2.08033247326291,2.2324833677845,4.74940426632972,9.92244861550802,15.5804425121032,5.49545570419964,14.6389736908187,23774.2594125276
27.6363229226154,0.18283319855711,6.06565713099257,0.924307860768397,8.30883446649722,0.398266571702929,2.04086351898377,2.23064108780007,4.63626757300437,10.9557905283961,15.4989348185298,5.5188189771376,14.3362602419965,23898.5806565013
27.7133092279256,0.186311913353644,5.99185624598699,0.932331777199427,8.20395354681639,0.393160569274202,2.02234296397918,2.22801059274688,4.52697564998055,12.0398447077894,15.3975623391239,5.54321229227316,14.1763548162448,24046.8183832475
27.782772248212,0.190198791545897,5.9571482538573,0.948041086452619,8.1522220889863,0.390566346654536,2.01769777618481,2.22454004929827,4.42473916762496,13.1441335925481,15.2799213641371,5.56787623289643,14.1101632247909,24024.699565112
27.8420495167774,0.194349615622922,5.93647496195283,0.966356679152292,8.11961629668444,0.38886949420147,2.01802872003112,2.21949281222513,4.33278888593769,14.2310730008237,15.1520129069859,5.59187799967635,14.0775346012861,23692.8052061424
27.8898822404998,0.19860679648533,5.9089601334217,0.982547105377112,8.07792411784884,0.386738010092747,2.01570654968944,2.21200940551149,4.25298461377565,15.2698983646866,15.0203767657824,5.61445771245741,14.0279857094988,23342.6158247082
27.9265677237043,0.202850772311348,5.87181736202112,0.995487332579721,8.02352628900193,0.384007908150646,2.00954046587108,2.20183601858757,4.18554117927608,16.2434084345918,14.890219828097,5.63520538452128,13.9544499254304,23071.3405227961
27.9533124835933,0.206988350296447,5.82966175782678,1.00589733474175,7.96277914376288,0.380984185490575,2.0011038806721,2.18913748004932,4.13013553130584,17.1378405301781,14.7658941061222,5.65384600447461,13.8678929127829,22751.5703548387
27.9720586139667,0.210934819226366,5.78016803559472,1.01322497109887,7.89256619073008,0.377520464246394,1.98951666366918,2.17418366815999,4.08628381652243,17.9386989577107,14.6511632426352,5.67015212439101,13.7626799025979,22257.2132147721
27.985433852508,0.21463467243813,5.7216115680639,1.01700784151358,7.81056543738073,0.373508829937999,1.97409530187308,2.15739717090052,4.05301371206614,18.6374915187376,14.5482081077667,5.68407337894169,13.6345647463324,21768.5192674083
27.9963199325972,0.218071358134277,5.65797799687378,1.01803918603123,7.72216823190314,0.369206635123243,1.956242738206,2.13932268532597,4.02899757295444,19.2335156779299,14.4574657134539,5.69574006287897,13.4930783376334,21331.9540110353
28.0074335421053,0.221252899259551,5.59588062062494,1.01778959131155,7.63629687807756,0.36503710329064,1.93836238388664,2.12049094854569,4.01292901301362,19.73012157992,14.3783753925921,5.70535592022606,13.3541712707346,21037.0152340424
28.0211635647148,0.224210090005173,5.54413978772537,1.01831867175436,7.56484904483433,0.361562774425702,1.92370487418165,2.10140395132526,4.00367531751821,20.1331576173395,14.3097808923307,5.71315089277056,13.2392140131511,20964.3535880008
28.0394292339488,0.226970443042409,5.50755062706676,1.02090620514157,7.51425199514096,0.359085376847734,1.91409814609824,2.08242861327645,4.00042065369558,20.4471306301689,14.2506631291574,5.7192991612983,13.1599400755134,20950.1129090825
28.0634561444236,0.229543678793978,5.48406224945211,1.02532060232052,7.48165563474061,0.357467038229296,1.90887779691054,2.06375369982694,4.00256850562692,20.6751246880289,14.2003382189829,5.72391598787012,13.111538317858,20934.016196589
28.0936314412135,0.23193393595097,5.46961971574935,1.03080628380882,7.46151384465845,0.356443093580113,1.90661980615627,2.04548416446064,4.00959144852625,20.8212714529843,14.1581533856345,5.72710959935788,13.0842949561237,20919.3625237407
28.1294744965068,0.234144114037317,5.46079421279887,1.0366758738627,7.44915139286512,0.355790940173788,1.9061022619963,2.02771214126679,4.02099067554099,20.8909921515312,14.1234342330574,5.7289935299501,13.0699633553749,20918.9785675746
28.1697213949704,0.236176186069509,5.45573345441901,1.04256206457378,7.4420463499284,0.355390203165994,1.90666787244403,2.01054375245495,4.03627867987156,20.8904950783938,14.0955174553627,5.72968553453196,13.0640964462568,20930.1007109824
28.2125192421723,0.238031679113523,5.45339916719894,1.04826673984425,7.43879042572506,0.355173283372349,1.90795580891994,1.99410211733841,4.05496075509227,20.8264345373473,14.0737460640949,5.72930872137198,13.0642165354553,20954.6306811891
28.2559145184262,0.239725202461726,5.45811459891564,1.05477292435346,7.44525702375509,0.355417396444161,1.9115588977217,1.97864330102559,4.07662168479304,20.7049866065375,14.0573658846996,5.72798761862723,13.0808169212061,21209.5141139636
28.2982354115817,0.241293733090889,5.48367856139047,1.0652104024483,7.48017195794619,0.357007234307691,1.92254576205698,1.96468584501986,4.10107965375369,20.529608822657,14.0455716215931,5.7258204140591,13.147356082698,21906.1383943765
28.3374736525987,0.24276183468312,5.53991203938924,1.08189423986371,7.55683361248563,0.360568877851144,1.94459528506685,1.95277561677209,4.12813072902438,20.3023460902377,14.0377369150869,5.72288955568255,13.2877256680326,22728.2140378436
28.370961061055,0.244123308089714,5.62469756857538,1.10443406949662,7.67231117916222,0.365961139028837,1.97706290351514,1.94328816517071,4.15721324496374,20.0277775377457,14.0333066426361,5.71931911586133,13.4968813903128,23550.7717732098
28.3958685030342,0.245361987532039,5.73185047412847,1.13142213806645,7.81813822305056,0.372783752613769,2.01780863084982,1.93657757508022,4.18745903168165,19.7133242955662,14.0316023669332,5.71528963465618,13.7598321122207,24412.7530421016
28.4094329039261,0.246462341557679,5.85720793177392,1.16186676770686,7.98857326244876,0.380767507173892,2.0654276665533,1.93305255128791,4.21771056528799,19.3688854759828,14.0318146601859,5.71103860517439,14.0664372728435,25359.7720116419
28.409085509469,0.247411540911914,5.99745488800067,1.19504450918066,8.17899443102136,0.38969647005568,2.11885915900252,1.93304274497579,4.24639726988994,19.0081119989432,14.0329822221743,5.70687988785924,14.4086596419064,26298.1014563168
28.3929589401794,0.248208704265711,6.15122543591825,1.23079950250239,8.38739504976762,0.399477534517612,2.17780546037565,1.93648787606625,4.27153402489902,18.6491130648356,14.0338931678872,5.70321134748345,14.7832816251884,27189.1988103751
28.3606566645598,0.248872691022994,6.30669570378681,1.26677384622986,8.59757158775072,0.409344958010463,2.23815309531264,1.94246778705821,4.29091457697436,18.3137209274146,14.0329845248568,5.70049305036096,15.1618647275316,27891.5559507345
28.3139714811546,0.249435611160175,6.43689836714113,1.29725900278075,8.77284065622244,0.41756491806934,2.2901058014759,1.94965074953344,4.30241362600345,18.0252571883118,14.0283316791871,5.69920010295559,15.4793098309528,28294.0432550766
28.2567116697889,0.249943118436147,6.52884756390421,1.31962925563729,8.89557982324191,0.423305350108936,2.32881517737249,1.95766400282256,4.30439812749835,17.8031103215527,14.0177521872773,5.69974882115018,15.7043239570273,28571.7788750234
28.1937967746431,0.25045376129523,6.59073027752449,1.33600638797428,8.97690903028129,0.427091472920446,2.35716370602069,1.9672775287105,4.29594581451189,17.659714119889,13.9989276319527,5.70245106025369,15.8568914171284,28772.3098935436
28.1303808712177,0.2510337989244,6.63645370884189,1.3497721660638,9.0356942872223,0.429813356851777,2.38015514898917,1.97955136298784,4.27688667652154,17.6002689667429,13.9695056177154,5.70749940230983,15.9708332383511,29069.6419403438
28.0712274396408,0.25175308725554,6.68366186901121,1.36509295423953,9.0958260428608,0.432598363424841,2.40422365136871,1.99540857778542,4.24760606519258,17.6238908573114,13.9270785380334,5.71499900481902,16.088973872506,29595.2227261378
28.0210270482267,0.25266971189733,6.74174711583915,1.38428115280858,9.16995491189727,0.436041637087188,2.43281786349541,2.01513956599932,4.2090622665862,17.7248195211099,13.8695288046012,5.72494182372924,16.2341297311081,30108.6932225084
27.9844338877606,0.253817278351759,6.80900408003979,1.40705259158398,9.25570297846588,0.440028515712794,2.46525333397813,2.03816283130396,4.16291339648682,17.8914642252277,13.7956735471717,5.73714445913464,16.4021455527374,30552.1810653313
27.9656538105386,0.255192471765021,6.86636602849778,1.42896780076829,9.32730206222987,0.443340363085246,2.49427870156813,2.06284642200549,4.11155530087782,18.1057308813525,13.7060269637443,5.75119242814576,16.5466560845403,30565.9744448237
27.9675488359878,0.256736769153838,6.87574610323146,1.44082613298737,9.33351715309035,0.443558529911716,2.50532951779088,2.08684253111036,4.0580568528171,18.3437200931919,13.6035711612098,5.76639973376151,16.5749774006202,29917.2818233462
27.9908180518114,0.258374801339752,6.82647198386754,1.43943777691724,9.26031952587837,0.4400263067231,2.49401025892176,2.10886067171883,4.00494658117998,18.5828998478801,13.4921007474735,5.78210925809544,16.460807520767,29148.6170810378
28.0348307834766,0.26005825534234,6.73918341990287,1.4290562589207,9.13586195192693,0.434078195590212,2.46785040415428,2.12889717503489,3.95363815948284,18.807300738417,13.3744210911236,5.79790353471864,16.2539790744457,28405.4917361046
28.0982981533627,0.261756045824783,6.63347369714981,1.41395935597468,8.98675901397973,0.426972480815944,2.43417250737365,2.14714207127445,3.90507054258171,19.0058302223238,13.2527279951916,5.81348189417545,16.0019744885065,27684.9627927859
28.1793803412547,0.263442659675262,6.52105943740418,1.39668294544483,8.82895576863865,0.419461632010586,2.3974222711715,2.16366115957863,3.85997666708764,19.1711123823504,13.128889068033,5.82860240695101,15.73323804294,26977.6235143405
28.2758519791634,0.265093722519193,6.40967982687278,1.37885119230954,8.67302096271642,0.412043677762806,2.36057864138202,2.17846588587309,3.81887951918625,19.2990672968734,13.0044448798884,5.84308411606042,15.46657909926,26347.4815989329
28.3855101115694,0.266689632902444,6.30812598492869,1.36240249858689,8.5308930703305,0.405281066625805,2.327044185255,2.19165906781995,3.78203744853444,19.3883335421026,12.8804614432309,5.8568251935954,15.2233814054674,25906.9160634622
28.5065390568207,0.26821977885915,6.22734207380214,1.34991300955377,8.4173217458903,0.399868404004115,2.30106828652541,2.20346855231178,3.74950434790369,19.4391047170833,12.7575436695387,5.8697912617231,15.0302890584732,25753.3631139347
28.637162733991,0.269675257470209,6.17456256036639,1.34319452615809,8.34198263745489,0.396259897790659,2.28550861847053,2.21401594155524,3.72136702803006,19.451903392052,12.6364448398452,5.88193765227185,14.9049535657813,25781.1177619752
28.7746459910395,0.271034041111556,6.14522515028869,1.34124956451066,8.29866177258411,0.394159886146152,2.27869093701148,2.22300226754268,3.69792646349305,19.4275923667571,12.5189105057583,5.89312540317027,14.8363183331174,25744.1218999556
28.9153471697238,0.272265545056104,6.128185698725,1.34142279635725,8.27231154935458,0.392857815109857,2.27633531410653,2.22984763320272,3.67949417552317,19.3683663741295,12.4073359245468,5.90317105222223,14.7972274983556,25605.4576273078
29.0552150669908,0.273338732010526,6.10825880558855,1.3400195173222,8.24248842674687,0.391390295412381,2.27253635395434,2.2338557836299,3.6662006489762,19.2781755550449,12.3041510360324,5.91191071141488,14.7506359670036,25229.9879461068
29.1899066337202,0.274220157419222,6.06634435168532,1.33235127050704,8.18355799781621,0.388550100443179,2.25984088811813,2.23441015157804,3.65792651786249,19.1629012341918,12.2115715249442,5.91922257293191,14.6499786358006,24503.297201943
29.3163668159618,0.274893036263823,5.99777689069954,1.31722469225114,8.08930120075096,0.384046192483008,2.23633601871851,2.23154507268379,3.65419441281468,19.0288715018662,12.1304678684422,5.92511592948346,14.4838320527672,23749.6501326941
29.4334433198264,0.275363206840329,5.91239870647123,1.29704131541138,7.9729510482474,0.378503327163702,2.20575253039692,2.22586258203284,3.65436841654301,18.8809559283364,12.0602570937925,5.92971154698184,14.276138480438,23059.2851795265
29.5411728548446,0.275647430178137,5.82408085089137,1.27523139361174,7.85311815327399,0.37279814013935,2.17343949954803,2.21811883967937,3.65790116293537,18.7221558460733,11.9996682917658,5.93315863818189,14.0606902504451,22581.9098283156
29.6405446015632,0.275769302845108,5.74903389545287,1.25579220466851,7.75152524390293,0.367952886737941,2.14568473557656,2.20912957841289,3.66444918245909,18.5532006577522,11.947080094209,5.93559792347423,13.8769658615956,22440.9414029616
29.7323648685101,0.275744466887017,5.69609471894655,1.24093869457859,7.67998802858662,0.364521583829597,2.12597206216836,2.19948523326373,3.67388879345237,18.3740062766884,11.9012272713831,5.93711443524261,13.746520075662,22400.6052790244
29.8168005212437,0.275574703546018,5.66324693566072,1.23022899392875,7.63577424761955,0.362373225612843,2.11360899555371,2.18944797114118,3.68619831590113,18.1850014653703,11.8613899565418,5.93774503218835,13.6645063699707,22376.4346019236
29.8932011117446,0.275247097104626,5.6360981731324,1.22024130442565,7.59955964812605,0.360597004702628,2.1031338204399,2.17887176759503,3.70125641494755,17.9885110501717,11.8273926076305,5.93751287985468,13.596004821184,21937.6007302718
29.9599714734424,0.274737107762777,5.58329366987035,1.20356111224068,7.52926135072167,0.357213920172272,2.0825551162162,2.16705076630739,3.71854325304145,17.7906661531233,11.7995205627371,5.93648427808924,13.4649349069746,20730.0798139548
30.0165006366539,0.274036196613084,5.48714450540327,1.17604900402553,7.40112551031261,0.35111302936526,2.04506948844582,2.15353461220858,3.7373271122118,17.5969993559909,11.7775655002332,5.93479814305619,13.228379495745,19385.430519472
30.063609867368,0.273157692641294,5.35861269532507,1.1403900534461,7.22982178324507,0.342991646571411,1.99485428441363,2.13851083012584,3.75708059780848,17.4090700669085,11.7607098926146,5.93259983818665,12.9129648239657,18121.9185161089
30.1024359051356,0.272122055017264,5.21707421653726,1.10125769825551,7.04130401743833,0.33407438499526,1.93933835925622,2.12238026749809,3.77753227748476,17.2261114711753,11.7480653649887,5.92999599936222,12.5657405875726,17112.8522425804
30.1341328249738,0.270950311891663,5.08270412548722,1.06344064394115,6.8626175269852,0.325634062386548,1.88626358696669,2.10563371336701,3.79873968136338,17.0451019550672,11.7388371369119,5.92703103370213,12.2356591181685,16507.7056706296
30.1593668419547,0.269657821516898,4.96726360728324,1.02972065860807,6.70952399093571,0.318409925750372,1.84016646773003,2.08861580654193,3.82090474258284,16.8627966122438,11.7325167152887,5.92370681871475,11.951257102189,16069.0661750983
30.1782645056452,0.268254482753575,4.87176347354107,1.00037880045384,6.58335018074976,0.312461084786622,1.80148555577057,2.07142311354706,3.84416130480031,16.6773836369301,11.7288820324498,5.92002006495967,11.715018230679,15690.7724638055
30.1908029177803,0.266747962143381,4.79223408158418,0.974546747616689,6.47873393446546,0.307532444596173,1.76875511301093,2.05403405722229,3.86858988042678,16.4879007746422,11.7278833483166,5.91596730990111,11.5173593200016,15302.1890759557
30.1970195750834,0.265145421520676,4.72237653133683,0.950837655803502,6.3871813626918,0.303222584597209,1.73961435996766,2.0363606118735,3.89418098165571,16.2942799717976,11.7295885939263,5.91155424725921,11.3430629351561,14843.4824620032
30.1971576893714,0.263454411128239,4.65726028123683,0.928179167750751,6.30204205820136,0.299217967323394,1.71220822629435,2.01833642720264,3.92089671550927,16.0966516025472,11.734134193134,5.90678723689857,11.1802222237956,14391.2433179409
30.1916270349582,0.261682364470529,4.59518116120751,0.906217204618492,6.22101317796759,0.295410193407143,1.68589353556717,1.99996966924041,3.94875170516609,15.8946558230547,11.7417170263183,5.90165909787136,11.0247291111651,13981.5828321934
30.1809443918123,0.259837199202761,4.53503607696569,0.88473808000613,6.14260249956379,0.291729076173294,1.66025188717877,1.98128269870333,3.97770833199117,15.6882972213458,11.7525483692503,5.89616935340659,10.8739333795381,13550.2535585844
30.1658144411349,0.257929071753901,4.47418722982501,0.86321023616762,6.0632458595997,0.288007092348703,1.63428700246907,1.96226721003481,4.0075416834176,15.4789260054086,11.7667230997751,5.89035439748781,10.7214889110416,13012.938219649
30.1470843666626,0.255968972072047,4.41096967401069,0.841312705588261,5.9806889712824,0.28413870771782,1.60736843327803,1.94295253680776,4.03797763833148,15.2681185592094,11.7841961297543,5.88426485942255,10.5633960977575,12470.4388256233
30.1255430437233,0.253965669414394,4.34641662661045,0.819285966075876,5.89631923597507,0.28018973209811,1.57988113763965,1.92344626616891,4.06887271470743,15.056394356783,11.8048958138065,5.87792886705386,10.4021540565146,11973.2786882304
30.1018380952528,0.251925055084283,4.28290508624006,0.797635673763702,5.81334183382751,0.276311200740159,1.55271557988302,1.90389250073176,4.10020126598609,14.8434212752455,11.8287869513175,5.87135141842942,10.2434910911666,11565.9097314576
30.0764170579336,0.249849523267429,4.2236188369501,0.777014421210639,5.73605793512925,0.272705284180256,1.5270638875196,1.88445746318542,4.132086126569,14.6278559223411,11.8559635883502,5.86450458641482,10.0950680566181,11293.8137184302
30.0496296768208,0.247739753876426,4.17085286203325,0.757878244514228,5.66757241071387,0.269517407457048,1.50378580686771,1.86528991927402,4.16468413806229,14.4081982974675,11.8866000181239,5.85734998626164,9.96240029013679,11095.64183544
30.0218716888595,0.245597040039554,4.12505240464334,0.740302242387557,5.60849054362314,0.266775170896123,1.48305083110169,1.84649470150799,4.19805634962336,14.1837060307477,11.9208184186934,5.8498681277872,9.84655136239688,10932.728046562
29.993345421548,0.243419397909077,4.08774522899978,0.724567306135234,5.56088735012699,0.264575239630179,1.46542755796111,1.82821466362506,4.23245594592254,13.9523051622903,11.959002402541,5.84199219664995,9.75118067165553,10958.9326578381
29.9636833502568,0.241194499848716,4.06492890156916,0.711810863106945,5.53290450559916,0.263299217030067,1.45313617876359,1.81075663373845,4.26879279095809,13.7072656660034,12.0024963857437,5.83349040741095,9.69067125124651,11415.4357701052
29.9324955461369,0.238907029919818,4.06256366223931,0.703135407380076,5.53264752371315,0.263326061913891,1.44837760708665,1.79449668972354,4.3081276020605,13.4407739944653,12.0532003978571,5.82407329613924,9.67930519662952,12071.2082510627
29.9000092097479,0.236549388863647,4.08218526005799,0.698770653899559,5.56223063105532,0.264752511151703,1.451710943531,1.77973459103667,4.35098663036369,13.1487234925333,12.1126544786555,5.81355959471323,9.72073908477252,12769.5325444539
29.8663358953049,0.2341082931891,4.12794669551858,0.699420419860854,5.62733093412048,0.267843115101587,1.46464435986389,1.76696756689881,4.39824516552558,12.8242556933404,12.1832721336485,5.80165654941193,9.82488765467766,13874.9989002834
29.8306889270718,0.231542447462449,4.21858187597624,0.708463216576577,5.75346069144662,0.273795385083433,1.49401476669036,1.75745926581882,4.45244105853495,12.4479251286559,12.2709515029861,5.78758632141579,10.0365658981662,15974.9792168096
29.7928583589134,0.22880452139943,4.37997324777088,0.73048577056483,5.97590534331092,0.284266292137761,1.54923133914196,1.75315398352618,4.51618263469585,11.9980393760198,12.3835507424828,5.77043073359575,10.4176432622086,18511.9461406978
29.7542538014029,0.225876398712332,4.62955937546092,0.768388950760721,6.31853061429724,0.300377642767876,1.63654938470163,1.75621855761288,4.58994406689272,11.4649084306234,12.5273879644851,5.74969208519866,11.0096994414055,11918.5928656118
29.7168334696272,0.222784914647635,4.9708615671745,0.822491184347102,6.78629832010503,0.322365151975313,1.75713255815478,1.76758073778086,4.67178792633959,10.8505067671257,12.7063314122651,5.72538357498354,11.8210064738843,23831.1064907666
29.6814664604895,0.21981679820338,5.41694652329437,0.895013214043389,7.39708384407419,0.35104462754067,1.91619939249704,1.77426200882188,4.7560027523491,10.1595113939568,12.9250288839989,5.69798862005964,12.8830452472625,26599.0122526575
29.6481410496718,0.218457027249325,5.93253136056444,0.980006683071425,8.10258122208314,0.384044971137301,2.10325847897908,1.73397651489008,4.81584800670688,9.42776031078902,13.1892596262994,5.67091934109907,14.112818678116,29339.5325369541
29.6147863144893,0.22546761818201,6.47366224302166,1.070578035216,8.84223369437833,0.418443530767866,2.30674542631299,1.59995996252763,4.78562839237674,8.73126259967204,13.5148175349781,5.65250992201282,15.4079105725411,31962.6069685267
29.5777182428816,0.283823551899324,6.98015532541421,1.15740607653527,9.53302686830727,0.450376573425429,2.51176474031476,1.36012103423331,4.5812154723931,8.19315206902482,13.9086781738296,5.6544374315544,16.6287760689426,33709.3741032169
29.5333422173984,0.542716094684311,7.35847728257441,1.22526793585186,10.0469966261816,0.473913051875104,2.69552141217731,1.05254882691918,4.17150565299298,7.93912606615687,14.3333261876364,5.68385194835017,17.5592162329149,34055.150651459
29.4799058898445,1.27281785431785,7.56243934394797,1.26676732538901,10.3214851733344,0.486151004613791,2.8458599996923,0.738616869461558,3.60792793714526,8.02710011704155,14.7174089903775,5.73815954013683,18.0925224131518,33900.3734745853
29.4182152390824,2.78202562222881,7.62817044516801,1.28865950858137,10.4059065606171,0.489420883787842,2.95756596771798,0.468565091397659,2.9773243453543,8.44446511459887,14.9961770407577,5.80893222112214,18.3044708264358,33478.2530154331
29.3517500535685,5.27423634868214,7.59949110336093,1.298531753171,10.3599014882826,0.486552816792991,3.01745495699246,0.269101436655141,2.36076657039541,9.13709506202673,15.131376301486,5.88668369695871,18.2821398734522,32747.008968505
29.2854247522021,8.74909878254499,7.50386084000504,1.30034584635997,10.2209884880103,0.479363910575677,3.02052083994602,0.141260167981985,1.81364699518174,10.0304176620702,15.1165353403436,5.96364429398115,18.0816262801178,31711.1311968371
29.223656456713,13.0318958727379,7.36267477877287,1.29656817076677,10.0187346093548,0.469292812054314,2.97692576436154,0.069040075559468,1.36075992481583,11.0489735185312,14.9701130002172,6.03501489123231,17.7549326951714,30569.2010122293
29.1691992935347,17.874932950835,7.19685355186231,1.28970122328956,9.78217694897561,0.457722267083747,2.90420069047725,0.0322347886303236,1.0036083473761,12.1294870748426,14.7223493342123,6.09872326534067,17.3576246573582,29414.1727653521
29.1232175977647,23.0264369692898,7.02011102694037,1.28112210207692,9.53052466907184,0.445544963206942,2.81688330041482,0.0147719183281187,0.731724351991137,13.2217750768005,14.4055940188617,6.15435103584758,16.9279018028875,28226.8016003902
29.0857796011287,28.2654827368805,6.83824293623327,1.27079339673316,9.27215358275502,0.433133523540851,2.72340377394962,0.00678520985552892,0.530123674498813,14.2868304318942,14.0494584495181,6.2023211729249,16.4830439516458,26996.6609087073
29.0563282496185,33.4321710673213,6.65680147338097,1.25884471273967,9.01496749143557,0.42083769722783,2.6292354976898,0.00316157584254363,0.383117333294385,15.2984709455803,13.6772863635657,6.24353471228535,16.0380526007468,25851.6253861546
29.0341747634343,38.4336960166801,6.4833663294527,1.24624407507078,8.76943042002562,0.409129631313572,2.53886420540582,0.00150127181155918,0.276788734071499,16.2425678875262,13.3049065771865,6.27907770510557,15.6119093696111,24832.6123112009
29.0188611689629,43.2202750953146,6.32286931146176,1.23379963006399,8.54228289397511,0.398310923894058,2.45495625130987,0.000727222178138595,0.200180330037993,17.1118614642953,12.9424596631726,6.30994390391124,15.2168806073098,23917.1609913839
29.010224335364,47.7675994567,6.1765438600409,1.22176934665089,8.33518042162675,0.38844936661223,2.37841570946008,0.000359239577781376,0.145089857566916,17.9029458121538,12.5962046807078,6.33695685368224,14.8561840810226,23079.1635758535
29.0083194846984,52.0729701912411,6.04461110726917,1.21033306313738,8.14834591296169,0.379548912494114,2.30952118462819,0.00018075538220735,0.105456903728979,18.6159693900649,12.2692891224567,6.36080963104992,14.5304926264332,22349.1241401048
29.0133576377611,56.1506554584775,5.92755213566511,1.19983522698688,7.98230311603751,0.371629474796976,2.24845161756716,9.24594027192558e-05,0.0768688936596672,19.2540108345577,11.9625004400642,6.38209124109829,14.2410238515116,21728.1561436018
29.0256092593601,60.0112606086133,5.82203179129182,1.18978312808935,7.83244971743098,0.36447404980001,2.19389601432854,4.80331489098575e-05,0.0562251816027753,19.8199809061073,11.6761380947604,6.40122863058106,13.9797667990171,21079.0304810629
29.0451623734922,63.6484557177033,5.71902079743407,1.17828600390956,7.68660063344353,0.357515170384745,2.14245338582999,2.53801461042255e-05,0.0413598040873572,20.3153713947969,11.4111488620078,6.41847365736253,13.7249711170034,20277.205758918
29.0718598823737,67.0652182126723,5.61296572728993,1.16417906740025,7.53727575862791,0.350405495827414,2.09193688818893,1.36589523903906e-05,0.0306533497841099,20.7444003899894,11.1672705526822,6.43406196785956,13.4632153656758,19497.2425776389
29.1055027382201,70.2865076895096,5.50587192529019,1.14811070616794,7.38710934993304,0.343267117484204,2.0428275157722,7.48247792009867e-06,0.022890186041021,21.1147769253641,10.9423398724028,6.44827649085754,13.1992683580887,18795.5478812669
29.1462859695743,73.3682394294421,5.40854942104473,1.13291607220315,7.25045775066283,0.336764349442208,1.99873137293125,4.15462598596735e-06,0.0171729210710031,21.437170592381,10.7319767875261,6.46148475308894,12.959096084392,18506.1210248303
29.1956731888968,76.4185927755257,5.34388426669409,1.12451786174206,7.15768523340959,0.332300042198883,1.96754521326352,2.31254455268639e-06,0.0128398707569048,21.7253599233389,10.5285099328403,6.47422335385209,12.7977387949322,18977.6183703477
29.2558329253516,79.5295830025991,5.32781778595009,1.12737708761662,7.12977978222897,0.330838862620795,1.95467543726404,1.27643835235873e-06,0.00949697591777408,21.9881727106903,10.3258867210011,6.48690872007667,12.7535718251308,19704.0948503801
29.3286966796366,82.7474085369379,5.36086529169326,1.14213398126333,7.1671790904192,0.332393473832084,1.960095922277,2.48961007887202e-06,0.00692465259788793,22.2284377773588,10.12145007878,6.49973723110237,12.8278524277265,20466.1283208178
29.4139632413884,86.0225238037279,5.41166480230208,1.16105202623337,7.22819168814446,0.335035144678923,1.97404886076444,0.000113855395356501,0.0050935542721203,22.4431998117895,9.9180904948775,6.51255529058775,12.9459987251906,20927.8307394344
29.5098932080853,89.214400151482,5.45576265468666,1.17792719649319,7.28076374678435,0.337293665079998,1.99503502526236,0.000921759781591461,0.00489880942214923,22.6321895532703,9.71940393017039,6.52516849663799,13.0538334731735,20796.7728808505
29.6134908169827,92.0077772124825,5.47250480349381,1.18748687772534,7.29810374262448,0.337943660655203,2.02417958055208,0.00295942415298541,0.00953039795193896,22.7979523271494,9.5299168487871,6.53729174356017,13.1072766702663,20517.1838604345
29.7227144726881,93.9968160762015,5.46042772693061,1.18932654107897,7.27867230308989,0.33690946115505,2.06382050770771,0.00610210538240653,0.0243427316168481,22.9463500812264,9.35197884932996,6.54870278683801,13.104870183136,20250.5317371541
29.8362582299978,94.7667630294784,5.42798168629686,1.18563438324104,7.23378298652433,0.334696878370044,2.11427070480828,0.0101227162088466,0.0555244243782954,23.0824881975896,9.18703650849417,6.55915107212565,13.0654571690154,20070.8386661203
29.9534988759987,93.9911854034076,5.38855769430362,1.17981448539166,7.18115053227215,0.332110308388289,2.17479639298309,0.0156548586385891,0.109019209646378,23.208819847415,9.03547726014411,6.56832505193357,13.0179225011641,20028.8190145182
30.073955612619,91.5041387357215,5.35176333311297,1.17431207636534,7.13340504832205,0.329731125844991,2.24348298473919,0.024400634441906,0.189823668012035,23.3236549328872,8.89694363153967,6.57577040850767,12.9820913755297,20020.6617332149
30.1967940437045,87.3467830584897,5.32048871507265,1.16984364658587,7.09420285634284,0.327738533147681,2.31703801817215,0.038678936481807,0.301035012799734,23.4212394904788,8.77070154352377,6.58090658549955,12.9621584936248,20001.0270335553
30.3215103551793,81.723909900923,5.29809065340531,1.16719098400375,7.06778372651765,0.326346114664657,2.39383348809664,0.0612629815071532,0.443999950939449,23.4939638081419,8.65519046099829,6.58316421429661,12.9642744068192,20156.1879809689
30.448556450269,74.8807868721615,5.29456443206631,1.16883220579188,7.06720026153365,0.326175632067996,2.4764092133376,0.0955206824116843,0.619777108650238,23.533952947904,8.54823636566605,6.58202115883668,13.01167033858,20683.4436482247
30.5777066896967,67.1100684948611,5.31697824998675,1.17663100489765,7.10156426082171,0.327663107305044,2.56599703486083,0.144845597022592,0.827748576873344,23.5331797433547,8.44912454129906,6.57699607461207,13.1204090548059,21297.2062513367
30.7069798018841,58.8037260531526,5.36247848313234,1.19002179084173,7.16674250628538,0.330624292094946,2.65889090551631,0.211241439677955,1.06324210955773,23.4858360763713,8.35936906489226,6.56783274766611,13.2818034479345,21889.4676414703
30.8341932876698,50.3418825088673,5.42867552760829,1.20854691343807,7.25925224395223,0.33489497816667,2.75192251088292,0.295295004850864,1.3197114928047,23.3907354173046,8.28119928899907,6.55456014383434,13.4885236697675,22645.1335507524
30.957843325463,42.0082698139394,5.52220878049634,1.23406136132223,7.3876822973481,0.34086183180337,2.84660235497465,0.397215935207852,1.59124426508441,23.250999537163,8.21690165707752,6.53734639381224,13.7559542500714,23755.9696005872
31.0756948251812,34.0720855227118,5.64999286244684,1.26865244916707,7.56099492806066,0.348924799419011,2.94471782348222,0.515989132441683,1.87028410722899,23.0752974600842,8.16948892859856,6.516595346342,14.1003753795172,24952.4554017334
31.1841609102962,26.8164555270124,5.81424797275457,1.31338416280446,7.78190062578588,0.359193125757202,3.04615747021975,0.647985156697862,2.14627082270683,22.8799425483332,8.14213470052941,6.49313003208527,14.5267299236357,26133.9971375389
31.2787355744708,20.4886166266353,5.99570317533137,1.36388843214924,8.0245846782594,0.370460567185804,3.14186300759336,0.786472479539847,2.40695095068182,22.6880726536619,8.13669685330214,6.4682058649299,14.9874471234307,26982.5550091214
31.3546349552443,15.2584888670436,6.14689812901585,1.40826988681729,8.22593597995507,0.379804107603052,3.21132179705794,0.922649532481677,2.64005237002156,22.525437218207,8.15231336444451,6.4434299851247,15.3660588561344,27242.2814962443
31.4089156546779,11.1276104694334,6.2412177315018,1.43943871284426,8.35074328607807,0.38559576332685,3.24410575955915,1.05080356354617,2.8384906855264,22.4112642557105,8.18515654624628,6.42017195405263,15.5977560914518,27327.4078717199
31.4408522773165,7.9677083491578,6.29114859794297,1.46023948699313,8.41576029202195,0.388610008094743,3.24704401065515,1.1698236409218,3.00105230988504,22.3543210527527,8.23001781532729,6.39925392588122,15.7139669881119,27350.7729023094
31.4512402871628,5.62243567700399,6.3089939858346,1.47358713820411,8.43744950832792,0.389609158558837,3.22687077032792,1.27966891401949,3.12903821896202,22.3543607660073,8.28125152469235,6.38117650047746,15.7457037351786,27165.5937820223
31.442662216142,3.93626189692054,6.29389532466752,1.47893148741557,8.41484339674727,0.388552516549943,3.18511189440666,1.37976278402184,3.22532563524055,22.4030342112124,8.33329650892022,6.36618178456277,15.6919149589228,26659.0672941833
31.419408455526,2.75586601542004,6.24637044419428,1.47595594543992,8.34888060175481,0.385488216272521,3.12449815837366,1.46983338599524,3.29453920758646,22.486694193349,8.38169761959183,6.3541735677063,15.5552817632865,26045.5459968098
31.3865413865518,1.9450373734468,6.1750261256328,1.46651684562493,8.25122787086987,0.380958414344275,3.05149556316107,1.55026468801299,3.34208524271154,22.5909699246833,8.42368032962174,6.3448005001563,15.3585585950821,25398.9001130209
31.349310809086,1.39845812211882,6.08280795326276,1.45110626563381,8.12599340898075,0.375155707399075,2.96998639338361,1.62089650003339,3.37291842155577,22.7029122435677,8.45776603884553,6.3376514010816,15.1105379074178,24490.4130497881
31.3127143556871,1.03765021700899,5.96141072612044,1.4271937742901,7.9623592589705,0.367585128472396,2.87846050017725,1.6807629656783,3.39141940747251,22.8115675135144,8.48356133634566,6.33231078469678,14.7919696330825,23148.917162628
31.2802933903476,0.802064494419292,5.81026122424271,1.39420155571437,7.75974930600827,0.358224020755623,2.77797524141314,1.72975055965723,3.40154849943988,22.9098587701545,8.50190249735282,6.32832470262781,14.4020846445431,21764.6626545551
31.2535863582347,0.647652962885522,5.64240434067986,1.35533141973668,7.53554829926254,0.347875436132159,2.6747511455934,1.76899291282297,3.40649250152721,22.9948156248361,8.51436631969748,6.32526031322091,13.9732275265184,20467.8011673798
31.2326766081629,0.545292828488104,5.47268053539714,1.31449647520217,7.30942772378315,0.33744565396081,2.57523221692087,1.79992944020895,3.40853716039951,23.0656929787089,8.52262281929476,6.32276847865546,13.5419152846223,19356.4549159066
31.2167426045856,0.47630658681509,5.31423701828137,1.27531803027009,7.09876102377992,0.327733610424231,2.48481721131398,1.82406905104689,3.40925891173131,23.1228131188445,8.5282016612602,6.32057678381471,13.140376150992,18506.5311560821
31.20457778333,0.429059032110139,5.1741268629481,1.2398687204069,6.91282341738525,0.31916457671311,2.40609036514725,1.84257949584909,3.40975747854224,23.1665409944873,8.5324287643947,6.31847658557665,12.7857657555913,17793.7226547491
31.1948523493103,0.396292257418513,5.05286997136203,1.2084643391438,6.75223923849855,0.311765632260739,2.33870915624055,1.85616697437999,3.4108407985313,23.1969493340439,8.53647977005783,6.3163068807707,12.4790932890669,17167.436361946
31.1861849724457,0.373252285153881,4.95066478077964,1.18130036933308,6.61722218305794,0.305545126119223,2.2822563672748,1.86547410719807,3.41311046308545,23.2140754050699,8.54145460030914,6.31393093493299,12.2206040026679,16725.5027641477
31.1771973148638,0.356762695452312,4.87093295291017,1.15943223967874,6.51226342639017,0.300707850715454,2.23789931099624,1.87125771125668,3.4170481931961,23.2177684184832,8.54846800963622,6.31121202681454,12.0185968455781,16581.1977522003
31.1665673727899,0.344787657224741,4.81563219656554,1.14353380454572,6.43991021559332,0.297368591167543,2.20625264041199,1.87402710906976,3.42310806936989,23.2072913268051,8.55872849642833,6.30801130658147,11.8778180233815,16572.0105162886
31.1530688123341,0.33601994939343,4.78234441683664,1.13307442135663,6.39691456707776,0.295375660087455,2.18598913124552,1.87390173858692,3.43171435908266,23.1815140100796,8.573525859949,6.30420084337995,11.7921888043807,16622.3989487861
31.1356550682914,0.329566144012899,4.76482551645964,1.12644902945709,6.37496355489591,0.29434517275807,2.17403329689793,1.87076369217705,3.44319109658083,23.139429599748,8.59411870824184,6.29967876335627,11.7461222261654,16588.5454860495
31.1136984776517,0.324786369926195,4.75179235904466,1.12064583813573,6.35907019480578,0.293588070075474,2.16494448494237,1.864357039602,3.45762227908104,23.080899664755,8.62141987192055,6.29440885127599,11.7114749082558,16325.0247772509
31.0869900562807,0.321183993077911,4.73475791169195,1.11335963098669,6.33796529828272,0.292587700007652,2.15455510941281,1.85467354569723,3.4748640946868,23.0066650040341,8.65593702780432,6.28840290364286,11.6670079210122,16018.846385733
31.0555032113977,0.318380148173639,4.71219621044897,1.10415037609797,6.30961352590715,0.291252050493009,2.14195611831407,1.84205085014213,3.49471191138024,22.9175526090338,8.69803594309116,6.28167021670568,11.6087801230878,15749.7008026876
31.0194123915327,0.31610643274673,4.68534647738929,1.09333991642166,6.27564243555444,0.289657154362165,2.12756740438845,1.82692552049703,3.51691232189692,22.8144521485152,8.74789672438063,6.27422984043869,11.5397528678816,15496.8719273337
30.9791642228793,0.314175523056566,4.65518284787651,1.08119928954494,6.23732487275764,0.287862547456982,2.11172087377399,1.80973393899623,3.54113117318007,22.6985611972635,8.80537396614472,6.26612914989019,11.4622625398758,15221.3838356664
30.9353879361288,0.312455206122305,4.62252597224894,1.06796558872125,6.19573460057897,0.285918467336301,2.09470676859068,1.79092679440693,3.56699862913032,22.5712393076628,8.87005804145041,6.25743229532164,11.3782917506993,14950.8174137118
30.8887430950009,0.310852190070622,4.58857462772528,1.05397661121053,6.1524553002834,0.283898312384318,2.07702084856079,1.77096586469248,3.5941739943125,22.4337202748805,8.94143489495758,6.24820086688612,11.2907869577286,14695.0973973765
30.839755745527,0.309301105799743,4.55540198084501,1.03979316813952,6.11024037706658,0.281928826645835,2.05959241367079,1.75030708145367,3.62240728878745,22.2867895380903,9.01909097697094,6.23847320838463,11.204882320752,14519.6217787149
30.7885972027314,0.307756494513888,4.52688454100821,1.02642979114216,6.07424542069259,0.280246450622477,2.04421381215254,1.72940183046054,3.65162947444322,22.1302306279954,9.10305698622197,6.22822961246597,11.1301910413807,14502.7755650253
30.735308600551,0.306185455773257,4.50592312917737,1.01464175363788,6.04832783151481,0.279027628373712,2.03223590519509,1.70864244494325,3.6818131609522,21.963534386455,9.19345762876772,6.21743923006153,11.0739085694453,14542.5147213939
30.6800559565436,0.304562636249647,4.49245995750858,1.00442375932766,6.03240996231088,0.278268331059112,2.02363037710489,1.68833277825929,3.71282485624198,21.7867661219716,9.29003020776076,6.20611489729959,11.0358967358752,14587.582885527
30.6230076765151,0.302868620072788,4.48489594818098,0.995377339729008,6.02436571235403,0.277870853506237,2.01764492920053,1.6687165067538,3.74448084311699,21.6002873224711,9.39226276835453,6.19429488712178,11.0121976190918,14614.3964813664
30.5642873412383,0.30108924230187,4.4808140587591,0.986902364201724,6.0209828280786,0.277688034570745,2.01313997175288,1.64998707995292,3.7765730739978,21.4046156675277,9.49947035918186,6.18203454803801,10.9968306928843,14606.6698268792
30.5039069453292,0.299214988091903,4.47826131011348,0.978518983088674,6.01967009221962,0.277601461795496,2.00918750784463,1.63230669624506,3.80891654338502,21.2001133864864,9.61097334343609,6.16938767902264,10.9849674960406,14591.5558241557
30.4417451966733,0.29723994690575,4.47639217810782,0.97002465191624,6.01931374167527,0.277560536030815,2.0053741286602,1.61582176191308,3.84138159136959,20.9867280408324,9.72624411415787,6.15639170145693,10.9745224107109,14583.669403244
30.3778058395704,0.295161842133807,4.47395897234204,0.961130974699286,6.01826373436949,0.27749007616426,2.00110481397375,1.60062407719713,3.87379589026242,20.7646561741373,9.84454938728817,6.1431075820633,10.9624283587569,14515.6319908157
30.3125235867376,0.292983923709074,4.46769433648675,0.951089602108368,6.01217360137446,0.277191392992742,1.99485863907584,1.58668585580793,3.90584140410658,20.5352511967945,9.96450537669657,6.12966820628504,10.9406564518718,14303.1215031686
30.2464519475993,0.290713388779065,4.45503668638842,0.939340260574899,5.99763425577676,0.276508857432617,1.98544889926749,1.57392712866318,3.9372339021853,20.2999119865378,10.0847505741704,6.11620481807353,10.9029341772929,14048.7074975162
30.1799160933988,0.288357126652307,4.43635287284786,0.926015458727654,5.97513918878259,0.275465567735396,1.97304630622321,1.56231232334602,3.96786948357554,20.0589079205863,10.2045862875801,6.10277759708826,10.850205073779,13802.762401433
30.1133883947366,0.28592341990964,4.41197512453069,0.911244879622893,5.94512718124382,0.274081881743992,1.95781446264707,1.55176125185242,3.99763624142178,19.8128418519233,10.3232362389654,6.0894567369727,10.7833284413009,13484.4466274604
30.0478447410402,0.283426531184009,4.3796587917678,0.89458932485105,5.9045836050022,0.272219791784402,1.9387474320606,1.54202796483511,4.026259039049,19.5642650786776,10.4391519900702,6.07639919399248,10.6968409301278,12985.5578919317
29.9842167115061,0.2808825030574,4.33780957440446,0.875773124616085,5.85135846230193,0.269781001066267,1.91514567707542,1.53282619400604,4.05351285401601,19.3160306029957,10.5509183413935,6.06375080549141,10.5868901405917,12432.9924166755
29.9228810872062,0.27830237509212,4.28802533457232,0.855229273872508,5.78757261578682,0.266862912949122,1.88776921852876,1.52398907143794,4.07939346321471,19.0694222048773,10.6580717612421,6.05155621839548,10.4574585387409,11893.5707270079
29.8633336088884,0.275685382281657,4.23614311278545,0.834282593862082,5.72103189437033,0.26382331641374,1.85929441870315,1.51560136138674,4.10421289262772,18.8225492310435,10.7616145287036,6.03969917044153,10.3228954812217,11614.7676501036
29.803511685262,0.273005521385068,4.19449081851079,0.815571892485533,5.66826004401379,0.261419108431887,1.8353076491436,1.5082615918557,4.12883536803489,18.5668685771975,10.8651525052374,6.02776860627065,10.2133828240552,11924.9741297127
29.7412557823147,0.270228807936093,4.17353633229803,0.801245156811331,5.64330661404171,0.260292886455099,1.82052416237383,1.50265873070009,4.15412051048738,18.2925956775808,10.9723484001502,6.01533617705764,10.1544789037614,12492.3919258616
29.675736704803,0.26733728689319,4.17588329417303,0.791742953101225,5.64968500681584,0.260603746596057,1.81609837053022,1.49907368419599,4.18041668440885,17.9951306503622,11.0844980134412,6.0022314621478,10.1524756040339,13104.9443087786
29.606452459453,0.264317795240898,4.20169676679742,0.786978704498267,5.68764782080261,0.262361269411562,1.82207743783543,1.4976672812661,4.20795753450856,17.6712775612381,11.2023171515307,5.98834682054201,10.207696532185,13824.3059378305
29.5323094244704,0.261147626441729,4.2531847821511,0.787254986939756,5.76021110864907,0.265701907306944,1.8394026789534,1.49883829152438,4.23719877442748,17.3150507439617,11.3275730008546,5.97345413781865,10.3254358838049,14800.7510046244
29.4522087108664,0.257803673713136,4.33312296261666,0.792948609915318,5.87117594800714,0.270798368879528,1.86924277361964,1.50308748894318,4.26859107536706,16.9201450649259,11.4622006382997,5.95731178826588,10.5123472189429,15882.9942750896
29.3657966890729,0.254276946101624,4.44103043951185,0.803764639696852,6.01997457289759,0.277623709943438,1.91129440518567,1.51077715537746,4.30228615086544,16.483550326677,11.6072406469195,5.93980297046483,10.7671292507466,16984.7138857478
29.272519632935,0.250555057966353,4.57905627016478,0.819899371328419,6.20958857840954,0.286314650370234,1.96639904014446,1.52259214508656,4.33843858483108,16.0006835076513,11.7646528865283,5.92073748571808,11.0948612951015,18387.0665476522
29.1707199445875,0.246599506702965,4.76175706732324,0.843859848035822,6.45974644515187,0.297776295051797,2.04085837990537,1.5401793045062,4.37744318574364,15.4598574325529,11.9391566456981,5.89964926525564,11.530753814285,20444.7956815784
29.0600193051258,0.242388752440958,5.00593100441157,0.878493190797385,6.79321565516829,0.313052911904895,2.1419898222555,1.56546240429147,4.41887236059863,14.8539931236012,12.1347183119679,5.87625332228434,12.115432476491,22720.4272244378
28.9434185790466,0.237967921592618,5.31333177114426,0.923897910230681,7.21241881824273,0.332255811464515,2.27065282845574,1.5997185318109,4.46039328186606,14.1936769427088,12.3510543057973,5.85091136344077,12.8530891453766,24992.5065829242
28.8275555636869,0.233475162562,5.65648104897923,0.975168480540235,7.68017801674018,0.353680179045362,2.41518345015267,1.64282240371536,4.49738718743629,13.514227036131,12.5819971204577,5.8248316389817,13.6773254958002,26655.4179556531
28.721811489431,0.229154505899003,5.96850747903728,1.02095295960284,8.1059117995476,0.373171705421951,2.54691158665398,1.69209060860416,4.5236258392797,12.8777937523245,12.8142685583342,5.80008631866731,14.4267256735585,27210.0618702083
28.6334343982478,0.225254633071382,6.19467708839016,1.05272212427522,8.41538160676597,0.387325350185688,2.64237673211,1.74412640239174,4.53396005803876,12.344955219062,13.0348924469272,5.77856492223128,14.969654943327,27387.7830443311
28.5662455290322,0.221968144376072,6.33225894165114,1.07142132610417,8.60472235089501,0.395961592159713,2.7006227933457,1.7966257921471,4.52544396532071,11.9579630314738,13.2354092360999,5.76142777734832,15.3005491332031,27403.044378071
28.5229537929469,0.219454472959666,6.39888693435429,1.08131824304408,8.69766958746812,0.400164705613059,2.7294091834443,1.84761567786196,4.49723077207427,11.7453446765711,13.4089476802275,5.74937900467931,15.462902902488,27230.6769006301
28.5056522111071,0.217825319089869,6.41061957546146,1.08574798255053,8.71586749649336,0.400923850867577,2.73560709860133,1.89535444993652,4.45070310810223,11.7196508194711,13.5499365978861,5.74267709175024,15.4958225447546,26850.5291854731
28.5154542611239,0.217119107621316,6.38019203585023,1.08672234381788,8.67649765911833,0.399026409109988,2.72445289767169,1.93866277190137,4.38907472659801,11.8758616486702,13.6550749109817,5.74111549664626,15.429736582526,26341.4864356406
28.5522072442155,0.217298231416426,6.31937284887282,1.08558906399132,8.59546328777401,0.395203612408511,2.70068879625924,1.97700671788718,4.31653149333873,12.1948119410216,13.7236916800738,5.74412575146883,15.2923488926282,25751.3737262453
28.6141168363578,0.218258694934817,6.23298567774684,1.08214979704195,8.47930079497627,0.389759440418876,2.66602118450389,2.01000082655266,4.23780333904239,12.6464823487997,13.7573449122663,5.75089034204985,15.0943298895832,24915.794189699
28.6971557497774,0.219833283109617,6.11655457808325,1.07421470491439,8.32202752505461,0.382427560333141,2.618079230826,2.03709977958607,4.15792130407285,13.1911540782536,13.7599232854889,5.76038170142105,14.8236162841688,23717.9162215103
28.7960537344397,0.221829496078117,5.97200315287484,1.06081221972602,8.12640629889981,0.373344071592634,2.5573828793795,2.05823932638053,4.08090450211971,13.7888038518878,13.7373605299185,5.77155743748726,14.4838528129765,22486.3286127799
28.906097964963,0.224082858881704,5.8122211331537,1.04354026241201,7.91005135805357,0.363322344166555,2.48946869251423,2.07399625138769,4.00903798757768,14.4088732998282,13.6959018155007,5.78359157994962,14.1058671653274,21335.2147165241
29.0229318187235,0.226453263494144,5.64585951213748,1.02357292756283,7.684799347299,0.352908056210249,2.41812558535896,2.08483681615932,3.94380823390055,15.0266083584405,13.6413106117422,5.79581795086088,13.7104825260152,20107.1789767236
29.1418310678145,0.228803691022618,5.47185340397268,1.00025904644047,7.44931398660471,0.34204330046981,2.34284882967248,2.09084370942136,3.88647706775941,15.6185016032067,13.5791666027964,5.80763027944552,13.2948505032108,18652.9804479926
29.2588938890957,0.231025350021481,5.29124656762089,0.973482587809674,7.20509881753573,0.330799235593247,2.2640470223925,2.09225561502887,3.83748334555392,16.168221221662,13.5142277498431,5.8186007997541,12.8613341337229,17238.1514893809
29.3720690032538,0.233060613609662,5.11166322114468,0.94475443812409,6.96252081675927,0.319649806488902,2.18508882325268,2.08967098855841,3.79631819573411,16.6700258458846,13.4496641475645,5.8285493176718,12.4285945203543,15954.0538363946
29.4813072093313,0.234905578606626,4.94495871651394,0.91675677233692,6.73762885598207,0.309325984380368,2.11128321323256,2.08392499106303,3.76188125564505,17.1272780520987,13.3869325515355,5.83750343195664,12.0258708304424,15079.0663043885
29.589319081963,0.236626600054952,4.80847977739845,0.893639788957969,6.55386355062048,0.300893204077386,2.05046162034565,2.07613587586149,3.73260893386529,17.5532731348451,13.325518039795,5.8456979075589,11.6961109500951,14919.1426727138
29.6989209782859,0.238296879954097,4.71223255109655,0.87815013874293,6.42469536842555,0.29495928588973,2.0072655429613,2.06702284036338,3.70756508015241,17.9585981654473,13.2647897038586,5.853297324166,11.4643750066181,15049.6465903779
29.8107377771759,0.239942878615617,4.65351856052758,0.870201773190292,6.34639709192962,0.291347357154566,1.9806790977113,2.05660779607391,3.68683085679452,18.3432920244916,13.2055234310051,5.86023458916727,11.3244392257127,15256.8513965776
29.9244922610958,0.241572126526714,4.6258077711252,0.86870555841989,6.31007391696987,0.28964630188549,1.96793122495262,2.0446763488868,3.67082973010726,18.7035107203353,13.1491912895524,5.86634990985708,11.2605235798604,15523.3902164845
30.0398166201322,0.243187967418835,4.62264298433236,0.872426462409057,6.30695214200283,0.289452412590818,1.96622127594764,2.03101373633272,3.66003938312076,19.0349566753999,13.0975227577546,5.8714602756756,11.2568917247159,15875.2967273676
30.1561614037945,0.24478586800814,4.63907931184581,0.880346430018438,6.33032129957793,0.290457692393526,1.97336358446277,2.01545247418734,3.65496482767476,19.3327241697289,13.052552431082,5.87535958591976,11.3014227381388,16281.8927185484
30.2726196362099,0.246350595743362,4.6710281229951,0.891551122574006,6.37464030315653,0.29240893068855,1.9874986525347,1.99789695078278,3.65608401881412,19.5910969831897,13.0166237193653,5.87782462189572,11.3840167917839,16726.3896342144
30.3876558499278,0.247851720058112,4.71329233572819,0.904805723037635,6.43287376492822,0.294986401246931,2.0062233602796,1.97835672572606,3.6637193947064,19.8035753313952,12.9922413948252,5.87864008521017,11.4917670599529,17083.7198340733
30.4988899579272,0.249239309158929,4.75696948315498,0.917972296359649,6.49297696856599,0.297644161174981,2.02544545189591,1.9569915105884,3.67779636280662,19.9637949918299,12.981588035806,5.87766084031225,11.6025699365149,17214.7783226324
30.6043729719485,0.250471139514889,4.79473914327805,0.929242139801144,6.54505880121805,0.299935542335355,2.04177028245977,1.9342280838857,3.69777609614774,20.0686745431622,12.98577775036,5.87487168879316,11.6982080937239,17295.5415585692
30.7035087829963,0.251532136131843,4.82668216741359,0.938524202138137,6.58925525693723,0.301869735968458,2.0551291667937,1.91074464826136,3.72295557673048,20.1183973828163,13.0049613230858,5.87034081489467,11.7787638555206,17462.7368101473
30.7968929781134,0.252430535872984,4.86069025662961,0.947561988378146,6.63627911765859,0.303935597524541,2.06896262225461,1.88737377282461,3.7527779607457,20.1137386456379,13.038990977711,5.86413173760681,11.8636415839226,17919.8515879012
30.8860025556763,0.253190059665427,4.91132808019675,0.959664390742654,6.70587619928077,0.307030822917326,2.08969339804658,1.86508266887868,3.78701186950117,20.0534593061489,13.0880384431783,5.8562335716434,11.9887382675602,18791.5567407709
30.9719291850468,0.253819182082064,4.98882559493127,0.977191285325768,6.81190944216778,0.311784195693029,2.12184068611329,1.84490290994413,3.82531761194293,19.9339954523238,13.152083786328,5.84664846754802,12.179291487461,19786.3187534861
31.0552296886699,0.254302593471661,5.09344335143987,1.00022140387138,6.95473859170109,0.318210852911562,2.1655274590815,1.82785276263108,3.8668089637757,19.7525442475797,13.229823489081,5.83552722020058,12.4359675591214,20776.6131385063
31.1368713208055,0.2546180795055,5.21911575694556,1.02735669885233,7.12616410935818,0.325938004175986,2.21810498480528,1.81488202160616,3.91016188637504,19.5090244250426,13.3185779430943,5.82317054692888,12.7438396049905,21707.8409653996
31.2184314041221,0.254744249566326,5.35612704632736,1.05636892076507,7.31304189690175,0.334369205158384,2.27535431126509,1.80675281554378,3.95370197346858,19.2070103007879,13.4145324852805,5.81001304750987,13.0790123420928,22539.9801044856
31.301988423862,0.2546698022503,5.49541102198411,1.08522848119771,7.5030932320336,0.342947657599169,2.33339347251625,1.80396737759565,3.99554538129961,18.8536459896326,13.513297202642,5.79657680037468,13.4192460905937,23316.0413071731
31.3897508078894,0.254401006552439,5.63179426552559,1.11287374246194,7.68928757045591,0.351354407879946,2.39010540602721,1.80676740739528,4.03370985156125,18.4590365776292,13.6104405070103,5.78342594871226,13.7519587744658,24056.8501828863
31.4833174115209,0.253963139619843,5.76325611364412,1.13906017576226,7.86883245731323,0.359461894997201,2.44480388925003,1.8149859534999,4.06610926399553,18.0368680030641,13.7015467555234,5.7711696150858,14.0724033741201,24685.3719942391
31.5829876054927,0.253400202541115,5.88337330442162,1.16268692800155,8.03292549594065,0.366868582795338,2.49489434220957,1.82770162063351,4.09071563475487,17.6048775398062,13.7823204183571,5.76043727843747,14.3650703915418,25099.940586787
31.6878561931582,0.25277096979145,5.97931325026119,1.18126818322704,8.16406460402855,0.372778593154561,2.53490784024613,1.84356060129569,4.10595149391717,17.1820528029425,13.8492282233083,5.75176958208857,14.5986698541043,25384.9428018107
31.7962655858139,0.252138961071258,6.04683368435893,1.19414858290994,8.25642451558629,0.376928107337988,2.56301877302045,1.86161387125714,4.11088532323283,16.7856722760574,13.8998044504603,5.74555148032317,14.7629361667233,25568.8018032234
31.9062382238428,0.25156541830991,6.09357505369984,1.20322011971515,8.3203163480448,0.379786550895879,2.58253047795803,1.88152108290352,4.10526026542617,16.4298561172843,13.932529609274,5.74200161096715,14.8767340252901,25751.5338611385
32.0158806027449,0.251105236998789,6.12958176649338,1.21082783271792,8.36932256003394,0.381971220784522,2.5977726030992,1.90327359943929,4.08942971457598,16.1248102198382,13.9466109164719,5.74118571391502,14.9647734340297,25985.0932665454
32.1229542990213,0.25079870896129,6.15848675140207,1.21783298343305,8.40833209723353,0.383703441392188,2.61027574357907,1.92664971445028,4.06435742670647,15.87815159836,13.9417753479943,5.74303732668557,15.0359571932971,26100.453793952
32.224711237363,0.250663489907101,6.17613267911337,1.22326292906934,8.43169150005983,0.384725294730891,2.61815135115662,1.95101146383725,4.03166374764174,15.694260528817,13.9185426511204,5.74733405537492,15.0799679586252,26059.5285410318
32.3179019796565,0.250688850313987,6.17186287393772,1.22459389848216,8.4249695766131,0.384380424860624,2.61665127355287,1.97528831836349,3.99357043417196,15.5732174589335,13.8785789829647,5.75368124135305,15.0704505577303,25644.9287163927
32.3990196286376,0.250834910627997,6.13060988737517,1.21821270879031,8.36780826416616,0.381744496053984,2.59906967926238,1.99803817908145,3.95273095633545,15.5101820084368,13.8249239746351,5.76152087653318,14.9701575997887,24798.4371608126
32.4656924737242,0.251055241340201,6.05265551394681,1.20379709956835,8.2607266777376,0.376843237423122,2.56537385230139,2.01839894600135,3.9113522502376,15.4957671551681,13.761006053832,5.77030514712535,14.7795316002907,23970.1093741545
32.5166705167552,0.251317494325518,5.95529584828178,1.18488321948901,8.12729262767406,0.370748831810982,2.52301547224726,2.03635773531629,3.87075626204087,15.519737287884,13.6894751725422,5.77964204287872,14.5409131852674,23285.4536906073
32.5507004144403,0.251595291387835,5.85046079984882,1.16399706926321,7.98373417816448,0.364198497007025,2.47718746524845,2.05187838158741,3.83199278482183,15.5729831093792,13.6126904947812,5.78920043445129,14.2835764735108,22541.9352351556
32.5666713951956,0.251852341299006,5.73317999969922,1.13997677349453,7.82335918727075,0.356888325613231,2.42573448154928,2.06435454165253,3.79631431422253,15.6465437785228,13.5336800860846,5.79858926058572,13.9953133251901,21405.1848494149
32.5647698796291,0.252047719815413,5.59530401598918,1.11087289072231,7.63521839400777,0.348322668643706,2.36507460422258,2.07313314957994,3.76476369487313,15.7316420308287,13.4556377735548,5.80743980290205,13.6560684501916,20068.900677512
32.5465501394078,0.252152791860847,5.44023967456844,1.07728143226046,7.42403676669086,0.338718258701497,2.29665004331666,2.07814174356903,3.73769535623392,15.8214014443507,13.3807327429988,5.8155436980939,13.2741709370551,18747.30567514
32.5139508358603,0.252156118241718,5.28060496223477,1.04192074968145,7.20697731608695,0.328855645587627,2.22594147333665,2.07980815015933,3.71491501978743,15.9115484373863,13.3098940852127,5.82284944665939,12.8806107161243,17665.3158955341
32.4682804258637,0.252063697319694,5.13275107785889,1.0084298845225,7.00620252371344,0.319740828108436,2.16008785074405,2.07887227296142,3.69593608615536,16.0002260942542,13.2429644931002,5.82941765582281,12.5155797256298,16975.5634546185
32.4101718346248,0.251884839677723,5.00630597495197,0.979037849680552,6.83471818416194,0.311962582624772,2.10333407452445,2.07587927926817,3.68042097645042,16.0863639280079,13.1797355970778,5.83529668206536,12.2027901597493,16454.0944005168
32.3402897547201,0.251622526648253,4.90152050727083,0.953912303427666,6.69281720987208,0.305532116349196,2.05584760592643,2.07098267927444,3.6683089103596,16.1685084529414,13.1205648154314,5.84046609077407,11.9429305847729,16004.5005165439
32.2598669939695,0.251273187535943,4.81257382603171,0.931857332638721,6.57257959157045,0.300088210739677,2.01513807941916,2.06408047419996,3.65967151064314,16.2447692491378,13.0662747645098,5.84486142208895,11.7217679084891,15442.9950211829
32.1715256258506,0.250823741144456,4.72796368841936,0.910401813698421,6.45840655834275,0.29492205577808,1.97621997260702,2.05484755122616,3.65458825474123,16.3127328470848,13.018156027845,5.84839111257404,11.5111087695213,14587.1817868146
32.078366850652,0.250263990502837,4.63947101020188,0.887761092875406,6.33916503677352,0.289528807940336,1.93550020818621,2.0431433398328,3.65289734765389,16.3707873296483,12.9770435612459,5.8510257964256,11.2907882688368,13688.5212409582
31.9825281664923,0.24959478904154,4.54700310469133,0.863925849967124,6.21472906018662,0.283903541756491,1.89290754055793,2.02918037577623,3.65423289086497,16.4187256481376,12.9429012814831,5.85281710463036,11.0605690192625,12859.9370554237
31.8847947119893,0.248825306858405,4.45589143178666,0.840077431981568,6.09231180492928,0.278373991464042,1.85073460902634,2.01335723271467,3.6582316803836,16.4571574670403,12.9151956438918,5.85384580762343,10.833518764602,12287.1914536607
31.7837696616418,0.247974058907756,4.37635353922983,0.818454523365887,5.98573967704231,0.273567076707195,1.81340492481583,1.99619454971146,3.66472955871347,16.4871006919764,12.893134948787,5.8541788085501,10.6346813688367,12187.52593679
31.6775037872752,0.247057638000991,4.31593728857396,0.800734040237686,5.90520736464797,0.269943606254783,1.78420838046641,1.97803683793963,3.67384734146875,16.5087900313407,12.8764405867741,5.85381102878857,10.4825682949627,12304.6818274337
31.565482157643,0.24608330749842,4.27537768422357,0.787135871831942,5.85167017002095,0.267544496339288,1.76349727669895,1.95895054817975,3.68582434332952,16.5213334968792,12.8655671690961,5.85267635099997,10.3790061266054,12486.3197756447
31.4488934063781,0.245051584292191,4.25017021434998,0.776754866551256,5.81898605618239,0.266088837411708,1.74935650774079,1.93887289687173,3.70081848781713,16.5233778524177,12.8612724914503,5.850701869195,10.3129900580035,12514.5280308231
31.3312882025701,0.243956062088513,4.22955299292483,0.767348991038597,5.79254003784414,0.264912565206461,1.73716069486809,1.91770084000717,3.71861703184006,16.5139815022371,12.8640939726617,5.84788205436147,10.2581988583405,12154.2165326958
31.216314254307,0.242792252464297,4.20380009846474,0.756869198325665,5.7591427165288,0.263418144955963,1.72270985452819,1.89548760797137,3.7387220426581,16.4933591400056,12.8738802174504,5.84429475757913,10.1908354226112,11664.3229083139
31.1055715387572,0.241562281238173,4.17031978856657,0.744749151188535,5.71529330786702,0.261448385442456,1.70486456025582,1.87246887210804,3.76072250963738,16.4623550182166,12.890096499323,5.84002826515589,10.1045454633003,11186.2640034747
30.9990744512637,0.240270930155786,4.13178573293909,0.731515741847187,5.66463632469494,0.259170052435269,1.68474712010315,1.84893475974664,3.78441818283443,16.421673013331,12.9122898531786,5.83513495192406,10.0058433994674,10857.9251134977
30.8952359573062,0.238924310262754,4.09496983958108,0.718536247556942,5.61637725789278,0.257001258417393,1.66523626720381,1.82517135438201,3.80999682177638,16.371107425085,12.9405367498291,5.82957683023214,9.91124829569631,10832.1782950947
30.7924127561267,0.237525606429294,4.06583735634955,0.707011172928773,5.57861922372452,0.2553090561876,1.64886997551774,1.80141026049157,3.83781629744668,16.3096577235755,12.9753702271864,5.823261536666,9.83530334207097,10947.8193937088
30.6902095486411,0.236073405758598,4.04629604555751,0.697315348351343,5.55394740433522,0.254209775781519,1.6364587683746,1.77782896483968,3.86803983702,16.2364048975706,13.01724147651,5.81612963417369,9.78264536719217,11099.1701908036
30.5891505643091,0.234564131839616,4.03504347282876,0.689180220133332,5.54058073314362,0.253621775547686,1.62745110270517,1.75458047567649,3.90057589888648,16.1509386639299,13.0662451162503,5.80818106629377,9.75008360123388,11175.2858336542
30.4906217161864,0.232994089413232,4.02754690594216,0.681705356929062,5.53234387857263,0.253264729709754,1.61993146886006,1.73178646446757,3.93496099600111,16.0539676731803,13.1217631636734,5.7995162755559,9.72656623190046,11058.9367018761
30.3957981391608,0.231362045898015,4.01907739972991,0.673964921780424,5.5227971562368,0.252847103713363,1.61190482762522,1.70954629484639,3.9706213528117,15.9468183353608,13.1827918462378,5.79027792891878,9.70057885227072,10864.1218269993
30.3048644911217,0.229669081508779,4.00763116226086,0.665574975591729,5.50921362847291,0.252246073125542,1.60252619263438,1.68796016416414,4.00720411942922,15.8303926499228,13.2485823072515,5.78056089438926,9.66725123063671,10661.1543488008
30.2173747381694,0.22791685371651,3.99351462997482,0.656599303229746,5.49201549182104,0.251481626109971,1.59191962157179,1.66713216567609,4.04456285297056,15.7050194856562,13.318733378402,5.7704077211828,9.62733467103138,10511.1147405501
30.1323615312091,0.226106064443635,3.97901744266133,0.647473032094314,5.47432987450381,0.250696112490496,1.58103462468232,1.6471852476893,4.08279266393399,15.5701560699324,13.3933462563166,5.75979221434548,9.58639381394228,10478.354965741
30.0488758615794,0.224236163311094,3.96652691053578,0.63864092765376,5.45941812759149,0.250037597408208,1.57085710748598,1.62824847979431,4.1220410017073,15.4249394646472,13.4726887662686,5.748668677008,9.55022189588721,10500.5574404481
29.9664062093659,0.222306680068176,3.95703607148752,0.630282929146309,5.44863977432244,0.249567716989754,1.56179155210166,1.61042471077754,4.16230203942716,15.2690001359525,13.5567388130909,5.7370328035184,9.52122416930088,10536.7711773327
29.884612513157,0.220317574723919,3.95074780854323,0.622432735097447,5.44227510197095,0.249299047745915,1.55391570058723,1.59379643182188,4.20350565165779,15.1022230628155,13.6453296919282,5.72489929292042,9.49988904001605,10585.5804101367
29.8031222863243,0.218268823014301,3.94771729424533,0.615096623385253,5.44040209680663,0.24923490992491,1.54724649124078,1.5784435820909,4.24560971853602,14.9243930452796,13.7383469157746,5.71227500311878,9.48634611227374,10659.3159093553
29.7215885043901,0.216160519667643,3.94781911417469,0.608247509965237,5.44285190925945,0.249367415826211,1.54172603158419,1.56444410621263,4.28857799404536,14.7352677848555,13.83568728773,5.69916496717438,9.48028670015103,10745.0661568241
29.6397863178766,0.213993376714817,3.95065224786958,0.601808787892075,5.4490792699894,0.249671677953557,1.53718274780748,1.55186401484913,4.33233466073364,14.5347849986529,13.9371543582981,5.68558650144077,9.48073493599977,10833.7780615548
29.557906095332,0.211770854876447,3.95473213015428,0.595520777066857,5.45705487346788,0.250055668388183,1.53300746708725,1.54070434266984,4.37661507729846,14.3238434889786,14.0420802843949,5.67161855042463,9.48410223962617,10837.3075216737
29.4769819534014,0.209503374271365,3.95623129437339,0.588742132674726,5.46153523024572,0.250281933209199,1.52765593790949,1.5307937985038,4.42074209416408,14.1056486156002,14.1487144087172,5.65748036482479,9.48116298384861,10636.8203582623
29.3981156576775,0.207204316502844,3.9515727201142,0.580899038566797,5.45761157033736,0.250128539488215,1.51970335309601,1.52188530950863,4.46403189070118,13.8839119819393,14.2551868153332,5.64340542480243,9.4633178995594,10352.7357154148
29.3217194334775,0.204883068791188,3.94002877140136,0.571906190758807,5.4442758780406,0.249550536644391,1.50888030150213,1.51382717273312,4.50620053031853,13.6605825555296,14.3605899167009,5.62950258804002,9.42884523828122,10060.9342954958
29.2471145376741,0.202538830182761,3.92493617936204,0.562331809327607,5.42609956151172,0.248755867547415,1.49653264719561,1.50671584238604,4.54758083107408,13.4342211486108,14.465649033991,5.61567118831067,9.38579541905072,9993.33522783557
29.1716154161832,0.200148403445494,3.9159437534842,0.553710111626457,5.41633703253887,0.248345711252626,1.48647526759324,1.50121220164478,4.58961500850369,13.1964905537708,14.5741877653232,5.60141346792976,9.35735146221614,10481.3054836619
29.0925465282728,0.197680595000144,3.92280853707014,0.547522943640233,5.42841341118388,0.248928124305561,1.48251411090228,1.49819414941173,4.63381374618083,12.9374743370674,14.6904867046809,5.5861761723675,9.36689307536431,11237.264493473
29.0093758276781,0.195118051734959,3.94979307126206,0.544343083531435,5.46821632838596,0.250768808361233,1.48625874087739,1.49820341483393,4.68064324316133,12.6525634656964,14.8162023744988,5.5697463881017,9.42456659539832,12047.0719287526
28.9221482961762,0.192444339250765,4.00040809292732,0.544598765495218,5.5406110461719,0.254086958042183,1.49900579442046,1.50178992430066,4.73037461324267,12.3377860798815,14.9526267066916,5.55196143059789,9.53869346798327,13063.0157678885
28.8298658225208,0.189623861245436,4.08370323570339,0.549506754173571,5.65811355409072,0.259449081302117,1.5241749745182,1.51015203362899,4.78401063242324,11.9834054645606,15.1035107381145,5.53235357151496,9.73083386239246,14589.9529538285
28.7324294694894,0.186620385705714,4.21117193762235,0.560580973039259,5.83664817114493,0.26757705520594,1.56609947971644,1.52479557543617,4.84228314971701,11.5796688810709,15.2726555514464,5.51047775652079,10.0283683666005,16334.2111996806
28.632429568411,0.183427259851105,4.38868647726981,0.578496342514202,6.08443011864668,0.278844468495846,1.62697033043369,1.54683977232689,4.90452592671824,11.1248832860358,15.4610613331079,5.48630950528172,10.4452740715406,18110.7759741193
28.5346920606238,0.18008369933285,4.60983241544759,0.602267224391574,6.3927338861612,0.292857820716061,1.70439113802879,1.5766764350932,4.96848675408217,10.6282813792216,15.6667247001468,5.46031216443914,10.9663313715515,19605.5375909752
28.4454071871243,0.176693752867367,4.84767473803382,0.628262579196452,6.72444650527744,0.307935486305121,1.78831774314596,1.61333470919762,5.03015056962009,10.1139056647485,15.8838281657988,5.43355324613676,11.5275714417712,20512.8002290749
28.3691455215021,0.173393758594918,5.07035762418649,0.652483917183212,7.03554443712629,0.322081163860595,1.86695306739528,1.65525074877314,5.08515386652501,9.61154018049821,16.1063406751227,5.40721204586752,12.053486096445,21204.355059213
28.3077787859287,0.170319537093525,5.26267165492062,0.673486722381979,7.30490592577964,0.334336456804499,1.93483188567251,1.70118498547618,5.12962613828593,9.14937277075712,16.330304574177,5.38225038930431,12.5083754852941,21816.1081697009
28.2616062486883,0.16761500459713,5.42019194843507,0.691416558168293,7.52624201202807,0.344412984892855,1.99051371322498,1.74955919922117,5.15980283098795,8.75773423119665,16.5510107378935,5.35967983378141,12.8822289218597,22229.4689225359
28.2294532824501,0.165420494779845,5.53798819724053,0.706224019674429,7.69250985930375,0.351984885193778,2.0322273695312,1.79809979427186,5.17258392079674,8.46652828773349,16.7618578995564,5.34055548978221,13.1635978306986,22316.4860184873
28.2084631474632,0.163836587474098,5.61313668136895,0.717776169765892,7.79944399257625,0.35685303726585,2.05878301183881,1.84462416467347,5.16649657801155,8.29672525944301,16.9563205238298,5.32565881968794,13.345446281071,22226.7169219771
28.1946801334133,0.162907274961362,5.65045801717578,0.726655378053341,7.85354977822369,0.359310637255501,2.07182805201196,1.88764779733653,5.14180570600236,8.25706251569529,17.1293937285962,5.31536097840468,13.4389519501135,22020.5031527351
28.1839124326322,0.162623002512152,5.65423282505655,0.733077983243576,7.86065162834298,0.359622016901539,2.07276761326672,1.92599022021483,5.10034505311294,8.34514823233725,17.2769895906335,5.30970331402117,13.4538270382703,21596.7018865246
28.1723965672042,0.162919285911004,5.62373837241541,0.736272910524732,7.81973190612353,0.357742442357855,2.06107952354876,1.95856813954163,5.04550690850973,8.54709451785017,17.3961659449313,5.30838873140243,13.3876797596079,20872.3013826323
28.1573301445702,0.163690466151722,5.56117829496482,0.735740753456749,7.73392473777848,0.353818214426592,2.03735915525582,1.98490536227419,4.98143919681418,8.84063998184324,17.4865146484411,5.31079963906646,13.2451072961553,20058.870763242
28.1370826339958,0.164821833148156,5.47549912868693,0.732082430041729,7.61575719728793,0.348423149739831,2.00484000700093,2.00525927799324,4.91193165737161,9.20221190921083,17.5499543806721,5.3161896752738,13.0470359605838,19249.1157091839
28.1110348506916,0.166213258810156,5.37855985277616,0.726588146900557,7.48178799264641,0.342313143649874,1.9679505675687,2.0202816316956,4.83994624925372,9.61152435367367,17.5894845859113,5.32385739456218,12.8216133481583,18572.9735882929
28.0791449569158,0.167796373222614,5.28374623030427,0.721086243289572,7.35065216337593,0.336336608447012,1.93177883614391,2.03088123447785,4.76735525213147,10.0545082992902,17.608318373718,5.33325472836792,12.6008886672366,18145.180353582
28.0417864293701,0.169524279028156,5.19974594385853,0.716900006387131,7.23443116246969,0.331042103589153,1.89966932055862,2.03780108152068,4.69555103154732,10.5206083400682,17.6092033414284,5.34394829061312,12.4057765302221,17823.6192931454
27.9998026506605,0.171353930362752,5.1282492431806,0.714309086794753,7.13548945147371,0.326535818074907,1.87229137384128,2.04145821977657,4.62597752999137,10.9992435384205,17.5946109501841,5.35552370974833,12.2403858246624,17551.8398401868
27.9542038083816,0.173252775338682,5.06957327842294,0.713385926288864,7.05427682904677,0.322837099496859,1.8497704644009,2.04223019245923,4.55977682089766,11.481636247567,17.5669644627445,5.36761972261742,12.1055073173574,17395.9194101814
27.9058336674952,0.175206383257662,5.02613284318806,0.714596042870505,6.99413434918159,0.320096584587985,1.83303067855983,2.04057830091844,4.49760033152807,11.9622978359223,17.5284436461308,5.37997093264095,12.0070070130937,17434.3130269895
27.8554988310335,0.177205307492312,4.9995286858216,0.718314077733229,6.95726698302338,0.318412829322322,1.82268752441417,2.03688020218555,4.44005218494139,12.4360563732907,17.4810776021708,5.39233334315077,11.9488146129203,17561.9308470106
27.8041476476988,0.17923258850969,4.98844013581622,0.724402850391136,6.94184145472961,0.317700972594681,1.81822298460602,2.03135998008418,4.38793479782702,12.8957423435429,17.4270689774271,5.40442102792428,11.9277944202679,17730.5164447392
27.7530012451167,0.181252711210244,4.98625657866635,0.731726957239996,6.93872216995651,0.317545247100134,1.81706528641318,2.02408650858639,4.34226912506444,13.3310464601408,17.3690910690191,5.41587778304783,11.9279729604601,17726.7478089991
27.7037156287914,0.183196728302522,4.97905639193783,0.737712027204782,6.92868525026608,0.317073535368343,1.81380743631521,2.01495567165984,4.30420440896228,13.7279005679042,17.3105187994742,5.42626924165131,11.915596181773,17333.9443653266
27.6575583284984,0.185001611928626,4.95648562790783,0.740285306792913,6.89746266201566,0.315640684700721,1.80439143204734,2.00405040853848,4.27412498683074,14.0763765250882,17.254266143265,5.43530618259347,11.8654494356009,16846.2621326826
27.6149777367388,0.186639203624039,4.91909020249959,0.739346439143234,6.84585435974612,0.313285621653514,1.78895972371153,1.99176919682252,4.2515382198903,14.3739668205657,17.2019202841876,5.44293071070982,11.7787097279927,16386.420114944
27.5759940599593,0.188105834857787,4.87412722189798,0.736108739591689,6.78392083048112,0.310466355502808,1.77025859836474,1.97863058775179,4.23565464438061,14.6219036045789,17.1540650015212,5.44920556061248,11.6728712668265,16101.6976111039
27.540377537766,0.189421389842922,4.83328933638249,0.732703718612381,6.72783939105221,0.307916797119988,1.75275015320449,1.96523453949796,4.22569481874452,14.8231540124303,17.110516183605,5.45425089703879,11.5762425925463,16126.6813042038
27.5081624620601,0.190605269233386,4.80561084743695,0.730870091226626,6.69009622576834,0.306201641813306,1.7398968599396,1.95209587158056,4.22119649176389,14.9787780634439,17.0710068444252,5.45814337234177,11.5107597604701,16294.3050757069
27.4798802289029,0.191661223993033,4.79365659098612,0.73119041060603,6.67422614743504,0.305478780132487,1.73270141362201,1.93955044138774,4.22197034169755,15.0872823979449,17.0355107134788,5.46089661828047,11.4827174915457,16521.3996817042
27.4562530570606,0.192591707075944,4.79828022991444,0.733909702382576,6.68140795586101,0.305799533694281,1.73150369525364,1.92789955948968,4.22791639843633,15.1467354099049,17.0039335854977,5.46251466854478,11.4942537028296,16874.9064527442
27.4380484647999,0.193407202278843,4.82267562021561,0.739669023160667,6.7160745055579,0.307363233766781,1.73750755905316,1.91755560274408,4.23905076124477,15.1549101552535,16.9760030048016,5.46299719270422,11.5531473198043,17480.3954130294
27.4262295543352,0.194115896031376,4.87108690754678,0.749288084427982,6.78412280782464,0.310435583907821,1.75229775023693,1.90900415521928,4.25552853140092,15.1083293157934,16.9515290436943,5.46231506834972,11.6697087994377,18255.4643199508
27.4218966912919,0.194716269973266,4.94556801194249,0.763174546477473,6.88842427228746,0.315145315262421,1.77662891161839,1.90271020979644,4.2774917003137,15.0030168232012,16.9305305193385,5.4604248211942,11.848944469702,19157.4812922732
27.4259349471582,0.195198967448506,5.04447996722942,0.781049096977024,7.02673760257388,0.321390149138803,1.80987880835302,1.89907730057517,4.30484815747213,14.8364762087983,16.9131438006255,5.45731224396333,12.0869268112316,20062.6458609553
27.4384645417302,0.195544521774138,5.15767181799403,0.801094617699033,7.18501483509788,0.32853387592615,1.84828173757806,1.89824430687945,4.33689899511011,14.6111506324572,16.8995155180264,5.4530633327495,12.3591673406551,20722.6273408518
27.4583620909369,0.195735907243414,5.26952881704303,0.82051328135732,7.34161263340808,0.335597820331783,1.8860855530217,1.90009679044898,4.37224686545352,14.336241813346,16.8894850142395,5.44790583271831,12.6279885246819,21169.4446979148
27.4833768871215,0.195770049354797,5.36740657828079,0.83705981444322,7.47898048900052,0.341789869730462,1.91868734917269,1.90444584925901,4.40906097027643,14.0260372316794,16.8823944257063,5.4421797887474,12.8629070176199,21435.2252957564
27.5106614990281,0.195660327411208,5.44819439753717,0.850219333251621,7.59277516311843,0.346916490741004,1.94503700818462,1.91120227374289,4.44542827248783,13.6967461599424,16.8771066567006,5.43627551883093,13.0564792687694,21741.43787265
27.5373116011851,0.195436513070516,5.52246719121032,0.861944006104552,7.69764241302866,0.351643863986042,1.96913679403571,1.92061380663637,4.47965300181412,13.3632152900212,16.8720741704598,5.43057369905178,13.2343212173115,22309.3140159286
27.5601807779438,0.195133589534501,5.59932136907329,0.87402938054121,7.8061637439289,0.356542450250627,1.99445095177609,1.93276443645846,4.5099127029662,13.0422387028669,16.8654216430268,5.42549884722164,13.4185500705017,22835.8291179526
27.5758902601797,0.194789579690701,5.676625150765,0.886370833282954,7.91531820267631,0.361474658862397,2.02028688566464,1.94722537802829,4.53426345162442,12.7536152085274,16.8550560204268,5.42151859994591,13.6042223356862,23258.8570040345
27.5813611501851,0.194447605415858,5.7468646243479,0.897920585088295,8.01461131744284,0.365964478227602,2.04392400045442,1.9632681385782,4.55111766235673,12.5158606367452,16.8389271766952,5.41904863238786,13.7733835948624,23476.5740313165
27.5743236209443,0.194148358836442,5.79794891212066,0.906763253218211,8.0872063541448,0.369248495577484,2.06090884742927,1.97984600413104,4.55955269750492,12.3431302595736,16.8154584527491,5.41837460411923,13.8969732215203,23390.1088309234
27.5536979665479,0.193925218119307,5.82261599058104,0.911686751245454,8.12301413364369,0.370869403040226,2.06851516206166,1.99599253053595,4.55951678897529,12.2418487853032,16.7837450259089,5.41959746503126,13.9574820459818,23192.0502241749
27.5194214297077,0.193801987528483,5.82338771848664,0.913082064909138,8.1255758314209,0.37098740375481,2.06760233175206,2.0111183571371,4.55162436083863,12.2112826309652,16.7433951910183,5.42266974091302,13.9609510746695,22956.7943157412
27.4722040500107,0.193790853804807,5.80669434251235,0.911982680994435,8.10387419982468,0.37000854607594,2.06048368759769,2.02485720678953,4.53687886715095,12.2462245237309,16.6944175391249,5.42744927702299,13.922839574725,22711.80481091
27.4133621042409,0.193893707854523,5.77910843108186,0.909429429329023,8.06707853799408,0.368347074199234,2.04953922042796,2.03700384940944,4.5165000056148,12.3387262075795,16.6371119337013,5.43373513514907,13.8589347082096,22475.9352044193
27.3446988151478,0.194104026108296,5.74584216657813,0.906217291322316,8.02244292849717,0.366330746370439,2.0366546456542,2.0474732075081,4.49179998061139,12.4793101917672,16.5720117374298,5.44129228724075,13.7817158294829,22251.1797819535
27.2684075669569,0.194409142016482,5.71061855330854,0.902882486220835,7.97512626577119,0.364192947172328,2.02316811254007,2.0562671443506,4.46408971869744,12.6578086606161,16.4998620118659,5.44986906890838,13.700046727769,22048.3791509436
27.1874305572924,0.194785715844306,5.67054062317139,0.898795018267415,7.92105405429865,0.361748643173793,2.00798594648135,2.0632117295227,4.43479022372934,12.8627630653795,16.4220465022595,5.45915507604209,13.6067819787799,21628.2845976561
27.1057930152724,0.195193628682487,5.61314872461446,0.891575061273658,7.84283246533618,0.35820969722746,1.98647663748401,2.06778426491612,4.40554857177179,13.0804135789553,16.3410820511196,5.46873059854685,13.4716046603427,20809.9593375737
27.0270883620316,0.19559624543177,5.53349184571317,0.880128506806523,7.73354085894682,0.353265056502249,1.95672392396108,2.0697553552619,4.37765630550435,13.2987322279661,16.2593672221964,5.47823259530113,13.2823052154986,19989.6561861239
26.9534772009702,0.195977337124734,5.44077314242486,0.865977997054258,7.60598843627,0.347498562100618,1.92203003295773,2.06943179331866,4.35173749660767,13.5105334148426,16.1781649857799,5.48747139764512,13.0609963872468,19299.9212865662
26.8861311898708,0.196339249717927,5.3499208505944,0.851804165492457,7.48096989718885,0.341854808253075,1.88784871185371,2.06735272881081,4.32800207008523,13.7124100441619,16.0978216334842,5.49638239031934,12.843776035596,18930.3694751957
26.8257014654815,0.196700666574997,5.27668211162316,0.84054891411916,7.38042543128406,0.337328709110364,1.85998119609332,2.06414991576153,4.30645897566728,13.9034427521113,16.017974996413,5.50498194454097,12.6688394983478,18919.6800992009
26.7734655968884,0.197075055165325,5.22593738026216,0.833244970799127,7.3111489721093,0.334226348868616,1.84027992424216,2.06008308412918,4.28738723082859,14.0815171833466,15.9388721612517,5.51320865671963,12.5481402878798,18900.7395531383
26.7311511757401,0.197462077677528,5.1922980054017,0.828989420515768,7.26562974108172,0.33220484932661,1.82681592458596,2.05505942559209,4.2713081577538,14.243102419481,15.8615960803535,5.52090991646495,12.4687145456672,18859.6360887303
26.7001561429536,0.197851877357719,5.16763065429829,0.826277459023256,7.2325417626376,0.330749142838812,1.81661936477358,2.04892097646391,4.25870960307981,14.3849768582158,15.7874632981987,5.52792231311661,12.4108656774129,18697.4995729842
26.6812950551128,0.198219418363158,5.14028950116731,0.822883319086122,7.19566961564524,0.329123110604654,1.80540457925087,2.04140902559542,4.24998708001647,14.5041538505323,15.7181527052905,5.53407030568224,12.3463207161203,18286.7116600693
26.6743668991356,0.198537692633158,5.10288305595801,0.817320547750304,7.14473543516739,0.326861175358419,1.79041719985961,2.03241408567637,4.24524845066286,14.5992718299242,15.6549576517008,5.53924573017343,12.2570733238755,17828.9264376021
26.67839815765,0.198790330161333,5.05627855732825,0.809654730676721,7.08097410685665,0.324020630328073,1.77192617035579,2.02209647784896,4.24433980508686,14.670737746555,15.5983644899693,5.54343367062271,12.1451507069743,17404.8682762868
26.6921066157157,0.198966970967577,5.00383824581709,0.800473238099519,7.00909077904098,0.320815819404947,1.75113259762652,2.01068945518457,4.24701865724831,14.7194650967597,15.548510167018,5.54665519251722,12.0186753459004,16997.8194443443
26.7140493072239,0.199060237387986,4.94791188546953,0.790217807075758,6.93236947746773,0.317396034588049,1.72888454516078,1.99840303859041,4.25300833742204,14.746482518125,15.5053725658372,5.54894574034124,11.8833480888856,16576.9277223306
26.742742292074,0.199066604487084,4.89023214723664,0.779229105942365,6.85322658430689,0.313870928539346,1.70581162002496,1.98544114956527,4.26201540100177,14.7529771741864,15.4687170762502,5.55035673239528,11.7433812943629,16174.2989875501
26.7768197897067,0.198986409827373,4.83265143759161,0.767872983580412,6.77423965267443,0.31035734190225,1.68258984378558,1.97201466697854,4.27376512805257,14.7401845058311,15.4381169931791,5.55094984995799,11.6032757599576,15801.5144353177
26.8149976994506,0.198819396813855,4.77533334809481,0.756209220132039,6.69562368573082,0.306864537693181,1.65928625030396,1.9582706764053,4.28798975777004,14.7093239810827,15.413133098503,5.5507864432419,11.4634415992396,15382.4514775657
26.85591691594,0.198561569921408,4.7154711768982,0.743751952686595,6.61344434019044,0.303213026991486,1.63489559604867,1.94423583896064,4.30435853526625,14.6619206255134,15.3933812053587,5.54993326550326,11.3170938145078,14831.3426139677
26.8983434771961,0.198210464981542,4.65101042093381,0.730140019657687,6.52482039467375,0.299271425841238,1.60868395072571,1.92991911800704,4.32251844565784,14.599818855308,15.3783834383533,5.54846861631488,11.159261675637,14256.5759258372
26.941405630432,0.19776851605392,4.5830169302093,0.715577764973274,6.43123210202387,0.295106883289238,1.58104467849576,1.91539194672118,4.34219662532768,14.5246973854664,15.3675751467463,5.54646785845587,10.9925302708784,13709.888898083
26.9847831558976,0.197244650587416,4.5167100696802,0.701021455382665,6.33996558730661,0.291050866321948,1.55386175373014,1.90084410154135,4.36333306690699,14.4372859361082,15.360401101407,5.5439771021292,10.8295359364814,13404.1571628583
27.0290575309346,0.196657767132507,4.463477659373,0.688537091491922,6.26692576495557,0.287827184897703,1.53121907783372,1.88670365946245,4.38633920503124,14.3358592433719,15.3564429995807,5.54096554796568,10.6978252782531,13600.2524581448
27.0748157342467,0.196023658748589,4.4324239879266,0.679795983663217,6.22481737437158,0.286013242152748,1.51637538386971,1.87337708905647,4.41183329293221,14.2172308153652,15.3556790191922,5.53734297128981,10.6194209978122,14002.017548704
27.1217492570225,0.19534629237952,4.42472070600273,0.675048682921737,6.21525386919974,0.28568080660632,1.50974862229418,1.86102005443179,4.44021993057467,14.0790009224814,15.3584198049233,5.53302536666667,10.5971610296833,14443.8078532401
27.1685891373486,0.194619858083516,4.43382859233579,0.673157549723399,6.22907649280438,0.286410952477116,1.50900885899599,1.84953165212844,4.47151151222253,13.92082908412,15.3650460779768,5.52798166399118,10.6152465839518,14629.6621735296
27.2130360135345,0.193828486596717,4.44271889197257,0.671123761186408,6.24248370356593,0.287118228993611,1.50811591330182,1.83845192435194,4.50495244049575,13.7467814624311,15.3756362293358,5.52231748295761,10.6325746317206,14251.164673402
27.2531820802791,0.192960445875107,4.43643138062406,0.666306233780266,6.23459126965312,0.286851677081111,1.50177696772198,1.8273521300458,4.53955296500478,13.5625540287144,15.3898695101283,5.51620433114922,10.6130644370164,13694.2458271627
27.2883787590062,0.192015316760136,4.41221631247254,0.658211208591132,6.20159117218601,0.285439569674683,1.48902381120332,1.81617103949633,4.57478200941729,13.3713682367832,15.4073785630644,5.50975024915755,10.5501112806763,13147.1718360919
27.3187836950539,0.190998942139291,4.37682756990975,0.648002385854538,6.15295448216627,0.28331565336083,1.47223068534188,1.80513792840108,4.61061318406884,13.1734384571523,15.4280062905151,5.50297257471581,10.4600161260908,12852.9970889561
27.3450952832411,0.189921112694713,4.34494329742904,0.638185875896652,6.10921951528953,0.281418136595949,1.45652237754835,1.79484190081743,4.64779645545848,12.9641659194005,15.4521853269968,5.49572934566511,10.3781224037949,13086.4884422666
27.3676408705791,0.188788266364213,4.32896531229723,0.630870560115408,6.08772621987635,0.280538325902584,1.44620127023202,1.78589840875146,4.68720739281903,12.7377965602893,15.4806682743814,5.48783464647354,10.3342560076472,13537.1593234491
27.3860565575791,0.187602013351927,4.33251003284934,0.626680370719595,6.0935229968589,0.280905680632547,1.44249937423107,1.77862160327259,4.72912070654851,12.4918633694498,15.513897752672,5.47921195464297,10.3370989386417,14021.440104816
27.3997848796121,0.186363071529103,4.35244316188018,0.625107881525155,6.12222181190406,0.282318425150021,1.44431241189377,1.77306753893809,4.77328103981396,12.2270230997295,15.55184660342,5.46989580640859,10.3791153744058,14357.7775623933
27.4084529209891,0.18507297998973,4.37841795969429,0.62445942631088,6.15935599174419,0.284114515907957,1.44806946678903,1.76898201099082,4.81883836626684,11.9477593982988,15.5938042877888,5.46005831975178,10.4354803893314,14371.820919424
27.4122240767024,0.183735428374416,4.40012957525213,0.623055016923517,6.19052579637123,0.285635732283476,1.45023770768622,1.76606493877467,4.86488447564737,11.6591978675846,15.638821203588,5.44989865762698,10.4814975541393,14262.434111639
27.4117030272758,0.182355285384769,4.41338280589693,0.620220082612189,6.20987685232723,0.286615036229538,1.44939093310235,1.7642365457372,4.91092434822116,11.3639545444286,15.6862719922108,5.43953191658799,10.5071350025165,14132.6188587925
27.4076242289222,0.180936518187504,4.42322337891821,0.616760160330025,6.22448114247809,0.28737682689244,1.44723963230592,1.76384676847081,4.95714875837925,11.0599177225285,15.7363009593829,5.42891407146492,10.524481870367,14340.429726369
27.4005148676598,0.179478524418976,4.44842800417976,0.61561941430607,6.26062889881669,0.289124665557983,1.45009047459729,1.7661377608279,5.00495168907264,10.7358230767514,15.7906228232709,5.41770107389505,10.5784225680351,15331.6767038915
27.3908760587741,0.177978719304261,4.50815285164759,0.619770629547538,6.34512766005856,0.293084793344813,1.4643064244188,1.77256897805799,5.05555142887659,10.379770454236,15.8510969708548,5.40555673637506,10.7146683902329,16624.6107894633
27.3798860588625,0.176440395181405,4.60938292314667,0.630275270458507,6.48772141361094,0.299701582593133,1.49211895000336,1.78397484495156,5.1087612814748,9.98794563425755,15.918090591133,5.39245976572188,10.9497864423318,17948.9483326926
27.3696425776989,0.174873078451563,4.74881948893634,0.646578785969047,6.68374318027854,0.308760018683625,1.5323170199726,1.8008659624376,5.16353895802776,9.56108375001106,15.9909469422366,5.37858925560466,11.2757544177999,19215.6217703304
27.3630195189083,0.1732890404817,4.91714525057875,0.667166866676804,6.92010151741215,0.31966079506176,1.58171447141887,1.82364003797808,5.21826580323423,9.10258090029607,16.0683185508169,5.36426078763008,11.6701825025412,20379.3999613431
27.3632740590533,0.171699131431097,5.10250185887621,0.690116605242782,7.18015662777579,0.331643813443432,1.63633910156356,1.85266759101161,5.27089054798616,8.61757014071748,16.1484150296534,5.34988874758125,12.1046501337172,21484.1479212001
27.3736100394257,0.170110599137921,5.29487158958573,0.713791095518646,7.44985579524822,0.344068772441853,1.69290167217747,1.88826043118505,5.31899260475923,8.1128066729713,16.2290848405565,5.33597156488507,12.5551842228817,13318.4281091117
27.3969626560773,0.168531883456796,5.49797477230486,0.738616336323229,7.73439488722588,0.357177331729471,1.75271142291358,1.92917474606067,5.35990264298769,7.59533063017536,16.308003364843,5.32305509542811,13.0305866352488,23954.9049621861
27.437195678116,0.167117798674495,5.75853423557537,0.771405985670239,8.09911824662858,0.37393946069607,1.83160783010934,1.96088292365598,5.38900614431288,7.06369177980661,16.3847165665839,5.31179387780461,13.6421576948194,26112.6339421226
27.4984609334796,0.166677055753915,6.08606151465914,0.813674165030775,8.55701246279475,0.394855469607768,1.93473769164387,1.94041838331447,5.38530514813336,6.54203667243972,16.4621977775583,5.30499750463673,14.4134253030263,28396.0891008992
27.5834325768921,0.170337169504678,6.46520561075536,0.863553377871372,9.08606462272205,0.418833439643768,2.0606760539366,1.82099335435995,5.29629892788037,6.09177759492863,16.5555071092035,5.30924869227255,15.3097728096042,30564.6164012234
27.6909044190475,0.199623621204127,6.85360165678321,0.915670410892935,9.62626909899228,0.443141265966995,2.20085599698253,1.5883528629586,5.05239299640334,5.80730639476547,16.6848136898419,5.33338518747402,16.2336459446233,32214.3533895155
27.8139272017454,0.348658823778875,7.18658938803989,0.962056262801356,10.086658938664,0.463683370370063,2.34417084071538,1.27295494425654,4.61856065530073,5.78420786816366,16.8484045997988,5.38289987884187,17.0381287680936,33074.3449747413
27.9421628492905,0.83522833279201,7.4268321308035,0.999107413316274,10.41505139804,0.478108123010048,2.48989258022019,0.930087115458165,4.02416415632119,6.07730332342794,17.01132839928,5.45615796345406,17.6428685531235,33641.2389038862
28.0654269905403,1.98304153026173,7.58573906321951,1.03019506551262,10.6274408200015,0.487144893462688,2.63489419297376,0.613500665713535,3.34031245012638,6.69183626878814,17.1228569504214,5.54622312963637,18.0721637322215,34046.2109602253
28.1742172844075,4.08985836895268,7.66105248120072,1.05575933517034,10.7206469118203,0.490668396411343,2.74743413553518,0.363557374282492,2.65306951926131,7.58466900668551,17.1385982289694,5.64327375310696,18.3026230569666,33688.297954269
28.261613589388,7.2116065203239,7.6243056731502,1.07035485382511,10.6554634332977,0.486959413872299,2.79114798736461,0.195573280151179,2.03889234799941,8.66375458345441,17.0403553723245,5.73710610583025,18.250065035084,32224.0536560421
28.3268272621549,11.1469153540108,7.47721086317923,1.07136029742565,10.4354255370832,0.476263574713559,2.76250057965902,0.097558316566825,1.5346037712666,9.82853729929964,16.8400045768652,5.82143405100838,17.9150990692341,30544.8244271597
28.3738860790366,15.6174669148902,7.26491491854804,1.06317582625126,10.124422526077,0.461543566592399,2.68633581796798,0.046308159676596,1.14029951827545,11.0077804342614,16.5623867008565,5.89459972662876,17.4101162917629,28879.8682534785
28.4081909988207,20.3648578851369,7.02875664634874,1.05067654157089,9.78063682931631,0.445456979459976,2.58797947210486,0.0215225205042181,0.841153676141053,12.1554976895557,16.2330646354517,5.95715048411409,16.8398717117391,27358.5161082559
28.4348937015486,25.2005577649903,6.79748296579781,1.0376000272694,9.44436054459396,0.429818684681739,2.48508637992655,0.0100098346902213,0.618013271112529,13.2462990653142,15.8729466410979,6.01058498669678,16.2773167563839,26069.7960677552
28.4580594606215,29.995856599974,6.58472322973876,1.02574729446022,9.13465041205299,0.415469330351439,2.38651464094031,0.00471622178441401,0.453269458028431,14.2661396318339,15.4981628064335,6.05648662031078,15.7572933665434,24898.9520504177
28.4804643616332,34.6607830274946,6.39250495205762,1.01519740953529,8.85439295862695,0.402516869348241,2.29506360547541,0.00226456354413709,0.332553882769577,15.2064088112639,15.121338807903,6.09619158081313,15.2857630757382,23824.772798111
28.5038163020684,39.1544212835746,6.22272155850134,1.00624249666782,8.60618779437323,0.391061460791355,2.21236560976129,0.00110913837364262,0.244265313299308,16.0660497546342,14.7505127368528,6.13091466941885,14.8677804998292,22967.3107477973
28.5291195486511,43.485508620126,6.08146014423866,1.00025601824473,8.39827177119387,0.381463504589086,2.14080484024031,0.00055224633511566,0.179396933535335,16.8511812647557,14.38885603616,6.16178735953013,14.5181291518395,22426.4654070022
28.5568832779657,47.6750701235635,5.97118804625961,0.998151709932335,8.23381718896839,0.373856266112709,2.08131513779749,0.00027833764522334,0.131544972472848,17.5679130265208,14.0378225890674,6.18966860694803,14.2428877451755,22040.7367412501
28.5872503560532,51.7346202250984,5.88757908057765,0.999523569958869,8.10669083030469,0.367953469108817,2.03256817913964,0.000141594416179755,0.0962557916471613,18.2192597721208,13.6991256048464,6.21511938661262,14.0319174084187,21754.6991566853
28.6200868361084,55.6624808618289,5.82117714719214,1.0028033104861,8.00381584700968,0.363156703860122,1.99157039070766,7.26369224082072e-05,0.0703415377313281,18.8057827821257,13.3750468572933,6.23847933763055,13.8628138374643,21393.6645699753
28.6548964333731,59.433131105743,5.75681353660243,1.00502326224388,7.90444272392479,0.358522617525123,1.95350060667283,3.76659697864724e-05,0.0514881976490197,19.3255228946865,13.0691455264931,6.25987534661769,13.6995076462457,20801.7916446141
28.6910973280907,63.0327502456139,5.68567671455107,1.00430414719838,7.79660402764132,0.353508078767037,1.91550898869139,1.97895774100169e-05,0.0378411945256023,19.780149494708,12.7831522087238,6.27946654739943,13.520982064651,20217.0690934838
28.7282454895604,66.4767441943753,5.61014979284943,1.00109620332053,7.68358378189127,0.348261171600611,1.87820770365051,1.05311213497876e-05,0.0279279250425771,20.1763895420863,12.5157082889534,6.29753746992184,13.3328263490168,19714.8105906514
28.7658591861363,69.7876781133688,5.53595893014481,0.996660503444856,7.5731582737211,0.343132874731378,1.84320012107447,5.6680662255733e-06,0.0206829365781101,20.522091206388,12.2644281625076,6.31437387335567,13.1485764677239,19318.704423383
28.8033644164921,72.9892609509957,5.46862675439176,0.992299584634203,7.47277319354311,0.338458853532311,1.81199325277803,3.07901959578732e-06,0.0153526353113284,20.825075453486,12.0265797958352,6.33023750262042,12.981276866196,19041.6542368386
28.8400424732533,76.0995730632049,5.41099824748008,0.988784652577253,7.38620574171162,0.334408895503379,1.78524413558569,1.68488365561157e-06,0.0114112312095376,21.092273320433,11.7997419764601,6.34533831010018,12.8375953754821,18823.3413534203
28.875213374959,79.1422207720299,5.36562562459103,0.986792806917242,7.31683013312574,0.331134968247626,1.76356719219357,2.12556629326728e-06,0.00847916357178045,21.3305483106748,11.5810925922201,6.35989279085729,12.7235044073795,18633.8948607564
28.9077961933516,82.093510140664,5.32049241253217,0.983615618103047,7.2483985776225,0.327907095910062,1.74409633946339,6.76244742275511e-05,0.00637250487791152,21.5432030533138,11.3708595601321,6.37390605686762,12.610920988976,18541.8289711036
28.9374559425258,84.9280367295566,5.28356931558738,0.981050766102024,7.19185346848886,0.32523000322214,1.73447949885394,0.000520180957818375,0.00553933703040589,21.7373888757918,11.1659678103501,6.38761217338658,12.522088544126,18624.7018227567
28.9637628104899,87.4721277638464,5.2577323566663,0.979998280764115,7.15130610280007,0.323300860670386,1.74287007266267,0.00165783287610451,0.00816631620210101,21.9188308902587,10.9657012031406,6.40109168219512,12.468617582602,18764.0090483844
28.9862887348474,89.3931534115094,5.23936914833296,0.979999960955197,7.1220549274821,0.32190722566111,1.77256117391083,0.00349100339205198,0.0185937597329188,22.0923940994442,10.7714105357631,6.41425483718817,12.4449959276558,18911.1513127296
29.0047616966125,90.279979860133,5.22814426550042,0.98117920713569,7.1037823131347,0.32102386921662,1.82318897901671,0.00631344036606517,0.0429114540406318,22.2621572377595,10.5849173647198,6.42687532034031,12.4505362361168,19154.8483370216
29.0190540297363,89.7478712726547,5.22914093574736,0.98475655683768,7.10346311391526,0.320954437775523,1.8937695973807,0.011240283159268,0.088604393062071,22.4302213182702,10.4070619811276,6.43854835359879,12.4959430537836,19595.199674052
29.0289873377485,87.5183507969443,5.24640404809511,0.991696361613753,7.12660989246689,0.321943986645359,1.98265347204951,0.020068861246067,0.163928031411708,22.594231113967,10.2382834361522,6.44854957181503,12.5891784059473,20096.7792172234
29.0343110775807,83.503501532534,5.27916512854887,1.00184889909967,7.17211190500955,0.323949261240452,2.08571303002054,0.0352337242467813,0.276286921128113,22.7463714781021,10.0791009226167,6.45585262471349,12.7260358166133,20602.1125879244
29.0348044416653,77.8280444674623,5.32549354224857,1.0147331682458,7.23715996286076,0.326859629819533,2.19789463673386,0.0597956917081968,0.430847393609732,22.875187347349,9.92952703233366,6.45935963553979,12.8990402220529,21172.4679790235
29.0302809375599,70.7711375500094,5.38638859897782,1.03048723349956,7.32280433794409,0.330742166047708,2.31522031363982,0.097107503269008,0.629902217495549,22.9677548181654,9.78939998194863,6.45810464770739,13.1076667934714,21874.0860065324
29.0206345827976,62.7267510987303,5.46239983002015,1.04920304279019,7.42939969592339,0.335627553889604,2.43344981174727,0.150051639946749,0.871613883489887,23.011271021564,9.65970488404461,6.45141146625993,13.350201109453,22596.2243552116
29.006033356633,54.1705904757871,5.55039812896233,1.07023345011697,7.55228655839875,0.341308207212485,2.54722716968733,0.220045267703186,1.14896804008332,22.9957077939454,9.54297743172506,6.43908888874556,13.6162068255733,23290.5358068294
28.987102577828,45.5842986569103,5.64541252333071,1.09258373901486,7.68435984164532,0.347453684998783,2.65152892762075,0.306595345531302,1.45076375939484,22.9167107767916,9.4424554465167,6.42152195708434,13.8914873984495,23931.4061118292
28.9650291048477,37.3921642901474,5.74234005895137,1.11527986681181,7.81844097576907,0.353722374749075,2.74256925861156,0.407432587990606,1.7633648096493,22.7770886090323,9.36116344836685,6.39962016228121,14.16242876668,24499.5678830791
28.9415183876257,29.9161823615508,5.83933793979634,1.13810657391204,7.95188655321185,0.359976164153902,2.81899023030229,0.519062393088634,2.07287636089843,22.5865428398574,9.30105011409167,6.37465380047614,14.4241631740931,25005.6916969385
28.9186000791466,23.358898328711,5.93275661234966,1.16047557751859,8.07972174946991,0.365973585943985,2.87954291245906,0.637287485660044,2.36700296253678,22.3597973662493,9.26248968978016,6.34804498773416,14.6680563226882,25450.6863829974
28.8984260002444,17.8327616966557,6.00922281764667,1.17962271489556,8.18391665057806,0.370884931667686,2.91966819737676,0.757206864016538,2.63502700926918,22.1150547028706,9.24424082439345,6.32130178284782,14.862252917372,25612.2073035661
28.8829050263358,13.370944943025,6.05033780242711,1.19155934274601,8.2397224245405,0.373580118891036,2.93329282137147,0.873478333298392,2.86831981224525,21.8719529322943,9.24330016419698,6.29592592258679,14.9629685044124,25314.0307426475
28.8731369382143,9.89182380259474,6.05049863632845,1.19492739837854,8.23974327598535,0.373721720713741,2.91982607400904,0.982593293062144,3.06367063613445,21.6457591463598,9.25525122748721,6.27295912732071,14.9576506384268,24881.4451179129
28.8693957050534,7.23984635247418,6.01944669899486,1.19168801203679,8.19730392494362,0.371916308235632,2.88471372919614,1.08349881309341,3.22296075129673,21.4446422631002,9.27554703162705,6.25283700587026,14.8709137690895,24420.9309610103
28.8714968170178,5.24681802626474,5.97484498081465,1.18559408340512,8.13638336581913,0.369255035961841,2.83637897730775,1.17669059343615,3.3506339768996,21.2710719401692,9.30040850976753,6.23556482945662,14.7464939379803,24194.4909639206
28.8792202971339,3.75852825303445,5.94172933459016,1.18215696088882,8.09086910394976,0.367277485332065,2.78592460731122,1.26398650306998,3.45218812960643,21.1235259493707,9.32718334544728,6.22085792762385,14.6459278366674,24419.8556370865
28.8925617420687,2.66054634110492,5.93593345512004,1.18503908685833,8.08214968318384,0.36695411281963,2.74102488443034,1.34640102492809,3.53199971759039,21.0001087409276,9.35397319196134,6.20845071629789,14.6086155103579,24775.035066232
28.9117505787032,1.86720256307909,5.96117647662727,1.19524236653772,8.11525003074737,0.368511902414699,2.70525272342819,1.42380832689829,3.59349413589216,20.8992187954603,9.37941473501883,6.19812126850187,14.6449796066684,25329.7134054656
28.9375265262163,1.30503234234161,6.02940219445963,1.21562107626447,8.20634147990298,0.372681119852249,2.68590460828766,1.49650794282344,3.64007377383803,20.8185651072883,9.40295159613146,6.18956182192524,14.7857455604679,26339.0845373735
28.9711764669167,0.915719264941051,6.15593446111836,1.24991246237719,8.37614656899491,0.380395800567826,2.69197707978163,1.56440548130823,3.67465417068792,20.7561161900946,9.42471389985432,6.18245388773047,15.0701460516086,27748.5818750239
29.0136532707815,0.655881544270909,6.33706504191242,1.29757055477462,8.61964723439183,0.391424106780583,2.72506539835192,1.62562948236247,3.69939707565287,20.7105318472493,9.44522309957962,6.17654435084264,15.4912100073568,29142.8969763032
29.0641491391719,0.490344896324544,6.54789762628608,1.35298888545546,8.9032035911534,0.40424280838856,2.77755012583087,1.67767764410244,3.71606489463775,20.6797006385246,9.46528775955299,6.17160823484968,15.9897622801723,30418.4576036251
29.1182726347782,0.390273293176411,6.74135829713685,1.40519730332734,9.16319211609989,0.415978247471678,2.83120926594452,1.71881887572348,3.72598826852928,20.6593888200821,9.48551587546306,6.16748044972824,16.4513399456893,30955.7600317136
29.1674337385109,0.332990091580824,6.84988183551851,1.43817506239468,9.30830580258085,0.422511059381423,2.85749741801961,1.74899254223182,3.73007777126655,20.6426707048831,9.50557401379501,6.16410070746457,16.7100295554117,30387.096506087
29.2023993495355,0.301287749709108,6.85184549780248,1.44624838447019,9.30939565557883,0.422535586558624,2.84557853598213,1.77127143081478,3.72904156166575,20.6208999043103,9.52431355248501,6.16144438597972,16.7113811176311,29613.0315464529
29.2161436838508,0.283942811578442,6.78468761469128,1.4377253545241,9.21708737697479,0.418347941950833,2.80910423601063,1.78997478747244,3.72343947121353,20.5853214231518,9.54019823269337,6.15948615513501,16.5456444665671,28842.2751802608
29.2042011693075,0.274565163471537,6.67717664894519,1.41918184140532,9.07024958664656,0.411707179718296,2.75856988957782,1.80778995333827,3.7139787908165,20.5281130978189,9.55147384218105,6.15819165258733,16.2822813446599,27896.4274699689
29.1654150971816,0.269591345120576,6.53737941861448,1.3923278111202,8.87983030069934,0.403107784205413,2.696255408984,1.82544933827221,3.7017432685381,20.443734533399,9.55670693331241,6.15748026386992,15.9403164886877,26659.2790516143
29.1017698324153,0.267003217140258,6.37246125570031,1.35855167152294,8.65562928230862,0.392991870789335,2.62441053941328,1.84273750624487,3.6879970179742,20.3295447763329,9.55535532605189,6.15721505110804,15.5367558578015,25397.9105963963
29.0168084773389,0.265669802895206,6.19600746403778,1.32082317554566,8.41610985130872,0.382192675680807,2.54827020588519,1.85926802666732,3.67388987091656,20.1850284518501,9.54779418262146,6.15723053497303,15.1045666589643,24198.6522772071
28.9142565734362,0.264968800329764,6.0222508549093,1.28241432312858,8.18055574196976,0.371580177040683,2.47354645916217,1.87468004822674,3.6603635016411,20.0107871778837,9.53501398117538,6.15735830554001,14.6784878035461,23194.6924270995
28.79687036478,0.264562780567484,5.8661835913286,1.24689027672888,7.96921920669956,0.362068282274046,2.40639706433419,1.88889236630509,3.64810908338926,19.8069584881584,9.51825461617905,6.15744025532616,14.2952282414448,22524.9036569151
28.6665582881478,0.264269331848428,5.7374195903389,1.21662759954756,7.79504021715497,0.354240076764711,2.35080066489791,1.90185523691461,3.63770662048821,19.5731756916776,9.49886095254711,6.15732404058665,13.9783684137384,22068.4341486516
28.5250924831051,0.26398481706643,5.63794209559903,1.19221168880862,7.66063621043237,0.348211880375536,2.30756035547039,1.9133354485704,3.62972904207877,19.3094987305093,9.4783363100084,6.15685595180892,13.7327827308276,21785.1282051142
28.3740875443771,0.263648352004059,5.56711218349016,1.17357623423469,7.56508867183732,0.343940547699835,2.27638079869371,1.92307221615492,3.62471037822531,19.0161985111788,9.4583105555712,6.15588137473565,13.5568970947613,21669.0260597672
28.2151343038376,0.263222779236752,5.5233495706732,1.16040518344802,7.50622051252815,0.341326470048012,2.25656933412246,1.93080302752827,3.62313923386211,18.6938293940435,9.44053207358762,6.15424548175774,13.4468192794233,21693.8916721416
28.0499483543377,0.262684650274102,5.50554082279603,1.15247067966861,7.48250185218385,0.340299760705398,2.24762735729406,1.93623967843294,3.62544779503627,18.3433775964097,9.42685141159352,6.15179617892607,13.399800541784,21844.2245777505
27.8803214415858,0.262019833404086,5.51232170827864,1.14947210183967,7.49208406686775,0.340776542977773,2.24894560987017,1.9390195345357,3.63199287631619,17.9660661316367,9.41915835881337,6.14838816811859,13.4124829143579,22113.95337773
27.7088266744561,0.26121819966848,5.53573760022532,1.14959716968713,7.52423909179036,0.342271589936972,2.25713729899855,1.93859394418294,3.64297962333957,17.5650240399926,9.41927344941376,6.14391140338329,13.4653923075154,22286.9934049545
27.539626458755,0.260271328617045,5.55739747475898,1.1486894048307,7.55416134158027,0.343663222707627,2.26442653851436,1.93432955704933,3.65823206383344,17.1479674233505,9.42852236482812,6.13836170932105,13.5135609911327,22095.9027657828
27.3764112335241,0.259178334062632,5.56100201908655,1.14310601323176,7.55988590527473,0.34395926647675,2.26390955579732,1.92617003564142,3.67714303590933,16.7233266397489,9.44727181874245,6.13184236530492,13.5171784480066,21760.4558757684
27.2208550950941,0.25794521179954,5.54372997458029,1.13228249748428,7.53764359475878,0.342991080428341,2.25436170588678,1.91484848740448,3.69891322809534,16.2963047955138,9.47507318432225,6.12449985002619,13.4694180623319,21358.9304224832
27.0732511962132,0.256579916896649,5.510965878459,1.11751419664941,7.49472490807869,0.341089769686907,2.2380373550785,1.90142092303315,3.72272965124613,15.8697656410681,9.51096534389665,6.11649349929722,13.3835186467413,20982.4755538482
26.9325393236878,0.255089897892066,5.47268678210551,1.10108636542911,7.44461468253231,0.338866203699256,2.21912993070937,1.88699463882821,3.74795738223725,15.4434822197036,9.55388749735855,6.10794426070104,13.2839100332792,20777.4746063753
26.7971450514615,0.253480219263541,5.43820214621948,1.08509406712027,7.39989034510523,0.336889539574798,2.2015622832969,1.87251821856681,3.77413722722296,15.0158208816472,9.60282942269274,6.09893886863359,13.1933599648342,20673.7149404483
26.6657963216154,0.251754467693723,5.41179774657293,1.070502898081,7.36633490681231,0.335420857210371,2.18716129735208,1.85867452581966,3.80087790036384,14.5859113333161,9.65671944887086,6.08956472065617,13.1223559026614,20631.1773238042
26.5376438669404,0.249916629141061,5.39336080340289,1.05731553633802,7.34378082068339,0.334451622986637,2.17591539477266,1.84590419296487,3.82782403444907,14.1539114330608,9.71443252883359,6.07991579860467,13.0706493759429,20574.684135524
26.4126072935287,0.247974194009776,5.37769553145835,1.04447558591148,7.32517125305218,0.333661225999015,2.1656959230348,1.83437129753854,3.85458434860255,13.7220495240412,9.77469910981574,6.07011516789481,13.0256182242753,20384.0842055532
26.2910595021092,0.245939450575838,5.358421079395,1.03071924342683,7.30183389018733,0.332656187775391,2.15387420087805,1.82403883940637,3.88078576692025,13.2935359662711,9.8362986928098,6.06029101022314,12.9717727976695,20104.4440210123
26.1733500928605,0.243827944628803,5.3321250575716,1.01543803191736,7.26911049419622,0.331225276057401,2.13904594949678,1.8148040737147,3.90615813107735,12.8709382817,9.89833279643197,6.0505394062208,12.9008618036995,19770.043046087
26.059851504237,0.241657494596738,5.29787997139699,0.998552620814383,7.22570593468838,0.329309783496118,2.1208374711744,1.80652243990223,3.93051047178995,12.4565184611043,9.96017112500622,6.04093179822995,12.8106845669391,19391.2550030641
25.9510638970222,0.239447391725097,5.25486163997557,0.9800016895416,7.17046186579002,0.326857138215851,2.09892463333121,1.79898178180374,3.95369186762785,12.0529575005144,10.0212913023304,6.03153327760182,12.69929010145,18924.9077696418
25.8476096005262,0.237217045748116,5.2010369339241,0.959465393960225,7.10057804780357,0.323740308040146,2.07249017869027,1.79188527937765,3.97557395866831,11.663728454826,10.0811533597763,6.02241443003468,12.5617825303072,18332.7803200098
25.7499888647004,0.23498314151609,5.13427990487616,0.936588155715021,7.01312996781524,0.319826726463434,2.04067970727544,1.78490163029702,3.99607961443553,11.2924487205492,10.1392347241205,6.01364128385225,12.3930301994207,17615.5234326652
25.6571347605229,0.232747504762435,5.06277588765151,0.912984814953883,6.91923557800949,0.315621284737793,2.00684251773584,1.7781004716452,4.015424548869,10.9373786192422,10.195868479168,6.00515385391583,12.2128785754387,17271.2073322013
25.5646883305847,0.230480765291896,5.01602210544095,0.89426742943066,6.85906952020626,0.312947315830734,1.98299431758679,1.77255458110851,4.03439196067069,10.5847654561291,10.2534121101369,5.99660517965566,12.092757767478,18008.0406164586
25.4677399433476,0.22814253067722,5.02337309342786,0.885857860239978,6.87267682211202,0.313620405978931,1.98107848386259,1.76957676917591,4.05382882322211,10.2199355143446,10.3146611806148,5.98759296470685,12.1036805372863,19297.634908686
25.3632285629858,0.225704399757368,5.09747624289198,0.889865109749459,6.97740360344136,0.318424230969146,2.00621993220682,1.76989833570988,4.07424526425976,9.83742344444303,10.3812624700076,5.97788237566426,12.276144426948,20861.9664367662
25.2486969083077,0.223143127924517,5.24005811897596,0.906250108244943,7.17576630857869,0.327469250387315,2.05905584032381,1.77397294377914,4.09602757471938,9.43652303454374,10.4544697415601,5.96730451505375,12.6141665683791,22589.8037541384
25.1222662692776,0.220443802253841,5.44219483530431,0.932972176836156,7.45579301656688,0.340209986783198,2.13583798489984,1.78221513304955,4.1193533084718,9.02031022003401,10.5353368000189,5.95575271692688,13.095981371982,24324.5205492124
24.9830363427992,0.217606065276604,5.69019792271746,0.967214342187152,7.79900645907493,0.355808675644487,2.23085675542126,1.79516610461076,4.14396761327422,8.59538851873131,10.6246937295089,5.94321271053625,13.6883583966136,26071.612999716
24.8314566395261,0.214650590419819,5.96968610961701,1.00624058626127,8.18593383721715,0.37338583230014,2.33815727060288,1.81353363860036,4.1689569103268,8.1720959296649,10.7229016412687,5.92980061617874,14.3565255776415,27840.0641493347
24.6677910703929,0.211606299099301,6.29321378805878,1.05229207774409,8.63389710186803,0.39373608060912,2.46272008886856,1.83883577256652,4.19278423946837,7.76214080096227,10.8303943174725,5.91567102194263,15.1309111716483,30398.4636286195
24.4909364276395,0.20850073591899,6.74019650716584,1.11941097618076,9.25179948200413,0.421814996593509,2.63662482362529,1.87344604303995,4.21298241777384,7.38323663046396,10.9476310313204,5.90102357066458,16.2035717900887,34365.6840592492
24.3048427487615,0.205437767964542,7.36916049979535,1.21811702537986,10.1199848980319,0.461281126202482,2.884267582932,1.91568025950582,4.22471388119947,7.08466178309221,11.0695181993049,5.88681473909648,17.716709644473,38557.2573080352
24.1207440180392,0.202665878154611,8.11098424290128,1.3379507061563,11.1434465381187,0.507822728727737,3.17978312419149,1.95760998030755,4.22023323546138,6.954554467471,11.1825069648508,5.8751466047209,19.5055191930228,42568.8596093127
23.9532842021119,0.200647759957142,8.79860364231713,1.45550355476583,12.091700628454,0.550941533067642,3.45827424731429,1.99220845102102,4.19001794219078,7.09706669942546,11.2676599321445,5.86897269850018,21.1708082050183,45209.7381171787
23.8158312677576,0.200137419218357,9.24332822713788,1.54784846244887,12.7035025318782,0.5786971799643,3.64464100058807,2.02097608773177,4.12730070114767,7.58067982414971,11.3071005274159,5.87100402654879,22.2623538715475,45861.7906597909
23.7142422010154,0.20199048905542,9.4070825366294,1.61585156736302,12.9247651750926,0.588566855601151,3.72232910650542,2.05358847049483,4.03189551469105,8.40545287140541,11.2905693466636,5.88241032710291,22.6912475483534,45909.9731950098
23.6490577749514,0.206858028716554,9.4103752945797,1.6825663603453,12.9202996449522,0.58800921409433,3.73878824594098,2.0984303470179,3.9092666577574,9.52548648214086,11.2135743129161,5.90291879034686,22.7490408455532,45610.79064935
23.6189645852001,0.214849560698092,9.31262742236654,1.75250860074846,12.7727535686518,0.580801220858059,3.71692052936733,2.15514552828737,3.76953418229359,10.8613378852154,11.0765126453314,5.93106873374847,22.5753961498074,44746.2843783416
23.6192420127112,0.225348964847097,9.12328600543685,1.81484113694324,12.4974633675549,0.567708828936081,3.65901271904107,2.21753591832842,3.62487973525199,12.3106105113261,10.8871129376745,5.96445388020566,22.1851741999932,43212.7340592558
23.6407296529646,0.237305589577369,8.85878780901179,1.85982399468588,12.1193747401096,0.549943668775981,3.57012707941521,2.27898615494918,3.48568737364167,13.7740389885406,10.6594014704747,6.00040698577208,21.6100368447791,41383.7187243015
23.6719075873399,0.249701358386963,8.55011798643249,1.8853986820968,11.6824395469418,0.529554304541708,3.4617780824636,2.33501372896466,3.35869672547764,15.1756046633884,10.4094494832552,6.03663655099151,20.9200885036121,39406.0178609336
23.7019847688882,0.261763270877962,8.21924233408246,1.89210730901163,11.2174429423862,0.507967231445282,3.34232160600752,2.382926388708,3.24774177078892,16.4627763981152,10.1526103682076,6.07135564732455,20.166283707646,37285.5184886615
23.7233257085291,0.272972575356955,7.87444778301785,1.8800604490941,10.7360255501019,0.48572788669282,3.21481548583772,2.42117178180017,3.15461666488818,17.6032940574511,9.90205925546225,6.10326654019616,19.3677492761148,34970.7377659848
23.7325518135847,0.283048318913505,7.52446765120659,1.85134912521331,10.2501084577754,0.463382298746323,3.08276571601289,2.4492792152604,3.07933380801293,18.5857293220699,9.66717506120688,6.13163407236446,18.5459538108489,32694.5866329327
23.7298647191296,0.291921536719809,7.18607434534478,1.81179161640565,9.78224308178698,0.441942362544322,2.95332119789251,2.46779270449081,3.02053569934258,19.4169747402371,9.45275391157957,6.15627739610387,17.7433853199003,30644.4120419837
23.7174203083395,0.299633982231191,6.87133529631666,1.76677477357662,9.34845003340162,0.42211753654974,2.83184684544746,2.47757749085852,2.97646820203831,20.1114217959983,9.26076843113503,6.17729399878684,16.9914444431155,28762.7978240111
23.6980502785404,0.306256996734455,6.58197571659991,1.71880496289126,8.95074181600758,0.403985773153683,2.71937955939184,2.47940396608659,2.94546945972076,20.6839993128922,9.0920035858087,6.19486167602907,16.2958118160466,26982.0016100723
23.6744062612658,0.311884514898066,6.3181777912583,1.66971780947253,8.58908437638847,0.387533872527629,2.616269900135,2.47408003563467,2.92590901029147,21.150198186751,8.94609509406423,6.20924185512974,15.6581676042874,25401.2443534017
23.6484869874353,0.316627291934326,6.08186918808119,1.6216870701912,8.26582584281137,0.372856002829235,2.52359577681178,2.46245765634564,2.91625786733147,21.5252648571744,8.8217874128647,6.22075086815316,15.0844368601291,24029.2818943978
23.6215502259651,0.320601705738938,5.87609094079804,1.57703322456002,7.984840243737,0.36011538565874,2.44290297181924,2.44534283514624,2.91521456954436,21.8229282319376,8.71741629610752,6.22970735809571,14.5832091963484,22955.3608641842
23.5941805335302,0.323929055819899,5.70603144453661,1.53854020996403,7.75292107825033,0.349606643753417,2.37666456967266,2.42345959342589,2.9218008275975,22.0550439562732,8.63116158371533,6.23640418238034,14.1683407901262,22249.8834232852
23.5666220676933,0.326705435011608,5.5725382667872,1.50748011003634,7.57102674680952,0.341363581863125,2.32549977450401,2.39728403989663,2.93539505152437,22.2298530378897,8.56186174742135,6.24103887966418,13.8426871634931,21729.3317247199
23.5390417144175,0.328992310265799,5.47042412547354,1.48303078139713,7.43201887880858,0.335059038641719,2.28738693663071,2.36708827877895,2.95554387250627,22.3524746507798,8.50910680885515,6.24372601629677,13.5937933162855,21322.9272778776
23.5114920984096,0.330841166891169,5.39548071951067,1.46443672355083,7.33012774991395,0.330429119819326,2.26066322538336,2.33311715303392,2.98187968924314,22.4268219227025,8.4726663338693,6.24455586740777,13.4114955469254,21094.079260352
23.4839045450947,0.332303368287455,5.34839784664544,1.45229813388372,7.26621715354051,0.327507921601126,2.24576290666722,2.29557370204105,3.01419240631625,22.4557893954689,8.45244725792707,6.24359392178734,13.2978313733818,21108.736432449
23.4562895933841,0.333417444230839,5.32872767255702,1.44678767307136,7.23963034389393,0.326261793874122,2.24262569791378,2.25452677365932,3.05232184644943,22.4408310100013,8.44872124297376,6.24087115109603,13.2519350385164,21237.7292337326
23.4288928743835,0.334205335175916,5.33148068094607,1.44660249473552,7.24360862354977,0.326384971920011,2.24917554109932,2.21001116515297,3.09594268629811,22.3826286522634,8.46190676945131,6.23641857768294,13.2614688241558,21426.6187984151
23.402242516481,0.334678018841464,5.34816350637123,1.4493090979806,7.26668871226725,0.327362584984353,2.26174008235126,2.16224633923914,3.14440820278226,22.2821233907486,8.49212926761188,6.23031336098878,13.3052291367737,21545.5050062589
23.3771714599032,0.334838751643561,5.36660656065595,1.45135164797903,7.29245576248229,0.328459783257832,2.27495818898805,2.11183990729293,3.1965680148419,22.1416783864573,8.53870737467254,6.22272937125286,13.3527354408089,21476.1586696671
23.3545386484501,0.334698711641318,5.37785136339266,1.45014824882027,7.30882831312501,0.329137119976031,2.2848039667416,2.05977382026836,3.25108207400841,21.9648385879802,8.60014909147466,6.21390987640183,13.3815324126912,21374.8382122334
23.3350157413197,0.334280134894005,5.38085351496228,1.44551261989599,7.31439488989239,0.329332857383224,2.29072047946148,2.00725406343801,3.3067643505089,21.7550654569721,8.67464551389165,6.20410157340125,13.389034028365,21290.2473193298
23.3190311884685,0.333611003889333,5.38197701025135,1.43946904470071,7.3177368082182,0.329431718689357,2.29545993674669,1.95552219038687,3.36270458330969,21.5148400299909,8.7604846701039,6.19351342542873,13.3912704465075,21373.3428413636
23.3067554104416,0.33272247829814,5.39355201121328,1.43576901922718,7.33549765205274,0.330178091903047,2.30448357986523,1.90565859058359,3.41843542438084,21.2443800006114,8.8565804070796,6.18226629007995,13.4192639570879,21763.5849643688
23.2982752709357,0.331640406718012,5.42480909785014,1.43723948271942,7.38013407608742,0.332128015255553,2.3219741755475,1.85861245426243,3.47343087887718,20.943730882254,8.96175848884655,6.17048340127908,13.4963049189407,22222.1177279385
23.2935951590122,0.330388059252669,5.47472381392742,1.44372037565471,7.45023868560747,0.335217400832959,2.3476184757482,1.8150438144503,3.52682603364921,20.6152407998482,9.07399482816196,6.15836667473339,13.6199894885798,22657.2811657627
23.2925860871433,0.328994416737966,5.54145618037305,1.45476392909053,7.54331829142487,0.339334732415073,2.38071914505072,1.77522259287077,3.57801964224681,20.2606009880206,9.19164786429129,6.14606939092221,13.7858337774242,23352.2705175238
23.2952287123991,0.327492072584664,5.63753498855911,1.47398426038579,7.67635170296082,0.345239585878601,2.42698702476183,1.73945112188161,3.62688279664977,19.8779673306505,9.31451117453587,6.13361641854857,14.0253714762743,24586.4187302818
23.3018630067589,0.3259157703184,5.77768991843777,1.50568217927009,7.86929130317913,0.353822459741207,2.49327825695142,1.70824451647607,3.67283345645219,19.4681481050087,9.44188802502822,6.12111832131289,14.3757892142599,25933.9498807712
23.3132085119455,0.324310765992606,5.95829340697735,1.54903012128576,8.11720228102011,0.364859314755702,2.57838252886042,1.68178296607016,3.71452432525407,19.0399129854938,9.57134340419813,6.10888991603366,14.8283655815259,27245.5872171336
23.3304144024974,0.322734443073255,6.16013301577733,1.59881724654226,8.39402343805388,0.377181683767458,2.67404537985051,1.65984145185012,3.75036818062063,18.6074996178069,9.69990495205948,6.09733566478942,15.3352686185393,28536.7121113899
23.3549706942754,0.321248819005191,6.36658659013912,1.65061402044326,8.67721068409537,0.389778688813043,2.77299931769411,1.64258456834031,3.77863594618288,18.1892785041781,9.82446757158507,6.08691852822344,15.855102018996,29826.9499072762
23.388204273595,0.319914844221304,6.57189780161179,1.70316739264809,8.9589699843386,0.402297711105879,2.87272049118415,1.63101061960588,3.79748493387058,17.8069018875932,9.94153974533909,6.0781605687968,16.3737458237572,31065.1913518191
23.4304100713403,0.318790160586814,6.77153052186783,1.75564891390926,9.23318303814255,0.414459832956732,2.97110604990037,1.62647637702768,3.80522904845356,17.4825193404773,10.0470844289486,6.07159520292685,16.8801443171653,32222.3845901399
23.4797775924611,0.317921468334981,6.94394715686881,1.80243652949435,9.47062552310791,0.424954580645261,3.0582037498393,1.62980119439963,3.80078714055377,17.2356807384797,10.1361756680067,6.06769775780769,17.3204141509522,32860.4847188677
23.5321818207348,0.317324940312791,7.0472066251052,1.83189615587946,9.61426351042633,0.431235439113583,3.11454128633791,1.64069966519998,3.7843953567652,17.0772167778368,10.2038188128208,6.06671919012792,17.5889501348915,32689.7604504001
23.5834842897887,0.316980940247557,7.0679328443466,1.83991871349322,9.64578134919202,0.43249458784209,3.13340859664617,1.65864222097589,3.75760255288704,17.0029940619706,10.2473376171098,6.06856039022934,17.6513644378055,32286.6604734808
23.631758488011,0.31685725728924,7.03151827574379,1.83317257336583,9.59950944730052,0.430276244641549,3.12593219384735,1.68312088359191,3.72249344018128,16.9985341146514,10.2664071925069,6.0729014050604,17.5707381933037,31795.9135454857
23.677326529895,0.316912783704563,6.95008491995261,1.81463006659991,9.49174176897859,0.425315846972925,3.09742290503591,1.71245139557746,3.68170068444954,17.0452705481259,10.2620848286534,6.07926652020483,17.3769398754733,30872.5139763179
23.7220830987004,0.317084143616935,6.81358962172543,1.78083844015976,9.30868662299921,0.417005244345854,3.04305081327192,1.743537097445,3.63849104924927,17.1228293275577,10.2373040001152,6.08699849780759,17.0439622763807,29313.2434469141
23.7688054438835,0.31729870574628,6.6254454123998,1.7319806222109,9.05496546442952,0.405558188841517,2.9640772018614,1.77355953895665,3.59575291747152,17.2131172924745,10.1966210163747,6.09542860070875,16.5796213264612,27668.8374220875
23.8202528425047,0.317497797413117,6.40985344090831,1.67437091972872,8.76354850552433,0.392449362240561,2.87144777781491,1.80099422242422,3.55532378289451,17.303752027145,10.1446827034086,6.10405194586727,16.0444399751581,26096.1763906932
23.8782741661601,0.317636191127841,6.18650201193538,1.61337773983975,8.46128970646014,0.378876397667282,2.77422353056593,1.82489591195437,3.51843326415607,17.3871833342869,10.0856945413346,6.11248324922494,15.487949243523,24566.7268143667
23.9435591981596,0.317678652289469,5.96506503183723,1.55169798159243,8.16143941473512,0.365428523675892,2.67694136532656,1.8445754148885,3.48593951269935,17.4592337824631,10.0233936223106,6.12041926163131,14.9346322120923,23053.4430889351
24.0159047358547,0.317600552732019,5.75147210644246,1.49103522953633,7.87217020967219,0.352468281408645,2.58243250240435,1.85969184822682,3.45830504792034,17.5182250621132,9.96084630274286,6.12764975475627,14.39961075676,21646.5541118291
24.0946360364416,0.317388031220618,5.55104628312565,1.43297843712773,7.60082100443424,0.340320823741368,2.49326163830422,1.8702476278207,3.43564300051753,17.5641302730265,9.90033414579308,6.13405466630473,13.8965201811414,20374.6228180254
24.17918356683,0.317038878568381,5.37059070509546,1.37956766149955,7.35672328325654,0.329399837579053,2.41268952111659,1.87657724215164,3.41779661356529,17.5978546823443,9.84329772935115,6.13959455985354,13.4427387809355,19405.9948710368
24.2698499788356,0.316563995252636,5.22042290353975,1.33385041074813,7.15396496254413,0.320330249968119,2.34563669076078,1.87935836922075,3.40445303043116,17.6206165193208,9.79032552902609,6.14429514726199,13.0645125822128,18894.9483292351
24.3671349778578,0.315975384536451,5.10537822054282,1.29735052773231,6.99913622352595,0.313401875349721,2.29452683726651,1.87903126797469,3.39550119596403,17.6331044778248,9.74203795116145,6.14815097202337,12.7742701584997,18582.5095566769
24.4708380327074,0.315279288258588,5.02170949123694,1.26915588447657,6.88712727894034,0.308383454140415,2.2577822911285,1.87557384967434,3.3910765804536,17.6354021832138,9.69959241788681,6.15109252334852,12.5627526702645,18363.4276914524
24.5801932155661,0.31447972522928,4.96220580980527,1.24733974289671,6.80811259058902,0.304834726017891,2.23215361391194,1.8687925813925,3.39135394929033,17.6273226537736,9.6643954027785,6.15302978106286,12.4118976919333,18142.2711790681
24.6937768315488,0.313578998448868,4.91804670435015,1.22949834946497,6.75007439175646,0.30221901570875,2.21357332832505,1.85842285419108,3.39641044492431,17.6086194550001,9.63790565440105,6.15388022060221,12.2995229396646,17834.0630732377
24.8101398493631,0.312581399977426,4.8817581253264,1.21357678035953,6.70283179128407,0.300082645674663,2.19853623169895,1.84432516501565,3.40614506899297,17.5790666181578,9.62127347201916,6.1535985667864,12.2067866629305,17549.587832751
24.9283816274887,0.311493991838252,4.84999121576377,1.19864969023796,6.66182525926462,0.298222765020336,2.18543411809036,1.82661076342033,3.42034145378292,17.53829095904,9.61528096987072,6.15217187940042,12.1252228111892,17329.5070877512
25.0472101398373,0.310321442524129,4.81931584954722,1.18379312953019,6.6223721414433,0.296431080191657,2.17262374261885,1.80550188189165,3.43862207653309,17.4860388492102,9.62044597231649,6.14961860249603,12.0461684998914,16974.7817788603
25.1640220576165,0.309064254551042,4.78045980922388,1.16652141733649,6.57180913328072,0.294144889274078,2.15570719667055,1.7812828896606,3.46022488325349,17.4230092837136,9.63658661852994,6.14603990343238,11.9462376208373,16270.1165969234
25.2765632481502,0.307725022641333,4.72697040365601,1.14511765153887,6.50132541955043,0.290974114452734,2.13157275224639,1.7544808898338,3.48418617690259,17.3505849990309,9.66260007963655,6.14161070406311,11.8091374947813,15493.7684110936
25.3841792515659,0.306310228003884,4.66111533392628,1.12022832836423,6.41401605852593,0.287058215600481,2.10121766852254,1.72578179431666,3.5097415878059,17.2698325296829,9.69710209113994,6.13649608512792,11.6405695512751,14760.5712357971
25.4870060841499,0.304826841252578,4.58860430091187,1.09343144752942,6.31767392959499,0.282744688089592,2.06730135633966,1.69581330947367,3.53636277439715,17.1814172977692,9.73884400468272,6.13082389086307,11.4549373000323,14135.3633754938
25.5856947520108,0.303281590147602,4.51609987148452,1.06654814487826,6.22139473397247,0.278437960821872,2.0329707709651,1.66507655010851,3.56377554293693,17.0854316826418,9.78695496877532,6.1246689163409,11.2690600850321,13674.4013735275
25.6808084207657,0.301680019196345,4.44813605238571,1.04082086571634,6.13136626782026,0.274412409783817,2.00039961657745,1.63393941583769,3.59182831598213,16.9817334826694,9.84081679333473,6.11807592241897,11.0944027898532,13288.2819912392
25.7724218053095,0.30002631064294,4.38592310282761,1.01660146960136,6.04923385597513,0.270740263998843,1.97020676884099,1.60267509512889,3.62035126030014,16.8704437557735,9.89977709537006,6.11109361199087,10.9340573626294,12931.5490724168
25.8606386115058,0.298323895715984,4.33008789949765,0.994068178711923,5.97585005368692,0.267458563803957,1.94273031660139,1.5714965784274,3.64926176848464,16.751505934573,9.96336762415181,6.10374955536122,10.7896327539668,12661.7630513625
25.9460327781088,0.296575252800561,4.28276288306634,0.973767488543605,5.91413489297795,0.264696085274473,1.91900898720723,1.54056792494611,3.67869553497738,16.623972187758,10.0316922401576,6.09601079000083,10.6665110697273,12565.1630584896
26.0290973484623,0.294781290934699,4.24556114405654,0.956102340741288,5.8663004286322,0.262549881718826,1.89983829197122,1.51002576917698,3.70884704935898,16.486535733279,10.105121592703,6.08782024679303,10.5687641386324,12547.5792273301
26.1097729955994,0.292941654223212,4.21792648372321,0.940916942283875,5.83158864176152,0.260985138911953,1.88499141447881,1.48000367336289,3.73978797413767,16.3383910121862,10.1838101152685,6.0791481188197,10.4950067113051,12556.280516732
26.1875897896698,0.291055447528642,4.19765174170383,0.927636932271604,5.80697924408265,0.259866954747936,1.87345721924957,1.45063828978172,3.7714609485686,16.1793960506223,10.267615283261,6.06999898288925,10.4397002060045,12519.4202456904
26.2616727715407,0.289122188027408,4.18064846691958,0.915223682325782,5.78686898385997,0.258946431295895,1.86333094516384,1.42206333108643,3.80361842252907,16.0105519231664,10.3558626134598,6.06043597058886,10.3925783586418,12358.1351822428
26.3313166565788,0.287142060884213,4.16340399653933,0.902790065846163,5.76644215474037,0.258010370370937,1.85296294591895,1.39439660828177,3.83599731325999,15.833168067202,10.447802124367,6.05053250599308,10.3448159802296,12164.4090976843
26.3963525089436,0.285115062010458,4.14495359911224,0.890085180248466,5.74437943499093,0.257001059150548,1.84188836422333,1.36774371115636,3.86849064664408,15.6477928444759,10.5431483960405,6.04031619327683,10.2939805050123,11989.572044548
26.4569138709167,0.283040595301778,4.12611662040908,0.877297401031763,5.72181166131578,0.255969457273493,1.83047614631602,1.34220847943177,3.90109939391316,15.4543085870357,10.6419907781266,6.02977839749181,10.2421149550906,11875.1319512176
26.5133314003044,0.280916943332104,4.10902484366202,0.864929232339323,5.70167538189785,0.25504633986026,1.81971039454958,1.3179048037654,3.93392950809839,15.2518034291694,10.7448254979642,6.01887066706789,10.1945518855443,11861.5801331624
26.5658619779744,0.278741818341656,4.09561097369406,0.853430263484249,5.68663432616769,0.254350015047652,1.81048740346338,1.29495713235346,3.96707817516383,15.0392057895154,10.8522072305489,6.00754053833485,10.1561248478465,11898.9766148293
26.6145415916231,0.276513582262175,4.08651593047238,0.842939459757272,5.67757352271578,0.253919688648001,1.80310584067306,1.27348351307668,4.00053133566392,14.8160048174775,10.9643751354819,5.99576941119685,10.1284314699988,11955.0526130448
26.6592793529105,0.274231704474406,4.08123278899151,0.833325786351291,5.67379495117155,0.253724301841729,1.79733220640902,1.25358134261309,4.03417592645415,14.5822931204506,11.0812346821437,5.98357338920804,10.110195601706,11991.6397529155
26.6999104469091,0.271897543436106,4.07803941449422,0.82418160514189,5.67292158132451,0.253658432547234,1.79237022561375,1.23530503708307,4.06778821475089,14.3390029563878,11.2022476937134,5.97101344336713,10.0971032519135,11967.8046321418
26.7363772313542,0.269513499254778,4.07513007775742,0.815088078405797,5.67245848233484,0.253611616713181,1.787383058293,1.21867557819338,4.10113388868743,14.0872940824295,11.3267512666824,5.95816201357064,10.0846341384764,11918.4217801101
26.7688218757065,0.267081546620643,4.07162303876217,0.805843975433611,5.67118604250127,0.253530057457379,1.78195856196692,1.20371060714614,4.13405602267826,13.8278687700387,11.4543037624727,5.945067833005,10.0705802956076,11863.9254277651
26.7978067914704,0.264596532556701,4.07052917812524,0.797108802683838,5.67327404758978,0.253598839267361,1.77746355816595,1.19057627241383,4.16676934530288,13.5582566321931,11.58600926109,5.93162405700463,10.0624421231413,12072.2664854389
26.8244887279321,0.262032613663561,4.08323432575761,0.791338715718563,5.69450688038465,0.254517381647789,1.7790735712998,1.17992861214209,4.20028630570251,13.2680568144909,11.7267690802846,5.91734846448998,10.0885725549943,12925.0305237598
26.8497099756376,0.259356066274686,4.12210888827904,0.791126934390489,5.7520667619474,0.257046120209732,1.79238743107366,1.17271589271184,4.23553493169063,12.945399817618,11.8819966453948,5.90171906990749,10.1797352816399,14055.4078179106
26.8736750112868,0.256546836351006,4.19232391872021,0.797450173597671,5.85318486516349,0.261503911686477,1.81970546946065,1.16969677231831,4.27253262052265,12.584856135414,12.0537708417535,5.88455594590916,10.3487301552913,15226.0031652274
26.8967609191089,0.253591707795641,4.29518467872428,0.810419533942842,5.99974632570455,0.267972883339143,1.86154898128481,1.1716105072781,4.31090853858374,12.1833238480145,12.2429070755292,5.86581422466648,10.5987061269145,16487.307238521
26.9199406835197,0.250474224190132,4.43330253795104,0.830370907470208,6.19546754220198,0.276617172268385,1.91899089396646,1.1795174303321,4.35025902495172,11.735963850784,12.4509456112128,5.84539675748106,10.9360167757154,17968.1372787371
26.9446362916411,0.247183643559306,4.60818021594102,0.857365418952795,6.44254250881202,0.287534359792603,1.99257210830497,1.19467229932611,4.3897652398817,11.2393661620407,12.6787298999425,5.82330775818829,11.3642258480108,19516.6299451243
26.9724252358945,0.243728719949137,4.81588819902923,0.890350614592298,6.73561714139766,0.300488309355028,2.08039462029352,1.21817047308406,4.42785345441052,10.6956974565014,12.924684292471,5.7998299802907,11.8734161418272,21051.2301385069
27.0048983412658,0.240124154320903,5.0552899211374,0.928869069052753,7.07322397624367,0.315416153839687,2.18184439373412,1.2513803100313,4.46251227060524,10.1081759839219,13.1871046103453,5.77531579103893,12.4606432420447,22881.234408621
27.0433642926253,0.236376082226193,5.34079565559484,0.975567214638809,7.47556370537984,0.333216342991463,2.30332213631279,1.29663232884819,4.49118936154705,9.47791918518819,13.4657695598223,5.75006880818571,13.1615678869943,25332.8574347764
27.0874528276005,0.232524920170943,5.68633081672987,1.03304216345656,7.96214817327221,0.354755650681216,2.45126651952495,1.35582802495784,4.50976092934908,8.81943955756821,13.75578854853,5.72494322359541,14.010822924905,27895.6761388855
27.1338150694374,0.228678775733065,6.08524911114503,1.1000829794446,8.52369186025148,0.379622553730541,2.62343025167499,1.42854289449699,4.51269953638156,8.17293325839355,14.0440496538305,5.70162243235294,14.9924210627133,30347.1718323478
27.1764702218757,0.225008023958423,6.51737979952487,1.17333188757867,9.13181407151325,0.406557270116346,2.81203113385134,1.51043498032951,4.49467423225628,7.6037527509718,14.3116371031949,5.68227015471832,16.0573148038595,32233.4580974018
27.2087254186106,0.221738054220115,6.90374492414036,1.2389018311992,9.67571369633542,0.430640231517038,2.98309398880761,1.59179113377531,4.45293070180815,7.19281952443038,14.5378023741758,5.6689485062511,17.0111084013398,33237.8982786592
27.2258591819726,0.219090834975745,7.16036798814027,1.28245552766335,10.0374372516161,0.446634694029287,3.09945308458485,1.66407376684228,4.3881363180398,7.00990239322637,14.7077839300467,5.66286808206381,17.6466700423176,33888.9133725599
27.2252775017182,0.217246144088308,7.30803777452317,1.30971557390689,10.2454012775492,0.45579647136266,3.16997638211422,1.72604237824808,4.30310921058208,7.10075381013616,14.8138404320716,5.66439940934546,18.0159645359991,34324.9045463772
27.2055476352481,0.216344767580376,7.37171918294126,1.32670440047847,10.334061880597,0.459646558652207,3.20523284389268,1.77969142615194,4.20330834774312,7.47992164090351,14.8522718373759,5.67320298675387,18.1810199476779,33964.9983606376
27.1671993165145,0.216417803430375,7.32640157055393,1.32823650263234,10.2686199964604,0.456640906577079,3.19293517562223,1.82604517744787,4.09714762196606,8.11259357393952,14.8261239029,5.68796515582819,18.0790428487631,32489.8755964875
27.1130516104773,0.217347004547725,7.17342633380769,1.31256896966982,10.0516214611332,0.446902427239931,3.13232448436893,1.86584626488799,3.99227447141018,8.92810590268593,14.7461878469967,5.70680847813436,17.7116853571629,30784.0115860654
27.0469401258529,0.218950329718475,6.95590199141344,1.28603418560052,9.74393120098027,0.433140221566689,3.04189567230889,1.90025237606428,3.89313872380709,9.85641616251907,14.6254014564955,5.72808179292008,17.184459197978,29083.3566565702
26.973287752885,0.221040841741304,6.70981844614827,1.25414982078719,9.39626415279583,0.417609359572319,2.93750797461004,1.92990507431797,3.80239684762602,10.8370120380095,14.4760115991072,5.75043784703865,16.5857810059171,27369.357789892
26.8966766949554,0.223439388600382,6.45416739000903,1.21946117508212,9.03546707197462,0.401505286429496,2.82764046246257,1.95494151192246,3.72164518125703,11.8202144273891,14.3091471155741,5.77278291339215,15.9621804887628,25631.2039705014
26.8210633530066,0.225986188647735,6.20074108713038,1.18343421993888,8.6782246634349,0.385572004845331,2.71764575669015,1.97539383198929,3.65147866052319,12.7705753953339,14.1340873916638,5.79432221342919,15.3425306527315,23988.9848374265
26.7492931686173,0.228553255501716,5.95903951451398,1.14752226393905,8.33789677591781,0.370403930520556,2.61192155336262,1.9913777513815,3.59169628071979,13.6671565522512,13.9577792898042,5.81456145032009,14.7502692420905,22485.2144758694
26.6829869534178,0.23105499998911,5.73825303964094,1.11355905568869,8.02729599588795,0.356568413050927,2.51477433224899,2.00318326591595,3.54155585402066,14.5018188902599,13.7846698943252,5.83327547193305,14.20831418578,21274.9769379696
26.6226173211261,0.233457937476473,5.54926612825727,1.08413914180854,7.7614869564402,0.344729265152607,2.43132354259519,2.01136942813026,3.49997225656619,15.2777601912506,13.6165683395026,5.85048222925287,13.7440299989812,20485.5422214091
26.5683799587592,0.235749461407201,5.39650328066951,1.06065546963142,7.54649942008283,0.335148585388463,2.36378413372161,2.01629028931957,3.4661637090035,15.9993473979173,13.4546234781963,5.86621240653435,13.3687822364554,19893.5048733605
26.5206432453076,0.23791145600572,5.27598633520288,1.04260375651737,7.3767112950199,0.327573577255023,2.31051405569633,2.01790510021456,3.4397996946591,16.6667005180933,13.3006734149205,5.88039277546814,13.0729253900926,19415.4209803552
26.4797988075256,0.239919410329444,5.17963308791561,1.02843816157598,7.24085069402673,0.321503124084488,2.26793925713353,2.01598606366006,3.42072317405274,17.277362768348,13.1570239260103,5.89289680067856,12.836476773693,18913.3622522373
26.4462238502734,0.241736227651228,5.09586197533746,1.01568252024353,7.12284417835463,0.316226026342552,2.23082065086207,2.01019729897293,3.40877686824634,17.8262864680606,13.0264718502896,5.90356397645247,12.6306131379189,18260.5949857402
26.4199435324764,0.243335387990361,5.0168986339283,1.00264098907927,7.01193175398396,0.311267320241974,2.19559710607342,2.00044932662373,3.40353084062049,18.3113073260061,12.9109208210634,5.9123299906142,12.4359634443367,17635.5616022787
26.4006785667318,0.244715180556407,4.94205773240334,0.989260953213951,6.90717118890555,0.306585347322208,2.16194030390272,1.98698702406448,3.40435702301458,18.7349886198432,12.8108338937906,5.91925400232241,12.2508898696277,17101.6460862373
26.3881940451546,0.245888927928673,4.87413204163915,0.9763353055967,6.8124171580296,0.302349305879015,2.13113493689274,1.9701852044104,3.41064942328853,19.1015309283991,12.7259692775138,5.92443847853843,12.0824810079312,16724.3826499519
26.3824929690218,0.246882255718657,4.81804013114654,0.965179069179388,6.73445041444611,0.298856448497295,2.10546377567849,1.95045825304433,3.42194720145726,19.4156199958363,12.6557337070068,5.92798937331987,11.9431643513843,16564.8939715973
26.3839738097047,0.247719281528204,4.7769348035399,0.956709705363919,6.67759269627344,0.29629489460251,2.08642446555042,1.92813808416845,3.43794612385695,19.6799933394953,12.5998272778946,5.92996973511577,11.8409578711076,16507.7797808997
26.3933636099894,0.248414404672879,4.75014674794752,0.950934030053558,6.64086966303545,0.29461953051131,2.0737667269053,1.90347214092971,3.4583727053995,19.8949645705039,12.5583557438311,5.93040742326965,11.7742950141743,16494.4913304544
26.4116040766075,0.248980587733409,4.73595135707886,0.947576234852114,6.62184969699654,0.293721581188064,2.06674346808287,1.87671704578402,3.48296269967072,20.0603821494051,12.5314037916116,5.92932836035595,11.7389361901833,16559.4415284395
26.4398900808417,0.249433743424804,4.73379980039457,0.946602331973852,6.61973680720916,0.29356464382942,2.06513001670762,1.8481779959904,3.51152451907161,20.1761934157256,12.5189849837485,5.92675309672277,11.7335587044255,16753.3758160782
26.4796047117118,0.249786189593083,4.74320962697268,0.947979049401297,6.63383066818741,0.294116632426206,2.06872228226279,1.81819763701965,3.54385909515859,20.241733155429,12.5212022683716,5.9226953231723,11.7569927022998,16993.4776610945
26.5320599747796,0.250043246983244,4.76198975039966,0.951257000185859,6.6610679950989,0.295241911327119,2.07651784313681,1.78717121810988,3.57962586277829,20.2560999715031,12.5380930861526,5.9171887608341,11.8037715739652,17239.6496562625
26.5989559066967,0.250219321526169,4.79261269589011,0.957027212319947,6.70487014322088,0.297090210681755,2.08962003310784,1.75558332441245,3.61866333316092,20.2185999291096,12.5697263003508,5.91024204927624,11.8800751078922,17774.5034867789
26.6837080004417,0.250349100676228,4.84937419800357,0.968583349690891,6.78508186491665,0.300531857410978,2.11452494176184,1.72403967530375,3.6614559746799,20.125967255371,12.6171644894152,5.90171406281484,12.0216727525985,18933.0271265683
26.7905480812734,0.250455867607489,4.94611780439574,0.989135622907745,6.92091909896993,0.306407213498031,2.1575559741047,1.69335515436257,3.70834916468077,19.971607082294,12.6821325725907,5.89142885296059,12.2632343399692,20291.5621944001
26.9222323577021,0.250533392089468,5.08399868498535,1.01894657705103,7.11398248094134,0.314782755207911,2.21926774785174,1.66462022468537,3.75868434412087,19.7503989463639,12.7652892242901,5.87940134178892,12.607658761581,21652.927285392
27.0796440789008,0.250561511297012,5.25571016607401,1.05624504176186,7.35413491340766,0.325211906276105,2.29635202563093,1.63918011211648,3.81103690233484,19.4613210009498,12.8657836980688,5.86584395360152,13.036608422362,22982.9915921474
27.2614562872192,0.250513247948058,5.45018625854825,1.09835711533971,7.62602868347103,0.337022188182933,2.38379488246583,1.61853202606613,3.86334579480442,19.1085037428175,12.9812025430527,5.85116079666078,13.5223235496536,24272.6025910873
27.4637660343766,0.250363881429072,5.65707036136371,1.14285604073655,7.91530281862024,0.349585884762536,2.47694589663278,1.60412618570924,3.91295855047389,18.7022307528056,13.1075127666042,5.83595247514226,14.0389101654736,25511.6445413143
27.6801573715073,0.250106774883197,5.87300137942261,1.18909622108809,8.2173109356825,0.362700707429799,2.57440740955211,1.59690104418207,3.95680150757155,18.2597341256035,13.2390930469915,5.82099668079443,14.5781522007372,26684.1667109581
27.9032430017109,0.24977058167042,6.09425436666238,1.2365675141489,8.52687098470137,0.376138931019609,2.67467471991116,1.59677257004711,3.99183168200007,17.8035708717825,13.3694229497088,5.80714179554015,15.131092104388,27990.5105493126
28.1262755653734,0.249419266223069,6.31953751029343,1.28542048598435,8.84213715886389,0.38981869976889,2.77731708216803,1.60340955046017,4.01519763051622,17.3601751810064,13.491520055827,5.7952506239271,15.6948770712957,29591.5762070737
28.3418524590164,0.249138219684021,6.55599372144343,1.33785716357323,9.17287596176526,0.404166032335149,2.8857229009024,1.61699556493584,4.02407508474135,16.9639824324971,13.5966950822981,5.7863052739841,16.2877396060454,31150.3301257067
28.5424082502842,0.249024449242106,6.80076038223618,1.39394475989441,9.51477632286901,0.418989492101278,2.99867537042145,1.6377037744114,4.01635377431645,16.6550981809088,13.6750028390289,5.78128241076088,16.9027928671047,32554.9819004103
28.722313491293,0.249166614860344,7.02501377710686,1.44777656243003,9.8273305741824,0.432515285634,3.10297947583025,1.6650359689236,3.99151067953872,16.4693327732417,13.7174329952032,5.78087936414855,17.4679457728813,33541.2922328244
28.8784750922812,0.249615753059892,7.18806596848736,1.49039431323607,10.0536229523035,0.442257388633357,3.17986750390213,1.69814800535527,3.95100958354787,16.4272285915744,13.7181536804099,5.78530284490357,17.8811396214575,33949.1352739687
29.0106854852284,0.250386281768521,7.28026759252901,1.5194518861631,10.1801562091786,0.447635968669555,3.22463606628187,1.73706806768114,3.89765710340185,16.5268266383779,13.675781065356,5.79425964734542,18.1178631976063,34142.601728975
29.119505884728,0.25148091823856,7.32328053356857,1.53962416579975,10.2371340556488,0.449982613321361,3.24696193282148,1.78223732723164,3.83460208450609,16.7478850058589,13.5920064621708,5.80718201897174,18.2321121243308,34223.5579823957
29.2035035540202,0.252882302298695,7.3230625129559,1.55189460265562,10.2330027283355,0.449671850914595,3.24950484014705,1.8325873468806,3.76547503755997,17.0567453073772,13.4710245461066,5.82326749662884,18.2386427023142,33857.1463435891
29.2597885110168,0.254527146334492,7.26388826955309,1.55181197099182,10.1462278055899,0.445763592180228,3.22504633207178,1.88510127557321,3.69447790523518,17.4102679123544,13.3203171077839,5.84143838174078,18.0977265846782,32851.217411112
29.2867113948546,0.256327289954715,7.14605006725059,1.53826538887989,9.97767002654046,0.438297108874988,3.17358961845589,1.93678103747853,3.62507208564593,17.7682095053108,13.1486022069227,5.86065407981906,17.8095639394989,31726.8743031497
29.2845369563256,0.258205998809567,6.99339146542578,1.51591615895322,9.76080621102036,0.428736274779059,3.10592158489187,1.98586327224258,3.55932989009618,18.1022057283315,12.9632324504078,5.88016158256491,17.4335123477687,30618.9100489485
29.2550222727827,0.260096513522486,6.82509589531491,1.48875446986431,9.52248479217766,0.418252577802388,3.03080114333839,2.03110520621331,3.49866720651227,18.3938428899487,12.7706729872336,5.89936931298336,17.0174733173178,29478.6632004939
29.2014818360776,0.261937466271437,6.64953814318373,1.45842184435486,9.27447875619348,0.407357894063365,2.95209133102763,2.07150146663999,3.44414008395007,18.6326026650556,12.576857190166,5.9177820712764,16.582354258371,28276.464386321
29.1284602556332,0.263678295180553,6.47266442289714,1.42610383472276,9.02515368105364,0.396416086444401,2.87253593035471,2.10647353673877,3.39633807125592,18.8149309834955,12.3866132922298,5.93504355982934,16.1430215992493,27129.3002650784
29.0410215305674,0.265283894161584,6.30148286739725,1.39340609122301,8.78428870051969,0.385853347293302,2.79536082778423,2.13587574209601,3.35541597157652,18.9422376769403,12.2033859513675,5.95094319932075,15.71707327576,26075.1186504242
28.9442844682657,0.266731411448287,6.14130666403333,1.36166617043888,8.55925676485553,0.375990583752035,2.72302295635524,2.15975370858967,3.3212999949618,19.0184499756512,12.0296610679204,5.96536004135733,15.3179089055415,25129.8154125518
28.8430740718173,0.268008247237807,5.99549480633535,1.33182582607629,8.35468632048762,0.367028579451592,2.65708421317046,2.1782588609483,3.29378728881822,19.0484855613748,11.8671890617854,5.97823381303766,14.9540455053747,24302.1892255158
28.7417237850166,0.269108896713152,5.86556145944682,1.30440911136717,8.1726309385258,0.359055441606987,2.59825835030026,2.19159372725397,3.27261308146164,19.0372560783775,11.7172023246487,5.98954168280743,14.6293709258962,23580.4514560341
28.6439820956639,0.27003229514544,5.75159987703968,1.27959532236155,8.01316896605761,0.352072942543913,2.54660269614592,2.19998868456285,3.25748229726837,18.9891307141996,11.5805688264735,5.99928419075776,14.3441960115626,22958.4198767519
28.553578427845,0.270768027027047,5.64575947140714,1.25559916492196,7.86538311368774,0.345602054522257,2.49854787845551,2.20341936869778,3.2481475390663,18.9083746129165,11.458673224821,6.00742409269716,14.0788761140751,22110.4292653307
28.4744307281573,0.271286819352519,5.52866271417854,1.22773115018691,7.70243011880158,0.338468485610026,2.44522590380873,2.20152959942325,3.24426700372694,18.8010124029139,11.3536867192024,6.01388890239576,13.7847770405436,20764.6665608855
28.4086905459357,0.271572187237549,5.39091061504709,1.19367736948412,7.51130815262135,0.330105558719189,2.38224583816685,2.1944725054869,3.24511203434361,18.674053442104,11.2661357494635,6.01874713934033,13.438245120428,19389.4259184126
28.3563081280249,0.271634365831435,5.24072319866131,1.15550487856368,7.30337439823067,0.32101203114873,2.31326561226483,2.18305256045279,3.24979662303953,18.5329053870455,11.194436486812,6.02220514045199,13.0598808503732,18135.4686269496
28.3163923631607,0.271493319145774,5.09015836849326,1.11629343100726,7.09526517458643,0.311916292990494,2.24375282479022,2.1681510442343,3.25757755878834,18.3812891988097,11.1364971159648,6.02447729041941,12.6799755167003,17081.7068110969
28.2878098409482,0.271173675827502,4.95031722441281,1.07890223999516,6.90228283702405,0.303487316841739,2.17878042546568,2.15055766508545,3.26794495321697,18.221190791529,11.0902491720016,6.02574477565941,12.3264440937079,16290.0528865413
28.2696340261903,0.270697025480473,4.82718021217913,1.04493106067301,6.73264392167787,0.296083409124492,2.12111463041924,2.1308407928777,3.28059247428423,18.0538029421034,11.0541075544256,6.02613370998022,12.0143630819449,15632.5345388317
28.2611623067675,0.270078588254156,4.72102435825951,1.01456775488755,6.58668316554284,0.289718013101478,2.07092890905258,2.10934911018838,3.29531145402375,17.8805481567529,11.0270248505844,6.02572621709679,11.744499025538,15049.9414021635
28.2617370721434,0.269335490228748,4.6336050196779,0.988309434319026,6.46680000017744,0.284494980665195,2.02905511400407,2.08638952484287,3.31206456335376,17.7014859037736,11.008102841713,6.02457333653516,11.5212973720735,14751.9472481462
28.2711364418123,0.268491689304264,4.57341233893403,0.968223968832446,6.38472177000326,0.280925447779111,1.99938455087682,2.06227461819904,3.33122805946012,17.5130281767998,10.996701854651,6.0226561998973,11.3660462984716,15006.0564893585
28.2898701768709,0.2675650311807,4.54691624949277,0.955895192865562,6.3493609916865,0.27939603881323,1.98492030270688,2.03711705091699,3.35342627092985,17.3109416426457,10.9930929381166,6.01986888184403,11.2949724716653,15481.8414513303
28.3185670946974,0.266561199692974,4.55241564537059,0.950966023006436,6.35831295425168,0.279798014122267,1.98496674036298,2.01079807225716,3.37916548162969,17.0937824691935,10.9983456229836,6.01607290167224,11.3038483021162,16008.3516756231
28.3570804267698,0.265477391421092,4.57818184265055,0.950710762350762,6.39530697740626,0.28141753227657,1.9942537058837,1.98313359783823,3.40855020333275,16.8639379088015,11.0136275668635,6.01117667963007,11.3633563351036,16211.433474978
28.4033398277014,0.264304143029392,4.60027908985615,0.949561135507159,6.42720032254174,0.28280623999063,2.00192154219988,1.95406000356162,3.44075983917746,16.6297682181503,11.0390792691855,6.00527454804917,11.4136631558666,15714.2424809442
28.45420201904,0.263039545049349,4.59899460334615,0.942944076437623,6.42673315663891,0.282776146011235,1.99896106978458,1.92380652765553,3.47460087753805,16.3994514737858,11.0735416750174,5.99859079226512,11.4054986528834,15023.3562434482
28.5072187261961,0.261691876780035,4.57234140340404,0.930403653250119,6.39120209315806,0.281213005009715,1.98438086818853,1.89280959779186,3.50934312779029,16.1757424033088,11.1156878615717,5.99129880754539,11.3338954216141,14363.1815115267
28.5605289238783,0.260270639740889,4.52710186519096,0.913512876140087,6.33003421781704,0.278531541180474,1.96118740326787,1.86152980119104,3.54453143448726,15.9589832436346,11.1643542975665,5.98352538245454,11.2157979844401,13778.1926057201
28.6125924543345,0.258783947239295,4.47160906446494,0.89419636292674,6.25478712719123,0.275238217700133,1.93312037377643,1.83037124054816,3.57984854432865,15.7486786732583,11.2185288238029,5.97536927236656,11.0720211650698,13276.1221364871
28.6620197534277,0.257238144543687,4.41229325426612,0.87393696684594,6.17436849809376,0.271722692392332,1.90308427686541,1.79966246635787,3.61504161475567,15.5441609743865,11.2772733436959,5.9669157447319,10.9186255222913,12822.065171446
28.7075034922178,0.255637978515962,4.35283136954338,0.85358680350917,6.09386192154197,0.268206986228185,1.87275656028316,1.76965966515796,3.64987675620044,15.3449129313654,11.3396468597381,5.95824783871488,10.7647981484627,12395.0079350803
28.7480470014335,0.253986701145407,4.29626473572328,0.83383658200492,6.01747153453677,0.264874408919669,1.84352847173647,1.74055032438766,3.68428597004876,15.149698668518,11.4050131711124,5.94940741795854,10.6181287549978,12083.0220220079
28.7831005635155,0.252285180636611,4.2472352177706,0.815700572617735,5.95163143840366,0.262005295291509,1.81749753554346,1.71247321539077,3.71855835169429,14.9554288894936,11.4735458369411,5.94033623490225,10.4901719741722,12010.3000913214
28.8120015496078,0.250531871894693,4.20904887080077,0.799885721097486,5.90092319182613,0.259798581645169,1.79615903521821,1.68555626975157,3.7530318038335,14.7589223927888,11.545687304171,5.9309505892728,10.3891449671395,12035.5414774741
28.8337191495039,0.248724615696324,4.18147310534971,0.786330077129591,5.86501197252563,0.258238399937835,1.77942769254468,1.65991873694973,3.78778606380254,14.5586476770147,11.6214220717065,5.92123026370554,10.3144593853468,12076.3041758689
28.8471858942643,0.246862225671639,4.16158437743858,0.774402012518841,5.83982231417246,0.257145822830745,1.76601983183092,1.6356452788718,3.82266948822342,14.3545812108599,11.7002253624224,5.91122065181286,10.2588426444027,12022.5208708151
28.8516811464901,0.244946726251735,4.14353110884637,0.762872376084655,5.81720324435268,0.256164623123748,1.7533562650668,1.61274024139647,3.8572335792609,14.1487397806007,11.7808214685921,5.90106106254669,10.2077662358393,11755.1667662103
28.8472275845318,0.242982544551587,4.12224775968063,0.750696356139501,5.79009848568744,0.254987183049096,1.73920445297017,1.59113755376479,3.89106074758984,13.9432809960641,11.8619445884033,5.89089174807915,10.1486683267659,11415.8199216899
28.8343925636154,0.240973355379721,4.0964912676236,0.737629325385564,5.75677693343709,0.253538747380281,1.7230154257218,1.57077343157486,3.92404410257126,13.7386696593963,11.9431071898303,5.88076218596554,10.0784755735903,11087.2649959406
28.8135698691419,0.238916326343081,4.07114407937506,0.724654917956763,5.72405284725471,0.252117398952666,1.70691933115855,1.55171504551305,3.95667020717922,13.5315327477283,12.0254666478929,5.87052755966177,10.0092783544992,11121.3417524232
28.7835358265063,0.236789566981725,4.06134638574547,0.714744111835461,5.71306904443373,0.251645451497511,1.69750350222468,1.5344411448348,3.99061437237935,13.310001351865,12.113671199781,5.85962870635855,9.9785069614709,12025.1582285644
28.7414319950337,0.234559494858028,4.0828908942439,0.710900747669733,5.74590554024257,0.253084206454202,1.70160458504404,1.51975490517065,4.0276434618063,13.0603203446851,12.2131874441146,5.8474202239412,10.0251353001163,13347.1916517543
28.6846736112572,0.232198550689498,4.14413586659877,0.714583058860435,5.83429295125467,0.256942290157175,1.72279052616842,1.5084316605557,4.06841857284043,12.7752109690293,12.3269614060171,5.83357443040562,10.1697014470381,14767.2725577865
28.6120528757852,0.229687920219502,4.24578393433609,0.725724620565383,5.97929083383229,0.263262681847716,1.7612877196207,1.50112303476902,4.11278423587946,12.4525831120584,12.4560172686795,5.81800981787151,10.4138121481276,16068.2309037903
28.5246008581045,0.227024111118541,4.37858656338848,0.742371897492518,6.16805946616986,0.271483395897495,1.81301109383019,1.49826536203001,4.15988835887174,12.0954121236856,12.5996242519935,5.80087317819799,10.734531240016,17072.351680728
28.4250317252763,0.2242164754379,4.52828960419575,0.761698805105535,6.38075211541544,0.280739276595273,1.87172649953515,1.50021790100566,4.20864020424947,11.708698504547,12.7565938435575,5.78238788670163,11.0966335851678,17962.359193697
28.3166504528342,0.221280821801981,4.68371942547085,0.781549456168513,6.60181769620356,0.290354814467838,1.93255388482362,1.5074746954506,4.25799051243112,11.2970563999999,12.9262669750041,5.76274028105045,11.4725636880683,9596.71938429166
28.2028542799569,0.218240889648648,4.84629025979849,0.802124349822412,6.83334506853761,0.3004246907165,1.99604236028259,1.51990112008495,4.30682661739709,10.8648787750714,13.1084803907103,5.7420903230025,11.8658306824782,20024.5043483246
28.0842059058571,0.215215598171143,5.05660723935651,0.830628412317392,7.13241732039109,0.313424746699791,2.07977163029086,1.53093246265748,4.35362419969953,10.4068408791013,13.3089456774673,5.72020893526979,12.3765390401259,21982.8308008959
27.9652698215322,0.213126185574413,5.3228350970291,0.868543379220746,7.51033610112162,0.329788557949236,2.18881464321397,1.51778776766506,4.38573908585238,9.93835764446091,13.5330428308034,5.69850284494283,13.025548315798,24120.6256836403
27.8546108920981,0.218123631106524,5.63983339663229,0.915205588115563,7.95928081149444,0.349118157307029,2.32454102882435,1.45025961194691,4.3681813826496,9.50656049746426,13.7899887383472,5.68139648428247,13.8019182628985,26172.9715847869
27.7637325479726,0.264737068452409,5.96522501109967,0.963804229583318,8.41877810442651,0.368778175311503,2.47525575151343,1.31059546934804,4.25194340473706,9.19335478325585,14.0839495734127,5.67583966882646,14.6048426518103,27299.4139119759
27.7027046653467,0.449197820332766,6.20892765930483,0.999692614260233,8.76174094452445,0.38327337656747,2.61157389163128,1.11045980958908,4.01297069536599,9.08428346186354,14.3949295630765,5.68699376839592,15.2186064562183,26876.7243063629
27.6734393347082,0.918874750620864,6.31388948531162,1.01396030288794,8.90828878950768,0.389164676266482,2.71360141847333,0.883139176243067,3.67218892706274,9.21590558635835,14.6877514974926,5.7144573003641,15.5066788044998,26024.6856938771
27.6714053044442,1.82960563014716,6.30440144808395,1.01139917258311,8.89296117987326,0.38797338968421,2.78408517894049,0.661004134492654,3.26996834227113,9.57870912001697,14.933286472873,5.7543503629448,15.525032026442,25085.6233166692
27.6901406686434,3.30508616383807,6.22761303276837,1.00034102890415,8.78211802938752,0.382599824609472,2.8266273855204,0.466780766466575,2.84513289635846,10.1429755970503,15.113112443982,5.80213148794626,15.3798840044828,24264.5782544436
27.7232350327412,5.421151970392,6.12697108831098,0.988205058573707,8.63668275693303,0.375711648434967,2.84553312415943,0.311364640427345,2.42555956465016,10.8764029228446,15.2191764990243,5.85410238265249,15.1693018710512,23707.9048818412
27.7648826547734,8.19606602009957,6.02737841062011,0.979077698786915,8.49148815427241,0.368847091792984,2.84467195420261,0.196509408902349,2.03038230232977,11.747370995866,15.2498801167856,5.90744114061455,14.9501419455021,23193.3278152545
27.8097652587345,11.580179736216,5.93481286171355,0.973565729460031,8.3549393454096,0.362397577616193,2.82627342547342,0.117926548022863,1.67305684816429,12.7208584712359,15.208832288645,5.95987687950539,14.7366115273004,22661.3347861415
27.8534413646892,15.4835543862243,5.85003379124835,0.971243488869216,8.22826592702844,0.356435856020433,2.79413529049698,0.0678230840484288,1.36020757176588,13.7633879781442,15.1041040282237,6.00989334409753,14.5324136195826,22178.6449301179
27.8926122145602,19.8104699573662,5.77525266955881,0.972014923166957,8.1147787105416,0.351112928794585,2.75390844944142,0.0377481521951302,1.09263887207052,14.847700449827,14.9457469238427,6.05672396298122,14.3456462996221,21813.211761909
27.9249503192098,24.4670704480166,5.71185248048177,0.975754004796288,8.01661250306304,0.346518482449865,2.71049014202461,0.0205434689537797,0.868111586724917,15.9507795137162,14.7442509047596,6.10003912884638,14.1821960213915,21504.4026886654
27.9489428740993,29.3603812599181,5.65868408315122,0.98191299929439,7.93233578623734,0.342582175444543,2.66662893652719,0.0110343932858337,0.682946494466261,17.0515688361834,14.5100992498167,6.13973404046868,14.0410850365965,21240.5532186479
27.9638702900457,34.4122053824235,5.61489876013354,0.990054785919199,7.86089424769118,0.339248032071232,2.62408057243044,0.00588627105049726,0.532398732073079,18.1331397722596,14.2527533079594,6.17592634735404,13.9214013006476,21054.3077329799
27.9696700700748,39.5661343740611,5.58130982412453,1.00016653295355,7.80350004006356,0.336557848393912,2.58447513077631,0.00312794641440582,0.411331703568942,19.1834301850338,13.9798833098608,6.20890101767789,13.8258537458605,20974.5096129498
27.9667764380741,44.7789189685107,5.55880914167614,1.01234478216266,7.76144116644913,0.334557215824643,2.54901874211329,0.00165747752621917,0.314936390352724,20.1930223452705,13.6976063816176,6.23899204494137,13.7571096783126,20968.4036696303
27.956060787727,50.0121511144533,5.54711744132384,1.02648669583977,7.73437043293199,0.333222139197119,2.51823475979609,0.000875968110570777,0.238977550228507,21.1535618372426,13.4109039820506,6.26652086986657,13.7148617999712,21018.4386849838
27.9389600958407,55.190625858947,5.53748388238602,1.04058387973823,7.71025758677775,0.332027237927568,2.48913941247335,0.000462997236955314,0.180137900488372,22.0510447227949,13.1259561112858,6.29160792813874,13.6779302489496,20767.6941086638
27.9177494662452,60.1661233626384,5.50694216306417,1.04917552250105,7.65757085437607,0.329612026477779,2.45299697486311,0.00024696020107777,0.135825826009771,22.86241206371,12.8521656948345,6.31407393251083,13.5900977786104,19890.4215034042
27.8949211015408,64.8278988158037,5.44150958265545,1.04850806825456,7.55730751342372,0.325160133404717,2.40466234772207,0.000134072136950158,0.103091852621191,23.5758365020866,12.5960539464583,6.33394716318978,13.4171065160307,18884.8991954554
27.8723232865119,69.1625690478337,5.34834491750927,1.03975585707847,7.41956201312104,0.319107472705934,2.34733940695719,7.42800487202595e-05,0.0789128716307262,24.197132489157,12.3581956562908,6.35161006455098,13.1766229086115,17926.8634232805
27.8511102475342,73.206167113062,5.24312026244392,1.02637916533079,7.26600541436041,0.312385734448112,2.28743441581693,4.1951699981445e-05,0.0608736366679853,24.7387890429039,12.1361955105064,6.36753441386937,12.9072185677899,17200.9336424986
27.8318369532896,77.036840727952,5.14464893502338,1.0128715082418,7.12247385055879,0.306103007372795,2.23243462551485,2.40290255951454e-05,0.0471558997140443,25.2168320558806,11.9252740510669,6.38225358196837,12.6551586652962,16879.6102172666
27.814909942371,80.7202652707965,5.06428994645483,1.00220521666397,7.00444235846879,0.300920667863045,2.18668429832116,1.38843929124864e-05,0.0365623213167167,25.6429620328622,11.7213531141953,6.39617576886233,12.4483466417862,16699.4147779057
27.8007510170972,84.2973505230562,5.00509465368267,0.995406591500689,6.91595441240688,0.297009318400877,2.15115719722553,8.79460611579754e-06,0.0283145169393666,26.0239794409171,11.5217858964008,6.40956710496296,12.2942242816232,16544.878662211
27.7898514553822,87.7561309940092,4.95726502405665,0.990177497954469,6.84356195152274,0.293792214295746,2.1223306417567,4.79300993976002e-05,0.0219584431185036,26.3608806761304,11.3268380257915,6.42247882926024,12.1689611327826,16602.4757982913
27.7823003975271,91.1469842015712,4.93105613808933,0.989111799143038,6.80145286139017,0.291878289210337,2.10772863642131,0.000362320005019478,0.0173776250060295,26.6639457182859,11.1315747117941,6.43530128223035,12.1000483940661,17109.0201555448
27.7783679718692,94.3877677887538,4.93315423099685,0.994152418265111,6.79906180639127,0.291672663726534,2.11611038365325,0.00124180718853876,0.0158525050094165,26.9392732903204,10.9334057624024,6.44827317282558,12.1080838356206,17774.0708612709
27.7783372736812,97.19258989628,4.96068121719509,1.00499019928567,6.83277903668573,0.293016619827755,2.15204117645957,0.00276455655986344,0.0207465044298386,27.1893445473266,10.7335301539713,6.46138603326199,12.1900174724758,18463.312280466
27.78215318708,99.0983939972638,5.00179031888724,1.01907959074035,6.88665037149869,0.295215853116693,2.2129565441649,0.00491235864809848,0.0373361891011999,27.4151083410403,10.5366511539925,6.47437705423791,12.3185055693888,18883.6261119092
27.789076773039,99.6191467210541,5.03632835465835,1.03163133337018,6.93319038526505,0.297081641943693,2.28699231829142,0.00804123295343603,0.0711904534400475,27.6155908911562,10.3505289624122,6.48667788676235,12.4418705764913,18754.5019566356
27.7977567501776,98.4920820092438,5.04885141600357,1.03875204345898,6.95119149855537,0.297701244434972,2.3610904383331,0.0130212329242843,0.126399875958578,27.790434723636,10.1807197216011,6.49766659464081,12.5178319292456,18482.2685027855
27.8066885178104,95.712902116394,5.0394346874967,1.04021791985768,6.94061427698389,0.297077268463233,2.43017501900161,0.02098361301223,0.205533842610975,27.9398590500449,10.0281987361388,6.50683565659998,12.5432000842086,18226.1408957069
27.8144707780588,91.4133286495408,5.02023850047605,1.03879562583301,6.91796176208993,0.295927066897734,2.49693457281731,0.0334121314596212,0.310601748407302,28.0629844482613,9.89099353701892,6.51375389730925,12.5463093783427,18297.4259220798
27.8198164471736,85.6956004145501,5.01452480931084,1.04007152720599,6.91503370743354,0.295625676221957,2.5715726757506,0.052694091505574,0.445306261177803,28.1574994414038,9.76501004786755,6.51800022723173,12.5848277475266,19011.0800734814
27.821216469235,78.6713620292912,5.04004074180723,1.04850462169081,6.95604254062239,0.297225714896547,2.66180738116005,0.0820599854567496,0.613432720438843,28.2165757764074,9.64785726855109,6.51894765078857,12.7028186876436,19910.304339407
27.8170340286077,70.6176031722609,5.09825032900973,1.06471701681221,7.04270217334802,0.300816376916012,2.76600360565465,0.124447887043791,0.814756152323981,28.2300648558215,9.54036512234788,6.51591551512101,12.9024914958001,20786.8695482667
27.8060309974382,61.9347102148344,5.18180211179984,1.08715900796158,7.16452896379618,0.30595827869279,2.87747874593443,0.181693602634071,1.04488906187607,28.1895171123501,9.44464731185132,6.50849161458555,13.1633133372916,21593.5834213178
27.7877936712179,53.0646703102626,5.28024993582867,1.11347366787627,7.30678101287276,0.312020025026505,2.98819319664089,0.254061706634481,1.29610877070362,28.0916597690898,9.36320365939488,6.49668015676263,13.4569987174874,22317.5248294044
27.7629479665317,44.4199510901007,5.38590501983926,1.14195808124931,7.45856900286535,0.318526537404993,3.0922038090887,0.340218110214005,1.55863377780414,27.9400828387928,9.29836255565634,6.48091316231978,13.7626927938281,22978.8735748123
27.7331245572037,36.3354972149371,5.49481890295425,1.17185829150488,7.6142288269323,0.325221989197601,3.18625985882107,0.437460190332882,1.8220834204959,27.7449067806469,9.25178282753248,6.46196685922032,14.0695814788097,23590.4739007795
27.7007619857219,29.0536085396135,5.59807054344266,1.20120384860651,7.7613280996345,0.331560890362851,3.265469072471,0.542214839743984,2.07652060553427,27.5209637382888,9.22407677881585,6.44085212191981,14.354860745209,24136.179100885
27.6688400504368,22.7220193639592,5.68786911183047,1.22820585537235,7.88907457753213,0.337070419379662,3.32621944293165,0.651004290976066,2.3132861739728,27.285117698908,9.21451166075127,6.41869876282951,14.5990226866374,24598.104432666
27.6406215788149,17.3930023929685,5.76449565041189,1.25299011898527,7.99785639281808,0.341759455907364,3.36918291627233,0.761191662076793,2.525921339085,27.0531274079741,9.22094587073108,6.39660617990392,14.803133537201,25007.8931036672
27.6195743552799,13.0398953047916,5.83015939535709,1.27612175794192,8.09075768889458,0.345755392086754,3.39593893020108,0.871007323204799,2.7105026689407,26.837392045847,9.24012169592109,6.37552302787992,14.9731169938981,25370.2197443781
27.6094464941319,9.59723217574813,5.88213548477685,1.29690870681334,8.16409051882651,0.348898018183976,3.40574144773151,0.978418152169187,2.86474426572454,26.6470135662713,9.26797912438131,6.35627547035726,15.1024933936275,25444.5360493574
27.6137834273835,6.97335236269486,5.90440839888886,1.311178401256,8.19591002966465,0.350249281608689,3.39184061100137,1.0803114879886,2.98795904318714,26.4877490940484,9.29995399247652,6.3395344463955,15.1514419843082,25039.1124463252
27.6350488813471,5.03216467937371,5.88792708372076,1.31620869258882,8.17394796972227,0.349287703625744,3.35161036947089,1.17453885186916,3.08250870490535,26.3602401863897,9.3319628717022,6.32555629970183,15.098027025578,24496.9715198409
27.6745325878984,3.62182507562982,5.84117985900221,1.31368714447855,8.11009339887874,0.346524669766556,3.29122775260909,1.26072339715029,3.15285434148635,26.2612758311245,9.36116462754947,6.31420432018396,14.9647662909886,23931.2990598055
27.732418315076,2.61179792936472,5.77537776718189,1.30615479702014,8.01992665314796,0.342628489857748,3.21823487536968,1.3389099923765,3.20361994673173,26.1866340325586,9.38581837094307,6.30518613357158,14.7811479372215,23351.3109494348
27.807789794637,1.89779743174932,5.6988570835201,1.29553056996245,7.91501374129284,0.338095326610887,3.13877110718633,1.40916182754,3.23903681813992,26.1321081377362,9.40507568946562,6.29814995174505,14.5694214786983,22759.4502289425
27.8988361353454,1.39866115241571,5.61734784950564,1.28311309787253,7.80329144902518,0.333265900182727,3.0575645136942,1.4716150144347,3.2628188542479,26.0938130683043,9.41881721322842,6.29272426769661,14.3451577077409,22178.8902934785
28.0031902841508,1.05280487417893,5.53498635088483,1.26982645972122,7.69047409804637,0.328385561583285,2.97824795199939,1.52652167256221,3.27810810429092,26.0683190134975,9.4274825425975,6.2885465088113,14.1197044194091,21623.5788021415
28.1176411920242,0.81556185829023,5.45008842414482,1.25511322111975,7.57423607986468,0.323356816306398,2.90115984143812,1.57379708668797,3.28745235844616,26.0527260399103,9.43189403847033,6.28529531188029,13.8893990134416,20891.3746338144
28.2375723898074,0.654985914025507,5.35278433525518,1.23622554265783,7.44097376925765,0.317602955595403,2.82206082332108,1.61281413899645,3.29292516419062,26.0444517086095,9.43317952441859,6.28269727279251,13.629450968149,19804.8031829915
28.358612232453,0.54690257884365,5.23865826987802,1.21176282015795,7.28463377149992,0.310870030149716,2.73881878807755,1.64355699108741,3.29621070475711,26.041026446995,9.43263715973678,6.28050629854634,13.3285327056243,18684.0413488757
28.4781522612502,0.473611078987923,5.11421102911867,1.18327926880783,7.11421897811697,0.3035439438091,2.65432268559925,1.66693997689144,3.29853774374764,26.0402883334117,9.43145800900606,6.27851421131866,13.0028831157147,17644.794857717
28.5951317381076,0.423157866132304,4.99019558691425,1.15360209473289,6.94458172471899,0.296257360938827,2.57343532063175,1.68420733594717,3.30072838409486,26.0404723271567,9.43060166574923,6.27655919915016,12.6795649366243,16841.1318472451
28.7101464121599,0.38765950852498,4.87960679450749,1.12627451253787,6.79365470796587,0.289771530875101,2.50214942673702,1.6968076446041,3.3033395126288,26.0401091015936,9.430840741131,6.27450355221633,12.3914299939441,16418.6445243818
28.8240102097804,0.362214772962926,4.79014931320522,1.10353102070385,6.67205333356253,0.284534857346287,2.44388756433245,1.70578826990351,3.306805432206,26.0377949187556,9.43290181299995,6.27222631677575,12.1579600722506,16157.3044100227
28.9366430027297,0.343799941596913,4.72151728392876,1.08548665416369,6.57933239952332,0.280525662671976,2.39811863428224,1.71157932254183,3.3115032973277,26.0320484696836,9.43753340700983,6.26962603451023,11.9782722756276,15956.777702566
29.0474702939193,0.330393277892803,4.66965711579804,1.0712121234477,6.50988051742209,0.277503741211012,2.36246689274326,1.71434370296003,3.31775101100074,26.0213625534768,9.44548872931522,6.26661640532747,11.8419285944881,15745.2533631828
29.1555053657723,0.320584046978797,4.62862423974995,1.05922518410202,6.45548331430143,0.275119673687793,2.33362973381856,1.71410384022671,3.32577547034531,26.0043542425423,9.45746191103339,6.26313370511469,11.7336569859019,15459.9985801612
29.2598588941521,0.313342491332062,4.59349998673107,1.04827488409743,6.40935241723109,0.273085632855788,2.30885050034007,1.71092664676975,3.33570579651657,25.9798705582039,9.47405510909516,6.25913224185484,11.6407970038084,15178.6052467289
29.3600695843409,0.307912730780623,4.56193322808428,1.03777420078457,6.36825212419272,0.27126487278127,2.28671298490415,1.70501095593972,3.3476085619525,25.9469267731037,9.49582360493072,6.25457117044434,11.5572550282261,14935.8511479653
29.4559312992076,0.303754911350162,4.53388730374615,1.02775088920722,6.33214647314244,0.269656063440542,2.26702697219568,1.69663135877639,3.36151722716338,25.9045990441802,9.5233135216076,6.24940977377233,11.48287659404,14772.4118745479
29.5474631912867,0.300487883100898,4.51108756720985,1.01870566344504,6.30343493634118,0.268360445770658,2.25054775542166,1.68611153799079,3.37747519714123,25.8518353079038,9.55714165449566,6.24359595716982,11.4220387389632,14729.4627292305
29.6345531281018,0.297847508096795,4.4949227996957,1.01105689374803,6.28404817290292,0.267458939413157,2.23789288146186,1.67373890565231,3.39551914516882,25.7874513855266,9.59794945639309,6.23707623144694,11.3782806971254,14747.8108489472
29.7167544227997,0.295648754700412,4.48519701391829,1.00480090340351,6.2737197545622,0.266939498801885,2.22888477454438,1.65973872872556,3.41562900204679,25.7102929616472,9.64626021109565,6.22981490963628,11.3510950664685,14794.8852021735
29.7931882419096,0.293757323298543,4.47898558415756,0.999213575025504,6.26839412699885,0.266630403904597,2.221948424735,1.64428042179883,3.43764158021769,25.6196388301077,9.70220308079108,6.22182659699243,11.3329894289741,14730.710360123
29.8624739858804,0.292070183428972,4.46918681769988,0.99248551485362,6.25820388358408,0.266115598205471,2.2133559919397,1.62747000738253,3.46110421910765,25.5160706093269,9.76499444775012,6.2132347273937,11.3057734540109,14398.2614396126
29.9237678334315,0.290505389165352,4.4499979062389,0.983124590675618,6.23506882322445,0.26505579951094,2.20003540787896,1.6095104058673,3.48547257513613,25.4008998056869,9.83337628297579,6.20420191011424,11.2545428030669,13982.4122172244
29.9772168697044,0.289002163972233,4.42119044310464,0.971057644076632,6.19864475043448,0.263438558527678,2.18178449163084,1.59074692970851,3.51037117088333,25.274950712621,9.90640451435553,6.19483365378933,11.1786285819085,13573.1387585937
30.0232799783176,0.287517874692071,4.3846772594399,0.95676814597329,6.15156122788359,0.261376480888849,2.1595220176162,1.5715224389702,3.53549950957089,25.1389325312073,9.98322858826234,6.18521591319817,11.0828513525402,13152.3831901666
30.0624113382169,0.286022833074801,4.34183483133491,0.940621054504045,6.09570074154226,0.258950167919169,2.13391498817778,1.55210376271643,3.56054031923713,24.9939958402377,10.0627981633894,6.17545315690715,10.9706871240411,12679.0037209903
30.0951497524684,0.284497115013338,4.29395131470714,0.922965908366055,6.03282684530784,0.256234831080272,2.1056017739306,1.53269614958181,3.58521990770396,24.8414731777844,10.1440563944864,6.16564548326429,10.8454048318484,12198.6177845127
30.1221461782958,0.282928183149079,4.24291881412079,0.904301949980032,5.96555270006667,0.253341099357993,2.07554127309431,1.51346677875224,3.60937715283132,24.6823912296834,10.2262206998332,6.15585826766772,10.7118287646134,11736.4077150621
30.1440494803089,0.281308404184453,4.19069955617445,0.88514235375141,5.89659835657967,0.250383719158646,2.04473587291089,1.49454091679018,3.6329377922314,24.5174963588902,10.3087525575143,6.14612892737027,10.5749723882321,11308.8341856511
30.1614587258524,0.2796332688631,4.13913667844464,0.865965290146559,5.82852632673647,0.247470470828278,2.01413100886113,1.47600925042593,3.65589976086763,24.3472209119805,10.3913530998842,6.1364693664238,10.4395511081505,10930.8493102577
30.1748865244333,0.277900170446536,4.08955800025064,0.847118675830531,5.76318607624335,0.244678851770392,1.9844119038303,1.45792780132753,3.67829556685778,24.171862867509,10.4738535602628,6.12687945286225,10.3089699222261,10586.9320502036
30.1847604856631,0.276107803767348,4.04259037846792,0.828777519171997,5.70145198498382,0.242045168806127,1.95590838731546,1.44031774757525,3.70016042943145,23.9917995873976,10.5561054246648,6.11735968338264,10.1848490474295,10268.0769314881
30.191455947368,0.274255855061342,3.99846127334032,0.811017547220148,5.64364293158506,0.23958230450708,1.92874707181231,1.42317829242986,3.72153790311132,23.8074164868012,10.638011898382,6.10790762825253,10.0677908812964,9972.30132036289
30.1953131955357,0.272344727376294,3.95721282504795,0.793867029873972,5.58982043615078,0.237292318231747,1.90295924118945,1.40649718027497,3.74248248691965,23.6190411139225,10.7195491418495,6.09851555934927,9.95792428618307,9699.63373217135
30.196644311406,0.270375315678952,3.91881590243252,0.77733425850563,5.53994745586545,0.235173150377739,1.87853817612226,1.39025756916391,3.76305768140215,23.4269140809598,10.800766857352,6.08917029790205,9.85519432220794,9451.04567705288
30.1957351856753,0.268348838331264,3.8832250945526,0.761420831181115,5.49396485839792,0.233221844825493,1.85546680377146,1.37444242387309,3.78333291866037,23.2311785949875,10.8817803730075,6.07985389072127,9.7595018872096,9227.0280397974
30.192817587322,0.266264841505278,3.85168284604282,0.74641139525727,5.45362248638748,0.23151152965127,1.83436872618551,1.35910312810086,3.80351224046524,23.0304450749466,10.9633410615995,6.07047934203374,9.67400973819998,9159.65449334276
30.1879377564763,0.264116169473469,3.8285516467312,0.733267263516968,5.42505647613368,0.230299537045735,1.81741991652258,1.34448426766663,3.82415861267655,22.819089705925,11.0478626117179,6.06077517734816,9.60977961536104,9458.72229599077
30.1809250157014,0.261890662631726,3.81821861310684,0.722927770620172,5.41444575156612,0.229844437785081,1.80680444455765,1.33089663526232,3.84590853915613,22.5901037068157,11.1382060728049,6.05042172665026,9.57791975005384,9948.9781312673
30.1715726438417,0.259577794938513,3.82215872464008,0.715670334861806,5.42388365753945,0.230232725189161,1.80325161400977,1.31852956345205,3.86910955114399,22.3393399226142,11.2360554471843,6.03923423102234,9.58214691873041,10494.2506290472
30.1595700838276,0.257162700485833,3.84278117627168,0.71194860047261,5.45678648291438,0.231606485816509,1.80794224927155,1.30765612624998,3.89421441409658,22.0612262559731,11.3436961529262,6.02696527812044,9.62852429460951,11305.259959778
30.1441157775439,0.254609828692484,3.88935666233793,0.713614205714286,5.52625392403765,0.234514813581134,1.82542140072302,1.29902744762993,3.92238051947624,21.741372676706,11.4669111861917,6.01298556219995,9.7404240430213,12776.8716029709
30.1240900702175,0.251868793054182,3.97497971006912,0.723200073696695,5.65082229182921,0.239735367913545,1.86206142825876,1.29369817959951,3.95492103933446,21.3624168493846,11.6128211294483,5.99653783672736,9.950800253097,14575.1006416389
30.0986574525472,0.248895558547353,4.10958546516764,0.742443714731203,5.84463829529974,0.247862051020977,1.92259878014512,1.29265554434028,3.99248423543249,20.9135292817926,11.7864797877056,5.97713326414926,10.2845366709665,16457.5618306515
30.0671417650902,0.245647020493304,4.30225181521847,0.772790037653702,6.12070819498367,0.259442423805672,2.0112702027842,1.29721564789945,4.03542193449871,20.3848132343155,11.9932675965646,5.95430686123374,10.7642849066775,18626.8941321862
30.0287047510383,0.242069201618049,4.56839005838473,0.81682495056245,6.50108010876979,0.275406854045981,2.13533679639837,1.30970629042534,4.08404347686721,19.7605979099735,12.2417689605865,5.92734701360942,11.4286125294129,21399.6402878323
29.9832185144162,0.238137323316664,4.92234733691687,0.876854242913227,7.00639581660502,0.296628715849674,2.30159619845653,1.33316121184117,4.13712424935188,19.032227017807,12.539138336011,5.89587624652664,12.3134815258251,24371.4626574136
29.9323961212251,0.23391660755016,5.35930073315651,0.951654779432746,7.63016889058063,0.322839382834629,2.50789575457585,1.37035094771919,4.19018065979363,18.214987420738,12.8845398823239,5.86060986983185,13.4069757478561,27321.156857435
29.8801715200659,0.229602219760283,5.83986746170005,1.03403853724464,8.3167413674705,0.351695882737017,2.73597968706976,1.42242090253388,4.23488418972099,17.3594668830422,13.2644295412552,5.8238010870804,14.6109292988043,29672.5724586369
29.8319294016094,0.225522392097568,6.29171595770233,1.11166090745548,8.96328058358743,0.378862304122223,2.95210792551806,1.48687737959475,4.26071311323304,16.554278694672,13.6502804702923,5.78918587047603,15.7449862366943,30963.1621291965
29.7913829865975,0.222035082497098,6.65554724620835,1.17556939813853,9.48497333915544,0.400757560994086,3.12854485210066,1.55810451095329,4.25947913093201,15.8918357533162,14.010988129837,5.76035911462884,16.6616361067037,31818.6169393912
29.7586980799199,0.219458743282539,6.89476946110639,1.22109810641236,9.82902963821319,0.41515060182705,3.24768979251883,1.63037953999173,4.22740721701012,15.4436830690951,14.3217738099648,5.73977491250534,17.2697787192552,32397.0041477985
29.7308522519978,0.218050859900654,7.02060218753359,1.25197016937681,10.0106457038083,0.422676419837973,3.3145940712065,1.70031162553234,4.16535672402123,15.2573797143423,14.562432956028,5.72885791279351,17.597923341833,32459.4788625476
29.7028614977583,0.217947914402523,7.05103401880129,1.27186238330828,10.0549514460288,0.424392675223078,3.33727686563355,1.76631421609061,4.07904146183058,15.3438277925786,14.7201766735135,5.72775667602182,17.6907374131796,31874.0993834608
29.6699387288161,0.219116454875153,6.99971371977706,1.28192009289659,9.98136559879623,0.421124502294952,3.32127303635154,1.82785653175953,3.97685428426422,15.6740844628109,14.7937211929426,5.73533907405974,17.5808866285513,31038.5988521739
29.6293807391184,0.22139662288253,6.89241418996991,1.28499622499628,9.82679645807345,0.414435338477444,3.27813494631817,1.88501601098548,3.86685775730843,16.196695701758,14.790705828414,5.74982968414778,17.3314516113706,30097.1743719702
29.5811387697325,0.224568974749607,6.75363281716487,1.2838658884472,9.62641252170455,0.405813444833605,3.21915179014258,1.93779554366512,3.75569587227983,16.8536578629488,14.7230383140705,5.76933847860495,17.002703711272,29128.8216248667
29.5271001723474,0.228401076363294,6.60195954014707,1.28054664356624,9.40698166493005,0.396391301037766,3.15305237237653,1.98613833246207,3.64824666264032,17.5902720441468,14.6040558418119,5.79213340012737,16.6404858826384,28195.4345135766
29.4699379450652,0.232670600997642,6.44966797007239,1.27623014035205,9.18625414318349,0.386920118200342,3.08570425357273,2.029952090689,3.54778779712158,18.3600175345776,14.4467707698872,5.81675217632156,16.2750951949891,27311.6395313103
29.4121246819872,0.237176210835396,6.30399447876419,1.27149274585274,8.97476168503563,0.377846000676591,3.0206382931506,2.06911590309842,3.45633255028321,19.1260001513441,14.2629833800172,5.84202039785698,15.9244052995236,26498.8712423144
29.3552272865208,0.241757515555618,6.17210040994732,1.26738575625424,8.78282221517906,0.369603906574041,2.96143695364457,2.10368483656697,3.37475622439502,19.8623794292808,14.0623882799293,5.86709299435166,15.6064177970075,25883.0185428578
29.2996806131213,0.246310262535627,6.0634727906358,1.26601105539351,8.62390096714225,0.362757942371649,2.91291058390656,2.13398133567054,3.30306475115359,20.5536742838275,13.8520119831229,5.89145001379461,15.3453564275511,25557.1773840688
29.2452289394744,0.250759038834234,5.98264386585501,1.26865609745654,8.50434266547469,0.357571786009043,2.87745426214641,2.16017080034473,3.24113805390788,21.188295425719,13.6375629871956,5.91469403546591,15.1529795534263,25363.0770897877
29.1912963166467,0.255034984095279,5.92686489278319,1.27492480310105,8.42018117612168,0.35387739316104,2.85381447000238,2.18211844794404,3.18896563059199,21.7552316567613,13.4245363443953,5.93643680018216,15.0224497118748,25249.4617191751
29.1372001195224,0.259070893953861,5.88820742350239,1.28308704261821,8.36017942842233,0.351203476007804,2.83810765630552,2.19951496235855,3.14650850951177,22.2443078758669,13.2183710048064,5.95630479853554,14.9336388909559,25058.3565368178
29.0824720900411,0.262794690609899,5.85380141983013,1.29007524550099,8.30622764247592,0.348792675189213,2.82394044790891,2.21188324067208,3.1135989563596,22.6466063416787,13.024582931516,5.97394255484462,14.8537512003423,24661.0235779346
29.0266767609557,0.266162407956486,5.81373200438721,1.29344934652689,8.24449039900846,0.346067525872653,2.80635057863643,2.21906978104229,3.08957921322815,22.9585599920633,12.8469862975437,5.98918153802025,14.7575515094076,24263.6637873443
28.9692867274273,0.26917027284861,5.76882584157295,1.29352828244889,8.17626088654225,0.343081982279268,2.78575239108345,2.22150691024759,3.07339867056791,23.1815668876914,12.6870774207227,6.00206486989537,14.6473618794984,23921.4475904863
28.909946870435,0.271831928938428,5.7231060492687,1.29155786572035,8.10727351405661,0.340073999226994,2.76420759936327,2.21985486948311,3.06396263415909,23.3185254570912,12.5452457385066,6.0127150395471,14.5337543331768,23602.6498309061
28.8485442481608,0.274166778240507,5.67797701043481,1.28813296275031,8.03954577506644,0.337126016069564,2.74249287844489,2.21479684830192,3.06022793214239,23.3731269143303,12.4212377741128,6.02128960798244,14.4205870669401,23274.3188923403
28.7850762589299,0.27619762286015,5.63372408422546,1.283512231533,7.9734998527471,0.334254426404372,2.72082035122507,2.20700910851136,3.06121455990979,23.3501012879552,12.3141577030397,6.02798067161267,14.3087906281009,22960.4317163094
28.7195138346916,0.277948540797209,5.59096993606844,1.27799886387301,7.91000471161298,0.331494781588802,2.69956104898226,2.1971314402385,3.06603492951615,23.2550878220525,12.2226154383791,6.03300210586577,14.2000972898633,22665.4040098461
28.6518832416118,0.279437480939448,5.54857973064239,1.27142612056849,7.84744272194519,0.328779281753786,2.67820640327584,2.18567272144402,3.0739048460543,23.0947799702931,12.1451353273814,6.03656300049197,14.0917065068359,22313.8703516717
28.5823948437144,0.280673943083258,5.50244600000883,1.26284301266718,7.78002752286352,0.325866868089213,2.65475846041703,2.1729694652484,3.08411369832725,22.8776934030826,12.0803215628975,6.03886332827285,13.9731927402151,21841.5271260691
28.5112412098776,0.281670284479343,5.45029616441843,1.25174627608837,7.70455804738565,0.322624761481133,2.62811291848209,2.15929771042857,3.09604074168893,22.6134979379626,12.0266223495184,6.04010572922579,13.8388065368231,21357.5226665133
28.4384831734768,0.282446866799352,5.39403573834751,1.23871844484366,7.623686737013,0.319163861184729,2.59923899518697,2.1449310283293,3.10920033209061,22.3114255689833,11.9823819740432,6.0404823038017,13.6934862670119,20902.1738607936
28.3637833816369,0.283037381033328,5.34219310088858,1.22605862769998,7.54933477080753,0.315980315931329,2.57239998023534,2.13022026282472,3.12330555180138,21.9778255773149,11.9458988347607,6.04015635313212,13.5591030150762,20748.7533212181
28.2859254281224,0.283494737418215,5.3128875467913,1.21856302977746,7.50682672370242,0.314126506279111,2.55664813538992,2.11570889534966,3.13835126976463,21.6129630297164,11.9154978792791,6.03923907656749,13.4820497830527,21159.3021166055
28.2040193059191,0.283863301454758,5.31850894397034,1.2196427128118,7.5134111859409,0.31431610142076,2.55826809306251,2.10179824736929,3.15441361504754,21.2163908095883,11.8901794780808,6.03778787425291,13.4941382365503,21739.6693764585
28.1185016803732,0.284166010938206,5.35892345102491,1.22949381015941,7.56880690396696,0.316532683645357,2.57737484317855,2.08850638003511,3.17144493780285,20.7926253553332,11.8696341883189,6.03584789969833,13.5952154817217,22338.004167277
28.0309813885965,0.284412746848292,5.42306882954533,1.24544208875402,7.65747932731735,0.320126558913342,2.60865856045373,2.07534895030843,3.18924211437345,20.3512286928266,11.8538451626211,6.03348379701071,13.757205263443,22701.2172378704
27.9442616141147,0.28459664701197,5.48202098020937,1.26011402930287,7.73895545253503,0.323414441418159,2.63785953087612,2.06137399486136,3.20734748467465,19.9076236632299,11.8428675172493,6.03080832828501,13.9063307329755,22616.56704495
27.8608754776546,0.284710153637115,5.51360658735854,1.26772819380813,7.78226634655153,0.325112396283554,2.65392551818588,2.04609161786923,3.22519487020362,19.4764393202849,11.8364716088184,6.0279672832974,13.9859234192594,22427.6662512728
27.7822124257665,0.284757956561044,5.52057508988054,1.26891536844392,7.79129078786175,0.325385303820686,2.65815693598449,2.0299106047542,3.24226639565937,19.0674474713542,11.8341250156169,6.02510771788236,14.0029436695011,22249.6875120199
27.7086767790156,0.284759780564623,5.51903116052743,1.26782605099003,7.78853235620131,0.325169664864498,2.65854922302035,2.013712707724,3.25815427523403,18.6865594742275,11.8351243222474,6.02236310388313,13.9985078884978,22373.0522056102
27.6397031101032,0.284755883900977,5.53386742220679,1.27094379707208,7.8087477249327,0.325907941528756,2.66755786730386,1.99860895319569,3.27261628425465,18.3362231632059,11.8386959501508,6.01984509898657,14.0362493658205,23057.292345108
27.575153456845,0.284789789012639,5.58201039183351,1.28287609178598,7.87547985535533,0.328573414107616,2.6937959114232,1.98551953009252,3.2853423666559,18.023076752976,11.8439652813667,6.01769136283595,14.1595837394552,23871.8021265837
27.5158020740751,0.284898635610277,5.66498989244473,1.30438235960761,7.99071145174296,0.333242791509163,2.73821302271622,1.97473616908342,3.29592749004943,17.7598726247686,11.8498180664509,6.01607172072557,14.3726536463393,24654.5330175873
27.462719771387,0.285114582895119,5.76600079367452,1.3314615777552,8.13084297214979,0.338932417969162,2.79244768124661,1.96568700480755,3.30404726059171,17.5603207060834,11.8549918508551,6.01514079187124,14.6326794713849,25181.2564595659
27.4170296381423,0.285450608277749,5.85201093755842,1.35572403895121,8.24971890022866,0.343727059749753,2.83975827799676,1.957315166623,3.30950188112187,17.4348129802164,11.8582979491452,6.01500157939328,14.8552218135265,25281.9001871035
27.379297948135,0.285905371163268,5.90367517089268,1.37204865553608,8.32045969911643,0.346514983799063,2.87010614278333,1.94921789391795,3.31221959458813,17.3861224390643,11.8588262690639,6.01569192388056,14.9906784309893,25256.6718099896
27.349539393371,0.286477316963968,5.92675926742642,1.38175892375442,8.35130790064428,0.347640495020515,2.88614620257042,1.94195522110965,3.31219214831884,17.410669628606,11.8558817348226,6.01721198616772,15.0536990618312,25205.335842675
27.3277319334665,0.28715676836148,5.92668304165549,1.3861511589059,8.3499512821004,0.347423556046643,2.89049837220281,1.93617604403103,3.30950572019376,17.5008986371306,11.8488546871654,6.01952584501857,15.0581105844845,24930.3002254095
27.3137782685879,0.287913137274756,5.89718922344585,1.38339309546189,8.30769846457551,0.345507331355399,2.87991458132872,1.9319831352182,3.30446730977201,17.6448455376119,11.8373182929186,6.02253413702089,14.9877418678526,24265.5849476233
27.307167669079,0.288708248735777,5.83619164688596,1.37255469178345,8.22166390169225,0.341778466999691,2.85319335547374,1.92914535457301,3.29756463736784,17.8281133384305,11.8211069982984,6.02609952929063,14.8369072690562,23517.5565606885
27.3070828404281,0.289512240781378,5.75301795887519,1.35570309291923,8.10487251474785,0.336782049204465,2.81492616007824,1.92742606491674,3.28931405642089,18.0376107488549,11.8002427575942,6.0300932118762,14.629139114232,22782.5251585931
27.3126277017935,0.290299709810835,5.65780215871904,1.33526298770354,7.97143185521279,0.331105759659645,2.77018879974268,1.92649264150631,3.28024182276425,18.2620899533986,11.7749841263105,6.03438845322468,14.3901473146453,22055.925091621
27.3228896460775,0.291048993654182,5.55727833711471,1.31288066493955,7.83069016511847,0.325138490313426,2.72238191370189,1.92592224498792,3.27087899359931,18.491995175191,11.7458657478544,6.03885507321162,14.1370339823063,21328.9046809885
27.3370085268417,0.291743854552796,5.45579672685006,1.28964145580152,7.68868467923121,0.319130877440412,2.67371332054835,1.92528879163319,3.26172823390786,18.7196603284294,11.7136526428648,6.04336595190744,13.8808679412594,20627.2953237464
27.3542652699543,0.292374208289341,5.35659805410917,1.26638632520959,7.54992606056455,0.313269398361957,2.62583646589332,1.92422155491445,3.25323386779025,18.9394017979384,11.6792570700607,6.04780412701274,13.6299361599446,19965.3576355855
27.3742067512769,0.292940776927737,5.26470888716031,1.24446737172734,7.42144029706907,0.30784339729332,2.58132230605649,1.92252213078212,3.24574045007775,19.1479694682892,11.6435490412461,6.05207997823754,13.3971585838584,19488.4658983519
27.3967877305806,0.293460475498047,5.18914782310063,1.22635480956173,7.31583297322543,0.303371100397904,2.54480503726528,1.92026441480416,3.23948478759694,19.3447468431737,11.6071531408558,6.05614402964726,13.2057608606903,19337.1461632733
27.4222051502767,0.293951070031996,5.135541338671,1.2136874525521,7.24094362093728,0.300172784228941,2.51924541187954,1.91747117626682,3.23472589732629,19.529281892699,11.570775663681,6.05993706018208,13.070322740015,19309.9924644162
27.4506527552786,0.294418891909118,5.1023754890814,1.2061871843248,7.19463005023643,0.298157253001409,2.50397034150912,1.91392211495974,3.23178669520517,19.6999045812114,11.5354842748443,6.06336184508182,12.9870831739756,19328.1343170701
27.4820423173609,0.29485032559094,5.08018456074542,1.2013820902384,7.16365571584249,0.296777419212179,2.4942125013537,1.90909190875485,3.23098993234654,19.8534693102907,11.5027821379772,6.06628564135532,12.9318051694718,19056.3925296874
27.5155458692445,0.295199633376668,5.04703703953048,1.19333603310138,7.11740450251101,0.294773061611655,2.47874929808331,1.90204905610256,3.23251419131247,19.9853469198273,11.4745336251692,6.06856014247031,12.8481242144953,18182.3486157697
27.5501343245457,0.295423332318232,4.98745171765025,1.17768695815939,7.03433646096098,0.291260932451355,2.4495232202129,1.8922647586082,3.23621981885863,20.0934247496087,11.451908584312,6.07012646050718,12.6961134610588,17189.5178663404
27.585245569502,0.295506045018248,4.90583971177393,1.15544118157435,6.92070164314763,0.286501787249324,2.40864014976103,1.87996169138705,3.2417876192822,20.1790151788863,11.4350566494593,6.07102389120963,12.4869678769045,16262.1619273933
27.6206264917622,0.295448020249711,4.81359172358909,1.12960169649561,6.79245348689467,0.281153660831219,2.361855813413,1.86561682437791,3.24890892406245,20.2443459843003,11.4236910183873,6.07131899442862,12.2499081494456,15499.6511399373
27.6563213843412,0.295261130984682,4.72281466366094,1.10344535038038,6.66651022348741,0.275912372337575,2.31536219119561,1.84975281949639,3.25737875416024,20.2916220797655,11.4173995662988,6.07107206122062,12.0160627594879,14982.9319047995
27.6924214379518,0.294958203005818,4.64123006362566,1.07912244442884,6.55363702338885,0.271219282021841,2.27315875444647,1.83276451862907,3.2670891819392,20.3223100458932,11.4158699330095,6.07032052665526,11.8053355775216,14576.8093809382
27.7288297110983,0.294546118515214,4.57071203856979,1.05722825233682,6.45641828334937,0.267178803437173,2.23627251929989,1.81486907438047,3.27796455739317,20.337187829375,11.4188946602219,6.06908596278577,11.6226181639353,14214.6235923465
27.765345127035,0.294029138305236,4.51036622059525,1.03760080971927,6.37357396655478,0.26373656042502,2.20430790273123,1.7961982422241,3.2899475562324,20.3368519535577,11.4262992700521,6.06738366303327,11.4656781315829,13872.0614913006
27.8017038261344,0.293410037489114,4.45824731481111,1.01977730281804,6.30236322372625,0.260778436051249,2.17631739482868,1.77684054477729,3.30299133013976,20.321924668376,11.437930956226,6.06522622294736,11.3295676618693,13535.4420110518
27.8376200218661,0.292691000534586,4.41245718148161,1.00329058544525,6.24011881289501,0.258193678165646,2.1513624440126,1.75686488553008,3.31705946929161,20.2931038899296,11.4536711778402,6.06262381236023,11.2094458217195,13218.0423761334
27.8728189267634,0.291874208965137,4.37159028302498,0.987796562397009,6.18486621424408,0.255900235496136,2.12874678164049,1.73633272630437,3.33213034027517,20.2511050603053,11.473456928377,6.05958252280561,11.1017290133058,12927.3897767178
27.9071614682448,0.2909640968493,4.3359180835662,0.973385486976527,6.13698023402341,0.253912721310845,2.10862516301236,1.71532673599146,3.34824796452,20.1963699985518,11.497380715763,6.05609144424851,11.0071323070609,12766.015687784
27.9408003930117,0.289969574121015,4.30890622536022,0.960971184427604,6.10130990376452,0.252429499008524,2.09278329058119,1.69397805568036,3.36562598689332,20.1283917096411,11.5259309425788,6.05209281461028,10.9345607955246,12866.2953718566
27.9738130587755,0.288896623741744,4.29375086713201,0.951395010515997,6.08232503896802,0.251633013108313,2.08287935984311,1.67238973903841,3.38454408409348,20.0458770308517,11.5598841065319,6.04749920951823,10.8922304507276,13085.4009338049
28.0058921645998,0.28774380808582,4.29065012003128,0.944715027897755,6.08029805974188,0.251533201952876,2.07904135439425,1.65059884103991,3.40518374346593,19.9475792690429,11.5999693460804,6.04223586944453,10.8806645965397,13341.0865344696
28.0364871150969,0.286505916479733,4.29770862167372,0.940440229794168,6.09257369079241,0.252019987942952,2.08031731481642,1.62863138204719,3.42763166586657,19.8324705579849,11.6468050340311,6.03624588412347,10.8950098556431,13579.5935639469
28.0648895600126,0.28517593084561,4.31150832724655,0.937683348386159,6.11436832620503,0.252896340436088,2.0849610565244,1.6065461765934,3.45185644876415,19.699949718108,11.7007945844183,6.02950093729802,10.9265005453032,13752.9738371375
28.0903853129126,0.283747582392716,4.32888448611606,0.935615839184091,6.14125931664489,0.253980579374168,2.09133613679349,1.58447328850479,3.47775736721819,19.5495904357113,11.7622012469667,6.02199053001999,10.9670100223702,13910.5669111035
28.1123156131343,0.282216214054429,4.34817070701818,0.933783374917547,6.17092962645505,0.255177856475703,2.09855561792207,1.56262690243932,3.50522456159331,19.3807205387881,11.8312937108843,6.01370408392831,11.0122417904451,14076.1634268926
28.129892345735,0.280577527367461,4.36624560730459,0.931391495534855,6.19901094827609,0.256309222738218,2.10499857742836,1.54123974109984,3.53393846233298,19.1937554273564,11.9077738493698,6.00469572333744,11.0541880855308,14076.6267397083
28.1422345418384,0.278830821318689,4.37492575225745,0.926462679664089,6.2139965051247,0.256902725272438,2.10650234088511,1.52045255997273,3.56311720088133,18.9924654252104,11.9898416167694,5.99518365277343,11.071934533968,13698.9134674619
28.1488539061851,0.276983384568576,4.36730779010191,0.917380057044627,6.20615939937667,0.256559951249441,2.09956440666894,1.5003492218077,3.59193321033342,18.7817755154234,12.0751540045475,5.98543316520146,11.047863909241,13189.6423832027
28.1496998797142,0.275046031378481,4.34366744252302,0.904266990770412,6.17586875325155,0.255297327755629,2.0843103240045,1.4810428306012,3.61993852387938,18.5645872481978,12.1621914252015,5.97560580684204,10.9826984256612,12673.4709649015
28.1448845645499,0.273028773008563,4.30765213237015,0.888045474686733,6.12824075794317,0.253326011265618,2.06257340377833,1.46262662787333,3.64688797322909,18.3427466646234,12.2498923243778,5.96580595108767,10.8857665681994,12170.2242653629
28.1346112746017,0.270940246427381,4.26327271814208,0.869713397090977,6.06890533779755,0.250877867111414,2.03637976073202,1.44513719622229,3.67262126858497,18.117858393876,12.3373447753482,5.95611737405162,10.767323647956,11675.9287252552
28.1191774403645,0.268787915574053,4.21386590394527,0.850099600449703,6.00254538387873,0.248145515568267,2.0074239249164,1.42855421229832,3.69704318909068,17.8914058226167,12.4237573517833,5.94660803255097,10.6359047011501,11192.5994795976
28.0989670341564,0.266578185425155,4.16193703655469,0.829828773168185,5.93267558037543,0.245273346042229,1.97698663194242,1.4128161330087,3.72012228899411,17.6646756417514,12.5084994644857,5.93732745761989,10.4979235024917,10723.1273989389
28.0741385811298,0.264311337673697,4.11188649523888,0.809918476156113,5.86550279352796,0.242516200443481,1.94727728919085,1.39795952382588,3.74209277187504,17.4362800624745,12.5920017949138,5.92821287492719,10.3645928311978,10499.1682033859
28.0437923808528,0.261969996680179,4.07345288974198,0.79249836325756,5.81481156893791,0.24043988074883,1.92312161392507,1.38437608184085,3.76373549002743,17.1978473328325,12.6771726131895,5.91894083488172,10.2606426379866,10864.0658074266
28.0061988124756,0.259527115334802,4.05522095630618,0.779370987660116,5.79277524065465,0.239543240717548,1.90876011545402,1.37259881491782,3.78582439325232,16.9392172867302,12.7672980423015,5.90914903595132,10.207828495379,11503.5265207301
27.9599186307596,0.256962987040902,4.05945614057064,0.770926056658854,5.80262785866429,0.239957414826235,1.90531429561826,1.36293415387444,3.80861358013156,16.6553385621888,12.8636491587736,5.89868653601795,10.211847444799,12197.737056216
27.9033427610462,0.254254744757863,4.0882464575888,0.76747446869307,5.84736791597119,0.241803816070743,1.91380075448399,1.35571654784531,3.83233629984736,16.3409791878177,12.9674890332524,5.88740019241932,10.2779203335069,13140.1314757714
27.8332648106992,0.251354521090023,4.15067418818926,0.770701230053368,5.93995740056426,0.245613234966674,1.93861366413207,1.35180287102439,3.85769800675761,15.9832217852006,13.082545189075,5.87487277913489,10.4289193632731,14693.3970839555
27.7458159296626,0.24820157318766,4.25922767241427,0.7828488145661,6.09825833353875,0.252117837050056,1.98574031100178,1.35235296239975,3.88537568788809,15.5674073184674,13.2130186122156,5.86063870697756,10.6962428117428,16522.6311528146
27.6386971323663,0.244751265414877,4.4213011677509,0.805002856412537,6.33296020865458,0.261755773070977,2.05860691089656,1.35835502592582,3.91547523546234,15.0858109801258,13.3612008383422,5.84445617755151,11.0983348131751,18421.1076580363
27.5117136897315,0.240985176133611,4.63618198413937,0.836615816293359,6.64326229865349,0.274494516935799,2.15664954350397,1.37070290096926,3.94758393461509,14.5371060928158,13.5281824260173,5.82626160931714,11.6331605386012,20270.7476891574
27.36717460125,0.23692773125175,4.89223553683036,0.875135480070004,7.01280022040403,0.289663928349245,2.27405544203166,1.39019089565967,3.98060711562355,13.92762418343,13.7137285997375,5.80621209968205,12.2712395985766,21977.1912135821
27.2092789856126,0.232650845606106,5.17190853533797,0.917137498677882,7.41670133854303,0.306245989850884,2.40233251267685,1.41757826949477,4.01263477265643,13.2713663279045,13.9162180462609,5.78470588865176,12.9684094242753,23624.5256503782
27.0431402515916,0.228268864039874,5.46037588070029,0.960042013744524,7.83387438313066,0.323378825109886,2.53460484470612,1.45351104144233,4.04080820365588,12.5912978817549,14.1321065969188,5.76243342158487,13.6877054454499,25213.8147319508
26.8752312037026,0.2239508065215,5.74385021014074,1.00183509953553,8.2445665000266,0.340254196422395,2.66486108096101,1.49738355737128,4.06122765842424,11.9273768054926,14.3532982366665,5.74060476581569,14.3951392735175,26379.6945628143
26.7128542801614,0.219915347450887,5.98645784785157,1.03683976638755,8.59723518964931,0.354752222471747,2.77671654617803,1.54589123693873,4.06988864880663,11.3366550478137,14.5663782259633,5.72089360821841,15.001354459608,26805.3525229768
26.560428988488,0.216365291632763,6.14508812848413,1.05827027635782,8.82979458499452,0.36431538485453,2.85001475004085,1.59501902562332,4.06425580778563,10.8728504582124,14.7580858674793,5.70476546309034,15.3985759414594,26907.3244417368
26.418455547539,0.213448015830972,6.22355790764305,1.06789703274564,8.94730573246312,0.369146203579493,2.88665074298724,1.64275054270838,4.04360395148521,10.5740745859877,14.9188382059351,5.69313141012049,15.5968752639849,26818.5922424328
26.2854285070837,0.211268961765181,6.24829017423669,1.07136367050178,8.98729590968883,0.37078182842334,2.89916162146671,1.68853687934979,4.00874642397932,10.4634304791515,15.0421854748612,5.68643088295599,15.6630311926038,26679.0026141837
26.1587855919937,0.209898486677829,6.24328768809229,1.07344321993107,8.98395567392604,0.370623499293839,2.89881762003784,1.73249943781578,3.9615484793843,10.5500335128784,15.1246118193832,5.68471086574527,15.6574644433948,26606.9353711056
26.0361263295725,0.209372746470847,6.22348885218291,1.07682932823592,8.95858731024012,0.369544519763747,2.89250507701521,1.77466233240946,3.90461483485778,10.8311647334005,15.1646897594048,5.6877433714887,15.6175163720313,26478.974532388
25.9157931987043,0.209679739636597,6.19404058410176,1.08199138005398,8.91853981328643,0.367846905670664,2.88236602323814,1.81469878107606,3.84109057897606,11.2916733852505,15.1631464321412,5.69505211428636,15.5555799326921,26286.2165347238
25.7979063920986,0.210731662462512,6.14322532799924,1.0857070076095,8.8470636633644,0.364844700402043,2.86236020527681,1.85143576464411,3.77488552789692,11.8987591006405,15.1236204495427,5.70583282201176,15.4411130007412,25504.5100948843
25.6853135652265,0.212322784830961,6.03894102909575,1.07999260229579,8.69832344719192,0.358661360508838,2.81643804910001,1.88251717403263,3.71086840341944,12.5939549978122,15.0544265536539,5.71879442541975,15.1914229040396,23761.5366961206
25.5804538868046,0.214195808674418,5.87216979133212,1.0610550248005,8.45970973316092,0.34878981329549,2.73962925373564,1.90660714966664,3.65251503227292,13.3164662152383,14.966469607683,5.7326104866603,14.7820989949265,21900.3544721548
25.4835859033458,0.216155779489159,5.6679739694199,1.03268179772144,8.16741092663109,0.33672467493653,2.64374432606828,1.92418562500654,3.60084764386931,14.0283096550649,14.8684309191467,5.74643610806708,14.2758262913213,20175.1202994937
25.3938534189944,0.218092768295155,5.45748400121799,1.00083100233672,7.86618592177666,0.324307051260749,2.54383994786567,1.93643090688442,3.55558366067515,14.7117903600378,14.7656213699497,5.75986146941112,13.7514522671287,18868.9722727995
25.3092039067207,0.219988314411423,5.27039005033455,0.971872302386395,7.59862191893289,0.313284432775404,2.45446241409626,1.94497827799676,3.51560518172391,15.3679288593488,14.6596886043376,5.77287331123015,13.2847047176635,18224.1314917318
25.2280124935807,0.22185619686992,5.1212758987704,0.949374973097536,7.38558119346972,0.304509461692158,2.38293567283729,1.95098139138456,3.48010711097858,16.0003285390837,14.5510506083384,5.7855213423622,12.9131623783322,17828.1029688675
25.1500793007018,0.223690133106781,5.00787394045582,0.933291301454799,7.22376707472477,0.297842851770713,2.32838068380631,1.95473041313614,3.44906098688484,16.604498682765,14.441120413537,5.79768799915709,12.6314645095248,17510.8370994364
25.0756916385491,0.22547618193257,4.92331519232722,0.922414027232386,7.10331129534959,0.292876741770184,2.28760023429631,1.95623438983913,3.42264590754674,17.1740814002277,14.3316817112035,5.80920760317752,12.4223743773788,17251.7429609542
25.0052153617521,0.227199464735531,4.8611690778346,0.915503198639832,7.01499170652362,0.289230841304375,2.25754061287,1.95545085772373,3.40102627114337,17.7036676164178,14.2245137330685,5.81992327526225,12.2696528418551,17054.8834386757
24.9390586950356,0.228844914867307,4.81668421868915,0.911627190823208,6.95199879822434,0.286624467776321,2.23592305828342,1.95230437771952,3.38432809213476,18.1887975715188,14.121395177601,5.82968908468272,12.1612804936619,16912.7685353393
24.8776797985527,0.230398514208825,4.78609797394454,0.910044322834653,6.90894248365658,0.284835578164107,2.22092412088788,1.94667377976196,3.37263526036129,18.6256724627042,14.0241174797872,5.83836798085135,12.0877272040053,16821.5622135629
24.8217341265197,0.231841131554609,4.76435239355001,0.909689322479382,6.87858288015004,0.283566836919793,2.21006741046461,1.93836565628926,3.36599594546682,19.0099854251595,13.9346852016479,5.84581400051546,12.0361220444443,16672.8512797806
24.7721387989147,0.23314162344174,4.74375514359086,0.908852967086141,6.84991747424904,0.282367568130736,2.19956927181568,1.92715585474591,3.36434200031408,19.3366243691936,13.8553557684748,5.85187723102123,11.9868219453325,16348.7167808857
24.7295194574108,0.23427670885445,4.71892145162693,0.906304707469428,6.81526037215974,0.280923883161413,2.18675164825527,1.91305539886434,3.36735698434811,19.6034909495968,13.7876573073473,5.85649112059705,11.926049153818,16004.1565087284
24.6940190564876,0.235243311215642,4.69008769438564,0.902101347781449,6.77497399961255,0.27925171545597,2.17168612828319,1.89637167613928,3.37457668880168,19.812265150802,13.7320334237929,5.85968471263168,11.8544075007803,15703.7080945438
24.6656392160041,0.236047731663635,4.65979794210225,0.896863398106335,6.73271463196683,0.277501472012908,2.15559621000049,1.87751828818244,3.38552676161147,19.9657561722545,13.6884129874416,5.8615227355303,11.7784351078937,15461.7898432968
24.6443768534432,0.23670067466029,4.63074162678408,0.891272553745104,6.69233703277814,0.275831191922891,2.13979975736103,1.85691998700955,3.39976881580635,20.0669076106802,13.6564729452872,5.86208071046912,11.7050673606476,15281.8895286368
24.6302737076548,0.237213381418508,4.6045489291662,0.885781570864465,6.65617163713284,0.274336097142344,2.12511581135316,1.83497055755875,3.41689935602499,20.118481193165,13.6357674259638,5.86143621440844,11.6385438590244,15133.6771058342
24.6233921088593,0.237595370670113,4.58143171073016,0.880517610586801,6.62451294172938,0.273027827273742,2.11168272425526,1.81202311904285,3.43652908467491,20.1231918538339,13.6257512945529,5.85967066522925,11.5794777433116,14998.9851257931
24.623773834387,0.237862660648285,4.56330093696022,0.875977238429152,6.60009303764107,0.272017700433304,2.10045659366228,1.78843213114093,3.45839133409874,20.0836499637567,13.625784452618,5.85685628846539,11.5328107478908,15031.7055792429
24.6316716553007,0.238045590050688,4.55720027654667,0.873814260802987,6.59300633450203,0.271718033843856,2.09486711789804,1.7645860578095,3.482544620883,20.0006754251043,13.635488949806,5.85300378938742,11.516592313639,15425.6561542975
24.6477184026468,0.238168417617079,4.56913124341836,0.87546575107885,6.61184708283267,0.272479082070837,2.09784809655384,1.74084068239513,3.50913845463846,19.8728918975151,13.6549819179957,5.84807392877867,11.5462222630455,15944.4929718081
24.6725457217118,0.238236266941386,4.59904497852096,0.880990661643113,6.65652856848402,0.274295738978543,2.1094155947676,1.71750078523039,3.53807735595561,19.6992802318919,13.6844252231792,5.84205508954093,11.6216349392699,16468.1119121369
24.7065667701136,0.23824909623328,4.64498902594431,0.889971754232504,6.72423949031922,0.277051928298618,2.12865283508141,1.69490562558138,3.56915292225269,19.479768421652,13.7238515804198,5.83496125043882,11.737864774908,17047.8583258322
24.750058219733,0.238208659948622,4.70687302377331,0.902363430820369,6.8148489630984,0.280741853240902,2.15551955382291,1.67349705132178,3.60218043704667,19.2142960933422,13.7733630269223,5.82680039464548,11.8946623544299,17768.6610787075
24.8029639210532,0.238112468173138,4.78474646485675,0.918135485975077,6.9284237257203,0.28536808067289,2.19004222560383,1.6538051003208,3.63682828319657,18.9038922173208,13.8329783221678,5.81760950590881,12.0921203675755,18531.6849837749
24.8645539072392,0.237951936502655,4.87627891866537,0.936732643020866,7.06160105564165,0.290792981927337,2.23112117555831,1.63638922376731,3.67243644216239,18.5526115148179,13.9022618781467,5.80750875406317,12.3242601486004,19289.6660251019
24.933855668451,0.237724696626335,4.98190398909478,0.958220095295913,7.21498341828848,0.297041281071528,2.27898738013293,1.62191575131312,3.70823020108988,18.1654958829242,13.9806947147569,5.79664597195541,12.592159461571,20239.9804649841
25.0103410452389,0.237442059010906,5.11103672364159,0.984670384958053,7.40207840411213,0.304665415745174,2.33816903564522,1.6113395563204,3.7434536887785,17.7459619216791,14.0682056586223,5.78513781226157,12.9198213583626,21598.4878443638
25.0932122375501,0.237119546375289,5.27522422863395,1.01872222461044,7.63943784626601,0.314341095622034,2.41425433650366,1.605664777992,3.77681393660946,17.3015082381381,14.1639597266141,5.77323798498293,13.3367629512667,23053.375552744
25.1809527750115,0.236780439558691,5.47756941106219,1.06131019810617,7.93145494041954,0.326245037654314,2.50885001603935,1.60516010702995,3.80628657940917,16.8481571027816,14.265142758615,5.76145636741476,13.851094365742,24465.4624346858
25.2723156555722,0.236466031064892,5.69932119593532,1.10869438043504,8.25111964670775,0.339268912189725,2.61312889123782,1.60899912527415,3.82958468006107,16.4069260484671,14.3672727045125,5.75046627921951,14.4153111611833,25751.9133196656
25.3670983654145,0.236227372897174,5.9120830413685,1.15501013092657,8.55760784613513,0.351741302317801,2.71356889274808,1.616133184943,3.84449912630465,16.0002616072365,14.464548898016,5.7410219958276,14.9573082146349,26851.6256075635
25.466742107705,0.236116776435859,6.10244561041458,1.19762287571561,8.83167539083972,0.362875242579796,2.80371521367741,1.62647715897888,3.84922516529136,15.6475250318664,14.5505527870033,5.73384946695642,15.4431282637873,27821.2295192872
25.5743630938952,0.23618143591433,6.26565910266243,1.23574309227239,9.06652187742761,0.37239296751081,2.8812351403812,1.64104675194394,3.84259459044071,15.3619358438538,14.6188337815715,5.72956057368927,15.8608386778207,28673.0549068536
25.6932267547337,0.23644544339598,6.39436419685707,1.26790445044241,9.25158158988695,0.379862657053605,2.94258147397328,1.66096503446856,3.82439440636302,15.1507955355159,14.6630617582224,5.72859544238411,16.1917814609367,29005.1118552005
25.8245121341775,0.236891769580696,6.46177571658128,1.28805315549792,9.34836938393998,0.383712523221301,2.97497290827325,1.68580905284808,3.79597427769103,15.0133969674734,14.6785903806586,5.73103536885762,16.3675609958589,28531.9959490453
25.9675889919965,0.237470504904615,6.45264150955177,1.29213584304073,9.33508812432392,0.383057491050409,2.97098491204902,1.71430406901363,3.75976484644666,14.9387577136164,14.6643978749137,5.7365484779856,16.3488036048571,27832.876530802
26.1209043038485,0.238127436848302,6.38745916435848,1.28395606627173,9.24136746717636,0.379114160954151,2.94019339553602,1.74549008421273,3.71816733759396,14.9111733729189,14.6220449323364,5.7446328616982,16.187278794764,27078.4735085481
26.281761954259,0.238816258162808,6.29342567651091,1.26904839542355,9.10640912330884,0.373487399778753,2.89545005516545,1.77857220689977,3.67325371990004,14.915652122563,14.5541075326805,5.75477657851894,15.9520199809698,26446.6776828784
26.4471514032156,0.239505896362971,6.1963952683614,1.25288189133872,8.96742956323865,0.367698587786773,2.84902407511253,1.8131069543067,3.62659107256412,14.9396682354925,14.4631474381242,5.76655143256865,15.7087903246081,26069.8983498387
26.6132585145521,0.240169720773231,6.1105402262268,1.23849632613639,8.84478235897252,0.362578776664501,2.80769361020303,1.84855787254898,3.57957113074979,14.9731571673658,14.3518500005866,5.77956080566717,15.4936565043241,25744.0384854964
26.7752835230143,0.240776462633315,6.03690333996641,1.22603240518656,8.73989810319177,0.358186829241141,2.77201428213518,1.88400787727794,3.5336321976532,15.0078484079384,14.2237250863608,5.79336716446561,15.3091817584789,25420.9062047216
26.927618499702,0.241285357700793,5.96457523367911,1.21294482243217,8.6369843790155,0.353880214900899,2.73686378099694,1.91799833437315,3.49033041388402,15.0369770669426,14.083841791011,5.80743983184571,15.1273913326293,24765.7222619395
27.0641196577621,0.241643336033748,5.87027495081065,1.19388725420878,8.50243114781462,0.348292118111886,2.69122668586875,1.94833992946592,3.45136761106163,15.0555044841442,13.9395806917865,5.82110870110509,14.8886862358821,23527.873726192
27.181398415834,0.241814711551739,5.74427905336923,1.16655194525982,8.32220280052068,0.340855763073939,2.63042071031139,1.97356398091138,3.41767391316657,15.0609832190225,13.7975860491842,5.83386554978189,14.5680750240748,22231.4301630085
27.2795268282511,0.241794212559134,5.59842060759443,1.13359743578333,8.11334492980485,0.332269301964154,2.55995770756613,1.99354723507255,3.38920699776302,15.0529603328231,13.661461775963,5.84551710072195,14.1957234604258,21039.3765822657
27.3595095695168,0.241587014446523,5.44384778585664,1.09765902386761,7.89191028312417,0.323187276213575,2.48509089960727,2.00842635678023,3.36572550397276,15.0318519259237,13.5335884812716,5.8559684840469,13.8001768806735,19816.8506559248
27.4224568399636,0.241198964469696,5.28269560985146,1.05939259179912,7.66097032331079,0.313734006814937,2.40685396464352,2.01816039330844,3.34704671204943,14.9987955586082,13.4162218051503,5.86512391256407,13.3870285537924,18428.4224021601
27.4701589932462,0.240640802161102,5.1171616969306,1.01943064996536,7.42371701461308,0.304038859365193,2.32629479076817,2.0229522115384,3.33282945095476,14.9554682973302,13.3105753964395,5.87296835177519,12.9620228008364,17083.7134174598
27.5049735135104,0.239928666708646,4.95369579227089,0.979318543451559,7.18948494846129,0.294481206751376,2.24645389024238,2.0233907837893,3.32255366299592,14.9034881021018,13.216429833937,5.87959133573313,12.5417338738014,15854.4215668304
27.5292557782579,0.239080368785309,4.80052274189474,0.940963321646142,6.97016346340191,0.28554401161889,2.17120336920521,2.02023976328385,3.31567390429382,14.8439523651949,13.1326567175179,5.88513524717367,12.1472330585419,14894.7505731957
27.5450720124739,0.238114837975933,4.66795381162082,0.906683637121083,6.7806400989326,0.277831836552508,2.10538845696806,2.0144112829089,3.31170545846023,14.776770695267,13.0572975226162,5.88977753888321,11.8048603353519,14367.1967621708
27.5537846322125,0.237046162674464,4.56149218235778,0.877730554158895,6.62884574999378,0.271665196377697,2.05161551050171,2.00654301151428,3.31040465592223,14.7011364502609,12.9888687129913,5.89363301953819,11.528680683322,14029.957821069
27.5562200269073,0.235882101547678,4.47928533354735,0.853752101087126,6.51208955900782,0.266931894554989,2.00905651576359,1.99682863614012,3.31174483082466,14.6165348582487,12.9270527883503,5.89672061156204,11.3140178127269,13762.871245355
27.5530419747586,0.234628720665602,4.41842655944555,0.834146438261672,6.42616451372955,0.263458425309686,1.97637862180375,1.9853572019281,3.31578044243242,14.5223319926946,12.8718341897424,5.89903012267647,11.1534930092561,13628.1282634325
27.5447436561573,0.233291625765583,4.37885850687537,0.818892562049232,6.37097997968138,0.261239212707961,1.95356538218259,1.97227237782449,3.32266455441653,14.4169810503219,12.8230937577228,5.90054051113805,11.0469508001879,13732.840253151
27.5316337847417,0.231874226412233,4.36050587220626,0.807959685684169,6.34641509247889,0.260267317756301,1.94059488039736,1.95761310217464,3.33268160497967,14.2984520712794,12.7811335252873,5.90118632038804,10.9941831706469,13953.7030751053
27.5140251289782,0.23037802998419,4.36009110631185,0.800652399035423,6.34772648790032,0.26034766236254,1.9359549437783,1.94126250543533,3.34616000632989,14.1650984151629,12.7469299958286,5.90085748334041,10.9868527968481,14223.1473759546
27.492450066985,0.228804507007485,4.37150610055022,0.795701663235652,6.36609064191038,0.261119571569047,1.93681008393835,1.92304688819743,3.36331014363407,14.0163890045089,12.7219012334332,5.89943706647129,11.0094492779411,14357.0490090362
27.4679162478448,0.227157821644403,4.3836631181918,0.79085021305641,6.38550220729552,0.261930983444018,1.93800479762051,1.9028101946774,3.38394425392043,13.8543526825318,12.70744711944,5.89687127627923,11.0338600379105,14148.5871076063
27.4415692710673,0.225445815773715,4.38710902059755,0.784200088936978,6.39232917592843,0.262227792467936,1.93512340101532,1.88064237093422,3.40757157275184,13.6818639113739,12.7040805555884,5.89320159250026,11.0361388403008,13842.1582936214
27.4141949208433,0.223676483926129,4.37995495778213,0.775386590687983,6.38387033204624,0.261901528698111,1.92724322846086,1.85689377505789,3.43375685082328,13.500250531365,12.7115283899821,5.88850181128647,11.0115100707848,13556.9147747612
27.3862601295272,0.221855731721959,4.36495270491175,0.764964952756138,6.36412543895157,0.261116422722375,1.9155901891881,1.83200446364459,3.46216645188295,13.3097507450069,12.7292841244167,5.88284098140461,10.9669418463485,13352.3920846034
27.3579655022049,0.219986388038437,4.34710294093785,0.75391725207658,6.34033939469731,0.260168360422607,1.90243328419609,1.80642497162305,3.49259917989189,13.1096305209561,12.7568941063706,5.87626240616851,10.9150778374145,13275.2054932871
27.3294070182544,0.218069151312733,4.33055815274626,0.743045255967936,6.31852440745984,0.259302466102023,1.88966132515715,1.78058074284191,3.5248778664559,12.8990320442927,12.7939658383129,5.86880077669059,10.8664056492993,13248.917919526
27.3007027374684,0.216104477592541,4.31690023673882,0.732648920849032,6.30096926479812,0.258611852105172,1.8779954887754,1.75487065061554,3.55871904106057,12.6778389251714,12.839949230499,5.86051645430514,10.8249157484449,13228.7102751545
27.2720442768847,0.214094503446937,4.30473940516437,0.722471758098701,6.2856566451361,0.258014071996922,1.86681411763102,1.72966237424274,3.59365383452928,12.4472445623455,12.8938803767069,5.8515248851233,10.7871082767335,13101.3038022887
27.2437970245296,0.212046234680446,4.28901392917749,0.711598094050395,6.26524365072508,0.257209797110224,1.85384756270038,1.70525118303714,3.62889903967944,12.2108379462302,12.9540038146778,5.84204373229581,10.7402518336682,12740.2310748618
27.2162396213541,0.209968854099633,4.26529543498486,0.699259499256772,6.23330181163457,0.255937242073757,1.83712609964042,1.68184105516932,3.66369055655981,11.9725674113319,13.0182711967786,5.83231126402088,10.6732382900494,12291.6147975609
27.1893571907381,0.207868995601549,4.23319123718351,0.685437461538338,6.18925425667575,0.254173208513941,1.81650263625277,1.65957034496721,3.69760649891662,11.7345230917128,13.0851299612467,5.82248479611225,10.5851302908398,11837.1046014061
27.1630195266214,0.20575179549357,4.19428593302113,0.67046634209353,6.13539297085713,0.252011375324341,1.79271604559011,1.63851499192616,3.730409707519,11.4979417434355,13.1534097754677,5.81267206575122,10.4799601681949,11385.2077142041
27.1371047950793,0.203622213129303,4.15039060739437,0.654710562985476,6.07433827775493,0.249558703410966,1.76660301533723,1.61868457215459,3.76192344444383,11.2640305147114,13.22211604,5.8029638253031,10.3623191839124,10924.8458542345
27.1115024712128,0.201484613971781,4.10326546711006,0.638512591765658,6.00863638865582,0.246919053128913,1.7389725154239,1.60003724409326,3.79203885349596,11.0338371171074,13.2904555492352,5.79343019219637,10.2366577569714,10476.1905324902
27.0860919834158,0.199341981826411,4.05467190217062,0.622200860618152,5.94083573724152,0.244196307178334,1.71062767706571,1.58250602968618,3.82073716367338,10.8079599264936,13.3579065833954,5.78411121092048,10.1074151773863,10051.9859687717
27.0603459508051,0.197187515150769,4.00962136315362,0.60662722831489,5.87822302396224,0.241687443924397,1.68378447776409,1.56616364799402,3.84846208016368,10.5831337788708,13.4252264801233,5.77488318018521,9.98715225050057,9976.79908285131
27.0325448764321,0.194988677141281,3.98113542803961,0.593921446236088,5.83977555587621,0.240165526931677,1.66412806393752,1.55158785069007,3.87671827551146,10.3461431364076,13.4962613640665,5.76522320783661,9.90844078789966,10764.2797344468
27.0005408694703,0.192704464082366,3.98220355994181,0.586126714707866,5.84445593415911,0.240401675539343,1.65727997360722,1.53969232877035,3.90705543383597,10.0816524109952,13.5755583587958,5.7545311761268,9.90371035899484,11989.0445999217
26.9629335109966,0.190310243017254,4.01912509401416,0.584123564459007,5.90150046168349,0.242769483611888,1.66590958638633,1.53126161331223,3.93997093020714,9.78240856112575,13.6653108810335,5.74253051201771,9.98860691646363,13321.01452069
26.9187345005719,0.187789487702115,4.09488339155977,0.588208524106255,6.01532838517827,0.247445856344028,1.69121634633543,1.52699901549507,3.9754042945694,9.44570387941537,13.766533277067,5.72911357605342,10.1704515177328,14696.9203258311
26.867002880185,0.18512579510635,4.21047273085132,0.598319087835805,6.18747635888237,0.254490739825417,1.73349399721898,1.52772907505099,4.0131572695952,9.06960184407745,13.8803661613452,5.71418332681685,10.4515577770237,16149.1392844493
26.8069916069667,0.182305923121391,4.36502842036719,0.614072183455977,6.41678860524192,0.263855886438753,1.79217401534819,1.53447426083209,4.05282416531623,8.65311484510199,14.0081888901822,5.6976595049635,10.8295636202993,17642.3227175352
26.7385070847796,0.179328131048876,4.55454200979103,0.634616948555332,6.69752466147814,0.275308218723605,1.86528997157556,1.54840393535682,4.09357160054276,8.19761567784824,14.1512322156615,5.67954671480246,11.2942617301725,9929.33103985207
26.6625346028873,0.17622127671488,4.77078974021075,0.658554298508299,7.01776066981987,0.288363700703183,1.9490927075139,1.56961457655841,4.13378199371407,7.70983544759875,14.3093845010046,5.66008715252687,11.8250045067993,20639.018927899
26.5800956509533,0.173121861879042,5.02191230915556,0.687053125276869,7.38947113066501,0.303498544361862,2.0471479192029,1.59025076696305,4.17035756269766,7.1948181044314,14.4837963451129,5.63963482698993,12.4421328596094,22052.3793770478
26.4942152992727,0.170706931969564,5.28897340687971,0.717500833040916,7.78468587340109,0.319526783651944,2.15283313277412,1.58629482046725,4.19094502490113,6.67270862693531,14.6755981591128,5.61993759595752,13.0992393348708,23392.3553808619
26.4083298127051,0.172589130970535,5.55307561650798,0.747480015802928,8.17520953965763,0.335266179855614,2.26095960505226,1.53039798534952,4.1673490987519,6.17596327182973,14.8916293700951,5.60466514594989,13.7507531199033,24627.9454575076
26.3265506058585,0.19750369463458,5.79721881654429,0.774975450766408,8.53555382818456,0.349688668669417,2.36895891728804,1.40766051745526,4.06289718094003,5.75461711693117,15.136717348367,5.59895258744829,14.3569784655619,25572.7165930197
26.2530969714131,0.300821240074871,6.00065253954992,0.797599468738277,8.83504577385023,0.36156856431286,2.47564280016269,1.22296612681905,3.85377599901358,5.46764724836505,15.4014537425644,5.60716941333472,14.8711050818992,26074.2872855189
26.1907909511417,0.587346782031539,6.14889531756015,0.814022822185962,9.0525648697138,0.370057446300547,2.58270649863692,0.997950280352157,3.54271162652381,5.36367333759023,15.6611382354372,5.63087842775307,15.2624954435979,26333.9226552136
26.14033179955,1.2030549471538,6.24380793272133,0.825288108467369,9.19099566783046,0.3752732793943,2.6911837243526,0.76145449271927,3.15438761447497,5.46969374118208,15.8850492267914,5.66871965418413,15.5366523412096,26431.5521095884
26.1007139148116,2.3005513078312,6.2894368449477,0.83255294197197,9.25624902961129,0.377461235917876,2.79018850533635,0.541729820470045,2.72518305525634,5.78885276135387,16.0453568825905,5.71726481299142,15.6964941921353,26265.4807619423
26.0697780275908,3.98137376595266,6.28802665218686,0.836274540657099,9.2514765696923,0.376769959270353,2.86201667252558,0.359649352629664,2.29324436281907,6.29991528202583,16.1243279427475,5.77203129027601,15.7363987802004,25765.305001325
26.0449441885288,6.26268827864167,6.24593631436291,0.836991269578304,9.18592408149692,0.373608419567889,2.89636327859173,0.22360027498658,1.88797752945101,6.96533662524559,16.1177734591491,5.82885984829759,15.6640562142228,25159.697559024
26.0242139180762,9.0923712509088,6.17687514368896,0.836069028208222,9.0797317477368,0.368829090040051,2.89550727827522,0.130869956765862,1.52609614223466,7.7441722139422,16.031728622917,5.88477944926824,15.5110568524356,24536.4074133481
26.0068070353457,12.3731320880416,6.09373173367953,0.834735406901988,8.95196378371162,0.363231617560572,2.86789666455971,0.0727472452153483,1.21477747630571,8.59773676846272,15.8775371900402,5.93790988338912,15.3109558944174,23924.2700121555
25.993127140953,15.9884529913521,6.00566401966828,0.833707213130291,8.81631027444672,0.357383169568763,2.82311036172655,0.0389081384190796,0.954694814518812,9.49214218244618,15.6686252102861,5.98722912966703,15.0897537966944,23341.2383103269
25.9843736412895,19.8235109725317,5.91842459493473,0.833253008802161,8.68149378474807,0.351636098561908,2.76930001582543,0.0203177223041423,0.742440825235009,10.3993772234729,15.418485739401,6.03233686917243,14.8650346485899,22796.3609955177
25.982064777757,23.7780116000725,5.8353764123434,0.833374300587123,8.55268912181493,0.346191027242427,2.71222800557633,0.0104895506245178,0.572413925690997,11.2973811945348,15.1395044880955,6.07324196403842,14.6476229117324,22296.8467031969
25.9876024353397,27.752541821509,5.75345287426736,0.833119445435683,8.42563043351349,0.340863840914869,2.65346010436337,0.00540946293836426,0.438730879977152,12.1655386763825,14.8437882521762,6.11003016860021,14.4314344983574,21636.1237700274
26.0017377585956,31.6311958317547,5.66072044597639,0.830043502404272,8.28312212483248,0.334948252362336,2.58992871061035,0.00281579891333329,0.335955699838141,12.9810566615618,14.5445243508447,6.1426711537057,14.187713719986,20634.575320521
26.024367797241,35.3305466727811,5.55134868684676,0.822742973669139,8.11684198862158,0.328099513704547,2.52047086552898,0.00149067973908438,0.258128468394053,13.7296193521849,14.2520236674507,6.17138870806453,13.9025276578316,19606.9024134808
26.0549934577403,38.8265404288516,5.43169667244327,0.812115222608267,7.93612811630488,0.32068875306982,2.44839222367784,0.000804553559223636,0.199316388198642,14.4098264058941,13.9711200602823,6.19673593260474,13.5920509945836,18660.975109527
26.0929642412231,42.1169884944832,5.30921253738669,0.799467072429035,7.75182586261918,0.313148924651161,2.3770712167919,0.000442913293701761,0.154785741342028,15.0246140821646,13.7040556531286,6.21925308545689,13.2750398313262,17768.7435661261
26.1374795002992,45.203082674635,5.18759655005478,0.785551909195612,7.56929507209145,0.305692427021111,2.30812850037553,0.000248765956111923,0.121002200241668,15.577469301791,13.4521627635116,6.23936450165417,12.9608279129323,16889.0159962617
26.187680055592,48.0926006424054,5.06872166928603,0.770822204333138,7.39122889207285,0.298425176488898,2.24230374035624,0.000142527035773433,0.0952828979452275,16.0729622803941,13.215782692178,6.25743218560189,12.6541253288631,16066.2640659296
26.2427834865484,50.8022644461961,4.95449609073199,0.755743526275092,7.22036414914255,0.291455748534425,2.18026607810646,8.32180567408817e-05,0.0755812643623779,16.5169339359671,12.9942080272747,6.27379011739475,12.3596778577426,15315.8429793014
26.3023991378342,53.364921867884,4.84914062884739,0.741213347040204,7.06277738302204,0.285027830525087,2.12357179055006,4.93834282936764e-05,0.0603132733409205,16.9172802664744,12.7852044727868,6.2887993019116,12.087953077062,14796.7165290147
26.3671148116259,55.8417735194349,4.76147936961329,0.729017428640128,6.9311817163682,0.27965236583534,2.07560122195575,2.96039024714857e-05,0.0482285813176947,17.2851292981589,12.5841250641584,6.30292295755291,11.8608526373577,14693.4440541545
26.4378347148631,58.2874980554249,4.69748177186266,0.720483546545455,6.83412059995931,0.275671424458628,2.03855831065499,1.78178748282006e-05,0.0384965510618335,17.6289544732522,12.3868921454465,6.31653341882015,11.693178435277,14762.82461104
26.5152956133535,60.73947125848,4.65889097693562,0.716135168572319,6.77401889855262,0.273180314548195,2.01298076907713,1.1125343769396e-05,0.0305913766867634,17.9533663972264,12.1909347082379,6.32987018633751,11.5892239018712,14881.3681574407
26.5984108158052,63.1762031661988,4.63411530061639,0.713827821288499,6.73410690187781,0.271503060618742,1.99453103369086,3.04858868580456e-05,0.0242716848457322,18.2551866568646,11.9982621988717,6.34285269524189,11.5203642047074,15018.760399515
26.6872115060459,65.5913201175811,4.62057421113679,0.713146531716369,6.71076788205816,0.270495843535688,1.9845962795047,0.000195830858270548,0.0194553241548,18.536881435352,11.80781638796,6.355612577726,11.4817961880499,15165.9590433502
26.7811604939855,67.8958047804191,4.61333789918907,0.713321026951519,6.69711129078397,0.269884610628773,1.98523199081315,0.000639055520788991,0.0168405444272411,18.7996104963129,11.620164402582,6.36818960554136,11.4640217087659,15335.3720462645
26.8797019096349,69.9119621511202,4.61002508090207,0.713995954752278,6.68997698682005,0.269542952994478,1.99842425849431,0.00153193944292961,0.0182342001326217,19.0452725720741,11.4364100673344,6.38058743290853,11.4632180325828,15531.6974734047
26.9823159127184,71.399006840316,4.6108940878247,0.715245869406032,6.69001626721742,0.269493810702168,2.02508789956935,0.00332064383279891,0.0267407098643442,19.2755293513168,11.2580948048951,6.3926960942204,11.4807908694772,15759.3261078962
27.0886484530152,72.1088302233434,4.61691090279485,0.717280640774537,6.69886595186633,0.269796724585015,2.06555887202782,0.00662655883538238,0.0467212764557006,19.4907351837317,11.0867205367273,6.40422032519193,11.5193519174043,16040.4599621642
27.1987625281724,71.8348433242993,4.63031660531907,0.720538038510276,6.71994944048685,0.270583136710137,2.12049332228645,0.0122245903583819,0.0835605405967469,19.6894756535319,10.9231375541806,6.41466763497795,11.5845069608226,16438.320122602
27.3132055075094,70.4338171770169,4.65472138862084,0.72569376027033,6.75860668662046,0.272065686561627,2.19085716372989,0.02127946356881,0.143429925997032,19.8681471113511,10.7674378119053,6.42334967590427,11.685053141207,16987.3564607981
27.4332080954146,67.8224010997708,4.69622667091844,0.733863685500549,6.82372347418611,0.274606978178207,2.2783593615235,0.035573847480691,0.233286874738159,20.0209610004738,10.6188965573514,6.42939801123073,11.8357622523208,17815.5680448868
27.5605600038647,63.9654330866241,4.76331213613553,0.746591293616237,6.92755706516414,0.27871370107776,2.38496316166217,0.057634378304632,0.360795814141113,20.139396449277,10.4766126394997,6.43174320694911,12.0568309118729,18931.292580732
27.6958453167483,58.9398315723727,4.85804458454413,0.764245729732149,7.07288823017094,0.284516855694827,2.50776559204014,0.0902196191522332,0.531560693418546,20.2113301194518,10.3418628533677,6.42918210005929,12.3509682320994,19975.9714666244
27.8378393214861,52.999044796319,4.97124451258129,0.785130568650111,7.245947568921,0.2914791160109,2.63700502633426,0.135227709542532,0.745359913604575,20.2250173925913,10.2182796465193,6.42081190265108,12.6912693988777,20818.6703800953
27.985062809829,46.4988466708026,5.09061756965178,0.806983921076624,7.42834636352634,0.298868136989154,2.76177655309284,0.193374118595093,0.996334803189055,20.1742605847851,10.1097453046649,6.40637304518399,13.0430454928602,21548.4298081216
28.1366579030266,39.796996809841,5.20895020764952,0.828507930463228,7.60914172447131,0.306241619118313,2.87505117346749,0.264571009439975,1.27517890481167,20.0595784394532,10.0194336865433,6.3862197388846,13.3854372797416,22269.1684637819
28.2921354425622,33.2151526504794,5.3257125223697,0.849688059155215,7.7872392180628,0.313547247549305,2.97435618251323,0.348094420027342,1.5703979739188,19.887620165709,9.9497839051449,6.36120248555126,13.7155198838988,22974.3833561706
28.4511926229351,27.0207823497782,5.4435635016075,0.871152415124547,7.96631215981703,0.320921640156224,3.05976117455908,0.442504769931774,1.86950252260475,19.6703251229498,9.90218041059157,6.33254316606509,14.0392335613035,23693.0998368347
28.6135889034246,21.4177208107981,5.55921478232156,0.892462062287666,8.14146392858136,0.328154597571235,3.1294372212697,0.545629655322195,2.16016834228517,19.4237329768241,9.8765518008742,6.30170490203245,14.3480839274379,24361.4373255554
28.7786472640834,16.550459508553,5.66443529246505,0.912228079149367,8.30064695638519,0.334747592730467,3.17995657335567,0.654569973849298,2.43076292525633,19.1669002200512,9.87110463091289,6.27032249494854,14.6214944662954,24861.0132879921
28.9455313693274,12.4835983388553,5.75380717402219,0.929486654376784,8.43593514244358,0.340370835533059,3.20958885824716,0.766420993569697,2.6723477153943,18.9188548881279,9.88224381698761,6.23994460259275,14.8462015712439,25242.2562449702
29.1135135509528,9.20182276505676,5.82536191583723,0.943825146576566,8.54443156049724,0.344901181070789,3.21834592860679,0.87891446010399,2.87993720562003,18.6953426480094,9.90518969802137,6.21178371100629,15.0177051645013,25530.1974674142
29.280714022459,6.64885220771779,5.87432804545552,0.954303623394406,8.61914255445684,0.348052612974769,3.20535754225405,0.989384290202987,3.05113326850023,18.5084150233465,9.9346411237052,6.18679496483514,15.1246401053474,25463.5864982469
29.4435432045007,4.74029198020889,5.88655027338451,0.958248580923724,8.63942234985324,0.348990290981128,3.16638713093832,1.09419591326038,3.18595788880411,18.3651785770728,9.96536169432548,6.16563909160801,15.1324876392065,24913.1717662122
29.5993344838946,3.35447201162468,5.85968272525595,0.955058445992329,8.60194981737519,0.347582208743059,3.10315636781848,1.19125641945681,3.28830630376034,18.2653045257578,9.99333523396573,6.14835831308019,15.0369588757067,24353.5659277452
29.7474749775305,2.36387986004444,5.80994527552393,0.947561526823113,8.53052874871887,0.34479318907678,3.02558290136672,1.28064730164304,3.36413923376048,18.2035367287356,10.0161993120574,6.13452667010498,14.8806085989907,23924.737422131
29.8878635018299,1.66545383705353,5.75348042584578,0.938685646511982,8.44882696369753,0.341581871554041,2.94339944993123,1.36269632377888,3.41894546004534,18.173448356472,10.0326985571035,6.12363631972146,14.7057690374595,23592.0801720674
30.020250201397,1.18081030218192,5.69803809935136,0.929873782507098,8.36824412577154,0.338410371922135,2.86252983402814,1.43730128629702,3.4573216340641,18.1684626299521,10.0423471283001,6.11520514681515,14.5335772569276,23256.5360924784
30.1443398445194,0.849914521119924,5.645388278205,0.921447785575102,8.29144948639021,0.335387411206056,2.78598240801507,1.50421808412307,3.48320240515713,18.1820162277126,10.0453406733979,6.10876575724113,14.3699102122331,22927.1744541987
30.2599437027741,0.626996479433193,5.59610965557603,0.913472629594225,8.21936850431907,0.332550635862491,2.71567463189048,1.56344282174539,3.49997017362818,18.2078832571074,10.0424574959531,6.10386144480228,14.2172688887885,22619.8241675447
30.3671793604313,0.477916797240829,5.55515740323293,0.906793447688585,8.15929954566765,0.330194459362389,2.65473633423563,1.61558118586883,3.51045517373697,18.2406400721625,10.034851687159,6.10005495146373,14.0887228030701,22541.3597630374
30.4665659492346,0.378156826153985,5.53664255306892,0.903951435925716,8.13186885686472,0.329150557205779,2.6097186597144,1.66206502414663,3.51690643038427,18.2759786249211,10.0237698594796,6.09694077460352,14.0200262801313,22934.3128895927
30.5575455484657,0.311531985616073,5.55278028245571,0.907207064637722,8.15489220604553,0.330135976629665,2.58594189989517,1.70406458775604,3.52103298890874,18.3099848817127,10.0105599640231,6.09417081025192,14.0419269427696,23569.3503573281
30.6376467677431,0.267513059034968,5.6074452268436,0.917298356448651,8.23401453546001,0.333376125898208,2.58478021856642,1.74196104513537,3.52421497380162,18.3383283765268,9.99688047168581,6.09143872914768,14.1639979890123,24357.96265545
30.7028771911054,0.238904785452021,5.69839766733232,0.933816952189228,8.36598945754705,0.338738027413396,2.60467619980347,1.77546520374462,3.52760797343915,18.3561714799428,9.98470488286075,6.08846388745005,14.380273722194,25131.7785744961
30.7482513782873,0.22068936694575,5.80771066139824,0.953459449736225,8.52475172098211,0.34517009409366,2.63674623737742,1.80362442462263,3.53207481096398,18.3584421382324,9.97612684338532,6.08501675830027,14.6450676513883,25764.4363316194
30.7688306810784,0.209282828440367,5.91879234089747,0.973170996953459,8.6862483068762,0.351704256198714,2.67263326471519,1.82609372174752,3.53803191774282,18.3403748005859,9.97290428671065,6.08094153509358,14.9160854195329,26493.7061997879
