S_I,S_S,X_I,X_S,X_BH,X_BA,X_P,S_O,S_NO,S_NH,S_ND,X_ND,S_ALK,TSS,Q,EQIvecinst,mR,tagS,tagF,series_diff,tagR
5590.62884350511,34.7418116799757,957.78123854846,146.966763825047,1405.06171298056,38.2415028868566,440.764165370179,450.625030105804,3553.85401300202,1213.00031758387,2406.80003703652,13213861.5124782,137644.390754481,,,,,0,0,,0
5612.40441989322,34.5285348350152,940.814343841992,144.745853699178,1390.02781992695,37.8418126272977,442.392075975103,452.897886691925,3524.28232517235,1215.79208172543,2379.22267095042,13098555.9587569,136443.291237299,,,,,0,0,,0
5695.16907701232,34.7443352034054,939.345530759198,144.839409679286,1396.97262407254,38.0396920724282,448.416527671179,460.158274187974,3529.17486969778,1231.28202612438,2389.39091410882,13126390.2895716,136733.232183287,,,,,0,0,,0
5789.42032250775,35.0551637317826,947.358588679473,145.985786746913,1413.64604364879,38.5015396371332,454.944719773039,468.407120695611,3536.29003710999,1248.6018628465,2416.32986785098,13181036.801412,137302.466680875,,,,,0,0,,0
5783.33874653441,34.770026727062,944.503637713523,145.064165316086,1410.03404916813,38.4100710742791,453.144378390905,468.575863633496,3478.33114694538,1243.62405222805,2408.69661973078,13006178.3646519,135481.024632037,,,,,0,0,,0
5572.72432697712,33.2673611388633,908.05405499668,138.710835096737,1353.99871135032,36.890401160596,434.84111989167,452.158899183495,3298.10480832219,1194.30069781144,2311.52122724706,12371112.8550783,128865.7589073,,,,,0,0,,0
5310.96940582409,31.4749256367994,858.675209269524,130.24559254565,1278.2367697404,34.8338153654345,412.164510918271,431.534192023773,3092.52749398186,1134.03085959395,2180.59808938898,11625300.9264313,121096.884649885,,,,,0,0,,0
5059.80628498084,29.7594976967546,806.964577111043,121.402073920705,1199.44998539104,32.6953193149907,390.101774776051,411.701041443408,2899.03199627109,1076.22206691125,2044.46905845011,10910438.2169184,113650.398093107,,,,,0,0,,0
4858.51922779265,28.3486324716564,761.429461537128,113.528802624061,1130.47755152273,30.8244964410319,371.818592135505,395.865505724834,2739.46609840852,1029.27171877763,1925.0884551619,10314867.900672,107446.540632196,,,,,0,0,,0
4741.29945860674,27.4338684656358,729.379736913821,107.730488478508,1082.0560590076,29.5138487514532,359.969408157698,386.842585021279,2631.03540822954,1000.31005693678,1840.76728310485,9909759.32052891,103226.659588467,,,,,0,0,,0
4660.03806929181,26.727829571654,704.317772230802,103.029737917919,1044.38355053069,28.4960078440645,350.874488355985,380.743131703909,2544.85876657621,979.036656654742,1774.81217479478,9590260.81782794,99898.5501858894,,,,,0,0,,0
4590.93211154698,26.0910553946889,682.800037987892,98.908886705744,1012.23973998074,27.6285359905688,342.747565373517,375.64799827118,2467.13210656158,960.421867893658,1718.33921952052,9305327.35601828,96930.4932920334,,,,,0,0,,0
4499.88987888534,25.3314415795815,659.461801490526,94.5822203344829,977.592069067739,26.6921979146229,333.079415257984,368.784743252195,2379.65841345117,937.393632106898,1657.70735996418,8985446.7152413,93598.403283423,,,,,0,0,,0
4351.69453276701,24.2585144221181,628.572470235852,89.233549641557,931.891180070989,25.4535182056979,319.347394815658,357.265922329991,2265.04877698972,902.784671229302,1578.43781816344,8562470.14449695,89192.3973386721,,,,,0,0,,0
4188.57774965894,23.1169969217875,595.931524475321,83.7026469858041,883.688832518209,24.1459683169958,304.745323132318,344.544814803633,2146.60634699128,865.523450393697,1495.05162427412,8122571.15432269,84610.1161910152,,,,,0,0,,0
4032.21808424424,22.0292644985249,564.683459646262,78.436093720486,837.608797852435,22.8958679529704,290.877614828403,332.4009193277,2035.53317438042,830.117225859673,1415.3830848807,7708170.44766677,80293.4421629035,,,,,0,0,,0
3923.77365026613,21.2173968907439,540.869229026961,74.2664284092956,802.584941973412,21.9474738504269,280.688977153279,324.238205202854,1951.80138961133,804.967745614727,1354.51689449911,7396253.9942388,77044.3124401276,,,,,0,0,,0
3912.45516388842,20.9364570837335,531.640239928345,72.1448578525629,789.218418556272,21.5909167817039,277.605731865615,324.171391292328,1917.86060330001,799.980866642114,1330.28591107456,7274564.6676281,75776.7152879305,,,,,0,0,,0
3945.43522031046,20.8899925180862,529.975949944443,71.0744308781853,787.090971070784,21.5415294351838,277.765939684339,327.895719571345,1905.55384653196,804.155630101132,1325.04440660357,7238692.00432419,75403.041711436,,,,,0,0,,0
3991.16535648147,20.9054112137914,531.622464418116,70.4625537440705,789.887681835381,21.6266277933193,278.911805656043,332.835393416259,1898.69302476573,810.996277297686,1328.11927202253,7227955.15575306,75291.1995392314,,,,,0,0,,0
4052.10937231932,20.9936656003276,536.827069758838,70.3296445108041,797.977815864949,21.8563775582246,281.213721240453,339.229737764659,1898.02431415589,820.990945488804,1340.1082631822,7245386.87854394,75472.77998497,,,,,0,0,,0
4140.93218023356,21.2172851032505,547.248522288016,70.8773846574032,813.831400191361,22.2985034256643,285.549650278908,348.186101169792,1908.84539408582,836.682144075595,1365.13015510102,7311746.81418043,76164.0293141024,,,,,0,0,,0
4243.60195271605,21.500627905714,561.038516702068,71.8481304074213,834.706399957505,22.8779622204152,290.956595284594,358.582639079239,1923.93861661842,855.210469888181,1398.55083881843,7400100.55381859,77084.3807690839,,,,,0,0,,0
4351.12578947417,21.7966505328946,576.963381117928,73.0712948268781,858.772883758827,23.5446446606237,296.844954349843,369.703421692602,1938.80890160552,874.769461481673,1437.28004713091,7493448.16247764,78056.7516926174,,,,,0,0,,0
4559.73840325045,22.5808827744888,608.367934493929,76.2164126237849,905.902235874644,24.8433479832791,309.820133760348,389.832701668845,1994.91249593387,914.661506057666,1514.53654346063,7754781.20344764,80778.9708689524,,,,,0,0,,0
5005.05168543697,24.4978648559473,676.18607940254,83.8462968917558,1007.28981852922,27.629364570055,339.182887353699,430.949085238739,2146.23051068798,1001.87342261809,1682.36495828108,8405972.81684153,87562.2168422585,,,,,0,0,,0
5546.18083713689,26.8229838734021,766.215428270797,94.1266805428149,1141.80931886985,31.3224934162516,375.638005287867,481.500572603628,2324.93173676447,1107.98577124823,1905.35042774168,9200367.80577199,95837.1646436326,,,,,0,0,,0
6098.70310351376,29.1354556914018,871.035399913003,106.116242374453,1298.42077480786,35.6187430540205,413.907676084229,534.516234448924,2491.63360639169,1216.16513177393,2165.02162884276,9996396.11340011,104129.126180872,,,,,0,0,,0
6582.44579161073,31.0563283044041,980.716675203223,118.575895992496,1462.3519604135,40.1123394182528,449.024961361719,583.030862111705,2612.89490090503,1310.61125587193,2436.68493482041,10664244.5349814,111085.880572925,,,,,0,0,,0
6927.52239700531,32.2761515636293,1080.7600167797,129.706278474497,1612.02890727573,44.2125783225595,476.507253802885,620.476544826952,2664.49943505879,1377.67818925549,2684.27565263639,11091209.2439255,115533.429624434,,,,,0,0,,0
7213.58544068038,33.1907936991978,1176.43529940655,140.092325713974,1755.35509746006,48.1383161101887,501.915149600893,653.344379966131,2682.37524810284,1433.42632794588,2920.82833878285,11403196.0749235,118783.292446688,,,,,0,0,,0
4483.51172767474,20.3756365851545,761.111326202299,89.8741471277535,1136.10950060817,31.1541941845567,316.550583872557,410.376975884218,1608.86638204996,890.580259780325,1888.9364962883,6989406.22442399,72806.3148378823,,,,,0,0,,0
7881.1580835147,35.3833401104825,1389.5077675745,162.615711665929,2075.03193698951,56.899035208327,565.994055344384,728.113182673928,2724.77336614956,1565.48972970981,3447.11836603567,12109028.9028871,126135.717738637,,,,,0,0,,0
8626.68028474979,38.3122380609197,1594.88365366369,185.046777007153,2382.74183743827,65.326534407176,627.308997314579,802.585724538742,2867.31379587015,1714.36687583295,3955.28427474654,13095662.4185288,136413.150192512,,,,,0,0,,0
9419.06898939811,42.0141642377114,1849.02745669055,212.872035965534,2763.28593735438,75.7208009120251,675.677724461701,875.285793757325,3008.43468188098,1874.05506803991,4584.83300876903,14199157.5781475,147907.891439305,,,,,0,0,,0
10155.6387139472,52.2856660416662,2131.68588942492,243.799153889861,3185.93412394051,87.2221148410916,680.895874700664,921.721500820743,3134.84064519529,2025.79855516202,5286.79106734634,15323213.1528581,159616.803675895,,,,,0,0,,0
10611.5730996342,97.7832988629541,2378.63438234863,270.729918433287,3554.24161881165,97.1912980273454,615.519195563327,903.799149592544,3217.92405000582,2126.64633634665,5904.88839316111,16216809.7792369,168925.101866437,,,,,0,0,,0
10651.4548889632,244.813064930568,2505.16553093195,284.408755784726,3741.81835207163,102.193268320694,488.46326163947,809.925061833373,3259.2882500643,2149.26010720724,6232.02021667202,16690567.7765302,173860.081005839,,,,,0,0,,0
10586.3920686624,588.052439404053,2547.15679252275,289.37765935762,3802.76406884468,103.726499174368,349.382903381836,683.733781055612,3367.83344416835,2153.88197757946,6355.86649321469,17209749.9006493,179268.22813209,,,,,0,0,,0
10494.8323915018,1214.32150384118,2540.64343903732,290.295153785403,3790.91897931495,103.265016135034,226.327089148673,549.733950737131,3560.58008223311,2154.07615294475,6359.70323294116,17941277.6046642,186888.308381239,,,,,0,0,,0
10301.1651716058,2139.99730480734,2483.84834464316,287.168754289477,3703.53943983274,100.743705583368,131.830950427935,420.205041044102,3790.39503201049,2132.18641289145,6232.29439247625,18737121.4898304,195178.348852755,,,,,0,0,,0
9956.8425695935,3273.259972145,2370.56499166013,278.852222725634,3531.51686971499,95.9335090588333,69.1310000455936,306.226093445712,4001.81779309891,2076.30188848904,5955.38557328604,19387129.9707309,201949.270528815,,,,,0,0,,0
9579.45076094111,4510.37697224195,2235.28728128014,268.617503524699,3326.56119447155,90.2555098275766,33.4221339607781,216.901058225366,4202.98511788442,2010.09051347342,5616.8167319693,19979849.0666246,208123.427776582,,,,,0,0,,0
9201.18345829701,5754.08163060714,2094.60341780698,257.855144515071,3113.63291448707,84.3915800819932,15.2418520235826,150.787982308474,4384.85525660826,1940.58770378376,5260.93748883382,20504096.7005237,213584.340630844,,,,,0,0,,0
8839.47026939549,6937.2467822163,1959.04844151088,247.456334793866,2908.60480728793,78.7681537016818,6.74259981114757,103.684867218042,4542.83992880102,1872.11433666493,4916.60564004336,20954451.6303408,218275.537816447,,,,,0,0,,0
8508.57250263565,8029.85507793906,1835.52602275868,238.052197325369,2721.8399260767,73.6585436637415,2.96660128709993,70.9807652346689,4679.25694488807,1808.39586074315,4602.59621803693,21347267.8604983,222367.373546048,,,,,0,0,,0
8201.49060101478,9011.24848221002,1723.97260040823,229.510338368345,2553.26788247718,69.0540919936713,1.31657113214418,48.5245514822609,4790.05877480789,1748.55362555181,4319.31107501806,21663816.0895306,225664.750933021,,,,,0,0,,0
7920.11158945276,9883.31723024431,1624.86275485319,221.83954354425,2403.56987926815,64.9684993982255,0.593874905132316,33.2291230649018,4878.13451288411,1693.44445945154,4068.01221710886,21914388.4474802,228274.879661667,,,,,0,0,,0
7670.21620878087,10664.9926516588,1538.98340527363,215.176580688463,2273.85578971846,61.4286723834207,0.273196204414839,22.8525824394193,4950.71357775959,1644.63690817028,3850.5512908742,22128135.0425112,230501.406691987,,,,,0,0,,0
7455.35838935022,11380.8143372391,1466.50757100909,209.64596356641,2164.30710570075,58.4374693389389,0.128234982953279,15.8069186373084,5014.94220050205,1603.13544387511,3667.20200555827,22333941.3161766,232645.222043929,,,,,0,0,,0
7272.33062515445,12047.9115479207,1406.14491120777,205.196217121562,2072.94052303246,55.9399650422235,0.0613197771834995,10.9964701873271,5073.62679646279,1568.42443842226,3514.59392031707,22541627.1399904,234808.616041994,,,,,0,0,,0
7118.72377104077,12682.9677862712,1356.70088822735,201.78530454213,1997.92220368835,53.8857414691067,0.0298128035546881,7.6919501216403,5129.44684014761,1540.10584444568,3389.62486591543,22760851.9306938,237092.207610531,,,,,0,0,,0
6969.73824809613,13256.6712151967,1312.41422044994,198.653325084255,1930.71325721664,52.0439638146402,0.0146675010887105,5.39236501890233,5167.56128144362,1512.87746775806,3277.80945903837,22923122.5502723,238782.526565771,,,,,0,0,,0
6802.72016174543,13728.9357801896,1267.54881491508,194.956620835632,1862.85529685465,50.18664469179,0.0072776749515148,3.77952894317976,5172.06347445999,1481.79147573112,3164.7518060397,22953906.6944312,239103.194734094,,,,,0,0,,0
6647.40761604105,14161.211922213,1226.6789107698,191.413343878075,1801.05986214945,48.4947566739132,0.0036571502904187,2.66162607145683,5166.32620462628,1453.26129976266,3061.81569463196,22953872.7114279,239102.840743171,,,,,0,0,,0
6511.83494688777,14581.1941721285,1191.09465785143,188.292488630283,1747.18852929583,47.0182032657185,0.0018617804396337,1.8851854631197,5158.83408178746,1429.03037461176,2972.17363963071,22959987.2336504,239166.533684294,,,,,0,0,,0
6385.91637253984,14976.2595480969,1158.79445347,185.347182220464,1698.27280750228,45.6768065913048,0.0009578217254242,1.3405747452182,5143.65547840977,1406.86784210433,2890.79551477086,22945290.2904504,239013.44052596,,,,,0,0,,0
6259.19900690535,15326.5276972604,1127.48057340571,182.250709836633,1650.92695573666,44.3793708713911,0.0004969551429724,0.955620497873769,5113.6957928045,1384.41356216275,2811.92274378586,22876503.4972221,238296.91142853,,,,,0,0,,0
6140.51713698501,15656.2505865116,1098.41850290794,179.233548698761,1606.99355341963,43.1753729365388,0.0002603118659959,0.683876438076587,5077.29642622118,1363.55306930928,2738.69141734686,22789177.9416824,237387.270226291,,,,,0,0,,0
6032.17763602595,15978.6757766933,1072.49702686567,176.483965516914,1567.75590839327,42.0990860008423,0.0004055009966644,0.490864547166679,5037.920515016,1344.78377530192,2673.30867508672,22699737.8702365,236455.602815393,,,,,0,0,,0
6008.78376451036,16499.8048084406,1061.42165345636,175.884455727639,1550.33441181695,41.6103391806982,0.015484795035,0.366721116173662,5059.49388162612,1344.76379712771,2645.0628075534,22892544.816201,238464.008501226,,,,,0,0,,0
6146.47450896089,17459.3079271207,1082.40097183201,180.495004106166,1579.83217142815,42.3820627534707,0.128224024047801,0.391169078057963,5209.92004652369,1380.90784466889,2697.66354584306,23687324.2949373,246742.961406046,,,,,0,0,,0
6332.54757766037,18526.6933251565,1117.8863494094,187.608108835417,1630.64912796324,43.7269310794902,0.447869405056239,0.929083234840487,5396.65075656056,1428.29004750084,2788.7675562216,24661341.8810162,256888.97792772,,,,,0,0,,0
6520.86374443064,19465.5518903894,1159.35494947892,195.887893306845,1690.44308939622,45.3136511214948,1.07752494519487,2.80809384259932,5581.59502952376,1476.61608597802,2898.2427839994,25607035.4299165,266739.952393993,,,,,0,0,,0
6650.74221213388,19939.4977505292,1194.22373433295,203.19943370134,1740.9688080764,46.6522733034338,2.33243513708696,7.27050559951304,5713.52663695131,1512.05857802223,2994.78530321833,26236333.3527203,273295.139091333,,,,,0,0,,0
6670.99803708191,19665.5286741478,1209.37864698324,207.179569712251,1763.18356532509,47.2320209118553,4.77651380148873,15.5600647142293,5748.11210181396,1522.61078930974,3044.72795747986,26296770.0839149,273924.688374611,,,,,0,0,,0
6662.92588024847,18855.2968087636,1216.26534844039,209.627133406032,1773.76773853854,47.500346386727,9.16127745869666,28.7417494187479,5754.11239046361,1526.36705515564,3075.69392160276,26088028.7440443,271750.29941614,,,,,0,0,,0
6655.06466530795,17639.2559298035,1219.7718524856,211.316476404211,1779.76984047789,47.6478401221843,16.4232808495717,47.5202561478133,5754.52398626431,1529.57834758325,3099.10058376781,25731074.6369494,268032.02746871,,,,,0,0,,0
6669.26782465856,16160.957444759,1225.09032692605,213.142067533475,1788.64222384935,47.8767561796462,27.617150448128,72.2860896352086,5766.21711060752,1537.06357209787,3127.31356035567,25333240.4492706,263887.921347049,,,,,0,0,,0
6722.02918130162,14545.1590593031,1237.12686891509,215.998965528291,1807.41118685852,48.3775812171161,43.7856777084875,103.245423210705,5801.36918805438,1552.49731468345,3172.1371369854,24981311.9160679,260221.99912476,,,,,0,0,,0
6780.25388278498,12803.9962447911,1251.10252048324,219.104280339911,1828.96586434643,48.9610683391905,65.3602958142209,139.50213531005,5829.65407988573,1568.13973339103,3220.67084190897,24575729.1081949,255997.178210829,,,,,0,0,,0
6830.83778011629,11013.719018955,1264.7788250512,222.10198464677,1849.92542715692,49.5360333585842,92.0600225078368,179.535916670989,5839.18212934817,1580.88243421114,3266.56712308448,24098332.633347,251024.298264488,,,,,0,0,,0
6940.19456659223,9348.77603444684,1291.35463750821,227.376910174806,1889.52631791058,50.6159814048664,124.453999777026,224.000804686619,5886.97681081723,1606.08709455515,3343.63370492034,23806857.1528344,247988.095341123,,,,,0,0,,0
7172.42518112872,7881.43004317233,1346.10604719421,237.771415342256,1970.06982775126,52.7973753258456,164.512367836,275.418234805595,6026.82161451471,1658.57106705575,3491.39923693647,23923231.2293377,249200.325306054,,,,,0,0,,0
7428.5724872704,6484.73880578945,1413.72945685851,250.772919190979,2069.09164936283,55.477500546186,210.926206080153,330.491329947796,6175.58012615808,1715.36558116816,3670.03711731098,24119665.389388,251246.514473249,,,,,0,0,,0
7675.35054244748,5177.83720618459,1487.69800884365,265.342481663113,2176.99427943667,58.39735189576,261.881598010728,386.315224865954,6309.57015146319,1768.75723227673,3862.41720777733,24313816.6392703,253268.923324811,,,,,0,0,,0
7874.54364461532,3993.95880974573,1556.68325032553,279.462433258172,2277.2342175979,61.1111519629352,314.081581204481,438.765759632239,6404.17795941129,1810.01720520687,4039.22757810912,24412929.3740206,254301.34764651,,,,,0,0,,0
7997.24899389553,2972.15509364419,1608.66763290139,290.85312953051,2352.34433837226,63.1482970375281,363.541710628148,483.655031659494,6444.22313522501,1832.71670806928,4169.69541591213,24352877.1481422,253675.803626943,,,,,0,0,,0
8098.92041743417,2153.81309836209,1650.74049691898,300.656748089579,2412.80596102614,64.7891220856409,410.433795727586,522.464967705512,6481.21975982606,1849.81062398449,4272.64096456714,24319007.2425446,253322.992108918,,,,,0,0,,0
8195.92262048651,1525.27470182354,1686.24079447002,309.425562225201,2463.54859343918,66.1658940150614,454.675699348441,555.68148741174,6531.83053602621,1865.15990856726,4356.95205194224,24365340.6262641,253805.631524047,,,,,0,0,,0
8194.23474268788,1048.12066335297,1695.01419888614,313.368230119914,2475.18320328216,66.489466663232,489.979748583383,576.54371129608,6522.54214845557,1857.5555155957,4371.02015954758,24208321.9955116,252170.020787038,,,,,0,0,,0
8019.78771119441,699.476837066255,1656.8853717991,308.463077816734,2418.41135623259,64.9733169060206,509.695466703473,579.289469308349,6392.93788488791,1810.69737641317,4263.94326363046,23609737.5206027,245934.765838717,,,,,0,0,,0
7805.21396883847,465.90020999762,1597.83524966868,299.273771072204,2331.31248343153,62.641250635742,520.85169989174,573.794117883505,6244.07629435164,1755.01727960218,4103.69027943527,22936100.9428185,238917.718154794,,,,,0,0,,0
7589.57417782275,314.370990396781,1530.15550527345,288.074760760711,2231.84929264222,59.976372954007,526.526783654672,564.104469619604,6102.34780928074,1699.41448665989,3922.31649373712,22287921.7330261,232165.851386111,,,,,0,0,,0
7419.51202430435,218.40716951315,1468.39894668196,277.693675214676,2141.21354412772,57.5481855737646,530.892925528348,554.829965088086,6001.71950701067,1654.27980485492,3757.31633559874,21795715.9658234,227038.707976501,,,,,0,0,,0
7332.89096226966,158.484978968369,1424.41604802452,270.518401755007,2076.61674867098,55.8190611363256,537.810393634171,549.722943230812,5971.18107151243,1627.82866329585,3638.95607434477,21570064.0580339,224688.167271596,,,,,0,0,,0
7269.28855822258,120.144380150334,1388.35926408582,264.794401923782,2023.64658803549,54.4014050307723,543.723897522557,544.89283729808,5960.83689260544,1606.41314953218,3541.96258985944,21431654.7598406,223246.403748746,,,,,0,0,,0
7211.14590319147,95.5078582218614,1356.66043191356,259.86321121976,1977.08600073876,53.1549440643068,547.720030754731,539.485781514118,5955.17209635612,1586.10526907379,3457.16653483585,21322624.5552188,222110.672449388,,,,,0,0,,0
7158.23742470236,79.7064654102366,1328.50825576295,255.549530628614,1935.7510990796,52.047985976247,550.084049055598,533.864306170539,5952.99045166827,1566.88104380066,3382.37489236631,21235995.6189127,221208.28769741,,,,,0,0,,0
7112.04513961937,69.5731708934079,1303.53230749031,251.753917301822,1899.10219435835,51.0662131915457,551.216046948067,528.447111427143,5954.80565199683,1549.12199487008,3316.47297339325,21171479.3420796,220536.243147064,,,,,0,0,,0
7077.3994879037,63.0957178261187,1282.28968789554,248.562067016966,1867.94851005893,50.2315599693121,551.76164542493,523.834656140418,5964.21896572842,1533.95519855686,3260.69785244392,21140662.6028885,220215.235445954,,,,,0,0,,0
7056.32955192065,58.9735683414789,1265.09345158207,246.023525558524,1842.74098949847,49.5562807883371,552.131088764181,520.359695224234,5982.72485873643,1521.90106039367,3215.68118596197,21148359.9131529,220295.415762411,,,,,0,0,,0
6994.49048995137,55.9448891969169,1241.54265322811,242.08565616438,1808.33426026186,48.6333092271595,548.256680812973,514.17199377373,5963.75084125224,1501.40985444155,3154.84579866318,21028371.4795079,219045.536245273,,,,,0,0,,0
6841.32519938116,53.1348428843229,1200.9172722931,234.581851183167,1749.13916752554,47.0439018889843,536.295482794444,501.707968605886,5862.86233225012,1461.99679451178,3050.83009483552,20620497.3673756,214796.847576047,,,,,0,0,,0
6673.91701387603,50.8260678414665,1156.10173642803,225.98601246779,1683.93605318535,45.29355123564,522.473066910015,488.69863660282,5745.04014802325,1420.44754269381,2936.27385050629,20152278.9695185,209919.572599533,,,,,0,0,,0
6517.85570867516,48.9794384630291,1112.54676974583,217.401507198899,1620.65060930743,43.5954084671127,509.018865606588,477.002761942247,5632.35600311428,1382.24296456884,2824.971249794,19703442.3363772,205244.191004302,,,,,0,0,,0
6346.49245847567,47.2499627791768,1066.60979179793,208.170350037729,1553.9581562318,41.8060876420607,494.029043964012,464.627483095563,5501.91518337328,1341.70158098658,2707.65231653082,19195921.0207314,199957.510631891,,,,,0,0,,0
6131.74799031798,45.3452406429012,1013.75244410676,197.443912528856,1477.2339322376,39.7472842902759,475.452613501044,449.454917456404,5329.23613968421,1292.88438355051,2572.78586419377,18544785.9411561,193174.853554061,,,,,0,0,,0
5911.63022541374,43.4946531545697,960.526534701587,186.532873519753,1400.0120320928,37.6754320805606,456.353416102733,434.187401572294,5147.32719499574,1243.76020350953,2436.99900191329,17865539.3302249,186099.368023515,,,,,0,0,,0
5701.05019170363,41.7723917029951,909.905300971747,176.052062435829,1326.61188976735,35.7066225910362,437.961493351824,419.843274652087,4969.47396740492,1197.33735482806,2307.84001614336,17205420.2038954,179223.127123258,,,,,0,0,,0
5505.69285906037,40.1971118416659,863.257888432336,166.298154623998,1259.01768769006,33.8941138719916,420.757726526694,406.780847589258,4800.99431530217,1154.66731514505,2188.78757379535,16583727.3818789,172747.16022822,,,,,0,0,,0
5329.74729963881,38.784534064243,821.507527475368,157.471944914364,1198.56760166029,32.2738160285685,405.080166577931,395.266959672245,4645.87686287037,1116.49621965611,2082.18654880639,16014679.1426021,166819.574402409,,,,,0,0,,0
5168.25370622517,37.4887936611315,783.927056362437,149.447483298395,1144.19644187601,30.8169818415521,390.55170905426,384.905117674389,4500.0829440864,1081.67142997335,1986.19421458614,15484279.1566034,161294.574547365,,,,,0,0,,0
5019.51568158894,36.2911766501533,750.133150132519,142.158449755847,1095.34308474401,29.5084717274263,377.036777922139,375.546917147352,4362.38886148117,1049.74552743501,1899.8372873453,14987871.7767302,156123.664341223,,,,,0,0,,0
4909.60558068448,35.3754205278781,723.975285272821,136.336526341114,1057.62944875369,28.4997296033045,366.475365294322,369.141763426677,4255.59262944458,1026.09004361772,1832.86133633373,14603592.1305536,152120.75136021,,,,,0,0,,0
4868.96282157199,34.9556703144151,710.106278394822,132.851114146998,1037.8597830126,27.9741273604651,361.088426368579,368.028558264799,4205.80108456324,1016.98672611393,1797.03675780476,14421567.041094,150224.656677516,,,,,0,0,,0
4859.77952716878,34.7549642042774,703.027124397184,130.65724605148,1028.00957593368,27.7154362679145,357.999360984302,369.423313987326,4179.72890175034,1014.46778433802,1778.43371541402,14328033.0634409,149250.344411114,,,,,0,0,,0
4863.25963943362,34.635382922345,699.734538840359,129.184125261084,1023.69664226438,27.6055481055035,355.779238772519,371.933157461092,4160.77172246081,1014.55853616106,1769.44546433597,14265628.5262128,148600.29714832,,,,,0,0,,0
4818.98156751181,34.1656014355921,690.754294811107,126.671391998668,1011.06633097603,27.2709415567656,349.998969160729,370.914226585434,4097.40013620475,1004.6244208083,1746.10424991499,14055725.9055339,146413.811515445,,,,,0,0,,0
4661.21316671239,32.8847081903879,665.137653541001,121.112243246679,974.08606790778,26.2793559176328,335.964584298313,361.155024236543,3935.51996971542,970.9804967509,1680.72628019871,13508137.2710717,140709.763240586,,,,,0,0,,0
4473.3261575688,31.3899428224985,633.82567107628,114.522272346757,928.758256398108,25.0625919212807,319.823421951905,348.927610344275,3748.064373203,931.042098158558,1600.96431673066,12869524.2967041,134057.544757578,,,,,0,0,,0
4294.97982058999,29.9634765738627,602.670223204858,107.977603691829,883.644753238778,23.8516788918913,304.473267713657,337.270102984045,3569.35992368013,893.085260173731,1521.60659869833,12257702.9006618,127684.405214763,,,,,0,0,,0
4136.35900708399,28.6771981235766,573.721148837089,101.85910400061,841.743795435328,22.7274781914391,290.654036177884,326.989696161563,3408.14477250687,859.235661640879,1447.83588524081,11704009.485567,121916.765474878,,,,,0,0,,0
4001.17838755419,27.5564312914817,548.066935077022,96.3677990737864,804.649317059387,21.73295442427,278.624831094949,318.408452786198,3267.40909478276,830.267948940619,1382.40443489387,11220117.2599168,116876.221457679,,,,,0,0,,0
3880.64583995988,26.539838985045,524.86333887671,91.3570870022105,771.121984296604,20.8345918979385,267.763859865871,310.857638899777,3139.81165230337,804.360501563559,1323.18462619412,10781762.6672463,112310.027783407,,,,,0,0,,0
3769.46628706355,25.5911268696691,503.554799382897,86.7305598901784,740.345992263537,20.0103222301947,257.7026100028,303.932142810506,3021.03672236485,780.423528090567,1268.77660721953,10374525.3622171,108067.972523291,,,,,0,0,,0
3679.97483752325,24.7935496366211,485.867256777773,82.7819462375102,714.861418733109,19.3287968327654,249.275654617152,298.65077476032,2920.82568272844,761.015099531131,1223.52734830523,10032122.6560955,104501.277667851,,,,,0,0,,0
3630.75975508899,24.2692300718552,474.328301048952,79.9275285746681,698.396415670343,18.8908821360167,243.705732063592,296.578445367335,2853.26765877941,749.96692057048,1193.79284322893,9803483.09376391,102119.615559669,,,,,0,0,,0
3600.79382344631,23.873203752302,466.184183643164,77.6823989389887,686.909306982254,18.5873715406474,239.533690277523,296.064154062109,2800.99202223989,742.917423791971,1172.62836625828,9629368.52603318,100305.922146361,,,,,0,0,,0
3577.15730082443,23.5180754720716,459.671645899402,75.7409505927195,677.808840446087,18.3482141729374,235.882361017105,296.076710361193,2753.62460419082,737.198329655022,1155.59050809171,9474075.04284411,98688.2816964724,,,,,0,0,,0
3632.43290650006,23.676360433757,464.24751002913,75.6430757195082,685.051246148068,18.5512814452211,237.501885681284,302.698088816844,2766.04878589014,747.746590413334,1166.44149567698,9527287.93978368,99242.582705719,,,,,0,0,,0
3880.05426121015,25.067261513858,495.285275690627,79.8326713510515,731.36258619512,19.8122346223257,251.667387674649,325.665386566296,2920.54036263737,797.810939152234,1243.76995575699,10076759.843232,104966.248367191,,,,,0,0,,0
4217.06780017175,26.997285586749,541.179585116456,86.3617474194929,799.658934176761,21.6684390122921,271.545951342033,356.75084435315,3133.7489378768,866.089631229155,1358.38819163132,10841854.6588025,112935.986029398,,,,,0,0,,0
4572.88632844604,29.0017128628881,594.391932492218,94.0048181346075,878.820365717013,23.8182306734486,292.612894648127,390.234466389279,3349.97379699222,938.040178425406,1491.37243231682,11635342.625626,121201.485683164,,,,,0,0,,0
4982.29099521008,31.294343018741,661.087352025666,103.73183919221,977.96917005902,26.5082784860126,317.213131943542,429.289553055604,3592.31015975149,1020.79019514149,1658.20313504811,12542752.9942558,130653.677023736,,,,,0,0,,0
5513.12030376727,34.2854970675413,753.51506640675,117.447704312953,1115.24353592522,30.229358492402,349.859443973418,480.16168329575,3904.68498587366,1128.20064882963,1889.61734643463,13728201.8326762,143002.102423971,,,,,0,0,,0
6090.9527687296,37.4926378693758,866.187129037135,134.271883153298,1282.54438264233,34.7608065401588,386.184536442026,536.881140659193,4227.96285970135,1245.01972755026,2171.86522561946,14998956.2725847,156239.127838856,,,,,0,0,,0
3693.42110063527,22.4974308723713,551.580623547075,85.1156932315912,817.012543862395,22.1395719753266,234.692626987391,329.843649301435,2506.83889450206,754.17865995361,1382.91728264999,8993392.47916207,93681.1716581086,,,,,0,0,,0
7378.08944896849,44.4693338839355,1166.99267338391,179.388103677038,1729.13486655405,46.8453755561263,471.435865174946,668.133231361176,4885.58602875005,1505.37013387707,2925.76803206786,17767694.784282,185080.154003274,,,,,0,0,,0
8337.45988684503,49.7954297579406,1418.34865636197,217.463325514058,2102.08893476161,56.9256660829395,534.481890730081,765.573679416094,5372.22064264565,1700.48437356841,3556.17741169383,19885771.044841,207143.448383007,,,,,0,0,,0
9337.17451879518,56.3697399004206,1733.24321954891,265.425923335587,2569.02321847715,69.5135028456904,586.889388288234,864.107160129293,5845.42842833217,1905.59509792942,4346.84650941552,22121531.5217794,230432.620018954,,,,,0,0,,0
10278.1552365429,74.5832441090932,2097.43430640157,321.204934385615,3108.3066896707,83.9997999526098,600.219737028895,937.849852239357,6264.32988998073,2103.5861527757,5263.74674817705,24315219.3646693,253283.535049099,,,,,0,0,,0
10928.9343574177,154.428933487561,2441.85026345715,374.373294917562,3617.14215983565,97.6033423360918,545.074172463504,942.052754279997,6539.5356842453,2251.16358531718,6137.62835832747,26034441.3521814,271192.09741757,,,,,0,0,,0
11145.7579200532,412.225669238521,2680.81190583651,412.156135618138,3968.73348094627,106.919736209471,427.058666922198,857.608575309806,6648.21946326588,2319.95958719036,6756.97523852459,27030245.9543331,281565.062024815,,,,,0,0,,0
11205.7639077757,1009.93779740393,2824.36976699994,436.568392293616,4178.43701286322,112.387572303306,293.310607939483,725.218683151249,6787.12848823016,2364.57275801333,7143.05613488091,27975348.8354796,291409.883703442,,,,,0,0,,0
11180.4392888107,2079.5838816928,2894.44778672162,451.869346255116,4278.58645813645,114.890784627145,176.580216000768,574.861303441399,6996.94866603799,2396.10811210487,7341.30350543395,29083177.1021108,302949.761479218,,,,,0,0,,0
10965.390005267,3598.17005030494,2878.13381049874,456.401575743066,4249.90788790959,113.933454541527,92.2880212318416,425.770900030712,7185.0966589998,2387.76868014303,7311.66097191539,30032266.7987596,312836.112487648,,,,,0,0,,0
10514.3094868318,5343.1209057854,2762.21806961627,446.965685387429,4073.36086660116,109.037455022752,42.2194105602557,296.36452631587,7266.99178305672,2324.67113696309,7019.79534131364,30472908.4081411,317426.129252047,,,,,0,0,,0
10011.5936876127,7123.49956925609,2601.90798189843,430.710789454515,3831.20011135367,102.426268388538,17.6779780130202,199.333912604623,7313.43787706021,2244.5554287492,6609.3789203525,30706878.9824209,319863.322732387,,,,,0,0,,0
9510.04146206593,8793.83166764737,2426.71795399246,411.361973238745,3567.48278447956,95.277880805707,7.07201321446303,131.403226480462,7331.4526738678,2158.89347611723,6159.08728441758,30788676.6554602,320715.381828294,,,,,0,0,,0
9062.48454216928,10310.484221256,2262.68004597597,392.775317158284,3320.78800695626,88.613165892691,2.81151695831488,85.9958927533345,7347.29103813995,2080.26988873401,5737.22072380094,30850370.9545863,321358.030777525,,,,,0,0,,0
8703.34890788894,11704.483713905,2126.28495672308,377.765534061884,3115.33589553283,83.0679552042887,1.13618400880772,56.3546297673732,7388.53983442823,2017.6541943984,5386.32664445899,31024931.7815015,323176.372722798,,,,,0,0,,0
8387.94992766449,12940.9976583099,2009.05749940388,364.96756664209,2938.60947326905,78.3007992034659,0.467853757476816,36.913135258952,7421.73975861043,1961.66231083362,5084.96622253188,31179550.3265745,324786.982569075,,,,,0,0,,0
8108.79065114514,14025.8341626407,1908.23239034498,353.948394735,2786.49903838433,74.1978539352291,0.196615047362639,24.2101847287441,7442.53493319509,1911.13707241881,4826.0054126171,31295872.2899001,325998.669687053,,,,,0,0,,0
7816.34207914434,14884.5877270192,1809.51600178871,342.077078074696,2638.09821659224,70.2003201952066,0.0839230022363497,15.8457472519846,7406.54750371936,1854.78731409243,4573.13561352921,31182950.3372424,324822.399345094,,,,,0,0,,0
7474.51615103909,15438.1696596835,1700.99988742259,326.997274738126,2476.09321931951,65.8474596910639,0.036308198829522,10.3381487392764,7277.50718882124,1784.16839590326,4296.14785796731,30679136.529878,319574.338853477,,,,,0,0,,0
7158.37205583631,15843.3406512482,1598.85965125549,311.821438741191,2324.04512674296,61.7662330100937,0.0161056975351164,6.80649386254958,7129.43475455171,1717.41007762354,4035.79017570139,30093539.8648302,313474.373592552,,,,,0,0,,0
6885.96169719076,16176.9293692574,1508.63725173123,297.888097124257,2189.89382333098,58.1668336289346,0.0073379041330695,4.53621156151861,6987.33953518784,1659.3325001518,3805.92510395879,29537153.2938139,307678.680142775,,,,,0,0,,0
6696.39365535079,16577.7920465486,1440.85449632776,287.607784826923,2088.74680461632,55.4490386643197,0.0034440724695465,3.07488101086984,6899.08050066967,1619.88539347993,3632.98338677988,29220295.5043396,304378.078170758,,,,,0,0,,0
6620.32706875076,17180.5318342522,1404.15370975383,283.085885026871,2032.91607607264,53.937433928287,0.0016639217182036,2.12360725508399,6904.83520764613,1607.04339855176,3538.63959042433,29324326.0487065,305461.729674581,,,,,0,0,,0
6588.75268228649,17855.4441135149,1384.46004718507,281.780797585134,2001.83142562366,53.0841072618478,0.0008144198842374,1.47458579772961,6938.71484824225,1604.49043281343,3487.31591375333,29577549.4613201,308099.473554297,,,,,0,0,,0
6575.63712869589,18553.5208212617,1375.16309389005,282.453554535458,1985.84583561695,52.6321637003221,0.0004009673477828,1.02420909254877,6975.77444776819,1606.08463582536,3462.28427983867,29874084.604556,311188.381298025,,,,,0,0,,0
6470.30747665019,18957.4671681615,1349.56314344446,279.532949611952,1946.42680611957,51.5604710612701,0.0001954558053257,0.701098134188161,6899.32705325659,1584.77893897348,3396.26387272449,29703188.027692,309408.208622354,,,,,0,0,,0
6182.15158909805,18753.1600228828,1281.63938122334,267.26575313615,1846.25970971396,48.8827994060634,9.36970984176253e-05,0.469297246519317,6612.67166955499,1518.06414134802,3223.76011739391,28616806.6028171,298091.735444927,,,,,0,0,,0
5865.04914764606,18362.5366077733,1200.49884646435,251.47281578494,1727.48267474115,45.7170657730158,4.55407459529376e-05,0.316058533149024,6282.43860833043,1443.44130203804,3018.04635679298,27312729.7937705,284507.60201896,,,,,0,0,,0
5569.68291124647,17949.6518793705,1120.1811951253,235.209287344214,1610.29854808118,42.5979389308358,0.0003097694822663,0.215877777284187,5966.47848269271,1373.40971351847,2814.48294129208,26047621.6946678,271329.392653283,,,,,0,0,,0
5354.67060949273,17718.2550839948,1053.92975589472,221.351772911043,1513.71224555119,40.027746134904,0.014142370218226,0.159450913513002,5730.33596220128,1322.51608891645,2646.49306795296,25111630.8887346,261579.488423368,,,,,0,0,,0
5272.42698644503,17868.377006251,1016.45007923838,213.242778287734,1458.75719503769,38.5616293150677,0.102152244677763,0.210910455594143,5631.5841804787,1303.89912544351,2551.62052551482,24773744.3111954,258059.836575421,,,,,0,0,,0
5237.70628164196,18108.287447768,992.253043068336,207.795242726635,1423.15291568436,37.6097616422263,0.313600619354911,0.605692971452621,5579.77046543545,1296.61230060181,2491.71745446182,24636918.0162345,256634.562669577,,,,,0,0,,0
5215.15207018144,18265.8435265426,973.667234140791,203.474679728225,1395.89905109317,36.8805888648282,0.652337767866943,1.76798316794993,5538.10011468502,1291.93267748531,2447.90240552459,24519928.4489172,255415.921341958,,,,,0,0,,0
5251.96217252571,18440.4869024735,969.259964999563,202.11730449092,1389.27843087787,36.6972986554564,1.21185579867483,4.30650179424332,5557.35746705281,1301.55443155976,2441.66962614152,24625761.0717138,256518.344497485,,,,,0,0,,0
5404.97912296294,18759.3439771182,990.492339194273,206.166417863424,1419.72574438568,37.4923851063671,2.28936575441675,9.19450340935997,5697.00615186146,1339.522456137,2502.03006998659,25199097.620518,262490.600214206,,,,,0,0,,0
5599.02263692297,18872.3039804336,1024.57411643847,213.004707680236,1468.95274215166,38.7816763985676,4.36211361728727,17.6846547317717,5876.08574183693,1387.04202654189,2597.12033215225,25859684.1247979,269371.709632332,,,,,0,0,,0
5802.61585233737,18602.9693206952,1065.63842486287,221.420578993857,1528.59952581347,40.344635456193,8.15310935513724,31.1586320807404,6059.82786494972,1436.03247810083,2712.22732268425,26435388.8034936,275368.633370225,,,,,0,0,,0
6053.12100054447,18031.9621989484,1120.39286937972,232.79531111519,1608.31138075395,42.4375631828948,14.8068485668571,51.3795690250122,6284.61856575632,1495.34707556788,2864.36413065457,27076416.7146284,282046.007444559,,,,,0,0,,0
6393.82774517582,17242.3691807255,1198.29039915445,249.10664064504,1721.65841239747,45.4216216733942,26.0915912971838,80.7888929667803,6590.79303218465,1575.08377930031,3077.6423883083,27952458.6749643,291171.444529819,,,,,0,0,,0
6768.12059757565,16051.129698748,1291.35232645232,268.744480255583,1857.12436296153,48.9970597671109,43.8714361753219,120.807455876705,6914.14432939982,1660.50385608688,3331.17277926004,28795929.3588774,299957.597488851,,,,,0,0,,0
7152.14196487116,14460.3113404329,1395.84783644234,290.956057128865,2009.20291743592,53.021900495904,69.612651251512,171.746551989315,7225.65026549444,1745.00973347254,3614.26610628087,29511333.8839367,307409.727958233,,,,,0,0,,0
7540.907937226,12580.0847958224,1508.06522471598,314.923199085669,2172.39607211727,57.3514689996331,103.968065952423,232.710119877721,7517.49581113743,1826.78360461373,3916.18126738774,30099802.3936703,313539.608266259,,,,,0,0,,0
7929.58959020666,10551.7350582425,1623.52909789072,339.678241023434,2340.12702679936,61.8097816025496,146.671652253239,301.41974674843,7784.72065916762,1904.28004342583,4224.42597702277,30578547.6722251,318526.538252924,,,,,0,0,,0
8308.67034836453,8519.07928653957,1738.2498588189,364.438382663127,2506.53852342614,66.2383796718898,196.60866034273,374.253386803987,8021.27914199282,1975.18412724849,4528.01450942701,30963164.2962057,322532.961419396,,,,,0,0,,0
8669.39889529924,6615.0735349202,1848.42359203337,388.507495754111,2666.07351242812,70.4864367575926,252.050974086416,446.899572824698,8225.55045239695,2037.82203560064,4816.73875367737,31279365.241742,325826.72126696,,,,,0,0,,0
8898.6298503883,4891.77859799485,1923.95041851968,405.582472316501,2775.31748242783,73.4022501214045,306.895186674754,508.809253964579,8301.92279647773,2066.86793745477,5012.30968918046,31180859.7439575,324800.622333481,,,,,0,0,,0
8910.25057006189,3440.38806017617,1935.23612285725,409.238941601069,2791.6928573545,73.8563435051367,353.214542003709,549.710481609055,8187.19824364427,2044.95973253403,5038.40795138586,30431676.4363189,316996.629545566,,,,,0,0,,0
8849.61658639001,2357.32600300615,1910.56633122912,405.267788488075,2756.1331975647,72.9304733955085,392.750093973299,575.846621058718,8027.33651614269,2007.95368982777,4969.54042265881,29568866.1970118,308009.022884419,,,,,0,0,,0
8759.42590106885,1588.65345450604,1865.93174432384,397.060567604264,2691.74961732558,71.236872045928,426.428969032652,590.726784241489,7863.05660124946,1966.49624971288,4847.71064208766,28737365.8002722,299347.560420047,,,,,0,0,,0
8645.70871982677,1058.88262310415,1809.31779349003,386.331295277512,2610.07373501895,69.0817382181481,454.362075318253,596.381341101423,7697.75785545936,1922.27859612585,4694.03784836292,27944036.298119,291083.711439269,,,,,0,0,,0
8513.5798682874,702.910166169501,1746.29710375835,374.23844198099,2519.15165663994,66.6790226162339,476.775275122006,594.897054702186,7532.39849565717,1876.4857612948,4523.45053210579,27185990.3981761,283187.399979971,,,,,0,0,,0
8370.70150736853,469.063882930944,1681.19244644721,361.643870443212,2425.2241875937,64.1947972860236,494.166988548536,588.412039812926,7369.60459068495,1830.65892274691,4347.64994302062,26466575.2921386,275693.492626946,,,,,0,0,,0
8224.17127770385,318.272961561219,1617.03747177063,349.131938628999,2332.66987477123,61.7456725664323,507.14675603774,578.778028137336,7211.62739967351,1786.08623825045,4174.92484391607,25788708.3251101,268632.378387052,,,,,0,0,,0
8078.43605799555,222.350340514309,1555.55908644444,337.022313145123,2243.98217169554,59.3981614678003,516.272125233443,567.373091960809,7058.95845999911,1743.42842873124,4010.0506510398,25150029.3309365,261979.472196302,,,,,0,0,,0
7937.44968892786,161.857793690929,1497.89193176769,325.528319471754,2160.80291491166,57.1960567395254,522.143271265101,555.271873582245,6912.39924665914,1703.24349685678,3856.1078695258,24550182.0038253,255731.062540312,,,,,0,0,,0
7808.36398112933,123.889536731717,1445.54277755913,314.967161690352,2085.3129132365,55.1972721439323,525.635390410478,543.544699536514,6776.24691250294,1666.79710562703,3716.97149775675,24002091.4113372,250021.785535217,,,,,0,0,,0
7695.14517829567,100.036466851032,1399.29875441705,305.519455823492,2018.65485064902,53.4321330675934,527.453129180623,532.856258293164,6652.61549095049,1634.69919006331,3594.54565369501,23511585.6373236,244912.350387896,,,,,0,0,,0
7522.2692451413,84.156111724419,1344.35075720422,293.9345224824,1939.48432928985,51.3359042556119,522.69036482472,518.274951240157,6475.79424266103,1590.82277682043,3450.64010355931,22842455.5758107,237942.245581794,,,,,0,0,,0
7224.6722264398,72.5768656915173,1266.76742872948,277.091261425633,1827.74017284522,48.3782473420269,506.840169605921,495.604274295969,6190.96378217941,1521.60794546022,3249.37018233438,21794056.5373725,227021.42226471,,,,,0,0,,0
6914.68805780729,64.4589270935161,1185.96901541939,259.218198818457,1711.45394905749,45.3016002166272,487.997129207848,472.709131625344,5896.09395896861,1450.88458566899,3040.40648130596,20708831.4082384,215716.993835032,,,,,0,0,,0
6628.74221035573,58.6929791405389,1109.94755061799,242.141685976332,1602.13254412386,42.4104034547924,469.237826980959,452.057159858922,5622.78198895933,1386.18633221504,2844.0813899,19701077.6671565,205219.559033253,,,,,0,0,,0
6350.56213348467,54.2614429171221,1037.38676543618,225.664466008523,1497.84435494857,39.6532034643752,449.846345425704,432.47188307047,5357.42523075667,1323.97425238263,2656.91173570415,18726062.7331128,195063.15347028,,,,,0,0,,0
6060.70897519465,50.5045129337152,965.678906626809,209.28570203432,1394.79930937947,36.9294059121973,428.764131373489,412.560536430304,5084.04895109855,1260.11910644314,2472.14710426705,17728861.3474999,184675.639035785,,,,,0,0,,0
5782.78915006496,47.3273537540318,898.877759560103,193.934201046684,1298.83292155261,34.3932930935298,407.919549419271,393.853538235859,4822.85995373399,1199.46142893097,2300.11688386078,16780279.1920583,174794.574917592,,,,,0,0,,0
5525.38243759143,44.6165078236062,838.456329913905,179.963715896126,1212.06078844853,32.1006881378646,388.122615560095,376.859409992832,4580.99879458572,1143.67764352098,2144.55230776121,15905427.8637499,165681.540247696,,,,,0,0,,0
5355.71018030204,42.7961783476523,794.869827234539,169.642363247564,1149.59073022892,30.4515138113062,374.234263133022,366.113219809151,4413.518031468,1106.54057682028,2032.16487170457,15296412.9787987,159337.63519524,,,,,0,0,,0
5348.5844679654,42.3772262236076,779.686799645446,165.440603830799,1128.16168369452,29.8889760264463,371.508369923139,366.759095843159,4379.88763064357,1103.2956971241,1992.49448066192,15161692.869177,157934.300720881,,,,,0,0,,0
5403.65009346612,42.5087641658088,778.33444131382,164.24532576074,1126.70559445063,29.8547713684856,372.894166299724,372.018174071613,4395.34501921621,1113.06390118261,1988.26236433852,15209448.3632557,158431.753784202,,,,,0,0,,0
5473.04079570899,42.7912353551214,783.520903086155,164.505187015373,1134.67599872746,30.0693023961752,375.033040295731,378.670869543141,4419.88556617731,1125.93170246443,2000.82455636861,15300903.0602233,159384.406876746,,,,,0,0,,0
5512.07412083193,42.8650187246367,788.034861544144,164.690846351056,1141.63768969565,30.2559772576643,374.835360132162,383.654580285872,4417.35824384606,1132.70175299514,2011.75189457676,15308986.0373129,159468.604555632,,,,,0,0,,0
5479.82728381764,42.4081371923105,784.285590479836,163.18358390121,1136.60851476543,30.1239871943482,369.533258479736,384.060566462828,4356.03979513023,1124.98459505465,2001.63840464129,15118946.1302633,157489.022190529,,,,,0,0,,0
5431.53152380352,41.8452673543489,778.272735595166,161.1901434082,1128.30271907566,29.9047592719396,362.906160053039,383.647875110276,4281.18212055206,1114.12529801707,1985.75832249096,14882466.3582757,155025.691231474,,,,,0,0,,0
5391.93047480288,41.3606599471738,772.856770934032,159.276082484188,1120.88200212847,29.7088983443632,356.637981287402,384.111723052526,4212.55394807635,1105.16684678235,1971.38415994725,14666454.1039705,152775.563583304,,,,,0,0,,0
5374.70852342734,41.0525065132192,770.260576081203,157.894481132545,1117.57555977449,29.6220468190846,351.656099030225,386.414284268809,4160.53561629828,1100.87285785835,1964.17966204778,14507856.6039858,151123.506291793,,,,,0,0,,0
5390.31185942158,40.9940931581409,772.555828617161,157.470619821186,1121.39195585473,29.7238705073375,348.651513550831,391.329310943695,4132.4871909945,1103.34225539381,1969.42823252115,14434152.2807936,150355.752924386,,,,,0,0,,0
5419.92051910576,41.0365496939388,777.488324173871,157.541542539612,1129.06302646633,29.9276579138033,346.414487866196,397.51924431806,4113.18399289915,1108.68978515979,1981.38186184052,14393708.8234595,149934.466911309,,,,,0,0,,0
5452.90405478316,41.0955455122071,783.643809003733,157.814771618237,1138.53814078507,30.179042359853,344.311114196838,404.191489734845,4094.17592883918,1114.72240119375,1996.43176589721,14357453.7194441,149556.809577815,,,,,0,0,,0
5420.03825128396,40.6486209242599,780.426433621344,156.148725263273,1134.42370443279,30.0701842295849,338.083336737882,406.099503848469,4024.16057689482,1107.29241750868,1987.57279858864,14143503.5275384,147328.161744656,,,,,0,0,,0
5248.43199057014,39.1564114342196,755.488608615595,150.083153618436,1098.75852455379,29.1255333204112,323.439846247775,397.438853119134,3852.1762005816,1071.5531440156,1923.35044578885,13566313.5833711,141315.766493706,,,,,0,0,,0
5033.35221591417,37.3414578613057,721.367212452401,142.154720901501,1049.74498808364,27.8280220602317,306.519743453475,385.059094824942,3651.77554673249,1027.00685027511,1835.69869883376,12879789.7290582,134164.4763446,,,,,0,0,,0
4818.51962565265,35.5330795099803,684.867793930977,133.749906566652,997.261060039899,26.4394852031395,290.063150166834,372.203915004429,3455.72209085769,982.58735915065,1741.96327684712,12200119.4447813,127084.577549343,,,,,0,0,,0
4615.91375348977,33.8210279099802,648.759973226257,125.447536594635,945.320579101425,25.0661083266167,274.782760346606,359.811701495311,3272.5445167879,940.734517413079,1649.2170087281,11560017.6658177,120416.85068582,,,,,0,0,,0
4431.21745191915,32.2469569357456,614.798713961987,117.613826032898,896.468406721671,23.7751066010124,260.977585821161,348.375229559827,3105.86517012609,902.598745563018,1561.94413709499,10974841.1711208,114321.262199383,,,,,0,0,,0
4258.52092700647,30.7673632569026,582.791739968934,110.227009903126,850.418333423062,22.5586725649478,248.250079220838,337.48755254877,2951.0734871679,866.967742005291,1479.67114519526,10430110.4756769,108646.984121239,,,,,0,0,,0
4095.28463433354,29.363897815804,552.719025459911,103.292151377826,807.138724806803,21.4158074238195,236.407556009968,326.994931852911,2806.07665804888,833.317766342424,1402.35749798501,9919433.95733397,103327.43705575,,,,,0,0,,0
3980.12990133632,28.3113132966245,530.05010771918,97.8256541909333,774.621387791235,20.5584497594198,227.622521495482,320.056711182858,2696.60476710882,809.495785999815,1343.87990309244,9534859.08962879,99321.4488504805,,,,,0,0,,0
3964.78837370363,27.9671925809551,521.990010528909,95.1114337292228,763.418255346785,20.2666524491916,224.750789764051,320.996631906421,2655.65085129031,805.995431357798,1322.47444063039,9395124.72770419,97865.8825798959,,,,,0,0,,0
3993.87970508407,27.9263820825633,521.38737495411,93.7783749609921,763.101569507584,20.2636990305056,224.543658179734,325.509903144271,2643.68021003879,811.526917108785,1319.97288897584,9362270.47442065,97523.6507753925,,,,,0,0,,0
4034.3239184178,27.9510007998804,523.861169432405,93.0046078702335,767.274046366114,20.3797499902726,225.100940301302,330.975711689151,2637.75040706012,819.35397994072,1325.25919077644,9355574.7042002,97453.9031689293,,,,,0,0,,0
4134.16746569492,28.3678195292721,535.733404682867,93.8840569991056,785.206649541265,20.8610451406192,229.084189588092,341.406378787978,2668.24213250203,839.219274121468,1354.30607785146,9483664.57360048,98788.1726413122,,,,,0,0,,0
4371.08581413212,29.6903916874969,567.884707558389,98.2517216015582,832.873680366099,22.1319561298051,240.760868201733,363.419057271836,2782.07430502791,886.84799214969,1434.5656946907,9917370.84582604,103305.946310876,,,,,0,0,,0
4668.66689033465,31.3723014976521,611.747807183326,104.530614565715,897.74230968558,23.8593184443188,255.909235144032,390.927881546923,2926.20606691361,946.676108581547,1544.32543650423,10473817.9433236,109102.270243153,,,,,0,0,,0
4980.04679428486,33.0838307721885,662.275287573442,111.807379525917,972.416943871211,25.8462971021475,272.027396932121,420.151771604165,3068.80179857992,1009.15581878496,1670.80750905847,11043350.2129327,115034.898050964,,,,,0,0,,0
5318.51333188284,34.9034613640049,722.144259026101,120.493279436386,1060.83472799317,28.1972741385922,289.953447154833,452.306635704992,3216.36308908726,1076.93559888511,1820.73625649553,11652716.9515709,121382.468245751,,,,,0,0,,0
5712.2640433947,37.0006841573671,796.582561368065,131.397275327934,1170.68800010355,31.1164681374013,311.394688847719,489.936104980295,3383.27575723858,1155.66000193187,2007.2434230595,12359306.7146019,128742.778277337,,,,,0,0,,0
6125.91728469105,39.1282110698338,882.290444527731,143.893462949062,1297.14654135239,34.4753487426282,334.668027332875,530.153041982034,3545.58932037733,1238.09548824831,2221.94794947237,13081776.3896437,136268.504058293,,,,,0,0,,0
3510.24540714571,22.0882281241676,524.503691631001,84.574543542898,771.401905424141,20.5002732546609,192.690808541798,306.630499758371,1980.96673139492,708.629421321821,1320.1573091944,7394408.25933354,77025.0860348645,,,,,0,0,,0
7121.86062880851,44.1085532941193,1109.52094091553,176.874163052273,1632.35421252278,43.3754228337322,393.848336379926,628.028588825098,3909.91234141506,1435.87226396758,2791.06069420187,14794249.6812884,154106.767513701,,,,,0,0,,0
8067.7135585705,49.1798476669118,1329.72985794285,209.673347566932,1956.85103097577,51.9842749558866,448.356494416318,717.840251040573,4295.23164100131,1624.28792137052,3343.35423870233,16544804.191148,172341.710323832,,,,,0,0,,0
9098.44858168941,55.4950211650894,1614.2996211506,251.991855411707,2375.8686979339,63.0746657347735,497.184730571982,812.140108639132,4685.18538774243,1829.55796263033,4057.57862259548,18472262.3845189,192419.399839089,,,,,0,0,,0
10092.2829090907,71.8201440599796,1950.68094316445,301.768741098781,2870.42303639785,76.1202817081486,514.935603768722,885.745974431694,5030.4620684234,2028.95754067701,4903.595757749,20393058.8817491,212427.696685273,,,,,0,0,,0
10795.6509997238,140.021372406423,2271.58834365268,348.740000221516,3341.07892974809,88.4781065889944,473.736863536046,895.471583817188,5248.76387423562,2174.60973086174,5716.02081781678,21893912.9704202,228061.593441047,,,,,0,0,,0
11041.7321865962,355.550755999311,2489.38753773694,380.128713853508,3659.12436700841,96.7534442043005,375.684067350318,821.13654041158,5319.70276123408,2234.86705512171,6278.26008015873,22718981.6271203,236656.058616266,,,,,0,0,,0
11142.923466613,851.716311839044,2619.10081325199,399.174495435882,3847.22728409881,101.568596095323,262.139243677194,702.81888820964,5428.69298494211,2271.92911778983,6625.57593222372,23516570.421013,244964.275219331,,,,,0,0,,0
11175.809302808,1743.90524723382,2683.08352035554,410.365028181919,3938.200758849,103.803243032519,161.06638705697,566.726109327137,5616.30206026456,2299.24826721165,6806.17230384829,24497232.6580156,255179.5068534,,,,,0,0,,0
11071.566467358,3043.16167658141,2682.3440029274,414.489387154242,3933.30732214316,103.508953422719,86.5108636327269,430.056414684168,5830.91869800079,2300.09081892362,6815.69985667271,25505806.7714148,265685.487202721,,,,,0,0,,0
10792.2067047804,4617.32415698095,2612.49432079134,410.407187584679,3826.34571471403,100.547885503291,40.8562661537089,308.523242339913,6014.93364756845,2263.84901074436,6641.58459285879,26319791.3907502,274164.493654147,,,,,0,0,,0
10451.1653486475,6316.49227872308,2506.57491894589,402.111577011168,3666.27846911563,96.2241276446421,17.5469824922822,213.292958073011,6187.61262304616,2212.42693067187,6370.32841619015,27042920.7331494,281697.090969281,,,,,0,0,,0
10086.1247105267,8002.12010984466,2383.23952225004,391.508193836781,3480.89404498422,91.2682847619318,7.12312881041057,143.742803278867,6339.54364427118,2153.19590581964,6052.62068581427,27656470.2970184,288088.232261132,,,,,0,0,,0
9603.7343124649,9453.43515734811,2225.00320482682,374.680614247275,3245.08903218131,85.0161392921566,2.80952486088846,94.3833194623678,6384.47551077914,2065.91490766661,5646.37324418314,27792106.907947,289501.113624975,,,,,0,0,,0
8954.59484397219,10456.0704675058,2020.5501044596,348.437727963963,2942.81210440455,77.042847231956,1.10250086739225,60.6485797596498,6258.64154716546,1939.38118752159,5123.95466877242,27167737.961408,282997.270430304,,,,,0,0,,0
8313.22256681892,11119.3932042202,1814.79133620245,319.691666096386,2639.70961972805,69.0643778194485,0.44575600900281,39.1376577219967,6067.11495631461,1811.20250948244,4599.38214316864,26248366.2197706,273420.481456441,,,,,0,0,,0
7727.64681172133,11534.434503564,1626.13514635179,291.795676512197,2362.44412768692,61.7746839289134,0.187769644493741,25.6030073197631,5851.00292578859,1692.37368428406,4119.01867653611,25230014.847968,262812.654666812,,,,,0,0,,0
7293.67319741207,11919.6918091787,1479.97935076427,269.851900657728,2147.66402249583,56.1282455001212,0.0833504530970269,17.2092657127357,5697.58010871972,1604.5973990168,3746.90771449446,24503435.8992196,255244.123949276,,,,,0,0,,0
7084.1856915649,12510.8168877443,1393.34290128715,257.766981614037,2019.71309136938,52.7567123593296,0.0391177734348093,11.980884179428,5684.65615276448,1564.80608497903,3525.88356923846,24414601.3377794,254318.763935665,,,,,0,0,,0
6958.40655395563,13158.4533304326,1337.01225722815,250.803017040071,1935.93731305142,50.5419013356493,0.0188784289118443,8.4458821913248,5715.73898231684,1542.59875239107,3381.84484340536,24552573.6307863,255755.975321156,,,,,0,0,,0
6867.81306550612,13809.0353324938,1298.39206919766,246.86281377897,1877.96503823643,49.0022648036752,0.0092575587924326,5.97988012579677,5756.69327461713,1527.46425986644,3282.8469571467,24766528.9269284,257984.676321232,,,,,0,0,,0
6785.81317406078,14426.567071291,1269.07671281199,244.429144247525,1833.58282556171,47.818265578602,0.0045816127878398,4.23509493172503,5787.5427165551,1513.5961202596,3207.57024223524,24964531.4588239,260047.202696555,,,,,0,0,,0
6692.21436984374,14974.4185675434,1242.19490521968,242.159770217484,1792.85333276712,46.7305708875561,0.0022789421265282,2.99311178204857,5791.96173787683,1496.54440848266,3138.58895876305,25069417.6216727,261139.766892899,,,,,0,0,,0
6615.686323767,15522.1852517499,1220.70067502694,240.584373557815,1760.04532114188,45.8505336374938,0.0011433264544608,2.12075273046102,5795.82497369703,1482.78678083125,3083.31074553602,25187653.7157796,262371.392871749,,,,,0,0,,0
6564.46681405441,16103.1833641979,1205.33151385657,239.870081976383,1736.20248777365,45.2051169310062,0.0005784771236246,1.50770607431424,5808.43530751091,1474.2869383302,3043.5537938711,25359023.3175181,264156.492891294,,,,,0,0,,0
6561.8056126435,16793.1341434224,1200.77560389957,241.026123286898,1728.03718261769,44.968559160163,0.0002955664568811,1.07793753476628,5852.67525150438,1476.40127361563,3031.12585448724,25686718.2159696,267569.981416837,,,,,0,0,,0
6628.12777430339,17671.3396205558,1212.1001280667,245.195252843901,1742.77243679008,45.327865758069,0.0001523941133251,0.775475668825628,5949.20344787833,1493.88189643029,3058.79014590274,26269173.6087647,273637.225090304,,,,,0,0,,0
6721.25290922784,18650.5074000149,1232.54960877023,251.115378082032,1770.62276618474,46.0275243529167,7.84895694464355e-05,0.556467260873277,6061.93915986971,1517.35764975165,3109.46023312371,26954326.8163277,280774.237670591,,,,,0,0,,0
6821.85590946269,19690.0765073461,1258.39806601268,258.038917076656,1806.19505413198,46.9268807679082,0.0004508438750989,0.39640513312571,6174.33729439719,1542.54861077194,3173.68636629119,27670775.2532736,288237.242222124,,,,,0,0,,0
6928.68185976016,20780.1327527987,1285.19537008033,264.859699836006,1843.1510234437,47.8618786455959,0.0230986300257072,0.296514300922028,6285.74109979917,1569.19521878325,3240.42321351297,28402944.2649103,295864.002758406,,,,,0,0,,0
7042.42447401214,21896.1072743234,1314.28817016245,271.871830446068,1883.55613920386,48.8870725895448,0.172344892755946,0.417122759526471,6397.97125134593,1597.5101561223,3314.44746343241,29152579.175601,303672.699746397,,,,,0,0,,0
7152.00831559146,22904.8822123777,1343.33634486205,278.624130755521,1924.2530902329,49.9215627319464,0.517674592255413,1.34764893992964,6502.97258170034,1625.04290574886,3391.6292108622,29849632.5656169,310933.672559075,,,,,0,0,,0
7252.62932682527,23618.2603891826,1370.36669346265,284.745534112243,1962.54565754174,50.8945748755565,1.0476331759206,4.16025102039791,6599.22839598969,1650.7712160657,3467.73949277574,30427058.5098292,316948.526142901,,,,,0,0,,0
7327.83599541315,23787.9445185949,1390.95481320325,289.326530191071,1992.15358331106,51.6411630754575,1.98490024711046,10.2164256242046,6674.56150898091,1670.98198826382,3530.91703122946,30760573.8534262,320422.644307106,,,,,0,0,,0
7364.00532670425,23238.4365119586,1401.70058018484,291.657758202152,2008.2359472594,52.0344773630502,3.91903859353296,20.9011803169813,6717.85063307895,1682.4718632074,3571.40992925093,30753824.6314875,320352.339911911,,,,,0,0,,0
7383.61128568339,22030.2119574766,1406.91448080544,292.637575055616,2016.96036641308,52.234944440706,7.67663527841556,37.4108330558701,6748.70045172715,1690.14735029888,3599.31498146753,30494470.4105824,317650.733442411,,,,,0,0,,0
7394.45676683255,20281.2975280114,1408.58048082802,292.680693857799,2021.11185770835,52.3175100459968,14.3097325306526,60.4542626586403,6771.72199822128,1695.5135560774,3619.02445000269,30037396.6212596,312889.548138689,,,,,0,0,,0
7433.79365889825,18236.9496539227,1415.0030229293,293.530177278791,2032.50146806257,52.5918934961358,25.0542186830627,90.5148699331134,6817.96264148852,1706.85146059571,3651.23298801806,29571590.6365167,308037.402464276,,,,,0,0,,0
7533.69898775824,16093.6928455614,1434.62359898701,296.984357198026,2063.14532624713,53.3723288879138,41.2592543673259,128.107198521418,6914.12747974221,1731.34062358975,3717.14899299422,29258337.4881883,304774.348834186,,,,,0,0,,0
7641.84826926397,13844.2205442137,1459.11702291205,301.371518282894,2100.96201087868,54.3478229111173,63.6299326273506,172.034721463873,7010.00526290455,1756.80000909905,3794.5681522943,28923816.0649477,301289.750677087,,,,,0,0,,0
7741.67619010782,11592.9221066883,1485.2004851703,306.058393533537,2141.0970329581,55.3920765989346,92.0782283301954,220.354560465667,7089.11331216139,1779.2842244701,3874.21837859937,28542210.3189612,297314.690823054,,,,,0,0,,0
7926.06398276731,9558.21409574962,1531.93205627501,315.045486342296,2210.94680121382,57.2117386372483,127.612051522583,274.415792314054,7236.10358143851,1820.0251650901,4005.39093348497,28481945.0698959,296686.927810336,,,,,0,0,,0
8277.39606195389,7802.16992478905,1620.78203396884,332.89243742761,2341.5073281525,60.6072047597603,172.948859700264,337.856422575863,7525.34781198753,1897.69328187048,4244.06679037685,29038576.1658979,302485.16839532,,,,,0,0,,0
8663.30394661115,6168.21677415299,1731.4755242354,355.63216733284,2503.48817947383,64.8187109226736,226.776169725278,405.900227367855,7835.77708841867,1981.54067070499,4536.80220001212,29749395.6501858,309889.538023333,,,,,0,0,,0
9042.70631527865,4689.44892044654,1855.21524516592,381.605430891545,2684.10796641015,69.5127123069588,286.914346265891,474.539300486225,8131.91530248179,2061.86463515226,4860.15344605353,30495691.5682121,317663.453834387,,,,,0,0,,0
9310.66941302144,3393.14449081044,1961.25202180885,404.46943466315,2838.85793715275,73.5337819606074,346.81907873967,534.802869753422,8323.36695726756,2114.68726813968,5133.71840125784,30937792.9062121,322268.676106962,,,,,0,0,,0
9391.41496590439,2333.04624875703,2017.15053457905,417.307497257814,2920.83662044299,75.6649745139686,398.393161859554,577.937878000382,8348.45984480687,2123.31940626028,5273.55038572324,30826886.233881,321113.398270178,,,,,0,0,,0
9428.28392069105,1558.68587302233,2044.51947465987,424.380749008515,2961.40731631035,76.7181432441957,443.823820117718,610.153617984747,8339.29965558383,2120.98652164236,5337.23886996284,30629561.4135818,319057.931390316,,,,,0,0,,0
9455.93051414598,1021.19125222245,2055.41659551978,428.233317339215,2978.06582979549,77.1464068476864,484.188018275868,633.840211510125,8327.54150345254,2116.05878949768,5356.85972797418,30455861.5922811,317248.558253505,,,,,0,0,,0
9382.18740345459,656.370322677162,2033.28345043744,425.419003179933,2946.84688947297,76.3292430115093,514.417460416084,643.565099127532,8231.81560875373,2088.63768570439,5290.09927556871,30000570.5804687,312505.943547117,,,,,0,0,,0
9141.15126928456,418.283629567992,1961.9727769472,412.305672981386,2844.38398529494,73.6634014190425,529.583718434703,635.699487615806,7994.15293669555,2025.1358639423,5096.24551486154,29036015.7671249,302458.497573117,,,,,0,0,,0
8857.50686568594,273.186558308134,1869.8869136147,394.573388073811,2711.83910986349,70.2178228665403,536.240412290298,620.347840939506,7722.96932634203,1954.03138822395,4850.03978649324,27948800.9420288,291133.343146663,,,,,0,0,,0
8566.37532614853,186.764301188808,1770.64394672828,375.008953883963,2568.90272591769,66.5042292441313,537.233793583219,601.585216359362,7447.65081395743,1883.30197481009,4587.05642008802,26850423.2872662,279691.909242865,,,,,0,0,,0
8277.88233876691,135.489990782667,1671.63675807966,355.182396025079,2426.24180437385,62.7996656055023,534.099021967173,581.378113472674,7176.15324947099,1815.1359100649,4326.36148788469,25775627.7831308,268496.122739969,,,,,0,0,,0
8000.61359087115,104.866951870971,1577.83017543057,336.177383364505,2291.02676663835,59.2899915205757,528.220213330506,561.209598857217,6915.49032634517,1751.23666931253,4080.5335632558,24753063.396601,257844.41038173,,,,,0,0,,0
7734.41129133632,86.2170285940409,1490.69843325197,318.339057287028,2165.38659646546,56.0301955353071,520.287282316063,541.646083124636,6665.34296452965,1691.313957622,3853.04900559491,23782499.8959219,247734.373916303,,,,,0,0,,0
7483.0202035767,74.5626027238257,1411.38376824066,301.938938360497,2050.98528589321,53.063053122038,511.097685847129,523.303331195805,6428.86524932459,1635.89951400073,3646.54578768629,22874545.2730757,238276.513260338,,,,,0,0,,0
7180.45595442484,66.4162770904546,1326.40200347948,284.086938850995,1928.24658671923,49.8819862888928,496.439866084316,501.768180918311,6149.54592478278,1570.26683262694,3425.92533333929,21824492.8894931,227338.4675993,,,,,0,0,,0
6773.06169755357,59.7341837753533,1223.74214470049,262.151767375942,1779.7326761435,46.0362900017719,472.595968467961,473.372369938055,5782.24159853203,1482.33236083155,3159.95554084064,20465937.4039857,213186.847958572,,,,,0,0,,0
6367.84368884178,54.5056722473746,1122.59807258967,240.239220148241,1633.36702494395,42.2484150035354,447.140657532536,445.550593891945,5419.01018194667,1395.15381296756,2898.05631624742,19123540.4998091,199203.546872287,,,,,0,0,,0
5999.83237910694,50.3984609093918,1030.56359354824,220.055604119654,1500.20071267982,38.8036897889581,422.90439085512,420.657911759677,5089.4684003766,1316.16536870528,2659.7645040049,17905138.00764,186511.854246589,,,,,0,0,,0
5680.90049598335,47.148357021204,950.764278135445,202.358783826924,1384.78434304447,35.8191784105134,401.07541213872,399.442063807991,4803.1963373174,1247.83873806425,2453.1250796043,16847247.2390223,175492.158740135,,,,,0,0,,0
5417.96769417486,44.6095892850273,884.735163898491,187.54258401915,1289.35873386331,33.3523126328177,382.417012719473,382.336186392657,4565.44191476553,1191.63628888183,2282.0901235964,15969500.001952,166348.958353061,,,,,0,0,,0
5191.94102861635,42.5122734120798,829.061546241925,174.919317542966,1208.95760838134,31.2742919062186,365.76912182101,367.966071349457,4359.54410901919,1143.3399158956,2137.84054131076,15213219.0810242,158471.032094291,,,,,0,0,,0
4993.29433849843,40.7161447885693,781.588116793412,164.049017757896,1140.44769619008,29.50390382877,350.582008523795,355.63620301899,4177.11571191766,1100.84193299498,2014.80378317453,14547820.5474295,151539.797369333,,,,,0,0,,0
4800.87568845341,39.0131992353832,738.214467933964,154.073192035894,1077.85427942353,27.8865484252849,335.456437349431,343.816442171945,4000.26296576614,1059.47332701849,1902.39184743505,13909184.3252902,144887.336721246,,,,,0,0,,0
4593.14554944336,37.208362117842,694.792134876821,144.12516014208,1015.12359315296,26.2656663375653,318.967563665201,330.915348797969,3811.15867123534,1014.47202371591,1789.89665050948,13233223.1951616,137846.074949851,,,,,0,0,,0
4394.34518439981,35.486875460873,654.439826247612,134.855376212572,956.812223513488,24.7592110532809,302.889958008268,318.624194101497,3630.15260509973,971.196069168933,1685.34149157828,12589128.0611435,131136.75063715,,,,,0,0,,0
4214.98504918707,33.9268147218041,618.464756672212,126.533953703253,904.836665189287,23.4167672344347,288.016226834355,307.68681426742,3465.91748024982,931.994256368724,1592.08542153148,12006354.5817136,125066.193559061,,,,,0,0,,0
4051.26888327415,32.4936600988811,586.139180995718,119.010356733188,858.139661600655,22.2109413619826,274.131844406959,297.824401756733,3315.23791186379,896.056523943391,1508.24990959875,11473404.9363103,119514.63475345,,,,,0,0,,0
3896.44099160565,31.1313083682603,556.310253907953,112.048736334717,815.040021957624,21.0981913455161,260.817360910919,288.53529631927,3172.54998960956,861.914487373632,1430.8652404402,10970620.3839657,114277.295666517,,,,,0,0,,0
3754.99669609158,29.8749746828153,529.452561970675,105.742841377869,776.238996651664,20.0966448762465,248.406345563352,280.147027265831,3041.49944384416,830.58563096375,1361.15030956561,10510213.2752317,109481.388283265,,,,,0,0,,0
3628.76013358484,28.7386477831703,505.660686361307,100.106601463389,741.882543479969,19.2100621792115,237.034625748643,272.802404336721,2923.46761962937,802.493399424035,1299.3455252222,10096620.1084925,105173.126130321,,,,,0,0,,0
3575.81456307402,28.1800280682319,493.05526771702,96.7345685747913,723.896949002059,18.7472030190984,230.448958181386,270.931463937509,2864.71706133385,790.490917401234,1266.31104971385,9889980.71575787,103020.632455999,,,,,0,0,,0
3678.20143311716,28.8359367992896,503.362230775709,97.8844365359037,739.527229180982,19.1545236366345,233.691583646256,280.983787437392,2929.11445177043,812.679411130577,1292.13733151646,10112825.9124706,105341.936587852,,,,,0,0,,0
3852.21480678158,30.0355128832527,525.654439574417,101.375091855145,772.753481635649,20.0168462112535,241.083658010323,296.884514347082,3047.43730984552,850.476793469562,1348.73933667818,10528875.7289044,109675.788842954,,,,,0,0,,0
4043.70785776346,31.3488914531398,552.953707676662,105.845483496362,813.324581953744,21.0682813354903,249.052878625817,314.634201123891,3175.36335075067,891.839814925027,1418.20509621393,10986831.2129089,114446.158468009,,,,,0,0,,0
4186.8194959503,32.2641002334353,576.075881274824,109.537081400729,847.72956468923,21.9586433136693,253.531981569005,329.126817177871,3260.85066598874,922.184385315094,1476.97957661036,11306386.0403661,117774.854586718,,,,,0,0,,0
4213.04753356028,32.2606893964746,584.172439244817,110.38264399719,860.005645701982,22.2748006669555,250.605804758214,334.760511508814,3252.08982587529,926.459441760468,1497.23951103726,11303576.066745,117745.584028807,,,,,0,0,,0
4197.08955454303,31.9226635516233,585.860981559119,110.003461440522,862.846120531068,22.3462110403306,245.061792694623,337.159162750545,3209.08013002209,921.201830347022,1501.05861495317,11181373.7841459,116472.643585065,,,,,0,0,,0
4178.75811010842,31.557247259725,585.997258257022,109.299062176626,863.413456775321,22.3588125159126,239.381851701592,339.394663509758,3163.09075747126,915.205297738888,1500.86514839025,11046540.7200898,115068.132500517,,,,,0,0,,0
4154.19718227865,31.1362718635784,583.963761032613,108.148617742447,860.805121902668,22.2894712306803,233.423155485553,341.101708087195,3111.39596655655,907.652973672048,1495.07222576685,10889253.0589476,113429.719364244,,,,,0,0,,0
4108.43071976194,30.549961623248,577.696267603283,106.175400767141,851.979167797112,22.0596041883068,226.445625782756,340.968420066291,3043.25086545143,895.32373953066,1478.39895532649,10671715.1298487,111163.69926946,,,,,0,0,,0
4054.69788908727,29.9006153310409,569.188701355206,103.760585375937,839.871202631833,21.7453365462899,219.287085390447,339.998854620729,2969.1057833992,881.16991127684,1455.95982694568,10430494.9806905,108650.989381797,,,,,0,0,,0
3999.51745976839,29.2384189005814,559.615313394315,101.132176041541,826.20788736826,21.3913835172895,212.356441197627,338.689355501112,2894.02979077326,866.652579095587,1430.77065507265,10183841.9961789,106081.68746039,,,,,0,0,,0
3935.33036379802,28.5099753186415,548.137000508879,98.1514619536069,809.743902605255,20.965478627395,205.287490366195,336.362951535876,2812.80419550803,850.173827155246,1400.69760914554,9913762.50736102,103268.359451865,,,,,0,0,,0
3851.27457811139,27.6403362822737,533.340234827306,94.581308413431,788.382278496965,20.4133150994675,197.556077542686,332.038784268991,2718.23095658247,829.448052941265,1362.14216351451,9594769.26186813,99945.513144096,,,,,0,0,,0
3758.24153679154,26.7122982629411,516.829936636634,90.7247422639395,764.484663263114,19.7960090463237,189.753728576273,326.610465020476,2618.67151339934,806.886870171696,1319.21863005418,9256179.6396877,96418.5379135889,,,,,0,0,,0
3663.09511270709,25.7772657710711,499.707943381265,86.7884546434317,739.672547871894,19.1554791050338,182.221458248028,320.669120200174,2519.24798605129,784.0009782394,1274.75081973721,8916261.59266062,92877.7249237171,,,,,0,0,,0
3646.84160848469,25.4003973197375,493.45576027914,84.7630265392555,730.942043372794,18.9317315438299,178.917865052452,321.388517841842,2474.75219655679,778.068389107135,1258.02688016413,8770572.2143883,91360.1272328791,,,,,0,0,,0
3824.29264653844,26.3541188984263,514.580775220613,87.4248438884513,762.778218412846,19.7587006581716,185.266674925248,339.164080023976,2558.62306839832,813.265130435284,1311.08806942953,9084643.07930076,94631.6987428884,,,,,0,0,,0
4087.66266821044,27.8570778221569,549.74782309472,92.4192405583491,815.465228217247,21.1254192219509,195.842733791456,364.751671227165,2692.53639503757,866.233414823564,1399.8937480514,9587286.14832106,99867.5640451927,,,,,0,0,,0
4366.59266753026,29.4119170906001,590.468253234424,98.2870431370662,876.43089703698,22.705881736924,207.29002590651,391.967682417268,2826.9763753142,921.859913735928,1502.81182338691,10106662.3024177,105277.732316468,,,,,0,0,,0
4710.570513713,31.34000914569,644.526170176511,106.308978706132,957.238773801598,24.7992751615005,222.06271510374,425.287857558273,2991.4894182372,990.449217086378,1639.65425809967,10752741.0549521,112007.719322621,,,,,0,0,,0
5208.73512566945,34.203057499654,726.770999899706,118.893661046527,1079.96854680404,27.9768655737447,244.524370011769,472.914538298605,3236.39789339371,1090.35469929171,1848.18868240065,11717217.3347265,122054.347236957,,,,,0,0,,0
5772.21612786977,37.3741581561216,829.080938292336,134.657839758655,1232.58641009678,31.9257964820856,270.819584685892,526.957162254274,3497.74479626266,1202.44548678001,2107.75618069361,12785209.8486219,133179.269255994,,,,,0,0,,0
3408.34453059828,21.7376807479735,508.619034598642,82.0827996432527,756.482743041465,19.589878355833,160.500934270029,312.787799348201,2007.08888853314,706.264575094595,1292.77855202211,7426886.42320953,77363.4002419066,,,,,0,0,,0
7097.82978023568,44.5409320929848,1110.67274199441,178.201874597431,1652.58725644527,42.7840605712812,336.902509577101,654.500904942005,4046.20419385853,1462.4058985101,2822.62850888801,15204280.6400112,158377.923333738,,,,,0,0,,0
8191.01542641456,50.5802234877275,1367.68185507376,218.386375862632,2035.62699951079,52.6769225028978,390.952132122822,757.840356214655,4496.96807186891,1677.09441027996,3475.71123021603,17254318.9523732,179732.489086567,,,,,0,0,,0
9389.31837904607,58.4968675875402,1703.79562476829,271.011887035402,2536.15078196688,65.572284044669,438.753955785673,864.800122036531,4940.21101037173,1909.90493571197,4330.74474640509,19485709.6463377,202976.14214972,,,,,0,0,,0
10580.8309827907,82.7626444381154,2109.97263072317,334.495446079029,3139.88730729017,81.0747463140402,454.05575903443,946.442352912907,5328.73081764582,2139.89757352215,5366.63166317477,21732332.7669669,226378.466322984,,,,,0,0,,0
11488.9394593657,190.332655821193,2511.35132770812,396.883739721924,3734.61710912412,96.2777470542252,408.612268831318,952.037391604971,5577.80633849967,2315.77820930623,6397.6328199487,23559880.824389,245415.425253159,,,,,0,0,,0
11919.3699974897,531.192634684053,2804.25714107627,442.225251971025,4166.16362462201,107.220305977898,308.147772688046,859.973009988415,5677.40078690669,2403.22857690274,7163.07815066681,24715340.6958852,257451.465582606,,,,,0,0,,0
12172.8905348745,1302.76621743733,2990.84668185725,471.787659637474,4438.46650973944,114.030453653165,197.527866191188,716.578718102158,5825.09174191788,2463.94675269793,7661.95773023375,25867683.9413913,269455.04105665,,,,,0,0,,0
12313.508036215,2646.88939487672,3092.8887225598,490.390074857428,4583.86198368405,117.560450285151,107.423060848235,555.601035445384,6059.36341827227,2508.93698904972,7938.49673478283,27225340.7384683,283597.299358013,,,,,0,0,,0
12205.8864164177,4495.11174742008,3093.66516715138,496.08772985594,4577.66569006593,117.20781837066,49.2571146702292,399.420800106421,6288.1795395884,2507.21431173368,7944.06387494467,28442151.0446315,296272.40671545,,,,,0,0,,0
11792.1362414328,6540.65142825435,2976.38352889021,485.17891226479,4396.13338983073,112.398840973281,19.5307159535994,268.353876698828,6422.2932368997,2442.66796176385,7638.02715311962,29120686.2771532,303340.482054231,,,,,0,0,,0
11290.771218253,8551.33927131323,2803.62891948369,465.980150840863,4133.10909152767,105.548542815948,7.18369271088232,173.886762131645,6515.46878858158,2357.43265455754,7186.56024374293,29524970.9962489,307551.781209807,,,,,0,0,,0
10769.1595948258,10369.775942144,2610.34828652967,442.98828879275,3840.85644067465,97.9867962835243,2.58849577032555,110.469029373312,6567.80132265253,2264.5637371518,6682.91664320027,29701125.0841411,309386.719627032,,,,,0,0,,0
10166.97037343,11807.5211342835,2393.02835160713,414.68391297335,3514.58083615367,89.5834779246999,0.937733660200068,69.0786360755975,6518.15279353475,2151.16548636066,6119.53021177877,29399977.156461,306249.762047026,,,,,0,0,,0
9455.61705542687,12722.8291123976,2149.35361243459,379.792944484981,3151.19945310115,80.2563629900359,0.346828540476895,42.7803606757316,6329.29073680947,2011.1128320882,5490.82911034624,28461796.8076037,296477.050078127,,,,,0,0,,0
8773.52011919955,13267.366795641,1917.04878673506,344.581374897226,2806.10607455279,71.414108305733,0.133959363649446,26.7798569830725,6088.75944221538,1874.13103872198,4892.9899549212,27292752.5689931,284299.505927529,,,,,0,0,,0
8157.29807909452,13555.1710262673,1710.05517541038,311.848838064317,2499.44986284421,63.5657113315812,0.0543296565863075,17.068051928735,5832.48237664615,1748.7191564154,4361.1418964658,26069009.2230317,271552.179407074,,,,,0,0,,0
7660.17742007668,13758.8610475582,1542.22370297513,284.660500233899,2251.11489114757,57.2126558049482,0.0232309727100714,11.1595143969422,5612.9098604842,1646.95677626754,3930.18620736043,25034190.9286086,260772.822172057,,,,,0,0,,0
7319.25040518478,14042.9316264779,1420.97192576734,264.995073862549,2071.52876215876,52.6154202975044,0.0104664449335537,7.51443788973872,5472.62875255836,1577.43696570615,3618.65091402889,24383640.9273907,253996.259660782,,,,,0,0,,0
7054.04510404425,14333.1057173553,1328.05096216306,249.92092143304,1933.75946586088,49.0861317801072,0.0048861533778922,5.14772375119469,5363.30919728324,1523.26420514481,3379.77451882594,23901552.5852327,248974.506096627,,,,,0,0,,0
6835.88532459419,14613.602764277,1254.67514765766,238.025778617537,1824.82734320083,46.2931688657629,0.0023439728772987,3.57030335052398,5269.55746732645,1478.48845344427,3191.01914513448,23514084.665302,244938.381929338,,,,,0,0,,0
6658.40626308801,14900.1099761166,1196.76631143968,228.675922403332,1738.6789645973,44.0816009293781,0.0011504210453155,2.50302422705416,5190.90072743432,1441.90362074277,3041.88342902371,23214092.0998867,241813.459374259,,,,,0,0,,0
6517.6278947287,15207.8035027428,1151.45663236335,221.422526144287,1671.05749492833,42.3424933838706,0.0005756105676165,1.77133678800764,5127.72626681453,1412.78630923544,2924.9802812528,22999956.9890268,239582.885302798,,,,,0,0,,0
6410.82452412197,15550.6855939591,1116.79121667809,215.967849580392,1619.05580117485,41.0013840158204,0.000292711701589,1.26375181716636,5080.65432253194,1390.66105512212,2835.27082833089,22872722.5824525,238257.52689968,,,,,0,0,,0
6334.57553204729,15937.8323912786,1091.18820933952,212.069544582793,1580.32466486265,39.9981238808911,0.0001508406421373,0.907657501593759,5049.13708487986,1374.88268247036,2768.68380393782,22829369.3347445,237805.930570688,,,,,0,0,,0
6324.16073300882,16477.8116817265,1080.41868935564,210.917807009464,1563.16264107633,39.5420148215624,7.89562636807645e-05,0.658768892891946,5063.13725277366,1373.19481458594,2739.81184300944,23007673.7540736,239663.268272036,,,,,0,0,,0
6415.52704897355,17295.7502007459,1091.45281142401,213.98310078943,1577.55954879969,39.8845341117548,4.19871920169169e-05,0.484106143503905,5153.14214207446,1393.48513243599,2766.26734703599,23554938.4617891,245363.942309411,,,,,0,0,,0
6547.3556381408,18257.5986537794,1114.7309922973,219.494139140829,1609.5982686731,40.672550822025,2.23413682737963e-05,0.355441822439377,5270.90038330613,1422.50356093338,2823.75416978207,24260555.8234066,252714.123160945,,,,,0,0,,0
6692.13892255267,19303.0950634628,1145.54398216476,226.552097317163,1652.42660126356,41.7323374596037,0.0002964290906176,0.258995240262108,5394.43979198458,1454.32833229214,2900.29486603762,25028057.0293784,260708.927389832,,,,,0,0,,0
6801.57252438142,20284.5344507774,1170.95248810623,232.405323614362,1687.44488481643,42.5948534383339,0.0157465902157683,0.197438507140009,5484.73017392827,1478.50727247309,2963.26847892866,25662897.4987161,267321.848943987,,,,,0,0,,0
6831.78227487968,21030.1807021935,1181.98137629032,235.192794657501,1701.89040511548,42.9393312290619,0.112058431420478,0.283403074012504,5506.89124652014,1485.55304241687,2991.02797520973,25985620.5283355,270683.547170654,,,,,0,0,,0
6838.5179223673,21617.9916332338,1186.25159597624,236.379515678734,1706.94553558252,43.0494236169217,0.317693039281826,0.902182722254432,5507.36016444544,1487.65098911885,3004.10330701238,26179699.9535401,272705.207849872,,,,,0,0,,0
6840.98403700141,21988.3174579253,1186.33720644862,236.498152787178,1706.40539072317,43.0204321445684,0.612299292833278,2.70136334519023,5503.68262019867,1489.06142215644,3009.38478166619,26286079.8584574,273813.331857935,,,,,0,0,,0
6860.89415674491,22086.3854919952,1187.01581142362,236.555549596171,1707.15405763214,43.024288064516,1.12523021472559,6.5064210194965,5515.15845000578,1494.57865957992,3018.50443663242,26357352.1464779,274555.751526311,,,,,0,0,,0
6917.09851873903,21875.792520354,1193.50560502543,237.65924701489,1716.69721868979,43.2484336488682,2.18430181508516,13.344228217224,5557.7004301053,1508.32164780649,3044.2252280457,26442696.6212557,275444.756471915,,,,,0,0,,0
6976.40229640947,21201.4241669606,1201.41243651148,238.975405523106,1728.7182796428,43.5328873035881,4.23012164749669,24.2775737733016,5604.01369008764,1522.97373557639,3075.09468614261,26401076.6787418,275011.21540256,,,,,0,0,,0
7026.3376644743,20044.6458818539,1208.78704531043,240.118291810305,1740.39234584082,43.8073501302265,7.8561574176876,40.1754878532351,5642.22093925506,1535.62831880216,3105.82843116326,26186173.9619146,272772.645437107,,,,,0,0,,0
7191.14278308573,18796.8937271254,1238.55406039403,245.658425240309,1784.69309134922,44.9038557399528,14.0922195165029,62.818566556101,5769.38603241618,1573.24122878303,3195.23637463486,26268270.5782587,273627.818524026,,,,,0,0,,0
7594.80138784235,17703.8045099119,1318.01216437347,261.102475731815,1900.9757363607,47.8151753507392,24.9587874191878,96.0728666543675,6081.2342404024,1662.80489546228,3414.27672172139,27079980.9938813,282083.135351904,,,,,0,0,,0
8055.02898141554,16232.2887629899,1422.89643491593,281.774496850986,2054.23431572806,51.6647225255818,42.5058896805383,141.235042730192,6426.83805034485,1764.19725959766,3700.29912895026,27941704.9909661,291059.42698976,,,,,0,0,,0
8504.43996397401,14325.0662391916,1544.05778483353,305.935599706832,2231.09144461844,56.119891228932,68.3278177401382,198.109658296751,6748.5343597742,1862.34492085356,4028.37545646515,28638616.207163,298318.918825158,,,,,0,0,,0
8841.52640719208,12029.926507491,1657.07416553201,328.66566588729,2396.06163221926,60.2879360640938,101.82590585425,262.218554037331,6965.63197676728,1934.84649438078,4333.35539049484,28880364.2595533,300837.127702586,,,,,0,0,,0
8989.41972167971,9573.89145379205,1732.80877498742,343.978572169765,2506.89033460367,63.100564030028,139.62237368329,325.342064988469,7023.95638561954,1965.06250812953,4538.09517790615,28499840.0719732,296873.334083594,,,,,0,0,,0
9083.58558125604,7362.78491575712,1786.59983568637,354.815952411127,2585.7395247872,65.1095127861346,180.505422526818,385.931236690612,7039.48881364897,1983.10171038693,4682.61271396484,28009797.6222436,291768.725232235,,,,,0,0,,0
9160.72865827182,5503.10322324722,1826.67788313455,362.937174102157,2644.51574466833,66.6112268948445,223.634385092935,442.135427170771,7049.24715457222,1997.51847508706,4788.5911984749,27574209.657079,287231.350593528,,,,,0,0,,0
9131.04785016609,3968.87079762564,1837.1546161497,365.334375276314,2660.21551699675,67.0244274945911,265.112407548516,486.919920417895,6991.59730534395,1989.27398429916,4814.53010004333,26957868.770481,280811.133026354,,,,,0,0,,0
8926.98775644854,2757.27734682554,1801.01784778457,358.588759957121,2608.26849681794,65.7288451418105,299.654986143864,513.703842154786,6819.95808937231,1944.09179829531,4716.43409162198,25976319.1236089,270586.657538085,,,,,0,0,,0
8672.68552624127,1881.01785999465,1742.31952954331,347.36375416833,2523.5847765788,63.6042242620936,328.47233341675,528.358496578008,6629.12458061597,1889.13585690995,4558.03106565914,24980773.2791721,260216.388323763,,,,,0,0,,0
8404.96834706455,1270.25003250149,1672.6729446914,333.918889125506,2423.01198180041,61.0760749246041,352.111943005949,534.170683454544,6443.39351885086,1832.28335639344,4370.1582483535,24052778.6641923,250549.777752459,,,,,0,0,,0
8103.80807663119,851.077720131247,1591.86090349618,318.176343558581,2306.24309769865,58.1374685663763,369.366378137311,531.2935156777,6242.3076821608,1768.88188811991,4152.70114624232,23107935.699188,240707.663533646,,,,,0,0,,0
7755.87684818761,568.516915436614,1499.12362744547,299.929934375147,2172.19488760136,54.7617433864674,379.15925754008,520.112584849524,6010.03013200929,1695.64382018559,3904.26847566731,22080557.2958978,230005.805164765,,,,,0,0,,0
7408.73940779625,383.751675050926,1405.39597736446,281.331160314402,2036.72645429166,51.3492396480112,383.716722853248,505.019722697687,5778.54654697322,1622.59422464418,3653.8602500778,21083527.4453282,219620.077555901,,,,,0,0,,0
7081.25053931333,264.424309579416,1316.20836445473,263.497560691645,1907.85345662227,48.102389885554,384.532226947165,488.435108258455,5559.49628807066,1553.59534293124,3416.13546905408,20156308.4315665,209961.546162533,,,,,0,0,,0
6716.22211046372,186.030634826992,1221.53044760521,244.4277576819,1771.04060376844,44.6549561970996,378.931151985884,467.248763278622,5305.87094725993,1475.89544049206,3165.25939144163,19124726.4374426,199215.900389302,,,,,0,0,,0
6264.37426361124,133.601630807803,1111.86575381606,222.196612525422,1612.52836603507,40.6603097585067,364.158750138958,438.556590175949,4976.65114376685,1378.47666839851,2876.83231413379,17837086.739387,185802.986868952,,,,,0,0,,0
5821.94777146209,99.6893622844312,1005.1799699512,200.404334576555,1458.35795753124,36.7753044221815,346.121015042931,409.505736200578,4647.36668817781,1282.44728701489,2597.35692378775,16563975.3066136,172541.409444206,,,,,0,0,,0
5421.23572956785,77.619116354161,908.717052183931,180.5546351347,1319.01025474517,33.2642216708328,327.591109881465,382.737231629463,4344.71822908962,1195.00620016226,2345.32068284436,15401602.9047504,160433.363590566,,,,,0,0,,0
5149.26909934046,63.8759093585536,838.433640901199,165.886055278771,1217.62337747773,30.7104053611812,314.760400866343,364.677124539199,4140.11506092551,1135.4694243366,2161.60993311359,14603678.9953203,152121.656201529,,,,,0,0,,0
5096.29093962778,56.3460162308509,809.697822192536,159.487126757266,1176.52045716921,29.6766025260461,314.094164922999,361.969006060757,4108.2623540649,1123.8468519192,2085.49947793884,14432770.4608325,150341.358967278,,,,,0,0,,0
5130.25109803956,51.7115874613286,801.055127172981,157.143617085067,1164.55584103208,29.376897305343,318.046219982328,365.439959958231,4144.23552850527,1131.03653273905,2061.46188068179,14517446.9678338,151223.405914386,,,,,0,0,,0
5189.23295687733,48.6048875160687,801.989895012204,156.796551656047,1166.45715762444,29.425735133551,322.899188361489,370.79694824997,4198.29889733987,1143.34897979607,2062.34616986999,14680993.6520728,152927.01720937,,,,,0,0,,0
5185.37355330459,45.8727150785593,797.430547830039,155.482045571511,1160.3159739281,29.2703525042004,323.116606691334,371.822842397016,4199.18290894111,1141.40715575414,2049.37182845875,14670601.850472,152818.769276028,,,,,0,0,,0
5034.1386951685,42.6433177468128,771.411761640449,150.022762853924,1122.92025615808,28.3257334993796,313.301074574325,362.414874493671,4078.2147379773,1106.6977717273,1981.49893708338,14239313.3677694,148326.180913725,,,,,0,0,,0
4848.49685517716,39.7518631972853,738.601747043144,143.198205272054,1075.63916465318,27.1318213297362,300.531082807009,350.601720319165,3927.15263401419,1064.23411124266,1896.3641208461,13700949.5204507,142718.224171621,,,,,0,0,,0
4677.54690700078,37.4102152059375,706.251852390949,136.396449843435,1029.03810006955,25.9555216123069,288.041839767298,339.892953248911,3786.28562234194,1024.89461641669,1812.52901800592,13195115.092369,137449.115545761,,,,,0,0,,0
4531.1476999712,35.5468288279728,676.702810094699,130.089722675796,986.521428771524,24.8826928600483,276.61723561327,330.996798767494,3664.02698850761,990.883382404171,1735.97002042034,12752851.7896989,132842.206142214,,,,,0,0,,0
4411.43574937362,34.0780223939101,651.086819197592,124.520649653753,949.733012051349,23.9546555345456,266.515365786792,324.072931720389,3562.40485250033,962.684206478648,1669.5752285826,12382951.015118,128989.073074381,,,,,0,0,,0
4308.93774869055,32.8660109158124,628.504038121945,119.534444755274,917.356796483888,23.1380751666333,257.250601369422,318.43184723539,3473.97427814544,938.236152495813,1611.02529942004,12060582.1629059,125631.064197164,,,,,0,0,,0
4217.67772799282,31.8248241410144,608.291465282237,115.014509598684,888.423301459889,22.408408380263,248.535032360615,313.631139840988,3394.0847247187,916.24938874154,1558.61053859946,11769983.9910411,122603.999906232,,,,,0,0,,0
4150.4924535566,31.0239605634238,592.384669949418,111.33061554011,865.759923152331,21.8368941018237,241.169305139858,310.632391446828,3333.16823494366,899.513935363696,1517.28050494208,11547461.2297123,120286.054476388,,,,,0,0,,0
4125.63313167484,30.5780856422626,583.482534325612,108.98789865718,853.316990670929,21.5230558587423,236.202288521655,310.843368280022,3305.82910124013,891.948895794543,1493.93732561006,11443853.3493891,119206.80572302,,,,,0,0,,0
4118.63038071114,30.2896367265771,578.12186984646,107.332019312336,846.039359689975,21.3392797678503,232.191947971234,312.475036903151,3292.33164690635,888.21619126374,1479.70266283745,11390899.0850077,118655.198801731,,,,,0,0,,0
4115.80722945736,30.0493646520343,574.242362582995,105.974294338088,840.917164004177,21.209611005409,228.368255160346,314.508856028241,3281.72319148416,885.357368449112,1469.29451694497,11350371.3931921,118233.035345966,,,,,0,0,,0
4126.81651387952,29.9220434558296,573.063954772207,105.133928607682,839.741059527258,21.1791971784074,225.278581803624,317.693537420063,3281.69313068665,885.447565182067,1465.82684791805,11348559.7325988,118214.163881452,,,,,0,0,,0
4168.38605944166,30.0228095748259,576.925349207164,105.232242669718,845.945792967423,21.3346032315542,223.813537142763,323.357351109561,3305.40175541988,892.04428259547,1475.27482770742,11431088.7318835,119073.840956687,,,,,0,0,,0
4223.52978892554,30.2233588145932,583.533406810946,105.841307842683,856.178983394634,21.5912021969791,223.024351219106,330.235819438421,3339.15786900978,901.467981678144,1491.76752052734,11550871.4382384,120321.577481869,,,,,0,0,,0
4282.81045039281,30.4527010828481,591.548856592881,106.709876232882,868.482292584958,21.8995880090565,222.417716883206,337.61146299179,3375.36285882509,911.688003016501,1511.87437209457,11681612.7389408,121683.466030854,,,,,0,0,,0
4294.1348972816,30.3401150497398,593.393070827034,106.459805017433,871.731836441714,21.9794160101433,219.356720893088,341.330560713337,3373.04193659724,911.653077859499,1516.21340290816,11680532.4735251,121672.213265444,,,,,0,0,,0
4195.02535737864,29.4509146743434,579.379110994706,103.343561872108,851.68649619274,21.4721308315152,210.849591429496,336.226111555032,3283.79080365703,888.260110693857,1480.0126475498,11377086.3266731,118511.315903061,,,,,0,0,,0
4058.29941389417,28.3057648800915,558.749635625102,99.0166475145378,821.910393799117,20.7202252337983,200.776703210062,327.898730208896,3165.4604283728,857.107072771964,1426.87317486379,10969255.2631605,114263.07565813,,,,,0,0,,0
3922.32489895328,27.1744361511476,536.886000454984,94.445652491335,790.305969519446,19.9230543963494,191.092891840729,319.37540366997,3048.20495220941,826.336152377623,1370.54183345805,10561638.5715015,110017.068452741,,,,,0,0,,0
3844.03423668825,26.4480314405241,522.226227890673,91.1265862579495,769.29055459707,19.3935112067045,184.525957669196,315.336570344811,2975.99122605537,807.885381453541,1332.56944360748,10308287.4374284,107377.994140075,,,,,0,0,,0
3890.72010951341,26.5776583052473,524.868958142197,90.811842341538,773.758198786251,19.5067346686903,184.150233172479,321.489529097737,2999.86929999608,815.723114382518,1338.72441757819,10388927.3972001,108217.993721031,,,,,0,0,,0
3990.07447687515,27.0536137849761,535.792886599728,91.9094969431814,790.440388719913,19.9279254911815,186.374100399624,332.076362234917,3062.67653000563,834.486170012602,1365.97974747927,10608160.2600501,110501.66937512,,,,,0,0,,0
4097.27768008421,27.5648077737863,549.28900604244,93.426376750973,810.925870829998,20.4448850377379,189.072009108958,343.436002001707,3129.20586219235,854.719919104331,1399.77202620015,10845242.6900616,112971.27802168,,,,,0,0,,0
4186.18354636885,27.9339155019507,561.77730137625,94.74879341532,829.929722233162,20.9243479439199,191.071001683117,353.357204745616,3179.13579195769,870.966539287748,1430.97386399153,11029768.952042,114893.42658398,,,,,0,0,,0
4236.05180197021,28.0254356485208,569.962543957807,95.3188016787674,842.57999552596,21.2435935007193,191.479232706484,360.015019933595,3196.78907718903,878.962430739454,1451.18695502791,11106078.8055174,115688.320890385,,,,,0,0,,0
4269.09999707765,27.9910304955033,576.225925288361,95.5350265335639,852.392392525294,21.4914259294117,191.348382869912,365.216553419069,3199.2135523508,883.384266881529,1466.47115330509,11131777.7647158,115956.018382667,,,,,0,0,,0
4298.21074370179,27.917049103434,581.948567762068,95.6234733358291,861.410821668111,21.7195051094054,191.274981528091,370.028857862294,3196.08565695621,886.925151733875,1480.33704599993,11139665.416355,116038.181420576,,,,,0,0,,0
4377.52908004005,28.1520409168572,594.623946031379,96.8084871189691,880.733202284497,22.2076740396308,193.678883681927,379.137934024592,3227.05611002665,900.720456143229,1511.84074407218,11268694.9888439,117382.239466697,,,,,0,0,,0
4575.63571643893,29.1211694586191,624.685063957386,100.761566499842,925.83204704873,23.3459134912912,201.621014773044,398.621993693846,3340.30871381484,938.698551526421,1587.4894815143,11691226.4125221,121783.608463994,,,,,0,0,,0
4820.7604626826,30.3455905782824,663.767158514133,106.091993765294,984.336854675218,24.8220945841018,212.013335028917,422.384901478535,3480.00010259092,985.895799513426,1685.99577960478,12217342.8487949,127263.988008512,,,,,0,0,,0
5071.46401404952,31.5543790845939,706.952724813866,111.993820580147,1048.96713356683,26.4525434969933,223.147048049042,446.8162195958,3614.01638377347,1033.72793454007,1794.85394138696,12737558.0644581,132682.89650429,,,,,0,0,,0
5443.06672877624,33.4506779176649,771.796126820514,121.225988375102,1145.78230617681,28.894240661843,240.295144796146,482.105963657618,3821.12731816484,1105.52304141583,1958.61670728241,13535207.7726045,140991.747631554,,,,,0,0,,0
6093.56707549925,36.9542522560138,886.33220179877,138.132440060187,1316.43397208,33.1967759797814,270.985744268651,542.471177962156,4201.66139139131,1232.74923650799,2248.39301456555,14986083.1806743,156105.033132308,,,,,0,0,,0
6844.54129450247,40.9123172625167,1033.83398485357,160.033208405052,1536.1147023846,38.7333232815854,308.239618337647,612.200594468855,4616.75777945995,1378.43580193313,2621.71505890791,16627736.9407128,173205.593131795,,,,,0,0,,0
4585.06793372639,26.9773142491374,727.950947588723,112.024549195998,1081.97719930595,27.2787293798779,210.341997147655,411.718554074068,3010.95029971949,918.67171531673,1845.54054425752,10987235.7257533,114450.372143472,,,,,0,0,,0
8341.67430076259,48.2529124754816,1403.83873233205,214.865618564907,2087.20464616726,52.6145480285194,391.550169208847,750.945255016787,5306.22222461171,1661.82348456934,3558.31062295684,19683629.1493269,205037.803639195,,,,,0,0,,0
9043.47689631835,51.4969140754031,1624.83163051604,247.432166915585,2416.41029684019,60.895562925055,430.624975791501,813.584686949219,5544.15357969901,1790.45142857695,4117.87797713585,20983812.3261184,218581.378396271,,,,,0,0,,0
9715.76431794817,56.2863906596695,1862.8118631067,282.290484945307,2770.71362042796,69.7807387232677,451.745207173183,864.093129999275,5720.06298135236,1911.54871787651,4721.16296942667,22142968.5240864,230655.92212632,,,,,0,0,,0
10352.3717925772,76.2855735639098,2101.54983433958,316.993033299782,3125.54492177298,78.6437764348175,439.007738745004,886.861194895018,5852.75054128129,2025.85021129325,5328.66712511249,23180838.2914875,241467.065536767,,,,,0,0,,0
10636.8103428992,156.113841671982,2255.43454379498,338.834499121324,3353.41110746094,84.2828513259835,376.08209784254,842.603411185068,5809.66795482528,2074.20104945227,5726.66919444102,23487640.1041012,244662.917750164,,,,,0,0,,0
10354.5011662009,361.975251491008,2240.00690398717,335.44150646554,3329.19236113863,83.5732435736557,277.338809539421,725.329144056844,5532.62504518163,2016.66800216328,5701.64852856503,22688439.0197437,236337.906456093,,,,,0,0,,0
9924.0585412505,743.29826137079,2133.56389154548,318.854084369072,3169.78058363232,79.4715003119301,184.210246342441,591.814033559192,5265.97830304285,1934.03336659168,5447.36962524447,21738520.4038231,226442.920873569,,,,,0,0,,0
9456.02077613156,1302.89711172232,1985.89596687245,296.776374947336,2949.13696490746,73.8430780522692,112.264392707005,466.001075194903,5050.88694871748,1846.02698913745,5084.49081918372,20886737.4126442,217570.181380919,,,,,0,0,,0
9093.63705082299,2030.75974085009,1851.43838017021,277.409771619586,2747.9503072453,68.7155834990591,64.2070489222045,361.733381387987,4941.35096019127,1779.32743551792,4749.50411175399,20432309.480283,212836.557086668,,,,,0,0,,0
8943.7232652215,2952.51995521442,1767.31616814898,266.37058457419,2621.13092437029,65.463389034252,35.0298994982549,280.980894123595,4982.61239079475,1754.357063143,4538.02177785103,20616008.8154106,214750.091827585,,,,,0,0,,0
8831.58274017676,4028.07749579201,1703.40982515612,259.189331344951,2523.88227268373,62.9662099344301,18.0081726354244,214.534864062791,5072.65530125822,1736.77897736195,4374.12001352194,21038360.8121361,219149.591792287,,,,,0,0,,0
8713.46987799094,5205.71852263117,1649.17134205155,254.139213024477,2440.66246722475,60.8354037433921,8.8178638936173,160.682132032017,5178.11173855148,1717.89018807946,4232.2977462306,21557457.1730741,224556.845553263,,,,,0,0,,0
8438.23943769436,6315.80727486035,1570.18056912769,245.539881181845,2320.78826734307,57.8055342906741,4.13275407746634,116.64558295112,5195.46232591662,1667.74793906164,4025.79531144715,21722434.4732518,226275.359096784,,,,,0,0,,0
7896.45289991324,7115.39560495476,1438.67581187873,228.289333723977,2123.69744685403,52.8650481010936,1.87552609533247,81.6534343209574,5032.75835906867,1564.38510027893,3684.84728906253,21114358.7802269,219941.23729323,,,,,0,0,,0
7329.44149927381,7686.27106737404,1298.50128671129,208.727669155341,1914.47138200904,47.63289015401,0.863216613489022,57.0806442521467,4823.59328076034,1455.3485837958,3322.52703416281,20278734.6252728,211236.819013642,,,,,0,0,,0
6812.57328585109,8098.73902399518,1168.24714717702,189.833157593349,1720.5103625304,42.7883442681969,0.40981993442739,40.3530751563937,4616.01344758103,1355.66629280975,2986.43406384305,19429491.7109806,202390.538656416,,,,,0,0,,0
6388.37739759064,8439.93879019744,1059.17862443894,173.658520722419,1558.26675085228,38.7382123220151,0.202297501777116,29.0692827860896,4443.97912337259,1273.95092114024,2705.18695423776,18723390.7261749,195035.320063612,,,,,0,0,,0
6088.15889190031,8809.15612188816,978.010666602703,161.579055161768,1437.44160750559,35.7215455477476,0.104166871268911,21.4510062799371,4337.35983404961,1216.63833296863,2495.706576516,18296810.5446846,190591.776507478,,,,,0,0,,0
5850.00284099459,9170.12061587584,914.210310746922,152.070100770662,1342.40103625192,33.3481365710359,0.0552358905567368,16.0516532118817,4259.33460441373,1171.53007592413,2330.92159654922,17999540.0481367,187495.208835098,,,,,0,0,,0
5645.98217857028,9506.08457945272,862.034303827341,144.28507380958,1264.6261011991,31.4053387486185,0.0299476720235149,12.1222805530588,4193.22004887426,1133.11883061394,2196.08128428412,17761112.1374586,185011.584764521,,,,,0,0,,0
5539.02594948185,9951.55730187393,830.072085863505,139.753447464208,1216.64118073036,30.2033653722758,0.0167290312141532,9.33295967619999,4189.42881938239,1114.12734353722,2112.96922815444,17796359.3295015,185378.743015978,,,,,0,0,,0
5605.98663080819,10702.5125876129,829.749899051002,140.559874875417,1215.06752160181,30.1536277823985,0.0096922042167025,7.3976456982174,4312.93974434183,1130.23506210023,2110.52247556128,18389422.1232516,191556.480450886,,,,,0,0,,0
5739.88700195974,11616.091010935,845.336406451368,144.215348246744,1236.73369005283,30.6796813595045,0.0056660261447047,5.89191272090998,4488.00113321623,1160.13295347823,2148.59094226484,19227271.2216248,200284.075224529,,,,,0,0,,0
5889.11740828597,12611.7570849741,868.763189468879,149.430182324556,1269.76938676087,31.4861965950703,0.0032974325747617,4.66240844663577,4676.00050295924,1193.49924875231,2206.62262546832,20148245.1363677,209877.553504212,,,,,0,0,,0
6066.43898139162,13729.4227445529,901.330820557267,156.472157525955,1316.03586945141,32.6187284060295,0.0019088596723901,3.66898318763786,4887.32266781786,1232.97295189597,2287.90237239787,21199196.8572808,220824.967263744,,,,,0,0,,0
6296.06099807283,15046.0445277054,946.736174208293,166.047118122641,1380.87792445955,34.2090229595365,0.0010992342207296,2.87587535908779,5142.40553944468,1283.56209992198,2401.78712315454,22474448.6946366,234108.840568279,,,,,0,0,,0
6547.33016087003,16513.9443029646,1000.83145681149,177.503498453802,1458.18655565762,36.1049309914454,0.0006241958649859,2.22895977648783,5417.13351183903,1339.10919480893,2537.72903199525,23876175.673759,248710.163268776,,,,,0,0,,0
6805.40626496304,18113.188990178,1061.90942235947,190.592207120085,1545.43410683291,38.2432771523582,0.0005839551246657,1.70036441199567,5699.21344429393,1396.61611662927,2691.39478909024,25356927.8241335,264134.664835204,,,,,0,0,,0
7022.01708792559,19700.9592211618,1118.52003620596,203.067564377968,1626.02860042226,40.2140736724909,0.0144202631274424,1.28122125783176,5946.21719393094,1446.05721350805,2833.92321115194,26717418.7148079,278306.444944903,,,,,0,0,,0
7149.07038519308,21087.9636449787,1160.86956864312,213.00734119485,1685.92763313715,41.6715749397356,0.108661386499517,1.06815999273703,6115.06939438421,1477.33107501244,2941.57549522095,27746707.5707531,289028.203862538,,,,,0,0,,0
7244.38127760454,22325.5103080425,1195.6399607865,221.495134642281,1735.09955560659,42.8641641416871,0.324505417306355,1.45968824561429,6253.5090799652,1502.17306761534,3032.73510310918,28621979.2353287,298145.617035217,,,,,0,0,,0
7325.78436813889,23314.2357077774,1224.59742614301,228.820247934638,1776.26009760234,43.8589720136924,0.629333283958469,3.16808888733726,6377.74996615877,1524.23944266837,3112.59543634812,29366239.5360279,305898.328499178,,,,,0,0,,0
7463.51549844603,24105.5429940365,1259.91327814155,237.284279437326,1827.11126123174,45.0913563511892,1.10369486919988,7.19676151609573,6551.13476082334,1558.23156585429,3211.86497498689,30215395.8926151,314743.707215313,,,,,0,0,,0
7723.04081021717,24742.4268948773,1316.9315531868,249.957657598667,1909.93434376456,47.1083720100949,2.16203407194973,15.0756043077988,6834.450246288,1618.06298109139,3369.50477250901,31402499.5036061,327109.369829826,,,,,0,0,,0
7994.26230053081,24707.8559050828,1380.79418385503,264.220948351079,2003.25695743548,49.3782141783694,4.54637042258223,28.6498232279109,7131.77676572134,1680.80796063937,3547.76239213464,32443303.6998612,337951.080205658,,,,,0,0,,0
8237.71195839557,23806.0389318681,1445.11669410026,278.896281801776,2097.87566998988,51.6750012052393,9.43005953415897,49.7109980084336,7404.57619070254,1737.91529821746,3730.05712703793,33146327.4762296,345274.244544687,,,,,0,0,,0
8509.24184210304,22243.3560553737,1519.33559900255,295.797765306039,2207.47586702137,54.3396978020854,18.5762451119277,80.1948597468745,7697.42085939247,1800.7838161889,3940.31715244773,33732798.2520556,351383.315126219,,,,,0,0,,0
8862.5922882925,20238.38833128,1614.17717022486,317.075354003188,2347.56913473323,57.7590933440054,34.4153899322703,122.297844614074,8053.29959361477,1880.50600489772,4205.90557785808,34426032.748848,358604.507799196,,,,,0,0,,0
9217.75274201297,17732.7255581726,1717.1311396476,340.396657307112,2499.81188049873,61.4864430363413,59.1837651257661,175.865280774826,8393.72941388449,1959.86783494781,4493.31774581108,34941275.0202358,363971.614794785,,,,,0,0,,0
9550.67941920565,14918.8319577665,1823.66195696287,364.92236485083,2657.37639520931,65.3560127881697,94.2055910196245,238.96813618072,8692.32242253763,2033.55446469119,4789.15458735327,35246789.9105949,367154.061569364,,,,,0,0,,0
9758.45360949341,11945.5673837449,1908.42640382663,385.454377644704,2783.13941191621,68.4529321797109,137.741033588641,304.907332498281,8855.80563424722,2079.64736408653,5025.43672605072,35044360.5892121,365045.422802965,,,,,0,0,,0
9766.42935210068,9082.85640638314,1944.29326333916,396.092139515081,2837.41074362848,69.7962664421624,184.700521713828,364.266601595359,8824.02092976095,2082.45036004538,5129.79004349073,34167651.0458348,355913.031728094,,,,,0,0,,0
9719.47997532767,6689.99983247603,1953.15082901626,400.935996647124,2852.08173093089,70.1661560939437,233.069234245139,416.214292371578,8739.55549194616,2073.23614810871,5159.76132780684,33209049.5925148,345927.599922658,,,,,0,0,,0
9655.236132758,4804.05784702606,1946.91144356973,402.446856183061,2844.52260699198,69.9877752345661,281.323859356858,459.92918705663,8645.96526901941,2060.41692557769,5146.91843392844,32339228.6722967,336866.965335198,,,,,0,0,,0
9589.85942460711,3374.75358190964,1934.20068322955,402.513184915684,2827.31620920488,69.5699420568194,328.484054780766,495.478251836332,8564.32103136676,2047.70758057842,5114.17158221522,31626588.1121764,329443.626169103,,,,,0,0,,0
9533.93102787997,2325.00956888314,1921.03799488194,402.474702434972,2809.25261292621,69.1288935977993,374.028561066963,523.717749825117,8507.38462022947,2037.5138044096,5077.61194491999,31100338.5347802,323961.859737883,,,,,0,0,,0
9466.2304554137,1570.94796717496,1905.06126186865,401.870635042357,2786.87838009275,68.5798652247937,416.395702236627,544.255149240381,8456.80214806059,2025.35866448417,5031.32388830303,30673612.9141545,319516.801187947,,,,,0,0,,0
9384.13376973145,1045.04689895408,1885.99243939205,400.610480011926,2759.7978419818,67.9134189200012,454.621442424658,557.85642613998,8408.70954814063,2010.68181409358,4975.11397225281,30313826.0023191,315769.020858065,,,,,0,0,,0
9274.88000095532,688.326137116223,1860.72911397654,397.971327578209,2723.4962583457,67.0187633396354,487.324134202477,564.806845339555,8348.72036971218,1990.72726419913,4901.52705092218,29952652.9713395,312006.801785354,,,,,0,0,,0
9131.82419514429,453.487543851812,1826.97443101101,393.377690415756,2674.6526118664,65.8144721814592,513.457261144263,565.734990578169,8267.05255357881,1964.02337354548,4805.37017559349,29541422.6447284,307723.152548134,,,,,0,0,,0
8985.80221828987,304.184044577858,1790.82396088174,388.088938517204,2622.23659609383,64.5214739548844,534.462634445209,563.552807612251,8187.81381253619,1937.14817518154,4703.46064837167,29157532.919322,303724.30124349,,,,,0,0,,0
8848.0931427377,211.401825807243,1755.55990726482,382.827378571161,2571.09318975636,63.2590079557175,551.272172395402,559.874424785815,8118.2393543956,1912.4917314551,4604.95947320804,28822608.2916851,300235.503038932,,,,,0,0,,0
8635.02284320789,153.269937985702,1703.75615546988,373.744428451142,2495.74476726127,61.4003705424051,558.774538339059,550.065840563612,7978.24089530015,1871.82399307693,4464.49568498042,28246604.361882,294235.462101867,,,,,0,0,,0
8285.80488346512,116.35634445166,1619.89238330624,357.211204915719,2373.50375685452,58.3881423706853,552.601599715346,530.645239128703,7706.8634290979,1801.57435811631,4241.51795853184,27204556.0562433,283380.79225305,,,,,0,0,,0
7928.21417418503,93.8054600311375,1528.59258313433,338.473956595143,2240.45236649439,55.110680434209,541.325924017171,510.07318215378,7419.26231949521,1729.11706888372,4000.29179390195,26101700.3212105,271892.71167977,,,,,0,0,,0
7597.78461743777,79.8710959094769,1440.09782046855,319.831006828561,2111.56224000515,51.9362682293037,528.260052349194,490.886773123849,7148.13234428527,1662.05960337309,3767.25343649925,25059563.7046445,261037.12192243,,,,,0,0,,0
7259.75739269093,70.5902708535601,1350.2703735002,300.440725351901,1980.72634174841,48.7145499278025,511.767532520977,470.994264965117,6861.00692839203,1592.71983759184,3531.27953340578,23968869.4049615,249675.722968803,,,,,0,0,,0
6883.75034562251,63.6868800330022,1254.14330229107,279.242192798283,1840.62720285463,45.265688065171,490.187454135004,448.480460998704,6529.33778783546,1514.31552961175,3279.15646457802,22730715.1313901,236778.282619078,,,,,0,0,,0
6521.04751776281,58.4842455975312,1161.82975036897,258.545827738604,1706.0792965123,41.9541960169688,467.601769355374,426.701264238446,6202.43612591954,1438.06477827164,3037.17392181199,21517802.9729447,224143.780967358,,,,,0,0,,0
6187.8225921183,54.4303554540113,1077.27606195377,239.323028715172,1582.86150154737,38.9221427968312,445.643190937736,406.745505458089,5897.03124789639,1367.59677447208,2815.56529010312,20389711.1704296,212392.824692361,,,,,0,0,,0
5850.02012588099,50.8340863332492,994.903110905948,220.414336450063,1462.76778011654,35.9676940710383,422.214882814203,386.38968239182,5581.96634864381,1295.4621929578,2599.70602135564,19238672.5642698,200402.839211509,,,,,0,0,,0
5474.65053837303,47.1956415747791,908.820742604911,200.571319836676,1337.12421032565,32.8776665848602,395.171022077483,363.420015726702,5226.8672949316,1214.39067437419,2374.17742041945,17958617.8726747,187068.936173014,,,,,0,0,,0
5112.57475701651,43.8309726991852,827.615745497832,181.747841021144,1218.54561211776,29.9622665091947,368.409676334267,341.165535465821,4881.39478108204,1135.71368576229,2161.40408297627,16719869.9915228,174165.312412012,,,,,0,0,,0
4782.77770806509,40.8288872101723,754.733034045252,164.753354667816,1112.10051999426,27.3459468001182,343.520554883776,320.892899855721,4564.67210642879,1063.7519890268,1970.38878979798,15588273.6976784,162377.851017779,,,,,0,0,,0
4555.3291539155,38.7448526923532,701.618669311447,152.119592355319,1034.66923372396,25.4434749076935,325.702217998622,307.359188910942,4344.21982636705,1014.21478260541,1831.02299643645,14795004.8131771,154114.633470034,,,,,0,0,,0
4508.99598225508,38.2208311475636,680.660778645341,146.519035859697,1004.57182460881,24.7049330238246,320.638487826293,306.056696303216,4295.18343698064,1004.7951038715,1775.62951142616,14596583.5827315,152047.74565373,,,,,0,0,,0
4538.31946405824,38.3436649723114,675.654526564574,144.411673349717,997.958131998388,24.5434207564567,320.752888021084,310.05342271572,4316.60747132605,1012.11261335437,1761.90945389633,14649475.6730083,152598.704927447,,,,,0,0,,0
4589.21117243552,38.6471038242812,678.056773920897,143.943781817077,1002.23900020124,24.6490802849639,322.150112442997,315.770915173599,4356.61756359992,1024.13279711714,1767.57220249893,14776653.4620109,153923.473562054,,,,,0,0,,0
4682.64608303189,39.302213987366,690.691209884477,145.698746983565,1021.60296338357,25.1246755145509,326.235800361462,324.741197787746,4434.66641729497,1045.53409904141,1799.97376031641,15043659.0121558,156704.781376908,,,,,0,0,,0
4856.96561992433,40.6244166231696,719.556375152769,150.920669034624,1064.94219939339,26.1884748114042,335.553733407081,339.792383574832,4586.13616293916,1084.87366867368,1874.7446245114,15571824.2707815,162206.502820935,,,,,0,0,,0
5067.28880752384,42.2308163166092,758.513225492362,158.291780115762,1123.19354161552,27.6170924175913,346.81164601185,358.007372924747,4767.28595869399,1132.10362661471,1975.88495503418,16214565.272936,168901.721592469,,,,,0,0,,0
5290.09051780776,43.9196653988569,804.177742126851,167.076870974712,1191.3602107732,29.2872998369108,358.233056284067,377.879492292793,4954.74655417581,1181.91520152043,2094.56929715395,16893368.0694595,175972.58405719,,,,,0,0,,0
5453.92653632794,45.0941871980385,844.674938701933,174.762677533787,1251.8671547421,30.767134247765,364.892229775315,394.325009777421,5080.94576460832,1218.28807323856,2199.83155492755,17375708.8572152,180996.967262987,,,,,0,0,,0
5484.27241447707,45.1410781462074,864.79355399793,178.130969775142,1282.19651325005,31.5042992099128,361.953636140075,401.663107326055,5077.59348392077,1224.55753835648,2251.97148823772,17418491.7709369,181442.622613266,,,,,0,0,,0
5474.56069308836,44.837181380266,875.360084756512,179.360097144914,1298.42249087544,31.8952570153151,355.930449964584,406.309234064616,5033.33585884909,1221.63090287492,2279.09972324035,17315119.7210138,180365.830427555,,,,,0,0,,0
5462.30160156294,44.4923718836446,881.513488612058,179.495959693268,1308.17589305757,32.128143449833,349.525479660687,410.847066585562,4983.51152602046,1217.93377764356,2294.57041384041,17184589.0390716,179006.135823988,,,,,0,0,,0
5417.64159651406,43.8656624368499,878.910028923485,177.684209684297,1305.00165874303,32.0446634185926,341.097069202009,412.870709694132,4901.55373333829,1206.87666913242,2287.09067746505,16936067.6948691,176417.371820911,,,,,0,0,,0
5303.56180432988,42.6655547402011,861.493180990191,172.757932734229,1279.88426944883,31.4237388455154,328.667049023503,409.285131267086,4755.73121167313,1180.31719652839,2240.93180213007,16458801.4633082,171445.848576439,,,,,0,0,,0
5162.27437246081,41.2435226821987,836.234656152996,166.192964066442,1243.1473285573,30.5190397509728,315.16685371698,403.084788069647,4586.02013295218,1147.76260807127,2174.27760481669,15890218.2850766,165523.107136516,,,,,0,0,,0
5012.33476673387,39.7552624476213,806.999204222697,158.822508141447,1200.5066528276,29.4707934109006,301.861185428828,395.627702009245,4409.96253809628,1113.41167964009,2097.22593440012,15292592.6418421,159297.840018609,,,,,0,0,,0
4860.91647283099,38.262534524704,775.95765943543,151.124575962302,1155.16724779181,28.3574650919884,289.207079399965,387.474677101984,4234.40057694078,1078.90342151445,2015.46112053861,14691825.3228702,153039.847113509,,,,,0,0,,0
4713.85360806291,36.8144230664594,744.933960540014,143.490203282891,1109.82619194024,27.2450255462084,277.51540328784,379.129354974575,4064.66769512879,1045.55842733026,1933.75370962214,14108453.7779591,146963.060187341,,,,,0,0,,0
4568.72163453059,35.3939622103549,714.184019384087,135.990480338861,1064.8529306026,26.1423315895804,266.573771378024,370.455722775936,3898.78845007438,1012.85033741376,1852.7905307984,13537112.837754,141011.592059424,,,,,0,0,,0
4426.26479864569,34.0085252192764,684.219735743372,128.736180560137,1021.00294264656,25.0677595156793,256.343862382795,361.574793690665,3737.52590205977,980.945711313451,1773.91484831369,12981341.9853589,135222.312347735,,,,,0,0,,0
4259.59075136948,32.4542631027129,650.963136619049,120.97303332581,972.183445605957,23.8716047713719,245.181868214846,350.330126214614,3558.6151648799,943.877944954449,1686.56729829655,12363746.5251746,128789.026304136,,,,,0,0,,0
4037.53353401926,30.5017258991004,609.43325765993,111.811031487722,910.936403960036,22.3706612308326,231.209715688279,334.140809014287,3337.43893717512,894.721361321482,1577.87051016107,11597445.4444092,120806.723378823,,,,,0,0,,0
3806.25775669457,28.5082581515777,566.636703299314,102.580954500278,847.710444270946,20.8213896411372,216.990086183129,316.809771474734,3113.56729788691,843.666222200842,1466.00085441145,10819219.6420093,112700.204604468,,,,,0,0,,0
3589.03625979298,26.6486711569502,526.365223313048,93.9796101078951,788.172128907964,19.3628181952226,203.772576968679,300.324064049343,2906.04472834394,795.827134869114,1360.77984694942,10096038.4503394,105167.067191226,,,,,0,0,,0
3436.27562716796,25.2909759740059,496.432956886499,87.3785736090321,744.034004829952,18.2825735652182,194.365014402183,288.994831915484,2754.56535923172,762.35390617758,1282.39539035704,9567478.51231166,99661.2345028838,,,,,0,0,,0
3410.01967251611,24.8744276918982,486.207639429018,84.3434537854734,729.379224704671,17.9267423315201,192.24777112883,288.206479782825,2706.03254518499,757.027040197747,1254.98681535441,9399066.35036185,97906.9411497807,,,,,0,0,,0
3442.97135563577,24.886769190102,486.219563700492,83.1210408071844,730.059299610686,17.9477484037938,193.610185645948,292.451408009098,2703.77676898063,764.955661417848,1254.0283405726,9396154.40671241,97876.6084034323,,,,,0,0,,0
3492.65152328557,25.0112689824054,490.438642986982,82.6257816317757,737.04724351211,18.1237351366336,196.058557983697,298.209428318926,2712.9582605137,776.731559030385,1263.92672108045,9438447.52172963,98317.161684326,,,,,0,0,,0
3572.42902937293,25.3385653771497,500.728857294662,83.1406728509232,753.15839840636,18.5239311512612,200.348220387974,306.679518900917,2743.10036773032,795.347557634786,1289.462964483,9559546.70826224,99578.6115445795,,,,,0,0,,0
3715.30506674059,26.092986321305,521.993730033802,85.4311137201278,785.790439853855,19.3302882628108,208.363905709246,320.798994480128,2817.80748766271,828.196065788384,1343.22853050289,9843407.29430539,102535.492649201,,,,,0,0,,0
3887.19165651306,27.0225129686305,549.925244513996,88.732415135136,828.484569938668,20.383917475254,218.251258875323,337.761401730875,2908.9473122295,867.739985118202,1414.09383682895,10194281.6984454,106190.434358419,,,,,0,0,,0
1308.47398456916,8.99999756485002,187.206497245296,29.7866683879555,282.241914129306,6.94515383510123,73.6368726803518,114.480034640186,964.983181316036,292.548388357897,481.058092771186,3395433.57902614,35369.0997815867,,,,,0,0,,0
4363.19662439802,29.68049829311,634.346233247373,99.5545236971203,957.030632104,23.5519340603319,246.420462147279,384.642090507152,3166.48899364669,977.176779154175,1628.99057794994,11198081.1992592,116646.679159162,,,,,0,0,,0
4936.86835747841,33.1998305090898,737.681763281035,114.273690641945,1113.59168299831,27.4044384302686,280.024441991286,438.958040926285,3516.53604569284,1107.74605347914,1893.25788327995,12526668.5254538,130486.130473003,,,,,0,0,,0
5620.67911984815,37.5016043966009,877.075099110936,134.253295629359,1324.58244449836,32.5887601167631,318.711208331938,504.051110106692,3915.97193573948,1263.87251360425,2250.02462493269,14098084.3838579,146855.045665454,,,,,0,0,,0
6316.67018236743,43.6991616113281,1046.55727843335,158.491053401625,1580.79054087122,38.8695704207255,352.146060386998,568.727241335326,4289.26669134232,1423.89886854089,2684.32691172965,15668742.0197266,163216.062705782,,,,,0,0,,0
6852.95738983321,59.8434751358726,1218.1597608548,182.723686933346,1839.69571065764,45.194766513645,363.256775365106,611.195674981817,4525.90367474799,1549.50603724026,3125.48043655587,16834735.2686381,175361.825714343,,,,,0,0,,0
7081.82192388616,108.70926683653,1346.10667572099,200.170244888089,2032.13348261026,49.8674611120698,339.747717938228,611.336505763875,4555.13562180672,1607.45179461918,3457.82994871423,17271879.202312,179915.408357744,,,,,0,0,,0
7209.03212173317,231.967812607893,1444.3026355587,213.139484240169,2179.32505542769,53.4158187552747,294.82634785716,584.98852328109,4540.76342219198,1644.2075750796,3718.35994540163,17524555.9827315,182547.458153785,,,,,0,0,,0
7299.80078318853,483.417016992212,1518.45427506302,222.819005127858,2289.98373159684,56.0566114625138,238.031474483899,539.291771864054,4542.20514561968,1674.46523483584,3921.17952914978,17802008.8651557,185437.592344697,,,,,0,0,,0
7336.83689552827,913.26955942225,1565.08645562008,229.060816203305,2358.82807080679,57.6632810898299,177.650182555543,477.769288841563,4559.94260157779,1693.83242017306,4054.42601761068,18108967.4578112,188635.077685876,,,,,0,0,,0
7301.79102593688,1543.80959738424,1581.78745575839,231.757492587648,2382.15254788232,58.1510372767302,122.126490687168,406.486568440644,4586.49352575386,1697.29220902811,4108.26508575492,18420676.0721051,191882.04241811,,,,,0,0,,0
7219.99117966539,2365.38631943763,1575.97643833211,232.033755909745,2371.13192823961,57.8009251937797,77.6672172641312,334.253229486905,4633.20506754996,1689.86658669287,4099.73629487885,18786748.3543953,195695.295357572,,,,,0,0,,0
7103.95479502918,3339.16364658336,1553.0482128956,230.555316893609,2333.97056218614,56.8209267350213,45.888195181537,266.950974756749,4697.8236317776,1673.83904746303,4042.44746575047,19203154.7935536,200032.862433214,,,,,0,0,,0
6925.6542425548,4383.14635508869,1508.67326835357,226.42309104442,2264.35868296772,55.063795108154,25.2674032335978,207.040355304675,4747.41056493449,1642.10910288799,3925.90646946172,19536283.9387393,203502.957695571,,,,,0,0,,0
6666.35571113154,5388.49840733484,1439.31536099615,218.719263311506,2157.30034118398,52.4117654463634,13.1178151030727,156.258300533934,4750.5475321301,1589.78076847227,3742.3035842196,19652075.6810046,204709.121676386,,,,,0,0,,0
6391.12424945336,6320.19068091985,1360.88348968628,209.487758328677,2036.92386580475,49.4509907666954,6.60473858184639,116.398139805832,4736.73947930571,1532.15542577468,3534.3662014347,19672105.002123,204917.760439154,,,,,0,0,,0
6126.04440173489,7163.95504911575,1282.19743533987,199.894028399845,1916.55006067544,46.5019295360709,3.29340149468408,86.230520235204,4716.57593435316,1475.62136458299,3325.8482816354,19647529.6800969,204661.767501382,,,,,0,0,,0
5851.43347757073,7876.36624417158,1201.45493449883,189.565691536606,1793.52104490846,43.4968750311452,1.64205908777026,63.5275078507213,4670.023082346,1415.62774664686,3112.49249911881,19500723.8598785,203132.540206328,,,,,0,0,,0
5546.99324142543,8406.77473646788,1115.43676620323,177.914372241164,1663.06019359828,40.3176156638467,0.823048298620863,46.5211060963221,4576.14962290849,1347.35739316477,2886.1594118668,19145644.6952298,199433.798909006,,,,,0,0,,0
5255.19328475734,8807.6215687136,1033.5694073356,166.415734984065,1539.22037378358,37.3032236446325,0.419919833205058,34.1943832759032,4467.57932580265,1281.21184438658,2671.2775230138,18720422.6489162,195004.402593231,,,,,0,0,,0
4990.76772467842,9118.27589680497,959.675089658346,155.751596454635,1427.63073726728,34.5888600318353,0.21907502187225,25.3317931218848,4358.97752592967,1220.95386127554,2477.62487742973,18290387.3203125,190524.867919228,,,,,0,0,,0
4795.75500896796,9446.18206545595,902.625830359285,147.480867989662,1341.39386368099,32.4909652350545,0.11777577321208,19.0799419324164,4291.80732857471,1177.07998955826,2327.95237601779,18034500.2084477,187859.377171671,,,,,0,0,,0
4712.07657783302,9925.86760565998,870.99473563749,143.173056196019,1293.11313114908,31.3138046715363,0.0655833425446203,14.7205126671899,4311.4189632883,1160.18401603111,2244.16113981074,18150459.3457456,189067.284851861,,,,,0,0,,0
4674.97815799076,10470.1229951593,852.763913949594,140.998603922301,1264.81919063272,30.6213122488233,0.037146410693366,11.4533672438932,4365.61477011863,1154.59950858376,2195.10285928436,18424037.4761734,191917.057042775,,,,,0,0,,0
4654.96379228157,11032.429038979,841.825718215899,140.008271839613,1247.39433746109,30.1921949631887,0.0212062209725858,8.92247235682474,4429.29319874676,1153.142577215,2164.97700164071,18750235.0131636,195314.948054143,,,,,0,0,,0
4657.44884939406,11636.2120217508,838.283346578584,140.241118212387,1240.96010611442,30.0290355796919,0.0121896142759609,6.96324870399056,4508.63895571211,1157.19591842488,2154.00307377003,19154957.9574284,199530.812056909,,,,,0,0,,0
4693.72629837911,12324.0581657514,843.603706851783,141.962844468317,1247.65564749262,30.1832699162451,0.0070535858989797,5.45059391401803,4615.94871342035,1169.6201983726,2165.90021702896,19691608.2309369,205120.919071513,,,,,0,0,,0
4747.44587691662,13067.704227316,854.527477793234,144.643317446375,1262.6303117821,30.5372432465372,0.0040843494322373,4.25904628545782,4736.32513607041,1186.38873979131,2192.25469158737,20298704.6980039,211444.840604592,,,,,0,0,,0
4810.49348542173,13855.6582847246,869.752457497192,148.075763264517,1283.94069540031,31.0437265137706,0.0024791342515791,3.30998598811152,4862.16781367262,1205.48861887694,2229.70006746776,20946674.5500149,218194.526563052,,,,,0,0,,0
4856.15794264891,14603.4370074834,881.99914221659,150.904741653855,1300.88456886694,31.4441331222793,0.0087361674857202,2.55536782090859,4965.17054871525,1220.13841779028,2259.64502298261,21507277.328015,224034.138832674,,,,,0,0,,0
4856.39987787266,15205.8153548245,885.458725460251,152.089956352942,1304.9849542176,31.5339989266829,0.0583096249103113,1.99870899320664,5015.35921123767,1223.187909657,2267.71162386775,21844710.8327149,227549.071174528,,,,,0,0,,0
4845.72848415006,15723.9571573268,885.394382842908,152.503610116902,1304.11886695089,31.50425817451,0.179883812121047,1.79246623693562,5047.25272119019,1223.21672878196,2268.0756951124,22094494.0085995,230150.979256664,,,,,0,0,,0
4837.82861016434,16146.0823351359,883.851596058376,152.506717895894,1301.36692382659,31.4292866705206,0.380795853309203,2.20597403385939,5075.57124582913,1223.65027841727,2266.3288586763,22302213.6858681,232314.725893614,,,,,0,0,,0
4840.01237322312,16433.5993911397,882.73369698629,152.456927650429,1299.55895477218,31.3768046643958,0.739811465918844,3.62657160846867,5108.84634303862,1226.32798916313,2267.26383979265,22486022.0041309,234229.395876789,,,,,0,0,,0
4857.99534144174,16549.1839027919,883.859133986071,152.703900061015,1301.38781201105,31.4109407418608,1.42654080895287,6.55747086498541,5153.70023032624,1232.66565611492,2275.36195373463,22658506.8719692,236026.113250109,,,,,0,0,,0
4879.04437021742,16409.7658748298,885.401530840739,152.957333298367,1304.17611517617,31.4663497528298,2.65393350234684,11.551206239158,5196.49134700101,1239.34851946345,2285.80267528987,22748818.3896181,236966.858224327,,,,,0,0,,0
4897.3376688469,15983.1108541381,886.368021177449,153.053397743686,1306.45874459362,31.5076072506677,4.68835868860079,19.1151081243867,5230.0630451672,1244.7602750473,2295.8809085499,22723247.8164167,236700.498088104,,,,,0,0,,0
4981.18678213798,15493.5862423273,899.726619758864,155.247145072953,1327.34656363258,31.9961072671884,7.99743933975511,30.1226993849685,5326.1175628052,1266.10708085295,2339.16233584975,22897037.7605175,238510.810005824,,,,,0,0,,0
5209.06020258538,15142.4749636153,941.97014356087,162.440302192213,1391.22746640027,33.5203220309506,13.5160122152637,46.4299376110076,5566.67776703832,1323.09775234719,2458.94266614976,23618175.2032526,246022.65836632,,,,,0,0,,0
5481.47346571359,14568.9820131589,997.856665230461,172.074470346897,1475.66811398465,35.5411069466631,22.2407455338041,69.1053975525077,5841.65896585556,1390.04788975209,2615.83477634447,24409633.3815538,254267.014391647,,,,,0,0,,0
5754.76477123731,13658.5851915475,1060.61401843621,183.022215360969,1570.62084380952,37.8191330302628,35.0946615930994,98.6546766663331,6100.04330233111,1455.4416186037,2791.68113441719,25067166.4195376,261116.316870658,,,,,0,0,,0
6058.60656105352,12523.37689794,1135.51583617306,196.200342727081,1683.80583814097,40.5426716082385,53.155074447371,136.008909238745,6369.29958747951,1526.3839358754,2999.63639419976,25720472.6193871,267921.589784308,,,,,0,0,,0
6429.96259254124,11262.9549446921,1229.9819497596,212.907358635214,1826.15343335202,43.9763259171777,77.8641448905881,182.608324238826,6684.09100872346,1611.71020220945,3258.67911265452,26522371.3440974,276274.701501517,,,,,0,0,,0
6820.36754043067,9826.02654300374,1336.1564470267,231.827789545121,1985.92124742582,47.8378189613868,109.741329794309,237.299071930299,6990.84068377081,1698.81173128883,3547.32535950963,27277163.4151873,284137.118908718,,,,,0,0,,0
7209.58566513813,8277.50699723506,1450.09452439175,252.305013626559,2157.13175462284,51.9823196065718,148.730864822067,298.005392232715,7270.08998219354,1782.53714522225,3854.33362132923,27936132.2466679,291001.377568399,,,,,0,0,,0
7524.83054119428,6670.70279007952,1553.16264661003,271.046113909414,2311.96931250684,55.7371596646661,192.392754331919,358.725625286501,7455.72907846085,1845.30316590457,4129.71510047947,28270219.7013447,294481.455222877,,,,,0,0,,0
7702.6104910923,5123.13220241741,1623.05164511439,283.995243409656,2417.17460245315,58.2967818176544,236.296804778435,411.659843142536,7499.45250445881,1872.75630176388,4314.27607310239,28113817.3094769,292852.263640917,,,,,0,0,,0
7831.11752983345,3810.30880260265,1671.37451365652,293.045023634191,2490.03951008029,60.075034237486,280.172463715472,457.407653944878,7501.68916345389,1887.72125965096,4439.33141938257,27849795.0014282,290102.031263822,,,,,0,0,,0
7934.12352934846,2758.48278412432,1704.06862909468,299.24995943646,2539.40365846493,61.2837955389855,323.577804059544,495.694508637931,7492.56201334109,1896.6915831513,4520.84422868454,27590597.0895465,287402.053016632,,,,,0,0,,0
7992.14957002561,1943.56787889396,1719.60716811789,302.406106639032,2562.97651208124,61.867157244398,364.739992203773,524.632505064392,7457.09673981036,1895.55630548319,4554.92067711506,27279615.280058,284162.659167788,,,,,0,0,,0
7989.87956833768,1335.34679759323,1715.52746966846,302.102462867278,2557.10134108481,61.736541555161,401.643393662763,543.066176472694,7381.91276341013,1881.18983849505,4535.48880158201,26861339.986559,279805.624858971,,,,,0,0,,0
7954.6504255229,902.181759310014,1698.43125258115,299.498809697946,2531.6531400962,61.1304143198785,434.443955759211,553.336820977641,7290.62739564345,1860.36898678861,4480.64631537399,26413974.4137577,275145.566810477,,,,,0,0,,0
7898.3538016848,603.950601226847,1672.45994696323,295.328321551399,2492.83979022632,60.1989911473699,463.098606298386,557.246448854174,7190.79864594213,1835.97091225646,4401.96186786805,25958909.3565212,270405.305797587,,,,,0,0,,0
7792.37236285129,402.79920253069,1632.52373792127,288.674732600138,2433.12038909532,58.7605584384515,485.299550113286,553.834712754792,7053.32733164381,1801.40877815328,4286.76138380593,25385123.5405516,264428.370213117,,,,,0,0,,0
7615.83043272863,270.333444654819,1574.11301530829,278.676843493975,2345.84606250866,56.6550458981396,498.925819143707,542.632431906718,6857.55809594563,1752.01280279924,4124.01714244428,24611264.9394324,256367.343119553,,,,,0,0,,0
7425.40032465552,186.410105737159,1509.87785749077,267.513152233605,2249.93470998018,54.3399038812275,507.307407700252,528.637184658057,6653.45960600143,1700.89184018054,3947.44101295319,23813202.6758366,248054.194540416,,,,,0,0,,0
7241.49466175123,133.958142104984,1446.17900164367,256.295949760479,2154.89311929868,52.045131436026,512.210583873534,514.08432257394,6458.25584918411,1652.596885977,3773.79503448579,23053368.1398286,240139.251455675,,,,,0,0,,0
7057.51191177152,101.044407746117,1383.42603846378,245.099589587911,2061.34166936539,49.7859516745306,513.685940807213,499.067240886703,6265.33157308162,1605.47011382275,3604.06754375673,22309170.8139616,232387.195979189,,,,,0,0,,0
6866.05689016019,80.1437317055957,1320.96571687698,233.807068089907,1968.31196183778,47.5391837352121,511.633601982477,483.459164106381,6067.75078434755,1557.70310169792,3436.38973881007,21555726.7039774,224538.819833507,,,,,0,0,,0
6684.90425895055,66.8049811155598,1262.69253646566,223.110640509147,1881.60315440307,45.4450630937207,507.807514853924,468.770366605199,5880.898786873,1513.19192976005,3280.67236096083,20847508.0845222,217161.542546316,,,,,0,0,,0
6520.0251337483,58.1499471256275,1210.11826047631,213.289626007749,1803.45443612627,43.5577576861281,503.121257299136,455.559077481865,5709.50075979041,1473.12049157752,3140.5980242078,20201509.3300572,210432.388855145,,,,,0,0,,0
6287.38698197062,51.7168076664347,1146.80071930556,201.448926166054,1709.35793246454,41.2855387514658,491.313154792986,438.044598706769,5479.88665287957,1418.37509027091,2973.31889193888,19354457.3018523,201608.930227995,,,,,0,0,,0
5912.62830654552,45.9754743963695,1057.14865917519,184.856432966969,1576.0831019312,38.0678012651239,466.433307776977,411.122504415227,5128.54866156495,1332.13883516501,2738.37117734645,18075994.3767216,188291.608090166,,,,,0,0,,0
5521.28058341912,41.2900534512995,963.74797879144,167.526162243006,1437.28429074482,34.7176396012307,438.420886613002,383.502546726384,4765.82986191315,1242.63050953674,2494.25620268292,16754248.2990944,174523.419782551,,,,,0,0,,0
5158.12168090565,37.5177000685383,876.37913886143,151.242201917012,1307.50691117014,31.5861382043722,411.242098717839,358.188411053169,4430.38790701142,1159.79159242438,2266.20929654786,15529672.0127402,161767.416799671,,,,,0,0,,0
4860.07336827838,34.627711069039,803.013710218625,137.440039718198,1198.60922226458,28.9593713646104,388.260005871003,337.6430883349,4153.32295470463,1091.80192953902,2074.7526792389,14515620.8811299,151204.384177886,,,,,0,0,,0
4660.25147821555,32.6712493180294,749.937147377589,127.207704216362,1119.95917266869,27.0633669703106,372.465960396376,324.103142300041,3961.73003713556,1045.99168896022,1936.01448883481,13809376.6758981,143847.673707534,,,,,0,0,,0
4505.97193594795,31.1705272067795,708.411286050641,119.037861983492,1058.51364457589,25.582816909503,359.85909249228,313.87984906054,3809.54884306233,1010.44990091907,1827.32642150801,13250436.9409075,138025.384801371,,,,,0,0,,0
4372.26148731881,29.8983369315952,673.819510132044,112.133775256418,1007.38242077461,24.3511641155475,348.543737565433,305.220800238517,3675.10776992263,979.535438135609,1736.71489904586,12762040.5388528,132937.922279233,,,,,0,0,,0
4260.61329112537,28.8336505825348,645.670336092656,106.393965393904,965.839411860218,23.3508805753102,338.700463277692,298.222652499752,3559.36822758455,953.561044300135,1662.86702828671,12345926.8824281,128603.405025526,,,,,0,0,,0
4178.1106086687,28.0029899393637,624.437519701646,101.872565257624,934.604261589598,22.5994170258207,330.934360405051,293.384849273021,3467.86209261347,934.090997970095,1606.959265661,12020036.0766189,125208.709131674,,,,,0,0,,0
4114.66143342574,27.3236033371729,608.108440937929,98.2159086488837,910.676456455281,22.0242832065426,324.467837708853,290.011542418839,3391.78268834385,918.848952556325,1563.77206821541,11752854.628067,122425.56904192,,,,,0,0,,0
4064.69248993324,26.7490375598502,595.425699909349,95.2010758294863,892.182310544644,21.5802271349905,318.873708900663,287.721578453448,3326.26506570701,906.579457576895,1530.04217098596,11526620.6870862,120068.965490699,,,,,0,0,,0
4009.53119884075,26.151214029624,583.211646218011,92.3061127967493,874.367251721436,21.1523165351184,312.699462505634,285.196032892254,3255.99890372019,893.119984481519,1497.58381078533,11287219.9930072,117575.208260706,,,,,0,0,,0
3927.12817032067,25.3862126523238,567.687132975503,88.9300025599558,851.567737466186,20.603642793105,304.259132001589,280.84044642283,3163.57033723704,873.587394368844,1456.6873816432,10972620.0130657,114298.125135685,,,,,0,0,,0
3841.8476440193,24.6134893760528,551.947294073022,85.5621712462314,828.425138406519,20.0465921336713,295.495286296454,276.356338919067,3069.261872067,853.439324263591,1415.29776881669,10651760.4617583,110955.838143517,,,,,0,0,,0
3766.36040435678,23.9131544133092,537.681726133257,82.4614804631945,807.476794788607,19.5426219219138,287.417346746407,272.641278536076,2983.33661697275,835.505696769251,1377.74041480267,10359857.9695123,107915.187182616,,,,,0,0,,0
3680.77825571954,23.1580234326289,521.983230887305,79.1790266186564,784.358136357204,18.9861476342607,278.538607024589,268.242054353156,2890.15602151383,815.388891442507,1336.55949193403,10042371.3741792,104608.035147319,,,,,0,0,,0
3555.94086156758,22.1681084166472,500.549870571311,75.0728473232937,752.600202577837,18.2206245440834,266.722829812408,260.973312064107,2767.56670844838,786.670031461503,1280.74947932749,9621489.63534502,100223.85036836,,,,,0,0,,0
3420.83830528613,21.1294047078479,477.429120988883,70.7699374595099,718.279028323435,17.3931459565103,254.237764705637,252.882264915183,2639.05325113076,755.807317267411,1220.68664047218,9178240.55590104,95606.6724574764,,,,,0,0,,0
3291.56349939965,20.1421856910896,455.032396114036,66.6351654247237,685.018455577682,16.5914277594265,242.324831470806,245.126914519298,2517.24238187334,726.366746640129,1162.54236168923,8756811.61371708,91216.7876425544,,,,,0,0,,0
3191.92664720189,19.3496856957285,436.901625094619,63.1833117927877,658.151641046609,15.9446000909016,232.738797751575,239.492508538054,2420.01425993658,703.589187654397,1115.35938637639,8420195.39100897,87710.368656503,,,,,0,0,,0
3151.00495898075,18.9211657076227,427.296039665742,61.0086783915266,644.104237936835,15.6083280651839,227.543083166895,238.234973419119,2368.40340211223,693.846304988216,1089.98538787442,8242837.25200529,85862.888041878,,,,,0,0,,0
3137.70224522404,18.6613745236144,422.145023655848,59.4988732329308,636.754829031094,15.4343260522056,224.411607917601,239.100576108782,2337.85913232491,690.251917284544,1076.00113479715,8140326.92028367,84795.0720859797,,,,,0,0,,0
3131.40567751553,18.4441024544101,418.681406745459,58.2485062044879,631.936512860483,15.3216151833259,221.843306466678,240.560067476859,2312.54759443483,688.26040498275,1066.33592724021,8057821.32170585,83935.638767922,,,,,0,0,,0
3104.44287989498,18.106835842714,413.068018740357,56.7216641406418,623.858714282512,15.1298039309189,217.893911806307,240.475278911137,2272.15720583464,681.796798980996,1051.21479193845,7924142.40300447,82543.1500314467,,,,,0,0,,0
3025.17027957345,17.4706403524744,400.77750583773,54.3120153498773,605.677284833115,14.6928874614037,210.407200469948,236.307111590531,2194.40844141204,663.933932484232,1019.13419396265,7660309.87220337,79794.8945018282,,,,,0,0,,0
2925.2083474847,16.725535504482,385.727304646356,51.5745123258938,583.301905903483,14.1541681119472,201.658698315822,230.413298937914,2103.29243578878,641.629246269872,980.083743422681,7348797.9202678,76549.9783362621,,,,,0,0,,0
2825.43140335214,15.9932665847712,370.603356327513,48.876933297893,560.790742426135,13.6120938598045,193.108220023876,224.39687403193,2014.1152452789,619.456795540489,940.898279558701,7042750.31167253,73361.9824133889,,,,,0,0,,0
2818.76712228654,15.7942386423275,367.844779357174,47.8424365281131,556.974199579784,13.5237660513642,191.058536098811,225.720926705063,1992.23798080917,617.767548209399,933.138422421418,6971843.05323793,72623.3651376309,,,,,0,0,,0
3050.77364198731,16.9188507263817,397.288981319282,50.9657080278701,601.92735568264,14.6196716692218,205.186669411183,246.430453143039,2136.88908428734,668.418211868418,1007.02771063287,7487532.03672898,77995.1253827354,,,,,0,0,,0
3408.3127464196,18.7036567531254,445.658981494272,56.4228517040591,675.584831409703,16.4127064280682,227.676066835973,277.979539023567,2363.49255121957,746.590496338216,1128.77052262159,8300174.48338508,86460.1508687519,,,,,0,0,,0
3797.13770021376,20.6134718998305,502.478190645648,62.8377112076847,762.073578058497,18.51690959941,252.257617309032,313.069308860652,2603.37879998942,831.658808186885,1271.77057330317,9175069.09835215,95573.6364408205,,,,,0,0,,0
4191.00202434461,22.4996439000463,566.165033894834,70.0016745877848,858.980866890876,20.8729938880972,277.364784918064,349.751547567624,2836.79275846165,917.917473301695,1432.01046047294,10048221.9916557,104668.979079938,,,,,0,0,,0
4589.88626251881,24.3581054559943,638.444296836575,78.1144231692635,968.911163543272,23.5436067806022,303.251024640953,388.187346622452,3062.29307811963,1005.40637667798,1613.83788757067,10919575.6477272,113745.579664032,,,,,0,0,,0
4989.02615083588,26.1590365803989,720.101895607184,87.2418548259744,1093.05732317171,26.5573256737462,329.929118494885,428.1080475654,3275.19241735773,1093.11341218313,1819.20861368006,11776878.7617458,122675.820434406,,,,,0,0,,0
2607.69486234475,13.5010633187713,392.960045849269,47.1551683356579,596.57655931202,14.4922952010598,173.156126974347,227.24745457965,1681.23933458406,571.558418350039,992.201292192985,6106383.56540989,63608.1621398021,,,,,0,0,,0
5809.30407421252,29.6795526635062,917.872937309173,109.089555075677,1393.68534443367,33.8498355757215,388.613433596962,514.397957751923,3670.96909849802,1273.80814367113,2316.33640244367,13489340.5322365,140513.963877719,,,,,0,0,,0
6305.11362201846,31.7793546968646,1052.28753222401,123.865572536021,1597.98313278236,38.8019124274447,425.032132032715,567.229868444685,3895.51611491819,1383.06929083823,2654.21065177756,14517423.6342346,151223.162856061,,,,,0,0,,0
6804.83725653394,34.0424274104931,1205.99690859693,140.577487751581,1831.54830424977,44.4535179407528,457.183012796801,619.857566858404,4101.13358791126,1493.24321867321,3040.64472987895,15537312.4056768,161847.004226094,,,,,0,0,,0
7273.95518510782,38.364459560228,1370.76246127549,158.20254424778,2081.70104407711,50.4902217713153,473.757554806677,663.3299434835,4270.83765604269,1597.02115889938,3455.31209784973,16477006.7130895,171635.486594994,,,,,0,0,,0
7651.71470736965,53.8756298944137,1527.97950661698,174.614828439942,2320.01706203246,56.2215949295997,462.239345691487,683.167293708286,4381.66790210925,1681.68049026394,3852.49661307335,17222018.4204928,179396.025212814,,,,,0,0,,0
7891.03150874067,104.339922204822,1655.24646429734,187.435454000051,2512.47816934979,60.8265181277252,417.511831080833,668.265023524069,4427.94518577568,1737.52516059959,4177.76623245526,17705303.4964913,184430.244755453,,,,,0,0,,0
8060.76815568555,232.594681297446,1755.49010394296,197.356006616776,2663.63093845174,64.4183408051491,349.515134290674,624.107160442075,4469.71041488671,1780.01330063947,4440.1373191455,18129414.9575192,188848.072474502,,,,,0,0,,0
8185.10221663861,495.842316380065,1830.26832908194,204.996030676169,2775.8723884042,67.0562765460304,270.335905469284,557.625186717029,4534.67023952325,1814.38665681164,4642.87490888707,18598115.472582,193730.369505357,,,,,0,0,,0
8240.75213728721,946.448408776557,1873.43481337588,210.049928790264,2839.82834097309,68.5167509179878,191.891518702801,475.965038907771,4616.54436266196,1835.0337521416,4766.87355101238,19089956.0992611,198853.709367665,,,,,0,0,,0
8210.94238447305,1604.1907370934,1882.06948945593,212.369846742004,2850.9929647358,68.6981144421914,124.64191877683,388.651032374005,4703.32721267678,1837.5105163883,4800.46465476915,19565070.5174943,203802.817890936,,,,,0,0,,0
8143.39014003186,2458.58305814859,1869.38147222447,213.355542634706,2829.35877740692,68.0916715000419,74.5789436795612,306.580774979505,4812.05848358567,1831.81847961332,4774.89480235567,20105527.4216557,209432.577308151,,,,,0,0,,0
8055.92398108076,3472.96726383443,1843.68074555437,213.731388974936,2787.54578086926,67.0093870949825,41.3060425102625,234.964933934347,4940.70819986191,1821.5564562582,4711.11741594422,20716178.5382136,215793.526440117,,,,,0,0,,0
7873.74949928886,4542.24748381811,1789.54854510891,211.347746101035,2702.43739147503,64.9016278634409,21.1875007819137,174.137820318977,5027.50503715207,1789.43122438758,4570.86830592505,21141192.9096026,220220.759475428,,,,,0,0,,0
7543.96610077434,5513.34091269644,1693.22208248891,203.965079756377,2553.68178121071,61.2829338689937,10.2086534528745,124.806526175658,5015.74058300875,1722.83199723775,4320.90529325197,21131711.1646646,220121.991297789,,,,,0,0,,0
7191.76456041404,6367.39660230504,1584.38424124778,194.584203996063,2386.46317169696,57.2366771703488,4.81088671817848,88.465433156332,4968.97430359476,1649.92008594049,4038.70834446536,20952576.96846,218256.010088522,,,,,0,0,,0
6856.46122947661,7103.15728023462,1476.82392876147,184.704085014507,2221.6948503217,53.2604695535897,2.27000601799984,62.6051932426409,4908.07802699338,1579.7477486299,3760.28616003402,20701858.2703585,215644.356983293,,,,,0,0,,0
6494.38600426217,7660.40072710424,1364.4294103931,173.511058722982,2050.21406458343,49.1311011796814,1.0784976970162,44.1112444678692,4799.4949561623,1502.3367075561,3470.39697207664,20244530.400536,210880.525004816,,,,,0,0,,0
6067.49121523449,7968.49246035109,1240.21517346739,160.03350776843,1861.56360862034,44.5958561263055,0.517162588197964,30.8747509153882,4611.51708215463,1408.82431283418,3151.39654792331,19446210.4058184,202564.691727644,,,,,0,0,,0
5650.33730823486,8113.37322577888,1120.87356841255,146.407445072045,1680.79248277522,40.2535875370565,0.254395429971176,21.7764766550604,4399.85162098013,1316.48873137689,2845.65917358072,18542854.7684717,193154.737171931,,,,,0,0,,0
5267.67073199652,8152.7935479652,1012.94246298854,133.618083863944,1517.60547296712,36.3356452975953,0.129052436578719,15.5625696302947,4188.25203555149,1231.24124457199,2569.59826898045,17639197.265117,183741.638177633,,,,,0,0,,0
4956.84782384239,8178.92013051385,924.547182833375,122.91710300293,1384.05128269932,33.1295799551042,0.0679234443427028,11.3530919472008,4012.51615449775,1162.02087871672,2343.62721384101,16890576.7789086,175943.508113951,,,,,0,0,,0
4752.46213528855,8293.15984236086,862.265218525296,115.374566780818,1289.83766310181,30.8668156036855,0.0372435827156773,8.50941398528953,3907.73656056004,1117.21089671744,2184.22092698086,16449097.4747618,171344.765362414,,,,,0,0,,0
4597.59852758763,8434.80410985066,814.859816820794,109.636845342996,1218.04004999832,29.1414981515478,0.0209542807903195,6.470746181745,3832.89612494842,1083.67227226783,2062.75707873052,16144023.1258798,168166.907560636,,,,,0,0,,0
4466.72574180089,8575.4943391837,776.496634450507,104.989574493216,1159.87688430209,27.7430629235958,0.0120014926329723,4.96232676911169,3769.47401110427,1055.49289990196,1964.3819372055,15896176.2773492,165585.169556023,,,,,0,0,,0
4334.10733458847,8674.16202443101,741.28897534699,100.662159223891,1106.52619126336,26.4602787876833,0.00694802423721,3.81612358100263,3697.10586881543,1026.62814753351,1874.15492171963,15617040.3712539,162677.503867525,,,,,0,0,,0
4175.25513434324,8681.52150403858,703.700981634059,95.8961033831966,1049.72169028043,25.0954904481886,0.00404272860688,2.9282740847029,3595.2702013492,991.257009683545,1778.05977449308,15216133.3478003,158501.38903901,,,,,0,0,,0
4020.58553891688,8659.34790795983,668.044591518185,91.2715011410485,995.899158099564,23.8026573338736,0.0023813301592359,2.25930908290498,3490.48168447019,956.577347563487,1686.98124904121,14802840.6978021,154196.257269052,,,,,0,0,,0
3883.87103190772,8644.65221423085,636.773548191231,87.1484462513776,948.700959360361,22.6687687156415,0.0014629917719037,1.7563273887696,3395.87637138552,925.908588372771,1607.09361529324,14433905.1078948,150353.178207511,,,,,0,0,,0
3772.33841591966,8657.61815892607,610.198665950968,83.5492304136718,908.587953305715,21.704859922527,0.0031772703508852,1.3822088285724,3318.61297022269,901.000483783803,1539.17512360557,14137779.686966,147268.53840536,,,,,0,0,,0
3691.78844490853,8720.23169923781,589.567067450244,80.6797556819353,877.407509605552,20.954975212236,0.018844126757944,1.11252463004728,3265.07826112035,883.311169183487,1486.48100064055,13943360.5133817,145243.338681324,,,,,0,0,,0
3631.26938784249,8808.13087790347,572.844737501377,78.2894343209964,852.134647895873,20.3468393039238,0.0620829940543469,0.957328844727459,3226.55678377858,870.277386506738,1444.06302934654,13811965.2225355,143874.637735006,,,,,0,0,,0
3583.95825256359,8898.26305167233,558.923109753746,76.2462332723526,831.12876792515,19.8412210790155,0.15112265060109,0.973494830217524,3197.70984235288,860.304012709281,1409.24864773359,13717720.9095332,142892.926140451,,,,,0,0,,0
3611.27247718598,9136.36243708733,557.715033687086,75.9247885700084,829.13482660897,19.7898608455641,0.33125012131425,1.29033073477124,3234.21017169898,868.1966495923,1407.10458165008,13896985.0274043,144760.260702392,,,,,0,0,,0
3801.00275393917,9743.12098132509,583.704522145544,79.3372530793176,867.689061210311,20.7061369715821,0.705033324733961,2.18660728200053,3416.27882552231,915.218178088286,1474.42153584657,14694097.7437478,153063.518164318,,,,,0,0,,0
4061.07065188886,10465.2070985638,624.035052222556,84.7895056735227,927.718303790334,22.1340756670286,1.45287446042436,4.13107962786642,3662.72865964549,979.370829893815,1579.25009229141,15755652.117075,164121.376218934,,,,,0,0,,0
4334.28937242171,11108.9068370774,670.972754540025,91.2808246975206,997.804422331671,23.8007329511822,2.87858554139931,7.85765994696849,3922.24594120156,1046.89359063477,1702.56320413243,16849119.1215293,175511.657516249,,,,,0,0,,0
4590.05237478213,11540.6957057002,720.173961839555,98.2482770026664,1071.57367859506,25.5539965542768,5.44146540399544,14.3073974335775,4166.37916370183,1110.30715104163,1833.7356850618,17837591.5488885,185808.24530126,,,,,0,0,,0
4805.92121211987,11662.3456779155,767.440851372909,105.105763366228,1142.83330240749,27.2468006060301,9.70544074559648,24.4133467747923,4373.19233994825,1164.00584379185,1962.14142729313,18614928.7847669,193905.508173949,,,,,0,0,,0
5005.47062205183,11514.3999783679,815.215366733498,112.144919368694,1215.21786990525,28.9671212149322,16.3529578022778,39.1272907583841,4562.16922619143,1213.48195459756,2093.70089354064,19258309.7776287,200607.39351733,,,,,0,0,,0
5199.08363836215,11122.0346750503,864.179340308466,119.423225070147,1289.70008351382,30.7398415028531,26.1130733057178,59.2256775534988,4740.85333847145,1261.04872228192,2229.62831509816,19799828.3103179,206248.211566186,,,,,0,0,,0
5362.27938382809,10458.8497400218,909.248425749839,126.209476562484,1358.60675793415,32.3836275398185,39.4138302236356,84.638961189033,4885.2482725242,1300.58756964193,2356.06528249719,20146555.4021509,209859.952104975,,,,,0,0,,0
5466.03322826278,9534.20906043394,943.735054897986,131.539592159076,1411.81984853034,33.6579424176759,56.0166954186453,114.040671574591,4968.10213131743,1324.95079120963,2454.79609795328,20202619.7574457,210443.955807109,,,,,0,0,,0
5541.56413893168,8487.29470162802,971.352428411743,135.905252110469,1454.7713557133,34.6917459800249,75.6747903234001,146.423509563327,5018.27336039357,1341.7156479188,2534.75057093097,20106360.7350816,209441.257657481,,,,,0,0,,0
5600.12526807974,7401.20545005482,993.533611362474,139.512769713853,1489.52849980941,35.5332184575688,97.9346951061803,180.536713569991,5047.26925853346,1353.69543087464,2599.29111840134,19921113.4231252,207511.598156799,,,,,0,0,,0
5679.64576812311,6367.76883502665,1017.64584246175,143.432369352154,1527.09024473716,36.4436730171905,123.044157679538,216.438456733912,5090.84595432573,1370.1666514296,2667.52364212494,19800593.558382,206256.182900188,,,,,0,0,,0
5818.44807100433,5434.92547918777,1052.61707639157,149.001036188194,1580.83814137089,37.7419825476351,152.104490900977,255.350316102196,5184.34749461456,1400.41486475555,2762.77667928491,19887770.319033,207164.27415697,,,,,0,0,,0
5960.27156602337,4550.08146840238,1089.93599833618,155.096852284092,1637.97937888708,39.1224546156436,184.011163530474,294.66599698929,5278.54233475523,1430.91331558304,2862.61821330051,19996924.7235373,208301.299202756,,,,,0,0,,0
6084.17180787843,3723.20925106513,1126.10505619747,161.26770299929,1693.23053754295,40.458244046712,217.587078243987,332.301197294372,5356.63753048544,1456.73570834515,2957.75127933442,20071569.403242,209078.847950818,,,,,0,0,,0
6071.39720848109,2928.6883445634,1135.99397280051,163.840006564433,1708.80221347613,40.8452795853779,246.704410527511,359.823917744444,5316.72171973147,1449.69316404101,2982.36149962035,19734429.8862237,205566.977981871,,,,,0,0,,0
5819.23032165222,2192.59240643723,1092.55104567456,158.610926607696,1644.04702518894,39.3102027667917,263.055981211511,367.92162716603,5072.65799601461,1385.78132595825,2866.268614621,18667220.372448,194450.212212293,,,,,0,0,,0
5508.19780092223,1618.55084100679,1026.7209178029,149.807275527102,1545.56662542776,36.9661868354529,271.487640833756,366.096428241762,4783.99090840818,1308.44979368018,2691.48457080712,17459516.5894694,181869.964473971,,,,,0,0,,0
5205.1181708041,1194.61812086601,955.089818865454,139.836220782202,1438.32628453608,34.4105444158561,275.221655078743,359.534471621488,4507.98030867583,1233.63589176006,2501.67390327955,16321332.9793785,170013.885202169,,,,,0,0,,0
4955.65487932182,890.311845897758,890.816424320316,130.709317346006,1342.12245375282,32.1173802281907,277.661573692121,352.705755850365,4282.73665954595,1172.08336847526,2331.21284172569,15390705.353843,160319.847435281,,,,,0,0,,0
4797.67757655747,675.269125196334,844.109246979607,124.033197511662,1272.32187181704,30.4550138804046,282.332947268253,349.643804827428,4139.5589715654,1132.60030800622,2206.60451980043,14777869.0942391,153936.136398604,,,,,0,0,,0
4675.37502872926,515.334322440783,806.524671567232,118.647419610648,1216.1985571556,29.1193451711079,287.100754039063,347.281282608103,4029.24250926454,1101.8839168107,2105.6082301378,14303067.8558725,148990.290165609,,,,,0,0,,0
4564.26203250326,394.047863249768,773.939167012412,113.976536819551,1167.5392669436,27.9618581085003,290.91150605422,344.317123006384,3930.0865241372,1074.12618950068,2017.46606310494,13885692.3573271,144642.628721631,,,,,0,0,,0
4470.21154954396,302.700969318127,747.034635089784,110.129855033184,1127.38100596102,27.0075480207742,294.388328483589,341.548585231951,3846.70769165902,1050.6932619242,1944.01890828549,13538785.3855915,141029.014433502,,,,,0,0,,0
4404.41683238803,234.504955692391,727.363903865327,107.342631360829,1098.07747935964,26.3129662169108,298.554547591494,340.143534099095,3788.37142995665,1034.19039895079,1889.33879359962,13292122.292598,138459.607214815,,,,,0,0,,0
4353.44729943706,182.969957990353,712.367008717794,105.241815106196,1075.77466788519,25.78590589981,302.753221995972,339.319404202725,3743.23945313313,1021.43848033272,1846.79407785415,13101756.1688477,136476.626758334,,,,,0,0,,0
4311.16274752266,143.918550415682,700.634831706543,103.61816309327,1058.35415344188,25.3756610396613,306.686066169918,338.773389842128,3705.82089318292,1010.98057296055,1812.78033074816,12946445.3736864,134858.805976145,,,,,0,0,,0
4241.14956197188,113.546349918959,685.588847237714,101.485576046667,1035.89011552499,24.8442514587459,307.749768710084,335.747778718308,3644.65930521973,994.264225541079,1770.37573809454,12714054.689029,132438.069677626,,,,,0,0,,0
4102.75154906222,89.3839882133534,659.57530158024,97.6764719419017,996.832915885286,23.9145687018475,302.764350752636,327.025089350838,3524.72483155257,961.738731352553,1700.01513095492,12279516.0178214,127911.625185174,,,,,0,0,,0
3949.5030816361,71.3305485289754,630.530994041585,93.3393516986023,953.187552979073,22.8744720507681,295.520902674834,316.848959370347,3391.9610128032,925.910980658845,1622.31964791633,11801003.8719479,122927.123666348,,,,,0,0,,0
3807.11571992469,58.1575245294518,602.687671271732,89.1041194134346,911.354202999454,21.8775312877393,288.072496604812,307.327519703812,3268.39640909839,892.75880195163,1548.17459447063,11354974.4736354,118280.984100583,,,,,0,0,,0
3725.76909001259,49.0965311583273,584.604132403632,86.2594691687439,884.272674325282,21.2344252318341,284.479387183722,302.602391666631,3197.02909504853,874.015634644449,1499.46753156033,11091814.1100004,115539.730312083,,,,,0,0,,0
3764.24234692153,43.5462282809792,586.502523642604,86.3507054961093,887.401538265303,21.3165736257362,289.615143770361,307.627437937947,3228.10112549942,883.474076936541,1502.2208480345,11187821.5826089,116539.808152388,,,,,0,0,,0
3853.03846566895,39.7579168424153,598.361139496727,87.9344885554977,905.577269334845,21.7599733356601,298.445497695436,316.927056669691,3301.70020692389,904.853224938657,1530.57781872472,11437085.0455675,119136.302558211,,,,,0,0,,0
3951.64301161906,36.9450765172919,614.194323749685,90.1511580500536,929.739053368255,22.3468876883425,307.917322460667,327.26455063913,3382.81258679466,928.650238272512,1569.17346420156,11719082.9794822,122073.781035829,,,,,0,0,,0
3986.91007843549,34.3146261819408,622.073105699872,91.2448914688274,941.834135781293,22.6433215795312,312.263393949804,332.563831836495,3408.63240467474,937.651605681922,1587.56071427534,11814987.7537819,123072.789102118,,,,,0,0,,0
3881.60250820083,31.2487335983713,607.897916506642,89.0966770340164,920.534944818568,22.136535322127,305.218843837677,326.17203066018,3313.34059184917,913.605093985778,1549.86241220366,11491695.0658188,119705.15693583,,,,,0,0,,0
3728.40491058969,28.4827223688339,584.337772241585,85.5110708855242,885.042336071579,21.2883230568317,293.93066079304,315.609526361898,3176.58802135281,878.223549663515,1488.46895012747,11020767.5230596,114799.66169812,,,,,0,0,,0
3574.59050560785,26.2177112066207,558.628283292995,81.5365986860949,846.316811999801,20.362393399234,282.185354284335,304.786861012282,3038.93546773867,842.603159008076,1421.80332183905,10542289.1761274,109815.512251527,,,,,0,0,,0
3432.82235074616,24.3917854442662,533.339631039757,77.5619066710381,808.245000947697,19.4522517591411,271.086314686529,294.777317855472,2911.25036927296,809.72151407779,1356.37380402159,10095248.5094895,105158.838640707,,,,,0,0,,0
3307.6753236045,22.9240729125391,509.884102886615,73.8124663975075,772.957926557484,18.6091312447051,261.083853845284,285.99293141178,2797.42940805734,780.660373338511,1295.74083516763,9694773.6880591,100987.225916915,,,,,0,0,,0
3193.06362349075,21.6948812745943,487.852768601703,70.2466069622043,739.828101604693,17.817869322386,251.761835692827,277.930633114926,2692.31038701451,753.987822559819,1238.83968308836,9324210.84814746,97127.196335046,,,,,0,0,,0
3085.48483744816,20.629465938831,467.021576531401,66.8451082094611,708.510180274249,17.0700959027791,242.887407858967,270.299427071793,2592.95114788514,728.879434472229,1185.08345289447,8974082.03301645,93480.0211774247,,,,,0,0,,0
2981.57753870404,19.6709719320985,447.030086618104,63.5652494057471,678.453743472958,16.3525080917503,234.225936202007,262.813733465613,2496.56169819183,704.543547488674,1133.54413307533,8635047.59071016,89948.4124029036,,,,,0,0,,0
2877.84522256637,18.7729482821372,427.396790259738,60.3445511686909,648.925775774447,15.6474025085999,225.524099515472,255.169746643323,2400.285618876,680.157133359624,1082.99122574118,8297276.35357128,86429.9620165247,,,,,0,0,,0
2777.49768381187,17.9399870209188,408.603194706245,57.2553708600613,620.656015732635,14.9723439231484,217.050401477128,247.657068387406,2306.88584972142,656.484042448024,1034.63766840438,7970272.48232007,83023.6716909851,,,,,0,0,,0
2682.62316178818,17.1734579570063,390.9537817023,54.3427784797049,594.106863727265,14.3384775923058,208.981220942133,240.474369203744,2218.1447544438,634.025184025248,989.246662019919,7660152.17943698,79793.2518688449,,,,,0,0,,0
2596.22185219646,16.4835864366369,374.883436284192,51.6680571595252,569.940001943586,13.7617825925405,201.559917942392,233.908354563555,2136.5495149853,613.497579309774,947.910354427691,7375488.29087073,76828.0030300432,,,,,0,0,,0
2521.98554556175,15.8869119528996,360.925129840903,49.3036901099407,548.967480534786,13.2619007775291,195.078933868965,228.314842252583,2065.08166336225,595.780515033617,911.966851020464,7126598.17181149,74235.3976231714,,,,,0,0,,0
2456.77032020228,15.3583522458415,348.614546636562,47.1837183984635,530.48553281103,12.8218832520625,189.296935005262,223.433277012185,2001.07405169795,580.136346123675,880.232863640246,6904289.2015319,71919.6791823623,,,,,0,0,,0
2398.39976816833,14.8806587981007,337.614294959976,45.2601815930276,513.982871623568,12.4294161419218,184.046920840205,219.084028799895,1942.69124734204,566.055471449026,851.848593318304,6702191.0202136,69814.4897940186,,,,,0,0,,0
2346.08419786727,14.4463491363656,327.778359852663,43.5113557859048,499.239092759282,12.0792084984516,179.268434495915,215.209765804935,1889.247165714,553.355320398139,826.439130440735,6517875.92180599,67894.5408522692,,,,,0,0,,0
2299.42576547943,14.0510447262571,319.014447307053,41.9227437306252,486.115443613143,11.767942035263,174.930653883664,211.78705737525,1840.37585613536,541.945132198393,803.765956446201,6350016.31746045,66146.0033066391,,,,,0,0,,0
2258.62009953301,13.6944296850139,311.31474024552,40.490918860187,474.601813113191,11.4954121324067,171.047536007632,208.845996885178,1796.18136587336,531.873141835871,783.803935812608,6198914.65046246,64572.0276091014,,,,,0,0,,0
2223.66676474473,13.3752379461864,304.647612588485,39.2091386488445,464.651820232892,11.260538075461,167.617534650558,206.398096798087,1756.59815307663,523.140194696061,766.46813927831,6064303.67435033,63169.8299412641,,,,,0,0,,0
2267.64825182175,13.5285967812783,309.120910777097,39.3677138577328,471.687573049478,11.4372232212684,170.137111732122,211.273996835089,1778.67427676932,532.911796716717,777.170545611277,6143736.69689811,63997.2572591225,,,,,0,0,,0
2523.4990381335,14.9297454453265,343.376803539303,43.2983273576454,524.17526284345,12.7163014442786,188.520770352813,236.038891779371,1963.56779022573,592.279891706405,862.709998653348,6789603.4035923,70725.0354542151,,,,,0,0,,0
2903.7273518854,17.0336103371957,396.70930333636,49.6003158830088,605.793361025431,14.7024411017899,216.169582302168,272.790088961275,2237.78570139839,680.427181744782,996.097496642626,7753695.92227066,80767.6658571329,,,,,0,0,,0
3323.69497339727,19.3272623928993,459.406870713311,57.0673624138832,701.701876753974,17.0350595330191,246.830950557438,313.776901723568,2531.45706174584,777.24590784777,1152.93252410338,8801014.35872629,91677.2329030653,,,,,0,0,,0
3786.13342752123,21.8163416637602,534.297189267699,66.0938218227375,816.191384884934,19.8171384748768,280.836686374841,359.40754709088,2842.47346669688,883.099379446721,1340.34374875324,9932554.01180302,103464.104289803,,,,,0,0,,0
4333.99552109949,24.7326578898412,631.282055306911,77.9601272485438,964.35221556986,23.4133310225087,321.599184067901,413.979856066027,3196.92815471456,1007.60112517587,1583.2164938388,11252401.1753275,117212.512243208,,,,,0,0,,0
4924.10812923778,27.8076026835201,749.356337059923,92.5943423583538,1144.61812852469,27.7835106377988,366.296017267592,473.649300229712,3554.80092510702,1140.17367044275,1879.0782713198,12637470.8650392,131640.321510346,,,,,0,0,,0
2925.46958367034,16.3320679514643,470.40777708179,58.2412433411821,718.43065751266,17.4321294205943,218.752306379256,283.576786021676,2057.90926875293,674.082266443766,1179.54300103834,7412109.45076803,77209.4734456408,,,,,0,0,,0
6221.66892242106,34.2980475268594,1066.88534111222,132.419752470453,1629.17881162622,39.5132448679297,469.055078546183,608.013531600381,4244.95953108385,1425.38473918278,2675.26248843175,15541825.5296231,161894.015933868,,,,,0,0,,0
7095.58714206721,38.6166817263176,1315.1227977077,163.769671624959,2007.97074033482,48.672314803924,538.521521633879,698.728281941991,4670.77512941044,1614.87375648089,3298.1042038229,17467294.8691762,181950.988219924,,,,,0,0,,0
8007.67491946811,43.5880177436383,1620.67082252114,202.647785713481,2474.00921553502,59.916689876657,599.780904533114,789.894042132568,5063.02222494635,1809.46718872651,4065.46113170988,19437360.6281373,202472.506543465,,,,,0,0,,0
8885.65216423277,55.3080126523547,1968.61994328656,247.373550688561,3004.02732239269,72.6653309246844,625.941070967374,860.419344370079,5391.30928881405,1994.42166651602,4941.14851070192,21322614.7553625,222110.570368764,,,,,0,0,,0
9432.9037825149,103.332211729691,2265.09309013459,286.264923425879,3454.27187894438,83.4428224154378,579.93856239157,862.255455640167,5526.54036776385,2106.97713291769,5692.33983499824,22502119.950586,234397.082817751,,,,,0,0,,0
9449.14158759527,251.811338513355,2397.3256749553,304.939266611055,3653.03426470149,88.1255637050203,464.010738948862,775.963960703343,5423.80990893104,2106.27729302141,6038.24563079994,22575015.6251982,235156.412762909,,,,,0,0,,0
9301.86225227882,579.618362482535,2409.65033075779,308.743874234946,3668.74259771893,88.3908470585944,333.679904314295,654.394552360457,5327.80209444548,2074.64395485581,6087.84433751953,22420061.7686113,233542.310090126,,,,,0,0,,0
9089.7076725206,1139.80705798884,2348.07132922969,303.741219613396,3571.74285893922,85.9414168609271,218.483528738365,525.744592166041,5283.99623613846,2032.1572142123,5950.56355993412,22302725.5037838,232320.057330236,,,,,0,0,,0
8860.53469881813,1937.87724784692,2254.3655350377,295.423124048094,3425.59355927152,82.3129508545471,131.393966117342,407.12887013204,5295.70232054191,1987.56940762148,5726.399866551,22336656.7140203,232673.507438135,,,,,0,0,,0
8648.44278116158,2942.10585897426,2155.8806924237,287.225976575696,3271.86606776754,78.5125516983875,73.1108973062476,306.730337346255,5358.70827279074,1947.21779621471,5482.9608104805,22568528.4371736,235088.837887652,,,,,0,0,,0
8422.38764899208,4079.26747236609,2053.85086820072,279.032042727949,3112.54168333218,74.5952607541969,37.7435589137219,225.113810274251,5432.88148443786,1903.37408396819,5224.35480588503,22859856.6650326,238123.506926556,,,,,0,0,,0
8184.58867805219,5269.97822322203,1951.82613763674,270.942081677057,2953.23604463669,70.700067582069,18.3261872098716,161.774329880595,5501.13710118611,1856.11929691095,4961.73657170875,23146962.4466891,241114.19215345,,,,,0,0,,0
7951.24962752207,6455.03704782529,1854.78449862475,263.324122784531,2801.71615609907,67.0119889844025,8.55586337371878,114.592114793445,5560.98308857444,1808.96774536812,4709.93007322376,23419576.1498321,243953.918227861,,,,,0,0,,0
7736.41798544176,7601.18779828121,1766.65718832582,256.5475689968,2664.06608493661,63.6720194017059,3.92819973958258,80.4743406199565,5614.66264633434,1765.13406713743,4480.46667758803,23685923.2384997,246728.367066807,,,,,0,0,,0
7543.33946919343,8689.75204672597,1688.46328327377,250.68713998176,2541.86946096715,60.7128593651704,1.80135587877678,56.2348214957663,5661.3254604233,1725.47294810057,4276.71936037366,23941080.5252097,249386.255471388,,,,,0,0,,0
7376.25486572029,9719.12302457081,1621.10884248197,245.877080426229,2436.47134556215,58.1624860987016,0.832406065151676,39.2171660145287,5703.65361305925,1691.1106469054,4101.23920188205,24195105.1425073,252032.34523491,,,,,0,0,,0
7178.73538643254,10605.800993046,1550.91443085029,240.012240323629,2327.30287187721,55.5272594453943,0.386588978808132,27.1582876607523,5697.58045387949,1649.24694456611,3919.45866278626,24255818.6740115,252664.777853367,,,,,0,0,,0
6903.68295400209,11245.7954699335,1465.09898482291,230.924638157517,2195.2729590925,52.3509174416406,0.180193794452406,18.6261532245618,5602.79723961294,1589.10951670213,3699.10495550882,23938885.7068123,249363.392779748,,,,,0,0,,0
6635.71136296999,11752.7207009199,1380.96982325291,221.207317510069,2066.37724753269,49.253351551324,0.0856035971790385,12.8412047146116,5487.21604810615,1530.22215913455,3483.82204786769,23526508.9436174,245067.801496461,,,,,0,0,,0
6398.41051969039,12185.0669054134,1304.84852114726,211.982236935909,1949.99670024811,46.4575419858317,0.041603798605304,8.93810075128745,5374.46463186744,1478.1469078136,3289.38941051167,23122593.7588384,240860.35165369,,,,,0,0,,0
6147.88768987734,12475.6226130972,1228.45848538653,202.033680920299,1833.67638272866,43.66623735596,0.020546141446448,6.24395186720406,5231.48245818105,1422.82412840228,3094.79745650012,22586044.5092219,235271.29697149,,,,,0,0,,0
5842.82244166785,12536.2067460766,1142.99062282986,189.936441763001,1704.24642385874,40.5659693675454,0.0102572644466968,4.3562739300931,5024.91157818044,1354.66643865466,2877.76712023607,21767560.7539254,226745.424520469,,,,,0,0,,0
5540.96175785296,12486.4088423749,1059.78139865851,177.595607039027,1578.59660657553,37.5590508327206,0.0052323431242126,3.06848265862443,4806.25972420926,1287.00486561701,2666.77262445519,20886325.774677,217565.893485428,,,,,0,0,,0
5261.81850180601,12385.3939811629,983.289390540357,165.867118113971,1463.30170029973,34.8016287574255,0.0027354955414169,2.18992606537491,4595.49745366022,1224.37218449388,2472.95297525946,20031012.2663858,208656.377775231,,,,,0,0,,0
5047.69430359767,12356.6596811125,922.239573850712,156.366298216305,1371.25691979085,32.5997438658013,0.00147483746319,1.59499363056796,4432.60882262331,1176.65355334345,2318.17843853947,19380668.773682,201881.966392888,,,,,0,0,,0
4940.77341184838,12539.4346570852,885.025159590582,150.685891124511,1314.82442116441,31.2462090364342,0.0008236558372935,1.19283026084614,4357.59560196956,1153.79426537909,2223.46657813912,19118413.7534505,199150.143264385,,,,,0,0,,0
4876.65764644619,12803.3530742018,859.944526483961,146.966902283392,1276.51283899718,30.3242775597302,0.0004683335066843,0.902049677289077,4315.76023771091,1140.87279011224,2159.34378241243,19010827.820583,198029.456464766,,,,,0,0,,0
4826.87040312268,13089.0908453468,841.629168419147,144.358871785673,1248.29839477123,29.642775752936,0.0003814774453748,0.684180378043651,4282.84280492091,1131.27154701961,2112.2921421616,18953510.1073227,197432.396951637,,,,,0,0,,0
4809.8141100631,13450.2264940413,830.9790721616,142.959664066233,1231.51748708087,29.2334404215399,0.0069090798648216,0.526509703565229,4275.63051752204,1129.29896857122,2084.59012093293,19015704.4382027,198080.25456389,,,,,0,0,,0
4851.44741931902,13970.3125006903,832.794255823524,143.64409040477,1233.27476159819,29.2648621875355,0.0564557319317072,0.450456528866667,4317.92020316838,1141.12131261921,2088.64417561523,19306431.5102441,201108.661565409,,,,,0,0,,0
4919.16042508911,14548.5341055771,841.334819803849,145.47495922342,1245.08401476665,29.5358531051942,0.19505101246693,0.579377105367791,4381.42199277179,1159.14989116358,2110.68576060276,19695919.2516,205165.825537873,,,,,0,0,,0
4997.52534172548,15100.0439046742,853.454146482919,147.936774677271,1262.32763641597,29.9369798456732,0.466413688903944,1.19869701870883,4453.26507341792,1179.8030703062,2143.33824776154,20111937.9412825,209499.353554264,,,,,0,0,,0
5079.34008587612,15541.0616155261,867.783935756411,150.806576931115,1283.0252887991,30.4209927155674,1.00319274723515,2.77354145456963,4528.04810937318,1201.41761105175,2183.35288072571,20509157.6807377,213637.05917474,,,,,0,0,,0
5158.8790017983,15786.51734152,883.151306779366,153.884161577888,1305.486488144,30.9472592381369,2.0552168757773,5.93662104271837,4601.52697160387,1222.64451427382,2227.80380052823,20845740.9081916,217143.134460724,,,,,0,0,,0
5241.43461025449,15797.4287200706,900.242693958577,157.282552526294,1330.76226953953,31.5401958948201,3.97411419910765,11.4441013500872,4678.81984882766,1244.7003402739,2278.39953859714,21126735.8353322,220070.164950576,,,,,0,0,,0
5327.65815806181,15543.7006824563,919.025488399363,160.98316138501,1358.82508627273,32.1991206767667,7.24950668834073,20.0876235012205,4760.30183850799,1267.66022053207,2334.97136863166,21343935.397862,222332.6603948,,,,,0,0,,0
5508.71946285003,15265.1680444238,956.303318677353,167.950564764169,1414.52850159919,33.5136596668915,12.8033690947143,33.2584663585979,4926.7641347224,1313.15049816979,2440.24909913176,21855217.8337603,227658.519102083,,,,,0,0,,0
5886.33015734544,15155.3765150446,1034.04410419512,182.171262203829,1530.39301640379,36.2559312644759,22.5709711278302,53.8627164233106,5268.2507647943,1405.43849345774,2650.88477719895,23044983.1257513,240051.907559037,,,,,0,0,,0
6320.43304077579,14729.3602800053,1133.16594798999,200.45986014725,1678.19257580215,39.760339250337,38.7506950046431,83.8737316522828,5657.67500643487,1510.9765995311,2918.41105151979,24335217.492382,253491.84887944,,,,,0,0,,0
6747.62363036499,13820.8386329595,1245.56180681419,221.498638865843,1845.83290332571,43.7439563229273,63.4661336548313,124.352202633963,6035.59390909029,1614.18158044729,3221.13833358631,25475777.700645,265372.684382202,,,,,0,0,,0
7150.37290876022,12470.9220526199,1368.85857015557,244.940552969025,2029.64667176225,48.1218698360983,98.0563655426248,175.174619436375,6383.92368436927,1710.31700342075,3551.54368827418,26418535.726963,275193.080488196,,,,,0,0,,0
7520.70858651115,10804.227080606,1496.18236220744,269.508161291479,2219.32554684586,52.6486554643297,142.391780510428,234.663583528369,6694.72998009526,1796.98134101549,3890.67295810085,27160685.9447733,282923.811925236,,,,,0,0,,0
7867.46342916223,8996.48555676438,1621.50453225904,294.042485839867,2405.85461963184,57.107286872849,195.404376180902,300.25394012055,6977.43210702935,1875.95010489967,4222.2702309866,27769520.4866435,289265.838403063,,,,,0,0,,0
8192.76590234535,7200.9222964131,1741.88400242182,318.091347920146,2584.77097223185,61.3884840029297,255.460165910406,368.473050687427,7237.68294636373,1947.58987031036,4538.32840850021,28301335.9403359,294805.582710759,,,,,0,0,,0
8514.52900422283,5550.31421205476,1859.46296783376,342.198461095308,2759.1402752697,65.5625479523986,321.447014662732,436.477878019676,7496.22708053383,2016.16394058137,4844.23287142408,28863987.1399496,300666.532708355,,,,,0,0,,0
8845.73309469168,4121.58532872061,1979.08238399085,367.489709404706,2936.00530648569,69.7952723315874,392.625653981329,501.863862940428,7768.95282946068,2084.76522298565,5152.29953397219,29540060.0653065,307708.95901417,,,,,0,0,,0
9156.62721620461,2937.19976807577,2094.30554464315,392.926657488945,3105.71876097267,73.8562292985826,466.159707622467,560.327795703119,8032.42477300434,2146.38205796365,5445.55411152077,30249536.1406492,315099.334797283,,,,,0,0,,0
9438.35285462259,2009.54640871456,2198.10561083982,417.08499276217,3257.90205002031,77.4976824327157,539.370836898418,609.152636511337,8278.67606971865,2198.95902600607,5705.974872679,30955288.328797,322450.920092222,,,,,0,0,,0
9560.54033964441,1310.57682665332,2254.49615682349,432.852455577413,3339.36969383195,79.4533085492579,601.298808523311,638.362082959526,8389.73509153778,2212.4052066378,5840.97211842542,31206059.4303108,325063.119066329,,,,,0,0,,0
9438.34356305412,820.18443395565,2228.57690828169,432.669378953438,3298.87857890821,78.5036148138338,641.053616433049,641.657097927026,8285.05866431196,2168.18881137091,5762.15695318707,30669870.2837155,319477.815454207,,,,,0,0,,0
9259.29951501419,511.502915340074,2161.96129203292,423.861975583217,3198.43688788603,76.1246995825192,667.905483982636,633.168425650352,8123.77804486748,2110.63543054623,5579.00950348754,29921620.6350025,311683.548281843,,,,,0,0,,0
9073.81547334953,325.383915195934,2076.82777410867,410.62895473594,3070.96357927411,73.1004935404176,685.830715951787,618.717208793915,7947.08701338884,2051.72291507327,5349.62584102483,29122009.8163245,303354.268920598,,,,,0,0,,0
8834.45587128492,214.388309562792,1970.81244851719,392.492604526277,2912.98295328552,69.3485707379507,692.111410093592,597.168311909298,7712.7263854947,1981.20297538992,5068.45398875707,28123437.6227432,292952.475235842,,,,,0,0,,0
8506.62000352254,148.515873974543,1840.62985852749,368.711171272844,2719.67254938887,64.7545842291815,684.618190628605,568.012567368225,7392.23804936086,1892.12217630951,4727.33847002933,26822661.210152,279402.720939592,,,,,0,0,,0
8169.59815974412,110.146464768307,1707.9735279004,343.602359160886,2523.07915648586,60.0819178656986,670.653164277694,537.967649040331,7057.6904081178,1802.78911263707,4381.85983470291,25483805.4380147,265456.30664647,,,,,0,0,,0
7847.55186366278,87.4293380436822,1582.32006577762,319.195698627414,2337.12810123281,55.662229990931,653.532991049916,509.418817858827,6732.54548777727,1718.66955907848,4055.88941067546,24196349.980155,252045.312292364,,,,,0,0,,0
7501.85130141698,73.086054775167,1457.99288898936,294.484473436618,2153.36284341801,51.2941050727025,631.092019471002,480.308405589068,6386.06243815244,1631.32987533103,3734.45351930449,22850843.4311985,238029.619075417,,,,,0,0,,0
7100.67411487087,63.1421709835277,1329.22681762535,268.405651179754,1963.22240478362,46.7736723019765,601.328225512716,448.930817120757,5994.21172044,1534.00292134674,3402.47194295081,21358880.0009755,222488.333343899,,,,,0,0,,0
6709.27713088641,56.1032742463088,1208.9865589025,243.695591792311,1785.80867395514,42.5559887364025,570.355147680478,419.537415738583,5614.69745303785,1440.81842878137,3092.90144384547,19925325.6437077,207555.475454533,,,,,0,0,,0
6349.81062695641,50.9147917737143,1101.89670005911,221.422981520173,1627.90023504759,38.8024773631776,540.632164909771,393.381422967322,5266.81886828687,1356.26133400173,2817.39638948831,18619206.1454848,193950.06401582,,,,,0,0,,0
6040.94687067908,47.029560980551,1011.20490347617,202.349658329123,1494.25299236162,35.6264166314134,514.191640017715,371.410705569641,4965.80680075585,1283.97116591885,2584.13821038673,17494274.7351698,182232.028491683,,,,,0,0,,0
5797.89016643775,44.1715850384423,938.86889006937,186.935423113441,1387.7326891276,33.0961534984209,492.638481396516,354.33839407067,4723.09888857794,1226.80614225195,2398.03726303708,16589930.2605053,172811.773546301,,,,,0,0,,0
5594.59027161755,41.9209283870562,879.547055955665,174.144428103095,1300.43201778442,31.0232427129087,473.946502257157,340.39309639895,4516.23213686266,1178.93565675652,2245.3755212489,15825256.9771003,164846.426845094,,,,,0,0,,0
5419.31003208621,40.0688711614112,830.158700017091,163.372111986249,1227.79318717022,29.2991159478411,457.230747472837,328.743367722843,4334.97746960698,1137.68198566106,2118.23327389264,15161855.0289238,157935.98988491,,,,,0,0,,0
5260.03158617853,38.4566953332685,787.695845589355,154.020351685683,1165.36949101781,27.8178366719224,441.548227407253,318.574139718959,4169.22406868151,1100.37943037836,2008.89186308108,14561827.8365898,151685.706630592,,,,,0,0,,0
5105.16031092956,36.9585751948821,749.392630891478,145.538925829734,1109.07304268908,26.4819907608535,425.982410681584,309.114360126558,4009.5617522277,1064.50883519657,1910.2642241359,13989947.0897549,145728.615518546,,,,,0,0,,0
4965.93846517601,35.6302312726242,716.131722562666,138.090976867588,1060.21428568653,25.3230069146419,411.522105493517,300.982252507954,3864.63958211279,1032.33862693616,1824.57562034546,13474641.6114711,140360.850119746,,,,,0,0,,0
4846.52953003416,34.4829662673567,687.978578979862,131.67891474389,1018.89479787963,24.3434450227636,398.540930900271,294.376338233335,3737.24144280985,1004.6464059668,1751.97099156475,13024596.6020451,135672.88127081,,,,,0,0,,0
4709.17744198177,33.2372198623852,659.015273062972,125.161541260837,976.355011606861,23.3341450627386,383.969351679317,286.952003245675,3598.11051142488,973.554386463131,1677.36379783244,12536587.7441502,130589.455668469,,,,,0,0,,0
4508.87654551189,31.5748337728863,622.255838801889,117.218204250866,922.246648672241,22.0478572348279,364.255322465822,275.881476345434,3413.83910657943,929.798853908428,1582.97213095049,11891978.8586425,123874.779777751,,,,,0,0,,0
4297.60527024528,29.8630947523624,584.559262756497,109.161369903764,866.731393168916,20.7274881186847,343.76232070313,264.235747122009,3224.95634838163,884.151417019365,1486.25698224027,11230500.0090415,116984.375093756,,,,,0,0,,0
4100.6757382541,28.2753121948283,549.444852820998,101.656307935816,815.024847018159,19.497771014794,324.587261655907,253.504108454353,3050.44000148089,841.787292954429,1396.1687864814,10618432.2841662,110608.669626932,,,,,0,0,,0
3962.14955854294,27.1087063511113,523.052910690715,95.8338831647095,776.235381996865,18.5766391632515,310.198618125823,246.397822245988,2922.22059084575,811.669521638866,1328.30295154619,10167991.6065153,105916.579234727,,,,,0,0,,0
3935.02811565734,26.712440280857,512.652624581718,92.9936132292731,761.158957389999,18.2226079082735,304.579634608322,246.2902993553,2877.39687079501,804.508457332541,1301.09030187971,10010087.5440314,104271.745249948,,,,,0,0,,0
3958.8036220511,26.6603333434535,510.408281639086,91.6653671506332,758.175668571274,18.1577270427364,302.81460989054,249.518123850187,2869.49808316457,807.782975183087,1294.60137549171,9984470.03348165,104004.89618229,,,,,0,0,,0
3996.23138139969,26.6949586983849,511.404251898226,90.942725009557,759.989767526819,18.207354603073,301.953975993561,253.79510311956,2870.5868784344,813.832230554099,1296.34728162209,9994208.93238407,104106.343045857,,,,,0,0,,0
4007.43851044317,26.549761089614,510.230914332437,89.8565070962244,758.563971160073,18.1789589299227,298.992828060953,256.587243883979,2852.04873370905,814.53622516083,1292.60890477341,9938927.58630583,103530.495690309,,,,,0,0,,0
3950.8001386562,25.9556431480033,500.972011533793,87.3729720480342,745.102270145856,17.8617642862001,290.96164619452,255.138503099185,2785.37412133199,801.497183201031,1268.40548549288,9717137.21857079,101220.179360296,,,,,0,0,,0
3869.62942072855,25.2061615963127,488.570485338807,84.3711424301311,726.954613935639,17.4319809663518,281.233886161551,252.118818403937,2702.49466133212,783.577318811795,1236.2673514621,9438089.00633896,98313.427149543,,,,,0,0,,0
3789.45169551806,24.4703161494187,476.067605273509,81.3798396402265,708.647718706186,16.998212974577,271.736901349135,249.137423479323,2621.64691517478,765.962544525988,1203.89377100141,9164791.29899313,95466.5760308311,,,,,0,0,,0
3703.93096408433,23.7074088872866,462.664472226532,78.2620574368905,688.994338687725,16.5320329397344,262.042233369744,245.754591292922,2538.49027019989,747.369280433731,1169.2645182568,8882037.08753664,92521.2196620083,,,,,0,0,,0
3596.67194273958,22.814450541518,446.321479389785,74.6793706629783,664.956424450981,15.9605539894122,251.042595869583,240.836399175028,2442.08235942827,724.500852581626,1127.23123471559,8551381.85661855,89076.8943399386,,,,,0,0,,0
3484.28586410318,21.899760965804,429.167445098029,71.0002667641349,639.702161906534,15.3597797112381,239.959611877147,235.440869707365,2344.08002030342,700.719693409868,1083.18169616852,8213577.19913005,85558.0958239601,,,,,0,0,,0
3376.94302072308,21.0277112399571,412.588900433544,67.4596468749422,615.296075439085,14.7792502829009,229.506248728655,230.23830163072,2251.3287964926,678.068034748994,1040.62050045661,7892929.05412187,82218.0109805857,,,,,0,0,,0
3321.17996044851,20.4844617526844,402.491789912044,65.0162776213137,600.546827521983,14.4305495396913,222.789445325723,228.444112102079,2194.28514467779,665.858523849403,1014.43743039474,7697089.27404871,80178.0132714866,,,,,0,0,,0
3384.0498359235,20.6700125672599,407.361327007383,65.0010980894183,608.126757538186,14.6183164503337,224.107423267987,234.844753717553,2215.4046702157,677.440640024121,1025.98302264505,7776970.51477596,81010.1095286216,,,,,0,0,,0
3504.23417890163,21.1913953311202,420.140398670157,66.2292288376341,627.519722372699,15.0899889760589,229.152869316172,245.41401700294,2272.19058242857,700.424473084003,1057.43058725707,7985609.53003249,83183.4326046564,,,,,0,0,,0
3636.99820356574,21.7695379605526,435.670004817254,67.8605106194565,651.028261384684,15.660507632548,234.918706811725,257.124283615365,2334.51467060709,725.818890601663,1095.77221759116,8218301.56410868,85607.3079596211,,,,,0,0,,0
3828.66009166992,22.6753602849676,459.810207492145,70.7908043773194,687.412715209537,16.5405307826047,244.365001562657,273.336774380052,2431.14206658615,762.828774083047,1155.73282898873,8577657.70995596,89350.6011450496,,,,,0,0,,0
4168.54539368002,24.4187091390408,504.346906837178,76.7891233032585,754.302836625304,18.1541109721197,263.047433339093,300.704885672752,2615.86110070758,829.126400525516,1266.89781433316,9257838.99508961,96435.8228656922,,,,,0,0,,0
4576.65513811726,26.5035118602044,561.457274647368,84.6042464410408,840.009471572156,20.219546817015,285.766514926246,333.854003901986,2834.1848633992,908.623894277957,1409.56751312155,10073199.4180339,104929.160604711,,,,,0,0,,0
4997.56719034659,28.5942328570772,626.099900728109,93.4484884805563,936.989352662464,22.554691752885,309.144280173104,368.957459377165,3049.12164845963,990.226654729521,1571.06714510706,10898215.979663,113523.083121077,,,,,0,0,,0
5431.73501569296,30.6856496620331,699.780961316476,103.522979254923,1047.49744977461,25.2133610817238,333.437074248638,406.148580322267,3259.21811990876,1073.98244196137,1755.16226866344,11732319.4870129,122211.661323273,,,,,0,0,,0
5895.68740796195,32.8615918166638,786.085114438328,115.316203772488,1176.91057936357,28.3247399012639,359.969241355185,446.759806444797,3472.32557536559,1163.11108871653,1970.81335183802,12608687.29132,131340.492618156,,,,,0,0,,0
6366.93645421007,34.9869999756263,883.275901731809,128.51398993327,1322.6526671538,31.8269577560437,387.780312808596,489.138675263115,3673.08126637407,1253.13715407142,2213.61991234643,13476084.9540264,140375.884937264,,,,,0,0,,0
3698.43716330663,20.0216512294278,535.810125990934,77.3167366887125,802.488436139881,19.306908011465,225.502506272123,288.064020578332,2085.68934086867,726.172334754494,1342.30617100844,7743395.89148802,80660.3738698136,,,,,0,0,,0
7522.07682550761,40.0911921061953,1143.25661183748,163.605886952594,1712.60046839108,41.1961889970669,460.919010286954,593.784606784007,4137.84903257344,1473.34824150521,2863.01261559264,15574871.0527205,162238.2401328,,,,,0,0,,0
8704.75050098502,45.6954126473342,1411.42133935736,200.485396723614,2114.61914321008,50.8509848170472,535.630241336095,695.715709691786,4656.38745810305,1700.90552539417,3533.58581191942,17851880.8689817,185957.09238455,,,,,0,0,,0
10004.4280225563,52.7580095792909,1768.66975401137,249.740167980249,2649.82683379103,63.6765602503706,605.40973497242,803.871661785745,5190.93968832199,1951.11346614028,4427.75738622703,20401198.3870924,212512.483199266,,,,,0,0,,0
11254.9889359338,72.2235718570073,2203.33515847607,309.793481917024,3300.03170961181,79.2093812918015,634.124590723935,887.563271551434,5672.98823199656,2194.55225264946,5518.25791766134,22981493.1081343,239390.553210168,,,,,0,0,,0
11888.7690352801,154.707330123774,2566.17728590699,359.936605623786,3841.13860682416,92.0699877971154,570.96146396012,878.471064876409,5878.21235016379,2325.34695690264,6435.80302450089,24540496.3313059,255630.17011684,,,,,0,0,,0
11577.5095311469,390.160016567732,2667.76126493499,374.185166556315,3990.18322481329,95.5121726183108,427.629751520365,758.139306632308,5716.79701529839,2280.12677734862,6707.55387473778,24358709.3015182,253736.555224609,,,,,0,0,,0
11055.9246564577,854.727058177452,2598.83775815188,365.680060938545,3884.07956117311,92.8523719143407,284.941155155661,611.141680755239,5558.87891397914,2198.23458745224,6554.7258566334,23828895.5316805,248217.66178879,,,,,0,0,,0
10497.0460550641,1561.58193540217,2446.89439958564,347.116283898012,3653.70983309331,87.2296347526638,172.714278216372,471.19095708278,5458.87065543716,2109.3855725236,6188.87176074303,23336440.2144938,243087.918900092,,,,,0,0,,0
10012.8527357526,2480.34247734491,2285.25327820774,328.736382750453,3408.47532964273,81.2631528313779,96.9107309595299,353.918449327005,5442.40182959471,2033.26413253774,5790.95764079165,23131894.0250517,240957.22942806,,,,,0,0,,0
9672.92523863873,3585.5732197434,2155.1100787862,316.099482725013,3209.78564719977,76.4224383771008,50.9598857164855,262.198920155905,5528.81445120441,1983.12203766172,5465.56983552432,23370085.2677896,243438.388206585,,,,,0,0,,0
9351.6760570054,4790.70202215184,2036.4786234779,305.890900531434,3027.95973561597,72.0036589672851,25.0247908907989,189.974985068676,5635.46425617402,1933.1050311213,5164.03344154762,23724151.2630087,247126.575655441,,,,,0,0,,0
9028.04261789417,6009.48597353917,1923.78016943948,296.646997056114,2855.04463609243,67.8189027615213,11.6685909048212,135.007777178515,5733.79565829225,1878.69640565984,4874.59017511811,24070714.9185854,250736.61373572,,,,,0,0,,0
8707.96390370334,7177.66213327831,1816.17486234519,287.672219611363,2690.12889818004,63.8436495870899,5.29361674608535,94.667817953422,5814.20505640619,1821.37744370353,4597.1125270568,24362194.548259,253772.859878159,,,,,0,0,,0
8399.56407016097,8256.74466122534,1714.23051643179,278.701751642416,2534.2488162439,60.0977776824723,2.38646728288726,65.8745961442625,5873.53954324267,1763.39983024031,4334.22455243792,24580690.9859597,256048.864436149,,,,,0,0,,0
8123.16989345092,9247.7392355473,1622.07619533397,270.282218030187,2393.54929578953,56.7226137247102,1.08518443735724,45.7687501063075,5922.5254236281,1709.69749036745,4096.82296019808,24770012.3444925,258020.961922266,,,,,0,0,,0
7888.21871074091,10166.0638192839,1542.07507523382,262.872883836315,2271.44275342009,53.7955503086456,0.501210998914396,31.8663933553926,5969.01689610008,1662.8899003631,3890.91450016964,24964332.0554639,260045.125578222,,,,,0,0,,0
7682.10516049545,11009.1005634299,1471.87649712015,256.206247473255,2164.35748040145,51.2295305413327,0.235247248406837,22.2361360907071,6006.03434779567,1620.82475464824,3710.45959112069,25135522.8629247,261828.363154514,,,,,0,0,,0
7491.12797841873,11768.0185914624,1408.39710426603,249.850920072591,2067.67198293105,48.9136296565122,0.112081196736565,15.5452174933707,6024.95823860232,1580.98513420677,3547.55820134934,25246940.9830861,262988.968574292,,,,,0,0,,0
7334.86411157171,12486.3639518646,1354.96703426593,244.501324845034,1986.1952395868,46.9605892119434,0.054323453457679,10.9251352049585,6044.07560639527,1547.78336868673,3410.4704419239,25374912.9399761,264322.009791899,,,,,0,0,,0
7215.30257587239,13188.1459483251,1311.85380977392,240.347897672679,1920.22200306022,45.3764514944617,0.0267526109801245,7.72120614920465,6068.78580421838,1521.84633365174,3299.74035414965,25543178.3080583,266074.774041306,,,,,0,0,,0
7100.43259478076,13829.9342240636,1272.72040365226,236.334841305469,1860.40244688833,43.9396425820617,0.0133124814297183,5.46446885597582,6075.07643201385,1496.58010175235,3199.32549163202,25650150.50315,267189.067741631,,,,,0,0,,0
6959.52974717303,14352.0947309581,1230.90560708579,231.243518178915,1796.97860072462,42.41960928063,0.0066668368955505,3.8603751001182,6037.92512787995,1465.6530113591,3092.41383231941,25585771.6378364,266518.45456128,,,,,0,0,,0
6824.04393950532,14817.1580106104,1191.19950682059,225.981703529134,1736.9354026061,40.9813453899958,0.0033766580022573,2.73716052794835,5986.05910044643,1435.81480484748,2990.98932549575,25467242.3669565,265283.774654831,,,,,0,0,,0
6702.6519065712,15252.1118723718,1155.07770451742,220.896165283634,1682.38502744754,39.6745073974158,0.0017310856400892,1.95062666448835,5929.74910744774,1408.9738001975,2898.70606335448,25336987.382089,263926.95189724,,,,,0,0,,0
6606.50270877094,15693.7265445421,1124.73643993459,216.494548247351,1636.4759275261,38.5730189099515,0.0008988909948519,1.39903541186388,5881.58807930588,1387.52164412522,2821.03267685654,25249144.4064152,263011.920900637,,,,,0,0,,0
6546.18417162517,16181.776003367,1102.39788390031,213.299468442625,1602.38289044253,37.751243891686,0.0004727380956284,1.01059960956677,5853.5336021174,1373.6998019593,2763.50240827582,25256934.8788139,263093.071653354,,,,,0,0,,0
6500.53169707694,16676.9031006241,1084.63654780242,210.722185361551,1575.07520551951,37.0902067209394,0.0002505830074317,0.732276890114222,5828.66820588593,1363.07096310347,2717.49031567877,25288771.9207801,263424.707508605,,,,,0,0,,0
6461.22622488273,17166.427963573,1070.31609894948,208.590272613585,1552.86937569888,36.5499717685659,0.0003707773214539,0.53077864784372,5801.02436418965,1353.89287417051,2680.12682536594,25319833.3636782,263748.264205461,,,,,0,0,,0
6405.9160406796,17584.7554942087,1052.71695428727,205.494771807217,1526.05412702515,35.9024472715766,0.0131039101732476,0.391740114981137,5751.78493089273,1341.50064619699,2634.6904076649,25257136.4508962,263095.171362545,,,,,0,0,,0
6313.60872114847,17856.232500206,1028.6158647837,200.832416951999,1490.03087558906,35.0402888113459,0.0956798512429758,0.370259885071455,5663.71534862776,1321.52012677065,2573.81952402368,25017952.1935342,260603.668683122,,,,,0,0,,0
6215.89569418483,18024.7831428773,1002.79263699349,195.579521117343,1451.81113272641,34.1292438649096,0.283843568899497,0.676544894841161,5567.18916954376,1300.60293505248,2510.25747867953,24718936.0396652,257488.917080314,,,,,0,0,,0
6125.54095335839,18070.3648889787,977.110404990423,190.158111733218,1414.12212052768,33.2331054118743,0.570319488083723,1.65346179083222,5475.72018659878,1281.45739016718,2448.87708879414,24398972.2010176,254155.960426342,,,,,0,0,,0
6137.10938914524,18217.4969993071,968.12286462896,187.863334641989,1400.90925001372,32.9133690433973,1.05680579526424,3.78966185081698,5475.29213611903,1283.89285138928,2430.97701076305,24425558.5514168,254432.901577722,,,,,0,0,,0
6352.30812531201,18709.1366328119,994.816197911089,192.459527305326,1439.64714214665,33.8137337402551,2.05398043934965,7.98126745358494,5656.80359083858,1329.21010576338,2504.49633846697,25192958.0541016,262426.646397369,,,,,0,0,,0
6633.79356342373,19046.0859693608,1038.34575733906,200.354133627605,1503.12945439306,35.2936704475817,4.07096854561979,15.4557546265903,5897.42297920146,1388.69896284547,2622.74529137524,26132613.9808494,272214.728966191,,,,,0,0,,0
6920.21837891937,18963.837011918,1090.33427127234,209.9521316158,1579.31202648584,37.0703546250537,7.91536347483732,27.640171444382,6141.9812378826,1449.47876960151,2764.96058194947,26977030.7068489,281010.736530188,,,,,0,0,,0
7163.42756722236,18302.856849868,1142.53885512455,219.637659936595,1656.28660390082,38.8659518440295,14.6141212898537,45.6944793398571,6346.42252746353,1501.32208100345,2910.07486753253,27524574.2879144,286714.31549963,,,,,0,0,,0
7324.14350249512,17032.6987358,1184.89088660839,227.378414287481,1719.38328349932,40.339053020293,25.0197177300394,69.8268440647168,6474.21364301855,1535.77444977235,3031.53167818391,27631204.4090279,287825.045926327,,,,,0,0,,0
7457.49857725563,15417.1513518329,1222.20124307686,234.00766702284,1775.42678620992,41.6522666946417,39.855552520132,100.025395578046,6572.47551548842,1564.17677735044,3140.37254763404,27531362.269518,286785.023641335,,,,,0,0,,0
7582.95762554026,13619.6944794707,1256.58022975328,239.919744881072,1827.32667662602,42.8750215841471,59.558121070719,135.716393103384,6657.07717644598,1590.46302964487,3241.00919722467,27327904.8271656,284665.675283493,,,,,0,0,,0
7760.41679075408,11834.6694271885,1299.69477688093,247.405412230245,1891.92777452887,44.4025311406681,84.8897143408393,177.194502093926,6779.6750220072,1627.11248679098,3362.84943154623,27264488.2066066,284005.085484452,,,,,0,0,,0
8042.94543403187,10160.3204524014,1364.38342978557,259.007763278501,1987.859625125,46.6716021718633,117.301834147641,225.771211249083,6985.27522729207,1685.19234911651,3538.77105123971,27538317.1634081,286857.47045269,,,,,0,0,,0
8338.87876518033,8495.84330905104,1438.34007202893,272.49155129848,2097.15323633471,49.2595146417363,156.288135618503,278.804574441918,7193.23311983692,1745.4564208032,3736.53977167323,27844834.0314941,290050.354495258,,,,,0,0,,0
8612.96750735099,6884.75069146425,1515.32576706479,286.751393455888,2210.66409583198,51.9495235698837,200.624451263772,333.34427617015,7374.24315927737,1800.58075121449,3939.60898671904,28093338.4477242,292638.942162729,,,,,0,0,,0
8787.58242712782,5366.02956662967,1577.29636729687,298.380875885717,2302.06126848167,54.1201980818243,246.58267293651,383.525557189084,7464.97800382128,1834.51173906311,4101.06549831679,28060085.8902143,292292.56135693,,,,,0,0,,0
8817.46477851451,4018.37810763638,1608.01749077253,304.231467231466,2347.68919320835,55.212612677136,289.457579526681,423.701223341046,7432.23159222613,1838.10928594861,4179.13967679319,27628933.5394589,287801.391036554,,,,,0,0,,0
8825.42823653387,2941.38590685615,1625.55946878855,307.65832829675,2373.97156929172,55.8466718034921,330.48255483447,457.357181806671,7383.8861361174,1837.27143517072,4221.28750803715,27200475.8053733,283338.289638274,,,,,0,0,,0
8848.88189597336,2115.2252099342,1639.63423567573,310.542018644588,2395.09045524928,56.3559204360885,370.481120595764,486.229877073325,7352.43703337185,1839.94615535875,4252.83749427332,26890417.9122842,280108.519920137,,,,,0,0,,0
8775.42383417454,1479.4401279113,1630.71667286511,309.201175324757,2382.51819379003,56.0693765131688,403.977938565455,504.164578164335,7245.26586539787,1822.90063732711,4223.3834797596,26352377.0967353,274503.928091492,,,,,0,0,,0
8526.65527518924,1004.49662325617,1580.80458012247,300.097416964005,2309.984303868,54.3692756593638,425.032346127686,506.259775357898,6999.53818441665,1770.00168085875,4087.15417851743,25343535.0939566,263995.157227755,,,,,0,0,,0
8281.53125854426,680.556410813314,1522.89829916722,289.370452128993,2225.73615122519,52.391941018689,441.062058364586,503.52212454148,6762.79878400741,1718.44436025206,3930.28815079223,24388150.4447433,254043.233799871,,,,,0,0,,0
8091.60659380893,465.238467168345,1471.2745822534,279.743638437161,2150.62437825774,50.6286944098549,455.579242410539,500.397215302246,6575.2564581845,1678.87314847877,3789.84386283231,23629947.1311109,246145.282616186,,,,,0,0,,0
7993.99004025431,324.11037426664,1437.52329638705,273.491163532023,2101.56047307598,49.4777151627951,471.900085267131,500.366095543879,6464.74314322702,1658.94936947079,3695.70078765205,23171040.3152677,241365.00328316,,,,,0,0,,0
7976.44873025557,231.309503550091,1422.78603118558,270.909315901361,2080.188431207,48.9774932588982,490.497790222321,503.571020347264,6419.07432090793,1656.14618802441,3650.7759535042,22969604.6139209,239266.714728777,,,,,0,0,,0
7946.21360034134,168.850380136675,1410.94644761544,268.954510870192,2062.949322178,48.5731592460304,506.198404729629,504.748108518268,6362.21872444711,1651.2439551371,3613.86040875443,22750952.2426339,236989.085861201,,,,,0,0,,0
7881.05309492385,127.219459953636,1396.080303114,266.447418798519,2041.2230592932,48.0619019219976,517.44770744106,502.877852219613,6276.39528690672,1639.63917327966,3570.06355825573,22444121.5155375,233792.932452665,,,,,0,0,,0
7805.89998203035,100.128579205771,1380.78700177249,263.8224686199,2018.8600908264,47.5347358649091,525.823493166662,499.888221582748,6181.99265030063,1626.51995584272,3526.17604240434,22115318.9934595,230367.906182289,,,,,0,0,,0
7794.82314227617,83.3397094271515,1378.53815304409,263.646516400774,2015.57845833913,47.4560477064542,536.667501105394,500.826567568405,6137.83118190036,1627.37381281885,3516.53243859609,21974110.8677593,228896.988206243,,,,,0,0,,0
7869.56824909611,73.3532078691831,1395.55780570909,267.167458712319,2040.46271463842,48.0393814304225,552.153715457707,507.367169703965,6160.45252331683,1646.91408971869,3556.8201519784,22084569.2670063,230047.596530479,,,,,0,0,,0
8028.35829115028,67.8256396064616,1434.5308742604,274.982674295361,2097.40288425828,49.3756548420803,572.79802731469,519.64525067763,6247.78212741597,1685.03707646287,3653.71224880355,22446109.7049312,233813.642760126,,,,,0,0,,0
8225.96715820329,65.0063086809142,1490.17809499347,286.163026284038,2178.6373155542,51.2813523006942,595.794379944574,534.958428641455,6364.34436766907,1732.54856272196,3793.6513372842,22937699.8855752,238934.373808509,,,,,0,0,,0
8385.18924219497,63.5090197043144,1547.70159833569,297.85897905397,2262.52658941672,53.247031616204,615.549683380831,548.432976354479,6451.10479092995,1773.35115659485,3938.86915403499,23343836.3477691,243164.961955044,,,,,0,0,,0
8522.67277379339,62.9662031873906,1605.95017447616,309.737442510827,2347.43441711968,55.2350851895915,633.073149314994,561.192452831328,6522.01567621058,1810.94880996019,4086.29862914041,23703837.2753839,246914.971619031,,,,,0,0,,0
8645.83921205648,63.065671437166,1663.39051248674,321.407860494848,2431.16745339892,57.1948136853968,648.918852801206,573.696828192794,6583.19100690554,1846.88953068606,4231.90200993777,24032401.1969476,250337.51246866,,,,,0,0,,0
8696.60354171401,63.1294021964894,1706.58256767346,330.213182691706,2494.12267093391,58.6658209149085,658.859881256839,581.949271864169,6590.55624488486,1868.61594225065,4341.38638472487,24162968.6402608,251697.590001801,,,,,0,0,,0
8624.86189362051,62.6155794919713,1720.63042498842,333.176225374102,2514.59244205471,59.1387765642334,659.156747228733,582.27432245485,6506.58176464576,1864.89983935787,4376.75091157095,23945386.0446075,249431.104631782,,,,,0,0,,0
8505.68876096061,61.9389557297894,1716.32447062417,332.304149958489,2508.3993869637,58.9869996691044,655.67137984769,579.392571549795,6388.10786453838,1851.47152411844,4365.3485033412,23578577.7352209,245610.184742331,,,,,0,0,,0
8361.42329284563,61.1791765291917,1699.34265374088,328.716266644303,2483.83743542138,58.405665147458,650.44249506164,574.647769201461,6251.43558215365,1833.03293722158,4321.60317735683,23125859.1720734,240894.366374888,,,,,0,0,,0
8181.8037495433,60.2130103427393,1669.69389384144,322.463922501725,2440.89060388157,57.3941502122764,642.904124238087,567.24938578517,6088.55042667025,1807.28212355183,4245.5488677491,22562858.2009522,235029.772927013,,,,,0,0,,0
7965.5911320894,59.0021303264275,1628.25993483437,313.751458909045,2380.8148755604,55.9818266809898,632.994378090072,557.074438948969,5898.59655823078,1773.85500395308,4139.42928747938,21889049.8342189,228010.935773528,,,,,0,0,,0
7739.23694481033,57.7257850411798,1581.73608315477,303.899742339682,2313.36086413209,54.3978011130485,622.739078115442,545.996053727051,5701.35693302224,1738.56649119928,4020.26499839152,21180754.0147961,220632.85431999,,,,,0,0,,0
7512.08518177845,56.4461209206239,1533.69957580128,293.628790634934,2243.72028187417,52.763914764256,612.798047038533,534.752952504046,5503.75339926719,1703.51142670071,3897.1516212103,20467633.7541674,213204.518272965,,,,,0,0,,0
7289.02768037015,55.195413465977,1486.51042363672,283.418476462594,2175.31384628607,51.1603633322696,603.449444673643,523.778859441116,5309.32471493055,1669.77345908548,3776.09294242124,19766138.7026681,205897.278153167,,,,,0,0,,0
7053.25447740628,53.8402762174553,1437.22360058281,272.724653473272,2103.81542222123,49.4852089058226,593.115147825802,511.918213569518,5105.83506045728,1633.36328489296,3649.61760583358,19031865.2622608,198248.596481163,,,,,0,0,,0
6787.23689634704,52.2345804895294,1381.6353998619,260.761128748703,2023.07013477482,47.5935432598786,579.999339163668,497.870086872286,4880.94052780911,1589.83280884893,3507.0691604719,18217007.943751,189760.499414418,,,,,0,0,,0
6493.74668547458,50.3834782475727,1319.35089065616,247.47253625105,1932.50533889443,45.4717229784256,563.947537835194,481.739025874262,4637.27009905044,1539.26498556267,3347.47870762889,17328563.490212,180505.869690037,,,,,0,0,,0
6209.52621286806,48.5609215052038,1257.84562099037,234.293294779939,1843.07334017302,43.3771665722222,547.891880789433,466.16724541047,4401.5204115716,1489.94293196997,3189.85670726538,16465946.956048,171520.280791543,,,,,0,0,,0
5985.61862604156,47.168761726327,1209.05552647312,223.472980981546,1772.26142647079,41.7211099922798,536.404181114818,455.036449153869,4209.51878791069,1454.20027371322,3064.50113912836,15767316.7645023,164242.882963864,,,,,0,0,,0
5799.96501177776,46.043547682022,1170.15779477639,214.489081902798,1715.93294711081,40.4059807075421,527.754796799315,446.820643108739,4044.84724606989,1427.10804822113,2964.25483332106,15175855.1075117,158081.824036867,,,,,0,0,,0
5640.15004691846,45.0927370165334,1139.20889759354,206.975432455296,1671.23969756855,39.3646243129843,520.956847754761,440.664268439854,3898.29929268477,1405.87577923791,2884.18180411102,14658830.2417749,152696.148351267,,,,,0,0,,0
5476.09076659552,44.0771039121124,1109.67303339146,199.731768656978,1628.59718240548,38.3712920173083,513.259353131493,434.248200244479,3748.97463520374,1383.06300631218,2807.71895982103,14136641.6507237,147256.683861973,,,,,0,0,,0
5280.37903435814,42.7701658881851,1074.45366799783,191.485487033656,1577.5921070083,37.1806518559006,501.941097797151,425.290231807178,3578.78919915652,1351.43191897822,2716.90974074567,13536817.1179048,141008.511645098,,,,,0,0,,0
5090.16483707328,41.4674960393102,1039.94509111849,183.397703497368,1527.61120418435,36.0138912003159,490.388366952446,416.637197988157,3413.74456972439,1320.12667356518,2627.93731338186,12954199.2915668,134939.57595333,,,,,0,0,,0
4918.2993642523,40.2759843186398,1008.81874884365,175.946593575522,1482.58008349098,34.9635517929247,479.887617773936,409.326437622582,3262.49269983463,1292.50086525213,2547.55529108687,12421701.5822588,129392.724815431,,,,,0,0,,0
4767.06247026117,39.2184460755335,981.982315699634,169.289780744423,1443.83560567132,34.0611587270238,470.76631136997,403.582958990469,3126.25676889941,1269.30464231997,2478.05378908159,11945296.4011019,124430.170845038,,,,,0,0,,0
4650.09521682567,38.4123042737805,962.922930853607,164.017813592106,1416.51014403285,33.4277986999968,464.514242400184,400.642523227103,3013.40941763928,1254.42046997631,2428.22348332297,11559120.9893881,120407.510305688,,,,,0,0,,0
4575.80524381316,37.9337344408351,954.352568922339,160.562152039443,1404.60358957017,33.1579257349576,462.175209648256,401.394139315964,2928.3553264707,1250.53967773013,2404.87806540355,11283363.6395883,117535.037912592,,,,,0,0,,0
4542.87493642401,37.7783212520235,957.051733118839,159.008745684494,1409.2796251441,33.2790998120811,463.839130437015,405.937187400405,2868.91333851266,1257.80452855709,2409.94757543322,11113409.0920275,115764.678042164,,,,,0,0,,0
4648.15719668537,38.7633183694309,994.46459578055,163.166772826512,1465.08261651493,34.6071254697937,479.838698848766,423.408832243817,2893.44842867695,1304.07086553511,2502.39974430114,11285311.2538272,117555.325560272,,,,,0,0,,0
4997.91142512593,41.8014025714119,1098.85210858516,178.124916405766,1619.58155299044,38.2654934953533,522.23849561916,464.782568130686,3060.83972804579,1421.80823080185,2763.26344194084,12058656.7189259,125611.00748904,,,,,0,0,,0
5439.70476798948,45.6436716875994,1251.55106176205,200.608181051566,1845.3057746924,43.6041085873203,576.387763997924,517.515808932476,3268.09865947421,1570.80563505427,3145.44873880958,13073055.2523672,136177.658879073,,,,,0,0,,0
5907.21277021374,49.7395410304752,1449.83263640568,230.004481013694,2138.2548779291,50.5266315524488,635.763995470639,576.181186156414,3468.79613838979,1733.36947556123,3642.02349754063,14179822.6321671,147706.485751203,,,,,0,0,,0
6471.40865528161,54.688611599153,1722.80027002016,270.67827089225,2541.42593453761,60.0475971861562,708.251397978648,648.450899231888,3697.18154243006,1931.55322757276,4325.96893472387,15555555.3622894,162037.035024142,,,,,0,0,,0
7174.77641101747,60.8602219188062,2104.31062359615,327.550490664824,3104.88439877337,73.3479137359565,799.325216508077,739.741554614869,3964.6260815728,2180.4457996842,5282.09406326072,17318533.6504288,180401.392192295,,,,,0,0,,0
7870.39912090117,67.0066709621472,2577.66551449118,397.558403564817,3804.14506847615,89.8468367116167,893.721854123492,835.066804859301,4178.31799865444,2437.10753724469,6468.25254343462,19143029.1622212,199406.553772412,,,,,0,0,,0
6545.76668282946,55.9188199141975,2404.06284431761,367.421790694692,3548.80530910613,83.7969305011878,759.086732629132,712.891350285176,3318.72688893896,2065.70784448506,6030.82354694093,16086273.08133,167565.344597493,,,,,0,0,,0
9104.26634378337,78.0834015406826,3737.03952019125,566.71861125114,5517.80853489183,130.2563730089,1074.55955060325,1011.63774832185,4395.88291162393,2927.52461110123,9372.39279268063,22670413.1834367,236150.137327895,,,,,0,0,,0
9642.22170901429,85.0727088774066,4416.66057487473,668.01520368077,6521.3355344094,153.839459878692,1096.92994897161,1075.59358203132,4454.38309647432,3159.35395557345,11077.2813024938,24517756.6436573,255393.298370501,,,,,0,0,,0
10098.7411247897,125.889587563159,5009.69706384023,761.715383136245,7393.47969897927,174.189548969875,966.694067860538,1071.07988537596,4560.33691037666,3375.27010511775,12573.2964336057,26301485.935648,273973.811830165,,,,,0,0,,0
10472.9559029407,402.718465113453,5544.25280504943,857.04909630084,8173.06746009865,192.219895406077,696.418721909151,951.837070679938,4827.96369544618,3575.37609372355,13945.2503420303,28486994.4132975,296739.525139055,,,,,0,0,,0
10712.2151803451,1429.96068729369,5967.50379433912,947.783845001448,8782.2736252713,206.12685171021,390.854325709729,732.142084843505,5312.09631239986,3731.32018143629,15061.4716524786,31259145.0684024,325616.094461341,,,,,0,0,,0
10845.1672199132,3753.24204342966,6244.34091598445,1027.10360174244,9170.61394883567,214.793751972918,165.526193164632,488.082728604786,6006.95460819634,3835.57688737047,15799.7293868423,34670797.8511753,361154.144283733,,,,,0,0,,0
10999.3896006672,7486.84566296609,6428.96623167482,1101.15788142082,9419.01185893945,220.207192861672,52.7986023267061,288.130945599451,6894.87261907664,3922.96747437486,16275.4604479461,38839271.5512604,404575.745326365,,,,,0,0,,0
11188.1822175977,12279.8495412946,6573.40028380805,1177.1268298941,9605.13642083677,224.222752858945,13.3063269753719,153.161414398307,7897.22563887546,3999.7155470128,16630.7407329982,43561522.7827972,453765.862319154,,,,,0,0,,0
11268.9352229449,17385.4923644488,6610.57895291945,1239.27708105004,9633.44882714417,224.587224097874,2.92303017727951,74.2911705291153,8827.43415248179,4023.02645790051,16713.965337581,47903130.5605043,498990.943339494,,,,,0,0,,0
11158.3787480262,21997.1064460159,6476.36667974111,1268.12968680242,9413.55381569246,219.177584544399,0.608637916621752,33.7268769991612,9525.10774268919,3973.12013395485,16370.3452417003,50995091.4284244,531198.869047054,,,,,0,0,,0
10995.3142294388,25937.4083916648,6267.07907696985,1276.24747960186,9087.53597819204,211.311599548231,0.127054703400285,14.8783226528195,10047.3546909499,3906.80623667604,15842.2018051223,53193083.9581186,554094.624561719,,,,,0,0,,0
10803.5496360028,29152.8688984037,6033.520016652,1272.15466511131,8729.41692710877,202.719578835317,0.0270501948331698,6.4768324238538,10405.1442691446,3835.87893799221,15255.2257444251,54634564.3653992,569110.045473943,,,,,0,0,,0
10673.6581212511,31934.1842294212,5855.86541262935,1273.03477749609,8454.79488180411,196.090427844295,0.005930965933662,2.81896514723582,10695.8185456121,3793.12315385725,14810.11977786,55890240.2379668,582190.00247988,,,,,0,0,,0
10625.5228435714,34482.5733476974,5765.53489319695,1287.30635875446,8308.1238726373,192.451395877339,0.0013308915757963,1.226298475124,10960.2483899962,3784.76087262117,14585.2661050934,57216370.4018735,596003.85835068,,,,,0,0,,0
10552.2296352023,36550.1097270589,5696.88998973461,1301.20115186109,8194.1963222023,189.594542574591,0.0003006314955731,0.527367845490778,11101.6294948942,3770.88348775917,14413.9093703585,58087940.5441047,605082.714002191,,,,,0,0,,0
10450.9069279826,38155.1092846345,5623.86574218896,1308.57660752655,8075.49282984478,186.654580598631,6.83239865546332e-05,0.224753126567912,11123.2216668506,3747.81575602349,14229.6380162616,58457251.546505,608929.703610535,,,,,0,0,,0
10213.242443195,38903.4824568235,5458.4388652875,1288.7184988307,7825.89989890878,180.720489823032,1.55682093963577e-05,0.0946143244660283,10917.1533509386,3673.99449805026,13809.7583348358,57669392.107031,600722.834446054,,,,,0,0,,0
9827.00621434246,38718.327401059,5166.92091075534,1233.2431497849,7397.78483569741,170.699195097446,3.60647953361731e-06,0.0397713211545398,10481.5060175442,3542.91999894118,13069.4581769055,55613701.2587427,579309.388112957,,,,,0,0,,0
9461.69898281514,38284.608394327,4851.39235773151,1167.06658840084,6937.6054172198,159.97143215805,8.73021276907833e-07,0.0170973581555316,10012.8069753514,3415.08734971324,12267.6688479786,53331345.0442484,555534.844211931,,,,,0,0,,0
9136.3075255338,37747.9477334156,4551.25466618914,1100.98737166074,6501.41018723621,149.823540793555,2.21472822752499e-07,0.007533620704264,9544.06947556769,3297.83349749392,11504.5971898803,51058710.4400453,531861.56708187,,,,,0,0,,0
8898.09654237967,37372.0103241486,4308.91699892599,1046.24920739178,6149.38745407036,141.635759641844,5.89390249064815e-08,0.0034113599811419,9133.89214974824,3209.05757254941,10887.6621037441,49152574.4687997,512005.984050928,,,,,0,0,,0
8762.90139793269,37292.7076694726,4143.1881318938,1008.12600735825,5907.94748152226,136.009345992146,1.63389947071802e-08,0.0015816921512478,8803.76960037561,3155.47772235355,10464.358645281,47763329.205225,497534.679221998,,,,,0,0,,0
8653.41648548138,37240.4609185542,4016.16117696141,977.749279803314,5722.71645903168,131.687217328151,4.641441995777131e-09,0.0007415241512565,8482.0586439853,3110.50361182242,10138.797398786,46501895.2148378,484394.741819464,,,,,0,0,,0
8553.89963000869,37194.110529796,3912.24693521978,951.458951398698,5571.3178299879,128.151751959406,1.34403870900023e-09,0.0003506511983471,8164.44272708185,3070.04276239433,9871.51331435627,45310227.3704053,471981.535109247,,,,,0,0,,0
8435.79603070986,37068.7782392048,3811.3145749026,924.555915527128,5424.9534115863,124.738950903761,3.95050901241963e-10,0.0001668167388036,7836.27791298621,3025.46865297522,9611.69639637505,44068636.1919864,459048.29366736,,,,,0,0,,0
8263.4568222962,36733.1932274988,3689.90941531075,891.625485454574,5250.13653648047,120.678320400484,1.1764319481779e-10,7.97278693899855e-05,7478.25505742128,2965.43129023124,9300.28331338139,42621039.11842,443969.157481927,,,,,0,0,,0
8054.29085713373,36275.293366359,3552.44267007213,854.087912848427,5053.04962723373,116.111942755649,3.56983978615997e-11,3.84819103803644e-05,7118.16561847135,2897.16397993882,8948.55239889061,41087248.039562,427992.16707955,,,,,0,0,,0
7812.62881863733,35716.2809171908,3399.96499881073,812.516951145428,4835.0926264804,111.07183816614,0.0096319163135795,0.0030841639921226,6766.45966221679,2822.70124677182,8559.38704411318,39507051.2437123,411531.783789419,,,,,0,0,,0
7513.85601985251,34879.5402951832,3212.20830201966,762.189055945063,4567.72137678988,104.904228971995,0.450165616649718,0.245921893620597,6406.40142672471,2732.77649583538,8085.24616218627,37728728.017759,393007.583516893,,,,,0,0,,0
7168.21903594462,33509.7638746352,3005.09739179251,707.421179627203,4274.37421478641,98.1526383694645,2.91299205912921,2.3886313688079,6050.25422834905,2630.01054716165,7574.46960484682,35752853.5072647,372425.557368018,,,,,0,0,,0
6829.29266197755,31422.0595309311,2801.61152002789,654.024223768641,3987.81041635211,91.5666233959381,8.1739105761654,9.50616348596906,5744.09750084716,2532.74403420446,7085.22873177455,33716789.2052397,351216.554221885,,,,,0,0,,0
6506.33958379819,28449.4860382761,2610.51588036683,604.284328648277,3719.89097747245,85.4116085471331,17.0511511487782,23.965493286451,5490.0563699208,2443.30598622625,6632.3037015315,31593333.1986121,329097.220817678,,,,,0,0,,0
6214.39397648322,24805.4528913798,2443.48716937015,560.920623286888,3486.66883901738,80.0563284267538,32.9709774122886,46.5816955060356,5289.05950954952,2366.22109142822,6238.74526986071,29476812.5872173,307050.131117406,,,,,0,0,,0
5963.76172716954,20887.1635564834,2307.40343731793,525.331524183673,3297.54273804447,75.7222407147322,60.4682906382119,76.9339840675722,5136.07897630229,2304.5475187097,5919.2502237765,27490906.8703531,286363.613233366,,,,,0,0,,0
5735.71402686343,17001.3997996891,2194.34276941602,495.456975931099,3140.87595976185,72.1460562457251,102.262071421027,113.215359460169,5003.47402911602,2250.39489359517,5652.45107837143,25628285.5231933,266961.307532292,,,,,0,0,,0
5527.20929424913,13431.7014341959,2100.28633161057,470.165312857714,3010.72951849592,69.189438342403,157.447851486442,152.901864178756,4880.99974440458,2201.90534735938,5427.81428217295,23936364.2529742,249337.127635601,,,,,0,0,,0
5447.01959109573,10526.3158085467,2069.26893708427,459.115030806176,2970.29681143424,68.3008112828635,227.581124380559,197.926752828117,4862.902373377,2202.91743493337,5359.88818879907,22913680.1773076,238684.168514055,,,,,0,0,,0
5571.49529556402,8259.16771086308,2144.11841303336,471.502232473598,3081.39025584573,70.9019523222648,320.155024571961,254.099539304198,5021.4224515411,2287.28344644902,5560.48301901356,22873674.3375569,238267.441015351,,,,,0,0,,0
5744.84161799233,6253.43974237654,2280.24641501905,497.204159655143,3280.18845205955,75.526631974083,431.382339173957,317.660040471642,5220.47662901561,2393.75509872397,5913.62523206586,23181333.6165766,241472.225173112,,,,,0,0,,0
5927.34931955855,4513.73773932086,2464.03928199274,533.091323836315,3547.12092150268,81.7235325404012,554.971830442357,385.516701915767,5426.15150094315,2505.63049811969,6383.26840059107,23702147.6662149,246897.371523521,,,,,0,0,,0
6054.70341537512,3068.01743461351,2649.82688745218,569.144059501067,3816.47496768421,87.9764673385864,676.299795265819,450.447942185553,5582.82766259959,2594.36253541448,6851.60468224081,24166507.8559749,251734.456832156,,,,,0,0,,0
6066.80229542428,1955.75532352802,2776.15562939399,592.247823456313,3999.81192725916,92.2435769366666,776.318239282265,502.796942410295,5638.2513604639,2631.69152028188,7161.85590423205,24281524.9624814,252932.551692975,,,,,0,0,,0
6032.47366838256,1195.57074998164,2850.49401617974,604.365931255474,4107.94518525462,94.7719897710067,855.020445185745,543.720352712088,5657.75968885053,2645.27756395059,7335.85231764941,24269089.1879832,252803.012375285,,,,,0,0,,0
5966.53497597771,713.764103481188,2878.99726149714,607.234172095924,4149.74558381019,95.7657303242081,913.078908525051,572.879328545649,5653.97689442887,2640.76984394378,7391.4367002129,24160687.5384825,251673.828524944,,,,,0,0,,0
5893.50161798623,428.438470068835,2880.71746649999,605.175775385422,4152.65908513025,95.8577910330032,955.614219290033,592.436159493638,5645.12308068386,2628.50222659452,7379.42803394085,24033500.2590363,250348.961032084,,,,,0,0,,0
5835.74677467558,268.482885677737,2873.46343557147,601.98705167498,4142.38132657452,95.6410058220235,988.673704984358,605.519830947892,5645.89939802922,2618.15357786106,7346.93953648024,23954339.3981753,249524.368731447,,,,,0,0,,0
5764.93333863398,181.269996981858,2846.2677353819,595.241552101486,4103.16043599847,94.7512430626945,1009.50351336206,610.384250091445,5622.13741861306,2596.68096914584,7266.74197323107,23779261.7091171,247700.642802402,,,,,0,0,,0
5677.00252560502,134.801808922012,2795.96557463716,584.041858848811,4030.52850203897,93.0850527079014,1018.65978423388,607.765555972219,5564.64317613867,2561.93288346926,7130.836948172,23463913.9255649,244415.770058412,,,,,0,0,,0
5515.12804642493,108.96173598181,2690.00510213228,561.304405470012,3877.68922486872,89.5622093750894,1006.78863083277,592.828003957715,5415.98230130814,2488.37383938388,6855.69101446414,22751463.7214483,236994.413765518,,,,,0,0,,0
5268.29385591631,93.2431473030244,2518.81040847715,524.771099152545,3630.98528669373,83.8688054099591,972.434888876468,565.739544091205,5167.91439182282,2371.95032980159,6416.18438883539,21590287.7657515,224898.830892427,,,,,0,0,,0
5040.13783705299,83.6964958918634,2340.49004459876,486.511229563963,3374.21782052253,77.9417280044304,936.02090426791,538.969542914511,4927.84415803967,2260.84014147278,5959.67386263683,20439965.9294416,212916.311765404,,,,,0,0,,0
4851.81717935757,77.5605699411148,2178.59110553625,451.557559659641,3141.25769164839,72.5635551033439,903.1656951243,515.715445976713,4721.65882255368,2165.7122497447,5545.67808002226,19432879.2748541,202425.825780099,,,,,0,0,,0
4743.96232781489,73.9991717280275,2060.95248003446,425.811146517472,2972.15916011456,68.659245919799,882.719778794035,500.812504524453,4592.19342725444,2105.30268151618,5244.8265059126,18763593.4149425,195454.098071607,,,,,0,0,,0
4727.73571331488,72.4635499803589,1997.54556873418,411.401213025776,2881.23764313472,66.5589005605361,877.576400586387,495.636491746421,4551.57939202184,2084.46617409302,5082.36352400273,18492018.8607382,192625.196466374,,,,,0,0,,0
4727.16569720634,71.4528644512721,1955.42244733597,401.519690144457,2820.95167248481,65.1640127439897,873.971886861947,492.369222973878,4527.56747592845,2069.5282466439,4974.35169176802,18321376.6741734,190847.673689653,,,,,0,0,,0
4723.12171257571,70.5367888915264,1921.93309937888,393.475406333843,2773.07950336022,64.0542400934203,868.504787809639,489.252110659176,4503.22473755233,2052.42699933359,4888.4808282847,18170093.9286328,189271.811755903,,,,,0,0,,0
4629.78359910777,68.3811416788397,1854.45352844835,378.414356367238,2676.18286880975,61.8118436903998,845.529255309115,477.623870841613,4398.05884501917,1996.66048611372,4716.17835494888,17693355.198993,184305.783323179,,,,,0,0,,0
4413.64270086943,64.5052258058267,1730.34774018624,351.617244597204,2497.67425832793,57.6864080269477,799.346125065963,454.187152417677,4181.27984749055,1889.3230980145,4399.72120749449,16744020.4243612,174416.879420747,,,,,0,0,,0
4219.30253340868,61.0350826676727,1607.63423170258,324.949263727347,2321.29495606314,53.6128462398874,756.754968328376,433.735446659017,3989.38506044522,1793.25472333582,4086.63908371624,15872432.4927572,165337.83846562,,,,,0,0,,0
4081.58669866355,58.4434465000929,1507.43642295687,302.824289750349,2177.48153301505,50.2929631253145,724.200526993993,419.637392559961,3853.64344043068,1722.78863137475,3830.74974164592,15223632.4361375,158579.504543387,,,,,0,0,,0
4002.84259558337,56.7289882909584,1435.37593046846,286.446256588007,2074.31451620431,47.9121498178938,702.038540087032,411.991538056857,3774.7286572384,1678.18190084623,3646.42504966808,14813318.3223184,154305.399191097,,,,,0,0,,0
3950.60539970696,55.4050794857775,1380.75702268458,273.680144829881,1996.33121572555,46.1125191795602,684.444372985035,407.384478299189,3720.72590568688,1645.23278933122,3506.5176342636,14519864.5400502,151248.588958306,,,,,0,0,,0
3883.43163873483,53.8831354655368,1327.35704367355,261.280543221039,1920.08218404384,44.3523398996518,664.260752175,401.492221876774,3651.59293992054,1606.50770693713,3369.81106019651,14183882.1743455,147748.772649701,,,,,0,0,,0
3792.07454817302,52.0436177707797,1269.43306059258,248.091971051824,1837.25859844254,42.4400798437415,640.108733096716,393.293969573758,3558.03123485768,1558.35134385043,3221.69071158923,13763681.5425546,143371.682735204,,,,,0,0,,0
3667.62382710553,49.7788084216774,1201.89463053064,233.112417444694,1740.48127871697,40.2058149975501,610.746290928251,381.786891886818,3431.5751974311,1497.3928685041,3049.20718733312,13221578.9299974,137724.780520306,,,,,0,0,,0
3511.73052684301,47.1294766640403,1124.2855097957,216.279012009202,1629.06443153296,37.6341224084315,576.745237714771,367.051493356833,3274.20455399017,1424.65912942014,2851.19753642411,12562403.1594033,130858.366244022,,,,,0,0,,0
3348.81052652345,44.4370349930634,1044.92628697174,199.238829249542,1515.034611071,35.0029252901483,542.3381747225,351.561287887112,3109.37145942878,1350.28776123417,2648.7850006413,11876694.6267837,123715.569029221,,,,,0,0,,0
3187.09556907733,41.8144309208208,967.55606884266,182.741770392872,1403.79333817705,32.4368305343221,508.930629782217,336.136628454573,2945.29352494247,1277.62132311019,2451.47749754826,11198109.4213297,116646.973138427,,,,,0,0,,0
3029.21078628071,39.2959488412893,893.948694609204,167.146152327144,1297.90365937377,29.9947940162088,476.950948959797,321.028188698676,2784.85366163676,1207.656764397,2263.79520469086,10539529.0815144,109786.761265975,,,,,0,0,,0
2871.2856556705,36.8302674398797,823.481383436723,152.345709817743,1196.45799328722,27.6556050942487,445.779727438658,305.805720633962,2624.8768239665,1138.77691138182,2084.17825086495,9889837.21135611,103019.13761848,,,,,0,0,,0
2713.90293701845,34.4241582907589,756.517550381804,138.410708308831,1099.98436944272,25.4312820845587,415.501328642352,290.511094279608,2466.25304772298,1071.14449655049,1913.55737484775,9252543.31023549,96380.6594812691,,,,,0,0,,0
2566.12751193625,32.1896708834843,695.630781118273,125.804266849835,1012.23003314146,23.4083150193657,387.465440817162,276.105697024098,2317.43720641978,1008.23439423919,1758.44468863708,8659289.36780752,90200.9309148257,,,,,0,0,,0
2444.24165844004,30.3225671328096,645.159950414588,115.28323443343,939.523858656876,21.7329800301091,364.011944945865,264.360886869748,2193.02722102981,956.265364414345,1629.79534000809,8164524.40961454,85047.1292669728,,,,,0,0,,0
2364.02684579486,29.0030623389658,609.013875436039,107.491256527132,887.586888999904,20.5376375720482,347.268698644979,257.041985633695,2106.63013598203,921.150374718575,1537.44980248947,7818737.5873984,81445.1832017704,,,,,0,0,,0
2304.85677371967,27.9616751804299,581.337797411284,101.329642243221,847.920104300417,19.6257511505295,333.966651834758,251.975397312619,2039.17713655858,894.606788720653,1466.58328284978,7550410.71481419,78650.1116127909,,,,,0,0,,0
2255.55487245028,27.0546275426469,558.726302048301,96.1635162969378,815.577676383833,18.8829401948034,322.362652853912,247.974550945218,1980.45274209147,872.174577878228,1408.575590616,7320575.73791712,76255.9972701088,,,,,0,0,,0
2199.21162434799,26.0770595338624,536.348621572507,91.138949899811,783.519861297068,18.1462909696676,310.002028043943,243.186291698115,1915.60841082076,847.27785012499,1351.23123762515,7072812.10580343,73675.1261018511,,,,,0,0,,0
2117.34047599705,24.8157854345667,509.020147938188,85.378411121756,744.172049708875,17.240409466545,294.352972368154,235.527389330979,1829.03960380704,812.855038944845,1281.48970740324,6747497.7507955,70286.4349042477,,,,,0,0,,0
2037.65192308027,23.602733358755,483.00922695148,79.9472180032384,706.692641407715,16.3774556245607,279.36055112911,228.033918112581,1745.24494183624,779.606397495236,1215.14156004745,6433630.51048183,67016.9844843076,,,,,0,0,,0
1983.94154930858,22.7087989812147,463.864034898376,75.7458971963143,679.20877857808,15.7458332430252,268.219315441522,223.389328867019,1684.39809203174,756.559926061897,1166.13125600055,6205516.95256548,64640.8015889886,,,,,0,0,,0
1985.26913287509,22.4503424107293,458.47755526885,73.8491417704244,671.838240833611,15.5802403482419,264.636298982542,224.958362318752,1670.15065782614,754.600849891888,1151.74875954382,6151319.42657577,64076.2440269475,,,,,0,0,,0
2065.09852332852,23.0637536776347,472.55662415407,75.0894476474347,692.983926591592,16.0757598923362,271.352098859638,235.580899807823,1720.24343511432,782.322406474484,1186.2634716578,6338619.38680381,66027.2852793264,,,,,0,0,,0
2179.40315618104,24.0272120731454,496.420599816634,77.8410051395628,728.4876262526,16.9041004165858,282.189470472839,250.439418504689,1795.74742541728,822.712808575977,1245.30589359897,6626673.047469,69027.8442442177,,,,,0,0,,0
2301.90275401835,25.0373419855534,524.477075881565,81.1901820239707,770.15404617142,17.8749962685466,293.5869279593,266.628757073215,1873.73257906451,865.686436948989,1314.81909068711,6932809.04291399,72216.7608638187,,,,,0,0,,0
2440.02910486377,26.1675657746043,558.760347618751,85.4322692657513,820.972853102912,19.0576484194164,306.433430787931,285.089872346191,1959.3030341088,913.930647011532,1399.88780873424,7277483.34550542,75807.118182486,,,,,0,0,,0
2622.32313318277,27.7080530185065,606.592817329277,91.650022217643,891.710298291642,20.7017133152727,324.180150844519,309.308335279978,2073.54003749486,977.914724669809,1518.82903641969,7742370.00256038,80649.6875263772,,,,,0,0,,0
2842.76306060549,29.5687127829972,668.073923269455,99.8012491368462,982.525043784392,22.810460464176,345.881947322863,338.812170417671,2208.65605070505,1055.03020137381,1671.8482805884,8304470.35987894,86504.8995822297,,,,,0,0,,0
3094.48319346591,31.652691887614,743.464579332545,109.869040192358,1093.81122234216,25.3925184998589,370.615822038133,373.007658345356,2356.02677126474,1142.35503312134,1859.55542246652,8938650.32909529,93110.9409282453,,,,,0,0,,0
3416.73996604274,34.3277802864536,845.31862030267,123.63976093098,1244.05049983989,28.8761777094707,403.068976028378,416.900544666427,2540.892607709,1253.86257870408,2113.2977047933,9752256.49291043,101586.005134114,,,,,0,0,,0
3835.72484163779,37.7974616065327,986.448578334218,142.880086789595,1452.11552319233,33.6981488114669,446.360555049818,474.125294333548,2774.52362171834,1398.24817830085,2465.02755378192,10811305.3932555,112617.764513283,,,,,0,0,,0
4260.07708916596,41.1085603800116,1150.18414816112,165.051586286485,1693.49870884561,39.2885753334506,490.354687898357,533.596781687378,2982.7464555034,1541.35835284753,2872.9878780556,11851041.4143724,123448.348066604,,,,,0,0,,0
4647.86040424892,43.8601112272354,1325.66475560418,188.491458267959,1952.27876250107,45.2788232150081,531.392749578234,589.525160766314,3134.82796235094,1667.99513062606,3309.9391369388,12751885.1348032,132832.136820384,,,,,0,0,,0
5044.48822128743,46.5042406820439,1522.31989701169,214.43114747733,2242.44193440052,51.995172389077,576.034725901524,646.742860831469,3262.85307449756,1794.76436470639,3799.2929669585,13634242.1318415,142023.355540274,,,,,0,0,,0
5516.55474060228,49.6485284049117,1762.68838531377,245.915764481332,2597.2888902599,60.2107778109179,633.426983648964,712.820298724055,3407.57373284291,1945.28086712887,4397.16764795271,14677106.3688073,152886.524675354,,,,,0,0,,0
5996.55752079766,52.6739722829014,2035.21324499782,281.206039432327,2999.89278152459,69.5328461878946,697.455374612546,777.768776417845,3525.10097408848,2095.78175826701,5074.64676599955,15718144.9327781,163730.67638251,,,,,0,0,,0
4669.20394111694,40.0455336007277,1683.81602420997,230.387036188773,2482.96517563631,57.5441326884192,553.563093635041,604.849721706689,2607.49588990766,1618.18501970408,4196.53398343816,12075810.6609142,125789.694384752,,,,,0,0,,0
6906.22264092702,57.9038575409244,2636.78185304099,357.193808221646,3890.14314430357,90.1462068039994,835.293076854359,888.490597958478,3665.76422608217,2375.80254774429,6568.70303004985,17654179.3584106,183897.701650445,,,,,0,0,,0
7330.45389394767,60.5974526480578,2975.79931542378,399.33818506973,4392.46615978933,101.748865147375,878.953020019562,928.41800938024,3710.93225996339,2507.00513267443,7411.06938564751,18636129.071829,194126.344497513,,,,,0,0,,0
7653.37583345581,68.8986035025221,3242.32628056505,431.162508813888,4787.55963075196,110.81474564926,841.741608057639,930.896525196801,3731.59493000621,2608.55035096341,8074.7178210049,19366608.7587728,201735.50790425,,,,,0,0,,0
7888.28432013165,122.175600313184,3440.67232796412,453.943641934059,5080.79188907189,117.47400928235,713.781654870688,876.126679874288,3777.03392585671,2688.3417624101,8574.63912756629,20013729.4423124,208476.3483578,,,,,0,0,,0
7977.35707502619,331.506674617249,3547.40636282615,465.410860276613,5237.39726803513,120.938160766605,524.420278344194,756.548391030199,3856.37292956562,2726.88672805617,8857.90264695467,20578431.6296067,214358.662807623,,,,,0,0,,0
7888.4505492875,852.675746799383,3527.80346706759,461.766604958357,5206.53321578894,120.054576069343,330.433815414397,596.58164310362,3960.96005620095,2709.2091808944,8834.41182130355,20995923.0887779,218707.532175168,,,,,0,0,,0
7759.69022411862,1796.49626095229,3442.98927504365,451.56612400399,5078.65528335555,116.933535122056,181.338884325319,440.271687679453,4133.77184850546,2677.23577391897,8644.06419329781,21578703.2735587,224778.159099979,,,,,0,0,,0
7624.28417896308,3158.4392557187,3326.90980630028,439.448057542581,4903.80319262373,112.748434460013,87.0570767421041,307.77688364636,4359.38688867533,2638.60697861287,8363.51131524034,22360850.5491488,232925.526552786,,,,,0,0,,0
7505.81555910901,4841.40904926558,3205.75599384906,428.637834499584,4720.71701380304,108.406360127612,36.9849884904101,205.983498341754,4622.22565617196,2599.60911167157,8058.90606172367,23332845.0532721,243050.46930536,,,,,0,0,,0
7419.19497470679,6720.56050251073,3095.52830943394,420.800141121959,4553.32136700107,104.460039409146,14.2953113146454,133.229825993206,4910.79078319861,2564.94665351794,7775.25423766503,24465599.9749668,254849.999739701,,,,,0,0,,0
7347.83913275937,8657.09543364712,2992.85046929786,414.940984177652,4397.06138748769,100.796061315618,5.22377116052059,83.7691971928897,5199.24685378243,2529.20298857187,7508.95128892066,25634654.029406,267027.646138674,,,,,0,0,,0
7292.05538835185,10548.1066992775,2897.96640751285,410.568560048595,4252.57528828146,97.4175310416442,1.86940590641387,51.6159344193774,5475.37228380259,2493.23434672568,7263.43151847798,26775333.5071468,278909.724033287,,,,,0,0,,0
7205.0812756263,12242.0088477087,2789.82122211319,404.158639836278,4089.11553014729,93.6128697778329,0.665116292245994,31.2148843343491,5692.82730683558,2442.19243192319,6986.79142705171,27652412.8576399,288045.967267606,,,,,0,0,,0
7058.13747746415,13604.9163089048,2653.64390850319,392.852093181548,3885.20098152136,88.8889042115587,0.23767868288354,18.6157343082181,5816.67821479444,2368.16485027021,6641.95644536766,28085551.9337269,292557.832641924,,,,,0,0,,0
6920.66328369605,14731.5552692285,2517.77972833075,380.328490859677,3682.42491097846,84.1981738385198,0.0868225814792605,11.1253986139228,5899.31833332423,2296.35751283124,6299.39576702479,28330129.8101055,295105.518855802,,,,,0,0,,0
6806.72059365767,15677.9871908633,2393.29689894388,368.251374686699,3496.89508633505,79.9087803587985,0.0325434088051771,6.69382169965149,5957.90420231567,2232.55282037025,5986.28025845677,28480402.5864161,296670.860275707,,,,,0,0,,0
6612.55537338216,16222.4224668607,2244.5639281542,351.097427913012,3276.50137116785,74.8301834758006,0.0123686324378878,4.01002910857589,5906.09243811072,2144.04952160582,5613.0823996285,28122187.0946157,292939.448901181,,,,,0,0,,0
6266.98590416655,16167.7370373046,2044.68982984055,324.259938019155,2982.11053858395,68.0709626782756,0.0047582223301874,2.38493560753388,5681.06868165271,2010.05530442637,5112.23645913054,26941405.0876416,280639.63633011,,,,,0,0,,0
5908.99038950687,15871.0936651305,1843.35116488118,295.449845839653,2686.26052669858,61.2883824659835,0.0019053233002423,1.44581853204707,5413.17631979386,1876.67194941923,4607.76654537908,25557782.1664806,266226.89756799,,,,,0,0,,0
5573.94935677077,15472.5455789478,1658.67086652249,267.933730413542,2415.25660050394,55.0811518721296,0.0007987458238593,0.898685672472419,5143.49709524109,1754.82748628388,4144.93717392347,24179883.6688503,251873.788216274,,,,,0,0,,0
5322.16856213496,15188.2751468715,1512.75045589827,245.743297566354,2201.1219414882,50.1772639748583,0.0003529668773039,0.577569942745551,4935.08684205834,1662.58129966997,3778.99697985263,23115479.5126967,240786.244924362,,,,,0,0,,0
5203.01567175545,15211.2930001385,1420.37601089812,231.729434338493,2065.16317740129,47.0595997951758,0.0001645888992876,0.385411033887648,4839.41692605954,1614.01469371983,3546.8721080243,22613184.8315257,235554.008662155,,,,,0,0,,0
5129.03267183516,15325.9925178279,1355.03981576094,221.866577462314,1968.6566165068,44.8433976265995,7.89814433672434e-05,0.261370046405576,4778.51123540249,1580.90086342702,3382.31463833022,22308670.2659349,232381.981935977,,,,,0,0,,0
5070.71715912626,15461.2297608823,1305.32266831342,214.390101455705,1894.93344442927,43.1479430906907,3.85970854448419e-05,0.178757180422708,4726.4994483652,1553.7284651639,3256.77823966657,22074915.7244912,229947.038797202,,,,,0,0,,0
5010.62663510074,15572.754440244,1263.22619451216,208.008076448051,1832.35414873697,41.70778389737,1.90926466467507e-05,0.122798539282079,4668.26327864913,1526.96539582112,3150.27437454032,21833717.8686098,227434.561131766,,,,,0,0,,0
4935.40588314938,15623.1491620508,1222.41405654604,201.66555413484,1771.73008195573,40.3136809129861,9.52618439138026e-06,0.0845359471492321,4592.38462582676,1496.48011955266,3046.98641377337,21524075.6474175,224209.12132645,,,,,0,0,,0
4867.91317661134,15687.8140082687,1186.53664086161,195.955769352957,1718.36128340461,39.0862006762184,4.81331667114764e-06,0.0585949498021422,4521.07613611817,1469.15213539357,2956.01084969374,21244584.186306,221297.751941091,,,,,0,0,,0
4816.39486021157,15800.2893294742,1157.3499001841,191.196221578646,1674.77575643302,38.0825755780976,0.0003280384021778,0.0409630696730785,4462.6323029443,1447.31122487418,2881.72235448236,21034604.2988494,219110.461446746,,,,,0,0,,0
4829.66828594535,16126.2514479506,1144.44793301972,188.928528833544,1654.87019668929,37.618675753264,0.0182934028656307,0.0384086153602887,4462.67356691141,1445.46528416079,2848.16929451784,21105204.4125634,219845.879296736,,,,,0,0,,0
4956.43621729676,16830.9372298858,1162.57006128659,191.687302405342,1679.963205535,38.1788383752968,0.147703317782148,0.150911432678435,4565.9751335363,1477.77972604802,2892.96758989106,21677413.1193508,225806.386660315,,,,,0,0,,0
5123.91802244596,17623.1982762196,1195.90899461526,196.951249528895,1727.2800746969,39.2455472258411,0.515883165136575,0.762091877727846,4705.6697681908,1522.2497191457,2978.216388254,22423687.989424,233580.083223592,,,,,0,0,,0
5301.03569121483,18278.6371261628,1237.01116613889,203.530765005665,1786.18906271786,40.5770730566927,1.37709250691112,2.70388288282933,4854.5717957144,1569.64303354352,3086.28256515967,23175877.8138124,241415.393893001,,,,,0,0,,0
5478.19601123979,18609.7320581216,1283.03607408202,210.969498474757,1852.73486906977,42.082746981652,3.38698848744805,7.33191566363659,5005.23807610797,1617.1659970279,3210.29707066034,23847175.6063593,248408.079233361,,,,,0,0,,0
5649.2291930004,18462.845009796,1331.86291153602,218.916108167567,1923.96831151695,43.6948686932214,7.61220078347956,16.4161434721,5151.96889761469,1662.92587942386,3344.88501508721,24368161.3930529,253835.01451143,,,,,0,0,,0
5815.22236576127,17779.1301139914,1382.40618492695,227.160820482447,1998.34684213744,45.379157422618,15.6079579649219,31.8178594228571,5293.53544141692,1706.9935920676,3486.832246943,24714519.2312149,257442.908657552,,,,,0,0,,0
5974.95512609264,16579.7802693175,1432.71237846287,235.330471392306,2072.95485500301,47.0722718828368,29.3841940963809,55.0092643922728,5424.61801210696,1748.6113262493,3630.19984853216,24872086.9536873,259084.239101381,,,,,0,0,,0
6116.51793014616,14937.7459535557,1478.71087218152,242.715290792611,2141.70014877737,48.6396419432294,50.7958603012613,86.4115961022005,5529.24673324453,1783.86428214176,3763.13523563246,24805247.789549,258387.997808272,,,,,0,0,,0
6229.44337213478,12994.0669552869,1516.64191536655,248.680970179269,2198.88394610238,49.953946818502,80.6655738359233,124.982102791489,5593.39826105305,1809.39010508547,3874.35501443999,24505705.2680612,255267.763208043,,,,,0,0,,0
6326.37356708559,10953.6296726144,1548.42069203732,253.55755743483,2247.07243786643,51.0725638681108,118.674222271258,168.890767818461,5625.67187772124,1828.72764121124,3967.48020838872,24066614.3617519,250693.899602038,,,,,0,0,,0
6410.91081009292,8966.9196177512,1574.51445914565,257.478206456867,2286.82282637992,52.0052575918453,163.423622117695,215.700086065317,5628.67106237211,1842.92779025741,4043.11707251095,23542942.1966462,245238.98121551,,,,,0,0,,0
6572.94949315695,7225.92899017107,1619.54284882468,264.583429030185,2353.85165866553,53.5616927856242,216.233279486404,266.727889861484,5681.21064708031,1877.75072355533,4164.35501698251,23290876.2550251,242613.294322296,,,,,0,0,,0
6890.73143544379,5767.97636040556,1710.68027444688,279.527640736504,2487.66472823139,56.6405365123165,281.466872343184,325.823859949757,5847.104142356,1954.88267275847,4400.92307309151,23580618.0048341,245631.437550802,,,,,0,0,,0
7236.26952927917,4446.70560824436,1823.70312255987,298.637269001048,2653.03707715025,60.4399184479626,355.768545589937,387.441432833957,6014.37103543154,2037.31034589001,4690.02006426335,23970303.1796241,249690.658121539,,,,,0,0,,0
7569.6692718403,3286.37212418617,1948.10993099233,320.385220110336,2834.71907134869,64.6108548164053,435.342078873138,447.357006892802,6154.88904950916,2114.00217659271,5004.41763130883,24356087.8364499,253709.248295431,,,,,0,0,,0
7734.65793108072,2290.49478397763,2030.54857324133,335.891783840534,2955.23309894264,67.3851019164263,506.135422291683,492.966057789023,6155.08760279131,2142.50578370159,5207.9115604301,24264883.3486742,252759.201549149,,,,,0,0,,0
7621.66018066591,1503.90893175332,2018.61222544949,335.946508257758,2938.53420813583,67.026278234965,552.404220824322,513.081351481033,5950.01994159107,2094.99312087194,5168.32119094663,23385263.6517766,243596.496373116,,,,,0,0,,0
7446.83727289277,968.510926456652,1962.11126543399,328.355937115419,2857.2001609157,65.1890713516093,584.39132523646,520.635700683747,5723.7572780069,2032.93204254446,5015.02374005601,22407507.2234045,233411.533576281,,,,,0,0,,0
7267.33056383745,621.480683847362,1887.63251469745,317.534391840018,2749.84556407249,62.7551146942474,607.159655433402,521.067286583681,5520.95324966703,1972.22693805286,4816.46117322275,21511936.0262595,224082.666940611,,,,,0,0,,0
7142.01962212635,404.023143465124,1821.90227039612,308.075338863371,2655.29314678262,60.6110219920767,627.483797785271,520.385973663523,5382.44999876748,1928.52978982478,4641.02630875253,20869473.670291,217390.350732593,,,,,0,0,,0
7112.87425605203,270.221750336906,1784.08753860057,303.386280083705,2601.41001684734,59.3933429855792,651.334747422082,523.218060210962,5334.6556197193,1912.50882536202,4537.58481461734,20593125.86307,214511.727739532,,,,,0,0,,0
7098.93637397204,186.304548470709,1757.10851317017,300.685540309634,2563.26742614414,58.5331279102842,672.876100883465,524.685466534678,5312.72943627118,1901.80210959833,4462.80631452408,20434969.8931478,212864.269720677,,,,,0,0,,0
7078.20256000885,134.2050662219,1734.3358476243,298.808100998409,2531.18030888748,57.8092805076845,690.422822040119,523.868530626282,5297.21422736028,1890.19074357514,4400.06565521144,20314972.1937406,211614.293685183,,,,,0,0,,0
6898.13121312912,100.365671399774,1672.40815134734,290.053805174406,2441.86107888374,55.7767682896086,688.659959638369,510.082341344571,5170.79771339405,1836.83546039229,4239.45340121903,19768741.2205116,205924.387712914,,,,,0,0,,0
6452.90775606907,77.1244079211889,1536.37333198766,267.868657090828,2244.25719146147,51.2703360830746,655.643679231253,476.137935158988,4849.80726252327,1713.8266507742,3892.30429616705,18456381.9044856,192253.978172075,,,,,0,0,,0
5973.22630752897,62.3230060891374,1381.93642612749,241.688851383289,2019.67886842475,46.1478798456698,614.44956271311,439.600765031708,4503.26713514411,1582.62556357562,3499.43099729639,17025315.3494401,177347.034890324,,,,,0,0,,0
5527.84112416292,52.6739535832683,1233.50672513415,215.946782205202,1803.75029647365,41.2228923915401,573.267436530967,405.76348272115,4181.01948643821,1461.2545808661,3122.30967081796,15684617.2446418,163381.429631091,,,,,0,0,,0
5150.86917421594,46.2149672421777,1105.05085444341,193.331523048961,1616.87223424259,36.961030441781,536.747109600749,377.183006688868,3908.32729960021,1358.49086579958,2796.10204196349,14543868.8131031,151498.6334701,,,,,0,0,,0
4866.43786052666,41.9299789166435,1004.33405002489,175.391617833646,1470.42020073079,33.6220888460822,508.256916652488,355.596702092824,3703.75603308717,1280.44515174261,2540.34251267585,13677677.9611174,142475.812095232,,,,,0,0,,0
4628.42288546912,38.7792013128899,921.459287044899,160.50179258146,1349.94029091516,30.8756788833351,483.514666402014,337.591180827942,3532.65370880565,1214.76592586589,2329.91513337689,12956579.2607806,134964.367299307,,,,,0,0,,0
4417.62406969241,36.2807177867444,851.219821616355,147.794446258061,1247.83505937582,28.5482528899795,460.80920095089,321.744037482995,3380.58191904096,1156.30779553999,2151.59337599711,12324026.8797032,128375.279997142,,,,,0,0,,0
4234.31805452887,34.2597125474419,792.210215416029,137.037598911318,1162.07152172233,26.5935626647164,440.364328434021,308.059450249831,3247.92287349812,1105.08408610426,2001.77566695891,11777735.0786221,122684.740402537,,,,,0,0,,0
4082.01790650205,32.6398967917746,743.819887937633,128.127799667478,1091.78074589595,24.9919859910682,422.679048841846,296.777981145127,3137.57777549977,1061.95706964723,1878.88070704329,11325003.6158107,117968.787664266,,,,,0,0,,0
3965.47426087309,31.3952520339606,705.894018084168,121.037126900558,1036.76140404169,23.7391465856263,408.324109595587,288.232962274654,3053.42471194026,1028.09526677541,1782.48865588039,10977204.8723758,114345.884087456,,,,,0,0,,0
3906.2829441954,30.6548264925602,681.565303270689,116.300861289531,1001.64102085249,22.9411904784457,399.539732347059,283.987990649846,3012.34116310703,1008.98030982532,1720.48937982465,10793122.4754502,112428.359119478,,,,,0,0,,0
3960.13134890794,30.8214396204267,680.33743152013,115.540402589651,1000.41879291349,22.9188706321867,401.919857672725,288.101153505747,3057.58281680748,1018.71465242559,1716.86010112555,10927000.7462576,113822.924439769,,,,,0,0,,0
4152.16622495809,32.0565204027049,706.989978607912,119.572853337868,1040.16108481995,23.8340249389398,417.722245337316,302.451129263625,3208.85444534315,1063.2223118169,1783.66069579265,11450143.8845635,119272.332131087,,,,,0,0,,0
4369.64075538806,33.4641175824294,742.824490654755,125.247740113083,1093.3820848358,25.0565526475822,435.248269703922,318.915820863745,3378.96718822037,1113.09518152703,1873.72808378307,12052662.6772253,125548.569554658,,,,,0,0,,0
4564.43077222597,34.6693737478542,779.200370440032,131.110239266885,1147.36597780323,26.2947534848282,449.555130095579,334.065308873222,3530.25479858292,1155.93191485565,1965.27073458646,12599421.840597,131243.977505741,,,,,0,0,,0
4706.66252952139,35.4482632329438,809.431049332274,136.003008261343,1192.27338836511,27.3232282221412,457.733122171614,345.757612607311,3639.10220729846,1184.3093451513,2041.39311887761,13002701.8463108,135444.810899317,,,,,0,0,,0
4766.5715317389,35.5870198604342,825.697157875361,138.542046479373,1216.60374779451,27.8791033579086,457.139059547777,351.77570550751,3682.16792004606,1191.16999740512,2082.30311066544,13172872.0465014,137217.417151306,,,,,0,0,,0
4805.91600841878,35.5585240875098,836.49852090464,140.087704437611,1232.89748871087,28.2506101120586,454.056150435183,356.590646090261,3707.0897588827,1192.44147568182,2109.36490214428,13275141.7012017,138282.726053681,,,,,0,0,,0
4848.00265506727,35.5379145998878,845.473773856218,141.220318162835,1246.52674259173,28.5613289797945,450.898381786118,361.870884115123,3731.77902995694,1194.11057763991,2131.71825050356,13372684.8926641,139298.800965504,,,,,0,0,,0
4842.52744513141,35.1605601645138,843.769507451774,140.449328340913,1244.43981282298,28.5125764665938,443.237141279928,363.771960105714,3717.55483122209,1184.03218996686,2127.02217344452,13326660.300181,138819.378127138,,,,,0,0,,0
4730.80810861686,34.0174457361046,820.331892189145,135.932233198647,1210.32556758921,27.7311860327397,426.201926355564,357.684285992298,3619.9974423835,1148.47211044728,2067.40195555171,12975417.7701054,135160.60177144,,,,,0,0,,0
4580.34858037844,32.6146087961551,786.695431376205,129.610580680255,1161.18040233705,26.6069081906402,406.386244049618,348.492217998597,3491.76965388606,1104.4447516949,1981.95158171751,12506623.5809909,130277.328968892,,,,,0,0,,0
4420.96629147219,31.1718159289883,749.08137000173,122.558493103422,1106.16486330611,25.3494842803667,386.614978352444,338.371473797818,3356.19429737416,1059.31975260663,1886.3914748188,12006040.767213,125062.924658697,,,,,0,0,,0
4252.02395665709,29.6869994388914,708.66134567019,115.017568546203,1046.98955754797,23.9977747306971,366.865026402734,327.241209911807,3213.17607372022,1012.95564746863,1783.72159408781,11476125.5875099,119542.97486946,,,,,0,0,,0
4068.58702653601,28.1282014472928,665.614298765366,107.062748564836,983.901930369333,22.5570872876526,346.703509871068,314.708113601186,3059.40256390068,964.165846685512,1674.43886366555,10907164.3469859,113616.29528131,,,,,0,0,,0
3881.11497629273,26.5698132332956,622.405371803303,99.1293033953835,920.532776460184,21.1103129544244,326.980373154286,301.585446177444,2903.1464264021,915.387796563907,1564.7849669294,10330184.332938,107606.086801633,,,,,0,0,,0
3696.58380062414,25.0594091475024,580.676826083785,91.5042701411677,859.304110903115,19.7127047710573,308.198380458848,288.441658446597,2749.88713795915,868.170915837738,1458.9162966354,9765763.90639385,101726.707357899,,,,,0,0,,0
3520.21646040112,23.6307582433439,541.554891677178,84.3785855399417,801.880683174358,18.4022394390299,290.691918361537,275.720599828595,2603.6506779854,823.623233981261,1359.67804195162,9228840.16219516,96133.7516897078,,,,,0,0,,0
3356.42610789203,22.3108267316228,505.847273147113,77.8813761783042,749.460409648097,17.2062743059432,274.722941375601,263.807176644452,2467.73340246384,782.653246093883,1269.10317806648,8731383.48078867,90951.9112583808,,,,,0,0,,0
3204.58304932857,21.0923082534724,473.44680886645,71.9919568854255,701.889028075006,16.1212054108035,260.14570285171,252.688904466569,2341.63250373544,744.998464996145,1186.91999609682,8271609.62460633,86162.6002560024,,,,,0,0,,0
3064.49323165924,19.971032515666,444.227643352539,66.6834752191075,658.98534058288,15.1428546449767,246.865403321909,242.381643100849,2225.14772544283,710.516106879454,1112.80614888609,7848614.54985247,81756.401561112,,,,,0,0,,0
2954.34130708338,19.0614674085947,420.709522810643,62.3200756304696,624.494800296112,14.3573304360194,236.272728637999,234.355678123107,2131.27503074547,683.324788035988,1053.06004477406,7508088.47093055,78209.2549056689,,,,,0,0,,0
2899.98437982994,18.522218465323,406.43933188827,59.3961888286653,603.696808240156,13.8861815299186,230.346075844832,230.707913906051,2078.02743305394,669.2813954035,1016.52882869611,7313559.40564951,76182.9104752386,,,,,0,0,,0
2876.34743931181,18.1832604664818,397.69422553584,57.3278584277123,591.07984390989,13.6028947914202,227.006034511053,229.492502415071,2046.6052977543,662.484456812553,993.861483776121,7198875.47281253,74988.2861752669,,,,,0,0,,0
2866.21814445173,17.9305740154169,391.90044290474,55.7202549460159,582.829316563153,13.4198364734086,224.847746914965,229.365297940391,2024.30540227464,658.913175441612,978.602291215846,7119170.67571593,74158.0278721759,,,,,0,0,,0
2932.72373043627,18.1516199017622,397.678575339696,55.7708224419426,591.777305880771,13.6326326160999,228.781740733039,235.420315844565,2054.91103920785,673.011585697527,992.249118911887,7228890.14624619,75300.9390231239,,,,,0,0,,0
3185.54015913728,19.5005409898011,430.454207038033,59.5647310184724,640.908226566812,14.771197465752,247.276872569333,256.593118364047,2212.39562452877,729.763017030616,1073.21147591655,7791349.69685829,81159.8926757548,,,,,0,0,,0
3535.89467725755,21.3987376975237,479.532945929111,65.5204222403179,714.33314029123,16.4697138830117,273.375402567626,285.942466217802,2430.55842949776,808.598944050378,1194.72440723133,8579330.94573864,89368.0306849401,,,,,0,0,,0
3914.73602943551,23.4090607386738,537.277844990473,72.551573214478,800.679418181408,18.465662202799,301.806468457179,318.057485880275,2658.49335198927,893.624878564119,1337.7220914136,9419429.00272614,98119.0521113737,,,,,0,0,,0
4323.21668532589,25.5275973473355,605.819079732727,80.926983268806,903.112661084162,20.8313681469465,332.809115753219,353.193561310252,2894.12132232821,985.065025672084,1507.4976143287,10310814.9033396,107404.321909982,,,,,0,0,,0
4787.18690764383,27.8919204127087,691.405905708119,91.4463245621433,1030.94454532835,23.7808175875687,368.602449487868,393.681811161751,3150.83952035703,1088.74317542313,1719.57888756053,11310059.7936816,117813.122851064,,,,,0,0,,0
5275.67781306776,30.302731471825,792.637791545778,103.864425963987,1182.09541821477,27.2653156451025,407.142184284056,437.234525967223,3403.41058122598,1197.52193476182,1970.43983729384,12337226.0727058,128512.771590218,,,,,0,0,,0
3040.28775103004,17.198208649032,478.917351360308,62.1890459138603,714.333800100995,16.4737193768173,235.7555031892,254.225252906939,1915.73839428324,688.718384310399,1190.04490178926,7030201.9620196,73231.2704378374,,,,,0,0,,0
6331.21543318195,35.2336860154984,1052.15307685697,135.375375477485,1569.5858513538,36.1902245297404,494.579147590462,534.613587369193,3882.16473590563,1431.13490514781,2613.38137631979,14459451.3189551,150619.284572723,,,,,0,0,,0
7040.91239281733,38.530586128503,1247.79804592262,159.09026746507,1861.71152832779,42.9128408138569,553.309328517318,600.445668069262,4182.38451513353,1587.80588319149,3098.20036168876,15873722.7584211,165351.278732952,,,,,0,0,,0
7770.91069512337,42.2391472627889,1481.35067774022,187.17406665356,2210.36127655536,50.9205026771788,604.289649637963,666.293801545532,4452.79855135537,1748.06526277744,3677.1925668822,17294055.6123377,180146.412628845,,,,,0,0,,0
8461.16001902464,50.6585022388011,1739.78989614578,217.919117072723,2595.81061639975,59.7476535836122,626.098995245815,717.671637166701,4666.95012666758,1899.11495491649,4318.89502042307,18607860.7162013,193831.882460782,,,,,0,0,,0
8825.90214913682,82.6764024649202,1941.88102992666,241.259588124475,2896.6239790478,66.6013004887261,585.324189066877,717.550298762201,4699.7953431169,1978.46320330959,4823.80738169935,19235080.0989965,200365.417697152,,,,,0,0,,0
8667.49872272366,175.871385990479,1992.82901326665,245.820445000159,2971.67112083696,68.2542272953783,480.759460195518,649.142733690609,4499.36708742056,1943.24524626314,4958.67602136541,18790968.1306225,195739.251361007,,,,,0,0,,0
8366.34911647817,373.185486981816,1952.04076566657,239.47240472762,2909.98374698283,66.7680103741492,363.11855354715,556.135590148371,4292.60726236936,1878.4858213914,4870.1543116646,18129254.9978353,188846.406227794,,,,,0,0,,0
8030.31824273688,701.595881401907,1860.9680871315,227.670778789154,2773.43490715698,63.5661606359073,256.420870056165,459.265300337048,4129.85332777436,1807.30008704697,4657.61346110343,17512344.2644289,182420.252753804,,,,,0,0,,0
7779.13792693563,1179.76801820581,1770.3054611439,216.755127402505,2637.44311722186,60.378189685966,172.39961261071,372.993377039324,4059.26829396856,1755.71489446519,4443.82736687598,17217266.9697965,179346.530935706,,,,,0,0,,0
7701.45117738365,1842.55408155304,1717.96867765341,211.42381481477,2558.2678053853,58.4910944291562,111.509601836577,302.126775582101,4118.46928114735,1743.37800110791,4322.10020641168,17462904.8339891,181905.258687718,,,,,0,0,,0
7651.38387948159,2680.7690262169,1678.84005120814,208.637075376046,2498.30869625892,57.0453616960547,67.8875974253955,239.715477129119,4226.38606796276,1737.17180437072,4228.91776773629,17934985.8924946,186822.769712806,,,,,0,0,,0
7590.51023854464,3662.56526478185,1644.24671646317,207.208114398368,2444.64019407885,55.7502356109021,38.7420880779179,185.733366643639,4354.82051793213,1728.15232548349,4142.82455701343,18517339.2644842,192888.950672062,,,,,0,0,,0
7474.88653169711,4716.90209623202,1601.46564750364,205.269608719404,2378.47643763106,54.1815841076653,20.7448608758012,140.16955315959,4468.05096682295,1706.11960832488,4032.86644879525,19050170.7067284,198439.278195448,,,,,0,0,,0
7274.2329642674,5743.28726124875,1539.92444964015,201.055106487015,2284.3764440302,51.9901530668752,10.5352466776832,103.108084991522,4533.36633978421,1663.99212095246,3873.91981676072,19380344.9825585,201878.593567583,,,,,0,0,,0
7068.28925478124,6729.56085859945,1475.09220807599,196.210656631084,2185.5380671429,49.7033785605304,5.22267941417414,75.0652303202402,4587.52194502065,1619.94740195395,3706.2390694076,19657345.1490632,204764.01196978,,,,,0,0,,0
6884.80904712154,7673.96693124674,1414.24848509078,191.568322354408,2092.84537149655,47.5657971135937,2.57376812768209,54.4544164330914,4643.47693354775,1580.42015144195,3548.8542156801,19939071.1555123,207698.657870298,,,,,0,0,,0
6684.22626665241,8515.41878784266,1350.32636145068,186.116838467923,1995.87701648286,45.3376719345646,1.26654433485043,39.2414961360459,4671.47649745662,1536.39165007845,3384.36416818284,20099569.7197712,209370.517913521,,,,,0,0,,0
6428.76360962869,9172.72724672849,1275.34667302044,178.639370021192,1882.90026274516,42.7508159895436,0.623760345287638,28.0263141244614,4639.85180526238,1479.18512722689,3192.93777462395,19999183.9443008,208324.832753512,,,,,0,0,,0
6181.03686048587,9710.87644043249,1202.00265100857,170.827427331021,1772.69451757568,40.2306889337957,0.311873833323637,20.0793967267322,4590.2420743297,1423.2241024696,3006.36654124082,19815636.7854008,206412.883181634,,,,,0,0,,0
5959.68680788021,10168.3228610865,1135.01079138349,163.403909529401,1672.17594535506,37.9333008519574,0.159003960113536,14.4900247883722,4538.15470044241,1372.8603297724,2836.3149521522,19618806.1492742,204362.564054196,,,,,0,0,,0
5726.07469371366,10489.60741253,1067.41517116013,155.432418679749,1571.05412992965,35.6245724570063,0.0821963649653538,10.4760555273676,4456.14150056266,1319.25236490357,2665.276669074,19291282.0043556,200950.854212403,,,,,0,0,,0
5441.47492521077,10597.6533385409,991.612049431047,145.803733214898,1458.14028446351,33.0507578830127,0.0428702406309569,7.55061838714838,4314.02090757498,1253.54392880847,2474.20244488379,18699640.9769104,194787.926843171,,,,,0,0,,0
5157.14958787114,10587.8493787944,917.114090145924,135.91880489726,1347.43091014217,30.5292850122209,0.022796272890197,5.48229251978188,4152.93747885932,1187.63377152207,2286.77866477742,18020508.0532701,187713.625554214,,,,,0,0,,0
4892.51142402294,10514.6169643229,848.043633536657,126.459408860846,1244.9500229777,28.1964739248877,0.0124034231406507,4.02616602203744,3991.47629957864,1126.08110944428,2113.20930552247,17336236.7895704,180585.799891687,,,,,0,0,,0
4683.81571138994,10478.5935747353,791.35507620914,118.56293212695,1160.85293221642,26.2819109859374,0.0069478152684139,3.01170803184172,3862.8825827718,1077.29516143525,1970.74745363915,16794376.3142615,174941.419940542,,,,,0,0,,0
4568.99857748216,10596.4669230786,753.864897545978,113.37031658183,1105.06147364308,25.0094904073242,0.0040273329631408,2.31002390765451,3802.5905850688,1050.02040529537,1876.28244173587,16553583.0995051,172433.157285884,,,,,0,0,,0
4495.29272191736,10774.6328638237,726.615496080559,109.629846477128,1064.3720996731,24.0796253723054,0.0023802079413471,1.79308230330999,3769.97072774125,1032.12279013233,1807.44195145641,16440349.9116976,171253.644913828,,,,,0,0,,0
4437.27736218136,10966.879557103,705.364869973,106.756348368034,1032.53042416529,23.3503845603973,0.0014872790227597,1.39767528422671,3745.34101320516,1017.77285955509,1753.63456393969,16370608.4529009,170527.171384695,,,,,0,0,,0
4451.59491360269,11321.95432823,697.734280063806,105.880905978274,1020.67975056911,23.0736251992763,0.0050828241040799,1.11069632126058,3777.50637100295,1019.97756663317,1733.79938496851,16555622.7052118,172454.403178663,,,,,0,0,,0
4615.85277501686,12065.7860524487,716.652157473872,109.053545968461,1047.68452230498,23.6751261224173,0.0397972227931811,0.931515296920007,3934.52550669156,1056.44923636448,1780.26429176998,17301042.556339,180219.193295526,,,,,0,0,,0
4842.60864008226,12988.0873247702,749.136811206263,114.403865805333,1094.5399178336,24.7248028730419,0.15584287301659,0.910400186110465,4143.71396136512,1107.10070440419,1861.30360259102,18291754.8238302,190539.112748578,,,,,0,0,,0
5085.08192552694,13937.7538480926,788.132756262133,120.920717619908,1150.98000664557,25.9906427229172,0.42555059278569,1.28306811969442,4365.87081281752,1161.26058245549,1960.09357767984,19346386.7284672,201524.861754133,,,,,0,0,,0
5343.39439713829,14851.6676319917,833.91489670482,128.686834239119,1217.48729360799,27.4833919688259,1.03433964672881,2.54305737742986,4601.91466894891,1219.03839204995,2077.91068785514,20449189.75318,213012.39326268,,,,,0,0,,0
5627.28829912178,15667.6019231016,888.384377988019,138.035174481773,1296.93856140988,29.2675127448722,2.37571182190688,5.52978746011608,4861.28419658457,1282.74555529983,2220.01649509268,21614227.7114565,225148.205328081,,,,,0,0,,0
5923.03161448824,16243.8061034855,949.742320760825,148.719366560254,1386.81953560625,31.2857379574175,5.11724789868068,11.4595713130168,5132.96560380336,1349.32304778758,2382.39767749883,22760547.6765447,237089.038296479,,,,,0,0,,0
6221.42165004992,16459.37787774,1016.56167742752,160.525046644727,1485.14259979206,33.4933634775877,10.3290984905792,21.8461004269144,5409.00583895077,1416.70659947145,2561.70644165085,23823713.1108786,248163.678238771,,,,,0,0,,0
6593.56932255253,16422.2200063992,1101.55460579877,175.496698321379,1610.53911327053,36.3119062461832,19.881530775112,38.8395887637643,5750.35504240179,1501.05123384565,2790.0197348328,25051489.6571865,260953.017262834,,,,,0,0,,0
7114.05267948906,16210.7792458443,1221.96235141632,196.555031887758,1788.25725029726,40.3133658430362,37.0918661460777,65.8054052391068,6220.42850001397,1619.22600077866,3111.15541597244,26701067.0999446,278136.115623411,,,,,0,0,,0
7661.84611877986,15452.4993589483,1362.93566112578,221.547665085655,1996.53284344018,45.0110936224001,65.6498515366245,104.972332481564,6709.73478989819,1743.5374101202,3486.90273074927,28291886.7622934,294707.153774426,,,,,0,0,,0
8181.99541809658,14082.1244288423,1516.46825166609,249.291196217048,2223.44775786402,50.1394578871738,108.588650696143,156.875344056196,7164.03931598059,1861.34644890091,3895.17132209588,29620787.5139296,308549.869937328,,,,,0,0,,0
8637.85197843003,12210.0681512139,1675.15547057932,278.638122348301,2457.88534999498,55.4474883653728,166.588793766889,219.404048174406,7545.34211236797,1964.27595789815,4315.05746714508,30588851.0137084,318633.86472497,,,,,0,0,,0
9004.39401543756,10057.1796709316,1826.63901094151,307.446299334861,2681.50874214694,60.5178631866,236.87749981699,287.814242499878,7829.06225161358,2046.77606365852,4713.41029829645,31159538.0285335,324578.521131148,,,,,0,0,,0
9309.29710456631,7907.81637014456,1962.35548669513,333.990427038246,2881.68555658461,65.0607143414163,315.664980838005,357.549421573682,8041.29384184299,2115.46673399816,5067.85973457732,31478011.8733228,327895.957014376,,,,,0,0,,0
9561.06635326028,5948.85665593874,2078.08185222812,357.424833402987,3052.18876227616,68.93168106551,398.991269435129,423.926995714748,8195.21541248558,2172.72508677901,5367.53681152592,31630530.4871669,329484.692573457,,,,,0,0,,0
9611.98011355272,4233.88592011908,2137.98568803526,371.482604637751,3140.3790659112,70.9392866425531,475.242553501351,475.18901698988,8173.5869072447,2185.39806214262,5520.03379943196,31191191.9196324,324908.249163429,,,,,0,0,,0
9368.5350795811,2850.59865894065,2107.83366662756,369.684757035748,3096.11026878409,69.94967062584,531.044727075086,501.195694122465,7908.82955950022,2132.30708255118,5437.95468122008,29898674.5562438,311444.526628106,,,,,0,0,,0
9051.77830566406,1874.43949475564,2033.55383079701,359.5708334512,2987.00757189469,67.4913262327193,572.495062853442,511.672047667251,7594.84785334581,2063.41182641099,5240.92406187114,28473391.836319,296597.831627244,,,,,0,0,,0
8723.65859912252,1218.55904415079,1938.83327453094,345.24935388849,2847.91315587725,64.352592687529,602.898214800768,511.872355972411,7283.44362024548,1992.39066732938,4990.52185419225,27102887.2894221,282321.74259866,,,,,0,0,,0
8416.17983078182,790.47613473938,1840.76628592031,329.839942989664,2703.92626183576,61.101347536721,625.371873873948,506.000317507248,6998.62712993968,1926.12555092841,4731.16037001973,25873239.939749,269512.916039543,,,,,0,0,,0
8151.59185901906,516.519741813716,1751.03205383079,315.542330997278,2572.17491648009,58.1251316645817,642.990285203582,497.493583678526,6755.61378160672,1869.37051661518,4493.25227625385,24836703.9982984,258715.666648,,,,,0,0,,0
7904.99660777829,342.05152415086,1667.4049916177,302.030169450005,2449.36865351111,55.3500110365578,655.074425220489,486.461297855719,6530.94141847602,1816.16519479265,4271.48232289556,23900690.6774781,248965.52789085,,,,,0,0,,0
7673.56779382961,232.144478637507,1589.95739593387,289.337281819089,2335.60799739035,52.7787065228099,662.22947146629,473.917835138667,6320.33504781302,1765.67282722067,4066.40835037277,23042182.6208773,240022.735634575,,,,,0,0,,0
7394.40634605998,162.233457527966,1504.43750776528,274.841151859592,2209.97401730142,49.9390578214857,659.484103611473,456.87088347772,6071.0178249943,1703.30383904995,3841.8682843704,22059785.0501884,229789.427605293,,,,,0,0,,0
7019.66149714611,117.28133751527,1398.76215149046,256.244047938062,2054.76336295203,46.4317936952076,642.49675235142,433.064816687021,5743.994195549,1617.99136036629,3567.23533762534,20801787.6329783,216685.287843919,,,,,0,0,,0
6651.16153298417,89.3095508766105,1293.45802827758,237.282926957734,1900.16081604748,42.9394339834339,620.941341500028,409.318480902482,5423.31717249197,1533.30383578785,3294.85120784537,19569634.6229583,203850.360656186,,,,,0,0,,0
6319.97197147007,71.750026612609,1196.8311369001,219.576373778017,1758.36011289917,39.7373065693031,598.811968074349,387.858337451312,5134.4431429469,1456.5854138235,3045.61964404456,18458229.2902162,192273.221772386,,,,,0,0,,0
6032.1663999914,60.4480753014497,1111.78512398967,203.769313226573,1633.60763449703,36.9209578246389,577.714668601828,369.213125152207,4882.19711914279,1389.39908374431,2826.66520887556,17487751.1635703,182164.074620855,,,,,0,0,,0
5789.54619163054,52.9780584970382,1039.42016881328,190.151848604579,1527.50301419712,34.5261869118797,558.634727041148,353.55999604927,4667.80500100602,1332.28105532129,2640.56398854113,16663723.0535356,173580.448474645,,,,,0,0,,0
5580.65143074875,47.8316124036761,977.627474903607,178.394835896031,1436.93724000564,32.482510617007,541.063175747589,340.22203787156,4481.74686732474,1282.67792327565,2481.78577717379,15951708.3936975,166163.629100411,,,,,0,0,,0
5399.09800006091,44.1480578607451,924.79829145322,168.235967857395,1359.54172494253,30.7363043748099,524.800175569166,328.814347320875,4318.65649961006,1239.18355178089,2346.11815303256,15331284.1257325,159700.876310004,,,,,0,0,,0
5234.03024840457,41.3643059088442,878.394568040326,159.22863325374,1291.58502817269,29.2032148384968,509.091322128753,318.670175855392,4169.65107714279,1199.35460943058,2227.02597989071,14769233.966273,153846.187148957,,,,,0,0,,0
5075.01689004844,39.1156479360068,835.939117567291,150.929838121704,1229.42639323863,27.8009875663469,493.142588947246,309.142246096098,4026.31382400788,1160.84883754565,2118.15851872173,14233958.8069441,148270.404238462,,,,,0,0,,0
4930.69606730879,37.2940578023523,798.290855448324,143.49864138752,1174.33005348078,26.5582799463416,477.97124570634,300.73820824611,3895.40628571532,1125.6846960523,2021.6397507742,13747996.2626288,143208.294402644,,,,,0,0,,0
4803.91812110718,35.8076594292602,765.531152616423,136.95278329568,1126.41566752376,25.4778437498711,463.996533038066,293.612509019591,3778.98721547104,1094.53533911285,1937.63242243551,13317773.6603771,138726.808962514,,,,,0,0,,0
4697.75526057237,34.6064297074327,737.889606415481,131.335481361148,1086.02046516245,24.5673293401077,451.622063668607,287.937409359191,3679.23141616613,1068.10944104475,1866.68299396399,12950450.7334832,134900.528473292,,,,,0,0,,0
4615.32268351663,33.6658374875716,715.674389565976,126.701956229433,1053.59751343065,23.836991230817,441.220576776174,283.895883014809,3598.28647556863,1047.1112228737,1809.54238053743,12653312.1255642,131805.334641533,,,,,0,0,,0
4549.40923072095,32.9024956165537,697.562105008561,122.815621591857,1027.19904315765,23.2427707899619,432.149924789754,281.042857775414,3530.23910478649,1029.89678038132,1762.84046792592,12405238.0575358,129221.229766233,,,,,0,0,,0
4495.86619318028,32.267075183346,682.658048831634,119.515328022453,1005.50899219815,22.7549106834669,424.054231124882,279.120743042831,3471.65739390182,1015.52761088647,1724.29795228865,12193672.19324,127017.418679122,,,,,0,0,,0
4448.41609383382,31.7022143256941,669.721915194762,116.579077615714,986.702964450758,22.332164035927,416.377449610252,277.736504230235,3417.5493926905,1002.59408614483,1690.76767698007,12000477.6315703,125004.975329085,,,,,0,0,,0
4400.35261347298,31.1525798053496,657.454224953251,113.775606910961,968.869678488504,21.9313305216703,408.535399793416,276.460885910553,3362.71705041068,989.604071728653,1658.9586253357,11806733.3570136,122986.805802448,,,,,0,0,,0
4356.83418978966,30.6498793300454,646.418067481392,111.197962241763,952.842102788771,21.5713222903398,401.054825632812,275.603560498142,3311.09549819864,977.73956802948,1630.28405385274,11625760.9174839,121101.67622335,,,,,0,0,,0
4319.88226330414,30.2045035874373,636.824424519694,108.877718946291,938.933995430833,21.2592844533356,394.159069431887,275.284312537457,3264.14747095061,967.46667091125,1605.2682725039,11462525.7034683,119401.309411346,,,,,0,0,,0
4285.72832744425,29.7872945349896,628.074015976944,106.707726065647,926.264124115075,20.9752975032473,387.539668140094,275.255375363524,3218.94975431704,957.952963560016,1582.39341648838,11306701.397211,117778.139554495,,,,,0,0,,0
4249.35455456114,29.3617204431255,619.372946255785,104.54902789826,913.663633822573,20.6929259178929,380.786836989084,275.178993451048,3171.73067907756,948.09469424368,1559.65376986381,11144898.9730782,116092.697635809,,,,,0,0,,0
4214.3312581126,28.9514348461561,611.197241499745,102.478607527453,901.835995282356,20.4281295459392,374.267678064365,275.266947238893,3125.18655629305,938.707539538684,1538.24364391692,10986464.6870749,114442.340490572,,,,,0,0,,0
4182.23241440157,28.5661256873561,603.769397580961,100.529806561219,891.110222461307,20.1883811921585,368.159123544677,275.609065914613,3080.46227575036,930.155041848087,1518.71762319257,10835420.3326667,112868.961798816,,,,,0,0,,0
4141.60701538213,28.1268573888118,595.380852960323,98.4143818869017,878.965259379717,19.9165936543961,361.492008068808,275.431069408996,3029.16774367054,919.905575281295,1496.77347905965,10662091.3828941,111063.451904742,,,,,0,0,,0
4077.92923608481,27.5356376840676,583.759131638493,95.7567080264977,862.046754571401,19.5368022143724,353.056155811289,273.717510317298,2960.99305171822,904.757028615758,1466.699773289,10429551.6693997,108641.163223111,,,,,0,0,,0
4007.0439011418,26.900637564206,571.032731051685,92.9107843452102,843.497370382025,19.1202497259164,344.277791544845,271.474293643094,2887.84410072319,888.241917512011,1433.85140238738,10179153.1437309,106032.84524739,,,,,0,0,,0
3937.50239342122,26.2790448539788,558.4396922149,90.0815446837215,825.145297620536,18.7083725311152,335.908295280732,269.256467842123,2816.01307961305,872.252098209564,1401.3409074771,9933039.55525466,103469.162033526,,,,,0,0,,0
3885.0864039536,25.7748643048788,548.373670792538,87.6566302293936,810.526734433712,18.3813201627339,329.285937893,268.148939349083,2756.66281646437,860.268994742688,1375.17515575366,9731034.27782719,101364.940394218,,,,,0,0,,0
3868.10819589896,25.5064833071716,543.719079388185,86.0917186067644,803.905148238526,18.2357519522917,325.932034338363,269.46553310989,2722.26277655412,856.328689978139,1362.57847296696,9618198.86567197,100189.571517599,,,,,0,0,,0
3865.94799024848,25.3341528850129,541.818578757651,84.9548654950949,801.353382315906,18.1825846429989,324.077759466016,271.831728170681,2697.64488459146,855.853814208656,1356.87627988334,9541931.62163083,99395.1210582929,,,,,0,0,,0
3866.7746694893,25.1785153670738,541.06487896554,83.9886846244823,800.495533377206,18.1679100847574,322.724501306766,274.434825943024,2674.26036455795,856.217693012449,1354.03642518561,9472302.71273097,98669.8199244604,,,,,0,0,,0
3888.26220909578,25.1530516899067,543.984021686817,83.58024998956,805.069874670994,18.2765710732162,323.346521808717,278.546800127898,2664.02354920864,861.326155544107,1360.37377750259,9451838.56951689,98456.65176598,,,,,0,0,,0
3957.28899490365,25.4274374795748,554.640620244442,84.3380103299682,821.093794943275,18.6451862463035,328.178939960488,286.166884642609,2684.43542382312,877.135678451678,1386.03224639676,9543948.77151673,99416.1330362709,,,,,0,0,,0
4045.02503552627,25.8108363531209,569.34215051551,85.6766974419636,843.104146046001,19.1497393254597,334.843978043161,295.302217166819,2714.74060799954,897.26834624866,1421.75480534368,9676455.18231823,100796.408149332,,,,,0,0,,0
4134.59251398694,26.1927584613568,585.807354965745,87.2392591484133,867.724818047134,19.7135720526813,341.973143976845,304.747394989376,2742.98451374166,917.979733052162,1461.82831394906,9807388.38732451,102160.295701483,,,,,0,0,,0
4291.68599504043,26.9848492422581,613.815823435839,90.4633590024114,909.442371091372,20.6657827700066,355.059923706314,319.408792860668,2811.5691250965,953.865699542144,1530.63335068676,10090274.4475406,105107.025494832,,,,,0,0,,0
4608.54070693192,28.7511741098114,668.72561507941,97.5564733936134,991.009115700134,22.5232427169163,381.92316362486,346.434049343774,2976.81373060525,1025.51507054053,1666.39458205837,10735209.8168041,111825.102258579,,,,,0,0,,0
4985.62140019398,30.8482330075286,739.401206360046,106.815635384269,1095.91624891386,24.9104449226897,414.645809348611,378.700433270274,3168.57358671753,1110.90337752822,1841.26233927171,11501219.9268553,119804.374238294,,,,,0,0,,0
5366.0452266695,32.9113759356294,819.727448388132,117.307339498832,1215.09299064154,27.6208624118385,448.820459019153,411.992711504799,3347.14568431041,1197.37921465178,2039.94734674501,12252287.5044241,127627.994837287,,,,,0,0,,0
5730.14577558806,34.8127024497567,907.566549627177,128.677015206099,1345.37774815745,30.582552985242,483.07215169151,444.731439103148,3498.3514955481,1280.48994017595,2257.07921842707,12940014.1837867,134791.81441469,,,,,0,0,,0
6067.37650772503,36.4838186161548,1000.50542436567,140.52671197505,1483.22158703799,33.7152074086271,516.719263837983,475.912555881308,3614.97061128034,1357.75236192252,2486.60618160996,13536552.1381435,141005.751439252,,,,,0,0,,0
6385.93124555648,37.9723971644214,1098.03263944199,152.73390531777,1627.90959811026,37.0032838945962,550.613188511441,505.907393640321,3702.01065719059,1430.83714539948,2727.2163855828,14056134.2119435,146418.064707212,,,,,0,0,,0
3935.03507681963,23.1183170562468,705.131364848219,97.0990439501107,1045.51552362659,23.765088681263,344.234326400601,314.520229437125,2213.1486150706,882.595767516158,1750.20700526444,8531864.33530398,88873.5868262448,,,,,0,0,,0
7035.82330910095,40.808787353925,1312.45608764373,178.881785622764,1946.30761665191,44.2415456550346,625.298381960332,566.481555124027,3828.92459950739,1579.23305421958,3255.54308908799,15006040.2166425,156312.918923644,,,,,0,0,,0
7495.14106987156,42.9354221465316,1462.42630061491,197.373652343679,2169.06033903716,49.302403796281,673.708870982838,606.349324339917,3935.79156591227,1683.01685471749,3625.44370127015,15723417.1857792,163785.595684604,,,,,0,0,,0
7957.72618474547,45.6487197558943,1629.53485721451,217.972083096146,2417.19387868602,54.926053397153,708.420731221624,642.246345762253,4025.19897283009,1787.22577404173,4038.05856495655,16431512.9416496,171161.593142494,,,,,0,0,,0
8383.74438403376,54.0129752462146,1801.63341841003,239.146149350726,2672.44549009062,60.6893726086534,709.472687902499,663.1449134416,4089.3598236899,1883.57358885074,4464.2533255258,17076428.0806662,177879.459173929,,,,,0,0,,0
8670.74273556383,88.145623029655,1946.03402807528,256.717445338434,2886.19906712811,65.488888059144,658.921743155815,652.090162949668,4102.73471820654,1950.13823271934,4825.17291402224,17502306.7409797,182315.695217875,,,,,0,0,,0
8746.96863276498,190.284013288669,2029.41465059195,266.546236994448,3009.16647492221,68.2117743746252,558.749113168008,602.05421676745,4061.8839027346,1971.54870908572,5040.71103597363,17626285.517749,183607.140810219,,,,,0,0,,0
8753.1852870874,421.137936503944,2069.40153340841,271.212578807397,3067.71539099734,69.462510938569,438.391439644352,530.038374973361,4051.61492875212,1979.45738912208,5154.50432580619,17770290.5856529,185107.193600887,,,,,0,0,,0
8730.61034128604,842.702719901939,2079.22164530719,272.750360560521,3081.47493496835,69.6884273942769,319.271249096649,447.845825561466,4094.61730661576,1982.6411021438,5195.97004466045,18053154.0625754,188053.688151143,,,,,0,0,,0
8534.77261271206,1462.39518300503,2029.08129595459,267.390716202707,3006.20221932923,67.8948196234598,212.692164103434,358.809181352753,4114.21986199689,1947.31066628318,5085.55769174831,18165156.2973325,189220.378097557,,,,,0,0,,0
8070.05737424539,2182.14962657517,1893.40334661943,251.390752437657,2804.06879856214,63.2426285044487,129.199130305272,271.613990330735,4037.10422077141,1850.08579013725,4755.45926231478,17790522.3273437,185317.940910167,,,,,0,0,,0
7559.13643260328,2923.35526221179,1729.74750868108,231.762784621948,2560.47821830805,57.6728777554551,74.1895740814742,200.9501318524,3941.18567388413,1740.75900195488,4349.61765843719,17293300.7366638,180138.549339592,,,,,0,0,,0
7065.99295911093,3627.17224533803,1565.02615149236,211.768882836513,2315.34496115098,52.0893380872319,40.9377215430292,147.265172107189,3841.5433808812,1633.80242778293,3937.01549821207,16771332.7632858,174701.382951212,,,,,0,0,,0
6617.37600627385,4264.28039807965,1413.80367495075,193.254651126262,2090.27272769515,46.9773217149158,22.0001321345638,107.751271348732,3744.78358307519,1535.50784712223,3555.85195135367,16273360.5487547,169514.17238317,,,,,0,0,,0
6231.50051567464,4835.15146529461,1283.94620518233,177.293470205771,1896.92921430094,42.595354305771,11.6810426535543,79.1980382126108,3660.04940191849,1450.35545488857,3227.17279152146,15847476.1605232,165077.876671517,,,,,0,0,,0
5883.62637083395,5325.56299124039,1170.90254334521,163.298226976672,1728.61062776047,38.7883195275318,6.18002182934702,58.4177908001825,3574.69311385045,1372.85637173769,2940.39473779025,15439478.9515808,160827.905745926,,,,,0,0,,0
5566.49779139022,5734.560106367,1072.24294580146,150.961043850072,1581.74215654635,35.4720455154513,3.28925310863078,43.2963629223916,3486.291093957,1301.5330980374,2689.91931679394,15035710.0190877,156621.979365781,,,,,0,0,,0
5256.89942700094,6043.99297136606,981.977169055894,139.461384839289,1447.48583023002,32.445327049652,1.76755368194426,32.1773753163567,3382.26889917204,1231.14075166985,2460.94636085729,14577423.3242879,151848.159627446,,,,,0,0,,0
4932.53127119517,6227.84661238423,894.409892623143,127.992724469507,1317.44658346551,29.5180438808546,0.959923919574699,23.9223443331829,3249.37025489637,1156.60245055027,2239.28362296121,14002232.7097397,145856.59072672,,,,,0,0,,0
4628.16255574346,6332.79703478287,814.949936218173,117.348206079623,1199.57936099879,26.8671483222588,0.531947599638587,17.9357838539551,3112.06390591184,1086.21336454059,2038.45209824083,13412066.8365371,139709.029547515,,,,,0,0,,0
4356.78993902701,6392.34542333972,745.3689552429,107.845248055292,1096.45246516215,24.5491127176742,0.301882382785563,13.6086897082536,2982.2614909448,1023.17299847943,1862.78264095542,12857278.2938637,133929.98222726,,,,,0,0,,0
4114.48653743328,6418.38216380686,684.528265123211,99.3874944444361,1006.34733835553,22.5246664554474,0.175281722819618,10.4454113386028,2860.44441560608,966.681618057937,1709.32322579155,12339668.9432777,128538.218159377,,,,,0,0,,0
3894.23697317035,6414.39144259117,630.779339936476,91.7916897004832,926.804061373031,20.7381942932399,0.10390599920633,8.0996550146119,2744.27064515531,915.18242432095,1573.87138040533,11848749.6318413,123424.475331904,,,,,0,0,,0
3698.63898833594,6396.63121362763,584.087384335036,85.0971332519766,857.741582857726,19.1874849931977,0.0628822839371559,6.35043613580294,2637.61256001957,869.353324526881,1456.27161759337,11400872.2713807,118759.086159784,,,,,0,0,,0
3527.64839244346,6376.37264289046,543.994353418735,79.2730193736671,798.460645143905,17.8565800106547,0.0388163327063013,5.03458043417208,2542.21542831118,829.233059364908,1355.3228417168,11003407.52334,114618.828368334,,,,,0,0,,0
3409.35820022481,6417.71426744192,514.455907296522,74.9287674063046,754.73969898708,16.8744002598549,0.0245988444697899,4.06677389199993,2480.08497379647,801.460046828106,1280.82263841094,10752224.8534169,112002.342223296,,,,,0,0,,0
3382.49290944415,6614.99736092385,500.998404938882,72.9060513649309,734.648260551408,16.4209361202006,0.0161373288377275,3.38027916887541,2481.63682164027,795.161520528553,1246.45540050922,10781719.8155807,112309.581411891,,,,,0,0,,0
3401.50993769001,6901.61954563587,496.500632274192,72.1978038285321,727.705887553882,16.2614728239638,0.0107695015194325,2.84587906262467,2515.4982843351,799.648377885513,1234.43177742382,10958576.782541,114151.84148501,,,,,0,0,,0
3437.57172719922,7231.84238987736,496.774683064586,72.2198730038415,727.75149142668,16.2580394712614,0.0072392338071902,2.3996473165947,2561.35863788923,808.156231356543,1234.30518417392,11196769.4683554,116633.015295581,,,,,0,0,,0
3459.6235632577,7538.52680768557,496.442277212505,72.1571171301928,726.910399900021,16.2347170428251,0.0063332624248419,2.01349756234614,2595.93357402352,813.397882948781,1232.71200209814,11392075.3556421,118667.45162084,,,,,0,0,,0
3434.74753641839,7743.27274527998,490.275428009129,71.2371962427133,717.544598896388,16.0210902588537,0.0171797388604715,1.67217173259815,2594.19738991439,807.645011033798,1216.76598485466,11431978.2458729,119083.10672806,,,,,0,0,,0
3394.39563513132,7902.66559378583,482.077392880975,69.9958551686377,705.250837240241,15.7424438119987,0.0538139802446441,1.41522205129434,2579.38793061481,798.300171736026,1196.07561218087,11413751.8939403,118893.248895428,,,,,0,0,,0
3357.12281378923,8050.00684801666,474.106271877612,68.7566224380159,693.352860886821,15.473117134887,0.126911125674832,1.28682316481015,2565.70792433675,789.734726803111,1176.37547879017,11396230.2929224,118710.732217509,,,,,0,0,,0
3339.3800765317,8217.11480678094,468.822232295394,67.8807515217165,685.459701140779,15.2936078682695,0.256952677415027,1.35112267635028,2566.16677358418,785.828239414706,1163.82988104754,11434528.3373084,119109.670180513,,,,,0,0,,0
3358.4916220011,8441.14123229676,468.933500209762,67.7712594824915,685.538177803995,15.2922209042484,0.485025308868043,1.70526340984312,2594.75084970274,790.671302505941,1165.20977055272,11588900.5377947,120717.713935581,,,,,0,0,,0
3394.86206502748,8665.85164741017,471.931530906323,68.0761377256996,689.93174309836,15.3871256359104,0.867490894658642,2.4732438625119,2636.9867691605,799.665619775101,1174.36268483109,11792083.9882851,122834.208210856,,,,,0,0,,0
3435.53087938631,8846.73622241606,476.097548132632,68.5535877717048,696.14328322959,15.5224145857826,1.47527369474649,3.81073168105541,2683.12138995798,809.762423276366,1187.0884851122,11996693.5564152,124965.557879553,,,,,0,0,,0
3548.44632659983,9147.26125248872,491.149191831215,70.6158021956868,718.404549951311,16.0151855087024,2.46500595424143,6.04028582375577,2786.7599396088,836.987730684695,1227.77081122023,12438814.0607764,129570.979799989,,,,,0,0,,0
3838.80503733129,9817.40971794915,532.918741668156,76.5829325184953,779.936183814632,17.382652377848,4.25735787545599,9.96469879121505,3032.47785059361,906.223297147698,1336.53475080074,13489647.7563236,140517.16412786,,,,,0,0,,0
4206.25915837273,10550.4415866828,589.594881895699,84.8326043978782,863.56899279664,19.2418360798859,7.45820266373985,16.4984475650061,3343.59824310591,993.875789064582,1484.63756455382,14794155.3448055,154105.784842004,,,,,0,0,,0
4583.72835928004,11114.9656214406,653.72442392943,94.3684588551256,958.489314686513,21.3523205178792,12.9219503608912,26.6974713346691,3667.68309393952,1084.1020219881,1653.84314961179,16104485.4069914,167755.056323133,,,,,0,0,,0
4927.80811340457,11356.4982534582,720.12899351341,104.487551044245,1057.14823469729,23.5473454778139,21.6369544376347,41.4883871722911,3969.33365917981,1166.54805954962,1831.01939390057,17253488.2924656,179723.836379196,,,,,0,0,,0
5204.20984009647,11186.234976955,782.921355528245,114.314730912382,1150.85566428867,25.6351183788344,34.3732662049798,61.1782911792608,4219.01810339566,1232.93481398302,2000.54518977827,18110146.1055689,188647.355266686,,,,,0,0,,0
5450.14835200104,10713.10587177,845.506925844949,124.281975491331,1244.50463464117,27.7259514287269,51.9279445167721,86.1276447017514,4444.76443141262,1291.90650399385,2170.18385698394,18800910.5985495,195842.818735247,,,,,0,0,,0
5682.21244522234,10007.4756638249,908.736416410047,134.467159917861,1339.23730491785,29.8457791284885,74.8858226663458,116.315677303169,4658.86633091528,1347.26912718746,2341.35826426555,19386487.6218051,201942.579393069,,,,,0,0,,0
5984.43772049512,9237.96299920653,986.447919504928,146.940605108079,1455.3707175483,32.4473975097524,105.122243791511,153.478720801817,4930.2108436344,1418.86574065463,2549.22039759002,20160561.2697385,210005.846560158,,,,,0,0,,0
6443.87827173979,8494.2313199689,1098.06505536629,164.76423868152,1621.54168077806,36.1698191794975,146.614869111895,201.383002179023,5332.33166116163,1527.25911207647,2843.66173375327,21419962.9855869,223124.614433603,,,,,0,0,,0
6932.92569501052,7567.39484511267,1228.36547700705,185.893703954365,1815.23374786768,40.5113141003435,199.428222866632,257.500474767341,5762.21097200179,1642.11356718529,3184.70431209683,22750891.7898708,236988.456143625,,,,,0,0,,0
7394.30349272167,6462.60004953364,1368.97112117871,209.190811210267,2023.97456338176,45.192535996444,262.381401408088,318.255959839154,6174.37002565963,1749.85007485816,3549.85762873656,23996155.9856993,249959.958184823,,,,,0,0,,0
7699.10454150069,5212.06118837911,1489.87275416268,229.977355235952,2203.34954879022,49.2196203305328,328.233896240289,374.15129688047,6462.60752982284,1820.07852921345,3861.04002599425,24771081.2270567,258032.096115643,,,,,0,0,,0
7748.49382515704,3951.7237250273,1555.85737454393,242.410407336905,2301.3291694567,51.4274886489914,385.721665669282,414.218556949545,6542.44483463797,1829.68846823233,4027.71770390242,24777153.9901191,258095.354062801,,,,,0,0,,0
7713.82333357664,2900.14455640793,1587.38992128686,249.239177618416,2348.27709237032,52.4930763958615,436.354099973041,443.109670008468,6554.82353694587,1819.35011273609,4103.97696808424,24558767.6578861,255820.496436779,,,,,0,0,,0
7651.84919564092,2081.6208893485,1593.64701057921,251.727156216997,2357.82331959663,52.7212252569193,480.840866184262,463.344711219179,6545.07198485562,1802.44927049716,4114.1033497141,24283437.4482228,252952.473419447,,,,,0,0,,0
7595.31792941337,1470.41878052904,1587.46789371527,251.957451092669,2348.93128617833,52.536224032844,520.673811766648,477.468809833276,6538.5819440037,1786.60618400575,4091.28802308807,24051429.2723935,250535.72158652,,,,,0,0,,0
7567.35436504527,1026.96699763543,1580.13236965993,251.832507877539,2338.24453465607,52.310572068021,557.844407068875,487.964541173408,6553.13188414458,1777.12380938063,4064.55854703238,23931803.0203855,249289.614796135,,,,,0,0,,0
7536.93398577948,708.325422516061,1568.9494817125,250.998300401547,2321.75926955063,51.9548309045016,590.546876028576,493.846841200791,6559.91467726316,1766.58932537423,4027.13341359689,23818141.206447,248105.637567607,,,,,0,0,,0
7497.13955837181,484.726420198933,1553.72090994776,249.434571494966,2299.19353988697,51.4626113550955,618.268556637483,495.521700891143,6550.88962247966,1753.32323012253,3978.93594405472,23677039.3933713,246635.827013387,,,,,0,0,,0
7307.78097145603,326.551828549703,1502.88560764402,241.985376889833,2223.90796899717,49.7897753237396,628.628488302012,484.510538769982,6401.59893300426,1704.66426439582,3839.98848431299,23048239.4284748,240085.827380383,,,,,0,0,,0
6863.78689809181,216.887682901276,1389.29910621126,224.061614337647,2055.86113981712,46.0394237806843,610.444276905526,454.711288451554,6018.82394653002,1596.63715244214,3542.30093662095,21580692.2070506,224798.877157185,,,,,0,0,,0
6380.59658983446,148.088375102996,1258.11571632892,202.852091167888,1861.93214446736,41.7086190222554,582.017431438382,421.370744386307,5593.02039199452,1479.94823327656,3201.84592973007,19955915.7239699,207874.12212393,,,,,0,0,,0
5926.73274126387,105.57183657487,1130.09180273782,181.826466513452,1672.79210434236,37.4839528485734,550.951386090832,389.689048129035,5187.09571829894,1370.65708597459,2871.28825008197,18408669.8405963,191756.97750656,,,,,0,0,,0
5561.02777968902,79.4422738200357,1022.19280709615,163.871471758795,1513.48640636115,33.9263803004601,524.296151935061,363.858017452729,4854.69589123403,1282.32151739569,2593.30504952211,17138029.2892984,178521.138430516,,,,,0,0,,0
5332.67463651145,63.5642876397973,946.095945615252,150.96882804545,1401.25972617192,31.4226468731733,508.131128002867,347.163200901405,4639.56513075226,1226.05675335837,2397.01770925084,16301813.75049,169810.55990032,,,,,0,0,,0
5161.48736718272,53.1336739972904,887.297545763188,140.844310141355,1314.6190238095,29.491270507552,495.788201266005,334.357649533295,4471.80697937797,1183.17756617205,2245.27076698578,15652451.4815316,163046.369599584,,,,,0,0,,0
5013.99385574471,45.9245357961615,838.803694424896,132.394768636618,1243.20332386729,27.9001383190412,484.491004496322,323.29087598832,4322.55351805495,1145.92038315597,2120.15128141847,15085168.9939098,157137.177020179,,,,,0,0,,0
4900.26747131949,40.9394173262576,801.040309648055,125.681301296774,1187.65010312776,26.6638337066302,475.486434281489,314.631055373963,4200.64671467219,1116.53743785762,2022.58712141489,14627315.0156334,152367.864745627,,,,,0,0,,0
4836.96864299197,37.5997010982277,775.753638839742,120.964472568706,1150.55782269703,25.8410189922855,470.621743319684,309.442078146827,4120.09853165523,1098.73676552843,1956.8517448448,14325225.2819586,149221.09668734,,,,,0,0,,0
4801.06713819823,35.2682702522431,758.41767079584,117.521645639828,1125.22484448178,25.2814995998846,467.814968918584,306.243793727022,4060.78265394207,1087.19156771779,1911.41670172532,14107046.1173511,146948.397056008,,,,,0,0,,0
4781.5643099802,33.5955026577723,746.527347036544,114.951618898365,1107.94425360646,24.9022124613597,466.075242198074,304.34755142437,4013.16762172969,1079.36744069304,1879.89877113931,13937857.0360189,145186.010791335,,,,,0,0,,0
4713.2853481041,31.9713433074008,728.801739889656,111.506800354436,1081.98391895948,24.3272441725211,459.079042911655,299.631753486485,3923.10389469336,1060.59862652323,1833.85704231299,13626577.9917787,141943.520747953,,,,,0,0,,0
4525.13250091416,29.852395823141,692.535228673229,105.244401087855,1028.48820115002,23.1326557724432,439.927226485531,287.597462495421,3733.94583079958,1015.12260034413,1741.34063659478,12970881.0681232,135113.344459862,,,,,0,0,,0
4309.04056024129,27.8000544591238,650.964157534125,98.1975158130351,967.110088121334,21.7603198349253,417.67910394039,274.053657197866,3524.48462062766,963.810721588355,1635.66551550984,12240756.8158874,127507.883498363,,,,,0,0,,0
4107.18610018116,26.0165102330902,610.882817418295,91.4072641594302,907.936935550038,20.4371378133,396.571905045244,261.617977731525,3329.94127036856,916.125154329649,1533.89256974878,11559076.4673245,120407.046534849,,,,,0,0,,0
3972.80444581086,24.7765419598932,581.075980677379,86.194249844372,864.020824378345,19.45691399159,381.844546505202,253.636133236237,3192.75171982792,883.849431904264,1458.0482433448,11075593.4164973,115370.76475539,,,,,0,0,,0
3965.14457146409,24.3923711258318,571.066944504427,83.9518947563858,849.529561736782,19.1389281024811,379.188927170913,253.903395470861,3158.15582964369,879.959797736444,1431.96783560365,10950623.5994821,114068.995827523,,,,,0,0,,0
4011.93299804938,24.37615533022,570.834197516548,83.1698020277227,849.57201569531,19.1480772979618,381.616461913144,257.853553034008,3165.82435216519,888.212452336668,1430.452736837,10977470.7476154,114348.653621202,,,,,0,0,,0
4070.80829260989,24.4530110509713,574.400267151275,82.9594608352962,855.259647013161,19.2841559272272,385.073801954337,262.806015522411,3181.21335092965,899.171638771263,1438.49353162553,11037105.6406147,114969.850423279,,,,,0,0,,0
4105.98373427159,24.402936290667,576.42742420763,82.5426961544337,858.647399914221,19.3680298513326,386.203755374492,266.459332530386,3176.38656576375,904.963298853663,1442.71230202922,11031897.2160446,114915.596000047,,,,,0,0,,0
4083.74303759155,24.0284034796552,571.444034552986,81.1356124086501,851.584170101249,19.215811973808,381.915705662217,266.580633978738,3126.41127612804,898.250306891541,1429.41657954692,10872824.5409392,113258.588968322,,,,,0,0,,0
4039.83772032792,23.5441930818308,563.698869813777,79.3456017506525,840.39914684323,18.9702993788978,375.654452259585,265.428319432399,3060.10854643218,886.988849573189,1409.2410528894,10657474.0666798,111015.35486145,,,,,0,0,,0
3994.0744795619,23.0647568116036,555.62435866556,77.5134568446441,828.719429773294,18.7134242958927,369.3192140591,264.262605676017,2992.99190905799,875.555072503237,1388.26328996179,10438781.7356307,108737.309745758,,,,,0,0,,0
3951.8528949986,22.6184827085154,547.928051519226,75.7354964174727,817.601559460117,18.4691096471848,363.441631012785,263.421909491249,2929.15303894016,865.133089241922,1368.24527947422,10230883.4736491,106571.702850705,,,,,0,0,,0
3914.99792440703,22.2131125966932,540.954226304536,74.0580875362253,807.559920662117,18.2490194368627,358.211944149867,263.017951277599,2869.85800621689,856.117399667723,1350.04203092969,10038466.6735756,104567.36118327,,,,,0,0,,0
3882.02346739658,21.8380170314816,534.619051532602,72.4690706987244,798.469722621168,18.0503611763616,353.511790373966,262.944577894578,2813.91097212547,848.178990593901,1333.44070770903,9857698.58159866,102684.360224612,,,,,0,0,,0
3851.98486483409,21.4863233893998,528.889117621543,70.9634975462209,790.281228086943,17.8720251036887,349.270843979224,263.131304774968,2760.56069147529,841.11032730133,1318.35534206467,9686215.26798141,100898.075708323,,,,,0,0,,0
3803.42490106461,21.0381785847455,520.775651706112,69.1420652161121,778.527712549681,17.6129995144872,343.5593586627,262.088047603987,2694.64015677417,830.228464437553,1297.33629087322,9470566.18727702,98651.7311176484,,,,,0,0,,0
3708.83179451455,20.3446154026456,506.22192988188,66.4782095721551,757.139026645969,17.1359023666019,333.910792591803,257.83819540857,2597.6286918832,809.527579499159,1260.28969148257,9144366.80683716,95253.8209042072,,,,,0,0,,0
3598.02117748509,19.5734828443416,489.073693224057,63.4966772992675,731.857757036668,16.5705873314783,323.018213877047,252.35707641137,2491.53551286843,785.496514349105,1216.80995932674,8783859.00848829,91498.5313385861,,,,,0,0,,0
3487.9478729588,18.817807483328,471.684697618097,60.5135048721619,706.201010569562,15.9966249804601,312.390151291539,246.79803573632,2388.37946507554,761.805759731296,1172.76282882104,8431357.01994706,87826.6356246083,,,,,0,0,,0
3486.10522247214,18.6521368022614,469.156623928123,59.454650275675,702.783550319243,15.926322100679,311.64612514028,248.857667766922,2360.47814170577,761.927726955743,1165.68187235573,8344313.36123362,86919.9308458673,,,,,0,0,,0
3747.55785108885,19.8846981202347,504.010379885813,63.0963232012302,755.375484805848,17.1253894750738,334.705427301733,270.024378946437,2507.64309913309,819.874120536075,1251.4374528789,8882796.46672298,92529.129861866,,,,,0,0,,0
4127.40191762978,21.7184643314746,559.310314540855,69.2069920257201,838.641257801447,19.0198875447784,368.823022009605,300.462806150153,2725.76111824194,904.218044126144,1387.85692512825,9688676.97486104,100923.718488319,,,,,0,0,,0
4524.87604601843,23.6126274845793,624.07072416097,76.3846132585702,936.117392404044,21.2360712293203,405.299558140077,333.184596250673,2944.46889787496,993.158877867376,1547.63330412968,10520677.1855472,109590.387349052,,,,,0,0,,0
4900.27622947115,25.3599246626571,694.757839403589,84.183725814673,1042.4963408504,23.6529143139734,440.888581337666,365.412230790331,3136.56487215146,1078.21217641412,1721.98784410395,11287111.7122447,117574.080336096,,,,,0,0,,0
5233.92843076462,26.8627517557228,769.081859423429,92.3090392193331,1154.34174267683,26.1921606416128,474.084891929502,395.70027177581,3289.48778228011,1155.2195989316,1905.22321817826,11943918.640877,124415.819176029,,,,,0,0,,0
5545.68716603276,28.2283270378415,849.298382081849,101.000794941361,1275.05188804834,28.9311161084133,506.923511581042,425.508456697964,3416.28601237509,1228.68280498073,2102.89006427969,12536471.7927158,130588.247840314,,,,,0,0,,0
3075.69333052296,15.5276645475425,492.50365512644,58.0311250899825,739.566837297289,16.7804211698702,284.437821200271,239.701549693459,1853.83071725761,684.497862570075,1218.84456126265,6885226.05744005,71721.104765131,,,,,0,0,,0
6216.26293199713,31.130044581087,1043.8262631856,121.851498463592,1567.82431294966,35.5717482476982,582.991032618907,492.361382911748,3659.44413627127,1390.57613246061,2581.95376904667,13777200.5257848,143512.505477186,,,,,0,0,,0
6751.63025127713,33.5645557953699,1200.60702686215,138.917310898879,1803.68946280088,40.9174820938329,641.707462683584,543.648044509508,3873.11472135852,1519.33865647939,2968.38471007575,14827718.1943827,154455.397857591,,,,,0,0,,0
7308.85882285814,36.3344260434895,1387.62132444285,159.254460729388,2084.97076715985,47.2804114094481,695.307166493755,596.530199300725,4077.73863292138,1655.99286769754,3429.55244694151,15926006.6278726,165895.902373975,,,,,0,0,,0
7825.08896044357,41.5430648571794,1594.11518306057,181.681504068755,2395.30475367197,54.279137878735,722.712671763683,639.531797634577,4244.98389600485,1786.94966083566,3939.52813042115,16958351.250452,176649.492192529,,,,,0,0,,0
8143.26610143992,60.0910700332679,1776.0044637177,201.326681179511,2668.23923117651,60.4068258145952,695.996883657577,649.635809515006,4310.15802917449,1876.45046961059,4390.89767791908,17619484.9679912,183536.301749241,,,,,0,0,,0
8156.24820425604,118.683555942294,1878.92609445056,212.262341082813,2822.14566707945,63.8256563342089,608.245374611317,612.833420233474,4247.26389619199,1898.20146737143,4651.45064910272,17702894.7367693,184405.153508349,,,,,0,0,,0
8076.57280981477,259.42474368289,1927.44448769937,217.527865216441,2894.11374344674,65.3851238113964,493.536388385788,549.879992704919,4187.90444723328,1899.16087647683,4782.81470469683,17685277.5869215,184221.641530767,,,,,0,0,,0
7968.11193256571,529.247326923094,1938.07875549242,219.248413183884,2908.98045920957,65.6491266810791,374.167345609361,473.542332597285,4169.80868897184,1892.81147975945,4824.13609207526,17735581.7319044,184745.643039998,,,,,0,0,,0
7805.76458564424,958.771959976718,1911.98504783678,217.678021613515,2868.42389771871,64.6574117783942,264.273516336374,391.470050848985,4175.72075317446,1872.01261423705,4774.26660723919,17810926.1752437,185530.48099246,,,,,0,0,,0
7570.24117802096,1539.86424664011,1849.70104076185,212.73616183198,2773.24804454323,62.4336478249661,173.890828517071,311.383951584692,4183.46071428642,1831.13082985951,4630.65404021213,17841670.1786279,185850.731027712,,,,,0,0,,0
7316.29231878007,2241.97197678283,1770.02544964385,206.254828149415,2651.72778255491,59.621758776982,107.7025137254,241.220685385154,4207.31904950926,1782.94313537988,4438.55259832637,17909889.5024776,186561.348983463,,,,,0,0,,0
7062.53797129445,3021.45202942957,1683.51533841866,199.154748029037,2519.79371987932,56.5856505864451,63.1484680497291,183.229547931936,4244.31984166803,1732.15394261329,4224.57385847574,18020991.3166277,187718.659548547,,,,,0,0,,0
6751.22118809877,3792.43260942351,1579.63537186567,189.888879495393,2361.85479370525,52.9796049734673,34.9823705749575,135.97015840368,4246.11800735602,1664.84097541775,3963.41030539883,17977808.57945,187268.839369611,,,,,0,0,,0
6339.96903378288,4444.13002029232,1449.06903286194,176.956149377554,2164.27023897158,48.5009458912092,18.420803444241,98.4776780850221,4168.41722706481,1570.60098304423,3633.28487379339,17592250.3264728,183252.607566758,,,,,0,0,,0
5928.1943967048,4975.42266889811,1317.08959845646,163.17040608148,1965.0262921265,44.0010075011738,9.51051366917788,71.0072369251242,4062.88712179158,1474.21828906212,3299.02933959784,17085821.8953213,177977.31140992,,,,,0,0,,0
5548.35421571846,5399.28824115951,1194.68024294289,149.896044987301,1780.55166193067,39.8443252151296,4.91162507816097,51.4229720903691,3949.66754802649,1384.18582716088,2988.99398985468,16551011.5866835,172406.370694933,,,,,0,0,,0
5272.60052413525,5807.78485883787,1100.2739497299,139.607415839678,1638.2332030569,36.6397315158477,2.59579359850881,37.96409644518,3885.01562931986,1318.96112603549,2749.56760351218,16230860.4905328,169071.463442435,,,,,0,0,,0
5168.44644913229,6336.78299612154,1049.50307928095,134.576227914127,1561.14721803684,34.8993123784686,1.4252496691696,28.9240133315807,3930.90023827657,1295.9393839872,2619.63779570466,16390846.4039397,170737.983374682,,,,,0,0,,0
5157.55712625582,6957.17462022086,1026.16942776923,133.009517133919,1524.99093352197,34.0765244802493,0.798525347746514,22.3428851123049,4040.39118529912,1295.87948764405,2558.48594660536,16838687.857149,175402.998512287,,,,,0,0,,0
5225.72898655769,7689.35070783538,1026.6945004143,134.627648219363,1524.31661791099,34.0475865900471,0.453323604554871,17.399296227813,4209.22011001809,1315.40571860749,2557.02667345148,17558051.0065953,182896.364651368,,,,,0,0,,0
5338.35282497947,8511.84396015893,1043.54976460821,138.58068947449,1547.85225421668,34.5592143877622,0.257836543135297,13.5302848252384,4413.97980993443,1345.90986558903,2596.40104535646,18452796.7373578,192216.63268116,,,,,0,0,,0
5436.30230764066,9338.95257663166,1063.59215664279,143.162969622694,1576.06989132519,35.1745441843443,0.145008248374666,10.3834114449293,4606.18869982559,1372.49051187412,2643.88938560195,19318604.6961263,201235.465585015,,,,,0,0,,0
5546.5687146341,10212.6471141585,1090.31454355194,148.81233440208,1614.15277978836,36.0089037154173,0.0809986226730458,7.90578425341306,4806.82208049916,1401.92535630066,2708.19465044217,20240382.8433827,210837.32128447,,,,,0,0,,0
5683.12836112799,11165.2511221219,1125.74871007788,155.807184224596,1665.0949518753,37.1286493828813,0.0449634436527862,5.98149364039995,5027.84708514622,1437.74385789123,2794.3435946231,21269042.3486246,221552.524465243,,,,,0,0,,0
5786.23175551421,12078.9962627197,1156.97239950005,162.331194902969,1709.78294385001,38.1073678772372,0.0245379567980652,4.45125049562565,5215.25052926761,1464.82770224483,2870.24565068208,22174965.4389819,230989.223323149,,,,,0,0,,0
5776.27255309752,12754.2474628968,1164.4020817167,165.456168535264,1719.34892045951,38.3024243041751,0.0130498886631476,3.22758217399314,5292.15836151342,1463.01534934109,2887.33242650913,22619415.9640731,235618.916291571,,,,,0,0,,0
5716.41978903487,13285.8801083404,1157.07550078367,166.229376702346,1707.23984770816,38.0147685668995,0.0068796766114883,2.3162846263897,5311.14465745452,1448.34999783613,2868.01485524927,22812088.9856782,237625.92693458,,,,,0,0,,0
5630.44966971528,13712.8626012644,1139.78005900776,165.242358216762,1680.56282771239,37.4034548307136,0.0040259322649228,1.65383867994745,5293.30118898954,1426.96865825957,2824.13048746884,22839907.6276551,237915.704455173,,,,,0,0,,0
5551.90856393056,14104.5813911134,1117.79745026974,163.141062562918,1647.15985634464,36.6439772830825,0.0263691407047069,1.19550747380263,5270.29089721006,1407.50530530355,2768.90767599595,22832055.5246099,237833.911713821,,,,,0,0,,0
5547.28904346714,14629.7756252793,1108.76873651472,162.614287427658,1633.07323907859,36.3162666868606,0.206146654534449,0.986993688642722,5308.11331206495,1406.97886938012,2746.94572835161,23080720.5856711,240424.172767844,,,,,0,0,,0
5604.13967150619,15230.5509514348,1112.99029041044,163.859933725497,1638.80455876315,36.431700069102,0.743998639469093,1.30659034071819,5398.51036131794,1422.44465917014,2760.20564331035,23544161.5068342,245251.682363302,,,,,0,0,,0
5710.42562930546,15802.3683368993,1129.98165719684,166.925267667115,1663.72574684335,36.9758849407645,1.97365668152783,2.78552356084105,5532.97268505903,1451.11274404178,2808.2661617096,24163559.6594228,251703.746451405,,,,,0,0,,0
5893.26112498019,16319.181777292,1167.38787780774,173.047792468169,1719.18924129171,38.2002479714416,4.70895007486034,6.51945689207169,5740.43920059713,1500.19039430469,2910.56853816454,25035905.2371319,260790.679553931,,,,,0,0,,0
6173.4287430631,16720.4913967496,1232.69041245272,183.463090902795,1816.34138094897,40.3518836711026,10.5664915718772,14.2709978934736,6043.38980009395,1575.38163241652,3086.44361291621,26227992.7214048,273208.25751513,,,,,0,0,,0
6497.50872465414,16737.9890332851,1318.80868465828,197.233404131431,1944.87615071142,43.2028409227283,22.28329191402,28.3731693085355,6390.27783740091,1663.52790864793,3318.66337078382,27485819.9537888,286310.624517592,,,,,0,0,,0
6847.02057554658,16243.1759137563,1424.5051573754,214.231655656844,2102.99225881672,46.7164295910931,43.9462611970707,51.4599257080159,6761.34158538485,1760.31015920713,3603.61026147683,28707489.1501585,299036.345314695,,,,,0,0,,0
7266.99838256738,15311.5309347138,1562.85000611214,236.469990949753,2309.89279406767,51.3237617274167,81.2798958915307,86.7053837605554,7198.08178372207,1877.83025344741,3973.0402635776,30071721.7129375,313247.101177002,,,,,0,0,,0
7783.9881977659,13981.7119195953,1749.27118954517,266.422387164597,2588.24019196837,57.5321851063219,141.364650134045,137.66039716575,7723.17039420935,2023.91199473995,4464.58659732915,31694963.3224557,330155.867941046,,,,,0,0,,0
8310.34697889289,12151.3431094166,1976.01888255522,303.075342192395,2926.37527949022,65.0835589690854,228.359089021984,204.99290401473,8245.55496292723,2177.06674655318,5056.47115849266,33252959.0849992,346384.990469372,,,,,0,0,,0
8810.75850567916,9970.29104910978,2234.22348990177,344.999381928749,3310.96206958,73.6783994785783,342.033991486761,286.663348616809,8727.68041074695,2329.30158471488,5724.14311140984,34656892.5147324,361009.29702912,,,,,0,0,,0
9244.49742310538,7669.80291611961,2503.44290310106,388.849988939619,3711.59059686412,82.6352555856791,476.750094340412,376.901663982399,9131.1819396899,2471.03761119251,6414.2804277522,35812658.8276154,373048.52945297,,,,,0,0,,0
9512.72376464191,5477.57572025825,2741.55839734787,428.002806519015,4065.76248342657,90.5579467958868,618.24475360552,463.683634474309,9366.30604724226,2576.15838332875,7018.85853701902,36418280.8272164,379357.091950861,,,,,0,0,,0
9584.46002710839,3637.76924483346,2914.35241699859,457.12490326507,4322.77383984117,96.3141479964582,750.999707214345,535.437271626923,9413.92149743195,2634.66344426855,7451.27041160121,36408302.5423368,379253.151483364,,,,,0,0,,0
9470.6262346258,2265.96961675203,2998.12088141478,472.537046517416,4447.5896372352,99.1227943557961,862.94291580994,584.783129718982,9292.97786939487,2646.2405274635,7652.80910299551,35818422.9978785,373108.572893211,,,,,0,0,,0
9148.74846312148,1336.38146433187,2970.72478168198,470.768829638443,4407.45237589011,98.2538965733994,941.391418539363,606.030584762739,8982.03184561986,2599.97074546714,7569.27947039218,34524429.7891211,359629.476970666,,,,,0,0,,0
8671.56101861504,763.829982506398,2843.42452450905,453.35931009665,4219.11313087737,94.0805112561072,983.640652169607,602.001446904271,8526.75224397895,2505.77329646417,7232.001731351,32666606.5429353,340277.151489528,,,,,0,0,,0
8164.7755057818,438.815497485674,2666.64662537659,427.991043062192,3957.38473009888,88.2698334450305,1001.25063417971,583.939391784249,8043.16372345283,2396.78228262836,6771.21581792334,30682670.533028,319611.151384545,,,,,0,0,,0
7661.09595038917,261.097827161155,2468.17360705244,398.883139573645,3663.44738034568,81.7390202064522,1000.04803223223,557.793498898139,7558.65358524897,2281.78601616707,6258.39226047733,28691574.3379337,298870.566020687,,,,,0,0,,0
7149.98781488785,164.969964669831,2256.67529376082,367.218707932106,3350.14071458285,74.7733678692913,981.200733046501,525.80133950733,7061.00603749732,2157.65274108575,5715.6990341315,26657394.6643098,277681.194420399,,,,,0,0,,0
6612.46454733585,112.350256020651,2032.47875482318,332.818267370034,3017.94974001015,67.3828683537269,944.283262158721,488.740776612169,6531.68675207224,2018.78420196752,5143.56922783531,24513232.1844479,255346.16858707,,,,,0,0,,0
6095.61713317097,83.1227725654646,1815.42275702142,298.801375427496,2696.32943633207,60.2246074420501,898.283398354524,451.575948800889,6018.50808299073,1879.98069037343,4591.48711909649,22443346.4621855,233784.858981525,,,,,0,0,,0
5630.13570207623,66.2651127594718,1619.73213325034,267.580491838181,2406.39239959872,53.7700382100961,850.472969492904,417.505467261117,5553.22698008824,1751.70631884465,4094.70443247535,20573130.4665485,214303.44236027,,,,,0,0,,0
5235.56305413585,56.1005510450814,1453.98919985776,240.751196833899,2160.87613518088,48.3040925920103,806.367411488037,388.479486188772,5156.1593877833,1641.21530862218,3674.39723675512,18981954.0986768,197728.688527164,,,,,0,0,,0
4920.97875623602,49.7500913473157,1321.37240204672,219.032542200906,1964.50415773842,43.9330394715093,769.484656765332,365.417703458203,4836.74448324533,1552.47673045759,3338.27604869569,17704657.215016,184423.512656753,,,,,0,0,,0
4657.76262514367,45.4472238918326,1212.86040628675,201.074545426963,1803.87792576466,40.3580915158417,736.859490397264,346.310650893526,4566.98272437859,1477.33677957906,3063.35854964515,16634920.3568392,173280.420384057,,,,,0,0,,0
4434.32064427684,42.3468815166519,1123.34791803523,186.117537631755,1671.4215990973,37.4105068484493,707.595486959043,330.346522436038,4335.55489308332,1412.68045477828,2836.63359420464,15726231.1640019,163814.907957757,,,,,0,0,,0
4260.64244170674,40.1593010328659,1053.58628557863,174.344559230464,1568.27192122797,35.1164236597321,683.970549679754,318.291440562593,4152.1312575136,1362.12544802301,2659.92543994738,15009352.3314446,156347.420119499,,,,,0,0,,0
4145.38666309756,38.7557211665745,1004.46156058343,165.948456348638,1495.76931351242,33.5065462348819,667.914498300719,310.81754908542,4024.76671944841,1328.81411332922,2535.42807984728,14510613.7194272,151152.226244309,,,,,0,0,,0
4064.93052296477,37.8012317973661,969.063804339075,159.816541234634,1443.64562992077,32.3514858826635,655.963958515736,306.187906939041,3930.01617099146,1305.42769488649,2445.6718653935,14142989.9646572,147322.81213131,,,,,0,0,,0
4008.6834207805,37.1355193157915,943.667308171457,155.34536012653,1406.36672054525,31.5276947088923,646.580741789526,303.629131687567,3857.29281573466,1288.68893688554,2381.23108050962,13865745.7823482,144434.851899724,,,,,0,0,,0
3935.19841177405,36.3393718786705,917.04683131535,150.680213055383,1367.21522063125,30.6607728711803,633.175710528842,299.994158357541,3766.72557370633,1265.34117421631,2313.75218497262,13532030.9708622,140958.655946738,,,,,0,0,,0
3803.67088471778,35.0170479198178,877.528440185284,143.871453472527,1308.79198387335,29.3607687538082,609.330918491805,292.072511868287,3620.17356661738,1222.36452194463,2213.7364754654,12998988.314812,135406.1282788,,,,,0,0,,0
3667.39269767339,33.6503672504656,835.995435684573,136.676263971243,1247.32986073571,27.9919567118487,583.871946957685,283.818016278539,3469.53992392172,1177.08629833652,2108.60087392427,12448763.7655559,129674.62255811,,,,,0,0,,0
