S_I,S_S,X_I,X_S,X_BH,X_BA,X_P,S_O,S_NO,S_NH,S_ND,X_ND,S_ALK,TSS,Q,EQIvecinst,mR,tagS,tagF,series_diff,tagR
2.24371360294696,28.7849237823616,0.161743815121777,4.20471309471666,22.1936467398022,5.06905378683642,5.0190039246581,1440.44163448702,202.704902868475,1799.83515450933,339.536271695244,111.596367180158,3158.87765237683,88740.0548313806,14.9775720850117,3703.1238849216256,3703.1238849216256,0,0,8.441363519858306e-07,0
2.27738647534401,28.7523514944623,0.160221563612514,3.81633753419047,22.3758375391331,5.13715145021435,4.99677463864588,1441.97292459009,201.568382656062,1804.61716453613,338.71722405445,111.936325776613,3164.75175503271,87968.7408690399,14.9770103322608,3681.637510039233,3692.3806974804293,0,0,8.42594508692282e-07,0
2.3172337292129,28.7129878060898,0.158621682529269,3.44578361917233,22.5640699508734,5.19420848360556,4.97584648939837,1441.24672537797,200.313341676603,1809.39456438897,337.836265436302,112.270524755189,3170.47584591705,87169.140360216,14.9765026301033,3659.268838256266,3681.343411072375,0,0,8.387125670021124e-07,0
2.36072110777862,28.6779231179941,0.156929094900675,3.09941129492016,22.7673299384826,5.23578011896059,4.95635701844522,1441.59368144552,199.015598505905,1815.1481096754,337.089670395385,112.659307905385,3177.76756517828,86421.0594512721,14.9760487488395,3638.976291910981,3670.751631282026,0,0,8.357213804094226e-07,0
2.40689623450948,28.6530097993095,0.155157023898086,2.78343450682139,22.9866723872919,5.2581608395603,4.93879407330494,1444.32614407575,197.677806169719,1821.81843064429,336.475373588366,113.098164523749,3186.5446920275,85737.0212273296,14.9756485815829,3621.105706542741,3660.8224463341694,0,0,8.344092749121728e-07,0
2.45551042736149,28.6376727890551,0.15333122200797,2.50265819146621,23.2176760995349,5.25919321355243,4.92373423267073,1448.85807565559,196.267079956289,1828.83401157664,335.891957500848,113.550718053905,3195.83260537453,85114.684990832,14.9753020522097,3605.2628624265544,3651.5625156829005,0,0,8.343262695542762e-07,0
2.5057880275174,28.6262675518312,0.151470442816116,2.26076001824574,23.4548525114103,5.23862422525728,4.91153461129188,1454.09136014712,194.746246338291,1835.63929755205,335.239116035277,113.981855165331,3204.67208321259,84547.3388758933,14.9750090917812,3590.930049680863,3642.9007348254663,0,0,8.347478632389084e-07,0
2.5560180472733,28.6121663023759,0.149584717362887,2.05903249148743,23.6941504686474,5.19814675291485,4.90218191197249,1459.19179072853,193.0928399768,1841.91301831256,334.459736159569,114.371577420356,3212.50447303231,84030.1375782139,14.9747696261234,3577.7791751829964,3634.7605398701576,0,0,8.351315384226882e-07,0
2.60401559124102,28.5916028882863,0.147683630833843,1.89517033038403,23.9332270026591,5.14066131011324,4.89538439039601,1463.74877106002,191.305638359076,1847.54632069095,333.536737625114,114.713660019715,3219.1457362136,83601.8146463145,14.9745835245611,3566.9102065399034,3627.2216139445736,0,0,8.352069757045911e-07,0
2.64829524913765,28.5654241770254,0.145779374298107,1.76285480264626,24.1694830850687,5.06918348264003,4.89084501839904,1467.59060308954,189.393261399129,1852.45912257199,332.459144258639,115.003987499858,3224.47206768498,83320.7576254689,14.974450683758,3560.029838471236,3620.5024363972398,0,0,8.348634028729339e-07,0
2.69027693686492,28.5395317371717,0.143878170455356,1.65057502286755,24.3979126358185,4.98648129709434,4.88844204785321,1470.56595370597,187.356323567654,1856.44707408274,331.192242580807,115.230787657079,3228.14757890124,83124.8569015645,14.9743711755857,3555.1648636908644,3614.5626570602967,0,0,8.340181469780463e-07,0
2.73394940557607,28.5216523091862,0.141978020366025,1.5452770608681,24.6133690310795,4.89437402738579,4.88820050288491,1472.61314803114,185.195042435801,1859.36810817283,329.711197008116,115.385961054057,3229.93837306927,82970.0753936536,14.9743450133404,3550.917417101696,3609.2588870637464,0,0,8.326502416469475e-07,0
2.7834534421375,28.5169444058985,0.140069409305966,1.43812646805981,24.8136450930032,4.79359520955664,4.89013537917226,1473.87194508051,182.924475797409,1861.33679187203,328.037319069434,115.477086247124,3230.04819178232,82804.7122188067,14.9743721386351,3545.805582142954,3604.377863608301,0,0,8.308528351406949e-07,0
2.84135740654585,28.52592901957,0.138141276401427,1.32642780121645,25.0005988521969,4.68447571561141,4.89409034889484,1474.66525666876,180.576241929654,1862.71892214796,326.237857801239,115.527244616123,3229.11239512942,82568.5024057645,14.974452388842,3538.2340786771747,3599.6533075417924,0,0,8.288190941762195e-07,0
2.90742893765529,28.5446378290604,0.136190893556158,1.21291229437863,25.1797955455579,4.5668913872947,4.89976502969956,1475.41794674329,178.19321702826,1864.0269063459,324.408157052739,115.568605769874,3228.02185880475,82311.4091035526,14.9745855964978,3529.993203877632,3595.009300630848,0,0,8.26787230309983e-07,0
2.97919661610205,28.5674063690895,0.134225271745834,1.10306512374767,25.3567363845935,4.44060947069395,4.90688325787782,1476.42807692528,175.810825106919,1865.62495567643,322.61883462013,115.624132451415,3227.4176901508,82069.8513245048,14.9747716583977,3522.38473666861,3590.4702653832082,0,0,8.249203980862921e-07,0
3.05322250278642,28.5900035145339,0.132261949449794,1.00213403428897,25.5335040711507,4.30580572859552,4.91531136163809,1477.7189392065,173.442696329795,1867.53834770789,320.881167670138,115.695741672711,3227.36068602777,81884.6369724757,14.9750105632948,3516.6502429516727,3586.1279111225294,0,0,8.232254208287349e-07,0
3.12521731405763,28.6105347200098,0.13032669963197,0.91503684314255,25.7080413432257,4.16336598510177,4.9250546114722,1479.07364420202,171.083754071041,1869.49453855148,319.155180057239,115.766920433964,3227.40106339036,81805.911631201,14.9753024382982,3514.1431028420566,3582.1287551069477,0,0,8.215801384383212e-07,0
3.1892525244438,28.6285096323104,0.128444728216852,0.847638568040959,25.8749968875708,4.01628792486622,4.9360069393452,1480.1379786339,168.720215861952,1871.0517753536,317.373736425502,115.811064502072,3226.8002345645,81791.382954688,14.9756472134356,3513.3541351321464,3578.5090382661692,0,0,8.197907717162525e-07,0
3.23857529608191,28.6438965630202,0.126634745472821,0.804053698458506,26.0291408748849,3.87020210116712,4.94767127635622,1480.63956898549,166.343600930465,1871.87379819423,315.488438424418,115.808736452984,3224.99738210128,81805.5207466162,14.9760447158938,3513.0364641602196,3575.2354095608716,0,0,8.177165111767363e-07,0
3.26935065687622,28.6568344224959,0.124900657520268,0.783789206835962,26.1682529694204,3.73138080002083,4.95927312744323,1480.53703357833,163.957994197659,1871.91502671255,313.497842709065,115.75871504292,3221.92164509338,81812.2698614217,14.9764946800935,3512.0891366794744,3572.228444185567,0,0,8.153459890678232e-07,0
3.28295651373263,28.6676743852523,0.123231379634143,0.781946496608065,26.2937765577058,3.60417244328378,4.97009614922621,1480.01266163653,161.577624460356,1871.40886924906,311.444437872977,115.676604905049,3217.97145184271,81770.5030243494,14.9769967250924,3509.4132546834985,3569.373208299109,0,0,8.12789392077334e-07,0
3.28462943500303,28.6770922628541,0.121606799406482,0.791155962670719,26.4102045368479,3.48938997512838,4.97975769611858,1479.39288316339,159.221583218265,1870.76617219201,309.39979467859,115.588127336578,3213.84417877968,81707.1907455032,14.9775507461604,3506.0477043213773,3566.619925517469,0,0,8.102351882432412e-07,0
3.28036094057522,28.6859131622519,0.120007445091282,0.804782546892304,26.5222516991718,3.38517789747878,4.98825110134318,1478.9508722858,156.903579656556,1870.32769900169,307.423441715379,115.51397917013,3210.11795734034,81644.4648745907,14.9781566944079,3502.846544233123,3563.9627012972874,0,0,8.078152752939104e-07,0
3.27293014306901,28.6948429303934,0.118439578112872,0.820128511695289,26.6317460217022,3.28871484301828,4.99587676909724,1478.72491712724,154.624915796711,1870.13736969804,305.525671140353,115.456321268392,3206.87027883532,81749.5384320933,14.9788155684963,3504.8447389434036,3561.5979828031323,0,0,8.055315572908922e-07,0
3.2584356311158,28.7049644773562,0.116959634831578,0.84290786014332,26.7324455476627,3.19760115411523,5.00335304207564,1478.28055441932,152.369747267533,1869.63874895511,303.628182419958,115.380612589823,3203.18104838025,82311.6749611124,14.9795294370476,3520.4062434104435,3560.013685134182,0,0,8.031553835806472e-07,0
3.2283928358418,28.7189536479063,0.115635538193052,0.888366512819624,26.8051711483692,3.11395018164544,5.01153970669821,1476.49680887645,150.095180466312,1867.39827634757,301.534116343923,115.199654358804,3196.6816921698,83136.9859897571,14.9802967424269,3542.9452911162357,3559.3815223927772,0,0,8.000869626045778e-07,0
3.17606180463799,28.7405105926902,0.114520745492307,0.971611614264306,26.8286974915132,3.04441132021,5.02077914977501,1472.28949449453,147.76068679816,1862.02553588816,299.068253657499,114.830429830523,3185.08890280059,84038.673465001,14.981115691788,3566.118864778279,3559.622141763688,0,0,7.957675499222523e-07,0
3.10161391209714,28.7727195973002,0.11367503689491,1.10220389427006,26.7934484176788,2.9935767037031,5.03100686722305,1465.49091973786,145.374221394945,1853.29667190444,296.236159126129,114.26154229404,3168.07316964117,85047.2536345087,14.9819860409221,3590.739906563416,3560.695168136092,0,0,7.901352845158636e-07,0
3.00350581581783,28.8202786186339,0.113288874075504,1.30491066929783,26.7017651584718,2.96009576680986,5.04235223826736,1456.8735190962,143.017619748333,1842.18177383624,293.257065827444,113.553957580967,3147.34068349827,86308.1381011402,14.9829080787934,3621.7419797253165,3562.7300618557333,0,0,7.835898771401844e-07,0
2.86979196602707,28.895580024718,0.113674516383664,1.65544797089456,26.5625007440757,2.94033969786997,5.05507368613325,1447.27140411294,140.809526103723,1829.72117273588,290.46433493686,112.773192176502,3124.80761743007,87688.8127770108,14.9838808528931,3655.8239920326228,3565.7330918614393,0,0,7.765619813306194e-07,0
0.0156959092239903,29.0151279490904,0.184747036325502,2.55893425784928,26.5314717985555,2.48974854763361,5.12243458929406,1436.78780405801,138.818340161717,1816.05340359705,288.374768031062,111.87158433549,3100.99546292434,89090.9870836791,14.9849037768946,3690.2935979003632,3569.6256076751556,0,0,7.695485998892128e-07,0
5.01402312333311e-10,29.2029504957619,0.343441416899202,4.67177997161592,26.9501941080693,0.764146576685251,5.34230645959537,1428.17701354814,137.485765746525,1804.61791918539,289.071343087374,110.973845908149,3082.78063691355,100225.120617676,14.9859723955966,4018.889600158288,3583.2396680534325,3,2,3.5542934312707346e-06,3
1.8862720523279402e-10,29.4451152190251,1.63114987067529,6.59971021551497,26.7800529665187,0.0586817706243736,5.45778022680385,1421.74434431727,136.659364695188,1795.65576015462,290.473853327221,110.338493086087,3069.480873784,103335.793169261,14.9870991352524,4108.735084533247,3598.695415596956,3,2,3.5986324175458733e-06,3
4.26887447241506e-11,29.7754208458262,7.80112870594162,8.53148313315375,25.9912658425642,0.0019506735081094,5.5147206246857,1409.1820910007,136.648566644524,1778.6091221239,287.976028535703,109.247422084994,3042.11944839513,106894.983996896,14.9882751173179,4206.789346608852,3616.069527911582,3,3,3.610261374225847e-06,4
3.7956384776989e-12,30.2244927483802,16.517763619345,10.5848471607273,24.9862570698371,0.0009357735812795,5.57218222848235,1394.24128086119,138.718314431922,1758.23953900407,283.205454989288,107.937100933307,3009.96037585656,110478.262081429,14.9894995321214,4303.401471587835,3635.162081902589,3,4,3.6305005927643107e-06,4
4.5491571298178604e-14,30.7845625734947,25.7594575032419,12.7117491434039,23.8269503636944,0.0007893938239377,5.63806264371257,1376.06365368513,142.869186016638,1733.43477121837,277.778201490839,106.332456872405,2972.25508309503,113156.435363382,14.9907715678507,4370.8194172861695,3655.0447125886317,3,4,3.6483870456437624e-06,4
1.75755614932495e-16,31.3918604547771,34.3737817316026,14.75300002033,22.6345389764104,0.0005964777020237,5.70681490347292,1359.34322735136,148.702082814323,1710.24091421794,273.347826101488,104.811112301002,2939.03604346034,114217.00971359,14.9920908504751,4391.193238116597,3674.4170422077887,3,4,3.6615967337136864e-06,4
1.5835843704669402e-19,31.9469369651651,41.9317745635571,16.5320665109114,21.5380548747604,0.0003939835179642,5.77062988168664,1348.39018000088,155.511797131562,1694.26864956957,270.637562504195,103.725606488912,2918.84269354126,114738.429201268,14.9934585046105,4399.727923882332,3693.0147571225207,3,4,3.6733462630291933e-06,4
7.64398093380811e-24,32.3917407040716,48.4370079432185,17.9853955144202,20.5861832427583,0.0002220523184298,5.82621651033199,1341.75511195521,162.660958500399,1683.75918857066,269.015817988127,102.971313408977,2908.04321225042,115003.520931472,14.9948746203841,4403.681332042168,3710.7814214955115,3,4,3.6825653679900506e-06,4
-9.97792774042522e-22,32.7275612238848,54.0488523097938,19.1482988102605,19.7652929661337,0.0001033634987844,5.87429303752852,1337.50370078898,169.97380457953,1676.26114595512,267.903198787483,102.398689570061,2902.35150040106,114797.845488539,14.9963386992478,4395.170957033141,3727.473849191551,3,4,3.690726227341611e-06,4
-7.1282680696088e-21,32.9814997242011,58.8969886128136,20.0798082497717,19.0559496190526,3.8605562811307e-05,5.91618971530912,1335.52570462289,177.351957371036,1671.64044104199,267.262121691105,102.002599958513,2901.46268389021,113990.161116037,14.9978502455601,4370.17030873602,3742.7761458473724,3,4,3.700152547710568e-06,4
-1.2280875933765501e-20,33.1830636701353,63.0940555820721,20.8354472443947,18.4506063857141,1.11926098642545e-05,5.95250904206034,1336.75360656533,184.503001316614,1671.12344263656,267.3148992297,101.863989207982,2907.17486081715,112940.324903791,14.9994092936213,4340.122093911808,3756.6679120814288,3,4,3.7117705978896266e-06,4
-1.3488045985351201e-20,33.3518820463552,66.7948740915802,21.458852169934,17.9388821890399,1.92203474066829e-06,5.98380444603315,1341.47942820531,191.214828498751,1675.11027726634,268.088061536161,102.010266550233,2919.95143809743,111784.893911923,15.0010156792877,4309.302756216383,3769.2277949026775,3,4,3.7239438403105124e-06,4
-1.22786321631195e-20,33.4954644173508,70.1643208900495,21.9764737940086,17.5040508858385,1.99171628075504e-07,6.01088934372624,1349.13086627319,197.485786460012,1682.87155471104,269.377341432907,102.395389400947,2938.5369506206,110500.25282602,15.0026690181918,4276.569497976934,3780.502054970995,3,4,3.734126229154681e-06,4
-1.04877965039582e-20,33.6142408770844,73.3290160311751,22.3998230970643,17.1307185209492,2.51865452895211e-08,6.03453635624699,1359.02945288185,203.387269934702,1693.5353024834,270.990346658596,102.963611887105,2961.52018945678,109081.901565687,15.0043689053734,4241.297835880355,3790.5193545559805,3,4,3.7408856493752093e-06,4
-8.96404650698705e-21,33.707013053561,76.3761347843959,22.7332865816067,16.8073706689934,4.9126343291094204e-09,6.05535335759845,1370.7234195733,208.958196465051,1706.52460884736,272.869218549811,103.678529749512,2988.001215865,107705.502533535,15.0061152813953,4208.465508943949,3799.411825925937,3,4,3.7440430101683525e-06,4
0.658440284587604,33.7940247264853,57.0450312399657,23.1996632390949,16.6544765713599,0.335596435740745,6.06210982970952,1375.74151975305,212.99784586686,1711.41413209851,290.327919466069,103.981346133897,3009.96310774532,97215.7329828668,15.0079147687817,3904.1477235727934,3801.59382379358,0,2,9.873063400393402e-07,0
0.821838133806224,33.9122989188688,33.178217352228,23.6236813133915,16.4718862708719,0.89310089071683,6.04691341100327,1369.6428604673,216.313457365302,1702.42654286214,308.953020093015,103.477744122219,3010.44281093395,96238.7223004384,15.009754557697,3878.9498490067836,3803.172518185687,0,0,9.271093310667765e-07,0
0.860321789818781,34.0198788255604,16.0938666807996,24.0192859107152,16.3794071317386,1.14608827787526,6.05454215474784,1365.79508142291,219.604819762394,1696.36124653445,322.855016716971,103.113228675257,3012.53200810227,95695.9276287053,15.0116412018999,3866.313766270579,3804.435343147384,0,0,8.607625030358121e-07,0
1.04889236626237,34.098000107365,3.80237390802802,24.0582957796343,16.4264564555927,1.36183418459802,6.04674165524226,1367.5669213225,222.857230100878,1697.55961184724,334.022564575316,103.2043526985,3024.15745438393,95344.3571656744,15.0135739705425,3861.8584271822274,3805.561285971597,0,0,8.255197365272261e-07,0
1.39095069032465,34.1506436608338,1.40479263601736,23.4729680514995,16.5516124559635,1.69485903498399,5.99458851093844,1372.37173093107,225.848168435441,1702.75524813771,337.938633688095,103.576282544436,3037.3849073003,95094.5813761964,15.015552359665,3859.4889774041044,3806.5983569606838,0,0,7.928861195098216e-07,0
1.5792715618373,34.1866482046833,0.852825503853197,22.6645715275725,16.77404926999,1.98234076537783,5.93751285642207,1377.55132625726,228.470288623535,1708.54858895695,341.038744539136,104.002572092202,3050.71759310332,94958.2829091949,15.0175761269023,3860.476439586403,3807.614924557395,0,0,7.730854156979103e-07,0
1.70992308071436,34.2089880553854,0.580588101060874,21.7911370338496,17.0345019771034,2.19805508178107,5.88701105191975,1381.80905844827,230.720206786103,1713.26660975926,344.126383591351,104.369319532358,3062.04423337635,94953.5153531869,15.0196450516183,3864.8597572806516,3808.6750140522704,0,0,7.613303477435329e-07,0
1.80023109974266,34.2104711708414,0.428383710935692,20.9084558200118,17.2851607893392,2.36043609181928,5.84428581160568,1384.76958970779,232.598823266332,1716.39259869476,346.914802439362,104.640731288005,3070.41165782118,95033.4161051595,15.021758693099,3870.848539502095,3809.805441787722,0,0,7.604905565113359e-07,0
1.86157095679293,34.1817946583009,0.339245615471364,20.0362969982256,17.5040798553089,2.4875587396242,5.80846410957139,1386.47020660069,234.094298981315,1717.9431632692,349.236787150912,104.816177698477,3075.75320361816,95173.2080755505,15.0239166512504,3877.626974430942,3811.016540584922,0,0,7.711557193451108e-07,0
1.90265736703251,34.1204220890892,0.287374326371701,19.1770974837037,17.6852658865857,2.59538009586358,5.77777548852494,1387.15099213425,235.208621441655,1718.21418345184,351.084668700448,104.913419171049,3078.52995609376,95081.2801177684,15.0261176393333,3876.5692533545025,3812.166588177371,0,0,7.865841943621262e-07,0
1.93040544032467,34.0308407403158,0.257402289101915,18.332693443822,17.8372716424214,2.69762235284224,5.74987046590924,1387.59838140785,236.0063771194,1718.20893322919,352.641314478708,104.994145462445,3080.45444862368,94488.1855849375,15.0283602710331,3860.1459474514722,3812.993818509683,0,0,8.000151282063871e-07,0
1.9475653370377,33.9203291009971,0.239317458645107,17.5165715332321,17.9818859113057,2.80107792484207,5.72262447387624,1389.24690049259,236.666118406538,1719.7476862416,354.266218505211,105.169712960701,3084.70156483994,93790.1234333392,15.0306453241833,3841.322359305676,3813.4739632689375,0,0,8.097382868851856e-07,0
1.95523879383774,33.7952083140096,0.227575473742727,16.7437054499805,18.1362937353689,2.90736402686725,5.69485959639966,1393.0038849946,237.360484186954,1723.97582634067,356.191595345398,105.509749847322,3093.32089273784,93124.7649700997,15.0329729526988,3824.9167757113137,3813.664676809643,0,0,8.191288361177249e-07,0
1.95521206168391,33.6596890426442,0.219577352283858,16.0192848463786,18.3041158254514,3.01713428048847,5.66624592050696,1398.70396760656,238.139285944593,1730.68079139628,358.38155532563,106.000917959589,3105.99953260166,92555.597917646,15.0353431223563,3812.72923615735,3813.6493417169827,0,0,8.319862662137984e-07,0
1.95029423709613,33.5166384362175,0.214195416910532,15.3467253409239,18.4807070800424,3.12998075917846,5.63705803051306,1405.23762237912,238.893080979669,1738.46134559376,360.569234981936,106.557345057266,3120.31630031519,92130.9580199639,15.0377558048568,3805.407639150985,3813.5164110304345,0,0,8.475128665689363e-07,0
1.94482392892517,33.3689062697348,0.210472721157653,14.7403225218944,18.659905203416,3.2443521791904,5.60785188840094,1411.01193493861,239.398656525255,1745.30764110267,362.389507416555,107.056117442932,3132.75855092236,91758.8064465655,15.0402102998546,3799.025305302806,3813.2863934792026,0,0,8.599663110835218e-07,0
1.94140431067108,33.2192567056697,0.207593438044515,14.2155774904992,18.8388675542689,3.35885331766025,5.57898515126388,1415.39713433997,239.549233968578,1750.41361746741,363.727622290182,107.448306316929,3141.93078753861,91402.1182095374,15.0427060644997,3792.015522978162,3812.9540361276236,0,0,8.67092521826703e-07,0
1.93959344060836,33.0698444950863,0.205285887687403,13.7770511238424,19.0180419519788,3.47219449038526,5.55058749197963,1418.6403921273,239.379692398531,1754.07800872018,364.674049910462,107.752377589306,3148.38614328441,91189.2960523159,15.0452434654998,3788.431206269585,3812.576761822115,0,0,8.700188361660866e-07,0
1.93795775335943,32.9251839167108,0.203680621204076,13.4280782450167,19.197053119615,3.58082631940865,5.52314816542904,1420.99832400163,239.003298550287,1756.61758519559,365.328338071134,107.98705263864,3152.76557093466,91268.3976499805,15.0478231151186,3792.9436889552817,3812.279291021103,0,0,8.705034880152926e-07,0
1.93668590583083,32.7971759559407,0.202796443782643,13.1864529277504,19.3728350167125,3.67874048352898,5.49770944807571,1422.25810125899,238.569544762819,1757.76636690267,365.712690329274,108.134612865439,3154.77788864402,91450.1045343987,15.0504436441528,3799.7635176158633,3812.0924884329647,0,0,8.695617292964562e-07,0
1.93627389236157,32.6996280397098,0.202545274055302,13.072910603423,19.5437661443928,3.76045469981874,5.47519187477224,1422.22542554535,238.218594019504,1757.28615868128,365.866894700896,108.1792538245,3154.17627610571,91651.8468972376,15.0531041486353,3806.3314503294177,3812.007767284383,0,0,8.676229088965556e-07,0
1.93569239735912,32.6391873006366,0.202860018366029,13.0939561184387,19.7105999028464,3.82204934221314,5.45612218365804,1421.15180508556,238.058269129643,1755.4940216893,365.91240698946,108.139833143748,3151.60729926313,92059.2228592785,15.0558052530575,3818.4594641953154,3812.1012701381646,0,0,8.650807037580171e-07,0
1.93392809743728,32.6153065035985,0.203660584429461,13.2382323649282,19.86828580246,3.86081866605717,5.44108841809668,1419.10025716152,238.140890285908,1752.46840083177,365.87392730681,108.020415196552,3147.24699427104,92895.3724505254,15.0585476701289,3842.926531257652,3812.5416310113005,0,0,8.620422124557308e-07,0
1.93300347962577,32.6265038021654,0.204922791760518,13.4727664941875,19.9993250575586,3.87897381231412,5.43057017115893,1415.49460769714,238.471527730257,1747.49949968846,365.550685177942,107.776234862642,3139.8632117477,93882.9092547613,15.0613292928838,3870.9502381277466,3813.3642874495604,0,0,8.581183280483174e-07,0
1.93498755639737,32.6725371677086,0.206834193716909,13.7559799475021,20.08736337844,3.88164314403302,5.42455328186363,1409.98140557123,239.061989605869,1740.16596542779,364.77082532638,107.380607963168,3128.69085998225,94895.6251568644,15.0641489661047,3898.449231193321,3814.546022779335,0,0,8.530732001756223e-07,0
1.94051821012159,32.7522587235865,0.209359398575708,14.0574612271407,20.1313820330603,3.87269918665981,5.4224275537116,1403.07164635374,239.953371765224,1731.12036095014,363.608386296038,106.873901374794,3114.81597355219,95639.8344217813,15.0670050889904,3916.9246329492335,3815.948469493991,0,0,8.470895106394801e-07,0
1.94814855533509,32.8615236173665,0.212062289112252,14.3561169792164,20.1494886544664,3.85598874883701,5.42262998824457,1396.35069323914,241.21719914412,1722.33676012146,362.447452296971,106.379216250542,3101.61088953406,95844.0181208826,15.0698963311451,3919.319984639994,3817.345381860829,0,0,8.40990043971392e-07,0
1.95325715339034,32.9933690766201,0.214765336418928,14.6360875235058,20.1710846105051,3.83426045821452,5.42322204480186,1391.63107065976,242.888100821625,1716.04602717958,361.763230709201,106.035855350158,3092.89251696321,95887.9150686429,15.0728238841073,3918.3661258001066,3818.692325113352,0,0,8.341245751949373e-07,0
1.95399534258114,33.1415871450171,0.217469397127177,14.8921370116497,20.2151510331636,3.80885491375876,5.42307047854373,1389.04228643463,244.847816492596,1712.37825680917,361.624133214934,105.852496636381,3088.8360310754,95900.6490492864,15.075787909805,3918.0307379865926,3819.9994094932636,0,0,8.229458565118239e-07,0
1.95168367804376,33.302960008483,0.220163934424159,15.1269199864287,20.2829798915961,3.78065625938647,5.42204644747363,1387.67180633879,246.958777165602,1710.18430120341,361.828117250554,105.758099326679,3087.42765563141,95970.5934738358,15.0787883731686,3920.3152822754855,3821.30221303589,0,0,8.07694526733435e-07,0
1.94813904542182,33.4774423078483,0.222753594874964,15.3418525447454,20.364741927938,3.75029701447767,5.42060442172473,1386.62140752996,249.133692728121,1708.36386347206,362.152839323735,105.684371233335,3086.73659271745,96166.9263295609,15.0818251565182,3926.6650921580617,3822.653019178482,0,0,7.909222094170764e-07,0
1.94543306452847,33.6673104557807,0.225063009202694,15.5280334089272,20.4464705383432,3.72044016231401,5.41907403938298,1385.22890269888,251.275149048083,1706.14723133516,362.403352297349,105.583533043777,3085.33587154822,96352.0718644656,15.0848972674141,3932.458053579013,3824.0429563227917,0,0,7.747326367303731e-07,0
1.94467674253535,33.8738146559758,0.227017788168822,15.6703580726685,20.5191560732638,3.69504969244748,5.41731336563531,1383.28381290282,253.296592493661,1703.32965999395,362.48551709505,105.443115606029,3082.74955230174,96477.6731734924,15.0880040563255,3936.079598130366,3825.4434143453864,0,0,7.598614486553242e-07,0
1.9456022263231,34.0947986691631,0.228644510723083,15.7584103198821,20.5821447918034,3.67662923245071,5.41496409439736,1381.01412016005,255.173469700393,1700.21868334717,362.430259435931,105.28267086174,3079.44499422744,96557.5353522366,15.0911451396411,3938.1028527141075,3826.8342716091984,0,0,7.459397305171388e-07,0
1.94735915281089,34.3229731419599,0.230007435163004,15.7900012246981,20.6390366605776,3.66555429884323,5.41177868139329,1378.75550808935,256.918605215243,1697.22329447278,362.318886703038,105.128519522623,3076.12663729388,96615.2170922293,15.0943201774929,3939.4735687784023,3828.2079215746758,0,0,7.319900597720107e-07,0
1.94933141899152,34.5449233565946,0.231131221252932,15.7681565426886,20.6931933479964,3.66101381358424,5.40771458548909,1376.71156792275,258.532353049898,1694.57484317503,362.215824230516,104.996769317997,3073.21032568319,96647.0708154301,15.0975287142549,3940.2220381452357,3829.5574892442005,0,0,7.172246025028971e-07,0
1.95123035373477,34.7482359074346,0.232024178587552,15.6974610055941,20.7463383830444,3.66205087206866,5.40284156809177,1374.9446985951,260.002982794933,1692.331661994,362.151275863189,104.89262324321,3070.80984895463,96661.7930346242,15.100770338455,3940.6507768666183,3830.880028382563,0,0,7.025552754086357e-07,0
1.95336790204654,34.9272045757899,0.232612558669831,15.5812131422494,20.7993730448399,3.66891787463125,5.39709594438244,1373.46724224725,261.323705479063,1690.49775861142,362.13304024177,104.816900974527,3068.93845583331,96534.6754121423,15.1040440618485,3936.9967572099863,3832.1284604864154,0,0,6.891370672958192e-07,0
1.95589722175573,35.0769932429471,0.232763911336856,15.4171329845232,20.8561948928258,3.68390788250224,5.3899462856641,1372.53078456252,262.508611866069,1689.37514468249,362.213671398518,104.78815863032,3068.11715353229,96153.7691799638,15.1073488713864,3926.0457335571846,3833.2205218011914,0,0,6.772987750975744e-07,0
1.95731324831385,35.1862282323883,0.232554831317007,15.1983840088509,20.9248374510827,3.70894045217833,5.3806676609499,1372.70906807342,263.6068629112,1689.65485212781,362.515897124092,104.848539898191,3069.5505250205,95726.3449198186,15.1106851338838,3914.4519988819857,3834.154216940051,0,0,6.676062731311459e-07,0
1.95636289759234,35.2448838325067,0.232127669919824,14.9231800511542,21.0102142511926,3.74379703020127,5.36900994110438,1374.31013437824,264.662058443496,1691.69644133093,363.102426695905,105.01944519115,3073.88475540131,95323.7516334989,15.1140527369679,3904.579205304215,3834.9545008987348,0,0,6.61258740190242e-07,0
1.9537547216392,35.2523290372163,0.231471615313986,14.5970529228557,21.1120584573492,3.78837928166059,5.35500851107298,1377.18017440862,265.67403433529,1695.30049660761,363.93265416719,105.288175038065,3080.78785803277,94734.3025891426,15.1174501312116,3889.9132834847096,3835.5720153098137,0,0,6.594836246629711e-07,0
1.95036024770394,35.2158173294074,0.230504909252294,14.2294155923698,21.2337278374254,3.84489935155656,5.33817944537541,1381.35519092403,266.643461315352,1700.51830256111,365.018476331331,105.658681706117,3090.34448177714,93760.5250416618,15.1208754634384,3864.5100987633646,3835.893549570408,0,0,6.629245241874332e-07,0
1.9442578713174,35.1459590759109,0.229303535040706,13.8358358139096,21.3870590832086,3.91469256232368,5.31768362942884,1387.44161433561,267.63875303628,1708.11125779336,366.517915445507,106.179467894725,3103.88892409328,92722.2730911151,15.1243295734647,3838.4889053138795,3835.9220699631937,0,0,6.722763351708409e-07,0
1.93360012894547,35.0521812189144,0.22795008089342,13.4338354135181,21.5806466980847,3.99653957109199,5.29321312162177,1395.81434010507,268.729032740548,1718.54714730715,368.531769803997,106.88024199698,3122.26511262341,91736.7113179394,15.1278126406651,3815.6776091762918,3835.7020214763793,0,0,6.887734382422241e-07,0
1.91840828723614,34.9408192516701,0.226506174383681,13.0345288808424,21.8129893285572,4.08798675599176,5.26519132634334,1406.15778076542,269.907892478823,1731.43333001305,370.984078607624,107.736561282357,3144.80826734401,90864.7735478166,15.131324705186,3797.6981513403566,3835.293377711476,0,0,7.135438018485593e-07,0
1.90001764921393,34.8177979142508,0.225008469821829,12.6382919916542,22.0752860328848,4.18630639015211,5.23447944096573,1417.74001376125,271.096746359367,1745.86038221401,373.687618650018,108.691618259184,3169.92325943745,90154.4571302071,15.1348659081511,3785.4708284428093,3834.7633505915965,0,0,7.46719385660399e-07,0
1.88097681712763,34.6924884426068,0.223461135923588,12.2332872721683,22.3554126968797,4.2900535517026,5.2019313473236,1429.43693682432,272.11293378792,1760.43593704002,376.344418516506,109.658729468757,3195.11207237673,89531.0442258014,15.13843537942,3775.901736503026,3834.143754653822,0,0,7.849457825741911e-07,0
1.86591259912094,34.5744606713473,0.221859029898608,11.8055517120587,22.6419258523843,4.39981914247942,5.16807731436522,1439.18043223577,272.586893273216,1772.60482201737,378.406127584011,110.478482168469,3215.75970870693,88961.9863235334,15.1420324178251,3766.467971375506,3833.4387985780063,0,0,8.152396491003401e-07,0
1.8578175182742,34.4686300329815,0.220179705991412,11.349447554852,22.9275292922489,4.51661485530512,5.13316531964818,1446.0879211057,272.366355451305,1781.27687833956,379.632425696536,111.08251440304,3229.89699047025,88438.2615645382,15.1456565028393,3756.237203958592,3833.992062317975,0,0,8.306110042523006e-07,0
1.85593178026528,34.3753172613476,0.218400734440913,10.8666321254304,23.2102532796241,4.63992668197366,5.09736848307814,1450.81283135962,271.56602366322,1787.26277425151,380.187169335077,111.520741553674,3238.97751655478,87955.2243357931,15.1493071518463,3745.5508465912244,3834.6578262403914,0,0,8.342312054224158e-07,0
1.85817375504128,34.2929925086956,0.216492978689589,10.3597716556912,23.4907868402448,4.76804812436936,5.06088668235941,1454.36478781929,270.337719369492,1791.8216084774,380.332235574829,111.870669307803,3245.23960359365,87519.3378500889,15.1529840179859,3735.353929828915,3835.4503792776068,0,0,8.320525718015461e-07,0
1.862957286513,34.2201445041195,0.214432855637063,9.8310929299094,23.7696829005366,4.89893744858509,5.0239822511443,1457.44906484815,268.777330435047,1795.83737991815,380.254156464547,112.186359182752,3250.24528856052,87133.076378117,15.156686733591,3726.2474929910736,3836.3594542888573,0,0,8.284933231467449e-07,0
1.86947588559372,34.1555606884667,0.212232392868293,9.28452734025966,24.0461443242508,5.03022739453871,4.98704774014695,1460.3530118025,266.939301275141,1799.66822184884,380.03443813109,112.489386704709,3254.64357029454,86847.5903381221,15.160415654084,3720.001279474885,3837.3896165069013,0,0,8.256108878420764e-07,0
1.87761785528202,34.0968777446133,0.209937273619437,8.72695065527674,24.3168072204155,5.15879010121556,4.95073638284849,1462.9993040286,264.853361598434,1803.20997732069,379.664828992977,112.772838191509,3258.2932528854,86727.8424750193,15.1641715070896,3718.5378764429415,3838.569564569571,0,0,8.237557968637384e-07,0
1.88820649326515,34.0386686361311,0.207582075990814,8.1668476638314,24.5751551689933,5.2814777625268,4.9158917466099,1465.0558781399,262.52408696901,1806.03716164385,379.076202520793,113.010134908189,3260.49801379444,86696.4412458896,15.1679528753663,3719.2759554135955,3839.9065010876207,0,0,8.224470486707059e-07,0
1.9021156362898,33.974714929835,0.205187315041206,7.61141017056447,24.8152041633204,5.39582106655126,4.88323340141839,1466.26790021366,259.955667591863,1807.82195383308,378.218821449775,113.180987594707,3260.72493391343,86708.0162959432,15.171758546812,3720.6593718967088,3841.3948364700555,0,0,8.211179967038334e-07,0
1.9199921759034,33.901755766987,0.202740558620202,7.06431471094017,25.0350652998439,5.50091121408049,4.85302273107192,1466.68072056747,257.175226563863,1808.61493130526,377.112870039143,113.288677159441,3259.08929819692,86622.940511398,15.1755858350989,3718.4878240368357,3842.9737699856482,0,0,8.194857368728572e-07,0
1.94198138261144,33.821138869442,0.200204116255028,6.52469525930867,25.240325547862,5.59819343393017,4.82475695259154,1466.78759861347,254.254845152902,1809.03005663232,375.8835343541,113.371766805892,3256.68102849343,86274.6841342424,15.1794313144308,3708.0675750359383,3844.5158297415305,0,0,8.176835766088743e-07,0
1.96661232413153,33.7380925893319,0.197573493970483,5.98984465298725,25.4451478887191,5.68893354871482,4.79746250084214,1467.47385292241,251.317983594666,1810.17283285084,374.75024384493,113.49955616767,3255.45200024668,85843.238260409,15.1832967265367,3695.5131164022964,3845.9777907072744,0,0,8.161694322574294e-07,0
1.9927809440533,33.6579678993444,0.19486320308073,5.4593578512309,25.6620673524088,5.77251010455829,4.77052254140769,1469.28100185462,248.451653375049,1812.72001685579,373.844819278746,113.714034495645,3256.60342261143,85426.9751854915,15.187183203799,3684.212580456992,3847.366281992226,0,0,8.152527145488147e-07,0
2.02096913235464,33.5833126724896,0.192106034722102,4.93685734080083,25.8938573053299,5.84640548111245,4.74414846363985,1472.02961869568,245.651656441288,1816.44841599052,373.119312863752,114.000130723855,3259.75308340863,85117.1551972101,15.1910921756934,3676.8091512990145,3848.730902504268,0,0,8.148535897841839e-07,0
2.05267583128018,33.513466789597,0.189340260556712,4.43075419773196,26.1332576798498,5.90611152361701,4.71940819402331,1475.05809701391,242.849414541138,1820.53323913503,372.406982278272,114.304410667917,3263.45818409305,85012.261519651,15.1950256385196,3675.812239108397,3850.164008342093,0,0,8.146167376107814e-07,0
2.0901284794525,33.4454565302138,0.186582770317856,3.95337990941891,26.3658411663863,5.94695129595721,4.69780228219928,1477.53055716563,239.946263781726,1823.93539961472,371.497092751098,114.559663823348,3265.88978546386,85002.4946304859,15.1989812717949,3677.2725803374788,3851.69816851355,0,0,8.140759339543729e-07,0
2.134686718653,33.3762339670278,0.183836125834521,3.51663085434138,26.5785433437659,5.96523035678694,4.68061310216205,1478.92261124772,236.873353880162,1826.0066552567,370.256611817238,114.7233452194,3265.89774247946,85017.0093631331,15.2029569772896,3678.6508828115193,3853.325940869205,0,0,8.12938304930899e-07,0
2.18555908828265,33.3042213495422,0.181103750638582,3.12864800276602,26.7655193567331,5.95723552241528,4.66871141365794,1479.22762220305,233.626024129333,1826.74156977206,368.684398987086,114.793586285819,3263.4662973376,85141.0941561066,15.2069539002858,3682.536580484192,3855.0539235518354,0,0,8.111962679604585e-07,0
2.24037901999877,33.228473756161,0.178397555441303,2.79404210979322,26.9234100151038,5.91848744755591,4.66292934596699,1478.56670498754,230.221258556031,1826.28559835063,366.814880987136,114.778322749624,3258.85857913221,85525.4399312803,15.2109744906585,3693.6046160849123,3856.9233143147826,0,0,8.089041172814859e-07,0
2.29765154449495,33.1472792837123,0.175712091076183,2.51312986783605,27.0439729060363,5.84643714411783,4.66409496647478,1476.72729097601,226.628033260641,1824.35865697744,364.600109120462,114.659517127961,3251.59328644307,86024.6753484578,15.2150149251968,3707.2728455552624,3858.94330088169,0,0,8.059252800943432e-07,0
2.35656172653303,33.0591079566969,0.173031843687577,2.28110473973532,27.1191608522681,5.74243410878716,4.67245997330119,1473.48685522198,222.803208827435,1820.66638239041,361.988983189226,114.419285412025,3241.15790000281,86541.7149905033,15.2190724020528,3720.4144984539803,3861.103488738916,0,0,8.021555687644877e-07,0
2.41667261450037,32.9639979031821,0.170325303789642,2.08877491245845,27.1495697701601,5.61201325028494,4.68718265659179,1469.20237715745,218.780196191718,1815.64297736506,359.073207723973,114.086427096945,3228.31943538601,86854.6128312024,15.2231427726049,3726.529009331917,3863.3372374123787,0,0,7.978104815936922e-07,0
2.47771974046887,32.8635883833087,0.167560292288123,1.92460321852693,27.1512169258507,5.46391499472257,4.7060977848988,1465.00742030298,214.701906294203,1810.70271677787,356.139127635407,113.751837597681,3215.56967367936,86706.5607326993,15.2272216598593,3718.629614152545,3865.516574490181,0,0,7.935068141694546e-07,0
2.53671919207432,32.7593893733185,0.164740801272764,1.78116153468159,27.1554618258844,5.30474140739048,4.7264950991912,1462.44863644856,210.77977317643,1807.78672225809,353.586299598269,113.539085491565,3206.33600557206,86382.7740561095,15.2313127460523,3706.554085132493,3867.6051826236308,0,0,7.900887020659275e-07,0
2.59011456915578,32.6510724702519,0.161892347158534,1.65690598636295,27.1885397286832,5.13794903844144,4.74642010325906,1462.23685233719,207.129916241608,1807.79677227437,351.613205170047,113.505703807099,3202.22611788398,86042.0246984012,15.2354181603063,3695.6856465268047,3869.613923272523,0,0,7.879340686227124e-07,0
2.63473208406806,32.5369313972172,0.159087189978289,1.55448178346123,27.2559759758019,4.96457793408238,4.7654364758617,1463.7951872005,203.707079908527,1810.02159225525,350.097379699036,113.607373077441,3202.01586473232,86050.9786704021,15.2395443166255,3696.794426775883,3871.613399187445,0,0,7.86736465400586e-07,0
2.665368817923,32.414500396595,0.156450154053335,1.48500289241905,27.3368128283645,4.78198769625066,4.78514667294476,1465.47588918992,200.34139716192,1812.40059894237,348.666263750513,113.714724675992,3202.13597008025,86894.9924686122,15.2436993656284,3723.490804988431,3873.7288633705484,0,0,7.856088114241401e-07,0
2.67759178121119,32.2827816950941,0.154048170843214,1.46808405233669,27.3845142239933,4.59011174620664,4.8083002775534,1464.66783114986,196.756282632817,1811.66213130215,346.753019437233,113.623432511313,3196.93383988454,88106.7545893829,15.2478722759034,3759.649081623653,3875.9861945216685,0,0,7.831398146869333e-07,0
2.66888379982226,32.1458587550896,0.151904206534922,1.5187384810003,27.3574143318475,4.3947949500316,4.83654173279789,1459.437281599,192.746991659087,1805.38163459997,343.97167697052,113.183926371368,3182.2437852115,89374.1497906551,15.2520562193758,3794.3680267590357,3878.363789958967,0,0,7.783147111642074e-07,0
2.64130230423542,32.0110561417734,0.150045262582854,1.63995545226722,27.2457249274947,4.20338504032726,4.86942875794002,1450.18931490122,188.37329248685,1794.05653810881,340.467803385268,112.43012018869,3158.98278619356,90477.6075425306,15.2562484626394,3821.265470823959,3880.765097920015,0,0,7.71384231043171e-07,0
2.59612690475605,31.8824583114726,0.148664476486563,1.84643920740647,27.0745871556231,4.02008920749866,4.90498471536846,1439.11153358743,183.928112061402,1780.4061581449,336.811575292648,111.534469712258,3131.97109162899,91237.5407920277,15.2604477834479,3836.4854808315013,3883.0020093898706,0,0,7.635371046260843e-07,0
2.52297925639947,31.7557754179713,0.148114155413283,2.20337815426019,26.8933429136005,3.84313142178379,4.94085969946417,1429.15237723959,179.872446458821,1768.08246961907,333.838773734295,110.727374367073,3107.78160609532,91852.1174011317,15.2646563676245,3848.3049154483706,3885.007019008785,0,0,7.563554864796697e-07,0
0.0108678969152788,31.6221901387722,0.243972070895703,3.17165472235796,26.9482142444429,3.09415197442506,5.04360008838226,1422.08297819816,176.548921558025,1759.25659621874,332.492658056166,110.07528946029,3090.59175368284,92415.704457266,15.2688748661008,3861.0858289647817,3886.786104749039,0,0,7.512677163247917e-07,0
2.0007904486537e-11,31.4783896169747,0.385414041803657,5.21370709364943,27.5961258326394,1.1011897223709,5.28586959419579,1422.84000772,174.735634538317,1759.91317192668,335.25486803002,109.901885150326,3091.88810915588,102864.455698068,15.2730893760099,4182.564426153154,3888.4910508531525,3,2,3.6130710341553458e-06,3
3.7066822138515895e-12,31.3670796350136,1.28425316340438,7.01130609316667,27.7690339912331,0.129311364557808,5.41739512967216,1428.46133293537,173.993612114793,1766.37531257309,339.535905792453,110.202047804364,3104.2315421168,105575.115746967,15.2773428521628,4271.58050103182,3890.1873572750123,3,2,3.698007857832913e-06,3
1.51477089250277e-13,31.2959182604872,7.34081587584901,8.77556271248613,27.1279078521111,0.003414031394014,5.47607674495979,1422.75355818303,173.453634988839,1758.31192065675,338.776063301856,109.644330770562,3091.28040901018,108749.676699356,15.2816038829488,4365.71289351568,3891.8428108886255,3,3,3.723037531801151e-06,4
2.84154192716383e-15,31.2967064890397,16.3206932424687,10.6167198218917,26.1680112819975,0.0014897399133304,5.53065755452017,1410.58173558779,174.541801372966,1741.89581167303,334.170850480855,108.541362907618,3064.3386620152,111911.304355251,15.2858694075242,4454.029765294476,3893.4118556147364,3,4,3.7397920606815203e-06,4
1.03870144215108e-17,31.3899822568634,25.5532308160772,12.5173161263417,25.0353162707159,0.0013041986053348,5.59409568258517,1393.76223018134,177.454697745812,1719.36912818178,328.348812788418,107.028924221372,3028.64619269416,113943.861472298,15.2901362609273,4504.607698701591,3894.8054835461467,3,4,3.7499006024513438e-06,4
3.16357609693104e-21,31.5511681119772,33.8629894259122,14.3274853288325,23.8813462158739,0.0010440763940735,5.65965012663225,1377.07069281589,181.841008069469,1696.79056242396,323.292641609277,105.498459197009,2994.55046576158,114060.093265586,15.2944032303251,4497.0982043714885,3895.9086602779685,3,4,3.7530547241372915e-06,4
5.02679302194447e-25,31.7184567172517,41.0552077136388,15.8674641359944,22.8536634747482,0.0007194702116312,5.7185651541497,1365.35666648825,187.116880075102,1680.37898069379,319.990222710795,104.350817446451,2971.83626316661,113675.309508284,15.2986751210391,4478.148898669747,3896.7255454320043,3,4,3.7589063681701735e-06,4
5.3095561650973196e-30,31.8475773808424,47.3916648171103,17.0775719041857,21.9962234140226,0.0003967788130081,5.76776544049209,1360.15521622575,192.968565010375,1672.1242907546,318.409534663032,103.714409189525,2963.31791547581,113159.779334895,15.3029527320055,4460.001221491066,3897.312210947097,3,4,3.7711155309476588e-06,4
-8.75394214128099e-25,31.9327142930165,53.1445909395181,18.0093069781961,21.2764346864337,0.0001648654644989,5.8089982265159,1360.02693613378,199.316229552897,1670.21140821975,317.99330321286,103.475121962001,2965.77513718818,112696.335567513,15.3072361732742,4447.111292393376,3897.8532561070992,3,4,3.786264908651028e-06,4
-2.91986009598393e-24,31.9886640033792,58.3729429208396,18.7527510927818,20.6456204792621,5.6045250194452e-05,5.84537170414124,1362.64473174508,205.997575069262,1671.7115788504,318.217219099993,103.450296995885,2974.20983487233,112400.522265887,15.3115253629535,4441.331846617411,3898.5945221266975,3,4,3.799826369014254e-06,4
-3.80451924877511e-24,32.0330119829834,62.9895870831867,19.3942587990914,20.0667798444065,1.72448737102092e-05,5.87939011499542,1366.08397275449,212.587630926766,1674.2499360513,318.742604651138,103.495048749769,2984.3760127867,112045.056291761,15.315818902043,4434.327149893449,3899.575824793173,3,4,3.8095969081841985e-06,4
-3.54106204724626e-24,32.0757339121302,66.9891806040951,19.9799385891635,19.52356763042,3.67749651290902e-06,5.91202711133525,1369.59245533774,218.730273272917,1676.93113305881,319.392130855941,103.556228498547,2994.47771547382,111590.162247372,15.3201160224811,4424.306762746156,3900.7737831945237,3,4,3.8157787945006565e-06,4
-2.91743964843962e-24,32.1177901122823,70.5071593412622,20.5143959813252,19.0137537272792,3.89938065475767e-07,5.94316923076497,1373.39531334422,224.361102799154,1680.05236716199,320.094934584038,103.65212387276,3004.87857622072,110881.84337503,15.324415459364,4406.656495120972,3902.1288560814414,3,4,3.819421141003118e-06,4
-2.38428518907995e-24,32.1530687912896,73.7275778015673,20.9735400241485,18.5425083201438,4.01574817201415e-08,5.97229571957463,1378.24638148592,229.562993172319,1684.54541530997,320.907079491149,103.839286213199,3017.1343009852,109831.693164157,15.3287160486187,4379.159008549469,3903.5649099634115,3,4,3.821597302248951e-06,4
-2.02726654543382e-24,32.1709152081837,76.8244664386253,21.3185344406945,18.1160617718285,6.545692208238331e-09,5.99893968331802,1384.97152862757,234.41796885355,1691.42011953587,322.011365481578,104.179137935002,3033.00509242111,108756.437131372,15.3330184116313,4352.1138435833955,3905.061246782572,3,4,3.822992987910488e-06,4
0.613359515112514,32.1680725499545,57.9037084928405,21.7228196007651,17.8749517838784,0.323769998860273,6.01065555684212,1385.74863721951,237.645785842842,1691.44260676221,338.024723587764,104.16396069735,3045.61328610497,98541.4439270462,15.337337904746,4047.084922641229,3906.550175939535,0,2,1.0048075010658614e-06,0
0.7555375245107,32.1491778760871,34.3270232109351,22.0175339039765,17.613420761408,0.853911099448859,6.00185085489331,1375.49103745373,239.933540728351,1678.0377447519,354.841594156666,103.353132988105,3036.84629562865,97392.9903401772,15.3416426205293,4013.546390351665,3907.952223245211,0,0,9.386948618576571e-07,0
0.791298160018337,32.1167134609731,17.4334869573721,22.249683016004,17.4534968382455,1.0893701047506,6.01448728851177,1368.71454557315,242.241913993082,1668.98087147236,367.492148608643,102.776160138498,3032.3539182727,95887.6957512144,15.3459452337079,3969.5030682077286,3909.027111807056,0,0,8.680078231427206e-07,0
0.936680065193357,32.0816562843943,4.57661887308236,22.167720968762,17.4734600238258,1.2910952148267,6.01087485998628,1370.50752795092,244.749439711489,1670.71812038338,378.940107251491,102.879212073559,3044.10216407408,94410.4591038034,15.3502467890448,3931.2237620335677,3909.7496673784244,0,0,8.342702988400652e-07,0
1.24458844924194,32.0550263560672,1.56915377645031,21.524888924112,17.615684858488,1.62850025976518,5.95839602933819,1379.21402100703,247.346304106606,1681.21013089692,384.217492250697,103.559773812237,3065.84670214636,93075.8885970751,15.3545474906051,3899.1852865697524,3910.1631705989,0,0,8.055173866020277e-07,0
1.40194522811803,32.0403349515045,0.974314167063898,20.7129726368501,17.9024897472383,1.94041417012718,5.89474375992755,1391.77900432965,249.916127970773,1696.60660244043,389.175342378313,104.562608924094,3095.00365324591,92003.2147701087,15.3588480148683,3877.5299191059207,3910.3408110105615,0,0,7.899475608458442e-07,0
1.5013499689985,32.0323100066375,0.682946913550214,19.8981776172827,18.2758686928795,2.18138250856485,5.8349954338276,1405.73472264878,252.372285139856,1713.80422675542,394.813867631827,105.683231103656,3127.26337570374,91297.5572135481,15.3631494180581,3868.3330934819182,3910.3769915959915,0,0,7.827939972510603e-07,0
1.56468567330924,32.0178440313497,0.51475515427256,19.1068142687791,18.6759660787271,2.36684026763359,5.78129650885924,1419.34906704504,254.618958242787,1730.60959744206,400.481761505289,106.782277707664,3158.75271861156,90758.579684291,15.3674499218061,3864.0480252821744,3910.306152906201,0,0,7.799387686907221e-07,0
1.6057130422619,31.9842111307131,0.408166926526737,18.3313006758172,19.0705233676369,2.51388233546486,5.73335283363479,1431.7366389378,256.568562946266,1745.89089715974,405.701318704119,107.788739041773,3187.36670211649,90298.161476621,15.3717482407658,3861.1767572058857,3910.1347964767724,0,0,7.919319296821778e-07,0
1.63325597778266,31.926763909476,0.337202232605051,17.5601100965054,19.448607934483,2.63718050824738,5.68977147921643,1442.3516669842,258.106843893131,1758.97068395449,410.193164030302,108.66060995514,3211.79160892194,89763.0391826587,15.376042169858,3854.526857771288,3909.9051881894484,0,0,8.233807941541545e-07,0
1.65375954469826,31.8510815737201,0.28995304480464,16.7927638915602,19.8115903910217,2.7497147829718,5.64866760048518,1450.25397009362,259.019231852276,1768.72629958616,413.653694773223,109.328254018073,3229.90019663363,89002.7786112593,15.3803290196924,3838.7443114640582,3909.6822544812458,0,0,8.571135529962567e-07,0
1.66854009056802,31.7713618278847,0.260079852385164,16.0449889954021,20.1690747693183,2.86007771883939,5.60834729011006,1456.07255989252,259.345803295893,1775.97844108351,416.26395927644,109.842116841727,3243.09144783728,88217.6426111078,15.3846100128184,3820.477544142431,3909.465120989962,0,0,8.813455977969989e-07,0
1.67699400160409,31.701560363138,0.241975994703829,15.3361905112189,20.5303900923064,2.97183549699179,5.56784052816255,1461.1647834617,259.294364305143,1782.42879342446,418.424844078263,110.306974082389,3254.41475831113,87497.4987933269,15.3888857890027,3803.5435555473828,3909.2424832799206,0,0,8.955253199763138e-07,0
1.67947842051572,31.6478760150777,0.23088753577997,14.6776666841041,20.8976351849012,3.08369260154887,5.52721650538988,1466.20150410968,259.02859794663,1788.90476038423,420.347048867669,110.773247270718,3265.41692047321,87181.2803267465,15.3931615015365,3798.9077839483166,3909.09850981941,0,0,9.032623176071592e-07,0
1.67747902995449,31.6068229259909,0.224188036382066,14.0770795671224,21.2585546332483,3.18884546793291,5.48807009714425,1470.55801539857,258.590973653365,1794.60854309549,421.884713382658,111.19019225732,3274.80570703697,87703.3491835481,15.3974444200424,3819.5047864159255,3909.24535510342,0,0,9.075359771840522e-07,0
1.67655145431269,31.565960806696,0.22009627130358,13.5431627019867,21.5814575420588,3.28196776736189,5.45285723626812,1472.28192797002,257.859083141785,1797.09097983557,422.524282894503,111.4051696604,3278.362101726,88588.785061264,15.4017256997561,3849.2639396852337,3909.7686742115707,0,0,9.091915559981499e-07,0
1.68216036199845,31.5111232776606,0.217369085941813,13.0820549357323,21.8349455926805,3.36265777664942,5.42335845826307,1469.78769171412,256.664380044639,1794.36374433153,421.853032799957,111.29547069524,3272.61243007805,89555.4173674983,15.4059994561107,3878.302814451682,3910.66750016442,0,0,9.080508903022246e-07,0
1.69518679008593,31.4346225813231,0.2154390945873,12.6936749192996,22.0086346317282,3.43268608618198,5.39991732950079,1463.52238891328,255.022477112583,1786.96070184506,420.020111272619,110.895499452243,3258.50770946391,90444.1645702854,15.4102631483249,3902.05040514803,3911.85103348607,0,0,9.048946538659083e-07,0
1.71258593952346,31.3372092634399,0.21426807505824,12.376699992818,22.1155170355894,3.49294436675983,5.38175506755525,1455.33087262012,253.143542618172,1777.15101025219,417.577665646022,110.346548811266,3240.10215965012,91132.5620341791,15.4145154481181,3918.1294866091494,3913.155052211631,0,0,9.008070315148962e-07,0
1.72941114951185,31.2248934820929,0.213927917708644,12.1405552200823,22.1836907818046,3.53918516727757,5.36807027511093,1447.35965483608,251.379624650046,1767.57512625418,415.215572109053,109.811130398966,3222.22032445794,91758.5811435234,15.4187576000233,3932.460480475437,3914.537312241418,0,0,8.955703347383633e-07,0
1.7412727322815,31.1038564218657,0.21439648952656,12.0002184887045,22.2391985341489,3.56436799847064,5.3585834411145,1441.18509167062,250.072957965381,1760.16604427778,413.488880116772,109.407129333101,3208.49007757409,92382.373546243,15.4229897999462,3948.1578136927146,3916.014670193119,0,0,8.903010779782334e-07,0
1.74725849220576,30.9776257256912,0.215642785008638,11.9633068124764,22.293440003173,3.56419613362009,5.3533481349525,1436.5105026734,249.261685996636,1754.55737735892,412.39440983716,109.11026080384,3198.36190472339,93125.5893594256,15.4272125054858,3968.800619653343,3917.5807238958073,0,0,8.861333253523435e-07,0
1.74968191674608,30.8473688938436,0.217439745831378,12.0278681115179,22.3404270370581,3.53924727438114,5.35255372039146,1432.00592728867,248.799857552329,1749.12313396593,411.573706554575,108.818807060304,3188.95015343411,94108.0196315018,15.4314258667058,3997.1014678392494,3919.1867128185318,0,0,8.820447100071533e-07,0
1.75183610011073,30.7139569991348,0.219517129808976,12.18287217394,22.3620095825274,3.49646521741318,5.35601589040536,1426.5781448076,248.57071105644,1742.54964414661,410.651464642314,108.45095922973,3177.85922461399,95135.5791336407,15.4356277143746,4026.2353080218327,3920.804265629929,0,0,8.773671522896029e-07,0
1.75577743532714,30.5792774563621,0.221909871279168,12.4109172249932,22.3441868893055,3.44510866296378,5.36295984736123,1419.79334606313,248.511297099067,1734.34359267244,409.403964860931,107.976288039129,3164.10835331256,96111.1902377179,15.4398168905166,4052.8478140456587,3922.412584201307,0,0,8.717182724874238e-07,0
1.761455181837,30.4458365796617,0.224832654578768,12.6932489647474,22.2878511456772,3.39078922007705,5.37239035728506,1412.00018925745,248.615285497916,1724.95757957282,407.862675403186,107.423540359482,3148.40883733916,96965.4198916441,15.4439926179266,4075.0281827312533,3924.059496178203,0,0,8.62616460301565e-07,0
1.76892375292285,30.3176500910675,0.228326815009346,13.0055831025362,22.2053673186926,3.3352644470595,5.38332762711165,1403.31426407721,248.792289255191,1714.53386968904,406.042869590522,106.802011204225,3130.92597532599,97646.9963595892,15.448154285658,4091.2516038421054,3925.8504505448914,0,0,8.434620565155228e-07,0
1.7783594287829,30.201688925358,0.232175244739169,13.3115041305272,22.1119242103308,3.27885536880835,5.39490757307828,1393.94906487433,248.947167783713,1703.31150565216,404.013743499423,106.126790364943,3112.0200857635,98205.5273713292,15.45230176721,4103.18087870721,3927.7756042210076,0,0,8.125415628509927e-07,0
1.78918282696012,30.1041402508549,0.236141122926596,13.5782298970341,22.0183705940741,3.22236049273332,5.40646473412912,1384.43813171394,249.067239069535,1691.91906473588,401.940665803201,105.437265462219,3092.78554393041,98663.5544462755,15.4564347318988,4111.893033033498,3929.7950031277464,0,0,7.767328342737573e-07,0
1.80123626457876,30.0273534507375,0.239653190105055,13.7887358304662,21.9313813067689,3.16940291824023,5.41715508820348,1375.39255575833,249.196531664306,1681.09639239261,400.000925374063,104.780256543476,3074.53198319824,98753.3777902817,15.4605514984785,4109.561144431565,3931.7663141918715,0,0,7.447518981133726e-07,0
1.81395500887032,29.9739050039269,0.24177020277696,13.9332703502933,21.8631832993459,3.12697479548561,5.42531819599079,1367.8362181732,249.444955871237,1672.10120345177,398.463226164179,104.235766932586,3059.48158724235,98258.9461836874,15.4646505404168,4090.2565202390665,3933.470391567715,0,0,7.207325113661818e-07,0
1.82374862385166,29.9507285552564,0.242381442042692,14.0064124475033,21.833986518755,3.09966781072312,5.42916514734227,1363.17209757668,250.002151766695,1666.6470012297,397.690696318739,103.912320159302,3050.69557742513,97601.6460433108,15.4687331014265,4068.0473125149406,3934.8827796816317,0,0,7.045965581554129e-07,0
1.82761049765293,29.9629580625567,0.242089345951976,14.0115681873005,21.8557287094363,3.08726273867456,5.42804878933638,1362.01197228298,250.995387683062,1665.46999468535,397.840963631116,103.856513790693,3049.53117096644,96924.9866655397,15.472799315858,4047.8295150769736,3936.046841316492,0,0,6.941769406794811e-07,0
1.82446537812093,30.0079092120188,0.241680970463958,13.9609644423596,21.9246333276296,3.08498021036038,5.42284995495495,1363.81601058439,252.408264707264,1667.90088932498,398.773097016662,104.02614925309,3054.84267646934,96611.1558695147,15.4768507041724,4041.037027180441,3937.1190723005166,0,0,6.873258019989453e-07,0
1.81551265109364,30.0675325236649,0.241909194438802,13.8789755258357,22.0187799387568,3.0840065455604,5.41602888465467,1366.95207210553,254.082231418485,1671.94456781151,400.057034033238,104.295454834703,3063.10967349314,96996.620782798,15.4808886853006,4056.8879764115463,3938.3421390466956,0,0,6.822899193533795e-07,0
1.80668588392495,30.1013880017054,0.242575313843467,13.795214595971,22.1008910822673,3.07950024663075,5.41031508376991,1368.97321431194,255.698589824884,1674.63325990586,401.022027456765,104.478609519454,3069.00170343732,97554.6473212015,15.4849098762462,4077.25783956188,3939.769595311452,0,0,6.774987363499941e-07,0
1.80307427028153,30.0706423149805,0.24320019319113,13.7256963636296,22.1437529125656,3.07279956261734,5.40698928177439,1368.30789795621,256.970030052415,1674.08312236212,401.214379273516,104.45874601167,3069.04203792239,98101.8515241992,15.4889126767708,4095.281517431119,3941.380332192332,0,0,6.720908983508616e-07,0
1.80613039132628,29.9636293070026,0.243348180250076,13.6667375062889,22.1442419195005,3.06798981750145,5.40562110969942,1365.08060628576,257.819022011187,1670.46922945317,400.642033065644,104.247927463962,3063.44013641706,98400.6159587764,15.4928954782568,4103.671917259465,3943.1165317761806,0,0,6.66098482757875e-07,0
1.81457516747318,29.7985097918816,0.242436982731576,13.5927022843574,22.1189858533548,3.07083478537618,5.40445600015885,1360.66939279072,258.345425225878,1665.47954758176,399.656673770068,103.952598939046,3055.13930627431,98267.6406307931,15.496856997346,4097.754009889917,3944.905159654647,0,0,6.601529576529083e-07,0
1.82422433256746,29.6119007445206,0.240633878906283,13.4615021570447,22.0924244605802,3.08525279988066,5.40155007451,1356.91776652862,258.731921994588,1661.35926992152,398.735791615375,103.713380443896,3048.10461743244,98045.7115602271,15.5007982513113,4089.504953889782,3946.728627935978,0,0,6.550800479302689e-07,0
1.83164352187035,29.4334623169666,0.238581587676006,13.2452590024113,22.0785946124926,3.1112120121798,5.39610840517055,1354.87013166579,259.117698125093,1659.36985435137,398.152383695527,103.608604743223,3044.59986466249,97847.6256339288,15.5047192729937,4083.19330742984,3948.5891914997865,0,0,6.512898386232928e-07,0
1.8365708043964,29.2734172045228,0.236580648789867,12.9445846108653,22.077893503575,3.14698759165145,5.38837640624683,1354.41754398402,259.525911495546,1659.36088884708,397.884960875615,103.628367649256,3044.40267953281,97580.6407158538,15.5086191218603,4075.863183162366,3950.526169621429,0,0,6.486399689977725e-07,0
1.84008020224489,29.1334334406208,0.234691934668833,12.577409584102,22.0881949914745,3.1912237166351,5.37872047364804,1355.14825844925,259.918352968718,1660.79821334945,397.842281270996,103.739943367868,3046.60790290113,97151.8201069286,15.5124967963977,4064.318791208092,3952.6075101677284,0,0,6.468453874258148e-07,0
1.84211473744243,29.0202804179758,0.232919635532765,12.1669062622481,22.1124349362862,3.24193453732787,5.3673225571175,1356.99301779625,260.266422697229,1663.5355572018,398.031893698398,103.936263358504,3051.0080404356,96697.928309719,15.5163523818863,4052.730376684467,3954.8391921611715,0,0,6.45776096017953e-07,0
1.84238958744721,28.9413326512572,0.231204024528771,11.7323526287634,22.153634329847,3.29672708358484,5.35439777709981,1359.95100062333,260.554823114004,1667.51660681333,398.472661000273,104.215581704065,3057.54988822967,96258.3833202489,15.5201855722337,4042.3020911215976,3957.1998638481023,0,0,6.453448680495057e-07,0
1.84154454392949,28.8967326763979,0.229422732283123,11.2836258787872,22.2116561910776,3.35499609366474,5.34005537811397,1363.86680751518,260.765172362606,1672.54236756756,399.126096141084,104.565850534047,3065.88905169236,95698.7337175341,15.5239951392824,4028.7414594388565,3959.606564974128,0,0,6.454106496311625e-07,0
1.84022382598023,28.8776372879821,0.227448960954914,10.8214129147905,22.2883509125919,3.41868788227177,5.32390495469252,1368.74932758056,260.898252403729,1678.6714164328,399.987093214241,104.989947209178,3076.08522352826,94900.8612728917,15.5277797744804,4008.4038633507685,3961.928784087753,0,0,6.459376222295032e-07,0
1.83746953264106,28.8676228494124,0.225316641581178,10.3428235780873,22.3903760678287,3.48967262193856,5.30527312475248,1374.94964787946,260.999723218803,1686.42322069394,401.141073549471,105.518593928318,3088.98487165993,94063.7154404672,15.5315398895227,3987.7673083343843,3964.1357171276627,0,0,6.470728479893159e-07,0
1.83243466805608,28.8521691094509,0.223094288972329,9.84744451451748,22.5219486966477,3.56796142290329,5.28388427568531,1382.65714127977,261.108688662664,1696.10202414947,402.629973807191,106.169013114495,3105.07521659817,93262.9245298523,15.5352754287057,3969.356437710847,3966.249138651989,0,0,6.4888991821736e-07,0
1.82564864358171,28.8258025742953,0.22080546441482,9.33794468650201,22.681395751147,3.65276434017258,5.25992585920213,1391.65107711124,261.213477876481,1707.45837995098,404.385208693187,106.924715713671,3123.90008635812,92443.4902458809,15.5389855195338,3951.305503031631,3968.2811001006667,0,0,6.512542094732134e-07,0
1.81817755704022,28.7908548785826,0.218436171756256,8.81821349726424,22.8658445794054,3.74363646606441,5.23361916443503,1401.63590958077,261.269702925714,1720.12032205268,406.320179220476,107.762452952003,3144.79495204626,91543.7598883417,15.5426690783759,3931.466678580657,3970.217723350556,0,0,6.541451053407218e-07,0
1.81030883506805,28.7530707302652,0.215976675928683,8.2933124706867,23.0750994973824,3.83982115225441,5.20507751865875,1412.52127243724,261.230657188021,1733.96662376197,408.406655593211,108.674900706715,3167.52376087743,90669.3212244517,15.5463262528396,3913.041932274079,3972.0686400426935,0,0,6.630629454957989e-07,0
1.80219235024699,28.7172290513139,0.213420164485569,7.76868067778515,23.3086061423819,3.93981306543896,5.17453418581299,1424.22788510246,261.059175008014,1748.89262694027,410.618138497353,109.655507042085,3191.88265124324,89863.0887299066,15.5499569515785,3897.2973453033737,3973.8504093376137,0,0,6.879166714032908e-07,0
1.79447384887098,28.6854020557671,0.210779594849967,7.24832209374179,23.5630659755768,4.04178502477489,5.14242430132718,1436.51917858096,260.728707171168,1764.59854018808,412.882952867032,110.685210724915,3217.34276974017,89117.3174601362,15.5535607010926,3883.807539721879,3975.5567245485195,0,0,7.294353175558035e-07,0
1.78828632336912,28.6584684729757,0.208079096651183,6.73312787123821,23.8339912287036,4.14375447205602,5.10928115483929,1448.94468744471,260.195369216685,1780.52114566551,415.071295161364,111.728291897786,3242.91356154582,88415.3624756076,15.5571369013726,3871.7089644419634,3977.1522567151765,0,0,7.812058392487051e-07,0
1.78711167088377,28.6383437329897,0.205331705666364,6.22052458543905,24.1163460281201,4.24409973552621,5.07563336712484,1459.78851380304,259.198564365802,1794.5414900481,416.701067553693,112.65105169627,3264.78532013759,87772.0758159042,15.5606852823808,3860.14731272384,3978.619666687157,0,0,8.262315789555487e-07,0
1.79500003307432,28.6271775719981,0.20252978391882,5.70828046983125,24.404052227588,4.34175079325846,5.04199733071512,1467.71558604907,257.546108650482,1805.01050728189,417.399560136525,113.34899060517,3280.00249479406,87192.4872117563,15.5642055346584,3848.256495972128,3979.9488033962766,0,0,8.518068096126172e-07,0
1.81228752924159,28.6257685678439,0.199682109757872,5.19834172335104,24.6920559373258,4.43363908115432,5.00910869264811,1473.08019690079,255.331846129049,1812.35944245746,417.270763504197,113.847983541139,3289.37722012784,86775.0514657194,15.5676986784418,3839.3784507414985,3981.2080807577836,0,0,8.599964978814114e-07,0
1.8375858166995,28.6349006213543,0.196810520965263,4.69709571158817,24.9733476648123,4.51393430179544,4.97820545849476,1476.65939758081,252.720388577058,1817.53769564754,416.538107804023,114.20604135764,3294.66128521136,86645.504493819,15.5711664348892,3838.031687299382,3982.561873593861,0,0,8.584047359904753e-07,0
1.87095709870324,28.6583984531004,0.193914054971495,4.21089080808702,25.2348838676803,4.57694688651732,4.95085538945077,1478.75359721396,249.787013574295,1820.90499106288,415.287680990436,114.443979679536,3296.53241378858,86653.2546293319,15.5746065373149,3839.759186999128,3984.064436829245,0,0,8.532878347550104e-07,0
1.91346563995935,28.7015920537563,0.190981438142333,3.74424079077327,25.4640801031501,4.61812761120166,4.92845042865948,1479.43299366265,246.546348131129,1822.53967560708,413.540645415471,114.565050885899,3295.14077648502,86710.9755744232,15.5780171582936,3841.8917279348348,3985.7069279488055,0,0,8.478597547778827e-07,0
1.9661534358102,28.7671457385945,0.187991486894752,3.30122659794114,25.6562011047499,4.63375551496066,4.91183184834502,1478.99377343923,243.036744242111,1822.80340589923,411.385827015276,114.590532477393,3291.13707411023,86686.5765251589,15.5813959456591,3840.5390902564645,3987.4124481462786,0,0,8.433443374847411e-07,0
2.02951347081931,28.8521546110628,0.184930491823252,2.88579966142152,25.8173858396564,4.62131003385904,4.90105955209644,1478.11122519383,239.360711757015,1822.52875306855,409.02285542925,114.571740729082,3286.02417387518,86434.1931523453,15.5847403386002,3831.674695399966,3989.0360153993165,0,0,8.398950910077156e-07,0
2.10226123598418,28.9475457005035,0.18182651924134,2.5029230100622,25.963550529774,4.5778369849021,4.89569604885852,1477.76823044309,235.688747207477,1822.92700134078,406.741691916133,114.584215028457,3282.00537695443,86112.6018113668,15.5880518059941,3821.0085693718847,3990.5332652850916,0,0,8.376479713592243e-07,0
2.18263517821878,29.0431414598728,0.178725294339453,2.15811577201644,26.1091089902239,4.50022903294757,4.89540185966212,1478.55261081268,232.150026277391,1824.71820240326,404.72305538133,114.672751628471,3280.41888345669,85809.0414622674,15.5913312032858,3811.7229572233755,3991.9194327268815,0,0,8.365196594045801e-07,0
2.26995195473935,29.13289638335,0.175667892695855,1.85504506078208,26.2589783912005,4.3875991472752,4.90005260829701,1480.25624304227,228.751606147207,1827.63776388518,402.92396532318,114.82041061516,3280.83341099202,85507.3410325228,15.5945779209323,3803.1636590267426,3993.175964795033,0,0,8.358764410191998e-07,0
2.36350806239176,29.2150736755171,0.172680214318185,1.59539478361478,26.4120748847255,4.24206468528233,4.90942909279642,1482.41186326502,225.443397347831,1831.10163370987,401.2270394662,114.990628566447,3282.22902818177,85161.3409174723,15.5977907330719,3793.5378068885616,3994.216935532571,0,0,8.352347304379145e-07,0
2.46005809519556,29.2896268330187,0.169776908330687,1.38106092735396,26.5677168852833,4.06809604181231,4.92294724914553,1484.73635194031,222.183974171639,1834.75374540016,399.566764134038,115.161864718722,3283.98138071192,84811.0845725533,15.6009697129701,3783.8806241029192,3995.014933225775,0,0,8.344373983496826e-07,0
2.55371722713201,29.3568257210333,0.166967686237821,1.21199978765335,26.7262396505278,3.87253644703035,4.93961784026021,1487.11829349856,218.951374121118,1838.45065315221,397.924947244182,115.32672541398,3285.84304212974,84479.4472668169,15.6041148404944,3774.823760921492,3995.581696376479,0,0,8.33504916849779e-07,0
2.63895769620019,29.4172090137644,0.164260074723841,1.08331585226363,26.8871360071446,3.66401727977193,4.95823431821475,1489.47369418639,215.731131607281,1842.08460939118,396.287621922115,115.48056816905,3287.63009681657,84170.1635034941,15.6072258047071,3766.4228155367687,3995.9972568577796,0,0,8.324725003442836e-07,0
2.71304572078146,29.4715861241527,0.161656397514201,0.986783868013904,27.0487757461197,3.45110397336952,4.97765843375082,1491.71911066311,212.511304006262,1845.55294988631,394.637588118392,115.618982537043,3289.16380054226,83881.7984385001,15.6103021917515,3758.5732164457177,3996.413336048334,0,0,8.313493752589056e-07,0
2.7758743552106,29.520904011831,0.15915069686597,0.914251960392157,27.209113061547,3.24090758098604,4.99698464704692,1493.79668493533,209.280653011252,1848.79165657413,392.963540950362,115.739447967411,3290.32532479042,83609.9961374086,15.6133435221169,3751.1008904821324,3996.877365270726,0,0,8.301329419914054e-07,0
2.82861709374177,29.5660175056742,0.156734584867019,0.85923294676088,27.3662716531218,3.03885190081187,5.01554158611097,1495.68873788273,206.032039088263,1851.78933758177,391.264506934334,115.842282204423,3291.08542161686,83352.0788371509,15.6163493378289,3743.915530675835,3997.379759897278,0,0,8.288261242289218e-07,0
2.87072260978663,29.607396491915,0.154437419025437,0.818694295935143,27.5175246639804,2.84767872690988,5.03309092699233,1497.35168705915,202.763236017261,1854.49711773501,389.534694625612,115.92516807252,3291.35992761668,83378.6419488515,15.6193251117516,3745.444522048961,3997.8865317230393,0,0,8.274087876709745e-07,0
2.89524165250539,29.6433210266801,0.15236599618333,0.798671289528126,27.6499266098988,2.66815665119573,5.05027594459308,1498.21396417938,199.434231479663,1856.19669371854,387.644046645814,115.944166873605,3289.92254072961,84142.2254617151,15.6222792598521,3769.4093182751753,3998.364849569776,0,0,8.255640412416369e-07,0
2.89015264618326,29.6651498518277,0.15062598667039,0.816284336342965,27.7299100050566,2.50741459957049,5.06805292849392,1496.64275481209,195.906800820559,1854.83455497857,385.212221019388,115.774024616775,3283.24573415454,85293.1869244364,15.6252010520759,3803.6711227124897,3998.8234124977844,0,0,8.223898901300526e-07,0
2.84550940151905,29.6578600654081,0.14930485527317,0.889129616780335,27.7219676381503,2.37985244645893,5.08646130199248,1491.10598607404,192.045282350617,1848.47821375558,381.900695909185,115.299373018581,3268.02302635742,86541.4489804436,15.6280830069198,3838.025767047665,3999.2781806257913,0,0,8.170768477907314e-07,0
2.76142437683653,29.6087723307593,0.148568480764164,1.02956560950396,27.6112634853579,2.29502151012125,5.105021707093,1481.5513303325,187.862365801779,1837.04314498472,377.747456266492,114.519367168226,3244.17032888312,88044.7915041939,15.630926185039,3877.385253174678,3999.8627616919443,0,0,8.096787622375541e-07,0
2.64044345137853,29.5197778425849,0.149109797844087,1.26638475423185,27.3969554862327,2.24999121492247,5.12430569593764,1468.92143130885,183.530713729555,1821.67871935652,373.081705676652,113.507491712784,3213.82795851261,90153.9556506198,15.6337322320656,3933.4754838296253,4000.873074223175,0,0,8.006686176363064e-07,0
2.48136401668235,29.4183980008516,0.152732980122858,1.67659626527045,27.0760447795246,2.23596604782224,5.14613968407495,1453.96920737412,179.338250966098,1803.2691730391,368.319859718122,112.320100287809,3178.87729326181,92539.0463225125,15.6364968993459,3996.673176957436,4002.418576947228,0,0,7.903624913135763e-07,0
0.0090407170596931,29.3454723589089,0.2960300980459,2.75296498760455,26.8618734522905,1.64401689814007,5.24366296087666,1436.69806779482,175.537591942353,1781.70780330256,364.240615480623,110.882295120622,3139.8142025377,94996.1543781801,15.6392191177754,4060.9006179076655,4004.499980998716,0,0,7.797957799944879e-07,0
1.3038348737072299e-11,29.3255734373981,1.32917559986664,4.9076526488438,26.8039069039641,0.135243590234699,5.46332960721127,1421.90647785234,172.983463907315,1762.57251834286,363.658617469431,109.520173578373,3107.91069366423,106458.797982567,15.6418883231127,4409.96890677063,4006.8687776718148,3,2,3.695309982426793e-06,3
2.30968048275385e-12,29.3587802986222,7.54223824534933,6.65499862192939,25.8690215595918,0.0016403288578272,5.54048684075483,1414.8294917382,171.869085258281,1752.67459539644,362.007060213822,108.846936089347,3091.21125945573,108207.060900542,15.6445256510191,4459.805321885063,4008.829452889036,3,2,3.7678450157181443e-06,3
1.01382804902415e-13,29.420157658088,15.9236971824246,8.32381142184395,24.9360581889027,0.0004128685139213,5.59346978270454,1407.84702621426,171.932869557973,1742.76541346129,358.213002491285,108.182281363301,3074.17662410102,109747.991558208,15.6471212369116,4502.434049014028,4010.2536315921443,3,3,3.808236490617546e-06,4
9.24273452562193e-16,29.4861156129193,24.7817267109944,10.0666427900402,23.9928662521489,0.0002985445786213,5.6459028420888,1402.7556201225,173.86940069632,1734.83639247815,354.722237932749,107.628847004775,3062.03735187678,111138.084662361,15.6496752827998,4541.784910719388,4011.16774769032,3,4,3.833503384319374e-06,4
2.9168274440684397e-18,29.5462155936855,33.2906856446745,11.8891114172526,23.0389307575341,0.0002153405789199,5.70004270104588,1396.87530759752,177.341908518177,1725.48897276223,351.748856323816,106.971369111037,3049.39067536444,112022.449721165,15.6521868354064,4565.060583350865,4011.7974652387506,3,4,3.843845810609691e-06,4
9.74665146344507e-22,29.5939189947861,41.1210990999957,13.6922185101432,22.1255392323482,0.0001402261923355,5.75287070383312,1389.63900228203,181.816037406281,1714.13702036902,349.133326005725,106.177864915858,3034.75606976247,112129.701890922,15.6546552161412,4563.290406295329,4012.486967342123,3,4,3.846055663865082e-06,4
7.409798459339609e-26,29.6155998060073,48.0738172827822,15.3217276910307,21.3032886040883,7.88101819665605e-05,5.80095845903325,1383.60408812319,186.953742032972,1704.16590867259,347.211033893759,105.465985759037,3023.25903433194,111889.54039231,15.657081168891,4551.701362897895,4013.2531388445,3,4,3.850448173900786e-06,4
-1.37862642089777e-23,29.6017123950419,54.0814379439156,16.687473700424,20.5888936507341,3.73295787337068e-05,5.84310216968942,1380.76809166046,192.60460531961,1698.1896080582,346.244142293555,105.002604172405,3018.95797414889,111452.472801658,15.6594647101415,4536.401934419491,4014.048979604171,3,4,3.86027548972912e-06,4
-1.03746832352136e-22,29.5565674922695,59.254436594094,17.7973198162533,19.9694795896403,1.49035466531608e-05,5.88003131202087,1381.27251333196,198.715638338695,1696.39745966723,346.136976179588,104.800256856805,3022.0444453668,111104.813612875,15.6618061393381,4526.405418301402,4014.8749600823794,3,4,3.872706629791774e-06,4
-1.6924271389279298e-22,29.5056862230871,63.7800807743355,18.7009679416828,19.4165723033663,4.30523379344381e-06,5.91336842843262,1383.863580017,205.126409731587,1697.20992032749,346.497635907115,104.76108619351,3029.70522185468,111070.238320872,15.6641056374551,4527.7344523497195,4015.7749872254244,3,4,3.883401628619722e-06,4
-1.73419942788522e-22,29.4978239270811,67.7905616442891,19.4347413374396,18.8985488754943,6.34208558167854e-07,5.94484226502284,1386.70096017654,211.409377158328,1698.36765238401,346.817869840473,104.747608104963,3037.76644123365,111058.073201736,15.6663622012574,4529.861985475623,4016.770141762739,3,4,3.889424343113315e-06,4
-1.4778621028662198e-22,29.5686919472983,71.3478938888119,20.0145122023812,18.3972639396716,6.46445887704916e-08,5.97541573709592,1388.78733810586,217.202635553981,1698.67995080372,346.823451391985,104.688626028,3043.90283307215,111012.677849013,15.6685753445926,4530.270050669988,4017.8739260119455,3,4,3.890963969929726e-06,4
-1.20349380029285e-22,29.7169345253139,74.518628534292,20.4550091611225,17.9102338514105,8.38520996563481e-09,6.00519952494411,1390.30123709051,222.450415482598,1698.38954635599,346.574350421603,104.598905679975,3048.47539044384,110561.797569877,15.6707439193185,4517.434508379744,4019.0278636500575,3,4,3.890067793863536e-06,4
-1.0059742013119699e-22,29.9029378025096,77.4325129235537,20.7802722004872,17.4502864023502,1.41818877090097e-09,6.03346842491161,1392.55611847283,227.288804255586,1699.12908836911,346.466352738495,104.577461172393,3054.37510468518,109443.002153234,15.6728669287532,4484.150866520968,4020.1215288372605,3,4,3.889508034767182e-06,4
-8.761096629884231e-23,30.0613771484528,80.2830780433045,21.0298313421508,17.0366848261808,2.7374721367451303e-10,6.05914960596756,1397.42375309347,231.925762853764,1703.20770711092,347.034088862082,104.764727928332,3065.69828787422,108254.600382984,15.6749452562267,4450.612454279372,4021.1475560320105,3,4,3.891177615763768e-06,4
0.566484426637808,30.1483451082364,60.9987718212024,21.4316625658485,16.8320426254662,0.313056917938599,6.06996384455265,1397.77867226537,235.20799153313,1702.34380535706,362.878854950688,104.706855072279,3077.09102644707,97943.7320124164,15.6769864575674,4134.629936240524,4022.0594832570027,0,2,1.014417660175195e-06,0
0.68252310622521,30.1790801276199,36.6264996443211,21.8320788058575,16.6428324059993,0.816103699667409,6.06116945921389,1388.20426617745,237.859460217948,1689.41381981962,379.933883917471,103.936631456318,3069.72830225282,96946.4058833849,15.6789755114517,4104.842623468777,4023.0104856853063,0,0,9.532345847423176e-07,0
0.710798915005867,30.1661658462978,19.2052375841795,22.2464496569433,16.540915259442,1.02845613340668,6.07392906384002,1381.92124516589,240.687122269292,1680.5761714101,392.717967089281,103.381791521468,3066.30111003163,96015.3179036313,15.680919341688,4077.450670304595,4024.1349398738153,0,0,8.848984986027972e-07,0
0.822526423838806,30.1464713097723,5.46489448937912,22.3862576127936,16.589434839115,1.2062052765057,6.07307527832169,1382.74836262773,243.641100866376,1680.76509460633,404.384441487311,103.391665321105,3076.30656616263,95162.1701009648,15.6828176926714,4056.6465286472594,4025.4414270260418,0,0,8.536163325145071e-07,0
1.10727410459857,30.1551521083338,1.71349250858002,21.9268749202937,16.7198740600917,1.5361763034403,6.02285925140779,1388.4959120065,246.426333536954,1687.30525435354,409.303406599882,103.827347219338,3091.95697842,94384.7857753691,15.6846702838386,4038.614395261642,4026.8938135749154,0,0,8.254381475867694e-07,0
1.26000175704265,30.2040669374425,1.06790422556317,21.2225651234488,16.9634426949785,1.85492678675448,5.95955804484468,1396.40764480714,248.885103292079,1696.69919686683,412.89320989149,104.458839318061,3110.94639419333,93822.0901777231,15.686477273166,4028.189605923736,4028.463185312601,0,0,8.072407891062312e-07,0
1.36150052735326,30.2786399716786,0.758592349307392,20.4783566605876,17.2766612558216,2.09520512535685,5.90195723883189,1404.59107170907,251.000427278212,1706.54457154562,416.845936401346,105.124401136903,3130.53872609039,93610.4733209652,15.6882388611693,4029.1248005027433,4030.1380989274007,0,0,7.96913756255749e-07,0
1.43201491737571,30.3414722035182,0.580822966412406,19.7355271534451,17.6018383678641,2.27279750365479,5.85220008605871,1411.73646123837,252.783216892949,1715.18660572017,420.621311005175,105.718641565787,3147.84362065291,93529.9116753416,15.6899541110952,4033.4275099651404,4031.9024685595155,0,0,7.892237076472066e-07,0
1.48348854197343,30.3560624087879,0.467624386540687,18.9962224603959,17.9083053006894,2.40644092872102,5.80975948377806,1417.22384094421,254.232365719448,1721.84602738416,423.811645039166,106.192824572478,3161.4017952902,93494.7508793269,15.6916224424307,4037.8236387845477,4033.7425402426265,0,0,7.824177596549271e-07,0
1.52277335836683,30.3084456215742,0.390891224630815,18.2544587416733,18.186633624128,2.51018275438624,5.77328296346533,1421.11250203832,255.356808920232,1726.59485295001,426.322382842121,106.551242515319,3171.27679821383,93578.2790748527,15.6932437647165,4044.604350821646,4035.722514128567,0,0,7.794015386265437e-07,0
1.55337385878433,30.2107143181216,0.337367311339921,17.5101285415545,18.4345115457216,2.59291131511096,5.7416451101698,1423.57567286487,256.167976475912,1729.65644180145,428.185085363763,106.806698810916,3177.83968147331,93866.8311521889,15.6948180054918,4056.6085219506804,4037.9919329878035,0,0,7.874851695991901e-07,0
1.57811265010571,30.0952943079879,0.299913186744859,16.768709730074,18.647195112055,2.66149394584766,5.71411644974892,1424.49355643645,256.650249697165,1730.91157940839,429.365672504526,106.949806589102,3180.85202185605,94241.7610630573,15.6963445145827,4070.0353755231304,4040.591493731352,0,0,8.049299760611393e-07,0
1.59929599967812,29.9943125193544,0.274157939712382,16.0365016098385,18.8196777820155,2.72195552949978,5.69011805046382,1423.71736300634,256.783352027152,1730.20654290355,429.811621078328,106.96913785464,3180.00603649364,94652.5978746383,15.6978228576088,4083.196519473563,4043.5045454389165,0,0,8.233399401674432e-07,0
1.61811949108376,29.9224387117627,0.257069021614751,15.3200908461668,18.9499817225087,2.7774345269524,5.66933055125292,1421.29949774151,256.580911637939,1727.61203159868,429.534663336385,106.868037920588,3175.42525758725,95253.409594886,15.6992530881038,4100.972756219249,4046.651055566739,0,0,8.351343635364037e-07,0
1.6354089531765,29.8790173691659,0.246497180901101,14.6381939800561,19.0349449093498,2.82721151075286,5.65205770001312,1417.13122821589,256.044771663126,1722.97565163155,428.521095692834,106.636893715862,3166.87482197291,96203.160684474,15.7006351667885,4128.2749672618,4049.867411617217,0,0,8.372641299664747e-07,0
1.65360155966357,29.8590195260809,0.240214725458237,14.0339474140841,19.067537716416,2.86974864256055,5.63896002836018,1410.65929440162,255.079252933367,1715.58911931406,426.653582182391,106.232616726552,3153.11811920469,97250.3944906457,15.7019682255139,4156.7855345325215,4053.0707615635424,0,0,8.299598686352283e-07,0
1.67497684944049,29.8587711426121,0.236165411046369,13.5504803480081,19.0449214152127,2.90480557093824,5.63029427097727,1401.55059304341,253.580502397197,1705.01987093911,423.890037125545,105.629593978953,3133.38790543709,98286.9133846777,15.7032518185337,4182.855946412179,4056.2431900214638,0,0,8.133273209150684e-07,0
1.70064904971067,29.8756238745542,0.233165460052974,13.2004030756407,18.9747740942216,2.93589523365894,5.62518499478927,1390.29853920813,251.573171521591,1691.85993548534,420.410729181842,104.865399167375,3108.75047900672,98862.2509347687,15.7044851463238,4192.722886091151,4059.2710283646215,0,0,7.89327986098915e-07,0
1.72876422824033,29.9040698730268,0.23099826460702,12.972466227178,18.8841957035961,2.96885700889908,5.62138796617297,1378.74188190854,249.322762557526,1678.34539111929,416.78560918597,104.078929653788,3083.27417520399,98604.9674419253,15.7056676594947,4176.144975236476,4061.95868970449,0,0,7.64909983985508e-07,0
1.75226335678072,29.9331920756043,0.229859624772409,12.862800819961,18.8175441343724,3.00202900117538,5.61684399071713,1369.66303113491,247.333914996005,1667.84167535266,413.89938692802,103.477853960246,3063.18684179586,98116.5139266609,15.7068000060501,4154.191513504098,4064.268387965205,0,0,7.458166271265827e-07,0
1.76596794493632,29.9537499532814,0.229541080505167,12.8736926672556,18.8054068396223,3.02939321251053,5.61080767822999,1364.60085762769,245.974525738412,1662.19258255625,412.278945775488,103.175169333123,3052.00439769927,97587.8772062318,15.7078822477032,4134.090616215284,4066.205187991482,0,0,7.331802465851524e-07,0
1.76930490616612,29.9632648448633,0.229734955236179,12.9973703667622,18.851460447149,3.04767201680072,5.60348316157058,1363.20157055336,245.277378354107,1660.95299618795,411.866439517137,103.14272577812,3049.0231800254,97213.3949894966,15.7089144319086,4121.702924579434,4067.797920334462,0,0,7.253118088985411e-07,0
1.76494959588673,29.9616599171569,0.230030228785412,13.2091764274754,18.939931696555,3.05661403168634,5.59559660615189,1364.07303847068,245.10247801954,1662.41440963067,412.242855960131,103.274284604077,3051.20120087789,97149.8614471507,15.7098965436626,4120.879797872276,4069.0872779389724,0,0,7.201063642718509e-07,0
1.75795263180396,29.9452652440175,0.230108242236279,13.4617334336953,19.0459708798906,3.06067300293593,5.58763259490169,1365.58348172217,245.317704680601,1664.55600155207,412.845145007861,103.443927927536,3054.93595704761,97137.7261822037,15.7108280326421,4122.166413062329,4070.086560283144,0,0,7.15934926177456e-07,0
1.75186076253301,29.9097085076965,0.230090299427722,13.7070950964608,19.1525032786291,3.06557297679984,5.57950958329292,1366.79296022645,245.856926654581,1666.20457599441,413.303805713677,103.578585497388,3058.12394605626,97094.7005375487,15.7117085887934,4122.202266283987,4070.8090024939606,0,0,7.119838076506176e-07,0
1.74697382626525,29.8543830671908,0.230307879620467,13.9228803311465,19.2559488652995,3.07264940120406,5.57114489112235,1367.61118996659,246.690819217325,1667.24846786883,413.556944028084,103.671565961732,3060.53129235273,97184.2996431149,15.7125381927011,4126.03486044227,4071.3403220534497,0,0,7.081141096559259e-07,0
1.74260228642334,29.781568669611,0.230994618340191,14.1057147240801,19.3551690829339,3.07875695859849,5.56304669198025,1367.99620437774,247.728179043366,1667.64816614468,413.611022597782,103.720577400804,3062.02422081489,97565.7535254012,15.713316785039,4138.637562834591,4071.833925792955,0,0,7.042888194143097e-07,0
1.74007945580932,29.6938782374089,0.231986883392951,14.2452732169531,19.4425826817643,3.08140432776385,5.55600759645953,1367.44733883206,248.736890647022,1666.80574609989,413.348392247666,103.688432820303,3061.40816011712,98019.6100749758,15.7140439231563,4152.72228560803,4072.3499821148393,0,0,7.002435728476803e-07,0
1.74092901238053,29.593451980108,0.23306787964281,14.3252451893116,19.5108635605018,3.08048261368872,5.55046263278227,1365.57928065024,249.501524014393,1664.26369183115,412.67236403337,103.546787645287,3057.73515130643,98477.905584556,15.7147193544888,4165.843447571249,4072.911965599607,0,0,6.957761433786891e-07,0
1.74509325307026,29.4828555667823,0.234207312148076,14.3412589027617,19.5580461508664,3.07583593956251,5.546558331883,1362.46706693119,249.978179225838,1660.12204838321,411.613514609433,103.302029318796,3051.14321258153,99020.8033014265,15.7153429629534,4180.5778543643955,4073.651722994741,0,0,6.909122642501643e-07,0
1.75185958569257,29.372675654168,0.235402551524097,14.308953043392,19.5826877613445,3.0666208098019,5.54450435653792,1358.26417644435,250.255857527758,1654.57826911623,410.222517722705,102.966972130359,3042.03486864012,99721.1151010188,15.7159146101647,4199.352256450331,4074.7881369136085,0,0,6.856847891355119e-07,0
1.76123985640687,29.2893391008892,0.2366568254919,14.2590111596587,19.579666558014,3.0534361538833,5.54448623469479,1352.89468158647,250.45032694295,1647.56736932278,408.474578319663,102.539194787531,3030.36432008314,100465.543274854,15.716434046704,4218.582754397458,4076.3562144332177,0,0,6.800681889287625e-07,0
1.77326593000637,29.2578729764065,0.238087530076286,14.2163595029494,19.5450163108781,3.03788941708382,5.54648402663563,1346.295566123,250.640677933083,1639.04335069584,406.345553970682,102.01755938235,3016.08667044677,101207.71487807,15.7169010939098,4236.792534522769,4078.324579219112,0,0,6.741234434516082e-07,0
1.78823702520619,29.2834928076684,0.239571101078047,14.1851596813754,19.4809463917499,3.02254232642128,5.55002838917133,1338.70656423275,250.860906605685,1629.31424198666,403.902766790577,101.422095018272,2999.74439168165,101671.85354216,15.7173155109011,4245.504780899602,4080.4544516536857,0,0,6.68009863246125e-07,0
1.80548476465703,29.3466997457609,0.240773790510581,14.149816072422,19.401051270031,3.01148549566126,5.55382268743877,1331.07514649988,251.1497178074,1619.54500950443,401.424073571179,100.825975647483,2983.36363044562,101641.271619828,15.717677138145,4238.627090960596,4082.3475674302385,0,0,6.621587046414879e-07,0
1.82131757844257,29.4083209743267,0.241650578221205,14.0902631658701,19.3280524286133,3.00627175321842,5.55642586475808,1324.9177895693,251.591174877344,1611.5914027282,399.363337924736,100.345399560825,2970.2005291834,101470.144728317,15.7179860076274,4228.447782894396,4083.9224626732853,0,0,6.573060151420122e-07,0
1.8328955302748,29.4370989576545,0.242244362538461,13.996680784537,19.2766802138151,3.00576622332959,5.5572031419922,1321.06153125989,252.231384416025,1606.45941272057,397.973652184599,100.043153073027,2962.02834823207,101255.913078589,15.7182420338815,4218.659211042324,4085.2076469817353,0,0,6.538607544706338e-07,0
1.84101981264777,29.4266134003472,0.242263494867226,13.8665561331805,19.2501642618145,3.01138259246235,5.55577401619664,1319.39418038771,253.026481098688,1604.01483901778,397.220253429836,99.9109958437704,2958.58030286098,100659.022609937,15.7184450345418,4198.4962760777025,4086.1954007194254,0,0,6.517140172777271e-07,0
1.84679235814704,29.39132532252,0.241267289320602,13.6972183425929,19.2557774352677,3.02868331333204,5.55091818351347,1320.07621285362,253.930556016574,1604.48868716963,397.133537945904,99.9641589863139,2960.18319902072,99432.7429541934,15.7185949018549,4160.326661590071,4086.8471991746355,0,0,6.50867800703927e-07,0
1.84727875532578,29.3559159688529,0.239417914499364,13.4910415203724,19.3106658240375,3.06107874875705,5.54114366001749,1324.00742775923,254.974382111954,1609.03885519841,397.959009178842,100.275596831854,2968.79535783816,98089.1043729224,15.7186916682737,4120.950438847398,4087.174756309611,0,0,6.517018688921416e-07,0
1.84004647142284,29.3382645654656,0.23709909255611,13.2570104477707,19.4246017655519,3.10764510350376,5.52598129238114,1331.55291691105,256.179604708382,1618.1444164289,399.791577453995,100.875131759859,2985.22390565949,96788.24921202,15.7187352769649,4085.692272780851,4087.200787198684,0,0,6.543181131693336e-07,0
1.82540273942921,29.3419770808975,0.234613046575563,13.0041521529763,19.5931906965109,3.16514883977559,5.50610111917165,1342.06021406152,257.493786605609,1631.00081638894,402.435023467327,101.712030419333,3008.04883668963,95691.2098021268,15.7187256436386,4059.1111225667732,4087.0262865674795,0,0,6.582981948457564e-07,0
1.80553884161905,29.3583856444505,0.232168986720432,12.7347916113945,19.8020827826853,3.22905894574064,5.48293517430292,1354.28246563795,258.80281744105,1646.05076153134,405.523607772297,102.688464544506,3034.53309135691,94926.1406466099,15.7186626394336,4044.263948785628,4086.817381958912,0,0,6.629270805237502e-07,0
1.78436510283617,29.3701063374884,0.229775266061677,12.4379372519766,20.0320697299641,3.29649128161034,5.45796646869108,1366.78878360805,259.940203243305,1661.50346113634,408.634714233757,103.692370578088,3061.50419417251,94292.5688828719,15.7185461420404,4033.72329341798,4086.61939150822,0,0,6.674178814867855e-07,0
1.76497056561616,29.3619351585839,0.227401838102005,12.0997632509993,20.2686878099951,3.3667639030947,5.4321058407472,1378.63045735025,260.775048489114,1676.1707515039,411.484022573783,104.649663033305,3086.84035600207,93722.8866596611,15.7183760598284,4024.6118205070156,4086.4351178559846,0,0,6.712666012936915e-07,0
1.74825512335828,29.3288808601263,0.225045184543727,11.717782625589,20.5057000595307,3.43925732482042,5.40579512194782,1389.54552129979,261.274370439371,1689.7227791131,413.989907247043,105.539738656048,3109.95447815955,93287.9059920006,15.7181522747208,4018.945997885795,4086.3330817981405,0,0,6.743553734393754e-07,0
1.73412495799497,29.2757218383404,0.222694495413488,11.3009698204044,20.7388953615711,3.51276627723807,5.37943896526682,1399.4858200017,261.447063245936,1702.09891733584,416.131147281742,106.358355425475,3130.74572153321,93064.3971591915,15.7178746341567,4019.1002060509636,4086.4445020346006,0,0,6.767006432606377e-07,0
1.72313499015076,29.2135861725538,0.220334469582993,10.8607690662706,20.9605307703603,3.58723957949975,5.35346207328828,1408.23058012797,261.265390514944,1713.02722459484,417.8244398659,107.087722850743,3148.71569885003,92946.3640042936,15.7175430665259,4021.5625362249843,4086.796535658461,0,0,6.782426714528492e-07,0
1.71591621515679,29.1529794570876,0.217972911145124,10.4055920659496,21.1629955322057,3.66341240719513,5.32817216073112,1415.57280799198,260.692138692985,1722.25289422781,418.989731085268,107.711168771954,3163.38771825034,92890.7579644524,15.7171575088649,4024.80854361682,4087.3741617616483,0,0,6.789353679656642e-07,0
1.71301105673317,29.0988128367342,0.215574954173795,9.93974526920513,21.3435740946355,3.74252528160668,5.30355194725254,1421.55775211893,259.733133583743,1729.83300734009,419.633260818132,108.231902126763,3174.85836920515,92691.0470830659,15.7167180584375,4022.378797535081,4088.1145085793923,0,0,6.805517455905147e-07,0
1.71417877475015,29.0520971319457,0.213083945946904,9.46165905072847,21.5091870421857,3.82694257372006,5.27889738055913,1426.74558042317,258.469507402315,1736.46950573308,419.923115643391,108.693859977275,3184.38400137423,92144.248373896,15.7162249259259,4008.3377040689365,4088.915248428229,0,0,6.909073616920523e-07,0
1.71688372353305,29.0137834662655,0.210519728460185,8.96651635768433,21.6767326852835,3.91692371640718,5.25323249322178,1432.2496384144,257.067981697685,1743.56043506417,420.195876512019,109.184288760656,3194.46975239804,91540.6140871763,15.7156779125349,3992.695282026993,4089.744970821488,0,0,7.11798855134507e-07,0
1.71897202180358,28.9847711550601,0.207907290208994,8.45269313785686,21.8593428688292,4.00998956783629,5.22616903302005,1438.84965733012,255.668324246981,1752.08796507329,420.688886524368,109.763975753718,3206.890749654,90991.3610292904,15.7150768676939,3979.573430211892,4090.6020133726183,0,0,7.394741669546556e-07,0
1.72065918239502,28.9646420318856,0.20524922954906,7.92254117141833,22.0593853842992,4.10409019484233,5.19786435156749,1446.52321241678,254.299030414436,1762.02806641686,421.397936989742,110.430837003813,3221.62536800258,90372.4987805187,15.7144219372054,3965.065454694737,4091.448449986919,0,0,7.713877626499926e-07,0
1.72320969104533,28.9510137602543,0.202526213203188,7.37938834251509,22.2765764253988,4.19922653694902,5.16833773327931,1455.05050469257,252.936059844201,1773.09968336451,422.254661211629,111.167360180113,3238.17971537632,89536.525101216,15.7137134610646,3944.3594388051074,4092.2052257615355,0,0,8.06137485655463e-07,0
1.72745703651214,28.9392183715081,0.199738871705289,6.82786234198451,22.5153981404048,4.29543516563724,5.13733215469119,1463.97471990926,251.485436393012,1784.72905056481,423.122853532435,111.938027134662,3255.50807932748,88665.0444468259,15.7129512853236,3922.797534469732,4092.8578322380545,0,0,8.386780586466103e-07,0
1.73580855920368,28.9246524383449,0.19688375166252,6.2741366484739,22.7784645464597,4.39241322285718,5.10474757123105,1472.19150697409,249.760144060501,1795.5515578204,423.681814266097,112.657216161323,3271.13821018272,87836.9947442495,15.7121352917617,3901.9967141198467,4093.4176261770936,0,0,8.59788437530201e-07,0
1.74966321056684,28.9052869625344,0.193983313589593,5.7246695096315,23.0625985089159,4.48826065652114,5.07104147141993,1479.28756831268,247.716948356126,1805.0487876673,423.809938850406,113.291685824582,3284.15594409079,87175.385258,15.7112650930873,3885.4980890416196,4093.8980390760535,0,0,8.685917966803982e-07,0
1.76925626531339,28.8824370720739,0.191083892245979,5.18743502019055,23.3586904509317,4.57790392953623,5.03747195968129,1485.20676177076,245.392257495704,1813.13762868605,423.494765490574,113.834908146162,3294.4579564089,86816.7646794169,15.7103399859041,3877.5487301654384,4094.309674939241,0,0,8.695513535317059e-07,0
1.79567367843195,28.8607394838204,0.188204493950666,4.67195153289838,23.65173917516,4.65547038026231,5.00577554201409,1489.69082453926,242.797014038597,1819.48259272689,422.675711933361,114.264526676032,3301.49885059375,86590.0664716845,15.709360271242,3872.5767576252106,4094.6515246332633,0,0,8.670468785315325e-07,0
1.82990359471312,28.8456664650713,0.185349670738884,4.18677452852291,23.9287236824793,4.71585388145857,4.97748508235194,1492.60848003284,239.941870394407,1823.9055804454,421.333466581354,114.568272781676,3305.00448131357,86402.0294212626,15.7083262527858,3867.5544189599696,4094.9188443314415,0,0,8.637008400188325e-07,0
1.87173527057984,28.84038422379,0.182513995267824,3.73818047458855,24.1844915399644,4.75429798793064,4.95362888890302,1494.2623566966,236.879775283346,1826.76864711437,419.569442204143,114.76766097457,3305.64926840863,86248.0922283864,15.7072379487571,3862.575290998931,4095.1483880891756,0,0,8.606536631541803e-07,0
1.9201686138326,28.844279541988,0.17969166372993,3.32981472824378,24.4191697294021,4.76647036238878,4.93485486436388,1495.13531895571,233.683799545552,1828.66230930681,417.528505882932,114.898280332571,3304.50326297127,86148.1629119634,15.7060952475527,3858.6394145745694,4095.429270580578,0,0,8.581379162988924e-07,0
1.97441180201399,28.8530059357081,0.176887156903265,2.96175031392061,24.6333933959866,4.74931698913768,4.92157832778242,1495.57120406115,230.4117787433,1830.01033963583,415.307558014404,114.985244495936,3302.33177307598,86085.6039914403,15.7048982059097,3855.4899354870686,4095.7884514776106,0,0,8.55950272208811e-07,0
2.03415471881047,28.861191290357,0.174111418033035,2.6317040663962,24.8271778348345,4.70143292789492,4.91400194087483,1495.72745811469,227.098846672539,1831.00761947012,412.948880490147,115.039690020023,3299.49089961913,86050.7711862005,15.7036468806521,3852.94587716082,4096.217856893626,0,0,8.538037205308774e-07,0
2.09958683729807,28.8655217151594,0.171366575941539,2.33673808954134,25.001248757011,4.6236917250844,4.91196163306108,1495.68530448948,223.76697228414,1831.75330952095,410.477872948418,115.067468611684,3296.16823841499,85936.3325122734,15.7023419177431,3847.7012160015142,4096.68178977878,0,0,8.51527187330189e-07,0
2.17081628511182,28.8661580528541,0.168641375979965,2.07407644057367,25.1608142180751,4.51965332360197,4.91465408823954,1495.70077975065,220.448792066577,1832.56158047476,407.973042467808,115.088626068646,3292.92959590992,85603.4123892297,15.7009843746549,3835.5958045774764,4097.119893921373,0,0,8.49179400766202e-07,0
2.24573164643257,28.8666958960993,0.165931492259438,1.84383809108034,25.3178708261031,4.39323822838756,4.92083020799001,1496.31977729781,217.200738288288,1834.10540152773,405.595463763013,115.145817701256,3290.97040009432,85203.3038668295,15.6995736817157,3821.804581984694,4097.514935149308,0,0,8.470539806636271e-07,0
2.32066100587694,28.8715404184659,0.16324058459711,1.64796165753545,25.4831155128278,4.24818436989573,4.92934016202647,1497.88564638752,214.056112169154,1836.80818581829,403.449489498597,115.266067045881,3291.04298695461,84822.5799784493,15.6981093439156,3809.3135452998636,4097.874203736582,0,0,8.453763719918698e-07,0
2.39220293988694,28.8832727600967,0.160588849461994,1.48656020997782,25.6591216298861,4.08882335338348,4.93941983511342,1500.22480062149,210.996450874583,1840.45399233317,401.495981089392,115.436694185971,3292.7730835018,84515.3883999867,15.6965909085573,3799.6936343128345,4098.2207747655,0,0,8.440794349594944e-07,0
2.45783542748017,28.9027544189423,0.158007698547736,1.35762784868615,25.8409871923176,3.91973454242763,4.95070668629536,1502.81550328463,207.972215532274,1844.39473002445,399.602697280088,115.618439305985,3295.031387427,84330.9639724106,15.6950178043045,3794.095647889918,4098.590800093044,0,0,8.428903909475912e-07,0
2.51600174086207,28.9308890590698,0.155519084670697,1.25834448126785,26.0198988723816,3.74591327901164,4.96301470944219,1505.06118550614,204.930845775871,1847.88782711829,397.623062968179,115.766683504764,3296.53136557282,84210.5073712533,15.6933904160555,3790.224806662381,4098.998340886587,0,0,8.414895399624402e-07,0
2.56575538712358,28.9688389935765,0.153133189111468,1.18495402473297,26.1883819810646,3.57267221463302,4.97603575207985,1506.60063254661,201.845075680612,1850.48145648968,395.4763567232,115.855292211598,3296.50109843812,84113.9207153456,15.6917091667787,3786.5547545051404,4099.442499468143,0,0,8.396885882167908e-07,0
2.60522373643573,29.0173063546629,0.150873180819527,1.13470454809055,26.3422387940404,3.40362700015853,4.98950292861917,1507.37855814242,198.721191080254,1852.10344955022,393.161636471109,115.881482774234,3294.83552945752,84257.8485068739,15.6899718156678,3789.8483042219996,4099.905038865779,0,0,8.374693177461313e-07,0
2.62805905544271,29.0780560313883,0.148814990887637,1.11459102242913,26.4719424778969,3.24051828652087,5.00372825624736,1507.07757259464,195.559981511126,1852.3626705755,390.614707985591,115.821995945739,3290.88400817403,85003.0855465733,15.6881746783708,3811.1974223074785,4100.340331616116,0,0,8.34664674188748e-07,0
2.62312278501518,29.1568775298746,0.147053454242364,1.14706085601125,26.5528804286262,3.09087411012465,5.0191027225359,1504.5149469025,192.313537531905,1849.81346428368,387.563326044368,115.588664950994,3282.17333897492,86041.5292446089,15.6863217425023,3840.0734680619844,4100.719522713506,0,0,8.306353970806686e-07,0
2.58115219073939,29.2611887924144,0.145675288975081,1.25656340471504,26.5602742849719,2.96864714768817,5.03511611956528,1498.61351351401,188.953221882554,1843.15300261586,383.775971856277,115.103786531763,3266.48698869031,87140.3637826486,15.6844159258242,3868.4087602350833,4101.036012225875,0,0,8.248222039237999e-07,0
2.50457410053774,29.394304184228,0.144781111437865,1.45909376632991,26.4861337552981,2.88222561827308,5.05105850278672,1489.51162859087,185.544984958258,1832.5731354735,379.332225503769,114.382193268192,3244.21279897924,88423.4556465394,15.6824566593509,3900.2340802070316,4101.274020840795,0,0,8.173513906764675e-07,0
2.4016347377712,29.5467423805112,0.144681563045342,1.78273750807782,26.3340874384661,2.8262025928626,5.06758925141981,1478.31347746102,182.244605801895,1819.42258972322,374.592677836719,113.508810959998,3217.80835458333,90150.3411813839,15.680442934561,3944.556233626809,4101.389445317849,0,0,8.088494747988352e-07,0
2.27905858978916,29.6840367178175,0.145938253040032,2.29881082459616,26.108635791871,2.78631846138036,5.08684208698953,1465.71240624985,179.185650045352,1804.48272689937,369.933512986454,112.53309888397,3188.87076191216,92061.2519116063,15.6783768289821,3993.8150586231195,4101.359673251866,0,0,7.996296263001068e-07,0
0.0085497809557427,29.7598054519856,0.26224538961667,3.54728646018336,26.0557012419153,2.06583701063578,5.19230209820496,1451.38281804828,176.386515157713,1787.20540189347,366.042350382417,111.340039941121,3156.98354479143,94002.8534738428,15.6762591047833,4043.189735246152,4101.175184890809,0,0,7.905344554551039e-07,0
1.2373037207153198e-11,29.7364694580491,0.65912114936798,5.86742074148362,26.290920898856,0.336757788236324,5.42474089535616,1440.16178570942,174.578181312823,1773.23676265377,365.752460606064,110.269065171864,3133.43608490209,105235.554125212,15.6740981863046,4387.321451871512,4100.939273902277,3,2,3.7156490865057503e-06,3
1.5041658167598798e-12,29.6118707794039,4.48489893943825,7.78947586611075,25.6450618339151,0.0052012269363146,5.51614479585355,1435.64788417062,173.768976668462,1767.05428714118,366.081728179582,109.818461416062,3123.64144264367,107371.595918104,15.6718759609325,4450.764719200087,4100.845100957642,3,2,3.794242207105367e-06,3
4.66072550743423e-14,29.4370863576439,11.8115080152209,9.58829363715512,24.7684291362724,0.0006155367776463,5.56950996359777,1428.20823410428,173.846888287638,1757.04030929145,362.883343566672,109.148889446213,3106.53796638519,109488.883500451,15.669602180205,4510.312748455255,4100.927170743488,3,3,3.832734920525864e-06,4
4.50651528671215e-16,29.2524884705863,20.2021703621084,11.4160270528073,23.8212762596222,0.0004320211551662,5.62407340120815,1420.45601623886,175.862728307738,1746.3160615265,358.800698219275,108.416523620988,3089.42260125139,111493.364705457,15.6672770138598,4565.862337287522,4101.177977270239,3,4,3.860001944086207e-06,4
6.36303337511369e-19,29.0734962032321,28.4342506414976,13.2624812556859,22.819320983795,0.0003349634672272,5.68234664604875,1410.50681322291,179.595301498668,1732.4890978425,354.636701996967,107.469584177276,3068.89807777777,112811.957934229,15.6649015788062,4598.554853609937,4101.526875918771,3,4,3.8716805753019165e-06,4
5.227175906339039e-22,28.9083210402109,35.972888660517,15.0185788710601,21.8425477199707,0.0002315070250981,5.74003925996424,1398.55934641351,184.414263797174,1715.91082483255,350.686880878138,106.338083815417,3045.16336373522,113016.96028226,15.6624766044645,4595.198023284645,4101.859246929077,3,4,3.871098523134324e-06,4
2.76264433662355e-26,28.7737210637829,42.677946518313,16.5352976495417,20.9671206862741,0.0001347091738372,5.79222192782569,1388.46906960877,189.901162519635,1701.52570629182,347.664194708558,105.340212944106,3025.98253507647,112819.96184261,15.660000745314,4580.8285107012825,4102.162654718695,3,4,3.872553120959001e-06,4
-5.6094170133117e-24,28.6813658940789,48.5950298453221,17.7439916603495,20.2167692894326,6.4853056097073e-05,5.83723428968084,1382.82920830299,195.89281759199,1692.64238906202,345.962307928417,104.687444209291,3016.59712193334,112433.758951385,15.6574737353017,4563.928657993556,4102.449391422592,3,4,3.881682211716752e-06,4
-4.3016026174686304e-23,28.6292157810707,53.8493772582872,18.6710412973836,19.5761597377716,2.60561001894915e-05,5.8760226612833,1381.62117560408,202.324828098881,1689.24318397452,345.446549309968,104.379440770345,3016.84772813261,111714.797942374,15.6548961472668,4539.929437048467,4102.590266617874,3,4,3.895482512423104e-06,4
-7.48789575218187e-23,28.6083987859387,58.5739149533767,19.3753041369136,19.0270513868457,8.28730634661707e-06,5.9097571397169,1384.11618513076,209.002959646492,1690.425082539,345.876299170052,104.359723934549,3025.03017488767,110575.195946272,15.6522685847275,4505.496935482013,4102.358625817168,3,4,3.909762355504681e-06,4
-8.24206330740193e-23,28.6102457165851,62.8936853142601,19.9133236197928,18.5599233594374,1.44974984394226e-06,5.93896955048937,1390.00721040481,215.54279872378,1695.85024478007,347.125930641526,104.607813788966,3040.22659700885,109330.744527065,15.6495906672447,4470.240512547585,4101.737568807502,4,4,3.9224633673541715e-06,4
-7.50887539024851e-23,28.6289855859768,66.9234934042985,20.3309022771087,18.1630546730829,1.42739873771127e-07,5.96425638326516,1398.81077616559,221.672789297448,1704.95305797777,349.017687016389,105.088597972453,3061.220969588,108096.99569079,15.646862345624,4437.3753584663245,4100.7699157637135,4,4,3.932099563974998e-06,4
-6.41809909858951e-23,28.6611315413344,70.7612319081665,20.6600500041058,17.8197706716064,1.90391758870085e-08,5.98653114242727,1409.64867183914,227.364770110906,1716.64239938168,351.290755570428,105.733103119799,3086.12810388271,106944.225047006,15.6440836112768,4408.43283321112,4099.634481647373,4,4,3.937274629975163e-06,4
-5.49238417716514e-23,28.7018457897665,74.4956757788658,20.921295676447,17.5128669678611,3.90990834903846e-09,6.00676212690133,1421.5561748422,232.707992874985,1729.69843732778,353.724551493193,106.464347298145,3112.98651058312,105922.541331422,15.6412544318038,4384.284326311554,4098.594205186859,4,4,3.937222122392491e-06,4
-4.81332561986727e-23,28.7424452641749,78.2121333238376,21.1278353385245,17.2276613526356,9.79291148042983e-10,6.02577593716097,1433.6998125803,237.77925008613,1743.05656011318,356.172833763307,107.216443183191,3140.11885641492,104999.820164887,15.6383750566365,4363.339011084497,4097.685106820246,4,4,3.93186985427129e-06,4
0.543415790890046,28.7709175223266,59.3335533634514,21.4792088256856,17.1219255162817,0.308562273710976,6.03284900278405,1438.47058874181,241.331972032168,1747.89104450488,373.409257815957,107.504363713304,3161.32680682747,94947.6992103208,15.6354334100512,4058.433811587437,4096.891397188442,0,2,1.0555441181993457e-06,0
0.645957917280685,28.7872410392187,34.8425127168624,21.7966751913419,17.0279026045679,0.802761961784091,6.02208717024085,1432.2782015482,244.227694007078,1739.40953006834,391.953684122882,107.005145615832,3161.8519066997,94065.5199337416,15.6324541935292,4033.9831063791385,4096.153277218759,0,0,1.0007117211721335e-06,0
0.673839728135153,28.7976031727632,17.6600345440811,22.1015887905166,16.9969767582533,1.01281056365985,6.03264325483911,1428.05836380402,247.218030527604,1733.31841609938,405.634675778361,106.619015425928,3163.27346550649,92995.1021596305,15.6294269602215,4002.86022899174,4095.376293455083,0,0,9.379897547599876e-07,0
0.795768412068967,28.8057427820983,4.77887118752218,22.1135632180329,17.1009411110091,1.20578136642396,6.02659058292618,1430.50989940884,250.32534703962,1735.63308710254,417.581933631375,106.762538570894,3176.82426217136,91958.1838774931,15.6263510636309,3976.3594209116154,4094.53996941617,0,0,9.075864433905872e-07,0
1.05557698598128,28.8120868281954,1.67366194425284,21.5490807481894,17.2927739405257,1.56063400127562,5.96965201592948,1438.3339723477,253.374688547075,1744.81037709849,422.994967355057,107.365366476819,3197.05936819393,91031.736362473,15.6232262224809,3954.0820572426364,4093.6594242284723,0,0,8.794124030369539e-07,0
1.19629019479391,28.8163066473211,1.05075386700347,20.7897308786065,17.6184010767282,1.89471550420198,5.90074730583481,1448.96594963315,256.263541594215,1757.61664528719,427.584940812041,108.210773320728,3222.28588939934,90284.047500051,15.6200519823612,3938.8917074808974,4092.729237786359,0,0,8.659448494712387e-07,0
1.2940171896488,28.8205081949431,0.741400570719811,20.0151717196044,18.0272999412505,2.15370447999036,5.83609072544224,1459.73501423308,258.859882177388,1770.70492260525,432.311702192452,109.079268667484,3247.75339442516,89776.9741807178,15.6168277035681,3931.384226410523,4091.711106806232,0,0,8.713915459391364e-07,0
1.36486561325287,28.8317536007189,0.561988773330601,19.2675607365035,18.4610667480008,2.35169926395965,5.77819790365868,1468.34939672039,260.985727480162,1781.20837505192,436.420768700198,109.78961659366,3268.40134522246,89395.9761993693,15.6135542101762,3926.161721080759,4090.5937548386864,0,0,8.868299066103691e-07,0
1.41889148084913,28.8579003688417,0.448320699437934,18.5513141904683,18.8880671391474,2.50525580959249,5.72700597650808,1474.22105268574,262.608556968659,1788.36543876358,439.603791958284,110.293285782887,3282.84706325264,89083.7970650893,15.6102321474237,3920.903649090961,4089.3758382793785,0,0,9.034171399768547e-07,0
1.4614918301891,28.9020141535477,0.372199375658107,17.8588277167453,19.2969635869758,2.62800149751517,5.68137398109948,1477.9672508731,263.807969795998,1792.91598560515,441.97640613957,110.635699473224,3292.39263049254,88830.865825619,15.6068617985153,3915.7443482932795,4088.033546586374,0,0,9.170277124223821e-07,0
1.49501088657057,28.9594493466455,0.319932916575094,17.183853666395,19.6857244736475,2.73023452089462,5.6399710412047,1480.46778282338,264.676390413084,1795.94525916046,443.78273234429,110.883839751889,3298.95540465103,88637.9779557338,15.6034433478799,3911.376023420074,4086.5207080600135,0,0,9.270785891037713e-07,0
1.52063216574309,29.0170541318299,0.284280041671194,16.5243558973437,20.053962993719,2.8199298693736,5.60166618937896,1482.34052739516,265.25112530693,1798.23771338502,445.197088227761,111.085979925301,3303.88420218121,88490.2956037166,15.5999771552395,3907.811790765491,4084.830879052122,0,0,9.343820760390782e-07,0
1.53950394129907,29.0603997280357,0.260692809378314,15.8806321492146,20.4007217209067,2.90327081470741,5.56561687030544,1483.88120814538,265.530299582533,1800.1849260424,446.290014543655,111.266043151983,3307.81735938129,88378.345160284,15.5964635627658,3904.9822301712466,4082.974480205223,0,0,9.398692084870936e-07,0
1.55314558946845,29.0821307434263,0.24550323546392,15.2541279751758,20.7250942643135,2.98392988688662,5.53134396931125,1485.16972321555,265.519598671439,1801.89733958294,447.072207404654,111.43057404129,3310.93123617364,88368.7144972357,15.5929020699127,3905.0236546023793,4080.9333437300465,0,0,9.441255216516402e-07,0
1.56333889237074,29.0855368678947,0.235819887085138,14.6515648416148,21.0253065398806,3.0625945253731,5.49885194016572,1486.05590717214,265.239209279019,1803.18930085403,447.504617772423,111.56766607921,3312.92630853431,88546.9217245857,15.5892919111965,3910.493024740797,4078.664781828786,0,0,9.472470053394272e-07,0
1.57231426055329,29.084758718376,0.229458633925653,14.0900023048465,21.2973635273676,3.13876875080095,5.4684580910118,1486.14526813238,264.695027560275,1803.58026919268,447.498212028046,111.647019982038,3312.99587642015,88806.7545350229,15.5856345503505,3917.797707779879,4076.175325300113,0,0,9.491454904850752e-07,0
1.58178696687126,29.0962769493739,0.224914335212111,13.5881717843292,21.5382725129007,3.2123524290793,5.4403746715727,1485.17032002423,263.888970490255,1802.75215876497,447.01183812736,111.648581570248,3310.61037835082,89090.2008837493,15.5819310279594,3924.953157539748,4073.488837916025,0,0,9.499210241534592e-07,0
1.59177069746413,29.1291627770251,0.221587253054558,13.1563776183031,21.7483226896919,3.28250728923115,5.41471729517317,1483.24331232032,262.857937024321,1800.84425377248,446.112173897769,111.580772691909,3306.05522210239,89526.4900174515,15.5781803630775,3936.092257981243,4070.8156022065473,0,0,9.495565009298343e-07,0
1.60137367503094,29.1819965238725,0.219547472273902,12.803357340705,21.9274262696192,3.34504963333214,5.39210426893283,1480.46116659384,261.675608071319,1797.95332581361,444.872916371502,111.448762146769,3299.59471638505,90289.8117947713,15.574381326189,3956.731167837588,4068.5300417128087,0,0,9.476642116868289e-07,0
1.61114698549477,29.2440478301292,0.218735900704325,12.5486818886139,22.0720354039622,3.39320852020042,5.37378629611377,1476.4431909882,260.413554930969,1793.56317569908,443.269289834985,111.218665242002,3290.48479021351,91169.53386131,15.5705366745359,3980.0466542810586,4066.7160327625693,0,0,9.439665525600503e-07,0
1.62203335931077,29.3021344709914,0.218902240801794,12.4132193800603,22.1803634534107,3.42142824828735,5.36078082379854,1470.85464884318,259.130066806664,1787.2132670274,441.305235090828,110.860142616947,3278.07663712184,92053.7183356658,15.5666479213365,4002.3335926969676,4065.343563767586,0,0,9.387278374701737e-07,0
1.6332594146808,29.3486105322091,0.219843069920054,12.4042994599295,22.2548917741896,3.42648942441838,5.35347114783546,1464.0496761789,257.913466753673,1779.30999088086,439.152979881229,110.397712452201,3263.19496354601,93103.2764334289,15.5627141912262,4028.8960236720945,4064.376825216468,0,0,9.324418818017284e-07,0
1.64341974509121,29.3856428660677,0.221271805229452,12.511458690178,22.293305891853,3.40740677127392,5.35206136120785,1456.5467013294,256.884863797233,1770.47052930596,436.969477996018,109.86985631663,3247.00634922242,94521.2179311136,15.558734720067,4066.444954248578,4063.8097955953876,0,0,9.25423939453799e-07,0
1.65388859512053,29.425502092775,0.222904804778809,12.7013408379372,22.2802641570612,3.36980378407431,5.3563980385045,1448.06717668783,256.122914368729,1760.32276389935,434.587267009159,109.254471248555,3228.90412094911,96029.9290568678,15.554712065261,4106.084500565863,4063.6422756735496,0,0,9.176138128633511e-07,0
1.66708564451262,29.481695236734,0.224843595875454,12.9306754015617,22.201754098092,3.32322715193758,5.36566977147965,1437.96088869583,255.622887695534,1748.04359016562,431.696098926313,108.501929227394,3207.42212759541,97500.0100244713,15.5506472728358,4143.234218760904,4063.861358511851,0,0,9.07546724820354e-07,0
1.68465194705478,29.5595813944578,0.227426708376369,13.1708739304115,22.0577590576949,3.27326979303327,5.37895517597681,1425.5532133204,255.259726009118,1732.81029491011,428.035371760117,107.561981421856,3181.01524769723,98997.8453220985,15.5465401747743,4179.410857702971,4064.4173584833165,0,0,8.868409980540173e-07,0
1.70751864491735,29.652837945007,0.230738634736472,13.410186206357,21.8559046280345,3.21997981763605,5.39579745397664,1410.45738282057,254.820138221002,1714.19486435445,423.499168607634,106.407843435387,3148.75884383765,100596.542390492,15.5423907229391,4216.5923402184835,4065.2293874143984,0,0,8.495579598880795e-07,0
1.7363252002315,29.7440751353993,0.234334635447808,13.6354569887499,21.6025431247933,3.16261662785394,5.41594415024836,1392.8025005934,254.015465615541,1692.44956403029,418.157967945875,105.054707462807,3110.81734017674,102139.249470043,15.5381998403839,4250.014915693786,4066.242852311125,0,0,8.051776513733784e-07,0
1.77073454123933,29.8165242930381,0.237715659014934,13.8299700464154,21.3047488601961,3.10268043481132,5.4387908384692,1373.234464421,252.645442896905,1668.45188444126,412.225166539554,103.557208363703,3068.49563822639,103560.098060456,15.5339679606383,4278.136609700242,4067.412572749969,0,0,7.645091717036302e-07,0
1.81039988334406,29.8643824834819,0.240143418452333,13.9788125186858,20.9769223810426,3.04639879364206,5.46268369064657,1353.06139863079,250.780047170081,1643.82952106302,406.089754386242,102.017925783491,3024.62485373689,104276.107581626,15.5296970990519,4283.853261009536,4068.488358235856,0,0,7.322032654090708e-07,0
1.85264390423987,29.8936771119205,0.240865557247776,14.0688007664385,20.6542560152128,3.00437799801569,5.48421423065933,1334.80562055306,248.819914044749,1621.63803097327,400.478195198409,100.630063365359,2984.7698737677,103882.314685543,15.5253886963183,4256.524819004022,4069.0839057624567,0,0,7.091086757037647e-07,0
1.88893842605172,29.9182693767903,0.240342272391812,14.1011733009889,20.3855341099851,2.98159965312556,5.50002004612095,1321.48976301228,247.375946760946,1605.50404891911,396.267188911099,99.6223321186916,2955.66692896393,103180.873694241,15.5210406786008,4223.380439955194,4069.133881653683,0,0,6.93326535551023e-07,0
1.91339263527177,29.9492503474397,0.239340491832651,14.089073170807,20.1961206858622,2.97607384139959,5.50900883117723,1314.25229922705,246.808856396228,1596.75845580346,393.795465279853,99.0785560052629,2939.92237561377,102396.322618846,15.5166527130475,4192.267775399229,4068.6700820794795,0,0,6.825078763216334e-07,0
1.92556848714191,29.9890876001046,0.238399289503784,14.0433009663018,20.0814947607022,2.98318836578801,5.51209023412428,1312.15292185733,247.06825283174,1594.23257925256,392.798195742539,98.925334372785,2935.51139638503,101778.167667529,15.5122242545044,4170.217098396844,4067.885835386743,0,0,6.753382335605693e-07,0
1.9282184237992,30.0324429064463,0.237930715789429,13.9720464238202,20.0207624609795,2.99651144394744,5.51133471281982,1313.2870805265,247.860172722787,1595.6113655227,392.73430552676,99.0167778304539,2938.23578277703,101507.272386656,15.5077548412693,4161.386886165814,4067.0812499201306,0,0,6.707598750756779e-07,0
1.92662856575175,30.0684247134848,0.237793072795834,13.8811954146957,19.9892217083517,3.01107852745032,5.50883739499455,1315.61919938374,248.798999413212,1598.43764025808,393.03116730543,99.1978078347464,2943.57463691418,101283.783516779,15.5032459438657,4154.926074467493,4066.315398790684,0,0,6.676359642026455e-07,0
1.92466144989824,30.0882072786651,0.237660521107744,13.7722307370987,19.9723286882811,3.02521759266026,5.50566164536886,1317.99313829188,249.61550727473,1601.32863036747,393.363341366805,99.3812682144966,2948.93489603573,101038.156738223,15.4986982638904,4147.79951877993,4065.5772769962837,0,0,6.651833264993547e-07,0
1.92405424976978,30.0906067298849,0.237167668889378,13.6424291585318,19.9684339956298,3.04096802460555,5.50160384599248,1320.32496007646,250.241058289285,1604.19811657571,393.697085838431,99.5622973757705,2954.0995570202,100502.040805966,15.4941133889231,4131.6237237794585,4064.8806879098433,0,0,6.631513163460977e-07,0
1.92447414204271,30.0839726926826,0.235938406801617,13.4812228000856,19.9878691677184,3.06376106318343,5.49528175198562,1323.41816983633,250.747801011651,1608.0342535342,394.238301086515,99.8044913016681,2960.79965035813,99486.5627509129,15.4894928435522,4101.152368226257,4064.264289020637,0,0,6.617893629849004e-07,0
1.92228483337085,30.085167990315,0.234093755866154,13.2739480846625,20.0474542998775,3.09714905525008,5.48518881012479,1328.53986158242,251.274342176946,1614.38231097942,395.322015760484,100.206580146034,2971.77656701401,98429.1531374893,15.4848353525009,4070.8870625236473,4063.7427955172643,0,0,6.6163117170634e-07,0
1.91502390903223,30.1078517035093,0.231942871043453,13.0161940153609,20.1537879412329,3.14065641164568,5.47096927533456,1336.18388815023,251.897604548501,1623.83465928558,397.06983407262,100.806546668978,2988.10114270648,97463.2490610737,15.4801406276447,4045.320841850932,4063.3222597784115,0,0,6.628304652862016e-07,0
1.90362487739839,30.1548518513406,0.229608659491459,12.715483395798,20.3003345334403,3.19286943567629,5.45317166523901,1345.82795973842,252.588122223258,1635.74378990158,399.324045153006,101.563710605113,3008.64283449912,96472.9955293803,15.4754097140508,4020.466904859241,4062.919715843958,0,0,6.650346552844848e-07,0
1.8900402529729,30.2194736340392,0.227087882801652,12.3830546912895,20.4789324415613,3.25374897543022,5.43225890339803,1356.82931219521,253.292309597845,1649.32438392926,401.896708956006,102.428452460602,3032.01185618978,95348.0006858297,15.4706439353247,3992.426246555677,4062.3797397790627,0,0,6.678385543710874e-07,0
1.87452119065972,30.2896713081613,0.224476761239443,12.0302354919043,20.6870135632567,3.32340891606436,5.40834640692903,1368.99866312448,254.005410625481,1664.35166050004,404.726123842755,103.386148368737,3057.80919832483,94266.8736800833,15.4658427656741,3966.5859547897953,4061.680392501685,0,0,6.710870506691117e-07,0
1.85695012113243,30.3557914486654,0.221874194873144,11.6670383593759,20.9225751957867,3.401036696057,5.38164188797994,1382.2180088248,254.73339056664,1680.68504509994,407.76922125379,104.427445904547,3085.78941894568,93282.963689982,15.4610061663956,3944.5050954925186,4060.8459474494507,0,0,6.746784194139127e-07,0
1.83815338971408,30.4145452169069,0.219304469992169,11.2991473152127,21.180801740363,3.48595711832565,5.35250199665135,1396.1575855656,255.448249860793,1697.92159734361,410.925280521035,105.526876014096,3115.23650243425,92314.3702553894,15.4561352144973,3923.399008991895,4059.8506663151397,0,0,6.784190900219891e-07,0
1.81918682854358,30.4666421721497,0.216747877124754,10.9238570900237,21.4578361051307,3.57839556758714,5.32111160551622,1410.54325875612,256.110675621174,1715.73290697431,414.114474967315,106.664170119465,3145.55230867455,91277.3516913152,15.4512313818676,3900.4744954544935,4058.61498182976,0,0,6.821671987419677e-07,0
1.80014904545677,30.5133212428094,0.214204968235365,10.5298345707894,21.7538570145378,3.67826154198803,5.28747189575224,1425.3794898454,256.705096701671,1734.14368504123,417.341824129798,107.841529620065,3176.7558712022,90281.346328042,15.446294292154,3879.1260977868264,4057.1312689293627,0,0,6.859374217239065e-07,0
1.78102449889727,30.5554125384075,0.211677335130589,10.1070091843205,22.0691148032147,3.78464414460309,5.25169281324791,1440.68819687305,257.22597576214,1753.19798303846,420.616145307543,109.062177574405,3208.9075205962,89368.5076567615,15.4413238484351,3860.6788976799694,4055.42158511752,0,0,6.897786823619071e-07,0
1.7618385881278,30.593830277438,0.209203444409832,9.65542815693627,22.4001818443577,3.8951197883271,5.21430687024276,1456.27055343065,257.656226522728,1772.65420267116,423.879260279156,110.310854118026,3241.57825958973,88729.7288393182,15.4363174243824,3850.874164962855,4053.635078528226,0,0,6.983604566624945e-07,0
1.74313398990645,30.6309559467248,0.20683805351514,9.18868003071484,22.7355423939488,4.00511897015595,5.17660928368877,1471.46871394383,257.930120645535,1791.69165093724,426.938219930377,111.535601925148,3273.32090769267,88582.9874317309,15.4312709323152,3855.9263869626534,4052.0474606417024,0,0,7.268661388879264e-07,0
1.72768612897744,30.6718255260156,0.204573721936909,8.72963890671421,23.0528769792933,4.11185199732202,5.14025201380278,1484.97053069131,257.870565511982,1808.68144083042,429.404550604823,112.634419610888,3301.22107201763,88643.8190213171,15.4261883267594,3866.0374840740733,4050.7281085796926,0,0,7.778151601288528e-07,0
1.71970480670978,30.7214863725165,0.202383973952883,8.29763870160122,23.3315571765317,4.21551193817524,5.10636534657781,1494.58574231356,257.118840579432,1820.93100269739,430.638008401029,113.439385938714,3320.39765080969,88766.0660699396,15.4210725071631,3875.020578695311,4049.6390163763954,0,0,8.325494017654227e-07,0
1.72315059433024,30.7818412011913,0.200210704966984,7.9003125303534,23.5626430224115,4.31746217069783,5.07525397104319,1498.65855691461,255.392447923032,1826.41335610362,430.159452500432,113.82381801185,3327.16311229892,88902.3585560319,15.4159247924027,3880.155490755008,4048.7545375853565,0,0,8.674511705751638e-07,0
1.73685830550428,30.8501507650571,0.198012384849986,7.53025830951334,23.7495960693842,4.41747512446607,5.04675226246755,1498.31370511456,252.873417335671,1826.50131005594,428.29275351174,113.872854879359,3324.00962249896,89028.0637413835,15.4107460584924,3881.538523844386,4048.100153054515,0,0,8.78752164701009e-07,0
1.75674732380736,30.9186262862906,0.19578729216431,7.16469867266376,23.9023544364474,4.51293608115461,5.02068907214756,1495.8912015741,249.953063804329,1824.04556008807,425.717711625273,113.763668326865,3316.13013993797,89172.5667438739,15.4055363455612,3881.8515720352334,4047.6736326124897,0,0,8.749676678889454e-07,0
1.77931651868691,30.9787451451501,0.193549307897878,6.77957489792717,24.0299405770612,4.60020090761776,4.99711576762305,1493.32582524604,246.963185849116,1821.39689236206,423.003745967797,113.642238474752,3307.82278136124,89348.5910309696,15.4002959236814,3882.9540877314666,4047.475271920944,0,0,8.659985425318609e-07,0
1.80387854766021,31.025897378977,0.191294651776651,6.36318645085564,24.1376257253783,4.67753114731498,4.9760400282609,1491.27755006638,244.024746261372,1819.35374083968,420.358345480025,113.557888378934,3300.56392216561,89382.584427826,15.3950277937556,3880.0077273242828,4047.418080653055,0,0,8.576974701303288e-07,0
1.83148151325262,31.0592291885425,0.188991503731551,5.91593302435747,24.2331809015255,4.74656736243882,4.95684489358932,1489.89011801728,241.146106423034,1818.10285452525,417.839959731772,113.52207118715,3294.68183517054,89069.9573849908,15.3897356440801,3866.8406577898745,4047.306538232476,0,0,8.515834094971842e-07,0
1.86116731095742,31.079180360002,0.186618050330995,5.44674495825654,24.3329444593032,4.80809633459805,4.93852506922529,1489.8126923995,238.382697822279,1818.47244753421,415.648162824217,113.586042780942,3291.61952127144,88654.6199595834,15.3844168236477,3851.4754500375816,4047.086732945105,0,0,8.479637750119218e-07,0
1.89203700895259,31.0866720873817,0.184163483582676,4.96848649844842,24.4505865117057,4.86058306153451,4.92054038345139,1491.33708958484,235.7506853683,1820.85150054967,413.876470599496,113.773104737234,3292.03663950877,88249.3479719663,15.3790700272484,3837.619987657078,4046.7749159523664,0,0,8.463563724847018e-07,0
1.92531697218436,31.0831722443744,0.18163414288175,4.49241376395031,24.5886405539368,4.9022020187383,4.90302488854008,1494.00412206695,233.187066667687,1824.68838966441,412.398019428166,114.047630366011,3294.93466243403,87812.4876107285,15.3736964203356,3823.6539167048873,4046.369484970137,0,0,8.457619118918864e-07,0
1.96323714344661,31.0710140386945,0.179043664527821,4.02694113312868,24.7440932732551,4.93136680359088,4.88639528678509,1497.23601457672,230.626140106797,1829.26944351064,411.045480920775,114.3638584643,3299.04422907326,87272.0483495684,15.3682981131084,3806.928129277523,4045.8308257482927,0,0,8.454322763625533e-07,0
2.00711093235705,31.0539386916662,0.17641521425937,3.58077976818444,24.9158726792141,4.94552533580952,4.87109086685954,1500.80426706159,228.054587955754,1834.30283494903,409.746920247042,114.702182451023,3303.85935258178,86701.8343660955,15.3628746775789,3789.5348831092947,4045.1437939526913,0,0,8.451089985196359e-07,0
2.0573836559224,31.0357831757309,0.173770990965842,3.16317019229229,25.1041240729283,4.94095590309419,4.85764618841381,1504.66753793258,225.485017300762,1839.72624545154,408.484300042101,115.057101146584,3309.28636718583,86141.2617208351,15.3574259224383,3772.648406558285,4044.307361967248,0,0,8.447815602511764e-07,0
2.11357139050642,31.018786226648,0.171145718573611,2.78247826625441,25.306608472967,4.91240789786885,4.84695061801703,1508.68298763365,222.915139150088,1845.35406791109,407.216719584407,115.415268288521,3315.01208802136,85796.8391104409,15.3519471165203,3762.497017654991,4043.4198182344717,0,0,8.444185099242258e-07,0
2.17454121194475,31.0036890939322,0.168591818860257,2.44582624215528,25.5123275814642,4.8528989777928,4.84064916138539,1512.27031500807,220.295945985961,1850.45725370213,405.790900076274,115.729472191677,3319.77104850328,85942.6402097619,15.3464305303806,3767.0477783661468,4042.70577629477,0,0,8.437351996284997e-07,0
2.24146300936392,30.990929847162,0.166138312750002,2.15421375544962,25.6969981338814,4.7584625974305,4.84073634249109,1514.24519461317,217.512174456751,1853.55110793073,403.894312525922,115.906281301449,3320.97487692959,86298.1127959878,15.3408832559261,3776.7895849189945,4042.236870075336,0,0,8.42090268550578e-07,0
2.31664801815008,30.9809719534129,0.163792459087486,1.90091093960047,25.8378984027386,4.62987040906722,4.84843873697554,1513.72748566216,214.472385401515,1853.52374076768,401.301143450237,115.876813943771,3316.69236658098,86688.2164294107,15.3353109074323,3785.6870362874492,4041.9907606064567,0,0,8.390219175798803e-07,0
2.40205426199031,30.9738563594555,0.161520761836264,1.67594213271739,25.9289401856351,4.47142712213087,4.863500100123,1510.9879884566,211.203669751712,1850.69395534524,398.096525691277,115.662265685583,3307.50533542848,86868.7505351409,15.3297196246398,3786.4545888955095,4041.8528538833593,0,0,8.347041140781175e-07,0
2.49834722957192,30.9681348220361,0.159259391926638,1.47192277466703,25.9853815665965,4.28995022126811,4.88405300544101,1507.44330592202,207.84731343272,1846.81500323907,394.669395258995,115.373443209913,3296.50016096778,86580.6592052012,15.3241156797552,3772.221135269071,4041.624994376892,0,0,8.299340144678718e-07,0
2.60027072083769,30.9598200821469,0.156966072092157,1.29086613780622,26.0391717454607,4.09075890746309,4.90746470912624,1505.20181888822,204.610727249306,1844.51392533244,391.590432892706,115.174941677875,3288.27889380181,86127.8292755503,15.3184938189152,3753.8906490980016,4041.2465135689304,0,0,8.259345437641105e-07,0
2.69849092162798,30.9445157630467,0.154631948643666,1.13955465760162,26.1166433825595,3.87819625803377,4.93157185785522,1505.51995754724,201.612299255847,1845.36909947523,389.201009629429,115.165627285294,3285.59313929992,85677.512174125,15.3128507015433,3737.5360061838905,4040.73590160725,0,0,8.233431355495577e-07,0
2.7838669318612,30.9201731079656,0.152315984562024,1.02281431583111,26.2228292422204,3.65695069955384,4.95541632485466,1507.87226570598,198.791975006892,1848.74558517446,387.373109536114,115.306727678417,3287.31806104281,85572.295662734,15.3071771659262,3733.2640634388013,4040.146482432425,0,0,8.218364927208585e-07,0
2.84508208619548,30.8882857455358,0.150149928075001,0.949257303955399,26.3369255396144,3.43170809426995,4.97957063894283,1510.48442650632,195.991445649764,1852.44114154251,385.664121987484,115.46266671467,3289.62591311486,86264.7545911663,15.301460932437,3753.6074381034196,4039.5465867636335,0,0,8.204574966081646e-07,0
2.86789565649272,30.8548822511061,0.148250426452055,0.937424698260787,26.4138175137173,3.21470716805476,5.00498574886989,1510.68416599705,192.986225835445,1853.12131162688,383.423616688559,115.429926935789,3286.75661945401,87327.7935201283,15.2957163308244,3783.5194187200527,4038.957482082988,0,0,8.17764565102093e-07,0
2.84077882845326,30.8284705365029,0.146697240759851,1.00486765392723,26.4121463181597,3.02578704700764,5.03130308188577,1506.49231628052,189.616333759271,1848.30510233181,380.194552283207,115.060445185631,3274.45577067872,88469.9408529209,15.2899530819822,3812.638118898741,4038.3765379024007,0,0,8.127189031622584e-07,0
2.76584228342882,30.8150844315334,0.145592650606924,1.16191107986353,26.317952612821,2.87843452510544,5.05743586323599,1498.09870058603,185.930585953366,1838.20439817863,376.069883603664,114.372315885973,3253.1660000163,89773.556188313,15.2841707730283,3843.6380347565205,4037.7869957622916,0,0,8.05467057339747e-07,0
2.65050448610564,30.812645834944,0.14532930255063,1.44084257500928,26.1380558830329,2.77145022866793,5.08326898272434,1486.79135154819,182.120214113861,1824.40144466765,371.468358272197,113.465635163795,3225.76833463507,91436.1402249551,15.2783677727992,3883.5454963234997,4037.1514672487156,0,0,7.96729512363363e-07,0
2.4971963416208,30.8068593327189,0.146738155227226,1.93865025086963,25.8861514767281,2.69458796930054,5.10988190294242,1473.70233586208,178.455251132157,1808.28952391612,366.919579667876,112.427650387288,3194.96999364894,93225.3331969488,15.2725485733544,3926.2201799973363,4036.4473539296964,0,0,7.871527075888707e-07,0
0.0096764256270716,30.7792856215167,0.262793547784078,3.17092876673472,25.7891142877584,2.03809974381124,5.20973614082305,1459.67824291611,175.201362089656,1790.87173308226,363.385068480742,111.249497676176,3163.08117418682,95011.0044368138,15.2667147371023,3968.597875630616,4035.6703553920347,0,0,7.780035724357095e-07,0
1.5036683782315598e-11,30.7180339060467,0.717240525829732,5.60458185556733,26.0248888182277,0.328717783058475,5.44017033805505,1450.64831918301,173.270922743166,1779.18032350437,364.028182677923,110.334596007545,3143.85199814684,106374.592749471,15.2608855672695,4308.209018614086,4034.846267545603,3,2,3.6323032403240403e-06,3
2.31288008684936e-12,30.6547054881349,5.06748219065303,7.74454821473278,25.3832030769849,0.005089991558036,5.53018763258544,1448.12279836994,172.642753425165,1775.22322713205,364.864401894116,110.020648898147,3138.12651086431,109266.973643114,15.2550129645526,4393.364630313528,4034.248349953035,3,2,3.715844101389125e-06,3
7.31590918568016e-14,30.6572654507355,13.1293857377062,9.79897226936375,24.4790049363416,0.0008094057394557,5.58459353286057,1438.39842369643,172.98247028879,1762.38619281749,360.952988069701,109.161512062112,3116.36026351291,112320.72202953,15.2491270579631,4477.193855155253,4033.9033614811597,3,3,3.7473384477573655e-06,4
4.21576336675284e-16,30.7907237596889,22.2082732016825,11.8561601891285,23.4444310966245,0.0006167254904051,5.64384724177222,1422.60374693943,175.365164908181,1741.96695445649,354.796815671912,107.798666658004,3082.91745638608,115276.369485489,15.2432290098939,4553.593087549026,4033.7755567963836,3,4,3.7517692685638395e-06,4
4.10773576650395e-20,31.0643167183174,31.014056569116,13.8646554319827,22.3099339035008,0.0004828997794834,5.70959644845051,1401.65079563335,179.786304256968,1715.03947701899,347.895612321,105.996898110651,3040.40810266543,117171.887262539,15.2373219948465,4594.404041754753,4033.7323191728924,3,4,3.7464954144448076e-06,4
1.28232713041287e-22,31.4160328464936,39.0052478256717,15.7122570739312,21.1945393453427,0.000314443916551,5.775140717705,1379.78105908743,185.625336341869,1686.86976788011,341.477104509817,104.097830350537,2997.35288458381,117367.239830992,15.2314073254611,4583.174735355156,4033.6070765902937,3,4,3.74462895035168e-06,4
1.35624381609823e-26,31.7435531487512,46.0255060091391,17.2921623875025,20.2081663799194,0.0001590991558367,5.83352638955036,1363.39164785515,192.237316334017,1665.36259197393,336.839303510635,102.611486273814,2966.44988190232,117057.702672331,15.2254804239763,4560.689138464726,4033.39729146283,3,4,3.7551961195440345e-06,4
5.172521064248141e-31,31.9870795660902,52.1227418038682,18.5882259095873,19.3788468633004,6.27438080460203e-05,5.88291532472758,1355.0348815584,199.305245032865,1653.65062106003,334.381476600308,101.741550232016,2952.6304946401,116537.904559045,15.2195406221963,4537.5858181819685,4033.122886881459,3,4,3.7764893337077137e-06,4
-2.63831139584548e-32,32.1489193898235,57.4445042168394,19.6446714242462,18.6803111673056,1.99281444413663e-05,5.92497225528345,1353.28660898862,206.743358943235,1649.97632820672,333.652264758348,101.378304848524,2952.8039754999,115705.210118253,15.2135889716554,4509.678818350757,4032.8077762700245,3,4,3.8005496286238032e-06,4
-1.11113903784406e-32,32.2648068528058,62.1754987713526,20.5003290487143,18.0840564956068,3.86449805211084e-06,5.96143218483343,1356.15387976176,214.386136841334,1651.90879394262,334.089190908363,101.368826339403,2962.67890193136,114513.48347925,15.2076264721578,4474.120165081544,4032.4809349116863,3,4,3.8219085321436846e-06,4
-5.58616534226828e-33,32.3803030603494,66.4915004071069,21.1738060955298,17.574001633138,3.19778176203068e-07,5.99314987874817,1362.57756645701,221.870568099558,1658.17885755355,335.357559669044,101.63537965774,2979.77077987669,113208.054452954,15.2016528513348,4437.5652489657205,4032.140567582708,3,4,3.8388775626936195e-06,4
-4.3016254764788796e-33,32.5219297290916,70.515371679078,21.6855957917705,17.1361598481434,4.19662221835718e-08,6.02086246938831,1371.80541851746,228.939670233335,1667.87959517174,337.213319007687,102.122554061116,3002.30669308668,111887.633989096,15.1956683031012,4402.433035427639,4031.7765850510555,3,4,3.850793893423152e-06,4
-4.23108484855621e-33,32.6900116957945,74.3314030349478,22.0651074297555,16.7536509464166,8.47952207019093e-09,6.04550784379472,1382.94990180056,235.568910016412,1679.9243691962,339.417212833402,102.761185651446,3028.41449602677,110775.27394286,15.1896721287247,4374.8625796139895,4031.4268949094185,3,4,3.8570153990129166e-06,4
-4.1654055396349496e-33,32.8691395407125,77.992665468964,22.3430793481342,16.4055373179977,1.8662584938491103e-09,6.06825252556397,1394.79298118665,241.787490045214,1692.83327131525,341.703781504601,103.456480145496,3055.62012356416,110033.282355817,15.1836635802506,4358.941804920571,4031.1629103115956,3,4,3.856864188142235e-06,4
-3.87698513122819e-33,33.0364914972877,81.5079174141534,22.5420737730838,16.0699293900658,4.2788973697751005e-10,6.09030653357639,1405.89926236078,247.50499827741,1704.89257378088,343.780177192564,104.100082191556,3080.9568421007,109434.462664631,15.1776443128382,4346.783363210254,4030.990455646239,3,4,3.8501153703146925e-06,4
0.612517794444232,33.1806323955977,62.9472210775413,22.8728733766052,15.8767828545571,0.316485088815524,6.10039220026334,1407.11281112978,251.185603336127,1705.43195986136,359.607008791977,104.096194945974,3094.59915684601,99703.3867725764,15.1715945786303,4057.0337994273837,4030.9758721862386,0,2,1.0457904699857546e-06,0
0.756932606264914,33.3304514647888,39.5924035677006,23.1547613268847,15.6401476595775,0.829650833004401,6.09259453334681,1393.73415269706,253.533718056349,1688.33616207421,375.161467056763,103.038887293707,3079.24506130746,99123.8302590295,15.1655567182728,4036.058458782562,4030.9974904404407,0,0,9.584586069720853e-07,0
0.79022052019288,33.4557579187856,22.6098722859804,23.4101672457573,15.479692586138,1.04625518039316,6.10839118779889,1382.16973012164,255.692160553564,1673.50985604824,386.339385876271,102.086098881553,3064.62936760766,98343.5015188518,15.1595121224286,4008.3261792141852,4031.0544274219246,0,0,8.69317092519882e-07,0
0.877638593228564,33.5326030841478,8.0172215324072,23.4157111845847,15.4805261663289,1.1992062876447,6.11642327015605,1378.33501795969,257.96732686883,1668.35536020438,397.512331145522,101.736430816318,3065.18032306454,97608.5289868333,15.1534598498677,3986.767132992152,4031.16284108943,0,0,8.275421405475663e-07,0
1.17008324094321,33.5531083532565,2.15527274058799,22.896345868005,15.577270936218,1.4570010786785,6.08366364214407,1380.51753675829,260.285847480047,1670.77165927972,403.304317766548,101.882280158846,3074.3368178369,96985.5359601609,15.1473998659703,3970.196852870911,4031.3307035438916,0,0,7.98295499384867e-07,0
1.35299518077387,33.5225726575941,1.32603216750258,22.0844916450153,15.7553664595097,1.74291613899199,6.03050306781813,1385.61808614787,262.524769600589,1676.86562856182,406.475884816993,102.277158052256,3087.5980065052,96323.1828319403,15.1413338268045,3953.227230636888,4031.4800319100996,0,0,7.749252008170697e-07,0
1.46261620786982,33.4544026831522,0.971479802183359,21.2579157147899,15.9973960795472,1.95987907431465,5.98212168172675,1391.82305791671,264.61601459708,1684.35761098081,410.325881959142,102.764728564815,3103.33082108899,95481.7217567756,15.135263635971,3931.826296155064,4031.484636803272,0,0,7.605825018569476e-07,0
1.5348910353292,33.3664864094659,0.774710460162288,20.4752515466327,16.2661513167254,2.12226686263031,5.93991050581258,1398.86821057599,266.582747465339,1692.88478836137,414.676827107979,103.319048633272,3120.89668193889,94653.1943092637,15.1291884717282,3911.5460425554566,4031.3323901519666,0,0,7.507627057533728e-07,0
1.58235911594797,33.2732933728215,0.650211734674306,19.7549158261837,16.5481905111012,2.24673624982069,5.90264966181351,1406.93001282882,268.474859465445,1702.63562796155,419.31746114463,103.950585147108,3140.51834918775,93894.9359963507,15.123108297056,3894.1194561542884,4031.0533881422093,0,0,7.439466360266988e-07,0
1.61333655520554,33.1810676372939,0.563518560679946,19.0953309806596,16.8388426526065,2.34491994453133,5.86899277276166,1415.88143789834,270.302592827997,1713.44910044678,424.063332327331,104.648949213547,3161.84263912882,93311.6695848844,15.1170224165508,3882.5484785621975,4030.7075978325115,0,0,7.396804253976689e-07,0
1.63374472673023,33.0906319364747,0.498455511586806,18.4854965323554,17.1326845465554,2.42357017547082,5.83820511990199,1425.16737894948,272.0301647057,1724.66446476151,428.710900939478,105.372765757625,3183.66978167839,93001.6507428637,15.1109299397271,3879.378317885406,4030.3742883998584,0,0,7.374842089781123e-07,0
1.64919531762102,33.0023111938886,0.445888811950419,17.9086712210073,17.4203988568475,2.48797579638963,5.80994750437295,1433.91997481353,273.580097019915,1735.26386348396,432.998551444242,106.058309712379,3204.15642784574,92794.8503123573,15.1048330229589,3878.8412201427886,4030.0725116225385,0,0,7.365885641072373e-07,0
1.66363218702454,32.9172041595167,0.401084443946303,17.3492343178223,17.6942170765091,2.54327118633662,5.78383909577859,1441.52536461073,274.883957206073,1744.54164678593,436.733321158693,106.661304603867,3221.99741650282,92622.9735810453,15.0987330173074,3878.4336411758964,4029.7959638205034,0,0,7.362424016601062e-07,0
1.67812724507683,32.8359156515798,0.362519868562825,16.8005023585694,17.9515693140792,2.59296970958628,5.75947968896854,1447.88839477048,275.929492744617,1752.40022720321,439.875303059233,107.175380994546,3236.99432219101,92553.5664295815,15.0926296936684,3880.1269727182985,4029.536623384211,0,0,7.35976671624062e-07,0
1.69145010619879,32.7565208127652,0.331273791697619,16.2721712849351,18.1913922728915,2.63851351888622,5.73672746658244,1453.05694917466,276.737225779215,1758.88517490346,442.445648681267,107.60348844166,3249.25503152596,92667.9025745157,15.086522602001,3886.405842496747,4029.2857152358356,0,0,7.357038042720433e-07,0
1.70240464597844,32.6731750413727,0.308439510029214,15.7943780401462,18.4107710101135,2.68045783066896,5.7157297815246,1456.87926311326,277.310802082559,1763.77701945438,444.435085794479,107.933119889661,3258.45338491274,92856.6695713652,15.0804135873171,3893.860612379999,4029.036370492087,0,0,7.395879977909862e-07,0
1.71133987511172,32.5798802836994,0.292658274587013,15.3982405180976,18.6078847747821,2.71900322457671,5.69663383481518,1459.21873785006,277.646850489052,1766.87584183944,445.84899217944,108.15327113673,3264.29716416449,93073.8019595753,15.0743038327848,3901.008883603893,4028.7869509719217,0,0,7.514179797800807e-07,0
1.71901718845591,32.4746955099717,0.281925212632015,15.0969970811466,18.7836824753818,2.75364562711053,5.67948562372546,1460.13886802464,277.765605322566,1768.24127363316,446.738181276498,108.268144406308,3266.93740244295,93382.2075099674,15.0681932598938,3909.8021480283737,4028.513095659913,0,0,7.667252674832116e-07,0
1.72547268449189,32.361020126846,0.275493804862228,14.8952448883476,18.9391189856924,2.78267540205109,5.66447949566165,1459.72539110405,277.699180152579,1767.97410915204,447.15575970076,108.283400578328,3266.59054920608,93852.9968988257,15.0620817580969,3922.45775159812,4028.156080907418,0,0,7.789808426305126e-07,0
1.7310058400141,32.2474158928033,0.272968735601668,14.8081007512937,19.0736720017258,2.80348550646858,5.65205788348706,1457.84915377965,277.443174374088,1765.9225920919,447.11430255929,108.18869659321,3263.01749839696,94380.9624434504,15.0559711283695,3935.736159443651,4027.6945132528617,0,0,7.841248716781865e-07,0
1.73645914841375,32.1428931495926,0.273334269404434,14.8522545586649,19.1877376491986,2.81398883341266,5.64255366815665,1454.41717275626,276.981025195613,1761.9816696882,446.646736651511,107.976862380714,3256.05444040742,94917.0769571665,15.0498625110207,3948.1239596825753,4027.1298295756283,0,0,7.815865655165362e-07,0
1.74191647454868,32.0511537225004,0.275753790848127,15.0288402261357,19.2828799217143,2.81293800592456,5.63607226835403,1449.58775531754,276.337322582913,1756.34625007469,445.851141955168,107.659496257231,3246.08399371119,95574.6363720972,15.0437554770756,3963.1722758971723,4026.4452072029726,0,0,7.720612231856467e-07,0
1.74763655134902,31.963695582542,0.279422411287907,15.3129945307774,19.3567518419516,2.79992581393012,5.63273742689097,1443.3792559702,275.565677618301,1749.02251897637,444.750925068101,107.236079306762,3233.17928612756,96470.7308509015,15.037649767048,3984.4188198354204,4025.590768302836,0,0,7.555858167395536e-07,0
1.75585624676119,31.8550506963278,0.283318757766336,15.6448237889634,19.4001996687099,2.77779859401101,5.63249705934034,1435.50445235291,274.73396526374,1739.62159520882,443.211142501413,106.680789539901,3216.72007727651,97407.3632636354,15.031547812088,4005.662431928507,4024.5447050878643,0,0,7.354847089243367e-07,0
1.76813704334366,31.6998783795761,0.287215916669655,15.9596180377769,19.4065061907753,2.75103397323432,5.63493356993674,1425.93871853829,273.918377599232,1728.07905145657,441.149158193705,105.988027309216,3196.6321314343,98301.9446913134,15.0254508185829,4024.360019393211,4023.306432177784,0,0,7.165026194170696e-07,0
1.78352792669095,31.4917166681162,0.291610695015072,16.225369983538,19.3765755397282,2.72086693315258,5.63975513916292,1415.04360751594,273.180201751699,1714.82480662145,438.637315480546,105.183829181347,3173.6879632887,99353.653667646,15.0193579539733,4046.7431405800826,4021.9244767910873,0,0,7.006999260563044e-07,0
1.80102844214633,31.2525274224593,0.296532354811971,16.4309304505459,19.3091713954427,2.68534160859807,5.64728106864163,1402.88919142932,272.54383919673,1699.93970667189,435.690472716226,104.273709794678,3148.04544947981,100749.686402929,15.0132688419589,4078.4776392239346,4020.4857819890603,0,0,6.875589983084547e-07,0
1.82302702459049,31.036329933044,0.300832460210399,16.544745961561,19.1941501734285,2.64552561537005,5.65783356242377,1388.99174304838,271.999473806284,1682.81916602534,432.12561426426,103.221967855834,3118.64624990632,102169.439954319,15.007186202394,4109.558602850915,4019.0226953969473,0,0,6.754643498287896e-07,0
1.85136544779779,30.894864571456,0.304123891919688,16.5273460019687,19.0258313425171,2.60521225086552,5.67109775524874,1373.22381314324,271.548216419842,1663.29958593349,427.8515858481,102.020329166177,3085.18577092082,103502.516833186,15.0011110952147,4136.557209941609,4017.547909982794,0,0,6.632277622727952e-07,0
1.88633450163707,30.844096077198,0.306295595476321,16.364877592781,18.8133991287365,2.56916099658746,5.68589687189327,1356.35394617709,271.220925095023,1642.33705478648,423.082042722884,100.729026136887,3049.31008603777,104301.0434134,14.9950458762533,4146.606005870109,4016.118251075092,0,0,6.510016966792318e-07,0
1.92548840420858,30.8643335035965,0.307120286587714,16.0797233221954,18.5862006035279,2.5427874257643,5.6999641166384,1340.33979005689,271.088940301588,1622.39741063616,418.445974807912,99.5010857955137,3015.28446718114,104250.930602402,14.9889921162152,4131.783139283208,4014.8188585780003,0,0,6.400535360521553e-07,0
1.96094131935555,30.9172619744174,0.307402447617054,15.7282455456525,18.3848487622027,2.52611026505473,5.71124139162305,1327.70157830457,271.255899096951,1606.68859720721,414.80130624135,98.5344770469845,2988.66870237358,103967.190327266,14.9829475361415,4112.482251859893,4013.663669118674,0,0,6.316420657154685e-07,0
1.9872372692907,30.9733303551767,0.307589615876047,15.3601795166548,18.2318702274802,2.51552843595425,5.71912215724102,1319.47583646661,271.751441041292,1596.56230903001,412.54488994271,97.9119435837724,2971.79639808806,103615.434773036,14.9769119024992,4094.4984351591206,4012.645238491173,0,0,6.260311277097344e-07,0
2.00466892619828,31.0235955769644,0.307390027709145,14.9908888007388,18.1267274595135,2.50920626888566,5.72391866243752,1315.03198329817,272.509920104128,1591.24783203413,411.506388626665,97.5855180248907,2963.30341834385,103183.610338376,14.9708858353557,4077.0155008884403,4011.674388517127,0,0,6.227392717927114e-07,0
2.01591717483616,31.0739365157255,0.306321686900729,14.6104884353236,18.0609225895111,2.50725190859293,5.72604272124293,1313.34857191644,273.445095429086,1589.45730036912,411.351862122122,97.4757409315131,2960.92322491507,102660.807350184,14.9648699810869,4058.9292326970062,4010.6071212934935,0,0,6.21117719911199e-07,0
2.02312456957236,31.1364041776617,0.304197612473231,14.2013771283215,18.0279552443538,2.51023881580773,5.72571052352685,1313.71462930221,274.484730264937,1590.29038007833,411.829344093448,97.5271668619454,2963.05366631586,102094.445232777,14.9588647016311,4041.1058043074395,4009.4214934793267,0,0,6.206680867430669e-07,0
2.02742478795835,31.2190676839357,0.301244435443637,13.7538626319633,18.0240526664507,2.51828188170036,5.72306639315283,1315.69603742565,275.577645705204,1593.20052377327,412.780430384528,97.7061620138419,2968.71151657515,101510.299239039,14.9528704381684,4023.9766327964394,4008.131671750332,0,0,6.210391958008586e-07,0
2.03059842031354,31.3213160244992,0.297329229979777,13.2692088137666,18.0479763182128,2.53304152437286,5.71792507109498,1319.05145861687,276.687911987916,1597.88244371726,414.116278374651,97.9943724680863,2977.34310005156,100571.938534584,14.9468896657095,3997.294075546663,4006.73240458124,0,0,6.220034956388781e-07,0
2.03338207481355,31.4332918835934,0.29204782482962,12.7547608777437,18.1079537513823,2.55857545018804,5.70926423006788,1324.23900923028,277.843211181643,1604.86792668793,415.962484024773,98.4261023424273,2989.89957039507,99046.9538358193,14.9409248997628,3954.4400314672357,4005.204151073334,0,0,6.236997660885436e-07,0
2.0318798175492,31.5383649996892,0.285959598826143,12.2230914595784,18.2212971514594,2.5959880880788,5.69598260192615,1332.42333153264,279.172525345061,1615.51656777674,418.663281578471,99.0870408032339,3008.86345217837,97476.5228522805,14.9349741866141,3912.419934193187,4003.5534518198915,0,0,6.266243500724613e-07,0
2.02302287808137,31.6241831659926,0.279900086303941,11.6869983561239,18.3958549402872,2.64282854631635,5.67798595063477,1344.03455435125,280.750056946092,1630.30241952264,422.345935512524,100.007107858292,3035.14464291427,96023.274382202,14.9290370278577,3876.382439599215,4001.793676796436,0,0,6.309249183097882e-07,0
2.00773296767529,31.688032974574,0.274144799719542,11.1546958578643,18.6248627322936,2.69673247760499,5.65595947086671,1358.35864197585,282.508615617581,1648.34859368138,426.792424099743,101.13176313426,3067.18485710613,94640.5372849935,14.9231142911211,3844.402833532007,3999.959676053444,0,0,6.362057551051248e-07,0
1.98860071911037,31.7333827841877,0.26862174736147,10.6329687426681,18.8969540044113,2.75671347805707,5.63063796445188,1374.39694538838,284.329224625036,1668.46390130247,431.693890608237,102.386683393774,3102.81718269596,93272.6610005446,14.9172071723848,3814.0938324223725,3998.1020467395556,0,0,6.419482490603332e-07,0
1.96716748022944,31.7653988149212,0.263372408884008,10.1323396084385,19.203656954001,2.82235544657254,5.60250503706187,1391.48721461111,286.132321238506,1689.87669220625,436.835977460761,103.723392458309,3140.61565500987,92003.605571918,14.9113155249083,3787.4829335731793,3996.2363902685497,0,0,6.478135639711399e-07,0
1.94416303623936,31.7880887082921,0.258515836161521,9.66231104874996,19.5387133869658,2.89298561871226,5.57196016661795,1409.20819992446,287.87401565988,1712.09911542696,442.075822605614,105.111083415659,3179.67708586659,90858.1285639062,14.9054394531869,3765.0017142502747,3994.366563380609,0,0,6.535967851903888e-07,0
1.92036900954149,31.8036451987452,0.254071379619416,9.22528884767722,19.8960660616664,2.96774143209645,5.53943525664057,1427.18196398286,289.513586027055,1734.68030896635,447.288517211318,106.521551211019,3219.1797136478,89827.5519643599,14.8995793626641,3746.110605696668,3992.5198091796174,0,0,6.59132793550375e-07,0
1.89669930174658,31.8143836233118,0.249973243962214,8.81442553238042,20.2697806473099,3.04586154642214,5.50535593049459,1445.07494757747,291.00105189277,1757.21737458139,452.367643166832,107.929825151006,3258.38548909479,88898.8719983235,14.8937357322452,3730.171427701582,3990.745818890524,0,0,6.642965327327965e-07,0
1.87408923647797,31.8250490747993,0.246144171098386,8.41378240666884,20.6544334260251,3.12684530387347,5.47008636736124,1462.63442217735,292.274462381362,1779.41209293732,457.233154987953,109.317505951471,3296.72435259673,88067.6082362225,14.8879089084877,3716.8601946098856,3989.0555490657644,0,0,6.690168026471292e-07,0
1.85340562343455,31.8407311230641,0.242527742450452,8.00749506372122,21.0453094294084,3.21022765490311,5.43394895619639,1479.68611474621,293.282686361522,1801.06216938249,461.828975545216,110.672061058593,3333.79954731753,87327.8293952643,14.8820992310743,3705.8680663618425,3987.4429362395344,0,0,6.741561226802605e-07,0
1.83531543334583,31.8639383215977,0.239080647573858,7.58840687365087,21.4384151593371,3.29535838368028,5.39726028183628,1496.1126505043,294.005308440966,1822.02467116438,466.117001555262,111.98451164017,3369.34765071908,86676.5325187201,14.8763069594776,3697.0147688638085,3985.840234196836,0,0,6.922896077380801e-07,0
1.82029151302254,31.8948764956025,0.235762363547622,7.15812057878979,21.8301058239386,3.38155385243556,5.36032728536892,1511.79311725609,294.433924324603,1842.14332451774,470.057494459047,113.245074682611,3403.0978448572,86111.7934760156,14.870532293593,3690.1474370426135,3984.1133701351687,0,0,7.359333089754955e-07,0
1.81034240011772,31.9334199650112,0.232547086893913,6.72288105377508,22.2158292409308,3.46891204471218,5.32339332660482,1525.45636229887,294.342271001907,1859.85534417781,473.255243100248,114.357405775818,3432.1912130715,85621.3355441581,14.8647756874937,3683.949214612203,3982.2166173282744,0,0,7.921382821748239e-07,0
1.81001281779422,31.9797131948804,0.229414196150634,6.2897424351378,22.5890682582423,3.55886018004107,5.2866208211967,1535.00441954179,293.361267193727,1872.58764926774,475.059168439881,115.162681901184,3451.91903975583,85195.8406764348,14.8590375981852,3676.579774772328,3980.149525620743,0,0,8.346665373869019e-07,0
1.81998035883318,32.0335095550718,0.226395486645139,5.86439055135478,22.9452844301653,3.65069542662341,5.25035970396961,1540.50971203965,291.532968132939,1880.41721643767,475.485473846795,115.664903085426,3462.45012803188,84903.5756699613,14.8533161521312,3670.1175293028737,3977.9616301889496,0,0,8.549967190284042e-07,0
1.83763087743523,32.092236843368,0.223526013346592,5.45095052995146,23.2822055130564,3.73913999362887,5.21548549581456,1543.23882986693,289.126776232714,1884.87649182106,474.925371780419,115.957182374053,3466.639674602,84844.6572695826,14.8476080417581,3668.471608910783,3975.742183158392,0,0,8.585054631826779e-07,0
1.86107494328717,32.1482121908853,0.220776773983778,5.05044016428157,23.5956178199564,3.8170450970338,5.18326914279363,1544.17704691536,286.36206083926,1887.14489138573,473.693028812363,116.1106501791,3466.70933708927,84909.1436836838,14.8419166752054,3669.1022278941314,3973.526044156922,0,0,8.534420788326133e-07,0
1.88974643677754,32.1913386429662,0.218112203689776,4.6614333842074,23.8805297016056,3.87873073721858,5.15485090971876,1543.83830461535,283.351247624898,1887.82314375372,471.965057826882,116.161077141712,3463.80984121644,85024.094484089,14.8362451261341,3670.220787770086,3971.3100722823237,0,0,8.457940351331217e-07,0
1.92355717010321,32.2148343755555,0.215486369870758,4.28304057508012,24.134831647168,3.92116418894146,5.13085480270473,1542.65060100811,280.164673728323,1887.41737096184,469.89273244243,116.138897469926,3458.89041914678,85105.6766981367,14.830596615906,3669.6568357660612,3969.118917161926,0,0,8.386682173874805e-07,0
1.96232885920877,32.2176215856856,0.212840577440944,3.91651197143767,24.3613680190358,3.94388513525221,5.11125487403864,1541.14231916917,276.868094183447,1886.57612040371,467.651911292351,116.083770226875,3453.12390691195,85061.1706363091,14.8249744726796,3665.058153924908,3967.017016079999,0,0,8.331597553467237e-07,0
2.00482258587149,32.2031388934371,0.210142450847831,3.56640730308782,24.5679248654613,3.94726786093896,5.0955993506133,1540.01369291854,273.540249220121,1886.18033045674,465.461643049149,116.049887295866,3448.07073290925,84974.6472053187,14.8193769134822,3659.4461626500783,3965.0167110030457,0,0,8.296517330209599e-07,0
2.04958995095702,32.1763447242444,0.207382351567793,3.23929387134427,24.7620332098728,3.93141391108731,5.08346552505149,1539.66030787292,270.219921674921,1886.7434502991,463.443652668788,116.068701168961,3444.62195682611,84897.5574610755,14.8138027773983,3654.6489448371167,3963.1107626403377,0,0,8.2745262631076e-07,0
2.09616606443828,32.1412006535751,0.204571650377648,2.94065913425436,24.9466028188673,3.89652883560714,5.07467274507622,1539.87531519365,266.87482865264,1888.02786646168,461.538360899609,116.125230290198,3442.33431592694,84838.7507989085,14.80825219531,3650.7847945831245,3961.310042618237,0,0,8.255664743542502e-07,0
2.14445356561252,32.1002202768846,0.201734308870543,2.67411122592661,25.1209025298711,3.84320766270206,5.06919296673825,1540.27496709438,263.464928577401,1889.5646217541,459.634855242193,116.190133948036,3440.37328884378,84793.8254810083,14.8027257760013,3647.4462916811785,3959.6487734766074,0,0,8.23518154053786e-07,0
2.19374071988634,32.0554599236871,0.198897095583332,2.44289568832566,25.2833982530557,3.77276584057312,5.06693904995357,1540.58280877982,259.974292605349,1891.01090251285,457.655512049945,116.241783069693,3438.14377665905,84758.481259253,14.7972241553176,3644.3073532641747,3958.1359867073875,0,0,8.211682881602838e-07,0
2.24246580694058,32.0087509332052,0.196081117393942,2.248899095614,25.4334109432711,3.68761478215918,5.0676128141718,1540.68647756334,256.408388380293,1892.22519959837,455.572041519918,116.271241679932,3435.41270000276,84728.7631855824,14.7917479590331,3641.1726213254315,3956.7664472778793,0,0,8.185457439458286e-07,0
2.28924197370999,31.9612829814223,0.19328755894645,2.0898862428821,25.5717134142677,3.59162261254217,5.07061946371597,1540.60859881873,252.78173320676,1893.2319303247,453.395572426275,116.280491269596,3432.23842024168,84626.2547713864,14.7863000772559,3635.742757278503,3955.446090398957,0,0,8.157495514003177e-07,0
2.33386729669669,31.9139203214006,0.190495295183776,1.95786893794852,25.702595617653,3.48973664361858,5.0750065809917,1540.57430290274,249.1222098667,1894.3033023916,451.19518714614,116.287546008775,3429.11431438159,84343.7457270921,14.7808846578415,3625.015527326306,3953.9665877839584,0,0,8.129553174197463e-07,0
2.37686361653122,31.8679707320958,0.187686763802181,1.84113943827792,25.8353606443207,3.38550191410842,5.07973456096725,1541.04791072572,245.480337004651,1896.00208792191,449.109031554109,116.328619029832,3427.05050041298,83985.2240552931,14.7754997081437,3612.4035241071097,3952.2542329838348,0,0,8.104352305543443e-07,0
2.41954594619945,31.8248158195328,0.184848901830793,1.72990633742322,25.978638983245,3.28023462339473,5.08412029307276,1542.36078410339,241.89242827092,1898.72582404772,447.234813863898,116.429391402313,3426.76368993513,83618.0409404833,14.770143610608,3600.134239291186,3950.3213913484574,0,0,8.083682778370803e-07,0
2.46357093587179,31.7851902112929,0.181984086372992,1.61968196357293,26.1352441035853,3.17421865781299,5.08796095864649,1544.44127050976,238.350776583807,1902.3790818445,445.551550381672,116.584617184759,3428.0908504498,83273.0620632849,14.764815658473,3589.06351232453,3948.265234300843,0,0,8.067101448576886e-07,0
2.51003044412509,31.7495395422009,0.179109861877065,1.51087447380771,26.3026928506876,3.06744849786543,5.09140075481275,1546.9409497989,234.818606578146,1906.53044409991,443.959659667718,116.767967485529,3430.26985436413,82971.4414007019,14.7595153014704,3579.5620485897425,3946.2583688146,0,0,8.052723051047996e-07,0
2.55906552902045,31.7190856319974,0.17624450112082,1.40658712393556,26.4760219596783,2.96004423206787,5.09471552393775,1549.46183818656,231.255977440412,1910.69101501621,442.350536917668,116.949496784721,3432.43842008081,82696.3491408196,14.7542434173877,3570.8480613631,3944.351675192361,0,0,8.038460748799617e-07,0
2.60989379549693,31.6955413096298,0.173404058530668,1.31001098896362,26.6506005261198,2.85246936269309,5.09811857081285,1551.73790533051,227.639775155994,1914.53548286645,440.657307900856,117.109425992887,3434.02783939623,82436.382629668,14.7490009060204,3562.3988536981187,3942.5273298539673,0,0,8.02297059372172e-07,0
2.6601494019423,31.6799310562468,0.170627507090466,1.22438565651742,26.8227768574778,2.74462432558819,5.10184574367786,1553.6535304159,223.967240103044,1917.92228214409,438.857448889331,117.239265881068,3434.80026648375,82357.0538209924,14.7437804668713,3559.016133886314,3940.712247254463,0,0,8.005717089889322e-07,0
2.70388189878614,31.6720809378041,0.168008222730124,1.15862807530619,26.9841872627066,2.63574469053532,5.10650146749785,1554.87205643017,220.222717800958,1920.43435831878,436.874286781486,117.313713084999,3434.04588897974,82743.8279460863,14.7385690030519,3568.8741254097426,3938.787941913903,0,0,7.985030005322187e-07,0
2.73136987902609,31.6711036377339,0.165639277938144,1.131067433207,27.1148553127834,2.52972602529669,5.11271690412363,1554.42099339775,216.337647892932,1920.87056503523,434.473568027494,117.260622249923,3429.69322813668,83384.8887027801,14.7333785597269,3585.0436177535526,3936.7204856538356,0,0,7.956021026805866e-07,0
2.73217339458615,31.6762580152417,0.163601269145408,1.15937190320018,27.1933274666876,2.43692198892536,5.12030425525832,1551.3411810729,212.249029160506,1918.05001565346,431.442493283485,117.010803192265,3419.71882305307,84095.567840884,14.7282201179614,3601.4254206212486,3934.5203533801123,0,0,7.914057197745023e-07,0
2.70196340408848,31.6871733727023,0.161988985661918,1.25263631526569,27.2101431231949,2.36712268887861,5.12845634743509,1545.65423141605,207.994576120175,1912.00443925921,427.838505641203,116.569331551344,3404.23488486072,84901.6526281143,14.7230944141949,3618.8264290015463,3932.1785658201643,0,0,7.859655477541947e-07,0
2.64068695886618,31.7028965432741,0.161084632866559,1.42726615819992,27.1666915042358,2.32371540079722,5.13668066846116,1538.01732095596,203.680344895094,1903.5411396089,423.904299537139,115.987492250099,3384.73499188925,85933.1766219441,14.7179992890172,3641.575614031935,3929.6580462129605,0,0,7.796372253719573e-07,0
2.54535257089152,31.7203402943132,0.161431353002313,1.7347983597075,27.0673552114302,2.30661239232035,5.14494239418569,1529.08598779839,199.43510319083,1893.4422199846,419.944037034281,115.314767268445,3362.74099399726,87078.6460749758,14.7129390074587,3666.9104089177345,3926.956902764215,0,0,7.727508188492448e-07,0
0.0094907178088233,31.7351918349316,0.290681152588532,2.60588271921651,27.1332799106399,1.75099385390543,5.21937911227403,1519.3118555216,195.378977683383,1882.15194615018,416.736220452593,114.51924728235,3339.52193677578,88257.5558834051,14.7079156529846,3692.978057024737,3924.0858629870704,0,0,7.664019919446492e-07,0
2.6746940464671697e-11,31.7467227589389,0.92082762360486,4.50713333730213,27.4952863646332,0.19514133235847,5.41917301373507,1511.81675357687,192.061280247676,1873.1370443173,417.119371744266,113.786836075597,3322.83534247076,99043.356022527,14.7029520128794,4004.3384450999624,3920.920544512965,3,2,3.502313175520903e-06,3
5.3913643915918394e-12,31.7552965842893,5.27366652168975,6.089162413239,26.9168808494755,0.0023829214986059,5.48560633281387,1506.30924166039,189.306348989521,1866.21922058755,416.465146758255,113.296100528387,3309.55217523727,101497.616041041,14.697985975989,4071.384657875809,3917.566586466739,3,2,3.5402685510748233e-06,3
5.61226191950553e-13,31.7618415855499,11.9187174936691,7.630425447612,26.1968327854838,0.0004100635055632,5.52848000304797,1494.96593995088,187.008849481592,1852.06125677219,412.145373907347,112.378194235777,3283.10943408165,104309.819236783,14.6930590115393,4144.079898260007,3914.096649415747,3,3,3.5478628616948434e-06,4
1.41763195927977e-14,31.7694631572353,19.4811552147475,9.23883980603131,25.3460477588703,0.0003118050840031,5.57659672595864,1482.18440898409,186.512475889574,1835.9793989127,406.917400244856,111.332135762958,3254.5394862301,107163.062623746,14.6881736236555,4216.937666802282,3910.589822116301,3,4,3.5702123660207327e-06,4
7.21446044411714e-17,31.7808948054496,27.0695437129584,10.8723013797067,24.3602355290858,0.0002438232613613,5.63273432230874,1466.61991704423,187.824050728642,1816.20863232471,401.370972144905,110.046409130575,3221.4981698865,109382.642345938,14.6833319002278,4269.540799901594,3907.2058300136637,3,4,3.5923980621923693e-06,4
8.04328558829726e-20,31.7965244051958,34.1409315900684,12.421603089836,23.3289847896665,0.0001690629078705,5.69215277533184,1450.81965753066,190.642216372085,1795.90813423545,396.388692691853,108.718088878285,3189.23128430872,110396.145037923,14.6785341817164,4286.905038621963,3904.11968733936,3,4,3.606626658102773e-06,4
1.03713616774437e-23,31.8150070924211,40.4389317571742,13.7717651737517,22.3562139212117,0.0001039340174579,5.74858548437606,1437.39362968175,194.263228782332,1778.33944255306,392.459832750619,107.555556141965,3162.59664326133,110969.917344208,14.6737754250787,4293.182908368869,3901.333164109195,3,4,3.613104659698906e-06,4
-1.83743231398971e-24,31.8348312346624,45.9181327084946,14.8788467555452,21.4889132485141,5.35493568644527e-05,5.79911449650351,1426.87889285131,198.126929872276,1764.18254559969,389.483028952407,106.606594288425,3142.17364940285,111331.283741624,14.6690545207177,4295.246054597145,3898.808791571853,3,4,3.617828148828421e-06,4
-1.0885406562362699e-22,31.8552296275891,50.6850652033534,15.7632623298192,20.7235389732305,2.26732399697652e-05,5.84393038248659,1419.13010442765,202.118875573594,1753.27752825364,387.274966127151,105.862164710959,3127.50482121998,111258.034875991,14.6643727436219,4286.415144109116,3896.483128298503,3,4,3.625663217854626e-06,4
-2.68115620029924e-22,31.8782029575699,54.8981190157523,16.4592572805539,20.0498056667235,7.03326521956374e-06,5.88367621690095,1414.38183229833,206.242405444042,1745.97954148449,385.839973550716,105.342461063719,3119.11011249236,110589.18182155,14.6597312655889,4262.155868651732,3894.2751668773585,3,4,3.63759531015487e-06,4
-3.3799255548478096e-22,31.9096698049965,58.7138608288028,16.99686457708,19.4667681880246,1.05437260465485e-06,5.91840733551276,1413.39550435447,210.382791234425,1743.34156853578,385.35990983618,105.110527718007,3118.59165624176,109688.669950943,14.6551290169648,4233.711501416194,3892.1516903403844,3,4,3.6526244891243006e-06,4
-3.26179737864294e-22,31.9539094093068,62.2574345776005,17.405307307095,18.968751836199,9.21993668834692e-08,5.94842193413578,1416.29314860233,214.412468441154,1745.58491318495,385.843299370045,105.179065226134,3126.16175327013,108693.499880046,14.6505658400484,4205.1942617438335,3890.0971197811778,3,4,3.668167928594321e-06,4
-2.8320405504802297e-22,32.010648682395,65.6121343530942,17.7100577015456,18.5407328129293,1.21227058471627e-08,5.9745601085159,1422.30414570724,218.28032948652,1751.75569622404,387.067410555178,105.489005944164,3140.15550056741,107801.800530826,14.6460411199174,4181.860849779614,3888.086685095403,3,4,3.6813654279286993e-06,4
-2.40874460095892e-22,32.0793072012245,68.81698799169,17.926126643581,18.1614528928196,2.4266144043808903e-09,5.99800821752136,1430.11069394264,221.919052839624,1760.19154234895,388.703620303945,105.938153455386,3157.74301422688,107171.696803162,14.6415541984307,4167.408453307685,3886.0915460161027,3,4,3.6901357572782855e-06,4
-2.0846069433398798e-22,32.1628002752052,71.8631160879609,18.053448510561,17.808285746221,5.610525259817801e-10,6.02001411779189,1438.22120777596,225.139659300939,1769.02234857168,390.397795249012,106.41246526348,3175.65923133658,106621.882824835,14.6371063492752,4155.465859559903,3884.098655353078,3,4,3.693539732320355e-06,4
0.622453899520679,32.2592001893343,52.7582997317315,18.285763146374,17.6105265540619,0.303665363434681,6.03066111235491,1438.5982016903,226.644626188579,1768.8834523562,405.964576519506,106.396120979905,3186.26484008378,96888.897110798,14.6326813247301,3875.602313210142,3882.2087440383148,0,2,1.0060915895311427e-06,0
0.780422679755863,32.3818781026844,28.7016680240564,18.4079499063137,17.3806020423383,0.807665487902214,6.02213044050169,1426.91176424964,226.902705783693,1753.98292633136,421.560180358316,105.522191183611,3172.79609999213,96084.1066119045,14.6283150278609,3849.900660822707,3880.2696003095666,0,0,9.484854660824612e-07,0
0.845239259113373,32.5161430111619,11.9339710714161,18.4525764708062,17.2220924441369,1.04537918669585,6.03152353894758,1417.62169932544,226.985486279889,1742.01895718601,432.257129958415,104.79543318019,3160.83986226447,94707.9042335864,14.6239934240658,3806.976071119391,3878.172203350246,0,0,8.82939377414591e-07,0
1.13371738504019,32.6401142990421,2.42277264933767,18.0931102600975,17.1997119189447,1.30714178490205,6.01237572164612,1416.7454782768,227.313894389431,1740.68557591416,439.174681893318,104.724222130733,3163.30410512236,93288.0965272053,14.6197143395242,3766.4293670335182,3875.8770182881767,0,0,8.40498612393867e-07,0
1.42918407109528,32.739159897072,1.14074528362756,17.2773288596207,17.3244375874464,1.65771262463122,5.95285012725416,1423.38574213499,227.939571002328,1748.88203070375,441.601007407508,105.256499506841,3178.08595912903,91999.2418377571,14.6154769059285,3732.5873891720985,3873.401919707981,0,0,8.075768361712244e-07,0
1.59876520975893,32.8111086956503,0.703797187603547,16.3970733888522,17.611675463281,1.94149318633709,5.89030175441339,1434.65349961677,228.769720552025,1762.95631748135,445.275889926012,106.153849739159,3202.87921778621,90920.5421149893,14.6112805179027,3708.263082139641,3870.850209827801,0,0,7.922157416611799e-07,0
1.70861215710937,32.8622266420672,0.480099164014311,15.5459012175978,17.9845062991669,2.15915956730971,5.83139560734023,1447.97432749535,229.673296233374,1779.66415844804,449.850771970942,107.214097940746,3232.33284097828,90109.7908750451,14.607124425751,3693.430096605327,3868.3669160824907,0,0,7.850609527126653e-07,0
1.77622720620054,32.9020198066487,0.35369332610905,14.7519345493476,18.3844421389981,2.32896658158983,5.77770094857577,1461.57101269912,230.531425404455,1796.76570936472,454.606450818088,108.299711208245,3262.44605778238,89442.9361096889,14.6030097216443,3683.078736260315,3865.9870483085833,0,0,7.808209885246742e-07,0
1.81458574180059,32.9382520844634,0.280547758452987,14.0161335561258,18.7801711811898,2.46776877553114,5.72890627679039,1474.52548856666,231.263347499934,1813.10604056018,459.063432357907,109.340273998631,3291.07538556358,88859.6552856615,14.5989372320302,3674.683653243581,3863.70125869493,0,0,7.833355657422862e-07,0
1.8320864980328,32.9744501592142,0.240281197308691,13.3298295613563,19.1596528562456,2.58897932717238,5.68385572527449,1486.58155495046,231.826478660215,1828.36634794706,463.036048004998,110.316266571403,3317.57980286503,88309.9232668588,14.5949078127721,3666.5465920874003,3861.451239044151,0,0,8.057421193995106e-07,0
1.83742934880506,33.0103735971056,0.219222530069982,12.6813420580087,19.5218157034617,2.70173717134763,5.6412857710892,1496.91507572326,232.070947752318,1841.53886956799,466.233917306237,111.166338814978,3340.08900908252,87748.3266966587,14.5909224077593,3656.7247196664157,3859.13193072937,0,0,8.419413883985453e-07,0
1.84065339506647,33.0435248726327,0.207173684957879,12.0561220807145,19.8705384896198,2.81091652503509,5.60021998750782,1504.44395895835,231.811554875242,1851.30103115804,468.312031590882,111.809922936989,3356.17828312798,87217.6613152802,14.5869808375426,3645.6751813111755,3856.7031178248744,0,0,8.733187120767525e-07,0
1.84620310077428,33.0713779409847,0.199162079314172,11.4407124369513,20.2092821333693,2.91944034856652,5.55998814525359,1509.56582313423,231.094546106328,1858.15098647484,469.386180020849,112.276627975255,3366.72667769069,86737.8662679323,14.5830830527005,3634.268175329805,3854.1597275556437,0,0,8.925207570002113e-07,0
1.85382708171003,33.0927905566666,0.193355418316925,10.8290419563956,20.5386323027495,3.0288828762387,5.52030148188417,1513.25845699806,230.072177558155,1863.29366622366,469.759155863979,112.638886889382,3373.91708771455,86416.3672384438,14.5792275147729,3626.348915306832,3851.516206124275,0,0,9.015056036579926e-07,0
1.86239590390839,33.1072519130009,0.189010002393294,10.2284424301801,20.8547995583064,3.13847230780789,5.48147146590423,1516.07133524001,228.857501166225,1867.39472267903,469.615477514182,112.936605333221,3378.99436947997,86390.8819759746,14.5754119241372,3626.3343136316903,3848.807127698597,0,0,9.046093355812718e-07,0
1.87241740250502,33.1128944163447,0.185598175636596,9.66270305947475,21.1486148914599,3.24682407588031,5.44421937974339,1517.8230470921,227.460145717983,1870.21082137927,468.930249874976,113.155179254115,3381.58182529896,86505.8969389436,14.5716389280194,3629.5648799671562,3846.0540471526297,0,0,9.049837947113065e-07,0
1.88472227455578,33.1068192591792,0.182741438089454,9.15951955455147,21.4115534761789,3.35332740134737,5.40913638853073,1518.18699639147,225.841784638385,1871.32299815514,467.64327456389,113.269859941234,3380.96895955986,86669.0757662026,14.5679105648754,3633.1231916126417,3843.2635711943876,0,0,9.041556242451179e-07,0
1.89859595798497,33.0873058796191,0.180303000530363,8.73624275284499,21.6407778247028,3.45654189550127,5.37660758027351,1517.23889812382,224.009617001651,1870.8150467231,465.816342509124,113.286159745173,3377.33574373436,87011.2025383568,14.5642254467379,3640.8857737457583,3840.4623589622765,0,0,9.028591743016114e-07,0
1.91240391484493,33.056195179026,0.178360697214144,8.40480482207715,21.8348814857811,3.5517429099961,5.34740671312971,1515.06886139081,222.029797440784,1868.77551498836,463.525203510469,113.209261663595,3370.92951079964,87741.3144233369,14.5605815617345,3659.020393187747,3837.7182198121686,0,0,9.012762996295624e-07,0
1.92633418317729,33.0207239485513,0.176960386617629,8.18566662153563,21.9881236099306,3.63209479677351,5.32290049116303,1511.21025091698,219.991535548689,1864.57054311819,460.709916391121,113.000491367926,3360.82385583156,88644.1922829172,14.5569830278244,3680.9483443712857,3835.0641800718313,0,0,8.984845019986142e-07,0
1.94066547112253,32.9901697868737,0.176122166860691,8.10126067842104,22.0961052428083,3.69161356345046,5.30429540721174,1505.3658106698,218.013317965524,1857.76752165672,457.379196344112,112.633804206385,3346.47573820934,89587.9924175904,14.5534321547394,3702.6517845051753,3832.5071782470673,0,0,8.939729656649479e-07,0
1.95462383999691,32.9703017365427,0.175808145717055,8.16049864841145,22.1608298869603,3.72691528366792,5.29203160046655,1497.78688889967,216.199264379219,1848.64438483055,453.68458210945,112.12631613181,3328.50919178383,90588.5883423433,14.549929085625,3724.803716362143,3830.0241724185776,0,0,8.869419723923511e-07,0
1.9667217126489,32.9610535449901,0.175882352224177,8.35230228305739,22.1862837535362,3.73815312925252,5.28583435745952,1489.3775744668,214.670922025064,1838.33444284579,449.918700312085,111.546300943366,3308.9541949973,91697.317273731,14.5464736757175,3749.5669833703796,3827.577799122067,0,0,8.78911165170839e-07,0
1.97622417257,32.9573763166717,0.176299373566655,8.64524265488367,22.1724416982599,3.7300418759814,5.28488195217679,1480.95409055329,213.528036422836,1827.90964068337,446.275671539015,110.956871580438,3289.63919137851,92835.5265788462,14.5430667923692,3775.2455122239826,3825.177622875144,0,0,8.724566499854836e-07,0
1.9843249880803,32.9532034654188,0.177136779778488,9.00149883490776,22.1183867737253,3.70895960567988,5.28812386739573,1472.40166861964,212.744517570951,1817.30139475343,442.642162628511,110.351544022685,3270.32261499596,93954.7698775598,14.5397088696861,3800.342608003255,3822.8441081731653,0,0,8.662488215721805e-07,0
1.99320378409886,32.9451292189798,0.178307819346195,9.39090609938004,22.029021662676,3.67983517429689,5.29444415212554,1463.5374149404,212.259311831603,1806.32850561659,438.909673376133,109.718495610279,3250.58202222083,94848.3852872618,14.5364010152069,3818.709625742215,3820.468759060271,0,0,8.582072316340555e-07,0
2.00325633558276,32.9325068336386,0.179625404575061,9.78236801905181,21.920033389468,3.64715069455634,5.30228434412658,1455.10003671888,212.074419203596,1795.91725207728,435.284477784876,109.115230431148,3231.98519690376,95311.796836901,14.5331440432193,3824.9240059511253,3817.827575380346,0,0,8.483332842171649e-07,0
2.01333140151782,32.9154391204885,0.181010587000258,10.134830206966,21.8146896718223,3.61422818605092,5.30991995620566,1447.58996758427,212.123791069329,1786.67518212353,431.938736811777,108.580571102589,3215.54504150408,95591.4400261606,14.5299366752968,3826.5016828262233,3814.879065796755,0,0,8.316425911846136e-07,0
2.02328567728427,32.8941648204993,0.182395740721992,10.41647367346,21.729207288101,3.58284031794276,5.31626948953842,1440.97429297635,212.319625134461,1778.53995528134,428.895074114314,108.11205752702,3201.1261271149,95777.0224345951,14.5267785972178,3826.0203276021925,3811.64430660572,0,0,8.045408630782595e-07,0
2.03297100284211,32.8692524263076,0.183749738718738,10.6187232145114,21.6673827740372,3.55352291634671,5.32108938821167,1435.15606241351,212.629800959131,1771.37744652158,426.14147416581,107.702113610514,3188.49648536393,95973.040576207,14.5236695405714,3826.444780304944,3808.309293839416,0,0,7.719529466394533e-07,0
2.04215338722099,32.8400711844221,0.185046399710605,10.7504568938853,21.6234006626393,3.52580320035921,5.3247744611676,1429.92877417765,213.030046661949,1764.93533129943,423.616268068831,107.335600554028,3177.20448821205,96272.7535921133,14.5206093439363,3830.335956524433,3805.169219019012,0,0,7.418886107144408e-07,0
2.05168912269618,32.8029910263808,0.186201948215888,10.8237865393777,21.5862728448167,3.50040808071092,5.32780532979387,1424.89698860503,213.443554238107,1758.74913600858,421.18785399134,106.984753009734,3166.37246677887,96538.9923031411,14.5175988265531,3833.4262426890564,3802.2623855901493,0,0,7.181434318210632e-07,0
2.06232287403181,32.754279481562,0.187158447823402,10.8447386282575,21.548595836913,3.47919737757546,5.33029224194531,1419.84278732044,213.789199353812,1752.5797455344,418.770531645117,106.635625194924,3155.49621030574,96731.3092140247,14.514638374374,3834.382678768487,3799.55284646108,0,0,7.003232651565713e-07,0
2.07374925637181,32.6934228511851,0.187883536752775,10.8151845270017,21.5096175258009,3.46304213124542,5.33212873857167,1414.89404388618,214.043425328994,1746.60032031494,416.38454206759,106.298912032438,3144.83215217062,96915.9359763866,14.5117279371451,3835.2143438478533,3797.0340844085736,0,0,6.8665306660655e-07,0
2.08537655968744,32.6238926863308,0.188289635807226,10.7398203310255,21.4694234932978,3.45188519559083,5.33329883669761,1410.19747398466,214.18899988512,1740.98644855884,414.055182429208,105.98506157887,3134.66058548706,97161.249047324,14.5088674742557,3837.995286422065,3794.7326891348766,0,0,6.754711122475737e-07,0
2.09743368615766,32.5525875012168,0.188307629512083,10.6288238871812,21.4239006380092,3.4470237506602,5.33380569062369,1405.66637865328,214.134058945145,1735.61237408756,411.723134567325,105.686282395383,3124.69139057962,97402.5694242944,14.5060574380313,3840.75139010134,3792.645663986896,0,0,6.656406895972077e-07,0
2.11026197558692,32.4857646986998,0.187965639966,10.4921340857682,21.3685328770004,3.4502794296305,5.33359743130346,1401.17765785987,213.781582925581,1730.30961317894,409.318191710444,105.392342663266,3114.55596387965,97625.6970030018,14.5032980879528,3842.9490837817984,3790.7599603513277,0,0,6.567557928643373e-07,0
2.1246528920017,32.4256388215315,0.187275197315419,10.3331899584443,21.303643016688,3.46356356313323,5.33237348965786,1396.80362948691,213.118553496465,1725.16296742905,406.848688087056,105.108583464952,3104.38518760761,97560.0141685565,14.5005904994621,3836.782085779507,3789.08796045792,0,0,6.487976804751907e-07,0
2.14048848400853,32.3695694633343,0.186283153508936,10.1464548574327,21.2416028074234,3.48928461609858,5.329124880042,1393.23444597229,212.262207331607,1721.03655407109,404.526197651477,104.888155494795,3095.73990378401,96976.1355397839,14.4979356243652,3816.112357736822,3787.6470471898942,0,0,6.420388422644964e-07,0
2.154073747865,32.3104315506796,0.185135384826145,9.92540933783732,21.2062229632952,3.52621507262503,5.32274215572571,1391.76938446036,211.458394536694,1719.55406389322,402.762095611643,104.830367626755,3091.581752262,96285.4342813594,14.4953323653877,3793.83757113155,3786.4118142413354,0,0,6.370063047985604e-07,0
2.16248311933329,32.2415488416891,0.183919970730192,9.67203480742164,21.2126470315925,3.57031217731537,5.31300395745902,1393.08088324483,210.893234713354,1721.55302968367,401.787359760251,104.986178489099,3093.4955628595,95622.7402043058,14.4927804199591,3774.380405920351,3785.349293057181,0,0,6.338392042111081e-07,0
2.16570099263772,32.1609051956294,0.182674433330268,9.39448715721531,21.2593642547861,3.61852490996776,5.30046031878108,1396.79147631427,210.579068867432,1726.55998487861,401.508104345024,105.326486409861,3100.69726478317,95015.6059390822,14.4902798405551,3758.280259981173,3784.4521829160262,0,0,6.321925574734269e-07,0
2.16533130286874,32.0715359418488,0.181389253238313,9.09894314768819,21.3360725915345,3.669469957872,5.28588728557278,1402.0792561916,210.407727364232,1733.54465840615,401.67872511091,105.788312843072,3111.3546380921,94476.059323737,14.4878307308215,3745.2860777755923,3783.7354354717886,0,0,6.315466862974062e-07,0
2.16340593627313,31.9801865559414,0.180024117107074,8.78404165651881,21.4316548107905,3.72305171372768,5.26989941793989,1408.19691988975,210.2276922414,1741.56479234759,402.059446117328,106.314164307183,3123.74685642185,93972.7419479938,14.4854333597839,3733.9268846434147,3783.1775599621037,0,0,6.314395562506433e-07,0
2.16148229485317,31.8930984751452,0.178547007465704,8.44622174696463,21.538563526589,3.77943524254908,5.25286772515029,1414.68722378371,209.923160059775,1750.040740263,402.493476642399,106.868702227641,3136.79469284373,93494.8095064689,14.4830879272175,3723.5353821879003,3782.7456190031207,0,0,6.315804076466247e-07,0
2.16079750505953,31.8133154250625,0.176917941220762,8.08532961723097,21.6538479916304,3.83915777240944,5.23486076713328,1421.38417564422,209.450881689959,1758.76338603335,402.916524368076,107.439264925326,3150.10236543989,92904.5140624268,14.4807951669152,3709.9912793810886,3782.3693760206666,0,0,6.318357837925078e-07,0
2.16188752307286,31.7438211947651,0.175100987781976,7.70182126121673,21.7807418636377,3.90404490703788,5.21541181639232,1428.51163185928,208.841651733916,1768.01625550782,403.377808407394,108.043583165788,3164.16245149635,92072.6601375314,14.4785558915739,3689.7120955756927,3781.9479246443557,0,0,6.322800676988754e-07,0
2.1633521981397,31.6914901994569,0.173143490790429,7.29467572833867,21.9280266309066,3.97545571742033,5.19378631834865,1436.67697305137,208.187444776074,1778.56109115282,404.030466262373,108.728795734143,3180.3218224788,91210.6787575294,14.4763694632026,3669.253907422146,3781.452025819483,0,0,6.342917680685059e-07,0
2.16401808239692,31.6627228132104,0.171103812689067,6.86520968767723,22.1012245087008,4.05284877581205,5.16971112455527,1446.25216322832,207.564773002254,1790.86275793725,404.964152884747,109.523532282251,3199.41627964604,90404.6148840568,14.4742355967423,3651.3722335508337,3780.8843608943685,0,0,6.457901626291232e-07,0
2.16439957315677,31.658605984082,0.169015270719478,6.41829260755265,22.2986102644313,4.13465523321181,5.14350122213791,1457.06697247461,206.983481114836,1804.70950850108,406.125992555259,110.414503617922,3221.09057722064,89607.8470982782,14.4721546361053,3634.5972988159206,3780.234178914703,0,0,6.720744973994579e-07,0
2.16587473881394,31.6748463664948,0.166880256285849,5.95948486764156,22.516021097514,4.21939589705578,5.1156150835412,1468.7714929007,206.408909918737,1819.6728790411,407.418587101375,111.374749150431,3244.58655740565,88756.1275966443,14.4701271270764,3616.8240626750553,3779.470393765041,0,0,7.110918097773629e-07,0
2.16943889175533,31.7036421870389,0.164694210796367,5.4935298956679,22.7514139455704,4.30540180324103,5.08641276182547,1480.99117476557,205.771601434635,1835.30785444749,408.738260895211,112.37583607394,3269.08143721988,87935.1018897904,14.4681527739955,3600.270118988395,3778.5987365189594,0,0,7.5703584665981e-07,0
2.1783622376124,31.7375591762506,0.162453073550775,5.02574687090129,23.0016945188784,4.39107886861953,5.05631010271683,1492.04490318098,204.833473291542,1849.54683850192,409.625443395502,113.289450056295,3290.87712537586,87182.21931241,14.4662314047572,3584.831113734345,3777.6430212998143,0,0,7.954026602861041e-07,0
2.19674807866425,31.7723856093345,0.160157058061653,4.56247344280736,23.2606967930846,4.47506062975005,5.02588209397094,1500.60728240332,203.436035550272,1860.74808475375,409.721233581537,114.013399353114,3307.07058550679,86465.3672739013,14.4643632942271,3568.6419297365037,3776.585983804331,0,0,8.16454839621706e-07,0
2.22553036137667,31.806771510518,0.157818669322259,4.11010161315038,23.5239583153706,4.55454471930316,4.99581386437797,1506.96763531388,201.648512719015,1869.26160773911,409.11120257241,114.567971229834,3318.31648738065,85737.1864547843,14.4625489348549,3550.540646009035,3775.3575362741044,0,0,8.227919506863418e-07,0
2.26332303222291,31.8404121013431,0.155458510610911,3.67573203157416,23.7912466164278,4.62458094261053,4.96685815273878,1512.10381003005,199.629053905201,1876.2869695965,408.074504241335,115.02586181935,3326.78322431559,85043.1151695094,14.4607881181918,3532.5378487843504,3773.9349906583775,0,0,8.213239228880457e-07,0
2.30846498895338,31.8731090620792,0.153096432716403,3.26718557353047,24.0635023034375,4.67909970578103,4.93986627016551,1516.8194620838,197.508295648591,1882.80779776826,406.845298202995,115.44647995025,3334.25392093503,84406.2899321269,14.459080670274,3515.875327415421,3772.32722544635,0,0,8.176355151164034e-07,0
2.35981729944666,31.9047217269824,0.150751153023462,2.89171065188658,24.3397016963526,4.71224966035586,4.91577279657925,1521.44043664215,195.349018773737,1889.21787025494,405.525662395167,115.85276379998,3341.45761583292,83858.9288906068,14.4574262367588,3501.7180122946825,3770.577862701856,0,0,8.145467560194038e-07,0
2.41662815492778,31.9350719333595,0.148437234730682,2.55429594021594,24.6160561827794,4.71910981402526,4.89553492781246,1525.89507421698,193.156658724902,1895.42137246255,404.107520552419,116.237464641359,3348.24673977169,83440.1444322287,14.4558242652131,3491.1479643177595,3768.7662982267816,0,0,8.12744023823625e-07,0
2.47881829891516,31.9636463454983,0.146155929952216,2.25546786956899,24.8865022007765,4.69664601408942,4.87996608713643,1529.89228093541,190.901109033111,1901.05384272451,402.522984713807,116.577112807957,3353.98936189186,83101.6558936184,14.4542751368335,3482.565830674049,3766.9237947686984,0,0,8.118319588757368e-07,0
2.54667564651576,31.9897535831591,0.143901033091127,1.99186986624989,25.1456579784603,4.64402500806968,4.86951608342992,1533.19515241893,188.551903982761,1905.82068260199,400.718668540105,116.853091779531,3358.17009527986,82810.1445779728,14.4527792468072,3474.844072328095,3765.0508273467294,0,0,8.111826714861081e-07,0
2.62003136416918,32.0129036018954,0.141668160949851,1.75943677984331,25.3909679965243,4.56195970249008,4.86423839800051,1535.77156044329,186.102985150004,1909.68155187205,398.695410895858,117.06296516372,3360.72218365386,82596.8850868245,14.4513362590748,3468.866838524817,3763.1558486377885,0,0,8.103641114875427e-07,0
2.69763908337047,32.0324218876817,0.139459057331496,1.55645708901434,25.620811781354,4.45221333639108,4.86397482500291,1537.6590482927,183.561930210437,1912.68012967022,396.471825402071,117.20994761597,3361.73298990758,82525.7669168297,14.4499454019534,3466.509135126884,3761.271086590348,0,0,8.091647538306415e-07,0
2.77721780433833,32.0463566657659,0.137273991198797,1.38410803113376,25.8313429891868,4.31858804228941,4.86840176300709,1538.77712043691,180.923876063563,1914.71098859769,394.033432356662,117.288730788283,3361.02982519227,82537.9416223738,14.4486074240976,3466.0144623924666,3759.413868977101,0,0,8.074688368668058e-07,0
2.85539705113981,32.0519695780768,0.135111381055867,1.24316446940923,26.0182581950833,4.16715224139633,4.87689288960478,1539.04056165248,178.178439803771,1915.66340381198,391.362574035099,117.294291319176,3358.42588903959,82587.2569927023,14.4473230557598,3465.989534639011,3757.5890451574505,0,0,8.052433982943103e-07,0
2.92856471631496,32.0473400328207,0.132970420955094,1.13144613733408,26.179735960558,4.00451482607074,4.88859567247057,1538.50998898933,175.329848790868,1915.61018897562,388.47945043076,117.233037002557,3354.05347964061,82697.6585564158,14.4460922133727,3467.1697207054904,3755.8330760264816,0,0,8.025674213068351e-07,0
2.99413193829281,32.0319678451757,0.130855280709934,1.04440771185914,26.3151849468971,3.83603466344664,4.90276748545886,1537.31310301965,172.396609498599,1914.70848185612,385.423199246304,117.116270076376,3348.19783726661,82930.7358204173,14.4449144718949,3471.4265152027137,3754.2331904835282,0,0,7.995522210870194e-07,0
3.05205073867911,32.006169495585,0.128769503553843,0.976190690726381,26.4221386783285,3.66571127504078,4.91897939177388,1535.42677861135,169.390083147318,1912.92722620045,382.196281782189,116.943402355476,3340.82304333773,83234.4452978119,14.4437905627257,3477.2447972014056,3752.82528707826,0,0,7.962192734767995e-07,0
3.10434797158978,31.9704973962666,0.12671477237863,0.920775967338088,26.497559938862,3.49637452164812,4.93700860786951,1532.78755443577,166.317977038796,1910.18588622498,378.791047541874,116.710470479896,3331.80639296431,83566.5109514538,14.4427210454418,3483.3642057900925,3751.6089325626235,0,0,7.925391702281422e-07,0
3.15416622655506,31.9257342068833,0.124681762249177,0.872783035131863,26.541342269285,3.33023810652331,4.95654658367806,1529.55840404463,163.20392881974,1906.68831341165,375.253753901564,116.430633621331,3321.51155247825,83785.0391565377,14.4417069413303,3485.804034988976,3750.533313007045,0,0,7.88603719452185e-07,0
3.20520896576891,31.8739582628544,0.12265111638746,0.827197930903917,26.5610446873251,3.16927826489606,4.97686301168697,1526.29524573141,160.099714631448,1903.13123265045,371.723896581404,116.146888939134,3311.14592797256,83696.3919795844,14.4407492939638,3479.361529500844,3749.489557599869,0,0,7.847216826550675e-07,0
3.25854834918125,31.8198553268468,0.120616576859554,0.780856950040478,26.5742065240465,3.01341735998545,4.99693107377673,1523.95854371841,157.09066519602,1900.71741299096,368.438630238484,115.932496788789,3302.78834968713,83470.7686327042,14.4398468471506,3469.6221089322567,3748.435120595381,0,0,7.813772493079205e-07,0
3.31281018948862,31.7687341684804,0.118582530780655,0.733833560560592,26.5975287487603,2.86119912619688,5.01597874331404,1523.20156303254,154.236739545442,1900.26429062296,365.558412915339,115.836787008895,3297.85264226981,83224.014708981,14.43899873822,3460.3860178580644,3747.3724868887134,0,0,7.788743938490324e-07,0
3.36466014081577,31.7236263211858,0.116577167117201,0.689376564018424,26.6362368336516,2.71147395108553,5.03387927814885,1523.79713954799,151.521658788829,1901.48704345906,363.030188365522,115.842018682804,3295.85116776664,83178.3690515316,14.4382035617725,3457.9142259631262,3746.3193420145144,0,0,7.770869204286873e-07,0
3.40598324892988,31.6847272905134,0.114656237055642,0.656288165519499,26.6792743510472,2.56463570089787,5.05126231277934,1524.71437109182,148.863419193118,1903.09511127428,360.616474146292,115.869863331929,3294.57069777496,83648.7682409176,14.4374597692634,3470.5911699168,3745.2955612281294,0,0,7.755004986643098e-07,0
3.42417331979547,31.6509567206206,0.112853665249569,0.649900976130872,26.6989039184297,2.42764761553702,5.06882829741046,1524.23126777868,146.121469351152,1902.93701911168,357.934345812691,115.791410082239,3290.32547567406,84380.576265396,14.4367694801304,3489.888584682591,3744.3043629669737,0,0,7.732519589781851e-07,0
3.40734805503031,31.6217946183395,0.111179976298219,0.683420430990956,26.6678724429652,2.31374228102101,5.08634741353468,1520.93286340293,143.174071843484,1899.25004607041,354.687954191325,115.503179625554,3280.10036733194,85165.5161523414,14.4361340715254,3508.838403046307,3743.3399148672343,0,0,7.696485832841427e-07,0
3.35276314284443,31.5975747539636,0.109666277790785,0.762947862328306,26.5758565285516,2.23339760594302,5.10295339184879,1514.78090551574,140.014130658215,1891.99309395846,350.904156268688,115.005955394868,3263.84107582392,86003.4179690372,14.4355535356279,3527.4293426701897,3742.387861884616,0,0,7.647135989457775e-07,0
3.26165899979476,31.5785913793811,0.108494377389153,0.901289887435083,26.4281308916522,2.18871904150254,5.11810385779044,1506.64963952774,136.742750946403,1882.25881859908,346.848608259953,114.367667775262,3243.48645266745,86983.6513308752,14.4350275909968,3548.8748613752746,3741.4222290444427,0,0,7.58902767202162e-07,0
3.12848210388647,31.5644437619333,0.108003271881475,1.13950745053116,26.2371765463843,2.17748627949228,5.13165100637993,1497.53983913761,133.549648754677,1871.28428163587,342.910486371356,113.664450272679,3221.34857239982,88011.829492303,14.434556396686,3571.2168367803474,3740.4254210013446,0,0,7.527031454457073e-07,0
0.0254405869234307,31.5543923950616,0.167941030369811,1.74497059281598,26.1304585043879,1.87539442806597,5.18175756261756,1488.22604117527,130.641156152374,1860.01133198258,339.743150930241,112.917202757076,3199.42461319253,89026.1264110427,14.4341399039733,3593.3637933875834,3739.387772421791,0,0,7.468403112069018e-07,0
4.10014389121541e-10,31.5503912130765,0.419920876693187,3.37173235325689,26.4612917722848,0.392867176509994,5.37295326332866,1482.43049153924,128.517526047225,1852.93429175754,340.229809548262,112.316530011167,3186.84282318902,99447.559529057,14.4337796902371,3890.726407052275,3738.2043136921275,3,2,3.4365475934202776e-06,3
1.54427739841697e-10,31.5613592057365,2.47238173854271,4.73960006886439,26.1114628427933,0.0124068424566292,5.45396853112662,1480.15539121495,127.124308101931,1849.98117298849,341.322445173978,112.061093748929,3181.84844701067,101103.26456643,14.4334712309362,3937.4311979591384,3736.8089651513287,3,2,3.487419787179806e-06,3
5.3354766450463795e-11,31.5976285145539,7.58831226554787,6.03199738803951,25.4904643423539,0.0008944925806797,5.49519850024615,1473.36868429399,126.388118301444,1841.25329101109,339.199038191145,111.480032205856,3166.5246924884,102910.460535247,14.4332172187259,3984.7076919137594,3735.1488380018886,3,3,3.505378082191314e-06,4
8.06748796059144e-12,31.6735079287021,13.8895619714921,7.39265124624769,24.7964995798787,0.0005745026751771,5.53654538833129,1466.37942563283,127.249282475127,1832.09554964677,336.085792525143,110.865252637495,3151.23368200547,104702.093634281,14.4330175761681,4031.1992461929904,3733.2140627872086,3,4,3.527914326653222e-06,4
1.9926386903463e-13,31.7949526267052,20.3617717194437,8.84070604252176,24.0195550581713,0.0004588276521922,5.582664406962,1457.67613913968,129.722277626567,1820.52530736151,332.740944701392,110.092050241422,3133.40507193145,106186.035217149,14.4328721528055,4067.851062209614,3731.113128019584,3,4,3.5454737210537816e-06,4
2.08950044413105e-15,31.9525961663414,26.4742084021327,10.3064259242613,23.2068116337186,0.000336362374776,5.63149690469811,1448.34218504673,133.523765199349,1807.8971663308,329.776100691475,109.244515487515,3115.30516113888,107097.201938339,14.4327807215406,4087.83620780118,3729.039494365201,3,4,3.5550008037816453e-06,4
1.4362460996444702e-17,32.1245745683511,32.0092263241915,11.6641171603848,22.4162742479458,0.0002195409084736,5.67934548418054,1441.05804712794,138.193865268953,1797.59970791797,327.674494362096,108.533779488188,3102.13991176078,107763.802673549,14.4327430029897,4102.318037411912,3727.0513186260655,3,4,3.5601339462871646e-06,4
5.72509343237855e-20,32.2923772381768,36.8999399120811,12.8253351293678,21.6782033636455,0.0001264957934181,5.72412349189315,1437.19411609624,143.354356769318,1791.37458978833,326.526148715072,108.069930362963,3096.37960761837,108293.462137194,14.4327588380019,4115.1835861065165,3725.1756679126215,3,4,3.5656713010740667e-06,4
4.4216136207157803e-23,32.4492765079696,41.1766560117312,13.7783522434778,20.9959694174132,6.58475635044135e-05,5.76560643121636,1435.78658607146,148.791248368554,1788.03758876655,325.978114535573,107.782761769677,3095.79646842709,108502.340152047,14.4328280780369,4120.400008656482,3723.4463435849902,3,4,3.5733803731127407e-06,4
8.85907450647403e-27,32.5945740233918,44.9126411333202,14.5495847360916,20.3692885409669,3.00252679142027e-05,5.80394813522152,1435.46438937383,154.312080920582,1785.92882369893,325.684305991932,107.572347490217,3097.42120379206,108237.862066234,14.4329505311351,4112.627454094857,3721.888755933356,3,4,3.583429318059443e-06,4
-2.2549814477657998e-27,32.7271710976864,48.2185039954733,15.1683303433994,19.803395033646,1.18867265986776e-05,5.83893656657461,1436.12099178428,159.657519560343,1785.01871500939,325.625083005863,107.438117370693,3100.94046055263,107783.750326984,14.433126050599,4100.002417309314,3720.4959529739094,3,4,3.594597281388915e-06,4
-4.7910792007988e-27,32.8462353683717,51.2268402033788,15.6603557210861,19.2979970363149,3.95542871617907e-06,5.87055853646449,1438.16985570514,164.66889530661,1785.89957117808,325.871776892949,107.416427030013,3107.15581152338,107246.560704469,14.4333545070224,4085.887078998715,3719.2531698203147,3,4,3.6050926745023434e-06,4
-3.52141265199839e-27,32.951874857174,54.0547881208865,16.0458079557711,18.8466377189192,1.05041511719725e-06,5.89909410833674,1441.81805533137,169.344866553682,1788.84295597716,326.420670561112,107.523083625924,3116.47878957273,106312.483264679,14.4336356289486,4061.350234990366,3717.9978509162597,3,4,3.6138094639591964e-06,4
-2.3220745331315498e-27,33.0417863905534,56.7862455130279,16.3386920404217,18.4509408186564,2.46504798149654e-07,5.92437095899488,1447.67904930994,173.742451192977,1794.61180357833,327.385904499771,107.803743244624,3130.21082816613,104736.326436227,14.4339690111432,4019.724477900289,3716.459476172433,3,4,3.621279840616689e-06,4
-1.73358577275525e-27,33.1103190526321,59.490117828318,16.5566555059799,18.1218126322486,5.93577917923067e-08,5.9457243943262,1456.57487729207,177.906598841259,1804.2427006317,328.980623909612,108.321083548334,3150.12262401103,103061.99704773,14.434354550011,3977.288643509895,3714.603463505245,3,4,3.626196337003357e-06,4
0.652184196814755,33.1597846742367,39.6321631552937,16.923741960828,18.0036938671445,0.319020094528018,5.95259353016543,1461.23463387367,180.90334661271,1809.03841340066,346.381116510103,108.616531837261,3170.89758077406,92257.0281869865,14.4347942259297,3674.8822179623367,3712.5126291797474,0,2,9.790651950355776e-07,0
0.844389711237532,33.2084727869676,15.33876311586,17.2050210485748,17.9016481016022,0.876022968342484,5.93225727695922,1458.16133685922,183.562011527822,1804.3312462242,365.168469389971,108.381076995403,3177.39044477198,90977.4474898632,14.4352843148566,3643.5007909324245,3710.3626305350567,0,0,9.348866857152098e-07,0
1.09092422521725,33.2438192403279,3.05468518103954,17.291337609865,17.8496000842733,1.23549767661721,5.91171806514641,1457.40205284935,186.239387102254,1802.55022547509,375.00284144575,108.294170444499,3183.03755443894,90186.4196326895,14.4358267699938,3624.1625538929534,3708.458323063948,0,0,8.697792573820653e-07,0
1.45115768035607,33.2580536592399,1.19881053595944,16.8590524319782,17.9058396273678,1.64780293737136,5.85329660606445,1461.3001294095,188.802718914069,1806.74770391058,377.207906776085,108.590681603011,3193.25867262956,89604.8199857608,14.4364213198988,3610.7234606562442,3706.8363865391843,0,0,8.234348329889781e-07,0
1.68439414299277,33.2503357249153,0.644408948943191,16.202047801323,18.1509832620618,1.9844885772433,5.78885178333217,1467.54586938865,191.015720701267,1814.07838440642,379.065193797266,109.093827947005,3207.78446831042,89108.6183014324,14.4370676930474,3601.052683241044,3705.4662333524025,0,0,8.16303869968383e-07,0
1.86017194810608,33.2231336903469,0.367209618215694,15.4195584420959,18.5133511569646,2.24713145877924,5.72548330264885,1473.81408268131,192.758677636306,1821.62677555563,380.877293868644,109.621707099932,3222.16615793643,88670.2907819264,14.4377657044463,3593.0888526742197,3704.2665017954714,0,0,8.301870739890592e-07,0
1.97720928144403,33.1796863804355,0.228366454204754,14.5870091551749,18.9113705040399,2.46233573252171,5.66570608947684,1479.04195057556,194.044911854994,1828.01919395839,382.376376990441,110.085534612597,3234.13552218029,88280.3995855446,14.4385151884946,3585.807163872218,3703.1454295795015,0,0,8.488446822315291e-07,0
2.03193743718217,33.122529870245,0.180430828176381,13.7597010451296,19.2827476073613,2.66232817763228,5.60964235971942,1483.11989774751,194.959545156987,1833.06460168532,383.435236412169,110.468441879506,3243.41023045123,87948.7057641522,14.4393160206153,3579.355687426777,3702.064981154152,0,0,8.642379587154665e-07,0
2.04741312936391,33.0533295420574,0.170426866250824,12.9687750545169,19.6050812714574,2.86107151348919,5.55712811495931,1486.3096211554,195.594876340956,1837.04271117247,384.092011407934,110.784360552938,3250.54382939335,87677.8757934621,14.4401680671861,3573.967713761558,3701.015856784548,0,0,8.746236286615295e-07,0
2.05540706283556,32.9735168154526,0.166549619401433,12.2219758810396,19.8926497501385,3.05004895252342,5.50852819173975,1488.88217094961,196.014860722461,1840.25851091391,384.452583577328,111.052274297453,3256.1436685375,87421.5874622971,14.4410710350757,3568.500742542335,3699.994545851787,0,0,8.811993115006135e-07,0
2.06321888317646,32.8859297162893,0.164100346812973,11.5134295326903,20.1563885632471,3.22826489723743,5.46326500631177,1491.083722609,196.26158932985,1843.0090082294,384.602343098665,111.291449920105,3260.762787043,87121.6872595348,14.442024520613,3561.455240832722,3699.002155447269,0,0,8.856872398118094e-07,0
2.07148957359769,32.7965020170853,0.162245758350354,10.8325828449655,20.4030065374667,3.39846520744165,5.42049866976734,1493.19119045338,196.383389936242,1845.64320457377,384.60363965685,111.523798569936,3265.01744985791,86837.7305376367,14.4430284925432,3554.7460431689024,3698.0549769249533,0,0,8.893439811839971e-07,0
2.08021466199217,32.7117437717353,0.160719947944789,10.1703107957441,20.6363690549733,3.56317590098902,5.37960497784362,1495.35641102625,196.428519097942,1848.35514361838,384.475707270436,111.76129742989,3269.25529667303,86598.742325058,14.4440828883148,3549.31635152948,3697.1700620937004,0,0,8.92737556661923e-07,0
2.08929696475982,32.6350996871899,0.159460799013095,9.52315557574297,20.8566178532405,3.72332324107524,5.34041429339987,1497.48082528497,196.423708067565,1851.02291299247,384.177999963086,111.996188364946,3273.28105009848,86559.7793874688,14.4451882566596,3549.576305263206,3696.3703474057456,0,0,8.958776533793798e-07,0
2.09888999147159,32.5656843646907,0.158492596701186,8.89749382262566,21.0578567084543,3.87679800894015,5.30354574004163,1499.06108481337,196.353361134121,1853.01482093182,383.582519497309,112.189386938234,3276.02306342374,86925.1306517287,14.4463455024278,3561.081326113484,3695.690628785764,0,0,8.983457854255494e-07,0
2.11114660031053,32.4990867793035,0.157748395126831,8.31100605840948,21.2267359857504,4.02059205906125,5.27019456490354,1499.10977141111,196.121949215733,1853.09595641693,382.462780630621,112.265620379786,3275.35031113383,87468.1368386321,14.4475534384688,3576.6046092336137,3695.1389592989567,0,0,8.994137770802354e-07,0
2.12800133497223,32.4305827906521,0.157121094314973,7.78352195153245,21.3517317897048,4.15273486826956,5.24131213684765,1496.910729793,195.607072449529,1850.37599636868,380.674982089584,112.171180707716,3269.69530196902,88048.2947459155,14.4488110974126,3591.5977020557616,3694.7064021160727,0,0,8.98584904134741e-07,0
2.14961036759666,32.3579458476722,0.156508376559005,7.32543578962191,21.4322048229671,4.27338036553664,5.21690857581275,1492.7884567145,194.774691298086,1845.26482891593,378.333905872648,111.93147556812,3259.73781924237,88430.4338090195,14.450117231875,3599.4976887218186,3694.2752762304067,0,0,8.965279703141869e-07,0
2.17419978960605,32.2816707772282,0.155865471656726,6.94125110395215,21.4832235838718,4.384706189276,5.19580771435024,1488.03116553199,193.724338189527,1839.37034251199,375.79639268854,111.644300216579,3248.27280734569,88364.1941151006,14.4514705282053,3593.9758212759953,3693.597728606326,0,0,8.935229253756825e-07,0
2.19613729497554,32.2030243653879,0.155220142912692,6.64705491201029,21.5347260857571,4.4860005038565,5.17643487452164,1484.66984665087,192.724259655016,1835.21157082885,373.628344550158,111.461804446649,3239.77591032296,88131.6733766666,14.4528717482314,3584.62706995669,3692.5943819978406,0,0,8.898754649989406e-07,0
2.20975030164227,32.1224484662251,0.154647901759115,6.46407826428331,21.6134929076264,4.57395819054849,5.15777611435206,1483.94137480066,192.021586269106,1834.30981234604,372.206437698994,111.475038369426,3237.04177939894,87877.0529126024,14.4543212580082,3576.5185934365195,3691.2804945908756,0,0,8.874621421807069e-07,0
2.2136891181503,32.0398920635816,0.154254360777303,6.40017112671581,21.7297368275896,4.6463978904835,5.13955542750795,1485.30789030562,191.652605349793,1835.98402435041,371.439369380677,111.641591042218,3238.98620390426,87674.7571569273,14.4558191951964,3571.455056309794,3689.6831127153296,0,0,8.865163167438596e-07,0
2.20990621620061,31.9557061344878,0.154067887577915,6.44242977990433,21.879812823737,4.70228657779607,5.12203392299931,1487.59407651777,191.547087727625,1838.76904904738,371.027687850627,111.871750587534,3243.09148166246,87584.108205463,14.4573656902791,3570.3375162059247,3687.8161390990335,0,0,8.861706819065876e-07,0
2.20222459283185,31.8711896911494,0.154055547056754,6.55705371022877,22.0530821274326,4.7425045229826,5.10551877854968,1489.76432663314,191.639686987662,1841.37958726764,370.655998895924,112.086766137558,3247.11108558398,87532.0509094783,14.4589601658504,3570.314713067982,3685.681443274492,0,0,8.856067923031424e-07,0
2.19408497301355,31.7882018088084,0.154229988753829,6.70435029810445,22.2387424005193,4.77102346792953,5.08990836699805,1491.30388240856,191.902987406169,1843.1799533967,370.131037878271,112.247836815562,3249.91344606435,87478.8426730617,14.4606021228264,3569.855132549923,3683.280532071853,0,0,8.844329008238401e-07,0
2.18658405106685,31.7082771401996,0.154615419939606,6.85825888014156,22.430263588233,4.79187760736041,5.07493349541256,1492.19958205259,192.33590310614,1844.15615984219,369.417794090506,112.354610115483,3251.45392960183,87575.0253792455,14.462292182369,3573.29037836057,3680.724081578294,0,0,8.826537692743795e-07,0
2.17933019023811,31.6332755512323,0.155252814830567,7.01226044969034,22.6208706666861,4.80588278418432,5.06086864155088,1492.37022350357,192.942421014711,1844.20269100827,368.503354876284,112.401259106087,3251.56636550774,88029.4414964754,14.4640313807683,3586.6096781643755,3678.241640663849,0,0,8.8027372865698e-07,0
2.17382100243107,31.5681262617838,0.156155984070652,7.16627550510681,22.7965817500963,4.81337015898873,5.0484956482468,1491.21200559372,193.703389423994,1842.55998985598,367.258952728713,112.342068525685,3248.97925432954,88615.115872949,14.4658180520756,3602.8410189530105,3675.911842081836,0,0,8.769867572738621e-07,0
2.17198865532338,31.5198527137681,0.157325849304294,7.3142102198222,22.9436969201105,4.81632025699866,5.03833527047401,1488.25943864936,194.590167823723,1838.64680786918,365.579808971328,112.142306351939,3242.70301960572,89204.1865367983,14.4676510514148,3617.968156797018,3673.7446319692826,0,0,8.725315395476218e-07,0
2.17468983958903,31.4931982185337,0.158684336922763,7.44496996282703,23.0586971636876,4.8182585953139,5.03009441104018,1483.87491025416,195.600659151434,1832.92029296418,363.552200183498,111.830740739478,3233.49838060254,89575.7226296234,14.4695289352499,3625.844713093904,3671.655047935834,0,0,8.671789086493572e-07,0
2.18073346057756,31.4882241589423,0.160062181062794,7.54635209743105,23.1530843628004,4.82428392826528,5.02239022283458,1479.52963944081,196.768687922864,1827.22334299948,361.524959712532,111.521019130248,3224.46988914674,89502.3131216505,14.4714502493282,3620.89159835539,3669.473335871573,0,0,8.618724073720887e-07,0
2.18564413577336,31.5007368744038,0.161326515085769,7.61344229327136,23.2512490883377,4.83722095089476,5.01342460546245,1477.11876008583,198.108389374057,1823.92754929779,359.953475988233,111.35886544006,3219.59546231657,89277.1572872848,14.4734160592257,3612.8847058780134,3667.176028196458,0,0,8.576514983471316e-07,0
2.18647259117834,31.525106825118,0.162406615767815,7.65336079773271,23.3726260307724,4.85656729756613,5.00217705017366,1477.20993492262,199.550375514472,1823.74591449894,358.984805773974,111.387928439506,3220.02016193017,89042.1095340882,14.4754268248997,3606.3129419012107,3664.8003017707574,0,0,8.547860231110644e-07,0
2.1830285769322,31.5573975897738,0.163368174138564,7.67977402397583,23.5203559227549,4.87952551275733,4.98890803181657,1479.02781156618,201.010348050887,1825.70968618779,358.449877235097,111.54844732728,3224.06921304601,89015.9617600605,14.4774835802915,3606.980309433142,3662.4228639122707,0,0,8.528651600539388e-07,0
2.1764895866955,31.5985053636394,0.164388972974725,7.70913806561343,23.6811128639402,4.90033381906134,4.97525488794379,1481.14868326336,202.445945754546,1828.03211109523,358.029930335768,111.730534395893,3228.73946304216,89436.2008822703,14.4795875708246,3620.799055547989,3660.160403173999,0,0,8.510898638307981e-07,0
2.17059692862113,31.656765757654,0.165574523581537,7.7535824098951,23.8291268770904,4.91393631107579,4.96347284309201,1481.85195495061,203.818626636613,1828.55259410741,357.336846521692,111.802583489688,3230.40928777315,90014.4025322785,14.4817367345496,3638.250216340428,3658.0510159473233,0,0,8.48478699932175e-07,0
2.16870867858936,31.7428000171058,0.166949240250894,7.81194063619801,23.9426833708304,4.91895248462611,4.95503179970994,1480.11154950007,205.086225711233,1825.98596010107,356.134080261545,111.687585030456,3226.90587300883,90596.7610113458,14.4839297165513,3654.1783950559893,3656.0846546064295,0,0,8.444755571441419e-07,0
2.17181551874658,31.8615532341691,0.168403231059597,7.87139297679956,24.0164097023518,4.91765613954694,4.94989780010804,1476.32340008507,206.25505497448,1820.83161921015,354.501940349705,111.417528691007,3219.05892672434,90987.9966360495,14.4861651510666,3663.1912462016976,3654.27641669416,0,0,8.393206253514928e-07,0
2.17880486435381,32.0083467701818,0.169721932313632,7.9112432506278,24.0621117143526,4.91584297910331,4.94650805428492,1471.92609212555,207.366489422107,1814.90256259608,352.747144403929,111.103848699139,3209.89986252203,91003.0002852369,14.4884417811893,3660.8968761572446,3652.6595887610397,0,0,8.338541918071541e-07,0
2.18591101546508,32.1699614454947,0.170793188381187,7.90930401881796,24.1022135057148,4.91937558760001,4.94265032692396,1468.86091537633,208.497351430458,1810.64815340273,351.282259069077,110.895610865068,3203.53562826823,90879.9092740273,14.4907604269534,3655.5114981829515,3651.2186921678253,0,0,8.292169416944444e-07,0
2.19012208668245,32.3331488125123,0.171605993697469,7.85415570507006,24.1541645140014,4.93098331075916,4.936867398744,1468.13293995803,209.683808687958,1809.34513468818,350.311487110489,110.869438856325,3202.09140923479,90728.9341297352,14.4931213376264,3650.9105054259617,3649.9325473710087,0,0,8.259048546063923e-07,0
2.19221418897305,32.4908635883762,0.172178246354345,7.74682243167598,24.2226643098869,4.95172596936392,4.92873208061953,1469.15787471854,210.852741993897,1810.27765410354,349.690424687489,110.980422276641,3204.30062891678,90480.7077177984,14.4955237625493,3644.678808444822,3648.749198917505,0,0,8.235707639893008e-07,0
2.19430934060035,32.6397892916812,0.172514326100935,7.5914002985804,24.3070513748137,4.98291115591799,4.91812180097021,1471.15314821486,211.916172310283,1812.47595763723,349.241561028843,111.169002412807,3208.47458723702,90041.1018825142,14.4979666566599,3633.548379417819,3647.5852645596115,0,0,8.218102148759999e-07,0
2.19697679594811,32.7753268879908,0.172620402179222,7.3897911506746,24.4096379448127,5.02513356647745,4.90483741190355,1473.86857340291,212.813659436043,1815.63837802801,348.913585150368,111.416766610294,3214.06055555048,89545.5188810093,14.5004502835466,3621.273195108782,3646.411788626959,0,0,8.205030439968641e-07,0
2.20017653249564,32.8930035079985,0.172497358873997,7.1451174749525,24.5329160894442,5.07747698486056,4.8888756526729,1477.23228422792,213.510724571866,1819.68490013162,348.695367893155,111.718646737695,3220.895278387,89056.4440622113,14.5029746519269,3609.6181612732603,3645.2251509090984,0,0,8.19608791699693e-07,0
2.20422024471096,32.9916201841016,0.17216451228251,6.86389843658546,24.6756442630753,5.13802817698394,4.87059055170428,1481.00550856545,213.989120149589,1824.31832997442,348.534912885698,112.056151797173,3228.46979335935,88611.1530239061,14.505539681623,3599.50232686492,3644.074224320388,0,0,8.189877958397574e-07,0
2.20972080447362,33.0736916834116,0.171657085026471,6.55452466891279,24.8329305737275,5.20448464632467,4.85059991308548,1484.82987555571,214.244530809,1829.0797829843,348.348042603095,112.401071083228,3236.02185128008,88240.9398428472,14.5081453221967,3591.585326286289,3643.052070473623,0,0,8.184270918999073e-07,0
2.21758904077346,33.1443830370602,0.171018187435718,6.22450867013927,24.997708919017,5.27512375688789,4.82955597911819,1488.35988231187,214.282625512783,1833.51373552153,348.045794509001,112.725908546899,3242.80718054065,87906.8571382141,14.5107909666094,3584.489789289415,3642.169110909741,0,0,8.177329491911542e-07,0
2.22853744492557,33.2087330576112,0.170282966260049,5.87943626130559,25.1640319292681,5.34867961268937,4.80797766670878,1491.42333293652,214.11744713648,1837.3800351293,347.576937818044,113.016480075322,3248.44686895011,87590.7059368165,14.5134760882623,3577.5568390997228,3641.400200550875,0,0,8.16810112297594e-07,0
2.24252295014553,33.2695313506349,0.169479611322276,5.52469492703219,25.3286161650455,5.4229267063617,4.78637234210693,1494.03284248805,213.770559351146,1840.680698734,346.939425613004,113.272837738062,3252.96721899176,87378.1914565971,14.5162011594928,3573.2780898853903,3640.7614587911817,0,0,8.156700738172003e-07,0
2.25917677820036,33.3275031922924,0.168635742812856,5.16795427220273,25.4871191035613,5.49381611382949,4.76557870291647,1496.11621427307,213.255444548992,1843.32949379989,346.121390048689,113.488760176883,3256.23360925394,87382.5945429493,14.5189671151474,3574.9011627887103,3640.324761917366,0,0,8.142783045851092e-07,0
2.27922675166334,33.3821817312241,0.16776072371554,4.81786883503403,25.6302848413461,5.55729857217292,4.74672822839537,1497.31676591641,212.553995079412,1844.90610321008,345.050844936579,113.637147513376,3257.51782779285,87480.7630643368,14.5217724947604,3578.623146860017,3640.099272624362,0,0,8.124531604532694e-07,0
2.30353241282413,33.4324904802144,0.166854006983813,4.48053396991224,25.749268188703,5.61056273499873,4.73074982505767,1497.35112693541,211.640415530567,1845.08751358797,343.671378787832,113.697064285598,3256.24364193258,87605.1573202773,14.5246161549767,3582.3045129724583,3640.0729538664255,0,0,8.100628005154976e-07,0
2.33234574211257,33.4773265004837,0.165896783302212,4.15843259738442,25.8414337659789,5.65201644428275,4.718033155068,1496.36256811797,210.523074418649,1844.06710543595,342.01998790979,113.679670120025,3252.7316355987,87667.9886485943,14.5274967705846,3583.5005818827053,3640.227731492949,0,0,8.071946646031347e-07,0
2.36541389676807,33.5150497825952,0.164854118171629,3.84970566577105,25.9119149263498,5.68123582767882,4.70834885840253,1494.90521190308,209.241995619446,1842.52329639721,340.222646769122,113.62627280782,3248.15275359585,87575.8127142506,14.5304129193402,3579.868485000733,3640.533229815779,0,0,8.041415941264905e-07,0
2.40172939405701,33.5423540962241,0.16369123638242,3.54871508345025,25.9719605822579,5.69736763744591,4.70117232746643,1493.78651094756,207.849740983732,1841.42039965111,338.459211527854,113.595802408509,3244.18366968407,87439.3508964626,14.5333651975503,3575.1560108911776,3640.9771690043913,0,0,8.013289616335214e-07,0
2.4408079395189,33.5560017130847,0.162388096595965,3.25139821899983,26.0310645446059,5.69837913278524,4.69625087576125,1493.51836861275,206.378375756968,1841.34904360676,336.842546754412,113.623944725984,3241.86548626945,87316.6602118826,14.5363538386745,3571.3774305308307,3641.555315911844,0,0,7.989848655449805e-07,0
2.48343849551492,33.5550134721007,0.160958881676829,2.95896434502795,26.0916819159665,5.68199232084242,4.69378113179932,1493.93321135157,204.814842343979,1842.07649443693,335.335990422123,113.695473782183,3240.81687808496,87231.4394241874,14.5393787327082,3569.096379135046,3642.2571738997644,0,0,7.969954787047118e-07,0
2.53069882799689,33.5406255092519,0.159441580898029,2.67683921401785,26.1507961455563,5.6461946282411,4.69424487376612,1494.57749030843,203.140779908165,1843.04524276899,333.845064017654,113.775065117569,3240.09202940965,87198.5702830726,14.5424396699478,3568.444099555574,3643.0623419751587,0,0,7.951292581279449e-07,0
2.58319844174075,33.5150617097105,0.157871824035821,2.41166041356091,26.2037248740197,5.58943237404842,4.69816026164822,1495.03578205981,201.352792913616,1843.77572499531,332.292178096644,113.832092032788,3238.8696723915,87191.8372916452,14.5455359594199,3568.40192724487,3643.956467981104,0,0,7.931836719965986e-07,0
2.64074065709421,33.4804427973095,0.156273934556101,2.16841025069524,26.2472882803533,5.51091956612373,4.7058455778722,1495.09440907791,199.462430721102,1844.04610186143,330.646615988369,113.85199812026,3236.76634967278,87194.4162880664,14.5486669666313,3568.3657682794055,3644.9306523139308,0,0,7.91062251919725e-07,0
2.70309149382514,33.4384773174511,0.154647942713655,1.94849254353793,26.2814064622186,5.411547341301,4.71718872347834,1494.78373308122,197.489149405436,1843.91768265067,328.92443706078,113.838324661499,3233.88759499557,87082.1094931916,14.551830770662,3564.7588552207185,3645.929527487846,0,0,7.887946768524808e-07,0
2.77042490965909,33.3915492506509,0.15296827601092,1.74917257108,26.3122270517663,5.29441667926711,4.73138596637045,1494.49620851202,195.467047937377,1843.87111921556,327.209817221675,113.821363578128,3231.06509726595,86705.266965782,14.5550248421375,3553.4871226062405,3646.835548190756,0,0,7.865794507296869e-07,0
2.84173829260674,33.344172886481,0.151216115430166,1.56655451284121,26.3533179289897,5.16250063405519,4.74720428588911,1494.97308708772,193.452338730211,1844.79274901206,325.653619826537,113.856946372925,3229.83804826079,86232.5831903152,14.558250284251,3539.9438492337017,3647.6056459703523,0,0,7.847864452473868e-07,0
2.91586276529586,33.3012749396076,0.149387211752266,1.39885334467637,26.4160290829415,5.01740066655102,4.76373566154486,1496.67084730868,191.480034348385,1847.21046288938,324.34268681524,113.978598177101,3231.13402091758,85756.8965895293,14.5615077694658,3527.120339653851,3648.2424251892567,0,0,7.836448712246738e-07,0
2.99188692191906,33.2656054221173,0.147502910861141,1.24667316613402,26.5023413755803,4.85981056541276,4.78075992760564,1499.41641091463,189.537184299276,1850.88696831358,323.233035905427,114.172128379661,3234.56009393276,85367.2564864919,14.564798279817,3517.480463515531,3648.7664954268616,0,0,7.830567971413575e-07,0
3.06824113878207,33.2371088154114,0.145601923212993,1.11245128914064,26.6051085754782,4.69005056176543,4.79865348421671,1502.57588437846,187.576708468725,1855.03333747296,322.19027818761,114.388946567664,3238.76883582553,85158.2783686071,14.568123331723,3513.351547437102,3649.203214512636,0,0,7.826876326117781e-07,0
3.14294200023311,33.2136622451093,0.14371373472458,0.998999739806318,26.7111827923807,4.50983839876021,4.81795071048713,1505.33653107157,185.537204088311,1858.6536189035,321.049625558472,114.567835398804,3242.0514035814,85031.9769103646,14.5714812917237,3511.337689671826,3649.5583488092034,0,0,7.821173801589066e-07,0
3.21354479695644,33.1926925534037,0.141853264983388,0.906898206483273,26.8091899363927,4.32277197568517,4.83880994538384,1507.17524803159,183.379576850289,1861.11514171128,319.711008476006,114.67047277344,3243.32035914851,84928.0929933313,14.5748706539513,3509.3400857648435,3649.8289308922735,0,0,7.810847865584901e-07,0
3.27837125201943,33.1725637169526,0.140016668117835,0.833558127918049,26.8948568503758,4.13315673482473,4.86086329854792,1508.09860300776,181.109018229747,1862.43658446902,318.183983563658,114.699055602075,3242.60909074594,84777.7597073805,14.5782896372365,3505.3642159140554,3650.03268277691,0,0,7.796053966231739e-07,0
3.33726055410975,33.1530279555101,0.138188561871059,0.77486181631053,26.971444423143,3.94489698794935,4.88335449559184,1508.52966822535,178.766188835811,1863.14505033989,316.561538303145,114.687213863299,3240.82738267153,84505.1928921152,14.581736100044,3497.490042605545,3650.2215214550833,0,0,7.779065123949659e-07,0
3.38941929583413,33.1349913310059,0.136359035787349,0.727957975926448,27.0477002483856,3.76064154878388,4.90538620071096,1509.07986293464,176.409267415295,1863.99532568137,314.974300814866,114.682538826405,3239.28014955648,84190.5603367036,14.5852107221034,3488.4705995140675,3650.417859898644,0,0,7.763073661539329e-07,0
3.43326004564403,33.1196354600611,0.134528037584149,0.691566487522041,27.1313195238151,3.58232778448455,4.92622728827439,1510.15261904583,174.081277164438,1865.48246226022,313.508421156626,114.716487836697,3238.82922541748,83884.7974692253,14.5887140583695,3480.0661405613714,3650.6228611768033,0,0,7.750142247467829e-07,0
3.4656520360215,33.1073756784754,0.132730462426916,0.666324554724804,27.2233346365538,3.41091806019881,4.94567626030417,1511.69389596412,171.789837286232,1867.53559922822,312.155965095754,114.785366357734,3239.36773008162,83851.7436613232,14.592251900672,3479.94354508689,3650.852333251009,0,0,7.739967286561614e-07,0
3.47695560559626,33.0955291351018,0.131056818822119,0.661333102003842,27.3109307174031,3.2471824874817,4.96437867914743,1512.9028283945,169.489744158298,1869.16233061371,310.769185641529,114.828773072581,3239.22205217535,84494.4727500051,14.5958332386452,3499.344654715348,3651.1518487176613,0,0,7.728443459359687e-07,0
3.44968938526176,33.0747332553086,0.129584662001702,0.69981229441121,27.3622484331334,3.0992320697552,4.98307904639603,1512.00215708325,167.057573320347,1868.17048037826,309.031855408187,114.7142796765,3234.67842975879,85482.3119087029,14.5994482231457,3527.4508773953394,3651.5431226000856,0,0,7.706533840330803e-07,0
3.36879760316086,33.031908531211,0.128357203763793,0.80729485105032,27.345695445913,2.98283867745607,5.00141850301886,1507.42053781831,164.369829771866,1862.63197061874,306.688788356793,114.327744328527,3222.46902517672,86557.4840725371,14.603089291263,3555.7133427681256,3652.0314032221872,0,0,7.666495389506326e-07,0
3.23677848555713,32.9572635345048,0.12744611839531,1.00424827147219,27.2488741257442,2.90715403778239,5.01884213891496,1499.15272240839,161.427754611619,1852.55498196178,303.79449064366,113.672752247238,3202.63413681415,87906.2567706535,14.6067579316342,3589.603739497066,3652.6790531891343,0,0,7.60891284332156e-07,0
3.06391157568245,32.843624713703,0.127173033197983,1.33517502072994,27.069955239613,2.86591228640825,5.03644876829062,1487.85218889465,158.330727973478,1838.74634383173,300.565440942252,112.798751814969,3176.64125409439,89902.2233054454,14.6104563463406,3640.5299299394337,3653.6337934866774,0,0,7.537310828902855e-07,0
2.85984799130713,32.6791193129292,0.128149570136961,1.91421548801316,26.8040086286578,2.84321456637366,5.0571348821377,1473.71019737245,155.235676418364,1821.41303503878,297.244768817197,111.716915980512,3145.09426214166,92187.8181822917,14.614178201391,3698.2813839729542,3654.9573825199336,0,0,7.452253164290414e-07,0
0.0152960950429867,32.4511980489501,0.212082083111346,3.19381535790376,26.596670289205,2.3674484249127,5.13871243653949,1456.84278472869,152.322738394911,1800.67460868334,294.377770626591,110.372137661438,3108.60083706921,94538.7110597027,14.6179214245441,3756.568931127067,3656.657436038054,0,0,7.357840956602467e-07,0
2.4868783821320503e-10,32.1429513268667,0.442053435676455,5.80840056297646,26.7723713890932,0.652158107933578,5.37202419740824,1442.35203044608,150.321850174321,1782.77610499977,294.442753673943,109.065893979639,3078.93214631559,106218.552955031,14.6216722668549,4090.4456257074694,3658.737844565712,3,2,3.460132714905967e-06,3
7.150885738229619e-11,31.8363024774315,2.53906397874566,8.20348082822751,26.3260195861849,0.0340347677111093,5.4910146024749,1434.28663084919,149.417035221506,1772.51751297799,295.487617448711,108.34019355325,3062.9131737241,108855.985496109,14.6254613583417,4164.289020945886,3661.100946888491,3,2,3.5332076225914897e-06,3
1.1155364073024098e-11,31.606068392707,9.56812011671771,10.4919777537727,25.3663232420048,0.001874414510361,5.55261615314485,1423.60181439466,149.74996319492,1758.71657686155,292.74577718248,107.427220034195,3040.21864064383,111486.314122612,14.6292717927746,4235.052748932705,3663.7087078991044,3,3,3.5715720354617953e-06,4
3.6585807913296897e-13,31.5261184262677,18.2242637401457,12.7740573780481,24.2885215202357,0.0010172365964754,5.6135225507676,1413.01657588171,152.387728600039,1744.71908727124,288.678102507013,106.479418401387,3018.32183960019,113989.222244567,14.6331032614176,4301.852146362519,3666.5280089425373,3,4,3.598791639205856e-06,4
9.250792019776439e-16,31.6142069493605,26.8133456337447,15.0256388095644,23.1401175582489,0.0008208822175008,5.67875726358613,1399.60652921899,157.02183515104,1726.85842943128,284.323588610994,105.267867218554,2991.9052872203,115983.082311588,14.6369547718207,4352.144171524796,3669.4893954979034,3,4,3.6084098124939647e-06,4
1.1620124712794599e-18,31.8204230762857,34.6154563559783,17.1453204971767,22.0013179148754,0.0006074459794575,5.74449138936878,1382.90763559786,162.881553845168,1704.64259963701,280.021300549943,103.772232721428,2959.78432065903,117187.686013012,14.6408257605288,4377.48952956791,3672.50661759964,3,4,3.6060674982867475e-06,4
4.68505542916978e-22,32.0542405524503,41.4138005029402,18.9842421712245,20.9421419047005,0.0003773599076793,5.80613052699128,1366.36910604859,169.322429407778,1682.47732290577,276.213812626714,102.276602330539,2928.56202512792,117988.628973111,14.6447171352989,4391.307036439318,3675.5169196728425,3,4,3.6060795033091564e-06,4
-1.00621400909677e-24,32.2538251066846,47.2051742012128,20.462452015066,19.9883997790046,0.000183083724602,5.86176611040475,1352.8619911801,176.054051875804,1663.99876738953,273.176938721918,101.01200886228,2903.83052573301,118493.995550019,14.6486288043755,4398.527079182081,3678.468414392379,3,4,3.6147391790831352e-06,4
-1.02029759730101e-21,32.4095449904572,52.0834936595294,21.5948811532955,19.1385598534249,6.79563483251785e-05,5.91153953556277,1343.38816300531,183.053709586462,1650.46351089822,270.992514480676,100.056859544326,2887.57837964305,118184.341602456,14.6525590405631,4384.544988314342,3681.219924597149,3,4,3.6306698293243746e-06,4
-2.96163678553707e-21,32.5298391171205,56.1852473464562,22.4231472923631,18.3998610316013,1.91983631405749e-05,5.95528133962824,1338.78217159923,190.217147581327,1642.9364669939,269.840073569787,99.4769020621007,2881.48168175512,116799.943206897,14.6565064628333,4342.298899116798,3683.612335482794,3,4,3.6505118041825242e-06,4
-3.82589092601197e-21,32.6145899125869,59.7404887993037,22.9869305803991,17.786361392386,2.9274200845995e-06,5.99224478228325,1340.30898321607,197.30315216653,1643.05199930155,269.971215782124,99.3736399147444,2888.02625040261,115184.870096191,14.6604723214354,4297.365715515215,3685.668203172439,3,4,3.672671077415739e-06,4
-3.66408357760639e-21,32.6622640446472,62.9964035717543,23.3363962467919,17.2882393306831,2.22016417275219e-07,6.02287504162111,1347.63370567775,204.175041491182,1650.4220790453,271.248250463513,99.7227574034669,2906.40356374779,113571.756808472,14.6644566320086,4256.315814228041,3687.4435024977447,3,4,3.694127110596091e-06,4
-3.1369097260662903e-21,32.6770887836734,66.1100268559906,23.5246325407682,16.8771018514412,3.1137793145874e-08,6.0486897474801,1358.95182029676,210.823245470502,1662.78935884079,273.228707667098,100.383672973094,2932.82287575079,112029.33378455,14.668459046482,4219.92474191123,3689.0953202781698,3,4,3.711221974912105e-06,4
-2.6381329192976902e-21,32.6667315323553,69.148783001343,23.6024687863872,16.5247428354599,6.73544765423083e-09,6.07123692147552,1372.40501257732,217.235731332807,1677.81837806805,275.52377327508,101.210874637264,2963.40846887972,110601.486325803,14.6724792043895,4188.222926253111,3690.8505124485123,3,4,3.7219684772285244e-06,4
-2.26752350101264e-21,32.6391680557569,72.127128794715,23.6209983281508,16.2101469815007,1.6173230495565901e-09,6.09167213145646,1386.68627022542,223.325563687676,1693.8640093596,277.915729559712,102.102057579256,2995.40678709421,109285.469013489,14.6765166146599,4160.257577547757,3692.7564388447404,3,4,3.726230221876799e-06,4
0.701726718173289,32.604885540356,53.1170511204107,23.8381795236795,16.0383517848755,0.336016835864828,6.09870532129653,1392.13964306653,227.634122207963,1699.27433070315,295.088484503004,102.425507624506,3018.20284127258,98865.4992250789,14.680585133374,3865.434726714688,3694.7413608109105,0,2,1.021712137168929e-06,0
0.897821669213777,32.5651270547003,29.9450942750183,24.0330250873826,15.8116611184388,0.89633265294742,6.08394268980716,1384.11184784309,230.884088986665,1688.12479551819,312.528029470782,101.782690659285,3014.43274489722,97669.9366423048,14.6846558533709,3833.4317660050574,3696.7198084679167,0,0,9.431535515369205e-07,0
0.953808473797728,32.5176834312773,13.4404698389995,24.2205655904777,15.6844647338798,1.16118099639455,6.09036106529909,1378.75858870986,234.028305480404,1680.32276594609,325.338660702836,101.305958811557,3012.9838183991,96380.1954474723,14.6887412032397,3798.4030921224203,3698.5348140744736,0,0,8.609912518393094e-07,0
1.21426253677535,32.463348692251,2.88391840978979,24.0685535207021,15.7156450858905,1.40415864444324,6.07604020811037,1381.5310882883,237.201785829982,1682.71639583334,334.916839618572,101.462563953571,3025.48673391179,95179.0031836653,14.6928414489421,3769.5513734805663,3700.189271499727,0,0,8.119725743561321e-07,0
1.54683880434847,32.404486832125,1.24635600910439,23.4312608770101,15.8716258122118,1.73339023435718,6.02165493834319,1390.45654010331,240.235874523085,1692.86568969354,338.797709045043,102.124108066899,3046.53794464,94119.3424251518,14.6969564800067,3746.3119711841327,3701.7023890824676,0,0,7.742797810688853e-07,0
1.7216077805297,32.3424105955706,0.771416534248166,22.6997501262068,16.1565770036787,2.00766924009956,5.96390036316011,1402.35142325302,243.00544296434,1706.80110132359,343.169838929133,103.031516220271,3073.5520795664,93126.3903044819,14.7010853832587,3727.0246667349206,3703.097553812267,0,0,7.551405839270411e-07,0
1.83132964909322,32.2775223538778,0.533711852056366,21.9796078536742,16.5041729269675,2.2225124124865,5.91010759593368,1415.2012991026,245.479685236811,1722.00599474711,348.187503841931,104.02380552013,3102.67074878511,92122.1479415071,14.7052269855026,3708.2454406638412,3704.372952528846,0,0,7.45072953799281e-07,0
1.89621005007391,32.2102996604321,0.400434588392901,21.2944699664074,16.8720314571789,2.39620144677768,5.86095407203116,1428.32358733249,247.696692274197,1737.61076417776,353.457213708776,105.045481129034,3132.33945544738,91197.6538129858,14.7093813921297,3692.0713910090667,3705.5470744411614,0,0,7.386479084999746e-07,0
1.92947618247482,32.141356288123,0.322275498479159,20.6402480031861,17.2426106515431,2.54395825168644,5.81558299064561,1441.60696150715,249.706899811575,1753.46009719679,358.719279643421,106.086160122515,3162.20717725812,90380.2878557673,14.713548452728,3679.127873335637,3706.6424927700587,0,0,7.345758310433302e-07,0
1.93887783337638,32.0710479766852,0.277614719996734,20.0102041777663,17.6081221599102,2.67505234696926,5.7731580125318,1454.88355212479,251.537968165385,1769.33558498686,363.820289540026,107.131681842552,3191.8667821374,90000.2421620236,14.7177314460254,3678.970405188375,3707.793218422621,0,0,7.420307519570315e-07,0
1.93138618844559,31.9991672620078,0.253605664313242,19.4039785893522,17.9560636523003,2.79101525331351,5.73404989192318,1467.11714733029,253.143211199629,1783.94223419622,368.476070709431,108.101948617784,3219.09435340852,90443.788522087,14.7219347210895,3702.2436285889453,3709.259764128415,0,0,7.714482671670476e-07,0
1.921073672488,31.9257761668576,0.240284612378377,18.8199761093115,18.2591536348149,2.89342635027653,5.69935158025421,1474.90778877716,254.156509183353,1793.07610916318,371.81257611479,108.740600704499,3236.51487571717,91203.9058393768,14.7261520991347,3731.6211295941584,3711.102212945345,0,0,8.086919857203702e-07,0
1.92065720371787,31.8523435226862,0.23180839698723,18.2515998546026,18.4906376605353,2.98785364198264,5.66959295513343,1475.67664980318,254.245530125854,1793.54944497216,373.135143377246,108.854025957446,3238.4761123676,92027.8641698486,14.7303798712072,3757.81013390251,3713.2740231783973,0,0,8.343324804022677e-07,0
1.93249614320747,31.7808764357819,0.225871015272526,17.6924375221979,18.6428105675729,3.08097817497716,5.64422158901559,1470.59361719507,253.523352334419,1786.79044593999,372.696134002281,108.529564244099,3227.45979445794,92668.8845496665,14.7346153157903,3774.3326632782255,3715.6152352410536,0,0,8.43954761342834e-07,0
1.95115687035814,31.7106833045816,0.221656989235203,17.1457812110225,18.7310986317353,3.17788672762023,5.62178244958774,1463.37580801578,252.417645580842,1777.3779805146,371.430259756989,108.045796574367,3211.51988263639,92908.055307689,14.7388564333834,3777.3519612869354,3717.8680543574433,0,0,8.450799963060762e-07,0
1.96802954953153,31.6351698670979,0.218656248367261,16.6345019785691,18.7871389254454,3.27720332605511,5.60093922932652,1457.65382332868,251.345099644416,1769.81156433182,370.316024608972,107.675382701677,3198.58642087345,93038.7136535142,14.7431051816811,3778.1132201725372,3719.967102388058,0,0,8.433719876023225e-07,0
1.97872605966449,31.5461923147967,0.216310199525569,16.1857061056733,18.8368721777191,3.37408100040289,5.5811187428596,1454.61723227229,250.442034227047,1765.59279220516,369.741703282606,107.508042732533,3191.32307784586,93178.9915643073,14.7473620481867,3780.9965799584897,3721.940007366211,0,0,8.401585928801478e-07,0
1.98341383822627,31.4400646521591,0.214483011793889,15.8130851591857,18.8882104911991,3.46419979994534,5.56254252565814,1453.38902593334,249.633023165471,1763.65646559836,369.549542049778,107.477697201927,3187.8996966963,93577.6472096619,14.7516283803444,3792.7624444612707,3723.953181905164,0,0,8.376977694493417e-07,0
1.98440057819672,31.317860770338,0.213449404823798,15.5237093592499,18.9325925349145,3.54165528090467,5.54648596596706,1452.17868338551,248.799528706954,1761.7811068021,369.341319506156,107.448154544201,3184.51743912988,94479.7384279684,14.7559051703493,3819.413166543194,3726.30148758503,0,0,8.35575916871976e-07,0
1.9863981666632,31.1837353152563,0.213288059074811,15.3296596791802,18.9531467122814,3.5997652820437,5.53481763384983,1449.06377152372,247.86924894451,1757.56438516172,368.709980476964,107.272376077714,3177.13490219322,95515.8287864496,14.7601888056212,3848.7347808317504,3729.0526095733117,0,0,8.326914493037611e-07,0
1.99269038798782,31.0433877579816,0.213907018704223,15.2403544837784,18.9407399702294,3.63414786220527,5.52869263011358,1443.08024357156,246.839362302338,1749.79389806253,367.491192908869,106.876191016134,3163.76707037965,96519.1926188271,14.7644775071612,3875.1629464320745,3732.163488250349,0,0,8.278685034584623e-07,0
2.00406460282799,30.9025199338385,0.215040892110773,15.251467829848,18.8995617193684,3.64530359428668,5.52781774675297,1434.4277352138,245.738632450071,1738.71356845125,365.773102354321,106.274546157076,3144.87183003398,97337.0471812442,14.768769990876,3894.3402698728796,3735.526875891632,0,0,8.159849312647884e-07,0
2.0195811200394,30.7719143899127,0.216214990294568,15.3457904513803,18.8420953832157,3.63972042167742,5.53052057190218,1424.19611131894,244.666837077734,1725.66836162625,363.800460905166,105.549728606496,3122.77655210591,97851.3311174753,14.7730653226506,3903.528250345222,3738.997612705582,0,0,7.915112757422366e-07,0
2.03625385732942,30.6735589566639,0.217329175519846,15.5040572943877,18.7818840907649,3.62682346880067,5.53457438155425,1413.90762118083,243.845272469276,1712.5145823522,361.861679911369,104.81502670578,3100.73971564165,98229.9709463013,14.7773639781047,3908.716174221899,3742.5226279259355,0,0,7.576611321772907e-07,0
2.05130833372812,30.6269875816104,0.218642367952279,15.7126948052874,18.7275094785275,3.61324704637892,5.538427396437,1404.61032825529,243.470120445549,1700.51800870699,360.13346324544,104.147522808156,3081.01257777793,98536.3918016006,14.7816657970108,3912.4793486813414,3746.0916301773045,0,0,7.243466701946818e-07,0
2.0631353514525,30.6356488003667,0.220430945004044,15.9635809646445,18.6823548047655,3.59933792742414,5.54177456460353,1396.60685661027,243.600996159069,1690.04396518758,358.667587979318,103.569412768974,3064.24763835271,98923.1913810133,14.785970972708,3919.532823234687,3749.69832231141,0,0,6.978060347839982e-07,0
2.0716217816298,30.684926417082,0.222830734021225,16.2480385558757,18.6440144234146,3.58044869833167,5.54539154157,1389.47710769452,244.153938558054,1680.59970517855,357.388399509978,103.050719888589,3049.54964830222,99517.5975123657,14.7902795034997,3933.3636681637554,3753.3103430405704,0,0,6.785963009043871e-07,0
2.07912743753573,30.7457445405378,0.225704978012968,16.5465712408624,18.6045043014347,3.5528450169225,5.5502556536028,1382.29066513575,244.932962302683,1671.10356321731,356.110723025584,102.526132884323,3034.92747898522,100119.097670217,14.7945898642312,3947.421472620593,3756.8997227662744,0,0,6.641807224224613e-07,0
2.08772281083553,30.7926135354774,0.228869048266123,16.8361718436213,18.5580533324852,3.51660317222452,5.55669756113992,1374.4854922032,245.77620882359,1660.92411523819,354.727588690365,101.958149647123,3019.17030564656,100662.462302859,14.7989011970849,3959.4047233681067,3760.456353668056,0,0,6.522141912999268e-07,0
2.09829198189481,30.8173220104275,0.232006273088974,17.1021826565263,18.5057681293924,3.47534494789024,5.56417515645246,1366.24259501236,246.640137029503,1650.3028037239,353.29130935103,101.362295232901,3002.64457237195,100948.186431742,14.8032121660143,3963.5347199979665,3763.9739579066404,0,0,6.417202062321803e-07,0
2.11029413663654,30.8285039818438,0.23458475190998,17.3350029691597,18.4567723772989,3.43565505690871,5.57127008986269,1358.46576992022,247.557256430591,1640.3369277356,352.004241540204,100.805708606027,2987.22489744352,100827.756246965,14.8075216535155,3956.018692161288,3767.464865133785,0,0,6.325787428393733e-07,0
2.12058530239839,30.8449532696047,0.236415217329541,17.5277956974019,18.4244893106005,3.40332167749963,5.57640494894112,1352.43960734888,248.574783779643,1632.57903707918,351.14278063362,100.382167320853,2975.56182671663,100592.71259348,14.8118302547982,3946.3458822595835,3770.9384190544265,0,0,6.251204499376127e-07,0
2.12673174258386,30.8812553911591,0.237648407831939,17.6798799112837,18.4157844345543,3.38071258841487,5.57883716008568,1348.77619635818,249.704485505806,1627.7588200848,350.826924094353,100.134972324168,2968.89283999314,100335.657355754,14.8161378033069,3937.6580593440053,3774.3899306944554,0,0,6.195908628902999e-07,0
2.12905472487887,30.9405547368777,0.238371395618522,17.7925851268651,18.4294072817742,3.36837800252032,5.57854670370989,1347.22316446125,250.91892460824,1625.55517841176,350.986022729624,100.044359947828,2966.65800009946,99949.8193226321,14.8204432780862,3926.604167804828,3777.7193458858274,0,0,6.157913384063295e-07,0
2.12872360247488,31.020586311291,0.23859384727341,17.8568384526258,18.4640492319955,3.36702479939074,5.57551257288678,1347.44624156812,252.1922236529,1625.54948889307,351.542236389951,100.086111240103,2968.14082022751,99347.3451431528,14.8247456555336,3910.3411553339,3780.735409425264,0,0,6.134067263832094e-07,0
2.12543146595573,31.1214991161613,0.238430044872597,17.8493658303072,18.5225708344636,3.37654265584429,5.56960298642891,1349.45759204614,253.526245000663,1627.73973118313,352.507427152858,100.262266131047,2973.35901210209,98707.1258396039,14.8290450740207,3894.174773364494,3783.4012902275977,0,0,6.122634222330134e-07,0
2.11884320167658,31.2442709506686,0.237997029688493,17.7531876503713,18.60645156338,3.39565920721484,5.56091786250182,1353.20232902185,254.919157408564,1632.04342380974,353.874454207729,100.569262577304,2982.18812723056,98086.4123478536,14.8333412406233,3879.7610582389066,3785.7511096357534,0,0,6.121778414232812e-07,0
2.10980746797997,31.3861709362129,0.23731236993989,17.5695157791172,18.7133699816808,3.42362203889964,5.54968448031519,1358.35883854532,256.34020624356,1638.06577736803,355.563376151928,100.983381794977,2993.93819063883,97392.1067163402,14.8376331132118,3864.1119368527397,3787.8440334967013,0,0,6.128812488748962e-07,0
2.09925886942258,31.5352032042783,0.236366475907567,17.3132509428995,18.8418080376752,3.46099180835365,5.53589804673941,1364.69298567602,257.765712999158,1645.53386413559,357.512121498996,101.488209106389,3008.1174385523,96545.3748024757,14.8419195870402,3844.726084387359,3789.758921082432,0,0,6.141735500552023e-07,0
2.08665563390237,31.6676048372578,0.235257982419782,17.0078533742173,18.9938273206434,3.50787900417923,5.51942192454099,1372.25882297686,259.219922600338,1654.53450157186,359.734333428879,102.089716520161,3024.87652980133,95701.4221475079,14.8462008185186,3826.259850364404,3791.537549750989,0,0,6.160236740516075e-07,0
2.07145261658941,31.7630781742217,0.234083371218186,16.6751889748445,19.1702593550452,3.56316749223416,5.50036252673824,1381.02717649284,260.727215449131,1665.04662720086,362.225420703554,102.787003127517,3044.18928841638,94914.8549684325,14.8504765923851,3810.3277099772654,3793.198145631731,0,0,6.183779369176727e-07,0
2.05388602059302,31.8162699960761,0.232896515538261,16.3274197225519,19.3677910001161,3.62497145833748,5.47916296245427,1390.6820242839,262.264765247389,1676.68726753082,364.906170711334,103.556294679155,3065.38691994424,94251.9666655814,14.8547468616243,3798.681522870242,3794.8023405736626,0,0,6.210551734690262e-07,0
2.03489014318112,31.8321981295512,0.231695247031478,15.9639270574881,19.5791284871359,3.69115942605958,5.45651148290803,1400.6906388918,263.751701621293,1688.80497119956,367.635545780104,104.356751518647,3087.29974655695,93768.5605142166,14.8590116215712,3792.5996435536827,3796.459124575078,0,0,6.237838956762516e-07,0
2.01627290186484,31.8173573064101,0.230437290147311,15.5698533545087,19.7941145241383,3.7608690909386,5.43305756192943,1410.41780358308,265.046967930013,1700.63020129977,370.234286796135,105.140060053124,3108.49983013425,93376.4593504284,14.8632698343994,3788.998959358211,3798.2062679526766,0,0,6.262604293161758e-07,0
1.99955618801038,31.7763267463077,0.229102567097897,15.1293742947635,20.0045492138061,3.83413886743055,5.40921443985914,1419.42243032779,266.029086338869,1711.63277586784,372.569823239851,105.872893308092,3127.97709823753,93041.0698441285,14.8675207228976,3786.523376721147,3800.049030613592,0,0,6.282861015194794e-07,0
1.98573494770872,31.712626674966,0.227649374412311,14.6382598338765,20.2074451623763,3.91152699754045,5.38505493741045,1427.61134580458,266.662167501853,1721.70115607555,374.607028609269,106.54825646148,3145.50670167994,92611.0699307016,14.8717625373809,3780.598541210034,3801.9354495130196,0,0,6.298736272788983e-07,0
1.97485825938594,31.631100117871,0.226029868966482,14.1028899776749,20.4071682712283,3.99469149955737,5.36011100389346,1435.34629225371,267.001649568311,1731.27457487252,376.435751994462,107.193874348335,3161.87690704186,91940.6252981131,14.8759933064568,3767.139681064551,3803.764140708627,0,0,6.346495891857785e-07,0
1.96486158590426,31.5394645026619,0.224283791900636,13.5361595623155,20.6148757026185,4.08427562874111,5.33368777075848,1443.40719080181,267.178843572819,1741.30110372227,378.259983600579,107.869298670626,3178.80298317711,91243.9915759304,14.8802139784285,3753.0788548347305,3805.5202768080576,0,0,6.508447735851041e-07,0
1.95388532055283,31.4449253231243,0.222460514483772,12.9518982859514,20.8389519745093,4.17911696652958,5.30549601075311,1452.32035972744,267.309271326712,1752.41818847396,380.222215378698,108.614487398608,3197.463201982,90605.1909636783,14.8844248068157,3741.301470356972,3807.2259500503205,0,0,6.795621196244019e-07,0
1.94159878425544,31.3510424168287,0.220604124929629,12.3600465167555,21.079690037958,4.27727035375266,5.27580212449319,1462.00556655559,267.425843263513,1764.52285179463,382.308205659201,109.422971952306,3217.71474285311,90068.3611078912,14.8886258178135,3733.0739859784235,3808.8904906346233,0,0,7.169344232844878e-07,0
1.92884913265657,31.2588895842937,0.218743382039942,11.7657768201005,21.3312176943915,4.37668773331301,5.24522276346565,1471.91639600115,267.476841306632,1776.94382436925,384.379370965345,110.252905201253,3238.38224466061,89668.3661443953,14.8928170410743,3729.049580004813,3810.496203313957,0,0,7.582734717036693e-07,0
1.91878399630552,31.1698911679822,0.216889887040784,11.1703652945071,21.5839226721985,4.47685208771773,5.21435909754252,1480.41095991202,267.203218550995,1787.68300155499,386.007994381912,110.980275059832,3255.86815735679,89342.1581296865,14.8969974165076,3726.1746459389187,3812.0331980960295,0,0,7.930877166521578e-07,0
1.91524498851367,31.0859617502637,0.215029570011021,10.5736665038043,21.8285414670028,4.57892470490788,5.18355560975604,1486.03834062179,266.365174311581,1794.9752193275,386.810948610328,111.495576107199,3266.98270325582,89057.8816807762,14.9011660740573,3722.4552749582012,3813.493101866714,0,0,8.120534310096991e-07,0
1.91890407447129,31.0082407728919,0.21311706147186,9.97528141388506,22.0617143168117,4.68418216732705,5.15281649408073,1489.12862661646,265.01284821065,1799.2158470239,386.865042068914,111.823428439404,3272.43622373819,88662.4531068002,14.9053205808687,3713.556201328549,3814.8478479026085,0,0,8.170105121122197e-07,0
1.92803751283948,30.9370724381899,0.211085504446397,9.37443313441548,22.2894481111051,4.79428409488624,5.12157974149208,1491.04680837792,263.338437859295,1802.0614202767,386.516930832277,112.0666481464,3275.19244841089,87988.6553153853,14.9094578038718,3695.4570735782954,3816.051895700291,0,0,8.14587029997001e-07,0
1.93913805785998,30.8724693669943,0.208906142298977,8.77194558075025,22.5263064282373,4.90972177553017,5.08897354869569,1493.37315850791,261.538000297183,1805.4359801262,386.171436282775,112.344232423542,3278.67035957909,87248.3059665106,14.913579226282,3675.5937318410506,3817.098121960186,0,0,8.10553734938876e-07,0
1.94976245135608,30.8140255869526,0.206572573192292,8.17075938735293,22.7841939846625,5.02932941825345,5.05450882214573,1496.9602318045,259.71362347725,1810.3793808937,386.049514111587,112.719868490167,3284.71443165907,86544.4052049606,14.9176856928076,3657.646629496996,3817.996759449417,0,0,8.078623034948305e-07,0
1.95984802495269,30.760998422897,0.204109783724143,7.57453055109376,23.0652095102411,5.15127766978917,5.01834214240138,1501.66236488315,257.857329269706,1816.71397390339,386.118856661262,113.181604144779,3293.01890420736,85913.9011560538,14.9217774202283,3642.619757077644,3818.762627969652,0,0,8.070742436927594e-07,0
1.97077966655174,30.7123880756242,0.201558712300379,6.98797841190566,23.363864028101,5.27346236198506,4.98109515473787,1506.8236073598,255.910434052797,1823.63640635779,386.216460662341,113.678795791115,3302.17925534687,85379.4507479376,14.9258545860838,3630.7276499999125,3819.411414953447,0,0,8.075806504168213e-07,0
1.98430061904691,30.6667857119969,0.198956489473578,6.4180437979562,23.671611902938,5.39405489575028,4.94351879574709,1511.77679990981,253.816923668619,1830.32462619323,386.172518076232,114.159839190884,3310.76275173161,84908.3137630475,14.9299163515964,3620.5191562782816,3819.954302755879,0,0,8.085487784893985e-07,0
2.00162805239787,30.6228314124734,0.196328116490147,5.87194186140439,23.9811339493443,5.51143586585754,4.9062639655597,1516.1337074892,251.551625983589,1836.29498715062,385.885874428599,114.594233940725,3317.93464409439,84480.7697903312,14.9339619187993,3611.1269219223373,3820.399731439659,0,0,8.093948829987176e-07,0
2.02317076652413,30.5796679112585,0.193689905134028,5.35470881347564,24.2882212247743,5.62344118939034,4.86988740261822,1519.818046626,249.12275581959,1841.44680810699,385.336742501056,114.975140161852,3323.5349861076,84116.0028145383,14.9379913514805,3603.068876893554,3820.798794165418,0,0,8.098747204950632e-07,0
2.04887096894643,30.5359993155766,0.191056815977656,4.86960650323975,24.5904235745776,5.72671872744514,4.83502489890566,1522.8842514167,246.55254975294,1845.84176572777,384.544325047681,115.305512012816,3327.69114197267,83847.9510618957,14.9420052857889,3597.401222807203,3821.2562327091778,0,0,8.099459186792228e-07,0
2.07879575991123,30.4884408389988,0.188433322701974,4.4196543979708,24.8849948521134,5.81699300460238,4.80247520678898,1525.34359292344,243.856546166399,1849.48972554452,383.524574863367,115.584831052036,3330.44123439275,83638.5571518365,14.946002585189,3593.0013566973616,3821.808915078591,0,0,8.096108989298728e-07,0
2.11290448348067,30.4327569987959,0.185820458941914,4.00797342981423,25.1693288339042,5.8898662623904,4.77305354711348,1527.20742189044,241.047047662004,1852.40077186713,382.296246830227,115.812501582619,3331.82282783706,83461.6960914872,14.9499821026341,3589.103041947431,3822.4545682274825,0,0,8.088934427675395e-07,0
2.15068231145684,30.3664915325412,0.183219423193541,3.63720839025379,25.4420171617481,5.94148262014711,4.74742276878458,1528.5656418965,238.143709825418,1854.68177137522,380.893926050369,115.993986669217,3332.04022642119,83315.6040054414,14.9539432926016,3585.7224263948237,3823.1654220074747,0,0,8.078571976182547e-07,0
2.19125174828861,30.2906453568365,0.180633560694916,3.3080447196237,25.7025401350808,5.96897188825771,4.72604037798844,1529.54040186654,235.170796086181,1856.48308500804,379.354902907347,116.137580357385,3331.36880211595,83208.2431946362,14.957885925579,3583.189552919084,3823.8929012312456,0,0,8.065754189952258e-07,0
2.23394624523271,30.210390658473,0.178067590344322,3.0171794806701,25.9504341842868,5.97078493432381,4.70915844879942,1530.2080828748,232.148923163787,1857.90802929058,377.702316115219,116.24885798106,3329.99345964073,83130.0906708967,14.9618092807018,3581.2823047427255,3824.6214909715673,0,0,8.050951546544866e-07,0
2.27859334617871,30.1325473077048,0.175525966431661,2.75856346719215,26.1853339445681,5.94675822746672,4.69681654877679,1530.60103675708,229.093547305733,1859.0101878682,375.947941925806,116.33065734105,3328.00803774691,83074.0083843927,14.9657126355499,3579.8203041925976,3825.355659913523,0,0,8.034406187468676e-07,0
2.32515005493676,30.0619841715298,0.173015356160502,2.5268403363396,26.4072360965188,5.89778837980722,4.68887811984447,1530.73923666594,226.017126435738,1859.82214807303,374.101005949626,116.384965460703,3325.47359641999,83063.6421387404,14.9695961662131,3579.533444956499,3826.128256049382,0,0,8.016304506973484e-07,0
2.37321514224709,30.0011396032825,0.170545860981912,2.31997510256536,26.6156369898236,5.82532761795961,4.685157694132,1530.59536361991,222.923204133984,1860.30697304952,372.161052687137,116.40982593724,3322.33693078364,83139.2314504907,14.9734605701406,3581.6107755558714,3827.004513684282,0,0,7.996571497777041e-07,0
2.42191087176261,29.9524815448858,0.168117918734345,2.13966908992951,26.8084622219331,5.73158701198206,4.6854597960176,1530.04529210863,219.79531202651,1860.29670937572,370.107452019304,116.395450713507,3318.31981032973,83264.4141092739,14.9773042549087,3584.8731033162694,3828.008706432221,0,0,7.97461985365394e-07,0
2.46966399011263,29.9190741655902,0.165725710681738,1.98826953096517,26.9835365432781,5.61986737151709,4.68944315044422,1528.98289694539,216.611673354305,1859.64058736643,367.925261706658,116.333457794675,3313.17371283706,83410.8100502692,14.9811257098965,3588.389397956741,3829.137073696756,0,0,7.949797473354466e-07,0
2.51356894030504,29.9027736316884,0.163387094254275,1.86743796021009,27.1394885959062,5.4928767032838,4.69679881779592,1527.38895604931,213.367065350511,1858.29878370715,365.62031858623,116.222425351888,3306.84658434402,83763.9699345981,14.9849290476857,3597.7052283722187,3830.363757897645,0,0,7.92191406035854e-07,0
2.5485654294716,29.90235888207,0.161179808050998,1.78454553854421,27.2691357190102,5.35050285273958,4.70795803628825,1524.96862306914,210.061524291445,1855.8976180545,363.142486695932,116.039884817441,3298.72972707728,84644.228222348,14.9887200524577,3622.22836218881,3831.6437965171594,0,0,7.889700085097002e-07,0
2.56903740746709,29.9127938118631,0.159196173398734,1.75768279831959,27.3519458080307,5.19363858153687,4.72401431677386,1520.69302165574,206.665685065525,1851.16017054239,360.293006324872,115.70772824889,3286.68735039222,85796.8568022245,14.9924890606126,3653.626196589415,3832.9581227587646,0,0,7.847742324300862e-07,0
2.57016581138482,29.927784425499,0.157517445006765,1.80493569182141,27.3669926273314,5.02752285062361,4.74548510650232,1513.53458442726,203.155776675912,1842.80921715594,356.88906832099,115.149129670089,3268.59930748467,87016.5408290521,14.9962301050712,3685.0491167885534,3834.305370404811,0,0,7.790462222263659e-07,0
2.54956272952453,29.9428690429771,0.156250386407476,1.93727982425801,27.3070101802798,4.85674637580018,4.77217308772132,1503.57553326916,199.596803896848,1830.93263599371,353.001883609381,114.372279224985,3244.70545813921,88534.5760837005,14.9999456583381,3723.5215685395383,3835.7003477906705,0,0,7.718833998017726e-07,0
2.50398354924281,29.9535637227509,0.155682857330307,2.18720985851806,27.169961403941,4.67766103751981,4.8047979261488,1491.46688527956,196.112534265594,1816.33001429314,348.868927883839,113.427883967214,3216.49670121704,90763.7872436826,15.0036379554106,3781.9460470521667,3837.173432343928,0,0,7.636836847622589e-07,0
2.43006383237023,29.9495347974429,0.156206079999038,2.64984726697053,26.9479537356674,4.48037265263317,4.84550854611171,1476.80349025799,192.736863227438,1798.54161970055,344.604365832826,112.286596788467,3183.32161209818,93288.1448607666,15.0073004942701,3847.6876342807655,3838.729747451301,0,0,7.541815872337019e-07,0
0.0103888616228605,29.9178037220301,0.257168861901207,3.84222677630856,26.8575860544877,3.64408181063063,4.96853249056213,1458.69098826647,189.432259773163,1776.51868813052,340.611363377307,110.805754253281,3143.64821925997,95850.8621999715,15.0109316296036,3912.6556095228693,3840.3556503512573,0,0,7.434400120609598e-07,0
8.98868885205104e-12,29.8519176063291,0.373862445588794,6.1782398570303,27.2256664282141,1.55864850848624,5.23925676502818,1442.77078933337,187.05308301495,1757.09086076688,339.374082173973,109.369110439366,3110.34888212724,107888.482435356,15.0145201817757,4264.787240976744,3842.1717088436453,3,2,3.541882166317628e-06,3
9.17338453904139e-13,29.7742029597593,0.780141125094094,8.26881008585699,27.1794533680007,0.361064998258609,5.4133886287923,1434.14906639253,185.85288335375,1746.48984092809,340.23088527868,108.582725620683,3093.21622272267,111208.387002436,15.0180941628547,4360.646538524126,3844.217099651752,3,2,3.628153635875956e-06,3
7.4319746816957e-15,29.7038901643023,5.33202977953484,10.2764694973891,26.3283667208437,0.0093233702711697,5.51685368180372,1420.78045637431,185.651248524597,1729.48732501074,338.65622756941,107.447460603178,3065.72189212847,114574.600475976,15.0216369927966,4454.115305326353,3846.4990012808526,3,3,3.6761359137541193e-06,4
2.24024833898138e-17,29.6639195273414,14.37754684799,12.1660335169165,25.025731457252,0.0020255204530906,5.59245971419081,1402.43051481203,187.324800110819,1705.8091447402,332.627130061648,105.873340654427,3026.80405706019,117769.78386419,15.0251484368841,4537.724110993438,3848.9560009124248,3,4,3.687820429270196e-06,4
-9.22063854083823e-21,29.6620638281739,23.7899073688708,13.9575542796136,23.65698572026,0.0016876356626977,5.6695114131766,1379.23057441233,190.72842796715,1675.67758222626,325.037468438437,103.861208373964,2978.39003938377,119898.744464652,15.0286270465381,4585.772823502074,3851.3896327038547,3,4,3.6868619190551544e-06,4
-2.78608383076819e-23,29.6847786800867,32.1689679097226,15.5668172800895,22.3515525908539,0.0013349840969618,5.7437268662817,1355.4459549232,195.35744048228,1644.47086676812,318.00457160162,101.765724485667,2929.74484696059,120400.807267418,15.0320723021129,4584.7870725007615,3853.548982109405,3,4,3.6903511514880847e-06,4
-3.21204709068948e-27,29.7060855748996,39.2678868372219,16.8814747775888,21.2112741015511,0.0008661047988115,5.80901576762364,1337.30936733238,200.810124146689,1620.02160404402,312.896844324004,100.094316024683,2893.5896304996,120356.300210004,15.0354862258875,4571.527316194647,3855.4262766901898,3,4,3.7074551597642674e-06,4
-2.0528672505991e-24,29.7096847575108,45.3252362094402,17.8727014859319,20.2543334261346,0.0004090643081562,5.8637489306909,1327.2131075876,206.903142067906,1605.34412552139,309.886553918948,99.0425806166687,2874.58139122466,120026.181591913,15.0388689281542,4555.3415973196625,3857.0597612541237,3,4,3.735172350625735e-06,4
-9.42670126945377e-24,29.6954164896573,50.5899334134977,18.5889259597066,19.4510403118793,0.0001295026808107,5.90962488958467,1323.93415325822,213.529785207089,1598.94198518509,308.502849427479,98.5163664995299,2870.00482216429,118981.257673249,15.0422190868532,4522.380517618384,3858.495548017707,3,4,3.7653296676345873e-06,4
-1.29377403256936e-23,29.6719676145046,55.1498112251952,19.0956916181087,18.7826171637099,3.38213256073281e-05,5.94823659624107,1326.38991303563,220.472702685359,1599.53261823791,308.571067648162,98.4339268099016,2877.54888399438,117033.248295431,15.0455355925916,4466.246034332597,3859.786664009538,3,4,3.7941918485795214e-06,4
-1.20818812837034e-23,29.6496144783591,59.1366984174413,19.4530365996537,18.2457882005129,6.44505366225788e-06,5.98011045044284,1334.67399894911,227.416303093436,1607.34258561028,310.185171203259,98.8080224365621,2897.31940349314,114930.295427216,15.0488192127262,4409.55230448823,3860.9552743113404,3,4,3.821440708265109e-06,4
-9.90235461202574e-24,29.6334811326143,62.7912768535742,19.7089526670685,17.8227564981222,5.47580268501695e-07,6.00612864200285,1348.05325240024,234.164010681783,1621.52810790894,313.078493973226,99.584041489739,2927.64828370839,112883.66191032,15.0520698904746,4358.115214307907,3862.0156847288386,3,4,3.844912218535724e-06,4
-8.06521451619681e-24,29.62343342247,66.3060778721323,19.8959380165919,17.4837957510154,8.04311558257394e-08,6.02776365109113,1364.84898049656,240.654713740628,1640.00462102599,316.716234810198,100.63060938978,2964.91000714364,110734.784505754,15.0552866125231,4305.920337359662,3862.911472181427,3,4,3.861657008087813e-06,4
-6.85698448953253e-24,29.6183369211891,69.79895099438,20.0358291823536,17.2070154348053,1.80352894874437e-08,6.04612966968577,1383.86558148592,246.881156173596,1661.25577899919,320.739729591594,101.853002186573,3006.5333503211,108384.642837915,15.0584682258643,4249.098954279065,3863.5455974733636,3,4,3.87084521608233e-06,4
-6.06853654453253e-24,29.6184266430968,73.3643758882705,20.1492396790548,16.9819354439304,4.38266276181263e-09,6.0617450645561,1404.79078438606,252.864646415862,1684.85069954964,325.091009069813,103.224911969659,3051.85276088407,106171.480466162,15.0616151007476,4197.612495612398,3863.9347112032033,3,4,3.873469583384945e-06,4
0.637661850003137,29.6223876886226,54.9539584632168,20.4340869130536,16.924738523187,0.32575488555858,6.0632673866557,1418.15342900871,257.031534203564,1699.74151739163,343.987285592972,104.129423632199,3090.58695923372,94964.1560894636,15.0647401684378,3876.378815536227,3864.048712128428,0,2,1.0943362438363602e-06,0
0.782173199379914,29.6290628867655,31.5471687211616,20.6797769244998,16.8524554125169,0.869539008349964,6.04307183521291,1419.8556210695,260.110536816878,1700.59324569622,363.785427501513,104.207553895901,3106.88527106928,93187.4846442115,15.0678181393778,3832.5127675184112,3864.0391392275255,0,0,1.016652494934947e-06,0
0.812005500513753,29.6398543649055,15.0110307658596,20.9475434545724,16.876748551011,1.11963040969627,6.04430421087537,1424.22074124279,263.269331468108,1704.6780811517,379.10148040393,104.450508801313,3125.6180913637,91586.2310458938,15.0708605215541,3793.708963936058,3863.9902420589174,0,0,9.328786165927022e-07,0
0.987278733644083,29.654440276558,3.58863109437342,20.9377856207381,17.051138711512,1.34825533623985,6.02727360664424,1435.92745670874,266.662560643876,1717.87296441879,391.993375695594,105.266856383961,3157.31677500449,90170.4369624719,15.0738671025887,3764.001019751691,3863.9324258742417,0,0,8.844899168985831e-07,0
1.26609683298329,29.6715325579168,1.45235399755019,20.4158492810771,17.3321067581167,1.703068854748,5.96470921912673,1452.94445232716,270.014423989509,1737.73915858572,398.729270170975,106.529249318639,3195.69599579393,88931.6673833465,15.0768376475968,3740.419059124951,3863.8710413736258,0,0,8.470372324240543e-07,0
1.40654061467254,29.6902348535163,0.915113105889844,19.755763240322,17.7504151985574,2.01644354191701,5.89500195495795,1472.21919301971,273.116312085168,1760.50993214442,405.376080685715,107.988300367272,3238.32593225045,88046.7150382825,15.0797737814502,3728.8788503646856,3863.8903557864355,0,0,8.283874647807715e-07,0
1.49468156387793,29.7117695658048,0.644548298759729,19.0872789664841,18.2436523192403,2.25972674418112,5.82944567318745,1491.22101672023,275.872531611901,1783.05760539453,412.289427826248,109.441095617625,3280.44466023639,87729.3839898804,15.0826782580498,3734.423892618672,3864.1630479942983,0,0,8.21869928672204e-07,0
1.55194649813856,29.7411028694109,0.488741635924843,18.4523854705825,18.7475858941578,2.445588577711,5.77079910976874,1506.2488382802,277.945807793075,1800.85901688115,418.282063740217,110.604441003073,3313.97387716909,87675.473927501,15.0855483985612,3745.115428542037,3864.7155900519333,0,0,8.272120362204533e-07,0
1.59558673827317,29.7841871433384,0.392055562202015,17.8596960327813,19.2205074141449,2.59016184040183,5.71948217234536,1514.70700739907,279.04376684298,1810.75345687643,422.398777783836,111.281439953598,3333.14466463011,87721.3735065796,15.0883820320102,3754.01948657046,3865.4957110231294,0,0,8.392887454448373e-07,0
1.63282336439402,29.843840066202,0.330287678368851,17.3021399737948,19.6457407781973,2.70802520692968,5.67449489552318,1517.39868295226,279.283731701009,1813.70211013749,424.716004631966,111.530641581578,3339.61354214753,87752.3509649244,15.0911775121264,3758.1844415161736,3866.320857234877,0,0,8.520124852832896e-07,0
1.66376499029069,29.9172830058891,0.29171347619055,16.7715636712577,20.0240620098824,2.81145873250419,5.63414229226496,1516.83720247409,278.982285571667,1812.74554226332,425.879365191714,111.539254027118,3338.80308496319,87665.5363762493,15.0939334039936,3756.303193353597,3866.883977701176,0,0,8.623320497814984e-07,0
1.68643430779823,29.9955813754321,0.268626977282606,16.2675857612947,20.3658668059751,2.90841317178225,5.59680908103278,1515.62448886698,278.465432025418,1811.03776513391,426.608494607139,111.501312744372,3336.36225403399,87570.0051638947,15.0966503199791,3753.5575172155127,3867.1124817388986,0,0,8.700328233131313e-07,0
1.70073943521216,30.0688161473281,0.254692099741513,15.7958687933581,20.6820310490511,3.00208152985103,5.56150374321089,1515.25436517734,277.936986520325,1810.38885985074,427.330575040158,111.527814880364,3335.55410958863,87535.0740114719,15.0993285877916,3753.1350384901025,3867.0637828283525,0,0,8.751051497989647e-07,0
1.70898282077675,30.1314126795158,0.24573813329603,15.3615985824202,20.9773065342011,3.09338817983212,5.52786187263951,1515.7314361923,277.423765523166,1810.80121331497,428.062972211588,111.618402825334,3336.41444540372,87591.7676931383,15.1019681283152,3755.9870119089414,3866.8726822932554,0,0,8.783466357849603e-07,0
1.71401065704743,30.1826635624382,0.239746603994456,14.9676417820841,21.2509399951491,3.1826623052613,5.49590024535424,1516.40974676774,276.872267712006,1811.48857094073,428.650247907543,111.724422224633,3337.57199702578,87701.2335659957,15.1045681645126,3760.4844347125168,3866.696978891439,0,0,8.807352820071674e-07,0
1.71783775861685,30.2253604499187,0.235622722121191,14.6171288708603,21.5022790031357,3.26911206775865,5.46581561420224,1516.7691272557,276.228550747556,1811.82527773118,428.99259422917,111.80755119325,3337.93715164502,87836.812084822,15.1071280186658,3765.4683434847925,3866.565261425941,0,0,8.825967030747597e-07,0
1.72153719101158,30.2634800349459,0.232554148652987,14.3125783862023,21.733423583513,3.35129004083873,5.4377496209335,1516.61822057461,275.463912784423,1811.58948414112,429.089527218717,111.854572294211,3337.13247710898,87985.4040470313,15.1096471681233,3770.432182452894,3866.4552156185914,0,0,8.841192243349314e-07,0
1.72519118712112,30.3003002745248,0.230200995375652,14.0548736772496,21.9475931193328,3.4277839558994,5.41174040634971,1515.96654642134,274.57904584966,1810.79657830618,428.980637160292,111.866650903387,3335.20433819248,88233.6574305777,15.1121259213906,3778.020686387351,3866.301655638654,0,0,8.847989307257058e-07,0
1.72835178918152,30.3405614797243,0.22867364064585,13.8540497767248,22.1462236997961,3.49578408799376,5.3881012491394,1514.78152155886,273.608798912266,1809.39067835334,428.688618062734,111.839786542508,3332.11400661344,88685.9392437165,15.1145646098177,3791.379117239115,3866.0096342917373,0,0,8.841310360708576e-07,0
1.73148586111512,30.3948597971078,0.227997224638848,13.7428254719165,22.3282508867735,3.55083765351182,5.36755419493451,1512.72819769445,272.596664245717,1806.92416917583,428.177270201036,111.744897877669,3327.19097977258,89199.8758325082,15.1169616077799,3805.980937610638,3865.5642817581843,0,0,8.819392031166853e-07,0
1.73489495483627,30.4752105198173,0.228019304703735,13.7583611772832,22.4940909433952,3.58907126821592,5.35068277208728,1509.73501174142,271.613923334078,1803.26468569683,427.495172420954,111.572471144225,3320.33612490217,89698.4783258237,15.1193159354787,3819.4688742785042,3864.9841351732516,0,0,8.792884822871565e-07,0
1.73762971021138,30.5866496176944,0.228658999207157,13.9171274050206,22.6463242202788,3.60758588205857,5.33777399498746,1506.02158026996,270.722040035575,1798.65448260733,426.752391831205,111.336801597208,3312.05777597353,90387.7734356247,15.1216284569406,3838.250001770498,3864.399861547184,0,0,8.757904374008331e-07,0
1.73886644260169,30.7191093493578,0.229851037695515,14.2084070265264,22.7802725988379,3.60373740733975,5.32939292591696,1501.61613213246,269.97911397354,1793.11722200036,425.968864173558,111.038960161418,3302.45496508051,91541.8879552751,15.1238999597965,3870.6462772053987,3864.0573409936446,0,0,8.707633838515676e-07,0
1.74071654889413,30.8391405480912,0.231441101572829,14.5867842818565,22.8759793365249,3.57990553655893,5.32612537622079,1495.91462291284,269.427797210046,1785.91300235742,424.924880095422,110.633132564457,3290.26585594669,92839.2982575585,15.1261279194146,3906.481883251184,3864.0340671293666,0,0,8.65521335098756e-07,0
1.74609549856842,30.9055766395385,0.233493914792023,14.9875349960255,22.9136835165813,3.54315986175056,5.32785021989735,1488.17095175756,269.050577483012,1776.1439339298,423.322202058473,110.064225319645,3273.87892639743,94119.181818042,15.1283112365256,3940.3158707870384,3864.3240309013004,0,0,8.600336172727702e-07,0
1.75552685762701,30.8966369703487,0.236169432761525,15.3626019147801,22.8899046427801,3.49867215558447,5.33388942246028,1478.68479000552,268.876363219888,1764.18759462542,421.177517606364,109.356337353541,3253.91312126706,95357.269930042,15.1304496742682,3971.603802277672,3864.8664369329986,0,0,8.527468082414999e-07,0
1.76692697223517,30.8260175524348,0.239256678948587,15.6885329425703,22.8150242227149,3.44747656120678,5.34346500593314,1468.70882242231,268.988864534165,1751.58308063429,418.818163488426,108.605649635097,3233.04273978222,96553.3098768356,15.1325430850026,4001.2403567999977,3865.573485772959,0,0,8.428113008849686e-07,0
1.77991209419495,30.7441015596022,0.242421730856219,15.9473202005578,22.7002311935865,3.39090165542797,5.35575614985576,1458.21973960576,269.211208083907,1738.35880415415,416.241440417203,107.814750521154,3211.14405255671,97697.0761910213,15.1345912593501,4028.903158543944,3866.4222533346615,0,0,8.238975858944423e-07,0
1.79645477084235,30.7032130910669,0.24550619384156,16.1241765821673,22.5511598752288,3.33271320660414,5.36993986124689,1446.31564360534,269.258348925187,1723.48210418529,413.205668806245,106.920244317162,3186.19290373047,98775.600360126,15.1365939639718,4053.550071253126,3867.4029340417965,0,0,7.916474909454928e-07,0
1.81834573101001,30.7247835600254,0.248147713104842,16.2128892011432,22.3738256756428,3.27860980833102,5.38492809381741,1432.92906655729,269.0423735095,1706.89471957401,409.698234011191,105.919028638564,3158.00985065986,99431.0178064092,15.1385502579157,4064.2986805771657,3868.4525586311634,0,0,7.536527249443634e-07,0
1.84479916155519,30.7992653143609,0.249823232723813,16.2140711384204,22.1878498500736,3.23594338207767,5.39867089418543,1419.45418913703,268.692582576809,1690.29053101163,406.108285747543,104.91649195117,3129.59449877548,99362.266847499,15.1404594353648,4053.0413415421804,3869.4632112288805,0,0,7.197337081274736e-07,0
1.87002892948211,30.9034102328166,0.250599213077166,16.1410101321988,22.0266421665851,3.20783673426116,5.40896737378087,1408.29684871539,268.485077887784,1676.58952514366,403.117126855305,104.092963605087,3106.164475733,99054.7945033805,15.1423222592071,4036.23256928945,3870.3995308854414,0,0,6.944643539796607e-07,0
1.88898493736741,31.0189533464591,0.250748408348594,16.0137704465406,21.9125879291194,3.19266264051965,5.41487341567115,1400.91908296463,268.627085228626,1667.56083723698,401.152402442344,103.556952403956,3090.92244083012,98663.5758617595,15.1441387751703,4019.6441969574507,3871.2535531522485,0,0,6.776775466149092e-07,0
1.90060106969473,31.1376948922625,0.250494350767277,15.844564448015,21.8477682210904,3.18810883471728,5.41662292188942,1397.1424405075,269.129940504682,1662.97696178054,400.177813000068,103.294036214347,3083.50292450881,98264.4288410089,15.1459088496867,4005.4485641862666,3872.0748489478888,0,0,6.666962868814062e-07,0
1.90622869901902,31.2495257086778,0.250090336494822,15.6312884029684,21.8230712232689,3.19192057594673,5.41503774350688,1396.00873467941,269.872687663912,1661.65963041995,399.933118602694,103.23192323225,3081.81203055751,97915.8996149006,15.1476323176226,3994.7143311937866,3872.953736196429,0,0,6.591022653852087e-07,0
1.90825139986782,31.3303689386136,0.249562386451154,15.3577659646989,21.8278021493201,3.2020384550471,5.41100075708653,1396.51892010386,270.673037288504,1662.37953982304,400.1481231812,103.295908834376,3083.62506090613,97550.4114135167,15.1493087626463,3984.649725465383,3873.8961836141466,0,0,6.534715612921991e-07,0
1.90855329608341,31.3578596874636,0.248808674827297,15.0094346241771,21.8553228138717,3.21713401842593,5.4050636112922,1398.05073654106,271.387704147038,1664.37051143599,400.652707587024,103.43986422496,3087.53287225838,97160.0059255077,15.1509378859178,3974.5435511700466,3874.8835012488457,0,0,6.491518835965189e-07,0
1.90786150505688,31.3276023288037,0.247744627724957,14.5865687026734,21.9026855402817,3.23638383986238,5.39748783325171,1400.35600515723,271.963763292103,1667.32999173758,401.3699252491,103.645523796887,3092.97399956983,96801.5801987486,15.1525195300732,3965.9309273106624,3875.9441157327833,0,0,6.458835596492418e-07,0
1.90653200492094,31.2510747013596,0.246223544142633,14.1026031852017,21.9658742924807,3.25974868893252,5.3884514658053,1403.25275901856,272.382359199186,1671.04861399488,402.223245282032,103.899476433859,3099.55087344317,96528.0671158172,15.1540535390419,3960.278666525289,3877.147788463386,0,0,6.434725804582149e-07,0
1.90530770531917,31.1468999037343,0.244271089332362,13.5759877478228,22.0367164213098,3.28925552532076,5.37802460974201,1406.43703756546,272.588395615287,1675.1840292386,403.076120568415,104.17957013068,3106.58335161661,96296.9320732432,15.1555395647083,3956.063593084921,3878.4999107833914,0,0,6.416634456448992e-07,0
1.9047865946034,31.0304478136099,0.242104009967568,13.0228857810053,22.107157336286,3.32694635439758,5.36627842691038,1409.62206616864,272.52395394,1679.41195530575,403.801347037319,104.464873698592,3113.42508252206,96099.9791805659,15.1569773272832,3952.8152086502632,3879.984155561236,0,0,6.402103045946205e-07,0
1.9059093016358,30.9092032882389,0.239806531397765,12.4536851757608,22.1742305352507,3.37412186212752,5.35317409798279,1412.71147734724,272.178077617378,1683.6191250633,404.357638040769,104.748231615528,3119.86213832152,95683.2758070422,15.1583660731999,3942.760767625566,3881.484981027437,0,0,6.389724874322155e-07,0
1.90873424960594,30.7876379458342,0.237392521307471,11.8754681661795,22.2468381698264,3.43229816668471,5.33805575959164,1416.20620890681,271.633165144462,1688.37940810515,404.901048738378,105.066603807622,3126.97682318868,94821.9133727202,15.1597050770435,3919.4415206095287,3882.806250580102,0,0,6.381072428782409e-07,0
1.91007067448591,30.6728132809325,0.23494641455974,11.2996766590313,22.3459507851805,3.4996807384218,5.320104773223,1421.2684139904,271.085983387238,1695.0214709246,405.794039821146,105.504898696801,3137.28130085699,93899.5816122675,15.1609948053622,3895.3279215671405,3883.9138439364447,0,0,6.380840456660917e-07,0
1.90729310579948,30.5707527929508,0.232497576236396,10.7393435757933,22.4855895003072,3.57200132542242,5.29921761316701,1428.57860364706,270.690306338193,1704.29876233098,407.262334402633,106.111388479382,3152.26012193609,93047.2239580227,15.1622353221275,3874.88280973625,3884.8342546970184,0,0,6.391499727923702e-07,0
1.90022868695913,30.4823083840457,0.23007730910641,10.2023652085127,22.6637600402611,3.64561877771921,5.27604299160905,1437.82101009712,270.452545978576,1715.81035715396,409.233687292367,106.860888836368,3171.25343383662,92354.8717667234,15.1634266379869,3860.6120652873474,3885.6677289061577,0,0,6.411010502517729e-07,0
1.8903772582231,30.4021842611992,0.227718342765942,9.69015143210174,22.8673666163822,3.7178226306566,5.25167604757009,1448.07691866242,270.27698167157,1728.47174998629,411.449219085686,107.684443568988,3192.30429666204,91896.5903124761,15.1645687482858,3854.105660808849,3886.573624528494,0,0,6.434657339339083e-07,0
1.88045359299451,30.3193875270663,0.225422500545141,9.19773398648278,23.0789109308272,3.78774680518514,5.22717747558631,1458.26076316842,270.030345272795,1741.02360868528,413.591160718166,108.501749756892,3213.09915578442,91537.6841940927,15.1656611414963,3850.5039337434227,3887.5884691004594,0,0,6.457128778608739e-07,0
1.87264343803051,30.2236953900123,0.223187125904867,8.71827085236839,23.2855349391372,3.85577720188643,5.2031763548744,1467.6531623307,269.614923120978,1752.64435286626,415.441647895806,109.260240836916,3232.10572341628,91219.5932259778,15.1667034533384,3847.51808435623,3888.6948921629514,0,0,6.488483167014328e-07,0
1.8675658927294,30.1110008878168,0.221005931654031,8.24864720028239,23.4824114961433,3.92157596055314,5.1799708035488,1476.07788953782,269.002739292934,1763.14081847192,416.940309989878,109.947297756301,3248.94895245937,91003.5337396049,15.1676956064165,3846.8793516414094,3889.880364721941,0,0,6.611946629367412e-07,0
1.86506887913725,29.9809205206104,0.218863897139611,7.79076107898499,23.6669819004137,3.98371996866479,5.15789079654034,1483.52458840098,268.19334438991,1772.4955199625,418.076476971636,110.561868815418,3263.59763772663,90967.2972567323,15.1686375546985,3850.934694157061,3891.150001327694,0,0,6.867234425933293e-07,0
1.86567895431402,29.8317915484494,0.216745470561924,7.34853700230435,23.8331679026978,4.0417560517524,5.13731613690941,1489.79690416122,267.157714920526,1780.45768941577,418.781946588563,111.08898578879,3275.60211601776,91005.1155351491,15.1695288345095,3856.319340258944,3892.5056752268606,0,0,7.206699234498546e-07,0
1.87000410823526,29.66152125644,0.214647992560794,6.92492787277927,23.9750817178783,4.09621992598048,5.1184787760299,1494.71251044685,265.863529829014,1786.79517594929,418.99238503899,111.514977432528,3284.5410682324,91069.9600081477,15.1703691231621,3861.460234583895,3893.953643556295,0,0,7.561351898355769e-07,0
1.87883356783232,29.4713130856911,0.21252622202014,6.51929900782601,24.0925540220314,4.14898600093883,5.10112592748148,1498.35186227688,264.311757124774,1791.59910167637,418.725459501655,111.845988800652,3290.57396177877,90877.380923385,15.1711577057861,3857.7788133323447,3895.4559624313347,0,0,7.877445906993717e-07,0
1.89292832276088,29.2706946339427,0.210296434380688,6.12343655964522,24.1985923462352,4.20418433704186,5.08397516500243,1501.06709446738,262.504260606326,1795.30425441742,418.085499744517,112.109240941373,3294.44576093403,90136.3112887173,15.1718939100095,3836.7004499822156,3896.927247602209,0,0,8.093737839573623e-07,0
1.91009664079527,29.0788066795426,0.207913094158269,5.724249103951,24.3206354256548,4.26326467819758,5.06532025018791,1504.11745970583,260.548530979719,1799.45063564579,417.438514098853,112.400288639021,3298.87678765433,89260.2421507314,15.1725782977933,3811.6994594113553,3898.345015597733,0,0,8.190109694126613e-07,0
1.92783010989228,28.9120969003667,0.205355145749008,5.3132332335722,24.4798353585126,4.32350138080132,5.04438496839551,1508.60423499154,258.568066190634,1805.38168277085,417.105042185893,112.801703947942,3306.26451291673,88427.0344021538,15.1732110680234,3788.9880637137576,3899.7131555374904,0,0,8.212077339479219e-07,0
1.94582389461354,28.7753344237976,0.202678446054253,4.89212762902227,24.6775200719997,4.37972328373777,5.02184290767455,1514.34658396066,256.560621501628,1812.88025098942,417.043830704691,113.298234842892,3316.23716432344,87894.0920263081,15.1737926017194,3776.253683001445,3901.105175599197,0,0,8.203918695803349e-07,0
1.96544946322779,28.663392843209,0.199987925260984,4.47308179175321,24.8946742766703,4.42429830061697,4.99985918041099,1520.10555016207,254.418765967779,1820.43692938727,416.91795917206,113.793760591143,3326.13422293928,87946.0222783726,15.1743232694609,3781.2336320206396,3902.672946245246,0,0,8.18919010629761e-07,0
1.9908235528859,28.5675784048858,0.197335678627395,4.07165042637686,25.0959231508568,4.45171259992353,4.98122953348692,1524.00272787848,251.950746700657,1825.76139783371,416.2112808368,114.143924578042,3331.89676141513,88230.9794281637,15.1748021011122,3791.8770432864735,3904.457924234914,0,0,8.171124366923413e-07,0
2.0252227640801,28.4821188019688,0.194735391306169,3.69879112830103,25.2511923458655,4.4598455467231,4.96797744910131,1524.85159781088,249.024066188188,1827.40163253152,414.598505852847,114.257629248871,3330.94814287728,88555.0322469454,15.1752284958462,3801.4262914871356,3906.4402093345484,0,0,8.145363610369668e-07,0
2.06892422898297,28.4058221357048,0.192155746303633,3.35818081843653,25.3518782823404,4.44813505069619,4.96069403261557,1522.96561865782,245.67915007011,1825.72669795695,412.168897062925,114.157993927862,3323.96122430533,88767.497968108,15.1756021057401,3805.5326871098823,3908.5492073576347,0,0,8.111385948591078e-07,0
2.12010243292571,28.3399744344253,0.189549454949837,3.04659717055242,25.4097571335665,4.41705266149186,4.95866947581348,1519.7515335794,242.096876503762,1822.4377243635,409.313149898322,113.951422075707,3313.99196470954,88734.3696378326,15.1759227267153,3801.1571162463288,3910.6716645809593,0,0,8.073644055248678e-07,0
2.17558662645866,28.2858643952726,0.186903033057511,2.75738022199003,25.4477705301297,4.36618481024307,4.96068289303055,1516.97762696156,238.520352944997,1819.6817746837,406.522777065319,113.771921971508,3304.90184752588,88617.3499892601,15.1761904733176,3794.507209966132,3912.7706838858417,0,0,8.040256478118363e-07,0
2.23319315773081,28.2432745376005,0.184226103647797,2.48547211899903,25.484464783136,4.29414185372689,4.9658974590289,1515.74576406444,235.116786264319,1818.80131710894,404.107875528396,113.702887716784,3299.11516050372,88499.1295205576,15.1764053231804,3788.9091237038774,3914.851997237472,0,0,8.015065816131528e-07,0
2.29394311544368,28.2107787669087,0.181532170443296,2.22904229148858,25.5264393252893,4.20122546177339,4.97391667957581,1515.84244242097,231.870318301455,1819.54514208987,402.021056530821,113.728144416166,3296.19020098502,88278.4565120953,15.1765671101041,3781.1440983433527,3916.887639653602,0,0,7.995090606777785e-07,0
2.36002600190325,28.186342574729,0.178824077976796,1.98930520554863,25.5762246586082,4.09007532151547,4.98424781604958,1516.79538953512,228.713311765691,1821.34074784743,400.143259364867,113.811812285372,3295.10170046645,87817.6456854858,15.1766757183115,3766.691680576665,3918.7991201500354,0,0,7.97826545019916e-07,0
2.4304270574233,28.1669042732063,0.176101792580941,1.77220948329245,25.6413448824439,3.96277212037323,4.99619602331615,1518.62723087405,225.625812643244,1824.20412903641,398.490966529155,113.954948817032,3295.8769218293,87289.2232945545,15.1767311970678,3750.801482795204,3920.5649449214156,0,0,7.965380443906224e-07,0
2.50149260442375,28.1489719209944,0.173367927290446,1.58464616223877,25.728446139353,3.82096073327069,5.00917070839866,1521.41516727405,222.59831305598,1828.21453765496,397.095007189149,114.162722913492,3298.66128153828,86779.4089596561,15.1767335063042,3736.1422436983094,3922.193298457933,0,0,7.957141356401599e-07,0
2.569461540879,28.1302075675009,0.170644045244175,1.42925199208239,25.8367630581315,3.66720299817622,5.02285699656022,1524.87157230449,219.592612715585,1833.01553818827,395.884536934557,114.413384121038,3302.82669112608,86365.4437741075,15.1766825460964,3724.848416000719,3923.706996072977,0,0,7.952075921893265e-07,0
2.63164965624676,28.1107799496431,0.167966423430471,1.30456188845582,25.9580628868517,3.5047684076942,5.03725158618361,1528.41096164091,216.554613190044,1837.89998988396,394.706864078757,114.66338515807,3307.12456786046,86125.7439771532,15.1765781397996,3718.8803504197094,3925.1368874778086,0,0,7.947099246844073e-07,0
2.68734941949201,28.0941988941939,0.165367292975227,1.20675415037419,26.0793402538404,3.33813937434077,5.05244538039652,1531.3497840421,213.436846064972,1842.05408982884,393.383154005668,114.862456743215,3310.11976477121,85963.2582203888,15.176420145899,3714.809689551828,3926.490393584429,0,0,7.938691947444204e-07,0
2.73699986602262,28.0852805943405,0.162869256814669,1.13074487452257,26.189874099178,3.17236960356686,5.06831680257155,1533.30148922652,210.228803873419,1845.02727012031,391.8136157354,114.983072556153,3311.02326026932,85821.1754725874,15.1762084832868,3710.6470445053146,3927.7639107359773,0,0,7.924971704742803e-07,0
2.77967362614418,28.0868314712451,0.160509043691811,1.07297576859228,26.2846040802448,3.01062579002536,5.08469200090634,1534.29793829151,206.957981998712,1846.8671334913,390.01171105992,115.02891171788,3309.93390671304,85899.3031541813,15.1759428168467,3712.4904095439065,3928.9595897065155,0,0,7.906262132940902e-07,0
2.81024717405081,28.0970235053817,0.158369622132651,1.03790662777582,26.3555563907418,2.85382407582183,5.10190679100584,1534.17186719963,203.623531880073,1847.36940862348,387.958032955709,114.988400894304,3306.51925075557,86503.78138304,15.1756224862335,3729.5234842278887,3930.0772472277563,0,0,7.881838075246014e-07,0
2.82036236761947,28.1079523560425,0.15651076916505,1.04043403249015,26.3829661788247,2.70655749404787,5.12050128210072,1531.9667130494,200.131502135965,1845.37129658292,385.466282484545,114.792019067975,3298.76786805042,87338.6335677217,15.1752476454816,3752.101462981774,3931.103031252676,0,0,7.846958575556619e-07,0
2.80246298608327,28.109698458124,0.154974850158781,1.09482655015469,26.3482591509005,2.57852195194323,5.14024101782329,1526.85612171372,196.392824559022,1839.86963015083,382.400045467426,114.381750441714,3284.95399394871,88213.1545728128,15.1748185358513,3773.876819564171,3932.0283198232555,0,0,7.797751472288883e-07,0
2.75437054313659,28.09655090414,0.15391362067095,1.21032823878834,26.2462173311632,2.47667740665683,5.16049196199928,1519.04885637483,192.435391581977,1831.1128905686,378.870750524847,113.77647849731,3265.56321684979,89345.1281966608,15.1743348528292,3801.6356262402887,3932.8420079243047,0,0,7.73565786393524e-07,0
2.67052774373478,28.0726431627416,0.153986996151463,1.42219592491,26.0758960251214,2.40070797816423,5.18148092752116,1509.26158390238,188.393201227983,1819.94776449835,375.148034272367,113.030184435837,3242.20786999786,91086.0907157851,15.1737961557717,3846.599929696845,3933.51548586852,0,0,7.664210412052171e-07,0
2.53806722242918,28.057429255997,0.156744678310981,1.83504859147482,25.8300548988536,2.34995246811302,5.20412320651734,1497.45330027877,184.40610700409,1806.26858521894,371.445936027164,112.137486638483,3214.9902492287,93074.9229491107,15.1732030180625,3897.882134621817,3934.038345247073,0,0,7.582659586696627e-07,0
0.0097446560801253,28.0766320628181,0.293822672830923,2.95752707038953,25.7070543690038,1.75240906450931,5.29721887831515,1482.90271066784,180.558672687096,1789.08430048254,368.310787948014,110.970782631651,3182.75170909964,95111.1017251179,15.172555716138,3949.1263906869613,3934.418249217532,0,0,7.495385982015523e-07,0
1.5116346431255697e-11,28.1541804424167,1.14926412798878,5.26394902639656,25.8220097532698,0.182600469696588,5.51530046134153,1471.30613734832,177.732976188237,1774.92325099086,368.807345638873,109.904699247811,3158.49355634589,106486.86144716,15.1718568325983,4287.072781290386,3934.6503902624663,3,2,3.5842707227446453e-06,3
2.75163344989797e-12,28.2711515511224,7.06262872002281,7.24466270975566,25.0338729292216,0.0022922286352537,5.59125124078648,1466.9462924613,176.261074314302,1769.1766978473,368.354330367864,109.471193531937,3148.27066600784,108849.751684712,15.1711009056926,4355.612177677419,3934.597949003646,3,2,3.662636915828707e-06,3
9.51569593157189e-14,28.3716426819123,15.6184143749494,9.13628859132722,24.1452157366264,0.0004843185612996,5.64201701895163,1457.99319096959,175.853172682933,1757.96219517234,364.290689772623,108.701941567152,3127.99755682312,111219.617187697,15.1702908259456,4420.327825296653,3934.2459960866704,3,3,3.6951547976532174e-06,4
6.03508350087078e-16,28.4111110356727,24.6794451915984,11.0103905765721,23.1741790493381,0.0003669644818448,5.69584957431031,1445.02473544855,177.445557390908,1741.91282986327,358.956124267879,107.612956046909,3100.7994208329,113478.943170955,15.1694266565967,4479.060043997554,3933.634912055463,3,4,3.702533022741227e-06,4
5.9860562037966805e-19,28.3816002543715,33.2138530254862,12.8295598908729,22.1403141550425,0.00027566870135,5.75424871314232,1428.2446517353,181.026652684016,1721.21468877075,353.438162597815,106.214111723138,3067.64996471353,114879.827397909,15.1685088775896,4509.657641111244,3932.842045572225,3,4,3.7018549036189508e-06,4
4.35765281459755e-22,28.3092428442041,40.8751205484733,14.4953955136704,21.1347880304317,0.0001768825352996,5.81202295149071,1410.73627892492,186.069180935851,1699.54563361503,348.500499594101,104.742386859199,3034.45662971766,114897.015667832,15.1675378328549,4498.227223639632,3931.9403804799217,3,4,3.7040211852452102e-06,4
4.049714379518e-26,28.2372871386402,47.599870239337,15.8883602150277,20.2439948828434,9.24702957387899e-05,5.86370847399404,1397.74027483933,192.017783696932,1683.15714807909,345.078219925066,103.597648178146,3011.29541012187,114465.405086632,15.1665129366424,4476.500689745108,3930.9505197877393,3,4,3.716042504532252e-06,4
-7.620739921136239e-30,28.1929581982885,53.4664659346277,16.9680895988306,19.4921821029635,3.90532237754302e-05,5.90769538922764,1391.60274441942,198.556247050693,1674.82877727907,343.480163762485,102.958350281152,3002.54276832286,113841.846740193,15.1654340465127,4453.713075335988,3929.8918893504087,3,4,3.7360728571924393e-06,4
-1.52716950821597e-28,28.1786013701683,58.6387807606599,17.7744373996254,18.8568596789714,1.32069721138895e-05,5.94528261558946,1391.23056354019,205.566917999018,1673.25528113325,343.304241512205,102.743176059721,3005.79839884664,113260.934700678,15.1643010005664,4436.155931688761,3928.993716580309,3,4,3.7573680059450953e-06,4
-1.128081324206e-28,28.1883262292087,63.2771115497132,18.3689571584168,18.302053639056,2.56183611034726e-06,5.97851371057259,1394.22458535096,212.842096265229,1675.61808143568,343.887063229672,102.775817105648,3016.00717197816,112892.270828278,15.1631136373053,4427.283555056084,3928.587857421179,3,4,3.7746306797987972e-06,4
-6.99900976271432e-29,28.2211592339869,67.4474991545099,18.7990173183109,17.7957062932792,2.39989057823822e-07,6.00915060519694,1398.29667448626,219.879717973855,1679.27718105567,344.629429565362,102.89391247382,3028.18876828971,112505.057306213,15.1618721932633,4418.475402951778,3928.680806363507,3,4,3.7856253121721782e-06,4
-4.98978083724754e-29,28.2777547386017,71.1627100081887,19.0924917866465,17.3205105048404,3.24107741614181e-08,6.03813857848379,1402.34715910534,226.283801060175,1682.99084498519,345.24633659464,103.022277319681,3039.86243442236,112069.970645641,15.1605767530804,4408.054820366038,3929.201010593279,3,4,3.7910585203392476e-06,4
-4.30948088204787e-29,28.3551462902023,74.4811385305097,19.2692346775936,16.8722211984813,6.283261848490891e-09,6.06569919166832,1406.4334845102,232.019551821507,1686.84150802258,345.770135385997,103.165470587047,3051.14304894256,111265.468533706,15.1592277916947,4386.325833587324,3930.038567845651,3,4,3.7929017884232055e-06,4
-4.01709322924742e-29,28.4451231621564,77.5393881904915,19.3522263141811,16.4586670766382,1.2971599138240902e-09,6.09137759616234,1411.61115327388,237.278150722297,1692.08425018256,346.518591978548,103.399175100848,3064.35679688322,109881.296440613,15.1578258313544,4347.703306400464,3931.0656965135818,3,4,3.793528888357273e-06,4
-3.72421992901745e-29,28.536017887372,80.5275039356802,19.3750006867514,16.0926356113984,2.77502371389344e-10,6.11444706543842,1419.40364576598,242.340873364357,1700.53942586904,347.923205027668,103.833465269558,3082.85762842609,108466.425074114,15.1563703745596,4309.959255908786,3932.2359752666694,3,4,3.7945472748982776e-06,4
0.617444768196313,28.6170832333282,61.6264843487914,19.5612294917277,15.9168861902982,0.315767201651088,6.12298037625664,1421.74689571816,245.980384297035,1702.95730049642,364.178737538383,103.957191952353,3099.3864656743,97955.1183761522,15.1548557112831,3999.258510551058,3933.5159720897404,0,2,1.006457880908365e-06,0
0.759518332558082,28.7002974390151,37.9143913965882,19.7045386021979,15.7394741044307,0.832196701186903,6.11098709074616,1412.9289303237,248.89623822235,1692.12214803098,381.171227963891,103.29880741124,3094.78100561023,96967.3807149977,15.1532920860731,3970.875914468883,3934.9572548704746,0,0,9.344420216800336e-07,0
0.787129340521195,28.7807785712285,20.808749415388,19.8630897719098,15.6516984920648,1.05184378423639,6.12180392184458,1406.91392753662,251.99175746035,1684.65611253261,393.967774724872,102.810767528414,3093.08839688099,96410.7305633962,15.1516740498033,3955.546553311316,3936.6430630931336,0,0,8.562416588455653e-07,0
0.886326883042607,28.8529804052422,6.63440852724988,19.8063341099128,15.7084230557822,1.21275813695443,6.12414044477194,1407.27642392635,255.176622146943,1685.04629953793,405.95272684385,102.811414901596,3103.28721612567,96028.8063525296,15.150002044471,3949.0572906074317,3938.570732581214,0,0,8.188279985293002e-07,0
1.19558827670125,28.913416838701,1.88159115978658,19.2241627146503,15.8315234444356,1.49520977861261,6.08331260535296,1411.23973490217,258.03783324786,1689.97500256711,411.217176454716,103.121647356324,3116.28504911344,95726.7253238876,15.1482763266216,3944.4606531162817,3940.696165851957,0,0,7.88664604221176e-07,0
1.3755793209184,28.9620457768359,1.15783693525999,18.3999849891991,16.0279014066053,1.78413247033949,6.02716315867652,1415.901921591,260.360124833873,1695.86697056192,413.96564961709,103.512479429897,3128.83487642517,95627.5982107548,15.1464966442328,3945.409296723822,3942.951691334865,0,0,7.662268073970108e-07,0
1.49413723827073,29.0030234614096,0.827534480463405,17.5686790047842,16.2676118095857,1.99687025703196,5.97767034556284,1419.61154305207,262.142601625156,1700.68333424529,416.757050182303,103.843289950401,3139.26665242115,95857.385900103,15.1446626933368,3955.7415383723337,3945.2570834781322,0,0,7.517586555049047e-07,0
1.57948807714665,29.0445509039555,0.641864617135245,16.7792515281648,16.4987952748927,2.14796190625617,5.93693844225471,1421.43158507172,263.438522126894,1703.27223263481,419.18325027612,104.03802884718,3145.56492940751,96204.6692898318,15.1427750803524,3968.3065469257494,3947.581990961296,0,0,7.401595868206459e-07,0
1.64480860976396,29.0938613638591,0.525451640429891,16.0436348199013,16.6953614501609,2.25594127638149,5.9042531189535,1421.07258685784,264.286451944868,1703.27694064175,420.896696113946,104.072338148135,3146.98921415561,96589.8584232226,15.1408341380799,3980.36564256893,3949.9397634196134,0,0,7.297749094920573e-07,0
1.69897953179579,29.1526500220952,0.445992188702962,15.3582261678508,16.852355653733,2.33714509922373,5.87773688839587,1418.91670465671,264.721318325446,1701.15734559246,421.858899451361,103.974198419333,3144.26937717598,96677.7612813684,15.1388408536256,3981.97886842298,3952.270955366559,0,0,7.205193847160717e-07,0
1.74610735619674,29.2148866695011,0.388397036993867,14.7151769237041,16.9820974336795,2.40594213544931,5.8547971175775,1416.21601088589,264.829582362012,1698.42152496901,422.401917005325,103.837825828358,3140.05408956716,96178.4196360942,15.1367962190625,3965.2640443790933,3954.447630898075,0,0,7.127657358670376e-07,0
1.78389819068763,29.2677418070609,0.346090012886865,14.1104726750895,17.1093312712067,2.46983174401362,5.83315892473031,1414.92152913378,264.804663949829,1697.41013635808,423.133791206374,103.809238324524,3138.55987347112,95560.4257275123,15.134699288704,3945.8474030907146,3956.4506505426075,0,0,7.071597577604961e-07,0
1.81035331201693,29.3007135720833,0.314624756945915,13.5430726066127,17.2514431279943,2.5308805620638,5.81165020970332,1416.14965870154,264.812505345341,1699.45458189557,424.423438802978,103.971346959105,3142.2457402613,94977.433179445,15.1325497497211,3929.2153847014956,3958.284820815643,0,0,7.039727896541081e-07,0
1.82643574483438,29.3116993006569,0.29121065925286,13.0119831110164,17.4101716635057,2.59036814490999,5.78996192370008,1419.63395907806,264.883816734816,1704.22829203808,426.207225939814,104.303715240137,3150.58363516103,94502.2942823749,15.1303474567687,3917.3896407299694,3959.966098199196,0,0,7.027662794497337e-07,0
1.83432737155634,29.3079788118701,0.274612457671351,12.5230274750358,17.5785821643253,2.64868947442999,5.76834786807676,1424.41453793992,264.958070850291,1710.58523058721,428.213203665015,104.734306466061,3161.54615746874,94187.3510058578,15.1280922816967,3911.2666788387473,3961.536746575511,0,0,7.027171298990333e-07,0
1.83681121802432,29.3054587627807,0.26345013258504,12.095911790956,17.7491891142224,2.70515927667719,5.74728654360834,1429.47058069457,264.943904606068,1717.32579164481,430.174414559984,105.186983437299,3172.98804019326,93920.6793894703,15.1257847057639,3906.7455947355925,3963.0083846093735,0,0,7.030015867906831e-07,0
1.83661877790321,29.3189721119453,0.255534450965905,11.7493060400602,17.9192024887978,2.75895890623874,5.72703786386085,1434.20665102319,264.778877525247,1723.76219665064,431.956564188172,105.617656906557,3183.67500370729,93658.7382145744,15.1234250484559,3902.107659145011,3964.380004158249,0,0,7.03102769383354e-07,0
1.83505042152305,29.354018237477,0.249498805573083,11.4865529204768,18.0900228074211,2.81006235398963,5.70748994070856,1438.53396691493,264.457734871685,1729.79590124996,433.553831004983,106.019836694341,3193.43825685484,93409.46250061,15.1210134404396,3897.5423139792897,3965.625021112332,0,0,7.028505413304311e-07,0
1.83200420677343,29.4077149386903,0.245142377767545,11.3060329494815,18.264825325862,2.85824251673384,5.68845493500956,1442.5905844005,264.027328115455,1735.57576999689,435.015255946477,106.403144241421,3202.58889199643,93189.2816584137,15.1185499664938,3893.6474967355757,3966.6903167320866,0,0,7.022421050424418e-07,0
1.82696793475879,29.4734433788722,0.242418353023115,11.2191696369056,18.4477013513373,2.90143551701936,5.67000343059422,1446.50127731297,263.575309443271,1741.21288315701,436.401629785996,106.77508581123,3211.42970432423,92986.7133412217,15.1160348323048,3890.170734192033,3967.56729377981,0,0,7.012923673277146e-07,0
1.81981246864472,29.5453814983146,0.240891474886254,11.2402000626046,18.6421188333353,2.93711178622411,5.65232448084549,1450.32296238535,263.182061122146,1746.73789658141,437.763452711714,107.138129431526,3220.12386850865,92801.8286472437,15.1134682064322,3887.164514431854,3968.2724566980737,0,0,7.0130706683271e-07,0
1.80987509672027,29.6214170321951,0.240343638500566,11.3724689054788,18.8479041712449,2.96208263147586,5.63585996407239,1453.97686588461,262.885439108413,1752.03479103482,439.118963080924,107.485196116146,3228.54060244724,92977.9983883954,15.1108485654161,3894.963539761234,3968.8632227188114,0,0,7.070697065246395e-07,0
1.79740181736102,29.7079683293377,0.240810739733327,11.6122105343441,19.052505646792,2.9714395667949,5.62190625254946,1456.65605753054,262.662484407671,1756.10345041419,440.264589577953,107.753631707305,3234.9766198438,93887.4308821355,15.1081742968094,3924.230304726602,3969.4213896721562,0,0,7.193223102887987e-07,0
1.78741520840707,29.8241569744152,0.242034522645627,11.9442482719603,19.225833352719,2.96520885791334,5.61194662610131,1456.50985857222,262.413852039473,1756.64787906263,440.632072853044,107.800509330019,3235.4283047833,95038.2626835828,15.1054482004603,3958.7151876550465,3969.96548659303,0,0,7.337821263234855e-07,0
1.78486108675934,29.989609193262,0.243873944147016,12.3409202683808,19.3413478274426,2.94857243857708,5.60654817854447,1452.17874671518,262.058691886293,1751.96008508308,439.757971021739,107.519955612899,3226.90106933936,96217.8629457823,15.1026716051434,3990.947370891324,3970.4928980524496,0,0,7.44060936954138e-07,0
1.79103953106282,30.2099678214405,0.246295482062276,12.7754544866921,19.3931883296935,2.92633999867685,5.60529236853161,1443.84278874513,261.613307415141,1742.23121211399,437.654210001746,106.92414131021,3209.73281142462,97292.0959635113,15.0998451963031,4016.9760317352498,3970.9655254426325,0,0,7.435827365116666e-07,0
1.80445134367608,30.4708768255222,0.248935343280921,13.2206441920565,19.3928430376264,2.90194624456673,5.60708171432371,1432.86232493377,261.161224917961,1729.11429706018,434.714015715162,106.116273103869,3186.82671770123,98156.593542802,15.0969694232851,4034.6381311411947,3971.3134189253537,0,0,7.283603269812693e-07,0
1.8218066008786,30.7397746710108,0.25155502620918,13.6393805417581,19.3580400342758,2.87721353510441,5.61071046250296,1420.97755268028,260.790710516734,1714.72478509682,431.449801514728,105.228726955027,3161.88937920258,98951.6827256625,15.0940439254295,4049.435318419372,3971.5272955907226,0,0,7.053668292497468e-07,0
1.84029597165062,30.9869406990947,0.254345242887648,14.0014713584362,19.301528065509,2.85229134836075,5.61547214049518,1409.30080515354,260.544591079757,1700.41207731513,428.191096525565,104.346150028011,3137.27856099489,99714.4079691719,15.0910687527885,4063.2899641655317,3971.62875280856,0,0,6.839926111660588e-07,0
1.85945421467385,31.2011025565313,0.25720340328031,14.2967103113126,19.2296649169681,2.82789122365189,5.62094068481851,1398.14193987987,260.419802944039,1686.56320570484,425.037187634183,103.492919621073,3113.65506650406,100235.26189164,15.0880447286351,4070.1106396229115,3971.68929404862,0,0,6.676653670868291e-07,0
1.87943489313757,31.3856302098909,0.259548494565771,14.5300874059611,19.1512112844671,2.80687841069609,5.62625914722102,1387.88275065047,260.425676843177,1673.69425024411,422.11103107744,102.700787676146,3091.88017347593,100333.940615144,15.0849725863555,4064.7678166890787,3971.8114448314004,0,0,6.557683340847325e-07,0
1.89791291369927,31.5496774167889,0.261114184174317,14.7193216046773,19.0811625494372,2.79132948102409,5.63032906019902,1379.4145522272,260.621530341157,1662.99092611687,419.690552678571,102.042066708635,3073.96837881388,100274.201294235,15.0818517905819,4055.9306046860497,3972.016632700115,0,0,6.469585911369814e-07,0
1.9125306998805,31.7010203497315,0.261986440324009,14.8825727603432,19.0304961863209,2.78148599600232,5.63251593940679,1373.30501008604,261.048594034465,1655.22681772778,417.955167259563,101.563526727886,3061.22395209362,100133.624245084,15.0786823453355,4046.401025017226,3972.295349659071,0,0,6.402700173179256e-07,0
1.92257211942547,31.8424325741143,0.262302665596218,15.0257212841347,19.0010990319159,2.77648434087204,5.63282948281956,1369.39188605695,261.684854211778,1650.22186248488,416.857411781005,101.253878256084,3053.30758473492,100052.978170118,15.0754640564859,4040.3129602915574,3972.658520451834,0,0,6.351508130873436e-07,0
1.92884700539517,31.970603950547,0.262170178668147,15.1406957372845,18.9865704303427,2.77469553098457,5.63182754667101,1366.9858310946,262.464696616559,1647.09633704946,416.180959977952,101.060027512414,3048.68183035249,100148.641400321,15.0721967725546,4040.6419860027972,3973.1369335227614,0,0,6.311456092577828e-07,0
1.93399011955337,32.0760604378838,0.261526711121853,15.205468586734,18.9754705288538,2.77614485940753,5.63008995078399,1365.16268597634,263.292064965182,1644.65470521486,415.624413839166,100.911280334756,3045.2585757368,100240.729343456,15.0688813102712,4041.237716203569,3973.7263917596174,0,0,6.277616163180801e-07,0
1.93992359721782,32.1500725913491,0.260468689620606,15.1989303856878,18.9606230315436,2.78212025968027,5.62779052255407,1363.38800644905,264.094084489876,1642.19629109636,415.002476450527,100.767317261853,3041.80283015467,100288.217721434,15.0655180842213,4040.4327179473944,3974.4127372468815,0,0,6.246828173347376e-07,0
1.94807652035783,32.1909471640949,0.258878677926957,15.1126496172834,18.9443442119793,2.79589735702198,5.62433480558959,1361.78402608199,264.848224947953,1639.86975904873,414.338533714363,100.638418252612,3038.54679822181,99852.4326369093,15.0621088622767,4025.0925005358176,3975.0290036346437,0,0,6.219000114967548e-07,0
1.95776579809466,32.2053089384073,0.256561314509033,14.9470932795115,18.9453406128196,2.82317055432099,5.61792666100209,1361.52178533398,265.616175166212,1639.14929791956,413.986119347767,100.61520958889,3038.03862572263,98612.0786217874,15.058655417898,3986.4283702198463,3975.3013963814624,0,0,6.199026141122113e-07,0
1.96285123921793,32.2069217742323,0.253905108981023,14.7145938275423,18.9952549224707,2.86469946804932,5.60678229737197,1364.57034582807,266.570135297807,1642.4956757473,414.563433924922,100.847734640564,3044.61012773564,97248.6237771336,15.0551561227985,3946.4625049459405,3975.201385046681,0,0,6.195517093166791e-07,0
1.95894760254856,32.2084616597124,0.251197871098929,14.4364315442097,19.1116224702691,2.91640875653887,5.59055523855695,1371.7953162755,267.821349295601,1650.99627403391,416.362602982718,101.400914023296,3060.20852348391,95969.673382526,15.0516104936556,3912.116761503522,3974.777442888902,0,0,6.211814213206025e-07,0
1.94658427288038,32.2154859708671,0.248488935755023,14.1302429211194,19.2898869457888,2.97469397431118,5.57000995206374,1382.47284602081,269.319242872888,1663.77121673632,419.181672262037,102.219244604829,3083.28800468977,94799.4864508592,15.0480186498249,3883.5972349901904,3974.161156090617,0,0,6.243685613103298e-07,0
1.92865424374627,32.2273434116614,0.245753079808769,13.8002707188727,19.5154984743428,3.03765354543318,5.54619246218126,1395.30071666696,270.913376696756,1679.22849679301,422.626342201096,103.204181634958,3110.99753707693,93739.9385775683,15.0443807928271,3859.992311864064,3973.541893499518,0,0,6.284162373014805e-07,0
1.90817556191823,32.2403801958171,0.242958509519471,13.4346455097888,19.7741535084937,3.10479621950893,5.51991825225438,1409.1634740397,272.420957379673,1696.01363366055,426.345539292798,104.2721532639,3140.85561575844,92771.8778705428,15.0406972470022,3839.8864400791244,3972.964378067352,0,0,6.327342385926886e-07,0
1.88727219217656,32.2515418755741,0.240109134353836,13.0202561871824,20.0557891848384,3.17611314423047,5.49170158317048,1423.36319437303,273.704997291534,1713.28447112009,430.110889125355,105.371256819778,3171.29256494857,91885.347054832,15.0369683081923,3822.449714678329,3972.418199993832,0,0,6.369555641614989e-07,0
1.86737206722966,32.2599785911902,0.237168833667762,12.5554290171105,20.3547231357211,3.25211576626546,5.4617574242512,1437.5666582154,274.712238765567,1730.63711708847,433.807333185535,106.476755746321,3201.56285997641,90970.6632071687,15.0331951435448,3804.129267574911,3971.8298375176605,0,0,6.409124259411874e-07,0
1.84904646992367,32.2652629881405,0.23408145168935,12.0503876697238,20.6701347043549,3.33458745845578,5.42986000369239,1451.82269289296,275.470810937753,1748.12877511844,437.433523567891,107.592566483113,3231.77854433904,89919.9121435526,15.0293793896167,3781.7142262206316,3971.075760074033,0,0,6.446358845245186e-07,0
1.83115432691871,32.2650911809723,0.230936902427251,11.5249609034872,21.0058143706282,3.42511936018368,5.39554477644257,1466.54420627595,276.079711984645,1766.25795784505,441.091545133577,108.749781069234,3262.8625116231,88889.4625132507,15.0255204320387,3760.207428133588,3970.1351714739308,0,0,6.483350181761762e-07,0
1.81248976195128,32.2570366950528,0.227845076391491,10.9993760951708,21.3643174992186,3.5238575398812,5.35861912488353,1482.02303947711,276.630461779117,1785.37330491854,444.850463327848,109.969938057633,3295.47762212111,87944.940205976,15.0216179247954,3741.7924895250935,3969.03386319444,0,0,6.541392471666177e-07,0
1.79288767788674,32.2407300964668,0.224864807514098,10.4854066333606,21.7433194903231,3.62965480582626,5.31936138465109,1498.13238498908,277.144874166116,1805.31330629952,448.666074314507,111.242827237768,3329.36370672793,87129.3490942455,15.01767141916,3727.665020649806,3967.7920472466103,0,0,6.757060574678508e-07,0
1.77308298470285,32.2171700006523,0.222011750346791,9.98433440705717,22.136273351583,3.7405621863811,5.27841100206322,1514.41076354968,277.574864257504,1825.51244938213,452.402621069132,112.533192829364,3363.51523769339,86480.9116898568,15.0136801604817,3718.6300392999187,3966.413873758516,0,0,7.213761006968934e-07,0
1.75605889266518,32.1868883643409,0.219279778635257,9.48798431170785,22.533333526476,3.85549593338271,5.23646726821197,1529.18440017961,277.644543015103,1843.94550425531,455.565644484154,113.715594853904,3394.23341666411,85939.1910147489,15.0096448368113,3711.6361364656473,3964.9067570523353,0,0,7.77778983553203e-07,0
1.74748491485097,32.1497732347982,0.216639781055873,8.9860030913729,22.9235918144703,3.97517753485967,5.19402887453335,1539.93037123301,276.930217401788,1857.56401755071,457.406326530358,114.601133742245,3415.93897243471,85469.2614503823,15.0055660986694,3703.774810603911,3963.2642005525436,0,0,8.198888672160728e-07,0
1.74910528571763,32.1060903175166,0.214045366177161,8.4729735840957,23.3010061539295,4.09923942470974,5.15146756632383,1546.46505741312,275.413539985367,1866.14660982295,457.863379623385,115.175360910696,3428.2309774372,85054.0165902013,15.0014444171185,3694.396710623673,3961.5623036493284,0,0,8.397865648558309e-07,0
1.75877523281827,32.0583097606179,0.211459197488892,7.95073450919361,23.6656803746026,4.22506179943773,5.10914110203133,1550.18104142686,273.333752701967,1871.37668288186,457.347357646625,115.541474813636,3434.19113832886,84680.5202155887,14.9972802548593,3684.1397170811265,3959.973129348275,0,0,8.431944831719374e-07,0
1.77352483720226,32.0130040443186,0.208849169126504,7.42754944398476,24.0203106336614,4.34933734317517,5.06738970466158,1552.55974724799,270.921370706265,1875.04671545457,456.306241270717,115.809493429638,3437.0882258868,84351.7734435371,14.9930737562474,3674.1870552531736,3958.5407084716276,0,0,8.38713796103757e-07,0
1.7912305948416,31.9779991208652,0.206188374920676,6.91373995294881,24.3669636361094,4.46928129785394,5.02653815571536,1554.5299409059,268.307692557381,1878.28058996929,455.031201345835,116.048246031327,3438.9677976699,84067.7258484889,14.9888250948162,3665.2247608152215,3957.251507399768,0,0,8.3252237844079e-07,0
1.8106285555972,31.9578681131702,0.203485610151071,6.4179845898609,24.7054860264092,4.5819499248434,4.9870656494735,1556.42450613061,265.547393073039,1881.47642731196,453.638515087216,116.28171572207,3440.57102090383,83950.3416430851,14.9845310747085,3661.1570809076234,3956.0525844612907,0,0,8.274864956011788e-07,0
1.83131526845213,31.952405037969,0.200790745767054,5.94656137438357,25.0299105350007,4.68288857207927,4.94999328973366,1557.98279779858,262.642667943247,1884.30481499422,452.069660248767,116.488626781467,3441.35263473036,84187.459386681,14.9801862730253,3667.4224253847296,3954.867051058833,0,0,8.240393245361474e-07,0
1.8550434957023,31.9574962412506,0.198141098228879,5.50004609246525,25.3247315105979,4.76812111737579,4.9168177421372,1558.36368186067,259.539452125867,1885.72539149447,450.094285494086,116.603557564386,3439.50564244015,84606.0525717925,14.9757958101704,3678.2211125664307,3953.683135113833,0,0,8.213040304561173e-07,0
1.88429224561918,31.9677357978407,0.195555442315311,5.07274292602358,25.5734543255333,4.83526034083911,4.88886586724794,1556.81235825696,256.17942558881,1884.80554789032,447.503993706885,116.567907835016,3433.40113408761,85079.7069488249,14.9713642436827,3689.216080138265,3952.5142787456152,0,0,8.182455684213756e-07,0
1.92074717269034,31.9791107058745,0.193002916798712,4.65703037539028,25.7696938047907,4.88366614097586,4.86663310302164,1553.41701565098,252.583362139558,1881.64602791351,444.329864236388,116.38740534501,3423.23553540455,85385.1423672696,14.9668972876577,3693.7888649657343,3951.3502805982807,0,0,8.144261384878473e-07,0
1.96468343054794,31.9902673970517,0.190414516186499,4.24732327241254,25.9239328202143,4.91503243007065,4.84931046138883,1549.25193896761,248.870852439125,1877.55609278868,440.881848456118,116.143111923801,3411.34427747073,85259.5419667446,14.9624009449759,3684.8632760940172,3950.1388864300275,0,0,8.101763573346171e-07,0
2.0130678502768,32.0024401160998,0.187756227104881,3.84559975375221,26.0634874534882,4.92980822719071,4.83528937917065,1546.23190680707,245.266658218563,1874.87148375587,437.708290682519,115.979716514573,3401.89830474806,84961.8181669277,14.9578704518685,3671.5900916861206,3948.8584997812773,0,0,8.065105032079918e-07,0
2.06243064093368,32.0178305070903,0.185027257491744,3.46120097967246,26.2141488909195,4.92598955206879,4.82338986139298,1545.62047764944,241.927672254682,1875.1333842613,435.170962953075,115.992194985681,3397.65577740787,84648.313734979,14.9533025722643,3659.5695894111363,3947.5112129657277,0,0,8.0397478971071e-07,0
2.11200442221099,32.0377583251125,0.182263452673104,3.1047835324639,26.3850566374975,4.90124066265879,4.81343892163134,1547.03744163434,238.811392774707,1877.87815337523,433.16554746907,116.150885973682,3397.79212428242,84422.9985799163,14.9486947872592,3651.6350184470375,3946.1621600501417,0,0,8.023422592555017e-07,0
2.16254395317067,32.0609638152125,0.179520169542147,2.78426674380425,26.5694428423341,4.85326220694327,4.80617564506268,1549.33207075684,235.791954191371,1881.69831739226,431.372304013023,116.367603875893,3399.80902463511,84384.631751887,14.9440442542804,3649.9008681368537,3944.945589087227,0,0,8.010806403716925e-07,0
2.21557934227057,32.0820138244018,0.176835771013281,2.50244269530014,26.7518298289179,4.78085414340389,4.80268457745131,1551.28364594377,232.74274236954,1885.09602375265,429.456751801336,116.549132313559,3401.06021783229,84430.8847611498,14.9393536828873,3650.421763902484,3943.8999670154276,0,0,7.996045914305705e-07,0
2.27228287378975,32.093660372723,0.17422744141355,2.25681196988668,26.9187826123842,4.68455900897296,4.80367796206948,1552.16038887784,229.591044613603,1887.16852609627,427.22484927465,116.639891318759,3399.9615601099,84491.5502205486,14.9346255849926,3650.570923554415,3943.008599097262,0,0,7.975610256796017e-07,0
2.33303142196468,32.0911543346306,0.171686529368439,2.04162266237667,27.0656365012014,4.56654782463671,4.80911734316758,1551.92892265158,226.335394568757,1887.86835271451,424.675980414736,116.637744858543,3396.44182489656,84489.6702014699,14.9298626212164,3648.0280813281825,3942.2083872777566,0,0,7.949512194125055e-07,0
2.39784046083615,32.0747637557367,0.169185645685004,1.8495412618989,27.1970520606604,4.43030599233258,4.81822909878705,1551.10748696622,223.026975425956,1887.82606610502,421.958798895447,116.582683429093,3391.62208957882,84342.1364329772,14.9250677432649,3640.6902459870885,3941.39390702325,0,0,7.920416926147527e-07,0
2.4662529949489,32.0500729763963,0.16669708299843,1.67357532010793,27.324347236026,4.2787488683946,4.82993511418522,1550.48103953753,219.738964193977,1888.00155909161,419.293882302585,116.53483486681,3387.1983100397,84126.7583515805,14.9202396499038,3631.450451085697,3940.5255816225613,0,0,7.892208819733469e-07,0
2.53806951459337,32.0244444771844,0.164202648614971,1.5093241570677,27.4578735030842,4.11355914929841,4.843394578102,1550.58289561914,216.517179964959,1889.0483552912,416.831905441144,116.534982875,3384.32146439039,83895.9192974173,14.9153772901892,3622.2586071875553,3939.604868733834,0,0,7.867637056973081e-07,0
2.61185807161258,32.0026052543075,0.161732657574727,1.35764883426746,27.6001311666832,3.93432097955369,4.85852583299055,1551.36988422455,213.355775239913,1890.91289472456,414.567614926736,116.579804387121,3382.900324399,83975.1994597167,14.9104706586252,3622.7930684845014,3938.670521431132,0,0,7.846507909262345e-07,0
2.68175488473281,31.9832945824535,0.159385482371782,1.22943033352378,27.735536850124,3.73841787206024,4.87662013935454,1551.87001657165,210.172454711686,1892.39525715071,412.254642718266,116.595133286358,3380.84720156138,84874.0597646542,14.9055051877857,3647.5355241676984,3937.8164801805046,0,0,7.82388453701019e-07,0
2.73936387224918,31.9564513790901,0.157240508870428,1.14396275512347,27.8215877181227,3.52985443760962,4.89960942976011,1549.84488254337,206.760129776276,1890.72762900245,409.3226582452,116.412000982687,3373.33698444395,86188.8212879552,14.9004983111176,3682.8355809554455,3937.0949605760648,0,0,7.788477256239094e-07,0
2.77511822256628,31.9073847417049,0.155342830027822,1.11606763583609,27.8138469277922,3.32220015195876,4.92816763022556,1543.31676720768,202.919076623301,1883.45241137195,405.280493135115,115.883389309505,3356.09272423161,87598.9518069934,14.8954616975335,3717.721419704951,3936.510008494197,0,0,7.730593906557442e-07,0
2.7823279053061,31.8255905284178,0.153763355240779,1.15113495630477,27.6947545432635,3.12934364679245,4.96133758577009,1532.23502292685,198.643325546229,1870.48027214813,400.149436376275,115.008722666198,3329.00367875113,89124.6812846192,14.8903954103881,3752.7635994295993,3936.000924881586,0,0,7.650548584884882e-07,0
2.75077579193161,31.7099012053547,0.152834028219362,1.27569912466218,27.4727259567894,2.95804565217101,4.99775909596852,1518.22191294178,194.174360766408,1853.78029014063,394.443038669643,113.912644679132,3295.66418740101,90910.0933124693,14.8852977352336,3793.4526816102025,3935.447307714017,0,0,7.55658995902304e-07,0
2.65643071394898,31.5688487461934,0.153243539059323,1.58387819935719,27.1693067599682,2.81162944307348,5.03609079030982,1503.2561408388,189.94688113642,1835.75492169618,388.9188719038,112.746034469077,3260.64170419708,92804.6855183082,14.8801710906916,3836.852333295065,3934.811580616863,0,0,7.45799351557389e-07,0
0.0108222147933944,31.4151293795386,0.264667969734683,2.5317425535279,27.0040520525172,2.17251281984674,5.13617265922155,1488.03985765738,186.299733563092,1817.19720866736,384.480436016696,111.502269019891,3225.96861771295,94718.3173608376,14.8750161889018,3881.0583771297415,3934.102538808975,0,0,7.364677350286183e-07,0
1.26257677884895e-11,31.2531230116175,0.616616056945311,4.65561454831114,27.2331648371369,0.424396837729307,5.37054837745636,1477.58264693778,184.137075675085,1803.93077759674,384.237088676198,110.493491829609,3203.48062520005,106023.489234792,14.8698516872015,4209.160083792438,3933.290948210038,3,2,3.5154033610272474e-06,3
1.7793910137279798e-12,31.130560947954,4.08159843639223,6.57363211934514,26.6089562065907,0.0085296508029844,5.47249046635133,1474.27561990683,183.448306140037,1798.98425864421,385.09918741957,110.108747194085,3196.19103892886,108434.265390689,14.8646351950199,4277.434686518631,3932.4765993438014,3,2,3.597859410728829e-06,3
5.68459378670258e-14,31.0827419710118,11.5138358665907,8.39511622232902,25.6650175039051,0.0009322606022616,5.53033744327511,1465.82454284379,183.711990048628,1787.4321316742,381.673647274739,109.336364891159,3176.87734849975,110868.676565245,14.8593910024005,4341.63408266711,3931.6568728580764,3,3,3.6315002283822468e-06,4
3.76644239968901e-16,31.1477686553736,20.0361998672634,10.1868975582455,24.6421529513393,0.0006879897808604,5.58901753263826,1452.88494535723,185.721754628415,1769.93052619517,376.14608393193,108.180973297353,3148.53354885824,113166.967887806,14.8541197622545,4398.281408303002,3930.815428736258,3,4,3.6376702183576343e-06,4
5.33179743192238e-19,31.3330516846975,28.3670608015382,11.9246367649783,23.5576162907505,0.0005457552707185,5.65151521202859,1436.04657679007,189.486271974937,1747.12132382177,369.970292133013,106.681874605195,3113.09537796309,114943.673206306,14.8488227792772,4436.836215489056,3930.0568722193607,3,4,3.635902563937466e-06,4
1.82026318848829e-22,31.6102563901948,35.9793427661303,13.5440259547151,22.4845712178474,0.0003712232770726,5.71407002965894,1417.7213172743,194.577786187604,1722.13389683027,364.033334490989,105.037499687645,3075.58478335252,115925.244585154,14.8435006907896,4450.9878834555675,3929.56479575911,3,4,3.6369617995209775e-06,4
8.52746746221022e-26,31.9339940915238,42.6619990410244,14.9591844862733,21.4887041416575,0.0002011158170566,5.77244008516298,1401.51819319088,200.486885202219,1699.70053282018,359.049541810152,103.544868899458,3043.2912191335,116535.741608172,14.8381518272139,4455.816253651491,3929.349332883135,3,4,3.646538790862228e-06,4
2.5779991517263498e-30,32.2726187476103,48.3513683153956,16.1309704478413,20.5924367104776,8.46700794508525e-05,5.82512513975717,1389.41124402927,206.91279929769,1682.43212141701,355.322289794876,102.367462078541,3020.15394273403,116901.838124521,14.8327760186997,4456.409361287618,3929.3774191951306,3,4,3.6639431224173676e-06,4
-3.0376524293857003e-32,32.6142140643766,53.12870097,17.077337327343,19.7897381326932,2.8529967250972e-05,5.87263147775584,1381.49891745091,213.760813905442,1670.45410586302,352.793101840679,101.514123370087,3006.26177954735,116682.81839007,14.8273749414475,4442.691486289914,3929.445497888893,3,4,3.684805478737603e-06,4
-7.26940072220364e-32,32.9436308293419,57.2092945728712,17.8281201376736,19.079407418142,6.32611916823516e-06,5.91517192756507,1377.81830720528,220.829897212606,1663.74583896183,351.419457888799,100.986218980856,3001.44894818275,115693.207870403,14.8219499569073,4409.132794303259,3929.256427464384,3,4,3.7061704185831104e-06,4
-4.91448089109147e-32,33.2317110302763,60.8951566846959,18.4083667013964,18.4680013398926,5.32487574931345e-07,5.95231075586743,1379.0081145649,227.725864044662,1663.02625636163,351.291162549635,100.832607455486,3006.64536440566,114513.086993864,14.8164996719035,4373.27979261134,3928.7856398566714,3,4,3.727099397485331e-06,4
-3.07173129375527e-32,33.4612169885744,64.4112403127424,18.848451932521,17.9474098428269,5.829823281881e-08,5.984425057991,1384.75703621999,234.198225014389,1667.87081593208,352.254181169376,101.029335209553,3020.93283333556,113312.252197554,14.8110239723625,4339.8695874465175,3928.07537701376,3,4,3.745591458423023e-06,4
-2.29709445684081e-32,33.6361843993707,67.8584721007071,19.1787462403975,17.4975171926582,1.11322325266039e-08,6.01262876848837,1393.76031347812,240.234308461041,1676.67595942269,353.935387807736,101.4760562973,3041.56257442543,111967.321623554,14.8055240394412,4304.326854244882,3927.2212209789427,3,4,3.759256312860107e-06,4
-2.0439265929621e-32,33.77024481277,71.2810538428972,19.4203026766796,17.1030326259338,2.3256471781270703e-09,6.03777050724514,1404.99906407715,245.935066916458,1688.22481318091,356.100823776939,102.094649928495,3066.5376895309,110400.210243431,14.8000011238341,4263.681921239723,3926.3459982168515,3,4,3.7674391170703665e-06,4
-1.91480643692097e-32,33.8777661950402,74.718061614683,19.5875060625117,16.7568671937366,5.10268864293343e-10,6.06022830730694,1418.15557059853,251.434774286217,1702.16877993627,358.72940099904,102.860760720757,3095.37148534102,108876.40068344,14.7944546277102,4225.643404447084,3925.4677080974593,3,4,3.770867963113833e-06,4
0.651183521575461,33.977111556532,56.4634710811161,19.8841429629125,16.5783688896852,0.314557103658186,6.06899794105747,1423.83645403331,255.280723788775,1707.68616802361,375.3707618264,103.170383054836,3117.75286278418,98252.4034944059,14.7888644246183,3919.628728314218,3924.6382311991583,0,2,1.0428697413454484e-06,0
0.815722524221796,34.0995291615556,33.6022683216531,20.116744136915,16.3726428411143,0.835200124987073,6.05752791248523,1416.76239104742,258.105856379398,1697.88597378971,391.992741976281,102.580178172068,3115.16338359317,97017.5836672419,14.783269649383,3883.905119949704,3923.732285422917,0,0,9.582221011018964e-07,0
0.853052394966442,34.214349217465,17.317525445305,20.332287802529,16.2616927798519,1.06693910611811,6.06743548538381,1412.4034394422,261.015835841416,1691.43366212119,404.412779059898,102.158624615084,3115.32455747858,95975.9749462108,14.7776514161145,3853.8806838652517,3922.6732659495206,0,0,8.687277778575117e-07,0
0.996493148112411,34.2985382516265,4.89640964051797,20.2778455031765,16.3079037068005,1.25286864320966,6.06442498455398,1415.54761980839,264.08216355656,1694.41753294748,415.570561729539,102.316643015325,3129.50606202426,95073.6591142834,14.7720103742926,3832.0427320047074,3921.454364297409,0,0,8.204190293957572e-07,0
1.3080123957296,34.3449140050041,1.71291902805297,19.7021277620078,16.4490573215186,1.5464128808297,6.01915159697589,1423.81893396938,266.97227486967,1704.01261690791,420.615278717418,102.903144726578,3150.08170849846,94288.3915213366,14.7663470357696,3814.423873271474,3920.099814507359,0,0,7.837356744248382e-07,0
1.47116811151809,34.3563816793642,1.09646672097051,18.9436178588742,16.6943799955221,1.81584021146543,5.96437094779251,1434.02266678368,269.474422873217,1716.255408987,424.756094044495,103.664329317431,3173.81866173891,93787.5235361579,14.7606601020952,3806.0973538382345,3918.6486484356337,0,0,7.619114721975075e-07,0
1.57490509787313,34.3382708233358,0.801236776021453,18.1739511267035,16.9923213716888,2.01567259479899,5.9151148532535,1443.90670929333,271.55079336366,1728.322330461,429.223040617804,104.417728536802,3197.0264048689,93736.5243909974,14.7549479844527,3811.055429902443,3917.1415014724057,0,0,7.491741641987164e-07,0
1.64435667623252,34.2924984598395,0.634002046011027,17.436480158458,17.2869517870327,2.15987218130077,5.87358177886387,1451.88429672414,273.212415555454,1738.21013833024,433.404714364068,105.038388367434,3216.23691408457,93867.3867016042,14.7492135761121,3820.159391344288,3915.598301935099,0,0,7.394113976910966e-07,0
1.69428328040856,34.2184139865263,0.529458934259198,16.740910019763,17.5486034947519,2.2645245085044,5.83952289091173,1457.21343464007,274.469202488966,1744.97085480517,436.818221510791,105.467846573197,3229.70373530677,94069.8641357887,14.7434585955339,3829.493919023989,3914.0267214815062,0,0,7.30480093936344e-07,0
1.73399534679667,34.1164024797236,0.45847871470008,16.0830265878054,17.7699891122149,2.34282335415947,5.81157979415055,1460.06241125826,275.34391667605,1748.7921666857,439.344666806432,105.717715417885,3237.67861442695,94192.9196785832,14.7376850658283,3834.645246279983,3912.4919962508498,0,0,7.222154573539865e-07,0
1.7686871652929,33.9887585097104,0.405958501634898,15.4548256240595,17.9574853131912,2.40544378512214,5.78790851532831,1461.24973863596,275.878857722893,1750.66597315924,441.160302602673,105.849209129909,3241.86275373831,94100.0016614451,14.7318948499272,3832.144941499235,3911.105338929184,0,0,7.150517442703221e-07,0
1.79965539461725,33.8381347792284,0.364181553583807,14.84918704019,18.1239490061071,2.45939106507901,5.76679863170076,1461.93209224036,276.146555767264,1751.99009760144,442.589715759556,105.948771119353,3244.7115046932,93977.5485406361,14.7260867701397,3828.3029594956965,3909.8809176417362,0,0,7.093761553237982e-07,0
1.82650817030171,33.6668746081583,0.330009565808504,14.2618935040775,18.2783354374116,2.50880626167424,5.74714528845,1462.88035954748,276.217337396723,1753.69000848004,443.85363327643,106.073560007481,3247.87446131078,93890.2317790146,14.7202606693452,3825.5669673318043,3908.8012466274686,0,0,7.050287217788127e-07,0
1.84838713769414,33.477579430883,0.303185106635721,13.693340098113,18.4212307053468,2.55596258108128,5.72857294014821,1464.12560742297,276.124475122032,1755.79707041309,444.961357709038,106.225119504921,3251.43513621016,93991.7275130016,14.7144155333185,3828.4816641148313,3907.875121871061,0,0,7.015316183492359e-07,0
1.86480097169274,33.2747536218497,0.284494319207653,13.1574838738045,18.5456102903759,2.60047399092715,5.71153004137105,1465.02243163926,275.866589843699,1757.52093348784,445.74432587909,106.354215197835,3254.05008480227,94428.7994915681,14.7085504867172,3840.9128626962356,3907.1422696195764,0,0,6.983411013839441e-07,0
1.8778685160874,33.0673577354328,0.27302775527077,12.6897230484024,18.6406187424586,2.64082649838454,5.69689550826519,1464.5044772629,275.414365082972,1757.55135055448,445.941808730048,106.380504184727,3253.48698116002,94957.1952664215,14.702668555943,3854.9362752917077,3906.6025892087023,0,0,6.947804085106236e-07,0
1.89081224556402,32.8656960722038,0.266001991272572,12.3252791280497,18.7013847682043,2.67582194543377,5.68519234527904,1461.93748989593,274.755211420238,1755.09860311182,445.431310810362,106.256304403443,3248.43199688487,95472.3577152683,14.696771374022,3867.053631418689,3906.2374430865534,0,0,6.905231322882492e-07,0
1.90494269267362,32.6761590913529,0.261542483152886,12.0761648987419,18.7317645198982,2.7053314087716,5.67626650089999,1457.49377489206,273.920862807655,1750.35899955226,444.305435947194,105.994084910217,3239.28204314534,95949.561199934,14.6908596922425,3876.6793012456956,3906.0201200372453,0,0,6.855275561926556e-07,0
1.9193400741348,32.501560295425,0.25947478095925,11.9395179875461,18.7409038214081,2.72904059011964,5.66968626024221,1451.79760458136,272.967269819264,1744.08886415416,442.779671658084,105.63942484227,3227.3997842889,96380.1292856379,14.6849340804917,3884.0183930179005,3905.9198168735197,0,0,6.796833430904098e-07,0
1.93215070255459,32.3447239343694,0.259932327168895,11.9190751238812,18.7407687597488,2.74382636624683,5.66532547581033,1445.55114859354,271.953503819249,1737.14763444583,441.122186669479,105.242690774793,3214.33751538364,96771.3781335832,14.6789949812282,3889.8166572274945,3905.9161285718055,0,0,6.732949344883036e-07,0
1.942268378602,32.2083484378442,0.26244993430863,12.020667106904,18.7415641167019,2.7461060733597,5.66322386298194,1439.25495562077,270.923540225226,1730.14901099756,439.554802363927,104.839308746931,3201.22208372435,97128.0421532509,14.67304286882,3894.6055013819846,3905.993638852536,0,0,6.670535953192711e-07,0
1.94853174042857,32.092769982276,0.266861465587636,12.2412088995204,18.746490603274,2.73332045616552,5.66357664031965,1433.00906771839,269.899590359848,1723.20923394033,438.164231659329,104.43559690074,3188.30771870432,97788.5165870326,14.6670758196373,3908.4073864039756,3906.133678921731,0,0,6.612092129547728e-07,0
1.95113796709751,31.9938562949227,0.273303217786378,12.5658780303401,18.7437716222003,2.70320444086733,5.66725162386536,1426.06583376279,268.85554515511,1715.38407802657,436.741171988953,103.974227225827,3173.98529049339,99068.5295903564,14.6610925723093,3939.9308634573867,3906.2972264085106,0,0,6.553194523096454e-07,0
1.95526472728722,31.9033551693045,0.281406989439228,12.9566739857788,18.7061603315261,2.65871689369421,5.67512789139241,1416.79704084189,267.679093563496,1704.6145551912,434.73731814058,103.331156744816,3154.65172557484,100478.011220498,14.6550975413289,3973.570815257724,3906.4519725293717,0,0,6.484708945228522e-07,0
1.96543717707227,31.8151395725078,0.291028020903789,13.3659878238226,18.6146321849908,2.60633794006699,5.68714747381497,1404.27931718297,266.290173823479,1689.70107010298,431.786959776894,102.435198393815,3128.18905688885,101840.885610491,14.6490924253593,4003.432433207081,3906.5820252618273,0,0,6.401590918392048e-07,0
1.98159348212985,31.7287557303889,0.302462339967235,13.7655658633695,18.4705109584147,2.54997820227836,5.7026096836988,1389.0693649166,264.747589608849,1671.29545038352,428.012848373409,101.327148529958,3095.75726033945,103187.501888978,14.6430774739254,4030.774918779873,3906.725763668542,0,0,6.308423425321917e-07,0
2.00143308523878,31.6480083549925,0.315496844113102,14.147530020691,18.2841335105561,2.49103115645415,5.72074509106966,1372.32256549454,263.208291231648,1650.83340336502,423.76323363158,100.095404273739,3059.92407749607,104552.708009895,14.6370529714112,4057.4669805377594,3906.96356418309,0,0,6.212823421091843e-07,0
2.0236884629563,31.5788134822932,0.329256712929136,14.5063777705746,18.0633229534696,2.43147277544702,5.74081468524407,1354.86475553854,261.840221556113,1629.38699820293,419.290124352554,98.8074865277345,3022.61384849386,105854.439269357,14.6310197499664,4081.743993100136,3907.300112877681,0,0,6.118130246679311e-07,0
2.04746959317737,31.5254395150601,0.343691674117453,14.8342351199125,17.8140142149354,2.37357090088204,5.76213792774455,1337.16240926891,260.747441343066,1607.58246878895,414.731583682578,97.5034344540181,2984.93824223326,107061.21248928,14.6249783721496,4103.056469634724,3907.7143473096517,0,0,6.025419924069456e-07,0
2.07285737622521,31.4888329202151,0.358244956518102,15.121810573558,17.5449349491712,2.32008812186611,5.7838546696662,1319.74611971646,259.967352839531,1586.08777110442,410.246029548099,96.2239351402576,2948.05737505283,107852.410761317,14.6189304268102,4112.420192763588,3908.1550718215335,0,0,5.937778213190859e-07,0
2.09974811976176,31.4711917701166,0.370624427443265,15.3486921114027,17.2744375509916,2.27490007163788,5.80443770458418,1303.853775335,259.560005446871,1566.39929789143,406.192974363625,95.0581933254746,2914.59025716708,108017.108055654,14.6128770210891,4104.547423246618,3908.569442723175,0,0,5.861309298888045e-07,0
2.12468374074518,31.4793190837318,0.379313859205811,15.4851286212307,17.0268583134866,2.23940652608418,5.82236147174881,1291.17284849762,259.644977857624,1550.53693081094,403.054253319635,94.1256761703737,2888.11045114296,107976.573124499,14.6068171320938,4092.9322599441043,3908.9548766321127,0,0,5.802476930223383e-07,0
2.14474516380657,31.5169907195567,0.384551441621027,15.5154483758082,16.814931687213,2.2126716596325,5.83705206341723,1282.35541261907,260.263730117256,1539.27034888318,401.010769366086,93.4706228669047,2869.98054231145,107832.517160556,14.6007509242261,4080.9913592989756,3909.3151926142145,0,0,5.76284930279603e-07,0
2.16062128327625,31.5796838493997,0.386126906861241,15.4431691555354,16.6388647251109,2.19451215807376,5.84851512854283,1276.9355751349,261.334044356371,1532.04332617483,399.924104401628,93.0590068089569,2859.17405537667,107452.825967748,14.5946794503147,4064.538031484537,3909.567537105808,0,0,5.739375228484414e-07,0
2.17448253818812,31.6513022160271,0.382560567060144,15.2786284401056,16.4983936263155,2.18598867103602,5.85658688283512,1274.41062773981,262.721629999195,1528.29732258875,399.648692081816,92.8583983297126,2854.59296517435,106766.714276264,14.5886036179604,4041.1706778268067,3909.573044312308,0,0,5.729036948030489e-07,0
2.18659160712833,31.7046961924326,0.373363518745877,15.0322554434304,16.3966619215489,2.18757327764775,5.86096554730874,1274.64261359139,264.287357119732,1527.94838040411,400.143939202429,92.8656218760519,2855.92654578516,106002.276422951,14.5825232200634,4017.473548613637,3909.325500899913,0,0,5.730652406686841e-07,0
2.19598289310906,31.7207952672077,0.360460038519494,14.7152324063055,16.3334487452443,2.19861111042499,5.86170248151758,1277.34734652179,265.92397849215,1530.70684442292,401.321053890301,93.0641007313297,2862.55178734277,105245.039839123,14.5764384914534,3995.7518372492937,3908.8600750593073,0,0,5.742304340147029e-07,0
2.20303028672187,31.6987700007702,0.346024615932555,14.3386232956461,16.3044959082879,2.21910386740005,5.85902568411148,1281.98270345064,267.561182779283,1535.91990193856,403.013208028589,93.4142187834807,2873.28480818314,104290.709939281,14.5703509115448,3969.6647304795574,3908.282702454555,0,0,5.760771109197367e-07,0
2.2078879024911,31.6539818810792,0.331700424869949,13.9132938976528,16.3096896131534,2.24972462068714,5.85288704000806,1288.36451736049,269.15507734641,1543.34356571231,405.168533232858,93.9007569689284,2887.68965188922,103053.202211564,14.5642616728852,3936.569473238947,3907.7633389443376,0,0,5.784554005929021e-07,0
2.20751366880803,31.6126544578999,0.319055573813785,13.4539055733244,16.3534176400386,2.28787175271812,5.8434738347359,1296.72341972806,270.661280639598,1553.22625067158,407.874315949828,94.5378862210599,2906.19513204804,102056.114293753,14.5581689514719,3911.8678942323004,3907.4029784160703,0,0,5.814273629375975e-07,0
2.20108681882824,31.5910794198478,0.308548250224828,12.973897400955,16.4301272804398,2.32881066654313,5.83178490451776,1306.56360787949,271.959529630638,1564.93709627454,410.991122745,95.2861380970098,2927.65100074539,101419.316701265,14.5520723683912,3898.667954717669,3907.2628866787177,0,0,5.847402084872147e-07,0
2.19178798896013,31.5858328985117,0.299858378233874,12.4790429539414,16.522976913479,2.36939654629667,5.81917417105289,1316.55530598707,272.868178209499,1576.84975141594,414.108538250874,96.0459268852199,2949.12098657062,101027.660638801,14.5459728605836,3892.646100181479,3907.357145691127,0,0,5.877778619516994e-07,0
2.18344727659463,31.5784930567501,0.292676142867788,11.9652910505075,16.6155230588758,2.40821516549807,5.80672924947407,1325.49664434622,273.292279531104,1587.51653795527,416.852292600817,96.7288894526468,2968.02272818804,100766.622773739,14.5398715476259,3889.6144541068134,3907.6657096728227,0,0,5.900111439871443e-07,0
2.17758061616102,31.5419989002232,0.287019174263565,11.4212105344286,16.6983954011918,2.44324619167019,5.79526769219743,1332.82618690964,273.323870944101,1596.2865759487,419.059316597899,97.2949870904458,2983.28327813534,100764.260162588,14.5337682228833,3892.9303460817264,3908.218250360349,0,0,5.912381625325997e-07,0
2.17493513596695,31.4539538873978,0.282812068867016,10.8398016509408,16.7643177694872,2.47163836673819,5.7856296715552,1338.20655092314,273.080508773703,1602.77596600447,420.642752785907,97.7202234923893,2994.3178244811,101053.105658409,14.5276632425072,3903.3308369395268,3909.0607620505702,0,0,5.913817367537468e-07,0
2.17736336402444,31.3036544604347,0.279600438763377,10.2243204746581,16.8048110058714,2.49211000260335,5.77849553347644,1341.24664809373,272.558655384473,1606.5184516526,421.490010747788,97.9757677860519,3000.31639585591,101431.633557133,14.52155837333,3914.6885109005498,3910.212420835212,0,0,5.903482922832245e-07,0
2.18701332258968,31.0832669076945,0.276480649915797,9.58626290103948,16.8160583758701,2.50683592190352,5.77377618749524,1341.9691019891,271.677572295707,1607.5436475735,421.595734183395,98.0633878072127,3001.26051322331,101580.000420954,14.5154559778227,3917.7171239892145,3911.6291176869677,0,0,5.882328986011771e-07,0
2.20276189027185,30.7795462974852,0.272968174298664,8.94407906508995,16.8045060529118,2.51922855876279,5.77060414397225,1341.27938170389,270.399899644424,1606.952840253,421.207283393712,98.0502178856823,2999.00335039507,101614.41256236,14.509355990441,3916.410793457315,3913.256236075757,0,0,5.855174542724262e-07,0
2.22169052181524,30.3872989510916,0.269212437971013,8.3150181232974,16.7800136166381,2.53117267745616,5.76813754769394,1340.31224497955,268.781380475486,1606.11762321316,420.648272833057,98.0197621864884,2995.94413363673,101581.230382584,14.5032586996,3912.9028457910185,3915.038635620194,0,0,5.827712485748953e-07,0
2.24183438764957,29.9193887564293,0.265397514861634,7.7083796303219,16.7496597666515,2.5428302693228,5.76597074558569,1339.74461329819,266.925688490179,1605.84267437463,420.125988924366,98.0210959445812,2993.56258070111,101464.658640247,14.4971647518824,3907.216034127289,3916.908958677251,0,0,5.803377086576529e-07,0
2.26276681704817,29.4029815996028,0.261532165155058,7.12519271269932,16.7180347403872,2.55387922034415,5.76393193904338,1339.81367260626,264.927174353609,1606.37900390458,419.725392929772,98.070288833142,2992.39919268199,101212.266365054,14.4910750166959,3898.001917429958,3918.7774157411054,0,0,5.783269850861825e-07,0
2.28464644534922,28.8726734871389,0.25759991546788,6.56069736209343,16.6896532595594,2.5644091807447,5.761789795951,1340.70093902262,262.867417864413,1607.88363629607,419.507586929588,98.1788031388188,2992.83994611654,100801.20215578,14.4849902373532,3884.716236615059,3920.5803334509947,0,0,5.767883022792194e-07,0
2.3074752649081,28.356761947789,0.253625753988842,6.01085756214939,16.670079370615,2.57456904396415,5.75923269507599,1342.6848312505,260.824530799531,1610.64763169553,419.558281796326,98.3658433203749,2995.48349381017,100229.919531097,14.478911073276,3867.5041459449217,3922.2858473607976,0,0,5.757976526498623e-07,0
2.3307762892403,27.8689964819381,0.249642661119822,5.4768058375228,16.6648413282605,2.58368885830561,5.75605912750742,1346.03065978392,258.862930044778,1614.99334001084,419.962033383495,98.6508680483147,3000.93608990367,99600.3724316668,14.472837575186,3849.517041837396,3923.9016841442735,0,0,5.754303307734926e-07,0
2.35418714850215,27.4083688979139,0.245641572893638,4.96646019944143,16.6760220820143,2.59034680587038,5.75235380882963,1350.74163025002,256.98655585401,1620.96942181705,420.724256950405,99.0352501157624,3009.25141790709,99009.7872460635,14.4667697138424,3833.593960078334,3925.4584991754946,0,0,5.756559611602142e-07,0
2.37838591199575,26.9636389138476,0.241562049360452,4.49326742080085,16.7011505723164,2.59410492887612,5.74829956162673,1356.49062052239,255.114240642099,1628.25408202267,421.744096616723,99.4972701788088,3019.75292265498,98343.5693686682,14.4607087981091,3816.213865980911,3926.937945120575,0,0,5.763072390403431e-07,0
2.40364501691984,26.5275069281261,0.237405775105403,4.06697940475245,16.7383908102697,2.59528008149018,5.74393910011954,1363.04501650034,253.180689013146,1636.62107038111,422.945035820741,100.021597686963,3031.95337515666,97577.9225671369,14.4546556840051,3796.543538000169,3928.3058490495846,0,0,5.772555182431734e-07,0
2.42948021914059,26.1036445892132,0.233218107562719,3.68791818567555,16.7889201745864,2.59362907797291,5.73924392020388,1370.46156903196,251.198986036979,1646.14672515819,424.338104970759,100.612190841047,3045.98416607094,96729.1145107607,14.4486109746296,3775.0977809719775,3929.4927313419225,0,0,5.784901322628047e-07,0
2.45527187542441,25.702023230944,0.229065615687168,3.34869597693673,16.8546413522424,2.58779410166928,5.73431713048413,1378.88813875641,249.216893163683,1656.98726275454,425.963561620316,101.278211863104,3062.16530014562,95880.1383102349,14.4425747098123,3754.3722211141053,3930.39845838077,0,0,5.80037466724666e-07,0
2.48129427232651,25.331326735517,0.224997844857639,3.03807056798122,16.9348579527492,2.57540757194318,5.72955316613743,1388.29053006568,247.249808007,1669.07515432204,427.807712545278,102.014983700882,3080.40935606361,95107.8160445415,14.4365467881744,3736.5487912522585,3931.0060383670807,0,0,5.818506646939295e-07,0
2.50903053925383,24.9937112891653,0.221036209756181,2.74779244987745,17.0251087526174,2.55391816451629,5.72557899847631,1398.35439187433,245.262365395746,1682.01226094261,429.771927104117,102.797375675553,3100.01318724755,94428.9541768202,14.4305274905018,3721.877372803751,3931.3462601656793,0,0,5.837732492426767e-07,0
2.54045824784197,24.6857564728228,0.217175169908212,2.4760619484029,17.1193052102263,2.52183001318268,5.72295895644561,1408.64789075889,243.200000771045,1695.2669734272,431.722148702336,103.592115485117,3120.02218137456,93763.7334888219,14.4245180516072,3707.7407550306434,3931.4915923538556,0,0,5.856126214956157e-07,0
2.57658599246816,24.4047389353885,0.213396454027445,2.22768517072827,17.2140071984441,2.47961197704664,5.72182994415935,1418.94730955849,241.040813654544,1708.56877703972,433.589668306787,104.382178869822,3139.95161254986,92978.577924887,14.418520534625,3690.129559890433,3931.546449476735,0,0,5.872799842249924e-07,0
2.61478898474808,24.1536933272024,0.209718068649518,2.01351135803668,17.3112944336669,2.42918546155107,5.72181380837765,1429.46117270998,238.831050329804,1722.17916715375,435.441792255358,105.183431099339,3160.28304846411,92130.471464976,14.4125352389465,3670.8471787438007,3931.5387108002524,0,0,5.8887960940609e-07,0
2.65009893182474,23.9377479057369,0.206165139580987,1.84117695787234,17.4153250783626,2.37367346820942,5.72224057238603,1440.55153434277,236.640871033794,1736.5437782946,437.393560947891,106.023464917253,3181.83639911587,91253.9760696749,14.4065625530088,3651.1567713995178,3931.451077279298,0,0,5.905796620291085e-07,0
2.67838556480753,23.7592078781007,0.20277679736673,1.70882116735149,17.5283180591493,2.31641638785861,5.72251333885179,1452.40690488471,234.511807533749,1751.88641385456,439.505761540452,106.916660134771,3205.03544613427,90447.1298524601,14.4006018472618,3634.017627721047,3931.2675627925687,0,0,5.924678751354531e-07,0
2.69794991753128,23.6173634016644,0.199601667923885,1.60822898209287,17.6482418014869,2.25929236937797,5.72248197932168,1464.87011933116,232.436397249291,1767.99199111232,441.734699461708,107.85071849009,3229.52546961833,89875.8703968091,14.3946508948101,3624.084673515671,3930.9986440985977,0,0,5.944783311462061e-07,0
2.71085406038355,23.5105832888916,0.196634142852565,1.5290309113209,17.7674718433603,2.20325290233014,5.72244586134301,1477.32487153461,230.348539294409,1784.06389791851,443.898000998884,108.778086524403,3253.92404175368,89484.2324953366,14.388710370231,3619.285177422402,3930.674304656097,0,0,5.966727024821057e-07,0
2.72096304770972,23.436470928716,0.19383185412941,1.46249784141125,17.8767118411567,2.14912605978193,5.72281102045465,1489.0214939021,228.16411711606,1799.14333296925,445.772404377497,109.641374787682,3276.55555289133,89226.7415395302,14.3827812151555,3617.7571947521214,3930.3324949810735,0,0,6.066617689192663e-07,0
2.73114263253054,23.3908488147792,0.191149139932952,1.40357463088843,17.9693212163037,2.09746926778233,5.72385582378412,1499.44600753086,225.826603318267,1812.58346680268,447.204535689851,110.401946610116,3296.2820040697,89107.0764670209,14.3768637331173,3619.2319774395082,3930.032535565566,0,0,6.348739378959908e-07,0
2.74277065323764,23.3677590826097,0.188594654449744,1.34905036690944,18.0413631451892,2.04782893715685,5.72584343672885,1508.27441509856,223.305176697169,1823.9985348379,448.103760301726,111.036722449261,3312.41423723347,89196.1352057199,14.3709571661358,3625.5230316025936,3929.874543749061,0,0,6.78360766092801e-07,0
2.75878482566985,23.3599127711374,0.186184964071997,1.29442319640362,18.0883161138249,1.99822378665278,5.72930844620808,1514.30972174988,220.455377765557,1831.9673165875,448.140364414171,111.459354426678,3322.38892438078,89531.0702803119,14.3650615332276,3636.8785450034225,3929.9310863940373,0,0,7.217258189692984e-07,0
2.78453311858542,23.3595167578342,0.183942656389532,1.23591970173741,18.1027719912007,1.945762114094,5.73509357923773,1515.80919727849,217.076073197794,1834.40598999813,446.834771658604,111.543098429955,3322.46711413031,90117.4849956114,14.3591777900098,3652.264850078991,3930.2436514241563,0,0,7.476844011685716e-07,0
2.81977448432212,23.3589533906593,0.182049043838286,1.17575889667834,18.0754768041798,1.88615171734571,5.74434394258883,1512.61811049198,213.203364388332,1831.13417409436,444.173390441681,111.277011857011,3312.37917883939,91241.1993011929,14.3533034743727,3679.7974174873325,3930.8374467262693,0,0,7.538101189205963e-07,0
2.85433617747851,23.3486026302128,0.180851688921589,1.13230428547063,17.9901479009158,1.81650840825595,5.75841242664424,1505.12686344732,208.971619353981,1822.61537213814,440.311144229657,110.690073831291,3293.0557544814,93216.4372476419,14.3474381335561,3728.775180676503,3931.683693148236,0,0,7.466970652548389e-07,0
2.86890730853235,23.3145265708976,0.180713305189092,1.14644108322999,17.8208642401056,1.74521167163564,5.7776216392561,1492.95339959521,204.450680370155,1808.3840466714,435.200447536064,109.757614236054,3263.79212031931,95581.4209536763,14.3415908825493,3785.7077497981145,3932.7552782403473,0,0,7.342103482297353e-07,0
2.84466502527976,23.2446122693805,0.181989590898964,1.25809199017916,17.5497855430877,1.69061577793587,5.80043686356603,1475.76934270537,199.709253790931,1788.05397926911,428.823727211887,108.462169797198,3224.01900076857,98119.041879903,14.3357648243553,3844.1911542727566,3934.072671308762,0,0,7.205984624656958e-07,0
2.778253658209,23.1332097301522,0.18590890586578,1.49345317139628,17.1748524437875,1.66173828268308,5.82576861483333,1453.93566089021,195.098963565482,1762.02529346651,421.34279339247,106.829839027132,3174.75223382855,101482.204967591,14.3299564845695,3923.2393321182994,3935.8484601909354,0,0,7.020552836924253e-07,0
2.67482851474636,22.9736766941934,0.198725104785996,1.92096648821202,16.6884398781064,1.65077843634737,5.85544851746774,1426.03528281798,192.54210203476,1728.17855488321,412.356245272217,104.71478050075,3114.08678041964,106246.789957912,14.3241658751648,4038.4572369948137,3938.4005909761922,0,0,6.671497916593808e-07,0
2.54520502697513,22.7548782153912,0.234827301771029,2.70883668981169,16.073456619879,1.64723130290807,5.89272350714981,1389.22944158126,194.967723221066,1682.38691487611,401.152869945552,101.838561945346,3037.69052014442,111287.048969313,14.318399451977,4155.7932964665715,3941.722892675895,0,0,6.194808283742532e-07,0
0.0103802796579447,22.4766246601446,0.577119251144681,4.32522802405046,15.5201597151309,1.14272517947203,5.9979864726596,1342.93965047088,201.49057507337,1623.88390236136,388.21334990376,98.1045374031965,2943.97634496768,116169.039389242,14.3126574446229,4262.517181923229,3945.6964218924945,0,0,5.706283198861729e-07,0
3.65330042350015e-13,22.1609019625567,4.35073119461181,6.93554720642133,14.9951302580823,0.0358817946019182,6.18547318263604,1300.78314900245,209.795726790168,1569.40886644106,377.279202873386,94.5684540039058,2859.7140475918,130238.388269277,14.3069493827813,4635.170120331173,3950.1340264397727,2,1,3.239875640630307e-06,1
6.83297498409687e-15,21.8648470920791,13.109852678407,9.05578573499698,13.9055520551569,0.0008734587029782,6.25088992851095,1276.97059381364,216.371648492621,1537.81870331014,367.742310503921,92.5313787288837,2810.73901665126,134951.812120658,14.3012526440969,4750.938572315377,3955.0663585834886,3,2,3.40257714404529e-06,3
7.4089377517515e-18,21.5267079386548,21.7836957297679,10.9404087104113,12.8431945946217,4.44767609120885e-05,6.30791497264359,1247.71185998451,220.291398630244,1499.98944792527,356.234794616462,90.1333424622955,2748.55351050786,138944.336761495,14.2955799413914,4841.942088162678,3960.277900307401,3,3,3.520293156311718e-06,4
-3.80454308506858e-18,21.1473446891096,29.2409629163651,12.5516058533363,11.7824859123674,1.64125423760446e-05,6.36586858714321,1215.2340785268,223.651013270793,1458.19654944885,344.639011729953,87.4847260789316,2679.68040257527,142040.487069542,14.2899312739504,4905.275405151014,3965.5590877745676,3,4,3.588020996723426e-06,4
-1.7716968541969702e-17,20.769872615647,35.4259761045712,13.8657501924516,10.8100180148135,6.1999526829413e-06,6.41987429284559,1187.31209493228,227.705030128025,1421.83107305194,335.206383446859,85.1514554278876,2621.22093870072,143028.802259973,14.2843081097425,4911.77578222813,3970.5063749281,3,4,3.6400115715001264e-06,4
-1.45422550872189e-17,20.4476040486714,40.6009571023124,14.9007146450684,10.0006122169043,2.29156289781147e-06,6.46515757906083,1169.25909667407,232.7737151323,1397.42420516533,329.130059462747,83.5398897618081,2584.37202048309,141841.225907682,14.2787107432498,4863.1124962113745,3974.7993396443057,3,4,3.6898626640711153e-06,4
-9.410395544286519e-18,20.2175644512306,44.9478494990126,15.6990977755985,9.37133515367872,7.3998069557537e-07,6.50070455517317,1162.72566919444,238.922134057335,1387.01742666352,326.619912240915,82.7832383887961,2572.50745448393,140177.984904019,14.2731376460087,4808.926616367913,3978.4775725892687,3,4,3.7394532093834822e-06,4
-6.68786897048252e-18,20.0750799810712,48.6495790775495,16.3147310892251,8.8853947050679,1.35574101776051e-07,6.52863897566581,1164.92634929315,245.849467082386,1387.21430848903,326.678801689503,82.6770147858502,2579.46725157562,138356.190264083,14.2675889536839,4756.269958987151,3981.601120481973,3,4,3.784201819747823e-06,4
-5.4742090429676e-18,19.9944077725018,51.9192712822022,16.7844229683347,8.49934280456443,1.34856895743318e-08,6.55138798486333,1172.83122981841,253.124456640381,1394.33608004271,328.301014490192,82.995828885813,2598.53159255871,135683.416156364,14.2620662858514,4683.234944253945,3984.1067815024307,3,4,3.821908161985812e-06,4
-4.7237969637546396e-18,19.9443258671432,55.0136423578915,17.1053481047198,8.19241829200935,1.27465537730485e-09,6.57009432479307,1186.07177101077,260.422874187134,1407.99880231942,331.342355521882,83.7150373074709,2628.72591349247,132202.494112086,14.2565705076082,4590.791637047833,3985.9990611143535,3,4,3.854991082828983e-06,4
-4.08231165527829e-18,19.8893214983119,58.1902811134628,17.2548716402282,7.95261387531853,1.80225539631306e-10,6.58539936406123,1205.18683291892,267.532357905602,1428.94069458172,336.001538998661,84.8788503603579,2671.11982837015,129135.386398089,14.2511003099668,4514.186689596498,3987.466841291282,3,4,3.8857186899821045e-06,4
-3.51196301678906e-18,19.8070231134747,61.561478530325,17.2435434567921,7.75614185074546,4.1500732540540094e-11,6.59855091186185,1228.58105877753,274.289706410257,1455.23728759194,341.872312838821,86.369585279918,2722.30921139915,126654.324719812,14.2456556138757,4457.241881357822,3988.689469352858,3,4,3.912065975963687e-06,4
-3.02575657155482e-18,19.691035777714,65.0903901762832,17.1072137756542,7.5756662374804,1.24844957247571e-11,6.61096277785875,1253.0287217016,280.469347024819,1482.94841520824,348.064415683858,87.9482664413717,2775.40305186812,125068.435381652,14.2402358557642,4426.53905161965,3989.962513075512,4,4,3.928188495597746e-06,4
-2.61964203784207e-18,19.5433239355412,68.601426571735,16.8760717478234,7.38755974856162,3.59494075596999e-12,6.62381637708747,1274.19156237891,285.583651214244,1506.81990838039,353.362883072082,89.2993549140055,2821.03077177435,124479.824054317,14.234840861139,4421.981507028533,3991.611467094146,4,4,3.922417123003429e-06,4
-2.2781387729954797e-18,19.3707678782018,71.8181302698635,16.5630984966592,7.1749424675792,9.867267064636609e-13,6.63791147020479,1288.89050170998,289.223195399064,1523.01724170689,356.875939638755,90.1943799852899,2852.30239173195,124423.179464683,14.2294720667944,4428.113396385327,3993.7205295101685,3,4,3.890361260814261e-06,4
0.863234267038789,19.1707326514275,55.1293261329085,16.3317506280117,7.0209626718568,0.31472452271294,6.63909937140177,1282.33043452467,288.664056401943,1514.47732709903,368.327400369505,89.6609267622298,2845.64926864533,115580.964505351,14.2241188961482,4175.174366546124,3996.3824632417513,0,2,1.1717056285943044e-06,0
1.21384442388421,18.9120502874522,35.8704603662126,15.9132262670192,6.78318137991498,0.799578928042765,6.62219163990461,1248.35706784676,283.668086485932,1473.38218262201,373.12686371431,87.2156289453299,2780.03853293641,116255.860603282,14.2188051067974,4174.791796522392,3999.4125327893835,0,0,9.289477290144941e-07,0
1.31046967919734,18.6443914461956,21.3554973334721,15.4492859206443,6.64499598726789,0.995528328968637,6.62890826944485,1217.12070790406,278.811283965224,1435.66281416041,374.934370897153,84.9482708535767,2717.99458144558,116951.742171758,14.2135203108815,4175.447394136763,4002.7621860213785,0,0,7.254416286119249e-07,0
1.45061252003338,18.4103057683715,8.93205072932371,14.8598138420086,6.63910188871332,1.10352530248488,6.63425069019762,1196.71643783604,275.278475933911,1411.22328107892,378.253112299333,83.4784557456971,2678.66788492842,117654.113490567,14.2082650246906,4183.209163839084,4006.42016968632,0,0,6.189574770591662e-07,0
1.73996947082452,18.2276612167987,3.10083542816058,14.0567606626628,6.68790353869973,1.2155367581511,6.62127092484659,1183.19461843206,272.546045217782,1395.33304784471,378.835773644406,82.5315132853274,2651.64191589315,118332.57297662,14.2030397764034,4193.366583221868,4010.367489581636,0,0,5.614495156983867e-07,0
1.95031149806945,18.0886193858222,2.08551167729468,13.1819069566648,6.73665035836937,1.32250558166509,6.59932392960596,1172.45562921913,270.088218496242,1382.96597526825,377.458161465569,81.8043490579968,2629.10790566412,118773.340769874,14.1978454104578,4197.761933760871,4014.4473289558305,0,0,5.233209178477864e-07,0
2.044290278277,17.951992549921,1.81882011005377,12.4208816826855,6.77276519871826,1.38941382551575,6.58329351574416,1163.02419174056,267.70437621714,1372.23596032316,376.994411819453,81.1775185166673,2609.72506251174,118950.124261577,14.1926824118425,4195.839035645485,4018.4554915156536,0,0,4.976414959102294e-07,0
2.0869511855539,17.7452915035163,1.76404960355106,11.8129288593069,6.79159246369427,1.42460083459533,6.57369961457308,1154.87831234089,265.341765201011,1362.99926246037,377.499871647005,80.6404616939138,2593.33136016011,119104.055968318,14.1875508020255,4194.375736584908,4022.353578445244,0,0,4.774597647705832e-07,0
2.10023270380541,17.4274734653112,1.80839805719154,11.3601467075744,6.79675086981314,1.43884396649989,6.56900334124614,1147.95144930873,262.964558972464,1355.11738020887,378.688446122429,80.1843675125655,2579.54549657083,119247.059290198,14.1824510116758,4193.51520534201,4026.1454668443894,0,0,4.599372074378516e-07,0
2.09647220051115,17.0110324980986,1.90485920822288,11.0436818089137,6.79068522878651,1.43878107248764,6.56795090706419,1141.84463495963,260.557396735281,1348.11775788666,380.217214797996,79.7807578530092,2567.39918592895,119768.633793079,14.1773828396821,4203.9382124300255,4029.9922685751194,0,0,4.440710923214192e-07,0
2.08439390246874,16.5406791226466,2.02791631990656,10.833980717011,6.76933256049898,1.42718712745645,6.57002090581128,1135.47536528165,258.089430723608,1340.69745869465,381.573595138044,79.3518572060732,2554.50492726541,120966.020189305,14.1723463105428,4233.2482780486835,4034.170428330843,0,0,4.2932815840354125e-07,0
2.07542684722345,16.0746566018682,2.15062447092495,10.6949604120028,6.72354098041315,1.40730178447992,6.57486099035823,1127.2569342293,255.573953926442,1330.88576240213,382.088929066586,78.7801936064186,2537.39863245498,122413.323330479,14.1673426687254,4268.188146577655,4038.7525656962803,0,0,4.149835953813272e-07,0
2.07538946199006,15.6454171955618,2.26653774620671,10.6019347294884,6.64909912738595,1.38251514295192,6.58197646095256,1116.46825906561,253.185997372153,1317.73916886217,381.421515126314,78.0082898527422,2514.56318687782,124052.71166874,14.162372513976,4306.568633240991,4043.7629997161675,0,0,4.003777965680183e-07,0
2.08375232908204,15.247761350889,2.38269759320921,10.5467853910688,6.54812087353736,1.35461973206014,6.59094130473014,1103.27827614459,251.089876732532,1301.43364275282,379.61448191718,77.044772641693,2486.44082127724,125847.117417479,14.1574363794673,4347.456834231152,4049.1689910715454,0,0,3.8530980111452666e-07,0
2.09808167857319,14.8572925884901,2.51299531335864,10.5247577184903,6.42517258205118,1.32489111385637,6.60137418266947,1088.09925245094,249.233985194204,1282.52787491574,376.870551370673,75.9214550080634,2453.95607860253,127632.602931621,14.1525349250944,4386.539377333784,4054.85260059902,0,0,3.7032175438511333e-07,0
2.11495900462149,14.4489469349701,2.67457250811131,10.5271230839086,6.28626094236273,1.29416866556953,6.61292865938905,1071.49721438679,247.420578241096,1261.84813748812,373.487311921523,74.6859966192552,2418.35168282313,129359.121569024,14.1476686235607,4422.871242806117,4060.7685898439618,0,0,3.5605303692757844e-07,0
2.13284478148192,14.0168944228946,2.8676723901881,10.544270237811,6.13745304062559,1.26302695418064,6.62523593410071,1054.09796113625,245.466589388349,1240.26356810873,369.755622742089,73.3902566506007,2380.96463210546,130999.140217713,14.1428379062777,4456.164795880948,4066.9051644737774,0,0,3.4282813911983794e-07,0
2.15042783380836,13.5728204341357,3.09335546556667,10.5731704378458,5.98294149726953,1.23135605842152,6.63801180248984,1036.37962949858,243.324451927051,1218.36801448945,365.852164568162,72.071333041972,2342.79281004395,132813.812685957,14.1380429186101,4494.144249373577,4073.3370910167755,0,0,3.307501166953807e-07,0
2.16662789781249,13.134643168825,3.36659729203643,10.6454728397629,5.82280164021881,1.19869868634518,6.6512035594341,1018.27186012594,241.046902189976,1196.00735709873,361.741869234829,70.7230277476674,2303.65749534434,134856.464973536,14.1332840563717,4538.239861039643,4080.151897975336,0,0,3.1969092475997965e-07,0
2.18276149282635,12.7225842484664,3.69894705359382,10.8255482750669,5.65613491658729,1.16613671595925,6.66465976274468,999.53711583987,238.683744817806,1172.80030847999,357.353414238847,69.32767123542,2263.01551450718,136717.230174403,14.1285621110259,4576.67615334222,4087.306684393197,0,0,3.0945007656205233e-07,0
2.19975151395933,12.3492870408399,4.08618122073297,11.1300184453207,5.48678899169031,1.13527681493758,6.67796311451221,980.688301836677,236.306597811635,1149.3367768432,352.882481621275,67.9234914283416,2221.9891045873,138336.982292433,14.1238775058136,4608.149568280411,4094.739435090056,0,0,3.000923189019613e-07,0
2.21587008279409,12.0188112748587,4.52204181858332,11.5157023435422,5.31969102175645,1.10585800965957,6.6908617411458,962.462794271201,234.022274147594,1126.53196573653,348.583238977101,66.5642828988487,2182.23757423414,140147.38481413,14.1192302894957,4645.388280847854,4102.41631940718,0,0,2.9178426784324073e-07,0
2.23306713546132,11.7464435192082,4.96505544313653,11.8910058442553,5.15383087730843,1.07685746945461,6.70340386087654,944.680592768301,231.917685785729,1104.19493331279,344.359328872615,65.2375992676008,2143.44987704848,142248.334697686,14.1146208160608,4691.087434659433,4110.240867023867,0,0,2.84432611972934e-07,0
2.25866863280934,11.5631910993224,5.3250879253965,12.1396287418228,4.98590099777935,1.04898619651831,6.71549494353052,926.788102185554,230.08174485265,1081.6778422149,339.971434919064,63.9056022037106,2104.51569449506,144140.211181922,14.1100498425415,4730.753812363019,4118.128189910381,0,0,2.778335461277311e-07,0
2.29328614679521,11.4764240111676,5.57979156155387,12.2259599153078,4.81823054547747,1.02325626406955,6.72688218481356,909.152978858211,228.591019662161,1059.44319262873,335.542131456691,62.5958165682032,2066.28355715791,145788.408225166,14.1055177590367,4763.6855686404415,4126.047493404479,0,0,2.7199369866006235e-07,0
2.33149667101908,11.4649395498465,5.76050543589845,12.1857486511161,4.65540334231864,0.999493488348944,6.73748993551246,892.504250579421,227.439231394041,1038.37585486852,331.361637315317,61.3594874646906,2030.31364420421,147349.629384118,14.1010248388367,4794.828797590986,4134.006387975428,0,0,2.6698362505404477e-07,0
2.3709269299718,11.4923898239228,5.85732905268137,12.0366186507873,4.49916480910902,0.977411689881169,6.74735122216506,877.141256573833,226.433782287303,1018.79752810764,327.545627350592,60.2143432543959,1997.0614056201,148789.113656506,14.0965714790478,4823.369753500338,4141.984541860455,0,0,2.6275664519464045e-07,0
2.41337343374079,11.5215190925553,5.81900920553921,11.7618861179974,4.35006620502425,0.957434111157204,6.75638551691084,863.213847431064,225.295109926807,1000.81497776341,324.117933541307,59.1657962949384,1966.54496081824,149907.350502529,14.0921581598697,4843.702115770945,4149.921605638276,0,0,2.5924015371618225e-07,0
2.45832697116716,11.5413648620602,5.65758335368897,11.3713474397241,4.21020492960637,0.939994461800699,6.76446425788566,851.076736418358,224.028474385087,984.838215897052,321.200782288124,58.2374449387195,1939.49854460548,150699.470874494,14.0877852449994,4855.932905907913,4157.764068516121,0,0,2.5643819328879545e-07,0
2.5047222720124,11.5592110845566,5.41104599494063,10.9013811693523,4.08291089264281,0.926057459449317,6.77142446678003,841.157542987598,222.834896573163,971.453918035409,319.004660097625,57.4629568610101,1917.07919228397,150727.861379737,14.0834533192515,4848.126639328068,4165.427677334501,0,0,2.544076996519834e-07,0
2.54994499658116,11.5837457445075,5.10908934674837,10.385954497503,3.97398963527302,0.916778103244932,6.77700424584967,834.177096189472,221.867444334012,961.806101603563,317.911633605516,56.9060451554359,1901.26033998598,149920.548425256,14.0791627828133,4818.971536129862,4172.869595177035,0,0,2.5333986606131476e-07,0
2.58850117185402,11.6201625616301,4.78782364933863,9.84819955405206,3.88811273301565,0.91184304445901,6.78112587658237,830.610098790117,221.139996451061,956.85888367175,318.225666637406,56.6176010062022,1893.50575418387,148814.776410529,14.0749137332648,4784.171890049061,4180.070007990628,0,0,2.532532497381362e-07,0
2.61877335789351,11.6676913505212,4.46980286428851,9.30350793992814,3.82420803751396,0.91037934144904,6.78396120711574,830.108717255757,220.642167487559,956.236205557225,319.844189212734,56.5742526083393,1893.12504378414,147503.464116727,14.0707064910399,4746.135550570598,4186.998593316374,0,0,2.5380687100814613e-07,0
2.64311721238014,11.7264714194856,4.15652068237124,8.77302802250027,3.77920663318879,0.912202455765396,6.78565685000345,832.175772116723,220.427289948697,959.10376695073,322.53236075737,56.7296724059717,1898.85049685276,145842.763304528,14.0665415049353,4700.356000170538,4193.621697156854,0,0,2.5482749307897394e-07,0
2.66404536409765,11.8182854597474,3.82039592390449,8.32442017506581,3.75205673946518,0.917827750546781,6.78614712823899,836.822845502994,220.690905852932,965.171033814593,326.205906021159,57.0696537359226,1910.51219259838,143802.653497469,14.062419170672,4645.8616360004935,4199.920561304496,0,0,2.5658663727589555e-07,0
2.68185205900034,11.9787512258928,3.44776279832512,8.04959634926897,3.74277791840961,0.928005597664306,6.78520919004,844.294594344913,221.681588723334,974.461726515375,330.841948942563,57.5973299963589,1928.49056145793,141633.638645258,14.0583397177533,4589.744584166883,4205.881717924843,0,0,2.5946053640749596e-07,0
2.69509976401066,12.211422274408,3.07966424393471,7.96010184832684,3.75005150964616,0.943179123596119,6.78274710178635,854.344995944344,223.388673178146,986.605959153867,336.305033553227,58.2919025698,1952.15957700925,139407.55970999,14.0543034607747,4533.8040970524025,4211.486428964458,0,0,2.6333164977776504e-07,0
2.70750425265885,12.4912791110166,2.73683753600015,8.00619474292372,3.773471342858,0.965347720057243,6.77856336367493,866.643357551694,225.6346076554,1001.26954834493,342.526280792908,59.1349097298827,1980.77879181954,136124.265105038,14.0503114601229,4449.730175819761,4216.487110686751,0,0,2.6782193682643994e-07,0
2.71750320767427,12.7743882535619,2.43531184754625,8.13320856497046,3.82017830454821,0.997083745400663,6.7721685654507,882.3066640168,228.467281738742,1019.83588107303,350.032544893914,60.2105366702632,2016.86117071078,131721.512975465,14.0463643452292,4336.641765885933,4220.654530401825,0,0,2.730668443289869e-07,0
2.71187297564605,13.0143791669897,2.19798164920775,8.30429470039425,3.89918767610018,1.03720725433102,6.76348142440001,902.843873452965,232.062117468235,1044.12055909707,359.50229881412,61.6281121435293,2063.812623314,127537.474585922,14.0424616169196,4233.263553358366,4224.002401851055,0,0,2.7945062453820353e-07,0
2.68733519241277,13.200025803607,2.0072633002238,8.50315258246566,4.01008225332625,1.08316533792311,6.7528448780242,927.794213614759,236.316829600703,1073.60558519068,370.800780481302,63.3567119742264,2120.63505904352,123699.549799355,14.0386034776805,4142.859305802654,4226.54606175819,0,0,2.867966927943871e-07,0
2.64827463739256,13.3454633549082,1.84688750989653,8.72114253522612,4.14686450827684,1.13278381890411,6.74064075778299,955.616565393881,240.960971960439,1106.49139568085,383.305305569776,65.2886196545562,2183.87654227779,120463.399001723,14.0347898983412,4071.4899015084898,4228.409018022013,0,0,2.9459071484890954e-07,0
2.59915062046591,13.4628273775097,1.70903016178865,8.94188025569259,4.30245343242754,1.18291438363388,6.7273986492479,984.660374894843,245.666365499177,1140.82513116588,396.323680232175,67.3079809477046,2249.77255036433,118115.280714463,14.031020636226,4025.9630459670675,4229.82931585389,0,0,3.0228032238188463e-07,0
2.5476467244282,13.5517902785327,1.58366715805832,9.13619046940428,4.46848179983314,1.23097154624845,6.71363136819656,1013.12117455335,250.012505582494,1174.45271095332,409.092290968568,69.2885755311722,2314.14031707612,116405.928962115,14.0272960797363,3997.9226360633497,4230.9229855411995,0,0,3.092778015888325e-07,0
2.50000947412176,13.6076241597649,1.4680988539731,9.2854172463851,4.63765175413006,1.27534426843206,6.69972251148402,1039.58973200499,253.681372487563,1205.70441683366,421.00634264602,71.1324295649864,2373.72782013354,115251.077437327,14.0236165046178,3983.9470202956063,4231.7627374511585,0,0,3.1515063403600836e-07,0
2.45772036438101,13.6295608779727,1.36455902817759,9.38883826989212,4.8043130623512,1.31382792474079,6.68613892115558,1063.18625144118,256.529044714686,1233.56076120004,431.686807486855,72.7785711005983,2426.56572299335,114862.865386051,14.0199817955095,3989.339020712424,4232.540346928366,0,0,3.196724276504619e-07,0
2.42341107897051,13.63012781844,1.26997947350645,9.43692046605554,4.96133440453646,1.34443792282979,6.67340558230601,1082.91993614634,258.43922363671,1256.88906807825,440.708833535226,74.1578431126244,2470.48520101641,115141.356682353,14.0163923661758,4010.581601506171,4233.507685235833,0,0,3.2262618395151546e-07,0
2.40333472826481,13.6386659484913,1.17774880872761,9.39363523098464,5.10085150713148,1.36764454893543,6.66175742519896,1097.86745709188,259.320477937568,1274.64279572927,447.656917725646,75.2053237922355,2503.47374745023,115570.29752283,14.0128493075972,4032.5392273025786,4234.717356421722,0,0,3.2385201704744305e-07,0
2.39897562356156,13.6766796032376,1.08936104877443,9.23555968254491,5.21966888874838,1.38488337889282,6.65118408861128,1108.15474106971,259.251264039778,1286.98678740118,452.549259078698,75.9292129984955,2525.85157079468,116052.093639843,14.0093530750166,4052.5685330308693,4236.17220733047,0,0,3.235173876699673e-07,0
2.40917322666724,13.7428848099408,1.00529144345414,8.97214399029595,5.31966899158869,1.39854777711091,6.64141794578487,1114.79823686634,258.433363956401,1295.11030528055,455.796605788271,76.4006415616945,2539.91518820772,116127.443956122,14.0059045689036,4058.5365577423995,4237.748462784794,0,0,3.2223818462896816e-07,0
2.42934945832457,13.8092177561485,0.928452096980497,8.62967043764968,5.40787146083289,1.41157217310487,6.63194733249903,1119.54211738761,257.151724787121,1301.06837794269,458.143544853414,76.7437387669872,2549.59796338279,115672.511373895,14.0025042145293,4048.254346904293,4239.313592258485,0,0,3.225772096166656e-07,0
2.44999576295792,13.8272345952094,0.863844874384828,8.23586289239656,5.49326987796374,1.42372235963893,6.62260516926937,1124.18838473716,255.670157302315,1307.00939846394,460.3969431497,77.0886058761869,2558.98771357158,115313.736892205,13.9991514427882,4040.605079770755,4240.93743437469,0,0,3.2723929996865535e-07,0
2.46739922979718,13.7679361415663,0.809538361143746,7.80698182229474,5.57847417138008,1.43339673762384,6.61358900727597,1129.1661529953,254.035019638469,1313.45678736807,462.782896214243,77.4674986572614,2569.0777327922,115106.723098587,13.9958464295741,4037.4773990162143,4242.707989094183,0,0,3.3603411943785884e-07,0
2.48403850197089,13.635616938448,0.762009086827914,7.34828222216432,5.66077700351479,1.44040650482448,6.6050533934958,1133.94003637442,252.162168026761,1319.76951674008,465.084924123247,77.8419336333034,2578.6608513359,114889.726718897,13.9925896539906,4033.9540896691356,4244.62920834243,0,0,3.4748655806451554e-07,0
2.50278537585412,13.4554013164352,0.718106298696947,6.8648161176821,5.73844994268832,1.44520322353364,6.59700744838636,1138.2210329062,249.999706474212,1325.57605951496,467.160626995208,78.1886968473702,2587.040045748,114600.172913471,13.9893814597726,4028.0531789326865,4246.654825205496,0,0,3.6018963166895447e-07,0
2.52408827570265,13.2599143006791,0.676095855913309,6.36687875640486,5.81210238236339,1.44761296231924,6.58943943594357,1142.17258944203,247.531695651022,1331.03231446484,469.045300035732,78.5158512637514,2594.4949271668,114397.773224535,13.9862218855479,4024.3269301599203,4248.822669624028,0,0,3.734107838238242e-07,0
2.54773605959336,13.0688521898802,0.636015178339786,5.864286453545,5.88172914455713,1.44701844443891,6.58243256987097,1145.82900522969,244.741693364052,1336.15957810705,470.733711702675,78.8238031384798,2601.05530455868,114319.982501268,13.9831111257973,4023.8271984319827,4251.190207753526,0,0,3.8678878757748407e-07,0
2.57309569950149,12.8823683075151,0.599365863067884,5.3649917215863,5.9453952960696,1.44209194535624,6.57627932286412,1148.87054454065,241.608991438901,1340.58314042292,472.096412794237,79.0897397074285,2606.02978076884,114565.499517012,13.980049170389,4031.883817480165,4253.865062300486,0,0,3.998569948098657e-07,0
2.60104743342322,12.6804409730308,0.566820808588686,4.88497880563768,5.99847063989835,1.43136626370964,6.57142720487611,1150.42384472427,238.05473518878,1343.29300272032,472.789365187718,79.2533091620769,2607.53278749369,115142.998499154,13.9770362741374,4048.1293284094095,4256.925032168146,0,0,4.1101140363625746e-07,0
2.63414487715647,12.4277811180444,0.537824480657754,4.45305149538935,6.03559518133621,1.41531294971276,6.56809274437193,1149.58138776407,234.018380814672,1343.24789865414,472.452588616359,79.2523890502605,2603.62752524884,115733.376010346,13.9740730919361,4063.0180448747883,4260.325753560047,0,0,4.1853115714550765e-07,0
2.67170685920485,12.1060667640218,0.512347479002569,4.09011216386639,6.05531152093164,1.39559950555254,6.56616525848013,1146.39821923031,229.587220436816,1340.52297431975,471.115413399135,79.0911489342536,2594.5098624581,116290.469039691,13.9711599078759,4075.319020010127,4264.007437385113,0,0,4.2235711762692064e-07,0
2.70989687094942,11.7240516526632,0.490439151396125,3.79698512672257,6.05903808615349,1.37301973858878,6.56552777063156,1141.57676480921,224.918699628753,1335.93241559824,469.069776500314,78.8176652035901,2581.77725588227,117020.970608773,13.9682967139762,4091.3144238230357,4268.002996435033,0,0,4.233076906215592e-07,0
2.7470115119858,11.2979654833856,0.470847973054702,3.55259238804207,6.04615835908013,1.34750812295543,6.56624073842492,1135.49904604197,220.112487937343,1329.90236372827,466.464052046295,78.4571019621325,2566.28688872908,118028.694674368,13.965483642401,4114.166691817758,4272.42004989261,0,0,4.2225818602440996e-07,0
2.78704480384658,10.8387335885324,0.451696203261767,3.31854067968625,6.01378111733143,1.31938643760026,6.56837180193404,1128.05326281405,215.210080756226,1322.27618494986,463.225578896266,78.0000917357692,2547.79279095717,119029.108328701,13.9627212150976,4135.830922722692,4277.263630559057,0,0,4.2004764577608514e-07,0
2.83312021510659,10.3554206269007,0.433389553359268,3.07248475652447,5.96205616975886,1.288718702924,6.57190255994922,1119.36350313459,210.27279407347,1313.18178908865,459.390475471305,77.4539597342459,2526.57762063324,119950.438966024,13.9600096970399,4154.384091150136,4282.505581806459,0,0,4.172329906529376e-07,0
2.88631239351185,9.8593572542264,0.416131419275953,2.82035800595255,5.89561021079308,1.25635252476445,6.57652839193396,1110.04825149179,205.398442732429,1303.34010834363,455.219741359068,76.8611763053094,2504.02345172895,120425.363863014,13.9573495805507,4160.018253341312,4287.984754990003,0,0,4.1374121830163857e-07,0
2.94321898068928,9.36626652591903,0.399937397628135,2.59299140994935,5.8234912083683,1.22470651559285,6.5815229033479,1101.34629382384,200.750878062811,1294.20991051414,451.236635162604,76.3080823556117,2482.88920082439,120312.929270737,13.9547411324264,4149.698193356838,4293.459895821683,0,0,4.0869253277452117e-07,0
2.99268389343712,8.89159064945459,0.385432936088195,2.43571955136434,5.75529290863886,1.1965756469634,6.58605731410589,1094.60844759031,196.494687143958,1287.38544416806,448.010459788421,75.8893933001087,2466.17566955977,120078.356698764,13.952184126843,4137.385568800144,4298.856774898534,0,0,4.01497159400933e-07,0
3.02631868659819,8.44208462784846,0.372768706115204,2.36662869327225,5.69431678530112,1.1751767767295,6.58949933624462,1090.16424030777,192.651102814951,1283.25865169082,445.682770090962,75.6289899943047,2454.60572749685,119798.740701332,13.9496786712509,4125.469710231699,4304.14544693478,0,0,3.9296296089800764e-07,0
3.04252873889047,8.01894621937501,0.362611881607894,2.37016073559025,5.63889050560579,1.1617409011242,6.59171833151291,1087.49934879945,189.136344609756,1281.22537897576,444.044681844981,75.4912929422651,2447.02869705921,119753.835292715,13.9472247108335,4121.386474495454,4309.37622294578,0,0,3.845633753774928e-07,0
3.04497448011594,7.63256725325575,0.356364937039966,2.41527713472267,5.5852226991703,1.15412575091293,6.59318329805161,1085.60449949684,185.784956139734,1280.10360648986,442.692933625398,75.4041556003451,2441.19082282724,120102.135022408,13.9448222980105,4128.834602825999,4314.61905181269,0,0,3.773983146868386e-07,0
3.04235326021391,7.30952610359582,0.354132642283994,2.46612828114043,5.52992852069645,1.14911549844777,6.59453295368249,1083.33998075041,182.392136517739,1278.56639984136,441.180436736975,75.2842295575832,2434.54391043548,120517.685612357,13.9424718711972,4137.913152815119,4319.838162310728,0,0,3.718624441080556e-07,0
3.04153435145812,7.06602634755726,0.353855659165701,2.50134973236432,5.47333754488693,1.14433243766563,6.59608359481702,1080.27224651966,178.884220259828,1276.10975302874,439.340817600609,75.0990531752107,2426.12400887239,120960.619249934,13.9401736271906,4147.205459576025,4324.993793659655,0,0,3.6786051544370823e-07,0
3.04292409525277,6.89785283787205,0.353855510928858,2.52293402227507,5.41711238778073,1.13815515544615,6.59792711470933,1076.46297631282,175.305641314425,1272.79569839432,437.194839199462,74.8536584154911,2416.08365379368,121710.194301813,13.9379275293136,4164.538860106047,4330.043183686934,0,0,3.6491871452526536e-07,0
3.04476674557095,6.80797075557265,0.352852512210088,2.56619579593587,5.35959083255258,1.13140483397349,6.59994846656568,1071.61871334891,171.707902392867,1268.2417465514,434.606903266446,74.5299613605875,2403.79899440079,122586.709294229,13.9357338696625,4184.685719490338,4334.7922517995785,0,0,3.6224425851003616e-07,0
3.04440423212851,6.82325427233731,0.350032857939101,2.69212013859568,5.29921457751142,1.12940603014421,6.60140160452659,1065.5969153299,168.131462277176,1262.23323704778,431.507619958048,74.1229443330568,2388.95395459931,123026.240629737,13.9335931476915,4191.818693317724,4339.022574127907,0,0,3.5917923767629874e-07,0
3.03871721077022,6.95745465279587,0.345936349484312,2.9238947888034,5.24063997181361,1.13714981125738,6.60133870890129,1059.4009937363,164.624302468189,1255.95154320736,428.317110865891,73.7083345261665,2373.72259409442,122970.000023788,13.9315055034233,4185.015509135675,4342.572827824396,0,0,3.553554160746171e-07,0
3.02536004475044,7.19332007869423,0.345858375696571,3.24735390390523,5.19178575015352,1.15420234045934,6.5994927198153,1054.46957452165,161.270492855436,1251.12106257015,425.654853038135,73.3885891479441,2361.26559503567,122702.425573558,13.9294708759414,4173.23969242829,4345.176998244292,0,0,3.504570417270588e-07,0
2.99236233629873,7.48945648243718,0.369093466546855,3.71233587003229,5.1594794960778,1.17584051701194,6.59656894178894,1051.42640966281,158.223363732392,1248.44697560146,423.934839787287,73.203570582093,2353.0857861465,122556.932416357,13.9274891856497,4166.287244844477,4346.508560826059,0,0,3.44744310947417e-07,0
2.92392510595364,7.79209897909009,0.439038492149576,4.46169021036927,5.14733976610916,1.19841218276259,6.59368186922018,1049.8882069748,155.671719050325,1247.36737667996,423.321044059299,73.1195020815331,2348.5986111184,122348.054652143,13.9255606575066,4158.8410710440885,4346.540308477908,0,0,3.3926413371637864e-07,0
0.0207708744089077,8.07071037263072,0.905647093757794,5.75536180242367,5.27049275715998,0.914842990498926,6.62714056744128,1049.41680807421,153.690574248538,1247.18510274636,423.922716665787,73.064739013242,2346.90443072799,122035.608243444,13.9236854259804,4149.493844537329,4345.362982046805,0,0,3.345243821281656e-07,0
8.626558386035541e-15,8.36271524315792,6.63017756192218,7.80042702447894,5.56098987297418,0.0290071388986231,6.73352635503689,1072.43449560872,155.377776482677,1273.69096962775,433.636644506071,74.5591954860413,2396.50409677193,131268.684084565,13.9218667011062,4422.31804560077,4343.14577293503,2,1,3.0548255832584527e-06,1
7.32059371471697e-17,8.68148081240271,16.0198592356387,9.44154823030359,5.32748871399588,0.0008741674491574,6.74912798478298,1124.35937421862,161.2999012334,1334.55862587288,451.941541450898,78.1185604029226,2508.95375291148,131638.98994769,13.9200977732224,4467.875031449763,4340.197194384346,3,2,3.400854517451271e-06,3
2.05580505590933e-19,9.05203973231589,24.4879097689757,10.9349130852579,5.07337570677109,1.35987175982209e-05,6.76170213831787,1159.22512263023,165.947085373894,1375.14771193015,463.387978453036,80.472438506451,2584.16883402205,131733.339856766,13.9183825596031,4493.704355321374,4336.569718000584,3,3,3.631095510518344e-06,4
-9.00973443086011e-16,9.49834482664468,31.3049786770075,12.2636477280417,4.79574896118286,2.41692867652709e-06,6.77638125350903,1173.46813970611,169.174557410001,1391.03700453751,467.391180329202,81.3590603214944,2614.79568485515,131494.346123452,13.9167211708457,4495.96759526959,4332.306094980985,3,4,3.7206040982595184e-06,4
-5.29609792966997e-15,10.0044414884319,36.7791990906639,13.4129860821994,4.53793281142166,1.99886921788549e-06,6.79044309313118,1178.26416724809,172.162518948494,1395.50068499966,468.350541670979,81.5623516171893,2625.41477714112,130168.903979022,13.9151140969999,4461.59630851657,4327.6167254631555,3,4,3.739215784592675e-06,4
-1.0046624741680601e-14,10.5234015876085,41.3411179956919,14.3607727641706,4.32702027025991,1.26882754730393e-06,6.80193618731346,1183.14824389398,175.630634745804,1399.95492870875,469.777220701185,81.7589050647408,2636.7258495884,127874.402267973,13.9135613928841,4400.497819846735,4322.797822584357,3,4,3.7383962859615667e-06,4
-1.34212646916041e-14,11.0049010644597,45.1843338448119,15.0610265163532,4.16545114238444,6.07658989995056e-07,6.81068372693934,1192.72763257614,179.769539230044,1409.99556454782,473.263894293591,82.2811508487861,2658.62740263501,125928.760825146,13.9120623891707,4352.519237264351,4318.043579052029,3,4,3.7389229353090194e-06,4
-1.58455649043397e-14,11.4317977102051,48.422004201447,15.5163953394711,4.03821490329145,2.20231141465137e-07,6.81758866013037,1206.03274523482,184.390883834504,1424.51403013817,478.237807052192,83.0649893068949,2688.85011718333,124485.466378851,13.9106170058353,4321.174477226893,4313.51133445036,3,4,3.740459967852785e-06,4
-1.78253707290694e-14,11.8098042988147,51.1796492884609,15.7733289941972,3.92768665420756,6.22540995992844e-08,6.82367871773086,1219.94261779152,189.2003643696,1439.77934759831,483.329298357522,83.8912882009354,2720.44960733766,123417.260762559,13.9092253539385,4300.663434691985,4309.526214559089,3,4,3.737484795673281e-06,4
-1.95721595558591e-14,12.1283406501376,53.5920098201944,15.8786611505585,3.82254199947432,1.51737351417854e-08,6.829614420278,1232.39548834873,193.872790165865,1453.29880558504,487.672711917018,84.6149700132608,2748.73826297247,122391.096768835,13.9078876990825,4280.218004804008,4306.29107255655,3,4,3.7281520083841952e-06,4
-2.11384091936304e-14,12.351049723499,55.7978315757529,15.8660151482607,3.71872617804035,3.4783241492338303e-09,6.83564684791104,1243.20583022648,198.064973876204,1464.80387118355,491.225497027017,85.2236147670238,2773.04081346068,121305.804674275,13.9066041601208,4256.8465388368695,4303.610445986136,3,4,3.714516617086647e-06,4
-2.25419999196269e-14,12.4642018941664,57.9032846181278,15.7612082689335,3.61598860954621,7.80292290180041e-10,6.84180363673768,1253.17796122662,201.68301255702,1475.23625056916,494.370752983319,85.7739486323615,2795.02007250216,120176.705479475,13.9053747703002,4231.543574151263,4301.2594219527355,3,4,3.699496331098712e-06,4
-2.3804195463744602e-14,12.4910335037257,59.9715672092709,15.5874734813956,3.51489755994915,1.73792693813615e-10,6.84805255183547,1263.08120443935,204.874051758269,1485.53727407394,497.469618965802,86.319808054298,2816.47720368362,118900.243292519,13.9041996387689,4202.020281014054,4298.920684758927,3,4,3.6848966395691967e-06,4
-2.4954291282519e-14,12.4743632696338,62.0406607333235,15.3738658009722,3.41647490600461,3.8729018950192296e-11,6.85433040203785,1273.5069765355,207.818548630205,1496.45916484337,500.794813792734,86.9034000957544,2838.87089019901,117472.913512024,13.9030788061165,4168.654667011826,4296.281863508752,3,4,3.6715652475490925e-06,4
-2.6023040863755802e-14,12.4608974366243,64.1323817099858,15.1575377491525,3.32174505751371,8.72353967468256e-12,6.8605658805035,1284.82080980291,210.614048841451,1508.48678158428,504.513000125198,87.5520940307379,2863.11019434264,116120.578898297,13.9020121353322,4138.02822401623,4293.260142963241,3,4,3.6595696795620325e-06,4
0.853073149870746,12.4963258717242,47.2882398063118,15.07567380317,3.34601320172756,0.291763079641174,6.85105755607516,1285.80146681711,211.630634728307,1509.4271542413,516.917266701613,87.568754177625,2872.91022726404,105658.581632491,13.9009967994984,3851.9438660379383,4289.893158582948,0,2,1.0566963983574943e-06,0
1.18261024867283,12.5996348411451,27.6718818683691,14.8926704129347,3.38075838595812,0.767620634160649,6.81793246646449,1270.00727443446,210.810698055612,1490.74133319975,524.213977521211,86.4656009540963,2846.98400204722,104937.695832975,13.9000381854594,3825.574924152646,4286.255482829096,0,0,9.05581615754786e-07,0
1.2645922389298,12.7195051071127,13.5851415892983,14.7126228570831,3.50552664714216,0.980785907053934,6.80519935825575,1257.02341007806,210.145716188257,1475.24842435207,528.630300357933,85.5280230020688,2824.58162513366,104959.866471638,13.8991333111412,3820.306051533869,4282.556093843649,0,0,7.658345630614986e-07,0
1.49523336611268,12.8320002755243,3.76129117646939,14.3040159089214,3.72644710378586,1.130996728688,6.78473058392903,1251.33856933846,209.841513976563,1468.58512326422,532.310147201486,85.1062401059594,2815.90699229493,105070.593395994,13.8982826454706,3821.313282126416,4278.786345075809,0,0,6.833243529443053e-07,0
1.84731398261637,12.9373813516087,1.55323063596793,13.5252957868145,3.99116805926068,1.30618365903004,6.74034942017493,1249.44070233625,209.371939050489,1466.59630844657,531.368985014354,84.9686039107021,2811.64597890651,105100.319656804,13.8974863006327,3820.486303337752,4274.902175493683,0,0,6.285759708378419e-07,0
2.03175170514545,13.0418598364693,1.04301071071946,12.659645425234,4.2863379535365,1.44572869963575,6.69509368457503,1248.5132933615,208.475551946239,1465.84914384589,530.118021669446,84.9100423366302,2808.79741114185,104613.207515177,13.8967444903553,3805.731578287858,4270.818525957506,0,0,5.954498424897838e-07,0
2.14990899721573,13.1438399591459,0.800221711897786,11.8256910675398,4.5819706568193,1.54637501251535,6.65526732289151,1248.54945625008,207.316153620459,1466.31767160193,529.722843654358,84.9260458574209,2808.1509260129,103399.633321964,13.8960572796605,3771.6705801922967,4266.400104546535,0,0,5.740254811036311e-07,0
2.22657478795848,13.2301796303398,0.664830232365702,11.0632013397649,4.86822172352247,1.62208555450825,6.62034887835186,1251.16118106569,206.293698516699,1469.96206642708,530.720151762706,85.1298218022986,2813.40664465065,102131.397647461,13.895424275228,3738.1146030416407,4261.647384405459,0,0,5.591714624469477e-07,0
2.27376426557395,13.2908929291681,0.578695649723934,10.3804846160433,5.1482825031269,1.68120947118092,6.58913084030404,1257.04852414182,205.642004556011,1477.65237231022,533.199928434821,85.5710290216962,2826.14803417774,100966.194663327,13.8948453484574,3709.8971320483056,4256.6096961419835,0,0,5.491937216411179e-07,0
2.30191000023349,13.3268824871731,0.516486878362861,9.76839032119565,5.42474956407282,1.72919687992048,6.56052511367599,1265.50719809725,205.316724308465,1488.54780651656,536.715293172269,86.1999398777716,2844.74267074238,99958.6501489787,13.894320428049,3687.9706592919392,4251.235034130128,0,0,5.433311452775433e-07,0
2.32006377718993,13.3450033885498,0.465402152773731,9.21550773369443,5.69757996140581,1.76981193909301,6.53375560819961,1275.36163101672,205.15575748151,1501.21115394679,540.669328098813,86.9325851148092,2866.45780525272,99065.8933643975,13.8938494935217,3670.2371386381183,4245.370334761267,0,0,5.406919663891858e-07,0
2.33534459228243,13.3530730010651,0.41863344537074,8.71546050122652,5.9659611281214,1.80665492568933,6.50813444725851,1285.72034405734,205.02412409626,1514.52235535568,544.603690278616,87.7040301134507,2889.18033590129,98121.6437859916,13.8934325792892,3651.371832679161,4238.945164824825,0,0,5.402483562883071e-07,0
2.35059174229184,13.3587365275831,0.374261618338154,8.2643194827977,6.23088076860357,1.84288562064391,6.48300114309195,1296.34924647611,204.876993183253,1528.15953896815,548.364526120767,88.4957011013332,2912.30185487954,97130.0446116884,13.8930696216725,3631.277774272428,4231.910885043902,0,0,5.411870325250493e-07,0
2.36412746989387,13.3698356517398,0.333666599570681,7.85785961636104,6.49486197052483,1.87943606725423,6.45798499479219,1307.37995616693,204.727653218499,1542.27044858816,551.994780139708,89.3156910701471,2936.09728105187,96364.3285784626,13.8927604339423,3617.6317179618673,4224.308540082765,0,0,5.429786703661057e-07,0
2.37303096638206,13.4019373521254,0.299873904378151,7.49645398309635,6.75819070484159,1.91502027778058,6.43319319635954,1318.51660575826,204.539827751256,1556.51070869153,555.394384870614,90.1431098153891,2959.92817176231,96019.2565502554,13.8925048998202,3615.64619840191,4216.278402802224,0,0,5.450887270242948e-07,0
2.37744100174896,13.4866394801778,0.274521520753947,7.18999403553675,7.01720874771421,1.94880961774919,6.40893955036417,1328.78376781907,204.171141609523,1569.72226997821,558.205001946268,90.9101558519462,2981.6360934815,95824.4837541408,13.8923030987277,3617.1307231900255,4207.885272389556,0,0,5.46846722149653e-07,0
2.3794729608721,13.6519805731576,0.256146913089401,6.94832151091551,7.26847826404801,1.98084725704973,6.38543528876397,1337.40371091682,203.49794513406,1580.97603350558,560.158328463138,91.5628968223678,2999.49786354384,95686.1678554333,13.8921550103189,3618.9405193545135,4199.164186175739,0,0,5.477975510274654e-07,0
2.38140153808003,13.9024999291686,0.242499467208953,6.77121092455366,7.51158451979854,2.012267683534,6.36255354730543,1344.33295499329,202.513807515614,1590.21991449547,561.273917103309,92.0985267058592,3013.43831194461,95381.4307971851,13.89206059719,3614.867649634622,4190.005054928459,0,0,5.47883827493074e-07,0
2.38334053858576,14.2165043934528,0.232661535518157,6.65754450186623,7.75079189287993,2.04511478767047,6.33979448623908,1350.31926403873,201.348587253338,1598.35436827672,561.892891869269,92.5690907198707,3025.17897468037,94717.2237477966,13.8920197466465,3600.104947158232,4180.232816242194,0,0,5.4743839629788e-07,0
2.38102906584393,14.5545749771635,0.226296846714156,6.62300580994508,7.99579304454891,2.07854303987252,6.31684191024914,1356.66306007829,200.243971745248,1606.94560955092,562.612470850969,93.0642744611017,3037.72746809503,94013.9043894035,13.8920322809616,3584.525059703723,4169.897909016793,0,0,5.470268944926875e-07,0
2.3711650890434,14.8843712080383,0.222379174015394,6.68598294698279,8.25465018676387,2.11013358514777,6.29368343798056,1364.16472740093,199.379234419256,1616.95863243418,563.816291386806,93.6388704366433,3052.96797960416,93381.5408144898,13.892098091155,3571.795329593962,4159.102552363809,0,0,5.468969691787106e-07,0
2.35296258003181,15.1954167090891,0.220054135588926,6.84922784633095,8.52870905007271,2.13770987356894,6.27055707502891,1372.66061082593,198.777186357432,1628.19598281607,565.451804691406,94.281037681001,3070.57465911475,93092.2832340319,13.8922171440923,3569.3708267928737,4147.894037217403,0,0,5.469504372616529e-07,0
2.32834594666679,15.4982349306095,0.218641808349675,7.09762621157232,8.81149401354642,2.15857050788503,6.24812440269326,1381.06013028233,198.353573013261,1639.34333241881,567.061514018391,94.9142974798931,3088.13812494265,93416.9009430915,13.8923895189659,3583.9924486750288,4136.361797780065,0,0,5.472105313385828e-07,0
2.30429222232487,15.8166532594819,0.217361294772207,7.3928472932959,9.08886862074056,2.17293824306175,6.22698748305755,1387.54048687717,197.988865740237,1648.21286881598,567.863867371801,95.4110050148659,3101.64540619896,93967.9170368724,13.8926151161112,3603.586292070063,4124.620469443681,0,0,5.535405793623249e-07,0
2.28711014392611,16.1698205734312,0.216000699077263,7.68849055699802,9.3480418602551,2.1834086008323,6.20735075707415,1390.79283096934,197.615096461549,1653.23566641391,567.289333337396,95.6795291581961,3108.22525134962,94585.587364803,13.892893783494,3622.77372219033,4112.735971043158,0,0,5.712493137258479e-07,0
2.27794382568903,16.5612676705932,0.214859819969758,7.957132994546,9.58414892670932,2.19055761599611,6.1893565009998,1390.68589770646,197.242792141417,1654.24839268425,565.285012113589,95.7105022657308,3107.59970710971,95431.680106473,13.8932254758797,3645.956152377452,4100.768547655517,0,0,5.941953986888166e-07,0
2.2755474081251,16.9767532918015,0.214035907691985,8.18865182117852,9.79493896705085,2.19266188532338,6.17340017303238,1387.40669567093,196.899706658513,1651.458618034,561.955774914179,95.517206293093,3100.19190989669,96675.5331656441,13.8936101673815,3677.9779738738766,4088.837383284408,0,0,6.128085424007714e-07,0
2.28136599197054,17.3808129956892,0.213213776982228,8.36239870174112,9.97389097675003,2.19004308904629,6.1598165106297,1380.72448074722,196.58294560251,1644.56467583476,557.225533533631,95.0851129915814,3085.49604405486,98021.3265169461,13.8940475745137,3710.4534090198936,4077.0327092557513,0,0,6.190370277018974e-07,0
2.29669582433658,17.7341619460341,0.212554339769753,8.45013547120835,10.1148353557355,2.18480325560549,6.14866061735776,1370.64490354577,196.300473901746,1633.55039640186,551.09978188363,94.416392607695,3063.51310436406,99355.7712194283,13.8945374738222,3740.2291933503843,4065.4107955832774,0,0,6.085505816603018e-07,0
2.32226544833193,18.017089904515,0.212141964113919,8.43718344609946,10.2185364903075,2.18032792079883,6.13944814028384,1357.97273481093,196.092702987586,1619.37100110096,543.908807931496,93.5679042989034,3035.9875433451,100149.531068596,13.8950794187505,3753.1588591216996,4054.004881206128,0,0,5.847392972911894e-07,0
2.35614488319716,18.2363295428359,0.211827950910525,8.33136549912803,10.2987955609402,2.18134228854737,6.13079981996722,1344.82617825816,196.03082248917,1604.56784971992,536.514982277111,92.6868643838081,3007.50242279735,100008.07157214,13.8956729731602,3739.767386613906,4042.7631713153364,0,0,5.582050151950034e-07,0
2.38906092015438,18.4218793882284,0.211822833860428,8.16832412499512,10.3804461571123,2.18746972274051,6.12145340281872,1334.21588725618,196.212007227053,1592.74608332979,530.146616943033,91.9807281853913,2984.56237789095,99685.9604604038,13.8963183161373,3723.141452421654,4031.710770923384,0,0,5.3722041699074e-07,0
2.41392848650436,18.6041622427209,0.212095518878012,7.98695100806914,10.4797321060936,2.19473591827554,6.11111853992575,1327.63383600601,196.668512097754,1585.68553624932,525.419465706752,91.5508210322191,2970.37571742064,99396.221324014,13.8970154105321,3710.2500210214753,4020.920296657248,0,0,5.236563168631483e-07,0
2.42958019316756,18.7951761209176,0.212512723110144,7.80572072011093,10.5965413993497,2.19987212439867,6.10029174206575,1324.40754026189,197.333597306599,1582.57955272327,522.072883789384,91.3493654807801,2963.46138051196,99368.3449651623,13.8977642760336,3706.999250434856,4010.5728305141674,0,0,5.154433201231677e-07,0
2.43901762833469,18.9917329803331,0.212856324358111,7.62925466043966,10.7194799203848,2.20099978973022,6.08987424192974,1322.74404062658,198.090157388985,1581.3073415286,519.391479407607,91.2531298174848,2959.93473466332,99673.4658818343,13.8985648429939,3714.1172511349096,4000.867159838485,0,0,5.098664696273044e-07,0
2.44831873594331,19.1852908073109,0.212732168189898,7.45917527965665,10.8339202562882,2.20034082049275,6.08031631870723,1320.83023692272,198.803572322983,1579.77428786057,516.640418671396,91.140952911256,2955.89672498798,99862.0142807519,13.8994165814019,3717.8583794497904,3991.7850118726815,0,0,5.050816186710108e-07,0
2.46055584295689,19.3691931554141,0.212097753924784,7.29381300410415,10.9341908947259,2.20198727037458,6.07126953891683,1318.11688095658,199.411660359428,1577.39922093691,513.576540989378,90.9797148272203,2950.18915536259,99846.5993922117,13.900319196989,3715.425849599911,3983.2602384617185,0,0,5.004819042933286e-07,0
2.47584700844285,19.5417951724947,0.210980843889472,7.12648455966665,11.0262564554165,2.20954095863279,6.0618139634694,1315.36080490581,199.950163729596,1575.11165900018,510.470508287626,90.8238795346174,2944.45584812392,99366.8356890228,13.9012722011662,3700.107191230243,3975.4516657055774,0,0,4.962877090447409e-07,0
2.49260702539903,19.7013255026943,0.209353832769874,6.9424262956262,11.1247595570923,2.22646667551947,6.05058049682705,1314.12268256687,200.508058839746,1574.75399052972,507.907312058751,90.7807357531489,2942.04251537924,98209.6476468504,13.902275012919,3667.0445489768613,3968.476694696108,0,0,4.930659493794565e-07,0
2.50544979597727,19.8425284940839,0.207426573220322,6.72348368911734,11.2482953923009,2.25248649487094,6.03652563965938,1316.19550206841,201.199964255454,1578.41922491534,506.565556976627,90.9714406520189,2946.78289873313,96940.9485551476,13.9033278347483,3633.1922233930445,3962.2259516756353,0,0,4.914377845978789e-07,0
2.51109557554657,19.9632551097359,0.205333587269101,6.46254022348343,11.4067611002821,2.28435041003399,6.01954285654302,1322.21777509425,202.077030653922,1586.82644878546,506.6812133683,91.4369478848843,2960.02090585042,95742.1585127576,13.9044306386836,3604.0172082904287,3956.6130131598834,0,0,4.915551208564784e-07,0
2.51046967336605,20.0670284691588,0.203116638063758,6.16593811681398,11.5981227041037,2.31940445999194,6.00013616375148,1331.4658961126,203.090062061161,1599.09225759057,507.968821314416,92.1254849991613,2980.16264342793,94623.018755618,13.9055832240526,3579.275333471518,3951.485778076165,0,0,4.93036204918003e-07,0
2.50622126258545,20.1599590171454,0.200779631152723,5.8453446633453,11.8150302415789,2.3562413724202,5.9789341172668,1342.78332297769,204.138831164713,1613.83303102192,509.977242652453,92.9569032084862,3004.67537578257,93573.1612655897,13.9067853515381,3557.8665420452508,3946.609772826979,0,0,4.953388771764412e-07,0
2.5006955005446,20.2481553794876,0.198342196450981,5.51091345253816,12.0503122717904,2.39416691272338,5.95643837246649,1355.24031114172,205.115614106211,1629.93711171356,512.33853836338,93.8675084480109,3031.50077210318,92606.2690842582,13.9080368266807,3539.5134760578458,3941.834677410255,0,0,4.98027898511632e-07,0
2.49550639509259,20.3361692290286,0.195844616165973,5.16996249886243,12.2986456693335,2.4324509255948,5.93304596038899,1368.24785939171,205.94239607769,1646.69872965129,514.814732738483,94.8170271765276,3059.32330793171,91723.7630341312,13.9093374428675,3523.8350177888533,3937.0418440508097,0,0,5.008266842987223e-07,0
2.49210620476095,20.426359731552,0.193287654387601,4.82748894517376,12.5563751155912,2.47049682835386,5.90905033091463,1381.46897974232,206.584783138816,1663.71724048574,517.268129746614,95.7821631978499,3087.39968758935,90827.7054097305,13.910686688953,3507.8678254229885,3932.0265190998784,0,0,5.062530964583175e-07,0
2.4915940726432,20.5188672594377,0.190638751938354,4.48565424802358,12.8220799557876,2.5083395117949,5.88452655170399,1394.86686931738,207.048760739942,1680.96260742469,519.675899501572,96.7604377664899,3115.66377961131,89819.2243120815,13.9120838620765,3488.8382175667084,3926.591692183842,0,0,5.264935682761916e-07,0
2.49358477828591,20.6124193209131,0.18793509714053,4.14479567891872,13.0968954925379,2.545508497373,5.85945650455082,1408.70710039276,207.372705804151,1698.78075408858,522.125861521958,97.7706038339692,3144.72494044356,88835.6319262185,13.9135289839595,3470.760270023298,3920.7398280455163,0,0,5.665220546427781e-07,0
2.49896434032941,20.7061861871381,0.185231416393988,3.80665303113176,13.3809081008556,2.5805383699894,5.83402826387255,1422.21598089494,207.461577123529,1716.25716633307,524.325793968163,98.7585005848585,3172.88312336897,87934.5715115518,13.9150220105654,3454.6986970104003,3914.5120172536367,0,0,6.146931005314628e-07,0
2.51163429761286,20.800425196216,0.182603218286182,3.47688738612826,13.6695253623282,2.61096389379505,5.80887750279506,1433.22860514827,207.056725454367,1730.77512753786,525.484874915059,99.5717966611173,3195.35018510982,87314.0316446463,13.9165638597681,3444.642608885894,3908.1172886197146,0,0,6.502782145809624e-07,0
2.53289984298605,20.8950476662986,0.18014901123804,3.16391661614472,13.9533061208503,2.63173136280427,5.78532302122981,1440.84480389497,206.09877998959,1741.2300312652,525.286410039846,100.145279321825,3210.16200535634,87210.9258954621,13.9181562318177,3446.5598956194176,3901.849638085497,0,0,6.670307820517018e-07,0
2.56364259618537,20.9863566141094,0.177875277496495,2.87257927101338,14.2176141632806,2.63794484851052,5.76499560210903,1444.88338319026,204.624103375548,1747.38585952017,523.684036910154,100.464093575919,3216.95602193772,87337.6241681716,13.9197976877795,3452.3269539717526,3895.721740941757,0,0,6.695960230314495e-07,0
2.60447593225704,21.0672298198161,0.175745469587643,2.60171947564725,14.4497091362662,2.62669276521424,5.74914070576803,1445.62071434745,202.68919143453,1749.56783809706,520.806064401486,100.546369725842,3216.3683877178,87532.7828604601,13.9214869562684,3457.65641874419,3889.6819390639234,0,0,6.647538617998635e-07,0
2.65538481585467,21.1315836250042,0.173682481929997,2.34751027738367,14.6455907172916,2.59729274562994,5.73815216911347,1444.01955844147,200.401442044855,1748.93715955143,517.030640040538,100.459020317805,3210.53563339854,87561.3180072648,13.9232222786334,3456.686742614024,3883.6687375321,0,0,6.578101961363836e-07,0
2.71555655885148,21.1778591723578,0.171603307602701,2.10708232275009,14.8122931469086,2.55154520879413,5.73138275312313,1441.6586534105,197.928662431839,1747.39916165708,512.949042526576,100.312357816456,3202.93933584316,87181.7481314508,13.925001643342,3443.8023988057025,3877.5827919057774,0,0,6.517899558110139e-07,0
2.78020249852316,21.2098919219462,0.169506992649784,1.88362272500208,14.9659375720087,2.49060712398425,5.72770837872851,1440.4521696536,195.488327175656,1747.25491511921,509.261005982274,100.23956943606,3197.7922861342,86731.6192824935,13.9268265071223,3429.7416227348617,3871.389194953433,0,0,6.481357475474488e-07,0
2.84349880624626,21.2338047267418,0.167433457354798,1.68490983664079,15.1190690376047,2.41496385171086,5.72631828048329,1441.34655110925,193.211318550456,1749.6241873483,506.310777201908,100.305641014586,3197.17694823421,86399.4882902822,13.9286980069848,3420.4150140349766,3865.1036513659637,0,0,6.46763178533065e-07,0
2.90189718380066,21.25312969949,0.165454739025796,1.51730759105844,15.2719638025397,2.32639425861264,5.72697741707849,1443.63487306532,191.053242710149,1753.62226182799,503.854114786314,100.460239986867,3199.54045462543,86324.2827785845,13.9306172552642,3419.1967709186056,3858.7214946309473,0,0,6.464855032408286e-07,0
2.95365809063777,21.2656886034118,0.163638537543955,1.38306293899849,15.4141637403185,2.22790311143814,5.72993739333629,1445.85559535089,188.882500717137,1757.4542780358,501.384378311096,100.60090496672,3201.67376234322,86614.4757012586,13.9325851336586,3428.0895583165025,3852.2627470258135,0,0,6.461306065400595e-07,0
2.99988423049491,21.2626418380097,0.161985654305284,1.27913590983665,15.5298555899612,2.12424951435749,5.73551553093104,1446.52909403498,186.538932258327,1759.31177837817,498.392114851787,100.624888086776,3200.31865099484,87072.5084670771,13.9345997267485,3440.5562327290045,3845.7787698159614,0,0,6.448783058106483e-07,0
3.04314017341832,21.2327827299777,0.160454738600584,1.19825069724991,15.607106780342,2.02059495676854,5.74370892739528,1444.87061001253,183.910671143906,1758.24115934001,494.613551552312,100.478867912541,3193.73678245886,87585.8353975814,13.9366596241614,3452.9131587006154,3839.295375427321,0,0,6.424190180792312e-07,0
3.08569670328145,21.1689767093792,0.158987229517574,1.13212555024954,15.6433094905833,1.92066812114019,5.75412372004205,1441.15945536639,181.002064671535,1754.59127966853,490.154120586487,100.18408889458,3182.5377718725,88059.1462727101,13.9387637342855,3462.7019916273657,3832.747329258616,0,0,6.389736497174227e-07,0
3.1289961822605,21.0721651262595,0.157544988615639,1.0739009593078,15.6442554833785,1.82660551499108,5.76606914472221,1436.34325339535,177.915372304526,1749.53449644026,485.349343392767,99.8085867833909,3168.82840217708,88390.5277525398,13.9409110523964,3467.7533367042197,3826.013856809516,0,0,6.350453680714145e-07,0
3.17234889237473,20.9521612730976,0.15614795697716,1.01978308908163,15.620611715699,1.73883162375121,5.77880989347129,1431.651347268,174.822735502293,1744.6020431406,480.634044215731,99.4403821044984,3155.38022146165,88655.4261474613,13.9431018001633,3471.0529554128225,3819.0890863167056,0,0,6.312492190845614e-07,0
3.21387869234009,20.8214967593564,0.154830460966491,0.968843273171934,15.5819572465157,1.65696564111084,5.79180826627885,1427.98256571062,171.874901185563,1740.92360124193,476.328288219111,99.1441640589846,3144.24900600799,88896.1531728348,13.9453359749383,3474.4356209466796,3812.006289752086,0,0,6.279698922227362e-07,0
3.25294288651498,20.6886418277432,0.153588772491645,0.921241810919805,15.5330963840895,1.58102745178553,5.80476800253073,1425.23281507835,169.090254793743,1738.38803168117,472.405143372494,98.913769564269,3135.24857614386,89116.5256293772,13.9476132827661,3477.9505731054196,3804.901418082962,0,0,6.251217913782056e-07,0
3.29044404074142,20.5587924333171,0.152375902941437,0.876004198728149,15.4750477453456,1.51098226964119,5.81762230618988,1422.89753779101,166.406858025429,1736.3766362552,468.691359865265,98.7140300690175,3127.26073432949,89350.3923635125,13.9499336041155,3482.1876912981757,3797.9481836865175,0,0,6.225089264526468e-07,0
3.32868101806574,20.4388857119795,0.151119121443297,0.829652795582942,15.4068237304809,1.44553948060815,5.83059134513667,1420.62340315961,163.741823209755,1734.44510999674,465.054419803864,98.5194280808672,3119.45532299672,89648.8769415556,13.9522969240124,3488.310331386813,3791.1869832967955,0,0,6.199767434910245e-07,0
3.3708610580694,20.335794634653,0.149753157286768,0.778957991876756,15.3260109562451,1.38211772633406,5.84416442731875,1418.09580614071,161.010421408564,1732.19551736128,461.374274388809,98.3068379294519,3111.08128407457,90026.4671720826,13.954702969947,3496.485396753717,3784.635063364733,0,0,6.173863530811695e-07,0
3.41888063278343,20.2516156742005,0.148260108844743,0.723890925357632,15.2296097527634,1.3180790802547,5.85888625302557,1415.06543318901,158.162705315637,1729.31388140587,457.560315740025,98.0579854096372,3101.56033158378,90486.994471219,13.9571513678141,3506.636707060551,3778.2314199539524,0,0,6.14634429111402e-07,0
3.47108006606413,20.1823510704172,0.146673708847947,0.669037628544228,15.1147734826415,1.25221443902927,5.87510262852785,1411.35485969096,155.186706191114,1725.57340933752,453.554704808359,97.7600198486368,3090.49971676014,91067.1786651737,13.9596419093005,3519.664091467209,3771.8858937939654,0,0,6.11614413159059e-07,0
3.52086516921148,20.118737426685,0.145054367031279,0.623460829173096,14.978486568543,1.18647972738796,5.89272404248251,1406.7837602005,152.085285163145,1720.73308291997,449.302822430997,97.4001697085369,3077.50482069473,91798.772724552,13.9621743080333,3536.3268684668697,3765.619369998671,0,0,6.082356131972529e-07,0
3.55965382624703,20.05012131834,0.143460709470287,0.594807252035067,14.8172799229506,1.12600888705773,5.91123236340112,1401.2093907055,148.866578939806,1714.59361689789,444.763827645324,96.9688361635849,3062.26190975406,92689.3960252193,13.964748091947,3556.7361683433774,3759.4686482149978,0,0,6.044676180016222e-07,0
3.5804723195802,19.968552224987,0.142004628428398,0.586396425777401,14.6267749160905,1.07565253853097,5.93020832793953,1394.47490691144,145.53626024188,1706.94678485766,439.898313956992,96.4559119698758,3044.43717019978,93978.8172443261,13.9673637935225,3587.4847511861435,3753.4576679137485,0,0,6.002494363918641e-07,0
3.57792025940374,19.8711332972757,0.140922964411977,0.603942755636077,14.3984906807063,1.03899597439264,5.94969814486427,1385.95847464805,142.077642382531,1697.02922222228,434.538506496674,95.8197385925417,3022.72544346944,95775.017333463,13.9700209578678,3631.1853504631717,3747.6920390697155,0,0,5.952870391537817e-07,0
3.54749621485589,19.763648415533,0.14043879016061,0.661204639577515,14.1228631524243,1.02238152876953,5.96948044931771,1374.74370681074,138.496524631308,1683.73883471871,428.46061464649,95.0003125178487,2995.26206185163,97540.1674018391,13.9727167658144,3672.235596487556,3742.2797151444015,0,0,5.891970125539911e-07,0
3.48828613984712,19.6594649699828,0.140595515910112,0.769187985456282,13.8028589959212,1.03270024834052,5.98847582815981,1361.17979541483,134.917960877459,1667.53845865583,421.846935445452,94.0261456701003,2962.95496220409,99074.309216221,13.9754503935877,3705.34639189555,3737.2831618398172,0,0,5.821752702326648e-07,0
3.40634486599515,19.5728249500816,0.141691368709118,0.931841584846667,13.4549680127999,1.06949639124498,6.00575175711338,1347.04852713531,131.541068153902,1650.63654642847,415.289846082279,93.0222383610616,2929.74848863032,100561.972279618,13.9782222698241,3736.9285836300537,3732.738254456502,0,0,5.739827565820997e-07,0
3.30348820743247,19.5205373404821,0.145698657423125,1.1752473914055,13.0965108950789,1.12661073858274,6.02124964803917,1332.77775075724,128.422456525807,1633.53973607358,408.99225355009,92.0162140382292,2896.60926283204,102194.723895181,13.9810325864758,3772.657706873129,3728.6379467693005,0,0,5.571098362505063e-07,0
3.17454953926284,19.5291222490201,0.156646249119536,1.5760627203152,12.7392773291239,1.20078905061596,6.03518263807687,1317.12906333183,125.530532223179,1614.656413255,402.776410576373,90.9182255650926,2860.96252518845,103665.765307058,13.9838802349164,3803.17620237477,3724.9331043873285,0,0,5.278703235927469e-07,0
0.0379870015093442,19.6200757548486,0.277923214120644,2.37702482683515,12.481898836485,1.03526461844913,6.07822074574618,1299.7940575181,122.918718965216,1593.48086068518,397.003667689332,89.6722316876208,2822.3276532746,104859.104302723,13.9867646898749,3825.1267506826184,3721.5542804930083,0,0,4.957413287537701e-07,0
2.6672731337884297e-11,19.8165976677053,2.20172106205885,4.08760515073312,12.491266110068,0.0488826564585239,6.22332868089923,1291.53290382138,121.659342530553,1582.57605115644,396.564312426813,88.9487876765686,2804.44230216645,115586.493889415,13.9896788656443,4120.942431376875,3718.414951178176,2,1,3.1218397076961946e-06,1
9.95359542228859e-12,20.0932397275353,8.05303834952397,5.46634078502644,11.9994033573226,0.0006940363330771,6.26301946811936,1298.5012282968,122.149113963361,1590.35102393976,397.684133175236,89.3390831115409,2818.06680849678,117777.536793297,13.9926392118232,4187.372228260199,3715.493046978285,2,1,3.269369606298178e-06,1
4.90559826111218e-13,20.4192802616575,14.6748418193691,6.86405504489371,11.5293389748914,5.05125299607325e-05,6.29166926364401,1296.91054447432,123.05548673932,1587.69250136175,395.057058546482,89.1417004650903,2813.40196599204,119723.664669807,13.9956351225566,4240.878673887486,3712.859446130015,3,3,3.3693520298307113e-06,4
3.6983252695743e-15,20.7816086679338,20.9253554984496,8.38380391530264,11.0112737289178,3.15108899438561e-05,6.32347940460375,1285.56034259622,124.691077839413,1572.97206842623,389.819197971906,88.2556696879235,2788.90497702762,121341.89343677,13.9986661786622,4278.8790197880635,3710.598106802083,3,4,3.4163148929954742e-06,4
5.74662268186554e-18,21.1728150352973,26.4757274217873,9.97457855286951,10.4722314442441,2.13493487658606e-05,6.3574420440591,1270.99805761219,127.365326458506,1554.20996561469,384.357621662316,87.1315224489716,2758.78595614834,122000.548151864,14.0017311233752,4288.264035497637,3708.7925622914686,3,4,3.443290828123595e-06,4
-1.61472380441181e-17,21.5732462495834,31.3527264830431,11.5079778728707,9.96903415324252,1.1494471082546e-05,6.38950813707082,1258.84291303461,130.980512592929,1538.3265556849,380.168514965301,86.1639038952732,2734.67720991468,121340.120033095,14.0048290350913,4262.630642382188,3707.3564458595465,3,4,3.467742877416281e-06,4
-4.00133902584034e-17,21.9544676616584,35.5496992215091,12.8416095556216,9.53849328509178,4.40349395157755e-06,6.41701021882645,1252.96101555412,135.359842869113,1530.07889651121,378.111312105437,85.6271609347866,2724.39651289474,120401.484557052,14.0079610362542,4233.561831035988,3706.1173062113344,3,4,3.49567733534373e-06,4
-3.09977410431633e-17,22.3031420384233,39.1033438748483,13.9290386381361,9.18024504908873,1.15332019462272e-06,6.43993192752196,1253.47100433906,140.357409418514,1529.60846921035,378.012507712325,85.5318650214486,2727.95638150183,119413.533195643,14.0111270577658,4207.438561865472,3704.9325570929864,3,4,3.524671651834124e-06,4
-2.0700308318490002e-17,22.6196549369137,42.1322030045586,14.8066021713621,8.8769522902927,2.53722407351499e-07,6.4594810805552,1258.36449804251,145.830307597596,1534.45648105862,379.168736652159,85.7385979126842,2740.97940974761,117950.124695494,14.0143257814745,4170.91538705767,3703.5810149301287,3,4,3.550266961747393e-06,4
-1.53037415619919e-17,22.896821302497,44.7921948730427,15.5127352384043,8.61905962849593,5.61052191826935e-08,6.47638180992485,1266.64437282637,151.547350025489,1543.43623624435,381.259203001747,86.1792980689206,2761.22088478669,115794.025970618,14.0175559425393,4117.206436425738,3701.8829777595215,3,4,3.5712695498256606e-06,4
-1.30487005565963e-17,23.1154274140285,47.2521249031958,16.0638398259201,8.4058405968583,1.28275709872034e-08,6.49073312917246,1278.69290122552,157.200171833531,1557.06860998402,384.426203585601,86.8829920813405,2789.31725979977,113605.0082042,14.0208181107374,4065.055093223992,3699.8851502010543,3,4,3.58872380447885e-06,4
-1.1859550949650101e-17,23.2678460299306,49.6379076720143,16.4805419398229,8.23161839392171,3.1085435401296504e-09,6.50287500277607,1294.18792257265,162.60782428089,1574.9802800829,388.607935991636,87.8283110005258,2824.49836758476,111546.010348803,14.0241121581485,4018.8200036695166,3697.6692796752027,3,4,3.602150574645675e-06,4
-1.0816861877767101e-17,23.3633818972873,52.0081388327876,16.7925918975501,8.08466844296928,8.12317396560858e-10,6.51349523567349,1311.77090369236,167.747488574036,1595.49407717598,393.41818439361,88.9203334398051,2863.89920007335,109954.246853535,14.0274388167385,3987.057690065974,3695.430086019494,3,4,3.6099855864204894e-06,4
-9.737020910428501e-18,23.4158468020267,54.3585694016039,17.0296927818551,7.95000399125511,2.31021001211911e-10,6.52347303400466,1329.46635469005,172.595524822306,1616.16432558314,398.270761530239,90.0215779184142,2903.34040042185,109066.587248734,14.0307990298224,3975.089049120661,3693.4137774997944,3,4,3.610658143340711e-06,4
-8.6751224393609e-18,23.4336949572437,56.6316649492874,17.211991991122,7.81256022280477,7.08137582638138e-11,6.5336866799922,1345.07550087648,176.982539827957,1634.28022251871,402.506586048261,90.9811628093654,2938.07108342055,108422.829091531,14.0341911016513,3968.5027472816846,3691.6478871171425,3,4,3.603516781564558e-06,4
0.806300860744787,23.4389210438305,38.1119107956382,17.5255963922928,7.78439367937536,0.300866053016696,6.53275248803015,1349.4272311209,179.685644743581,1639.33238434523,418.048885254688,91.2527233934398,2957.48360593143,98669.3226708798,14.0376263019898,3704.1185084747904,3690.1080396425264,0,2,1.0023271541390796e-06,0
1.11541618811543,23.4512853055325,16.4354564322906,17.7431518887912,7.73170351865021,0.81456359009564,6.50759287314863,1339.04219884199,181.227780733879,1626.54553592463,431.01512148432,90.561313419809,2946.47990972346,98059.4963825995,14.0410794122152,3687.0881308626513,3688.665468879089,0,0,9.131851113790025e-07,0
1.34969140953516,23.4392247240536,3.96810915862899,17.8112625826334,7.73897048807222,1.10200593829374,6.4912391781617,1329.90707905015,182.531023124363,1615.23663141657,437.15094569703,89.9314169335072,2933.52408944387,97219.7495701068,14.0445610359714,3661.6814627562376,3687.013129412655,0,0,8.15898281346058e-07,0
1.80698300493576,23.3927264727926,1.26891234753087,17.4070374127246,7.84218734411725,1.39336194340686,6.44579805131689,1327.80614928764,183.852170940799,1612.749564153,437.261429147093,89.808831600011,2930.65068841176,96424.4473222592,14.0480717165484,3639.282493417794,3685.1169753636073,0,0,7.395166401067353e-07,0
2.06989186700389,23.3197966488154,0.683702575045723,16.8001901414196,8.08124961349774,1.63261424256498,6.39303317397086,1331.24454357913,185.146868299661,1617.29905835413,437.683179671342,90.0919395331958,2938.80646838912,95753.5754591829,14.0516114293448,3623.715505981022,3683.067279557808,0,0,6.954798159211942e-07,0
2.23635934674488,23.2307722803769,0.416298102072834,16.1357609589505,8.39993448210281,1.81372285626897,6.34205382347271,1337.34299751806,186.335940327635,1625.31686737244,439.100972393465,90.575390485567,2952.78222867242,95151.0145089496,14.0551795102971,3612.028932127174,3681.049543660301,0,0,6.70801296027139e-07,0
2.33324825859495,23.1362437709343,0.285851289092741,15.4721333786466,8.73691651494215,1.95835778479173,6.29480693505769,1344.19576114115,187.380849153204,1634.38825384066,440.862099778197,91.1209796918089,2968.42713191079,94553.9695207877,14.0587751616965,3601.096712539375,3679.2727325389155,0,0,6.541020285951072e-07,0
2.37914462492516,23.0511440342092,0.227773700667172,14.8251377949211,9.05824122197182,2.08395511733311,6.25153171410445,1351.12854648285,188.300532452917,1643.59609613964,442.589846776175,91.6750751066093,2984.14870026922,94016.6162499426,14.0623982004451,3591.8754305982893,3677.7494078259647,0,0,6.413933150247295e-07,0
2.39300247330791,22.9885158900815,0.205479462615019,14.1896196706555,9.35466723915483,2.19917516859264,6.21179488151175,1358.05335488597,189.127456094907,1652.76601087235,444.17713591113,92.2266108645355,2999.67390196063,93547.4249078001,14.0660482497243,3584.4847769903145,3676.443029127444,0,0,6.401415410334038e-07,0
2.39317839171107,22.9523742645053,0.195646336636593,13.5598178323562,9.63168992845179,2.30362807484359,6.17529658895962,1364.80511651667,189.853871775614,1661.67297704043,445.563171021116,92.7628177448983,3014.62233327067,93287.0495937973,14.069725811221,3582.7565616126935,3675.3470489432843,0,0,6.558639794949704e-07,0
2.39051506015993,22.9367245724434,0.189731261624086,12.938998790847,9.89246409046639,2.39619690780266,6.14188124458765,1370.09518737412,190.335528943165,1668.76087115817,446.329522320247,93.1965480432423,3026.18717127029,93378.9149897583,14.0734315142199,3589.8413570693556,3674.509592885277,0,0,6.778899218897868e-07,0
2.39178056693128,22.9273263560367,0.185384610924899,12.3398913386246,10.1317824941422,2.47958932357617,6.1113406097774,1372.57521002056,190.43113706025,1672.43253109199,446.0236162098,93.4378559494061,3031.45902378055,93585.8364868618,14.0771633654205,3598.1441756996014,3673.9551381250735,0,0,6.945554769444289e-07,0
2.39912076552273,22.9104088932065,0.181918458670825,11.7752118681623,10.3440061510653,2.55815807186943,6.08330192779176,1372.19156749184,190.137965550218,1672.67257677561,444.615365794543,93.4852758892869,3030.36239644986,93809.5868889015,14.0809201448778,3604.8791202908087,3673.6801521460984,0,0,7.028859411397525e-07,0
2.41165661501594,22.8801921115592,0.179064927474487,11.2497034967592,10.5290163002258,2.63583076507508,6.05718419209507,1369.95578360578,189.558146498505,1670.73867676921,442.429349153706,93.4090560546267,3025.12415386459,93876.1828338639,14.0847002143643,3605.8562560251307,3673.557491084257,0,0,7.051029255976436e-07,0
2.42656151314302,22.8367711277213,0.176715203107832,10.763437100401,10.6940700349654,2.7149936775076,6.03224832084779,1367.4969719534,188.840160298841,1668.61617191099,440.007868729687,93.3209485210024,3019.29302110755,93688.4191234903,14.088502393754,3599.4685549841597,3673.3889739653223,0,0,7.049342910382575e-07,0
2.43914269572346,22.7783798259472,0.174728932159827,10.3214200110932,10.8516886492335,2.79347497074793,6.00814299835189,1366.17261823033,188.07959836427,1667.94624052517,437.84101035061,93.313905191596,3015.81586832394,93605.1057572729,14.0923284535806,3596.7777522619285,3673.1769638514875,0,0,7.042528529220408e-07,0
2.44762568809263,22.6975151207517,0.172932494309817,9.93033435632941,11.0089942931693,2.86703586628992,5.9851097888705,1365.9021858601,187.238037998144,1668.61329083217,435.96377455214,93.3820589313928,3014.51502139041,93759.748355919,14.0961788859462,3601.508905455316,3672.995384540038,0,0,7.035596027248948e-07,0
2.45393055536643,22.5833569169894,0.171329204082698,9.59143419545,11.1635338914136,2.93304019323388,5.96366942953664,1365.58339723212,186.213033372659,1669.25842288078,434.06450372944,93.4491184861089,3013.00639824255,94097.8604247384,14.1000528190133,3611.37739862639,3672.9590277587017,0,0,7.027877959356965e-07,0
2.46096307711435,22.4311777927511,0.1701068379861,9.30567259855991,11.3108680398354,2.98935044529084,5.94439697117216,1364.20903749383,184.957109714551,1668.62778990384,431.865434151851,93.4440503136114,3009.13819167639,94446.6465706623,14.1039485536728,3620.8276643102527,3673.1748893957024,0,0,7.014969746645375e-07,0
2.46940993539365,22.253475677009,0.169366100642841,9.08468314149182,11.4536869823463,3.03102090684597,5.92794294571469,1361.6596326926,183.569550997368,1666.51816784704,429.407948627629,93.3542130852667,3002.72550540561,94780.6849545741,14.107865369481,3629.0830173831587,3673.6390347881957,0,0,6.995755029773636e-07,0
2.47791725732914,22.0710232902826,0.169100789889727,8.94260871924012,11.5992723117987,3.05293116098733,5.9147323590765,1358.45845698405,182.215549853917,1663.50883305825,426.941927551049,93.2110156602088,2994.98500661154,95102.9382785928,14.1118027660159,3636.6151908105694,3674.314241675869,0,0,6.97161518060725e-07,0
2.48310579288097,21.8965585347817,0.169349443293829,8.88639602439416,11.751442122795,3.05136801965397,5.90510224227586,1355.13258020979,181.012920710887,1660.21722051301,424.679483336836,93.0484798956933,2987.1147737815,95873.1998426789,14.1157628417513,3656.7879423014138,3675.2248366290837,0,0,6.94342196194425e-07,0
2.48271246792115,21.7296986321568,0.170174172074637,8.92562005652087,11.9001139713261,3.02294522720586,5.90004867040855,1351.09822335144,179.962419360625,1655.91311995195,422.430624906127,92.8249025982594,2977.86781998585,97592.348926635,14.1197471749595,3703.3493887730647,3676.468138088438,0,0,6.910299525761047e-07,0
2.48286696321284,21.5626318532069,0.171581149753509,9.07653020444955,12.0163185307124,2.97129690778917,5.90055592981486,1344.00343552237,178.90736431042,1647.67650057853,419.377663581904,92.3758122816136,2962.09202066116,99616.218810243,14.1237509130712,3756.448421739624,3678.0604519391622,0,0,6.861908071833068e-07,0
2.48997636758371,21.3891043892713,0.173739817988152,9.34624077501491,12.0743948466891,2.90508076719203,5.90666023121393,1332.27280681846,177.733921341527,1633.53806862507,414.918205284002,91.590839429368,2936.28465078908,101688.000390009,14.1277721670565,3807.680489260821,3679.986564096147,0,0,6.783776438910673e-07,0
2.50427059588271,21.2078580583861,0.176865231242402,9.72568508331812,12.0690470662894,2.82850917851359,5.91792784300598,1316.28429644169,176.46404580163,1613.95111435297,409.114610810536,90.4958494166065,2901.21496346989,103948.805222248,14.1318109943767,3861.264679577737,3682.229361254483,0,0,6.611883483519613e-07,0
2.52530266327272,21.0292512260514,0.180672601491097,10.1844115734284,12.0043921191233,2.74222015141514,5.93396962409205,1296.48562109817,175.079352136613,1589.46883691378,402.103964310531,89.1219068072168,2857.81383771587,106421.62514873,14.1358669064791,3918.1557112666733,3684.731212685658,0,0,6.279459556754591e-07,0
2.55533975807149,20.8846030512719,0.18451616119597,10.6589885024769,11.8818347958708,2.65120437849312,5.95391365635338,1273.26814971608,173.50861518161,1560.58183858624,393.984269877268,87.4967748265073,2806.84741523837,108731.298840441,14.1399384735003,3967.9969934756964,3687.4139583570727,0,0,5.87690570625491e-07,0
2.59457959481266,20.8060573321051,0.188028574169301,11.0874490008026,11.7069823990482,2.56314068042763,5.97625860296042,1247.76933742178,171.731277891597,1528.71655049265,385.075741358811,85.7016505585308,2750.70434130064,110757.97004213,14.1440252069495,4008.163914342357,3690.204945034073,0,0,5.510055872904968e-07,0
2.64158568427179,20.8029573521156,0.190781269509531,11.4423156368329,11.4957649191558,2.48498445990551,5.99907098090938,1222.00196917226,169.859421237503,1496.39812428008,376.000905541747,83.8802092168899,2693.75718697989,112019.395996467,14.1481259255624,4026.4152549945043,3693.051365824414,0,0,5.220628262919445e-07,0
2.69172941856239,20.8547224873168,0.192547086229322,11.7193156142251,11.2760601192388,2.4222431839994,6.01998662388875,1198.83555701561,168.206998388888,1467.24530523299,367.678689597879,82.2378997450201,2642.39160276561,112310.32879187,14.1522400024716,4018.980961484866,3695.9598405626534,0,0,5.017424071659207e-07,0
2.73571334873876,20.9179888416967,0.193742887093609,11.9245997696831,11.077919945324,2.37530379982414,6.03728323960388,1180.74172737731,167.187200155432,1444.41499863261,360.929083323909,80.9534427236571,2602.26952065554,112282.286630307,14.156368246164,4006.1081346167853,3698.9074101688525,0,0,4.878841017093464e-07,0
2.76897338500343,20.9616250533198,0.194649047656431,12.0668977301274,10.9148180284969,2.34180337193596,6.05058140803694,1168.12800518566,166.974313264756,1428.46836674575,355.914033591083,80.0585064875919,2574.45873838451,112067.31417277,14.160510388284,3991.8763748232896,3701.8410180209553,0,0,4.778201150068025e-07,0
2.79332244288152,20.9808944074052,0.195218060619938,12.1496025593765,10.7862033505001,2.32118851713634,6.06000395371578,1160.09110898859,167.455847143932,1418.28046456795,352.34424135996,79.4897861373741,2556.9528664503,111485.94231438,14.1646655086382,3970.5560648545093,3704.586401504493,0,0,4.705618530707989e-07,0
2.81114231824357,20.9796506861441,0.195307814114087,12.1753699313629,10.6916692528102,2.31441760170625,6.06540807043542,1155.98645344243,168.386536101706,1412.99801146288,349.981694051944,79.2003350916293,2548.1303431297,110483.955753659,14.1688328596319,3940.0861149151683,3706.940243835537,0,0,4.6587949095056503e-07,0
2.82162147124642,20.9546694211301,0.194854064306368,12.1556008435193,10.6345675915851,2.32101483319745,6.0666306228915,1155.70591887895,169.493674863375,1412.39954688083,348.753401485463,79.1798414537949,2547.45288084136,109400.000039463,14.173012507789,3909.889884949942,3708.9405720178306,0,0,4.636126920394554e-07,0
2.82441125871039,20.9010258682764,0.193879511717769,12.1033512575398,10.6147086773705,2.33908472877896,6.06393305791534,1158.83212658065,170.591069043436,1415.91562007677,348.508505419905,79.397460013822,2553.83625457588,108342.4240119,14.1772041320121,3882.6940048417164,3710.6829486349325,0,0,4.633200468737277e-07,0
2.82094894140013,20.8192997108702,0.192504671891319,12.0250584850031,10.6268636165136,2.36670894682694,6.05789663122643,1164.48332450871,171.61141876599,1422.46539015712,348.972663854066,79.7918621950538,2565.37463438163,107340.273073351,14.1814072581994,3858.7125721616653,3712.3350880196344,0,0,4.6436046003240334e-07,0
2.81316007584479,20.719571953374,0.190887687243769,11.9183677193385,10.6640432525059,2.40228925055778,6.04917134041166,1171.72804927516,172.565349475491,1430.95375840457,349.866772527751,80.299680477746,2580.16578681794,106428.376798033,14.1856214428686,3838.326130727095,3714.1192711628664,0,0,4.6614020473202346e-07,0
2.80263650127772,20.6213300892522,0.189238016033121,11.7737510050804,10.7193025811078,2.44442474424974,6.03837565600539,1179.79007141776,173.49373367219,1440.50253157309,350.961768284387,80.8690924106377,2596.68250232101,105658.236058972,14.1898463131448,3822.5117852820763,3716.091349932544,0,0,4.6821041409661576e-07,0
2.79075390830773,20.5379946771075,0.187712999347294,11.5875314496533,10.7861266220054,2.49146820886155,6.02614489891129,1188.03281158113,174.410199088905,1450.37757815401,352.072368219621,81.4571305665698,2613.64598586536,105046.065586988,14.194081419017,3811.325978412002,3718.2508162879767,0,0,4.702403536743259e-07,0
2.77986101163619,20.4682250168509,0.186293429319732,11.3652069261885,10.8593466162724,2.54271585110659,6.01291109530641,1195.99834685126,175.283367456061,1460.0194902097,353.066874204738,82.0321012078469,2630.07749802611,104323.618744652,14.198325423213,3796.842780389991,3720.517143860044,0,0,4.720125241663618e-07,0
2.77144953844259,20.3952890844292,0.184859269528475,11.1071469109999,10.9393876977479,2.5991161737615,5.99853946537777,1203.821539965,176.081655312016,1469.59665115085,353.990406320462,82.6038545840019,2646.24220821956,103280.801566003,14.2025769888942,3773.181162792252,3722.760004492826,0,0,4.735823421373061e-07,0
2.76302838790668,20.290081191188,0.18334582403468,10.801965214091,11.0325932044453,2.66048862398663,5.98269341830174,1212.2523272272,176.80985290875,1480.06209882927,355.072934924718,83.2257454607147,2663.75115264443,102269.306219685,14.2068365757233,3750.8519825009907,3724.961447268275,0,0,4.752750741481532e-07,0
2.75270562333054,20.1321312509393,0.181721624019761,10.4432709262869,11.1418148194725,2.72530105017763,5.96542396910264,1221.6480894102,177.468000856424,1491.87607590914,356.422527465923,83.9231118525818,2683.37485530584,101371.864691073,14.2111039696708,3732.4597693500236,3727.1346217637038,0,0,4.772541558500825e-07,0
2.74104257750902,19.9217540600144,0.180000581485882,10.0380202702356,11.2636712405874,2.7922909608504,5.94711038732431,1231.68511051976,178.030502123434,1504.62644643603,357.938453314147,84.6726841546641,2704.39847865231,100555.731312415,14.2153785483376,3716.8447309159337,3729.3114645292553,0,0,4.793949054092036e-07,0
2.7294196543636,19.6787686457239,0.178211993537134,9.59962271737714,11.3930226787637,2.86081825058643,5.92814554460539,1241.88821242101,178.474140454426,1517.6840105948,359.470436922352,85.4398077519336,2725.75977824391,99787.0158718658,14.2196596441346,3702.6959412306105,3731.5391491507544,0,0,4.815024792175563e-07,0
2.71867673182138,19.4370374359664,0.176396849592473,9.14055572548451,11.5261194386944,2.93059812059192,5.90878318980611,1251.97900473562,178.795404407987,1530.64080518298,360.922471986136,86.2030798128618,2746.80279434291,99083.6861476667,14.2239467952802,3690.30285730078,3733.8260511015615,0,0,4.834593315465054e-07,0
